idx,rank,pair_id,category,dhs,q,point,iou,dice,cnr
0,0,ccf54bcd24e260a2,alveolar pattern,off,0.1237226437436954,1.0,0.5720683786771869,0.7253613867200172,2.607997345215697
0,0,ccf54bcd24e260a2,alveolar pattern,on,0.1237226437436954,1.0,0.5114673785085164,0.6767675147671613,3.2193706624242258
1,6,985884ef56fc1bd4,alveolar pattern,off,0.1603194791651438,0.0,0.1149218830437827,0.2060259766843526,1.8830554278629648
1,6,985884ef56fc1bd4,alveolar pattern,on,0.1603194791651438,0.0,0.0987346350621442,0.1797178649555102,2.501874604629362
2,9,199e69ccc49be76d,alveolar pattern,off,0.1410123337670375,1.0,0.3311617499896991,0.4958294608405794,2.1414605136747964
2,9,199e69ccc49be76d,alveolar pattern,on,0.1410123337670375,1.0,0.2206202680673027,0.3614827138246562,2.1455913062775576
3,33,77dd50b9c0471bf0,alveolar pattern,off,0.1952107363712117,1.0,0.2100492645076633,0.3467829819655798,1.0568789539952117
3,33,77dd50b9c0471bf0,alveolar pattern,on,0.1952107363712117,1.0,0.2070035376485572,0.34300193764971,0.6248912008323165
4,48,a5ac519ee9edeeb2,alveolar pattern,off,0.1200483409597045,1.0,0.4785410481163249,0.6460003363393041,2.1630737531059925
4,48,a5ac519ee9edeeb2,alveolar pattern,on,0.1200483409597045,1.0,0.3762793704938971,0.5468023592408583,2.099695323213735
5,72,cac35f19b4896262,alveolar pattern,off,0.1415142610704209,1.0,0.3702665728440279,0.5395254908322438,2.2691236587423744
5,72,cac35f19b4896262,alveolar pattern,on,0.1415142610704209,1.0,0.2708109994027642,0.4261923876788082,2.548561426995584
6,83,a9c924550f7dbef7,alveolar pattern,off,0.1947283013902899,1.0,0.3647994702806639,0.5316853547781262,0.9766217033405548
6,83,a9c924550f7dbef7,alveolar pattern,on,0.1947283013902899,1.0,0.368541072856398,0.5385836287446669,0.6500528315515138
7,87,5edf23c8792c14b7,alveolar pattern,off,0.1248337061240004,1.0,0.5661325570941619,0.720072100843544,2.6950749565883765
7,87,5edf23c8792c14b7,alveolar pattern,on,0.1248337061240004,1.0,0.513040561537625,0.6781469237796859,3.1343573673643736
8,93,a188981b3ed526e3,alveolar pattern,off,0.1814637759552456,1.0,0.3560619052065714,0.5211419589826243,1.1325051846641574
8,93,a188981b3ed526e3,alveolar pattern,on,0.1814637759552456,1.0,0.4341147310652628,0.6054099618737274,1.0212729819989157
9,103,64d9172437438868,alveolar pattern,off,0.1617034340599096,1.0,0.5087478687245015,0.6650732402628139,2.6978053620911893
9,103,64d9172437438868,alveolar pattern,on,0.1617034340599096,1.0,0.3582947755180485,0.527529516951166,2.947156447792096
10,108,c03eafa9870883f7,alveolar pattern,off,0.168900974128815,0.0,0.0297848106160578,0.0578080672545481,0.9382271323467622
10,108,c03eafa9870883f7,alveolar pattern,on,0.168900974128815,0.0,0.0270012075197627,0.0525808728112346,0.4585875986400116
11,112,9691f91b24d4dc49,alveolar pattern,off,0.1516746341534728,1.0,0.5941415976160382,0.7449035856578605,2.795134252222625
11,112,9691f91b24d4dc49,alveolar pattern,on,0.1516746341534728,1.0,0.5199890683657377,0.6841924781561904,3.396722058018909
12,126,25a454ef982d4a77,alveolar pattern,off,0.191682626005682,1.0,0.3308517183864472,0.4971901178889578,1.2795145146369586
12,126,25a454ef982d4a77,alveolar pattern,on,0.191682626005682,1.0,0.3274990574098407,0.4934075900357005,0.8063608224998333
13,130,d8c7f0175a1d0c69,alveolar pattern,off,0.1333372317978256,1.0,0.2704997057421425,0.4242991701603468,0.5469610845432477
13,130,d8c7f0175a1d0c69,alveolar pattern,on,0.1333372317978256,1.0,0.3500696482803712,0.518593985353929,0.7068638574675712
14,131,752612af200cd226,alveolar pattern,off,0.1281279086199923,1.0,0.5259859371302742,0.6885075704403695,3.255172848566388
14,131,752612af200cd226,alveolar pattern,on,0.1281279086199923,1.0,0.2953573956789698,0.4560145053627657,3.1732114366562847
15,136,aeef674719471a34,alveolar pattern,off,0.1358225029116656,0.0,0.234516887375302,0.3796360798614545,1.0612607987412137
15,136,aeef674719471a34,alveolar pattern,on,0.1358225029116656,0.0,0.248966577458716,0.3986757344482504,0.796905969861122
16,143,57097f629ce56b8d,alveolar pattern,off,0.143936182136261,0.0,0.016456669210979,0.0322921479584183,-0.6599868752670034
16,143,57097f629ce56b8d,alveolar pattern,on,0.143936182136261,0.0,0.0135727644823561,0.0267809649704169,-0.2837734382589035
17,153,461d3abdb0059029,alveolar pattern,off,0.1969065684253614,1.0,0.3209600406199802,0.4852030291787358,1.8069510300295728
17,153,461d3abdb0059029,alveolar pattern,on,0.1969065684253614,1.0,0.3416876436639101,0.5093393565803461,1.8418776888460493
18,193,5de02e6948fcbe29,alveolar pattern,off,0.1328255583332115,1.0,0.3950827926969357,0.5658314701354167,1.991160650510754
18,193,5de02e6948fcbe29,alveolar pattern,on,0.1328255583332115,1.0,0.3927667641606925,0.5639953756407156,2.77349226135804
19,199,fc755cbf55712051,alveolar pattern,off,0.1497059095848622,1.0,0.4238274122286595,0.5871297278684422,2.7552059642673448
19,199,fc755cbf55712051,alveolar pattern,on,0.1497059095848622,1.0,0.3249438462682849,0.4904799082346067,2.993536524157523
20,222,e91f227ed7575144,alveolar pattern,off,0.1844753397755459,0.0,0.2143951887659994,0.352983008354942,1.632452409869462
20,222,e91f227ed7575144,alveolar pattern,on,0.1844753397755459,0.0,0.2127584219311374,0.3508667015362595,1.4578125308568983
21,223,c7f14e4870b11bd2,alveolar pattern,off,0.1600076020057599,0.0,0.1610098174663556,0.2704139352066724,3.0856524207362463
21,223,c7f14e4870b11bd2,alveolar pattern,on,0.1600076020057599,0.0,0.063502552139091,0.119420043886276,2.433444615970229
22,253,69a583d5d50ece53,alveolar pattern,off,0.1452129292574887,1.0,0.3097809932254206,0.4705327328184626,1.5221331944023415
22,253,69a583d5d50ece53,alveolar pattern,on,0.1452129292574887,1.0,0.5092920151245144,0.6748710111415732,1.195263475192604
23,271,75c190c8e407a0ec,alveolar pattern,off,0.1947380475515206,1.0,0.3398781925934859,0.5056127503323854,1.0378438673698542
23,271,75c190c8e407a0ec,alveolar pattern,on,0.1947380475515206,1.0,0.3804561520553567,0.5512010622214791,0.7679003856022371
24,289,9ed96b8997b4891a,alveolar pattern,off,0.1293169402901432,1.0,0.721051291285647,0.835537132771772,3.6090043297672016
24,289,9ed96b8997b4891a,alveolar pattern,on,0.1293169402901432,1.0,0.3818533575683565,0.552651355094558,3.385804483047462
25,294,f8072c87034e48df,alveolar pattern,off,0.1505538256119371,1.0,0.2191686197364978,0.3587280033491632,0.5382636741390766
25,294,f8072c87034e48df,alveolar pattern,on,0.1505538256119371,1.0,0.2517350362166096,0.402217568643356,0.4772330195337715
26,314,dcaa609134e79162,alveolar pattern,off,0.1575661886174583,0.0,0.1014403357352481,0.1838504997761356,-0.6549914079755217
26,314,dcaa609134e79162,alveolar pattern,on,0.1575661886174583,0.0,0.0539057942041366,0.1022944626342007,-0.2426021568155046
27,327,1b2c63d308f7428c,alveolar pattern,off,0.1831108772032415,1.0,0.4213156737568818,0.5925291650760738,1.6085361620517336
27,327,1b2c63d308f7428c,alveolar pattern,on,0.1831108772032415,1.0,0.4258890500673483,0.5973659885833349,1.1921710630115416
28,339,1078017468e1d174,alveolar pattern,off,0.1910247601226067,1.0,0.2223216937536562,0.3612802076470222,0.7651372704136836
28,339,1078017468e1d174,alveolar pattern,on,0.1910247601226067,1.0,0.2596834701515414,0.412294936469111,0.426889835911785
29,381,d1daa857e59f76de,alveolar pattern,off,0.1560165489817698,1.0,0.2728611437908033,0.4279420936180925,1.504321912063788
29,381,d1daa857e59f76de,alveolar pattern,on,0.1560165489817698,1.0,0.3710718823216005,0.5412871826418781,1.2909725479018204
30,387,868a4f2cb7300cde,alveolar pattern,off,0.1451983100156426,1.0,0.433187056096509,0.6011469368734602,1.8395564545829493
30,387,868a4f2cb7300cde,alveolar pattern,on,0.1451983100156426,1.0,0.5822050627835216,0.7359372470059714,1.5440330666402795
31,400,59170f2348145e34,alveolar pattern,off,0.1708453332943487,1.0,0.2099377150759533,0.3399188226004543,1.4458075237760772
31,400,59170f2348145e34,alveolar pattern,on,0.1708453332943487,1.0,0.3626955114117559,0.5322870731970234,0.8134207567452537
32,410,dc378d8f41fb1f1e,alveolar pattern,off,0.2023595456339634,1.0,0.4460005084048087,0.6116468600776724,1.8268438002216367
32,410,dc378d8f41fb1f1e,alveolar pattern,on,0.2023595456339634,1.0,0.5311275074428479,0.6937724106808217,1.2958474143731158
33,426,e484f5f98f0c9752,alveolar pattern,off,0.1463581032021012,0.0,0.0641113014245674,0.1197957509826089,3.01133221302791
33,426,e484f5f98f0c9752,alveolar pattern,on,0.1463581032021012,0.0,0.0301897069982969,0.0586094874755732,2.532559519882487
34,436,d889554187fddacc,alveolar pattern,off,0.1354521487848973,1.0,0.4957248194923274,0.6533725291341044,2.374525548861706
34,436,d889554187fddacc,alveolar pattern,on,0.1354521487848973,1.0,0.682089286240466,0.8110009986720513,2.3266910524809914
35,447,0d5b377d638a93d1,alveolar pattern,off,0.2130267191010141,1.0,0.3270611698258506,0.4919815873613187,1.816503564724451
35,447,0d5b377d638a93d1,alveolar pattern,on,0.2130267191010141,1.0,0.3185243734950805,0.4831515668199799,1.5570100246585612
36,449,00fbfd1f9903998f,alveolar pattern,off,0.2161796022591601,1.0,0.5965091821933107,0.7425019622217304,1.658200503256964
36,449,00fbfd1f9903998f,alveolar pattern,on,0.2161796022591601,1.0,0.5651506588134876,0.7221551313374652,1.1974486127153063
37,473,a7ac899b88a10556,alveolar pattern,off,0.1212861034360091,1.0,0.2746725780320651,0.4306696310133479,0.1722746129236949
37,473,a7ac899b88a10556,alveolar pattern,on,0.1212861034360091,1.0,0.267203359714864,0.421715071351391,0.5318337830277927
38,492,1c234f354df67ab3,alveolar pattern,off,0.1484194163024038,1.0,0.51214680038216,0.6693291816399896,2.1986871990531016
38,492,1c234f354df67ab3,alveolar pattern,on,0.1484194163024038,1.0,0.687762300009062,0.8149990008965139,1.872843215171048
39,14,17ef4f68c1c49a9f,aortic elongation,off,0.1675852423626644,1.0,0.5841452446893978,0.735129772436054,2.638828586352563
39,14,17ef4f68c1c49a9f,aortic elongation,on,0.1675852423626644,1.0,0.5239975639369413,0.6876510783010198,3.0386033973093345
40,22,fa3a19af60c0eaf1,aortic elongation,off,0.1555292409202325,1.0,0.5699356201157233,0.7239727739413846,2.384981656409243
40,22,fa3a19af60c0eaf1,aortic elongation,on,0.1555292409202325,1.0,0.6495373676126649,0.7875388162381498,2.51952324597664
41,24,bfd5f6656b4678c1,aortic elongation,off,0.1301356178335258,0.0,0.1994609592102466,0.3322217996450589,1.1581492551798829
41,24,bfd5f6656b4678c1,aortic elongation,on,0.1301356178335258,0.0,0.1867647230217365,0.3147172246825294,0.7474005562540468
42,28,5f2f0b4c28987688,aortic elongation,off,0.1674146845411263,1.0,0.4151660165248419,0.5855561312174764,1.4223592903074738
42,28,5f2f0b4c28987688,aortic elongation,on,0.1674146845411263,1.0,0.4467448620118032,0.617584602111495,1.2368662221997035
43,31,e9625bd203f53a48,aortic elongation,off,0.1590817166888392,1.0,0.610768422306925,0.7543445752489237,2.3214269407537187
43,31,e9625bd203f53a48,aortic elongation,on,0.1590817166888392,1.0,0.7134213054044455,0.8327447468640914,2.239368078950856
44,36,4da28936d6e2bece,aortic elongation,off,0.1730674580549586,1.0,0.5489801958387194,0.7083274270483887,2.173150823866255
44,36,4da28936d6e2bece,aortic elongation,on,0.1730674580549586,1.0,0.5304018738009283,0.6931520206282242,1.831624716556723
45,41,19deb763c708d285,aortic elongation,off,0.1599734904414523,1.0,0.5283512889052847,0.6873699439981209,1.9342300724188908
45,41,19deb763c708d285,aortic elongation,on,0.1599734904414523,1.0,0.6343820352169953,0.7762948439866104,1.4614748617735644
46,45,d40c7f5259a24598,aortic elongation,off,0.1564794916402302,1.0,0.7016126771464165,0.8232012263436955,2.7095450463419555
46,45,d40c7f5259a24598,aortic elongation,on,0.1564794916402302,1.0,0.6882752990649389,0.8153493892250345,3.088863842908528
47,54,cada1a2e8b3c3ab9,aortic elongation,off,0.1897139014370714,1.0,0.325966570668546,0.4864623233891142,2.188641142566567
47,54,cada1a2e8b3c3ab9,aortic elongation,on,0.1897139014370714,1.0,0.243976545692798,0.3922478413497444,2.255462124025202
48,59,3521c4cbb1034b4b,aortic elongation,off,0.1981248385792046,1.0,0.4869876630457188,0.652969778278564,2.1313957137111226
48,59,3521c4cbb1034b4b,aortic elongation,on,0.1981248385792046,1.0,0.4717694292981548,0.6410841559053128,2.5675453232669714
49,68,f48a6c960f0f31d0,aortic elongation,off,0.1547690403442344,1.0,0.5322049273808711,0.6943385653391468,2.1541566683988465
49,68,f48a6c960f0f31d0,aortic elongation,on,0.1547690403442344,1.0,0.4928913076311693,0.6603083542436275,2.1560802245307062
50,70,fed109739ed96c34,aortic elongation,off,0.1477518042580978,1.0,0.5606742715253469,0.7140919957255871,2.1011877779228665
50,70,fed109739ed96c34,aortic elongation,on,0.1477518042580978,1.0,0.6695801298422362,0.8020915893813315,1.898992584152651
51,79,2597d1512ec90441,aortic elongation,off,0.1402911178359623,1.0,0.4256200926569943,0.5925119104480209,1.6760765663006034
51,79,2597d1512ec90441,aortic elongation,on,0.1402911178359623,1.0,0.5413790779733761,0.7024595011697032,1.2996119268656794
52,88,6db8c4ef4b75554d,aortic elongation,off,0.1380884853978139,1.0,0.5847532724373958,0.7336766906727961,2.1325300368924016
52,88,6db8c4ef4b75554d,aortic elongation,on,0.1380884853978139,1.0,0.5980884871794301,0.7484437039922185,2.519984077272344
53,91,5ac36dced824d910,aortic elongation,off,0.1791977934690973,1.0,0.5671936774519004,0.7198471973914546,2.2341379008974083
53,91,5ac36dced824d910,aortic elongation,on,0.1791977934690973,1.0,0.5469573304636561,0.70703673470996,2.6013991018111247
54,97,46e2e197c942966c,aortic elongation,off,0.1512896607848583,1.0,0.5215389485494661,0.6845741276647695,1.942820778187383
54,97,46e2e197c942966c,aortic elongation,on,0.1512896607848583,1.0,0.5496611589862999,0.7093951666174713,1.6961058617765534
55,98,3957ad4026dfe112,aortic elongation,off,0.1636819047897509,0.0,0.067430143897101,0.1261349222169584,1.013991780875763
55,98,3957ad4026dfe112,aortic elongation,on,0.1636819047897509,0.0,0.0781560809304525,0.1449809716739173,0.7270175626117584
56,115,cbb83f9f17dd1c99,aortic elongation,off,0.1828574770112422,1.0,0.3280487888678208,0.4908731000257604,1.6339012521257998
56,115,cbb83f9f17dd1c99,aortic elongation,on,0.1828574770112422,1.0,0.4079439795204359,0.5794888716111356,1.818944295748716
57,116,e1a2f29ccc110db4,aortic elongation,off,0.1836420429903172,1.0,0.5770886749994588,0.7305809643879947,2.407736451046374
57,116,e1a2f29ccc110db4,aortic elongation,on,0.1836420429903172,1.0,0.5451008838323849,0.705579202529055,2.538018471393833
58,132,f22151af3b3f2366,aortic elongation,off,0.1559824374174622,1.0,0.3972149215869762,0.5674558615364618,2.549255495983209
58,132,f22151af3b3f2366,aortic elongation,on,0.1559824374174622,1.0,0.2518214331478579,0.4023216563310233,2.6355502472788
59,137,cb65c58a6b14ee41,aortic elongation,off,0.1633846468722132,1.0,0.4446810903118381,0.6117063327969094,1.7244594769781585
59,137,cb65c58a6b14ee41,aortic elongation,on,0.1633846468722132,1.0,0.5408994694733982,0.7020537177151175,1.1387500381640208
60,142,101df8794836549e,aortic elongation,off,0.1395845211467333,1.0,0.3927257480756946,0.5564666782351713,1.5996318910902734
60,142,101df8794836549e,aortic elongation,on,0.1395845211467333,1.0,0.4941129085331787,0.6614108654424697,1.712294806713386
61,157,f4b3f50031c9ec61,aortic elongation,off,0.1556997987417706,1.0,0.4128020422596229,0.5743689781919536,1.860943976809811
61,157,f4b3f50031c9ec61,aortic elongation,on,0.1556997987417706,1.0,0.6130752753314306,0.7601218608126146,1.4194968429119508
62,161,4410bb1d2b0ea17f,aortic elongation,off,0.1633602814691363,1.0,0.5582261479984237,0.7149130542407842,2.0383394551471703
62,161,4410bb1d2b0ea17f,aortic elongation,on,0.1633602814691363,1.0,0.6025178733126196,0.7519636785052123,1.691793772419749
63,165,2a152bea13130f22,aortic elongation,off,0.1667616917386664,1.0,0.4743976115638013,0.6429482231875886,1.491764281486079
63,165,2a152bea13130f22,aortic elongation,on,0.1667616917386664,1.0,0.4851539570838861,0.6533374594900444,1.1248813969769094
64,168,23b3ccfd2a0fe4eb,aortic elongation,off,0.1859957409275421,0.0,0.4750107388424629,0.640496782516783,2.351956128609479
64,168,23b3ccfd2a0fe4eb,aortic elongation,on,0.1859957409275421,0.0,0.3975945403919539,0.5689450600094546,2.7993456019857
65,175,e8136a56fee26510,aortic elongation,off,0.1761180065201818,1.0,0.247407805022675,0.3891221700768884,2.576842797966049
65,175,e8136a56fee26510,aortic elongation,on,0.1761180065201818,1.0,0.2062208230766281,0.3419194413294527,2.493747168240507
66,176,b287c43ee9bccb8b,aortic elongation,off,0.1721074611737302,1.0,0.64020196631078,0.7803056471294164,2.4164574752864927
66,176,b287c43ee9bccb8b,aortic elongation,on,0.1721074611737302,1.0,0.6521813008157304,0.7894782089327059,2.4715240499333992
67,180,eeb67d234026f6f9,aortic elongation,off,0.1661525566617448,1.0,0.3686143029299882,0.5378574744330246,1.4944141154965511
67,180,eeb67d234026f6f9,aortic elongation,on,0.1661525566617448,1.0,0.351764331938012,0.5204412316396029,1.260850088950299
68,186,0333891b0f71e1fb,aortic elongation,off,0.1567864957189987,1.0,0.5979385061838649,0.7479757607557085,2.434303153758108
68,186,0333891b0f71e1fb,aortic elongation,on,0.1567864957189987,1.0,0.5630623478245331,0.7204561209185002,2.504161779707717
69,216,f1e46cb81d878187,aortic elongation,off,0.1650220019589784,1.0,0.4655677306689162,0.6348615683499809,1.8452429122143457
69,216,f1e46cb81d878187,aortic elongation,on,0.1650220019589784,1.0,0.4324671233131416,0.6037993557430579,1.5561367877511585
70,221,36e3930c195b1c39,aortic elongation,off,0.1781403349755615,1.0,0.4833602518900953,0.648935801063333,2.1031652131047487
70,221,36e3930c195b1c39,aortic elongation,on,0.1781403349755615,1.0,0.4930465849437059,0.6604475651838151,2.253471867434316
71,233,63bb0a08676392f3,aortic elongation,off,0.1678727541189714,1.0,0.2906622049427727,0.4494239299055031,1.5755217786917732
71,233,63bb0a08676392f3,aortic elongation,on,0.1678727541189714,1.0,0.2648885674249382,0.4188307890111839,1.280124361670905
72,235,dd4addda66584aeb,aortic elongation,off,0.173661973890034,1.0,0.5734991199788076,0.7189204058196351,2.4968771248506774
72,235,dd4addda66584aeb,aortic elongation,on,0.173661973890034,1.0,0.7834990881831257,0.878602198718062,2.12261395905622
73,240,db2b48fcaeaef282,aortic elongation,off,0.164442105365749,1.0,0.6589814089845888,0.7927518652005117,2.330699066375145
73,240,db2b48fcaeaef282,aortic elongation,on,0.164442105365749,1.0,0.6451172011669967,0.7842479386943288,3.013828635952684
74,241,909d9eee17f7ddd7,aortic elongation,off,0.1615816070445253,1.0,0.3899645999618678,0.554238198758092,1.632553512251809
74,241,909d9eee17f7ddd7,aortic elongation,on,0.1615816070445253,1.0,0.5748613160956684,0.7300369907998057,1.233020609085878
75,248,4bd020cb73204921,aortic elongation,off,0.1583312622740718,1.0,0.5668124353636396,0.722830106357451,2.367257986702947
75,248,4bd020cb73204921,aortic elongation,on,0.1583312622740718,1.0,0.5259928961714986,0.68937490830219,2.200219364092757
76,250,fafc3cfe7014fa5d,aortic elongation,off,0.1482342392390197,1.0,0.4850252967630846,0.6513991198363137,1.6599641108604697
76,250,fafc3cfe7014fa5d,aortic elongation,on,0.1482342392390197,1.0,0.5008057998995515,0.6673794290822812,1.4045164049411254
77,254,841cbc366556046e,aortic elongation,off,0.150461237080245,1.0,0.6562792814038163,0.7863447810505638,2.53022341738161
77,254,841cbc366556046e,aortic elongation,on,0.150461237080245,1.0,0.7888780489474287,0.8819800952421085,3.551862898676246
78,255,0cc81d32d5350288,aortic elongation,off,0.1579170504217651,1.0,0.5911379906327285,0.7416177179045913,2.359556475945657
78,255,0cc81d32d5350288,aortic elongation,on,0.1579170504217651,1.0,0.5967366893708289,0.7474401720028017,2.2990231721880243
79,257,01fe59eca0982fc7,aortic elongation,off,0.1506415410630138,1.0,0.6004202583752135,0.7493517458746333,2.223455079312554
79,257,01fe59eca0982fc7,aortic elongation,on,0.1506415410630138,1.0,0.6572283416500379,0.7931650311767136,2.526803262996417
80,263,426946625b31b4b6,aortic elongation,off,0.1604120676968359,1.0,0.4816087503507078,0.6499191053069377,1.8332732708766395
80,263,426946625b31b4b6,aortic elongation,on,0.1604120676968359,1.0,0.4980742290519652,0.6649526610429014,1.6380589147702107
81,268,92d00ec883d9f857,aortic elongation,off,0.1748851171244926,1.0,0.5564762082471992,0.706540014761047,2.34655163210619
81,268,92d00ec883d9f857,aortic elongation,on,0.1748851171244926,1.0,0.4804709914194506,0.6490540664040085,2.906513116235602
82,275,47046c3aec848d4d,aortic elongation,off,0.1751872481226457,1.0,0.4504756381460431,0.6200063645867572,1.6214065250121446
82,275,47046c3aec848d4d,aortic elongation,on,0.1751872481226457,1.0,0.4810775473918164,0.649630611234206,1.1759110969328783
83,281,5877943fcb6caedf,aortic elongation,off,0.1550809175036182,1.0,0.3487165571932983,0.5165977899376453,1.8837931613255272
83,281,5877943fcb6caedf,aortic elongation,on,0.1550809175036182,1.0,0.2932329732123228,0.4534859148513258,1.60795420783252
84,284,354eff7de62cf564,aortic elongation,off,0.1902207018210702,1.0,0.4964317344114829,0.662435064158817,1.975490633892548
84,284,354eff7de62cf564,aortic elongation,on,0.1902207018210702,1.0,0.4857914204681203,0.6539095060750053,1.6400455481072824
85,285,fdd37ebb7c5238f3,aortic elongation,off,0.1560896451910003,1.0,0.5100160724995654,0.6736017759581509,1.974068041927508
85,285,fdd37ebb7c5238f3,aortic elongation,on,0.1560896451910003,1.0,0.5665925383639213,0.7233400565700672,2.0990234159702883
86,288,bb507a0de0ae0301,aortic elongation,off,0.1412267493141139,1.0,0.4945758026279406,0.6609053269885484,1.841757425594141
86,288,bb507a0de0ae0301,aortic elongation,on,0.1412267493141139,1.0,0.5028112984677314,0.6691594422148015,1.56005840030596
87,290,7fb32bdbee67f55a,aortic elongation,off,0.1384101087184285,1.0,0.5120668297706507,0.6751147758334326,2.174322214468148
87,290,7fb32bdbee67f55a,aortic elongation,on,0.1384101087184285,1.0,0.5837558343054061,0.7371765326721043,2.145703612552905
88,301,27445e3a73bb12f2,aortic elongation,off,0.1485802279627112,1.0,0.5340534914088855,0.691134362511626,2.096267747507766
88,301,27445e3a73bb12f2,aortic elongation,on,0.1485802279627112,1.0,0.6498529099297412,0.7877703816115786,2.0511912948324893
89,302,24b38217d36643ec,aortic elongation,off,0.1936269851712156,0.0,0.0760681296596686,0.1411952373299559,1.3915342626833362
89,302,24b38217d36643ec,aortic elongation,on,0.1936269851712156,0.0,0.0800706071173993,0.1482684493218722,1.3746533060675947
90,303,7fa41fd84372c5f0,aortic elongation,off,0.158896539625455,1.0,0.3654401186069617,0.5202599752481137,1.8726999412272465
90,303,7fa41fd84372c5f0,aortic elongation,on,0.158896539625455,1.0,0.6508329099438528,0.7884788425278737,1.640036194619413
91,307,786281fa2cbe27cb,aortic elongation,off,0.1780087617989464,1.0,0.7130559724716786,0.82505349977944,2.7735124450493687
91,307,786281fa2cbe27cb,aortic elongation,on,0.1780087617989464,1.0,0.7947490325467687,0.8856286064857659,3.6286091308959545
92,308,4fdbb59282082874,aortic elongation,off,0.1460218606396405,1.0,0.6680082627634482,0.7952368131895613,2.478215879920651
92,308,4fdbb59282082874,aortic elongation,on,0.1460218606396405,1.0,0.7403680719863808,0.8508114649430671,3.3826997123240226
93,309,6c7a5880b102eb17,aortic elongation,off,0.2018624914111954,1.0,0.2724126308323017,0.4259338500042311,1.6962491752992896
93,309,6c7a5880b102eb17,aortic elongation,on,0.2018624914111954,1.0,0.3084305801334792,0.4714502264577223,1.8943693381264783
94,319,ca5b06714e75e653,aortic elongation,off,0.1851380787392365,1.0,0.4852417213557854,0.6454054197117619,2.068235342429443
94,319,ca5b06714e75e653,aortic elongation,on,0.1851380787392365,1.0,0.4357009414563406,0.6069131057741726,2.28214765891042
95,321,ea6fcf47e434e5c0,aortic elongation,off,0.1705188368931187,1.0,0.4769607330281905,0.643608297253609,1.5191450665577897
95,321,ea6fcf47e434e5c0,aortic elongation,on,0.1705188368931187,1.0,0.4066379722074272,0.5781624767438389,1.293158744500768
96,322,3cdc157fc57bca49,aortic elongation,off,0.1656749947614383,0.0,0.0133943428980018,0.026225438825103,0.0126176565709374
96,322,3cdc157fc57bca49,aortic elongation,on,0.1656749947614383,0.0,0.0225355465512381,0.0440773395763186,-0.1933233887169552
97,324,85b60300429551f4,aortic elongation,off,0.165475198456208,1.0,0.2796726936015695,0.4363604725366069,1.5110631606333331
97,324,85b60300429551f4,aortic elongation,on,0.165475198456208,1.0,0.2695412489062233,0.4246254223834803,1.0902570254640438
98,325,52cbe466021acbb9,aortic elongation,off,0.149847228922708,1.0,0.5345354168109405,0.6932736228303636,2.06632732727508
98,325,52cbe466021acbb9,aortic elongation,on,0.149847228922708,1.0,0.6417907175315831,0.7818176118917769,1.7762557516233246
99,333,eeeffb588fcfb308,aortic elongation,off,0.1384490933633515,1.0,0.3969942514439021,0.5662104891630344,1.9223232701052315
99,333,eeeffb588fcfb308,aortic elongation,on,0.1384490933633515,1.0,0.4783964229332912,0.6471826593662485,1.7805962797472992
100,335,2443d208248bb60c,aortic elongation,off,0.1766832838715651,0.0,0.2343453746028857,0.37949168591315,1.3157380782692276
100,335,2443d208248bb60c,aortic elongation,on,0.1766832838715651,0.0,0.2495069540701784,0.3993684111848174,0.9643876582127658
101,342,80afe05797663080,aortic elongation,off,0.1765175991306424,1.0,0.3314953851590278,0.4930596614526094,1.7004880143136414
101,342,80afe05797663080,aortic elongation,on,0.1765175991306424,1.0,0.4123737987810748,0.5839402879336302,1.6222806034165715
102,346,f4fbcd719489c025,aortic elongation,off,0.1609773450482191,1.0,0.5413544005433453,0.6973479531992794,2.318504323617113
102,346,f4fbcd719489c025,aortic elongation,on,0.1609773450482191,1.0,0.7165178148917943,0.834847136526947,1.9072610761319184
103,349,2508e1281c5e4861,aortic elongation,off,0.1623174422174466,1.0,0.5698725868755425,0.7244522008619377,2.609992925053554
103,349,2508e1281c5e4861,aortic elongation,on,0.1623174422174466,1.0,0.470176408401641,0.6396075646527191,2.783404763065808
104,359,a6fb6eac39bcdb30,aortic elongation,off,0.1662061605485139,0.0,0.0274933194868775,0.0533001025362427,0.3788927580482101
104,359,a6fb6eac39bcdb30,aortic elongation,on,0.1662061605485139,0.0,0.0382711871909564,0.0737207325630176,0.0884680301607839
105,360,7d3a63dafaeb39ab,aortic elongation,off,0.1442772977793371,1.0,0.4966403538420129,0.6621442405452912,1.3580133617327577
105,360,7d3a63dafaeb39ab,aortic elongation,on,0.1442772977793371,1.0,0.5507260545157338,0.7102812991198,1.2105528024037366
106,364,312ef254f0cefc84,aortic elongation,off,0.1757476523934135,1.0,0.6247525098899382,0.7632171443848069,2.672738588957768
106,364,312ef254f0cefc84,aortic elongation,on,0.1757476523934135,1.0,0.5669837511906084,0.723641582415456,3.381150012442624
107,365,ef4277bdd93833ac,aortic elongation,off,0.1542183822346973,1.0,0.5995775957589509,0.7478687054541112,2.261516441781433
107,365,ef4277bdd93833ac,aortic elongation,on,0.1542183822346973,1.0,0.6384532345435663,0.7793302899288163,2.232159283612598
108,368,4eeb7e68dcafc52f,aortic elongation,off,0.155587717887617,1.0,0.6632053089543928,0.795479422111441,2.308098490552661
108,368,4eeb7e68dcafc52f,aortic elongation,on,0.155587717887617,1.0,0.7211767226455169,0.8380042118796596,2.517421385607634
109,370,2857a8c6c79fccc6,aortic elongation,off,0.1663620991282058,1.0,0.5977287277417791,0.7468467059539894,1.9520533282592776
109,370,2857a8c6c79fccc6,aortic elongation,on,0.1663620991282058,1.0,0.6488115927828213,0.7870048484938202,1.622525813355154
110,377,278df654823bf6ee,aortic elongation,off,0.127392073447071,1.0,0.4524608164908928,0.6211916784590783,2.0634988878238323
110,377,278df654823bf6ee,aortic elongation,on,0.127392073447071,1.0,0.395672405821149,0.5669744315229024,2.443804868860115
111,378,6090c609713b7751,aortic elongation,off,0.1512263107368585,1.0,0.4243730369850361,0.5940455825949483,1.802574185915173
111,378,6090c609713b7751,aortic elongation,on,0.1512263107368585,1.0,0.4701262158487578,0.6395725473640805,1.557993984216957
112,379,8ac8a6fe478e8bd6,aortic elongation,off,0.1695003630445058,1.0,0.5740171427810055,0.7275737169174524,2.01168875032879
112,379,8ac8a6fe478e8bd6,aortic elongation,on,0.1695003630445058,1.0,0.6304666332920401,0.7733572696454913,1.5923689143011912
113,384,5d38483f79af4b3e,aortic elongation,off,0.1528198080980853,1.0,0.5062736406220086,0.6696130556307034,2.1801185220309023
113,384,5d38483f79af4b3e,aortic elongation,on,0.1528198080980853,1.0,0.5323956135518908,0.6948291618994886,3.0014969138536736
114,391,c4a5dd3178e7793b,aortic elongation,off,0.1404762948993465,1.0,0.5839859063653741,0.737000253544869,2.404678406452421
114,391,c4a5dd3178e7793b,aortic elongation,on,0.1404762948993465,1.0,0.5638440915906787,0.7210894776788099,3.6275300669191375
115,393,d1717dead5c93e5d,aortic elongation,off,0.1525712809867013,1.0,0.5259699942542108,0.6891261077082337,1.920988521835845
115,393,d1717dead5c93e5d,aortic elongation,on,0.1525712809867013,1.0,0.5030356092837744,0.6693563109510098,1.5780800140641078
116,395,6bc6af6646fd4f48,aortic elongation,off,0.1620737881866779,1.0,0.5548730717349996,0.7136460779184699,2.1333124205074303
116,395,6bc6af6646fd4f48,aortic elongation,on,0.1620737881866779,1.0,0.5481185384327376,0.7081082515937417,1.893677810086796
117,399,cbcf1d839de55224,aortic elongation,off,0.1513042800267044,1.0,0.5932774024313846,0.7370213386718565,2.409691510880703
117,399,cbcf1d839de55224,aortic elongation,on,0.1513042800267044,1.0,0.6952216246161154,0.8202106332166699,3.554515080574724
118,404,601e9e006ca98961,aortic elongation,off,0.1192930134643217,1.0,0.394657503322198,0.5657575281535092,1.1263787729243149
118,404,601e9e006ca98961,aortic elongation,on,0.1192930134643217,1.0,0.3193492888909867,0.4840862004335622,1.0531266901810157
119,407,c4daa9055babb73c,aortic elongation,off,0.1727799462986516,1.0,0.2294340812104346,0.3720769462712192,0.91824652800042
119,407,c4daa9055babb73c,aortic elongation,on,0.1727799462986516,1.0,0.2498512294381933,0.3998061980244817,0.6288547835583047
120,413,346b10be7977b4eb,aortic elongation,off,0.1670492034949734,1.0,0.5028387920618846,0.6689761729717764,1.9687726489212
120,413,346b10be7977b4eb,aortic elongation,on,0.1670492034949734,1.0,0.4837278951736272,0.6520416570036334,1.853734471994523
121,414,4327ee7e4bb44f73,aortic elongation,off,0.1725655307515752,1.0,0.4793202462112186,0.6479999355885822,1.8756338168737283
121,414,4327ee7e4bb44f73,aortic elongation,on,0.1725655307515752,1.0,0.4782233007122959,0.647023953105697,1.519749841631869
122,417,ed79f0a53e4dee1d,aortic elongation,off,0.1617667841079094,1.0,0.3823357480656786,0.5526285506928836,1.712477049100239
122,417,ed79f0a53e4dee1d,aortic elongation,on,0.1617667841079094,1.0,0.40888573551564,0.5804344792278935,1.6888140148578583
123,420,57cd46aa138100c3,aortic elongation,off,0.1740664395811099,1.0,0.4206601431199003,0.5840411634057,2.574341544072948
123,420,57cd46aa138100c3,aortic elongation,on,0.1740664395811099,1.0,0.3954534790919707,0.566761568110845,2.867186581429894
124,422,6c279a1587eaca01,aortic elongation,off,0.1826235691417043,1.0,0.4024468012282753,0.571348451641505,1.3640810863628148
124,422,6c279a1587eaca01,aortic elongation,on,0.1826235691417043,1.0,0.4608634211155952,0.6309453878323973,0.9309480861971982
125,424,ce75e5a5db0bea48,aortic elongation,off,0.1843924974050845,1.0,0.4766120996048444,0.6376995049170805,2.210266686001803
125,424,ce75e5a5db0bea48,aortic elongation,on,0.1843924974050845,1.0,0.503959000947458,0.6701633238418347,2.5936400997418105
126,432,ee28fa034bce1fda,aortic elongation,off,0.1768538416931031,1.0,0.5016522867640834,0.6571859148402094,2.566043604370116
126,432,ee28fa034bce1fda,aortic elongation,on,0.1768538416931031,1.0,0.4102319336174579,0.5817631715868137,2.9076612431079267
127,443,b3a2874f69846176,aortic elongation,off,0.1720343649644996,1.0,0.5958281957937308,0.7423103833549528,2.2071471574280443
127,443,b3a2874f69846176,aortic elongation,on,0.1720343649644996,1.0,0.679186731660746,0.8089239956298784,2.85100150696137
128,454,787a2bfc5a2331c8,aortic elongation,off,0.1463434839602551,1.0,0.6037565425137883,0.7480895790079082,2.5823026144254166
128,454,787a2bfc5a2331c8,aortic elongation,on,0.1463434839602551,1.0,0.5248914982281031,0.6884022014040327,3.321698137470363
129,458,3181b6357a7323cd,aortic elongation,off,0.1533022430790072,1.0,0.5329698290498073,0.6952424099825698,2.0807023429418123
129,458,3181b6357a7323cd,aortic elongation,on,0.1533022430790072,1.0,0.5173414499239257,0.6819039210664698,1.8869964558098649
130,460,606c0187fa81c5f2,aortic elongation,off,0.1499057058900925,1.0,0.3540865689577989,0.5226533659859194,1.519920140133777
130,460,606c0187fa81c5f2,aortic elongation,on,0.1499057058900925,1.0,0.3592419075286092,0.5285899563311202,1.2971205518683562
131,467,9def6ee814e1821d,aortic elongation,off,0.1932712502862935,0.0,0.3314504717662608,0.4892141584874913,1.063101675080805
131,467,9def6ee814e1821d,aortic elongation,on,0.1932712502862935,0.0,0.4107940710329151,0.582355921349022,0.9549785047205436
132,468,afb6b1bd651be214,aortic elongation,off,0.1663913376118981,1.0,0.3680122730295669,0.5376898312929248,1.4790395776874954
132,468,afb6b1bd651be214,aortic elongation,on,0.1663913376118981,1.0,0.3696656788594047,0.539787479593486,1.20967936317705
133,469,df31f174d30b0e6c,aortic elongation,off,0.1347699174987451,1.0,0.5608960436692252,0.7158459678042186,1.9505673633402825
133,469,df31f174d30b0e6c,aortic elongation,on,0.1347699174987451,1.0,0.6362295566388766,0.7776760251494519,1.88026339136952
134,479,bd2d25b1e77db40d,aortic elongation,off,0.1834130082013946,1.0,0.3897752533015154,0.559773462404056,1.574687784007516
134,479,bd2d25b1e77db40d,aortic elongation,on,0.1834130082013946,1.0,0.4246902546292503,0.596185774492915,1.216598736710529
135,481,b55ee524bc14b7f1,aortic elongation,off,0.1754309021534143,0.0,0.169637900795194,0.2897866888315381,1.3615755039848971
135,481,b55ee524bc14b7f1,aortic elongation,on,0.1754309021534143,0.0,0.1825874585499927,0.3087929263305835,1.2526089951044843
136,484,e330df2c116f57e3,aortic elongation,off,0.2025057380524246,1.0,0.6209168144833996,0.7616056216472573,2.290633966374423
136,484,e330df2c116f57e3,aortic elongation,on,0.2025057380524246,1.0,0.6505568060972919,0.7882634677768989,3.1701250169634707
137,485,8204907be397f49f,aortic elongation,off,0.1858203100253887,1.0,0.5395719809576756,0.6995173854518331,2.0934288282633395
137,485,8204907be397f49f,aortic elongation,on,0.1858203100253887,1.0,0.5456328200967786,0.7060280351836477,2.0457822702686905
138,493,91ea06de1b4bdda4,aortic elongation,off,0.1809033716844778,1.0,0.6005366577495381,0.7498566366457244,2.161680526281032
138,493,91ea06de1b4bdda4,aortic elongation,on,0.1809033716844778,1.0,0.601771640470153,0.7513781946939988,2.040663550442867
139,503,031e29dc2fe17f54,aortic elongation,off,0.1744903975946474,1.0,0.4301265448096808,0.5979585334874503,2.1688657670266105
139,503,031e29dc2fe17f54,aortic elongation,on,0.1744903975946474,1.0,0.363361707819814,0.5330173033224361,2.171309021826731
140,512,f60ef73b4eada56b,aortic elongation,off,0.1707868563269642,1.0,0.3954306493805354,0.5641800644820704,1.4150673557207905
140,512,f60ef73b4eada56b,aortic elongation,on,0.1707868563269642,1.0,0.4769031572620966,0.6458134440087803,1.0035190655474342
141,515,50792ee23b969714,aortic elongation,off,0.122514119751083,1.0,0.4733439080995278,0.6419170983313565,2.2098503287844644
141,515,50792ee23b969714,aortic elongation,on,0.122514119751083,1.0,0.457743350652955,0.6280139498389359,2.583299471953133
142,516,8f2fbdc225eeb4b7,aortic elongation,off,0.1696806670272746,1.0,0.4069488587202762,0.5775882578763523,1.67547200572828
142,516,8f2fbdc225eeb4b7,aortic elongation,on,0.1696806670272746,1.0,0.4086715158435552,0.5802206549802501,1.3727714215276503
143,520,fa66ba62408f5bb3,aortic elongation,off,0.1646467747515947,1.0,0.5463892422783818,0.7000025010051517,2.1937041454032133
143,520,fa66ba62408f5bb3,aortic elongation,on,0.1646467747515947,1.0,0.6974416536086289,0.8217559452082528,1.8249264124160145
144,523,f97dbc0cf694169f,aortic elongation,off,0.1627121617472917,1.0,0.4433971676449947,0.6105034669118601,1.8446841760855708
144,523,f97dbc0cf694169f,aortic elongation,on,0.1627121617472917,1.0,0.5598312468345262,0.7178076564432684,1.4856490372575537
145,527,e4e74f812d6895b0,aortic elongation,off,0.1781695734592537,1.0,0.5016739085527574,0.6677321111259011,1.85184883598578
145,527,e4e74f812d6895b0,aortic elongation,on,0.1781695734592537,1.0,0.5103259789501255,0.675781431765846,1.5559689150860538
146,7,8e809b77e3a489ef,atelectasis,off,0.1303110487356792,1.0,0.5263362097760681,0.6881700017710823,2.5050314098271524
146,7,8e809b77e3a489ef,atelectasis,on,0.1303110487356792,1.0,0.5756625579538035,0.7306915094735797,2.904334556279644
147,11,6194b5ef08e1beaa,atelectasis,off,0.1172755580895574,1.0,0.1287521186611251,0.2268973207613264,3.473236538760525
147,11,6194b5ef08e1beaa,atelectasis,on,0.1172755580895574,1.0,0.0535742531819271,0.1016993695351699,2.8756505252715923
148,15,8dde7c24f7c7854b,atelectasis,off,0.1202871219098577,0.0,0.1288041823001331,0.2266113730075241,3.042643653081638
148,15,8dde7c24f7c7854b,atelectasis,on,0.1202871219098577,0.0,0.0758379767376982,0.1409828625414937,2.8709445582328024
149,19,c1fbe35407da1064,atelectasis,off,0.1646029170260563,1.0,0.2565585417619867,0.4043248487811406,1.376053396529528
149,19,c1fbe35407da1064,atelectasis,on,0.1646029170260563,1.0,0.2991265678033893,0.4604908396270698,1.2712923950881052
150,20,7139216b1a7e91c5,atelectasis,off,0.1644226130432875,1.0,0.3050198151381006,0.4617234988441927,1.5238385417522375
150,20,7139216b1a7e91c5,atelectasis,on,0.1644226130432875,1.0,0.4704520624177544,0.6398660830696956,0.9654380222397684
151,29,9eaa7389406cdcff,atelectasis,off,0.1662402721128215,1.0,0.4941181534168269,0.6395021820411737,2.804830527965905
151,29,9eaa7389406cdcff,atelectasis,on,0.1662402721128215,1.0,0.2151694627820724,0.3541152394256102,2.643954461137226
152,78,d93941381e90eacf,atelectasis,off,0.1564843647208455,1.0,0.4335021830403452,0.5989541136407385,2.304794008167839
152,78,d93941381e90eacf,atelectasis,on,0.1564843647208455,1.0,0.331310009960587,0.4976944848424501,2.8508027224584964
153,86,2d81d6b510b24601,atelectasis,off,0.1089328440760395,1.0,0.4024386901865716,0.5737373512549508,1.6125366118203577
153,86,2d81d6b510b24601,atelectasis,on,0.1089328440760395,1.0,0.3489995254854262,0.5174163549820217,1.5419387948631742
154,90,076d2d1b5d8cb69f,atelectasis,off,0.1261932956156893,1.0,0.2871023016674204,0.4440907297988924,3.123266892137246
154,90,076d2d1b5d8cb69f,atelectasis,on,0.1261932956156893,1.0,0.1483434069041171,0.2583572558743123,2.907893598840144
155,107,4569a1e88cb8719a,atelectasis,off,0.1466212495553314,1.0,0.360643648638096,0.5289261925036113,1.597442415789908
155,107,4569a1e88cb8719a,atelectasis,on,0.1466212495553314,1.0,0.4369778360382943,0.6081892323970534,1.2875933125499384
156,111,39af5dbb83f791bc,atelectasis,off,0.1073783313597356,1.0,0.125180756314152,0.2207866320522634,4.003520859059331
156,111,39af5dbb83f791bc,atelectasis,on,0.1073783313597356,1.0,0.0576735000745783,0.1090458633750201,3.1130111289517424
157,127,149c31b9f0613a25,atelectasis,off,0.140169290820578,1.0,0.5123437835803873,0.6746741711037763,2.502645334629924
157,127,149c31b9f0613a25,atelectasis,on,0.140169290820578,1.0,0.5363050175389084,0.6981674014945586,3.2429695956928004
158,134,2b4573785baf0a9b,atelectasis,off,0.163813477966366,1.0,0.350208740752944,0.5161436588142209,1.3852124974363302
158,134,2b4573785baf0a9b,atelectasis,on,0.163813477966366,1.0,0.4202905591665898,0.5918367300247078,1.0192836866336288
159,145,5e6c67d898f729ed,atelectasis,off,0.1489895667344025,0.0,0.2098675243799469,0.3463832705971769,2.37288308169354
159,145,5e6c67d898f729ed,atelectasis,on,0.1489895667344025,0.0,0.1036577747292726,0.1878395743387867,2.586466627655195
160,147,78c800e6d13b76f5,atelectasis,off,0.1460218606396405,1.0,0.2216709865691822,0.3603934301797952,0.6236650181800594
160,147,78c800e6d13b76f5,atelectasis,on,0.1460218606396405,1.0,0.3270073982971063,0.4928454570717635,0.6228802661633084
161,148,4946f596d88523e4,atelectasis,off,0.1534484354974684,0.0,0.0525751405175589,0.0994539290506865,1.261967928027223
161,148,4946f596d88523e4,atelectasis,on,0.1534484354974684,0.0,0.0688033005444393,0.1287480975462068,1.3111236456438653
162,154,7b885a0d0f4df9bd,atelectasis,off,0.1378691967701221,1.0,0.6376402228965463,0.7774395742610472,2.5626842365270224
162,154,7b885a0d0f4df9bd,atelectasis,on,0.1378691967701221,1.0,0.5964549453175367,0.7472103247518154,3.34331572593216
163,159,071f871817e15b2f,atelectasis,off,0.1206379837141645,1.0,0.6017555358560454,0.7500398920284412,3.128763134434732
163,159,071f871817e15b2f,atelectasis,on,0.1206379837141645,1.0,0.3922341564939798,0.5634413331731606,3.553071916255817
164,163,c995d00e2e8701bb,atelectasis,off,0.1544279247011583,0.0,0.0439592259762384,0.0841268549116638,0.3333064669178019
164,163,c995d00e2e8701bb,atelectasis,on,0.1544279247011583,0.0,0.0421151125638045,0.0808259948353278,0.3778751795797472
165,167,bf60f0a2a4af7b86,atelectasis,off,0.1535264047873143,1.0,0.2771512512088643,0.4315661503097426,2.1961096627252394
165,167,bf60f0a2a4af7b86,atelectasis,on,0.1535264047873143,1.0,0.1977175396394603,0.3301462445109305,2.610943510737903
166,170,3937f3c02599f03e,atelectasis,off,0.1277575544932239,1.0,0.4205519412118875,0.5911465104920279,1.4950680444073563
166,170,3937f3c02599f03e,atelectasis,on,0.1277575544932239,1.0,0.3697238443541649,0.5398289044209681,1.3164899297837895
167,172,81573fb3980b14e5,atelectasis,off,0.1609432334839115,0.0,0.0790205381541669,0.1463131601364536,0.4840374634890924
167,172,81573fb3980b14e5,atelectasis,on,0.1609432334839115,0.0,0.0884530171890974,0.162529020190375,0.3401759419505518
168,196,f7e942178d7ec4cd,atelectasis,off,0.1374306195147386,1.0,0.2412686735389803,0.3840750292327898,3.1977347115898467
168,196,f7e942178d7ec4cd,atelectasis,on,0.1374306195147386,1.0,0.1563167229510385,0.2703670938491022,2.7778310010664726
169,200,1e9f434529b507c6,atelectasis,off,0.168403919906047,1.0,0.5436618201989633,0.7028709053466994,1.9238940023814783
169,200,1e9f434529b507c6,atelectasis,on,0.168403919906047,1.0,0.5941438692661555,0.7454078654718276,1.4331485899785508
170,207,0517b51af4dfbcfe,atelectasis,off,0.1241758402409251,1.0,0.5567095903299777,0.7117707381618332,3.2989620986685244
170,207,0517b51af4dfbcfe,atelectasis,on,0.1241758402409251,1.0,0.2961950343219603,0.457005052068388,3.256569762698812
171,228,cd6197499a3c5daf,atelectasis,off,0.1283569434089148,1.0,0.4685523424182224,0.631689185080228,3.638436473453227
171,228,cd6197499a3c5daf,atelectasis,on,0.1283569434089148,1.0,0.2072313256838139,0.343309306097539,2.9957985432716097
172,258,a336d605250985d4,atelectasis,off,0.1932176463995243,1.0,0.179688888819579,0.2986605327626562,2.1659747895658352
172,258,a336d605250985d4,atelectasis,on,0.1932176463995243,1.0,0.1478624442487897,0.2576231242956049,2.288687224366119
173,267,c1d8efe52179079f,atelectasis,off,0.1512604223011661,1.0,0.5059825836702724,0.6714817635446246,2.2617919245083646
173,267,c1d8efe52179079f,atelectasis,on,0.1512604223011661,1.0,0.4918475351820993,0.6593756131020676,2.5722081189760164
174,274,e6b32442a596c0fd,atelectasis,off,0.1578731926962267,0.0,0.196074397853589,0.3234020077481402,2.340427590257968
174,274,e6b32442a596c0fd,atelectasis,on,0.1578731926962267,0.0,0.1364134240932386,0.2400665460616232,2.575318582227224
175,292,964325708df1fe70,atelectasis,off,0.1142786135111033,1.0,0.5334857965226125,0.6924764295390882,3.3338106704401165
175,292,964325708df1fe70,atelectasis,on,0.1142786135111033,1.0,0.3102134105433706,0.4735190207638163,3.4251410406128806
176,312,e1ef1a9ad7d81662,atelectasis,off,0.137971531463045,1.0,0.6209492987278649,0.7634534889453611,2.2086373010428786
176,312,e1ef1a9ad7d81662,atelectasis,on,0.137971531463045,1.0,0.6487714640289184,0.7869533409126027,2.6991873342132093
177,318,40c62c54dfec39c8,atelectasis,off,0.1221388925436993,0.0,0.059102721303584,0.111371560304346,2.953422147817374
177,318,40c62c54dfec39c8,atelectasis,on,0.1221388925436993,0.0,0.0271908858910984,0.0529420204653874,2.77589234786684
178,356,f94c06bd9718e97c,atelectasis,off,0.1996549858924316,0.0,0.1435426239014737,0.2508873281831701,1.612862728643821
178,356,f94c06bd9718e97c,atelectasis,on,0.1996549858924316,0.0,0.1422150476514442,0.2490159360858382,1.333761144555344
179,380,60775c6db17d7d7a,atelectasis,off,0.1045811830865118,1.0,0.2213523897591431,0.3575972880115374,4.005050745684489
179,380,60775c6db17d7d7a,atelectasis,on,0.1045811830865118,1.0,0.1037320100189695,0.1879632467399644,3.1583998440931693
180,383,73a711ad4a6993d8,atelectasis,off,0.141816392068574,1.0,0.0771347951686161,0.1411474006478246,2.183592615066508
180,383,73a711ad4a6993d8,atelectasis,on,0.141816392068574,1.0,0.1048540952880189,0.1898010595906237,2.6862749912416173
181,403,309b2ec41b2dc6f2,atelectasis,off,0.1730674580549586,1.0,0.2272450422390267,0.3653942619704035,2.4830439030670712
181,403,309b2ec41b2dc6f2,atelectasis,on,0.1730674580549586,1.0,0.1514559988486722,0.2630624631627737,2.442438630540216
182,415,33c5edd30f2457cd,atelectasis,off,0.1268073037732263,1.0,0.180739133062857,0.3059653975927829,0.7089165299782003
182,415,33c5edd30f2457cd,atelectasis,on,0.1268073037732263,1.0,0.1118736153752003,0.2012330683167277,0.4483385532650293
183,421,f2c5b10688fc1c16,atelectasis,off,0.2103855094074821,1.0,0.1684016277493725,0.2817421788027838,2.1736097969195907
183,421,f2c5b10688fc1c16,atelectasis,on,0.2103855094074821,1.0,0.1253647140070304,0.2227927174097931,2.1451460972822387
184,437,9d8ed0c90eba51ae,atelectasis,off,0.1462314031061015,1.0,0.4675101674545751,0.6312145539580998,1.7872063165424683
184,437,9d8ed0c90eba51ae,atelectasis,on,0.1462314031061015,1.0,0.6262067692698408,0.7701423226241165,1.508878709952273
185,446,3d7dc2d16d09f5be,atelectasis,off,0.1389315283442734,1.0,0.2899787396299031,0.4495222417915344,1.844004326619608
185,446,3d7dc2d16d09f5be,atelectasis,on,0.1389315283442734,1.0,0.2810374558918665,0.4387651625374112,1.8672980530118648
186,465,a989c250bb6e5f01,atelectasis,off,0.1761228796007972,0.0,0.0365549093282989,0.0702181033690507,1.7551811005540208
186,465,a989c250bb6e5f01,atelectasis,on,0.1761228796007972,0.0,0.0515314057387043,0.0980104952593328,2.299007947715224
187,466,89b5a9f5b49f6471,atelectasis,off,0.109371421331423,1.0,0.4291327993008282,0.5992285890878217,2.743122502685244
187,466,89b5a9f5b49f6471,atelectasis,on,0.109371421331423,1.0,0.2786626859657432,0.435835761644897,3.4586806346654666
188,491,04a9cb03fde0219d,atelectasis,off,0.1467040919257927,0.0,0.222668325686802,0.3627334217618553,1.2111050493270206
188,491,04a9cb03fde0219d,atelectasis,on,0.1467040919257927,0.0,0.2769047997072913,0.4337105977741814,0.8472556527635265
189,509,e374f94a32b3bd15,atelectasis,off,0.1735498930358805,0.0,0.0338267929139931,0.0653402140394305,0.9408262763405602
189,509,e374f94a32b3bd15,atelectasis,on,0.1735498930358805,0.0,0.0341606372369666,0.0660644035698953,0.5388333084881635
190,513,0ae6e1d4c1336eec,atelectasis,off,0.1447694789214898,1.0,0.1476193731725592,0.2569750786320225,1.4886233111550105
190,513,0ae6e1d4c1336eec,atelectasis,on,0.1447694789214898,1.0,0.1852552562053317,0.3125996489045093,2.155930663623405
191,518,40ea79f3caeb0477,atelectasis,off,0.1323236310298281,1.0,0.1794527599278926,0.3037986450900233,2.6129245736199445
191,518,40ea79f3caeb0477,atelectasis,on,0.1323236310298281,1.0,0.0945621985587943,0.1727811396202153,2.775312454175491
192,522,f28dfcb73be60946,atelectasis,off,0.1157990146630995,1.0,0.1332699123710764,0.2337730984591665,3.2425641597785795
192,522,f28dfcb73be60946,atelectasis,on,0.1157990146630995,1.0,0.0609102166807388,0.1148240796649258,2.9321002166981605
193,526,db3fe04ce1b8f893,atelectasis,off,0.1543012246051586,1.0,0.3502264869708164,0.5176302103216172,2.301123631216765
193,526,db3fe04ce1b8f893,atelectasis,on,0.1543012246051586,1.0,0.2770847880566039,0.433928182961712,2.607568724287105
194,8,093950c25a37efe4,cardiomegaly,off,0.1561140105940772,1.0,0.285761301183849,0.4414934249513019,0.5793294957495139
194,8,093950c25a37efe4,cardiomegaly,on,0.1561140105940772,1.0,0.3194907545386953,0.4842329928961958,0.6514949312438957
195,10,3e6de190da5a957a,cardiomegaly,off,0.1559726912562314,1.0,0.3346525879820664,0.496001180534305,1.4470566562078997
195,10,3e6de190da5a957a,cardiomegaly,on,0.1559726912562314,1.0,0.4992879174965864,0.6660294894510134,1.03992396122876
196,12,96964da0020cd95f,cardiomegaly,off,0.1473570847282526,0.0,0.2134279046548546,0.3424111208473879,0.7522279137012697
196,12,96964da0020cd95f,cardiomegaly,on,0.1473570847282526,0.0,0.0829559416979181,0.1531918204678731,0.0463031321118139
197,25,47feecb0340b2bd4,cardiomegaly,off,0.1693834091097369,0.0,0.3566046106847286,0.5246309418704371,1.2860558132958155
197,25,47feecb0340b2bd4,cardiomegaly,on,0.1693834091097369,0.0,0.3884875660161568,0.5595832607801162,1.0023276515375814
198,27,c99a2a7dd0dd260f,cardiomegaly,off,0.1726337538801904,1.0,0.2143737353094217,0.3514259794989202,0.6473035376806913
198,27,c99a2a7dd0dd260f,cardiomegaly,on,0.1726337538801904,1.0,0.2151108815861497,0.3540561995684791,0.3317117146459024
199,32,a70c06fbfcf2e58e,cardiomegaly,off,0.1952107363712117,0.0,0.229976618916713,0.3729741779158222,0.9518450009348168
199,32,a70c06fbfcf2e58e,cardiomegaly,on,0.1952107363712117,0.0,0.2170540690883734,0.3566867361842965,0.4625780728284489
200,39,ec65e2415a2938e7,cardiomegaly,off,0.180893625523247,0.0,0.0,0.0,-0.3141582393345453
200,39,ec65e2415a2938e7,cardiomegaly,on,0.180893625523247,0.0,0.0,0.0,-0.5438950554273574
201,42,c93ded9ee7245300,cardiomegaly,off,0.1461631799774863,1.0,0.3926208271168636,0.5609663388293963,1.1489063850852783
201,42,c93ded9ee7245300,cardiomegaly,on,0.1461631799774863,1.0,0.4476246522842392,0.6184212619338627,0.9411714511544166
202,50,a5d9ac7f9423be90,cardiomegaly,off,0.1542135091540819,1.0,0.3840103032977235,0.5520020828077203,1.2831402656258837
202,50,a5d9ac7f9423be90,cardiomegaly,on,0.1542135091540819,1.0,0.4534565537667838,0.623969872849987,1.0350116188713694
203,53,d7355520cf43cdff,cardiomegaly,off,0.1622394729276006,1.0,0.1599705238943972,0.2691588636719713,0.9646016872538752
203,53,d7355520cf43cdff,cardiomegaly,on,0.1622394729276006,1.0,0.2606435849725569,0.4134958837084633,0.5318174478380865
204,56,9415a340a0044764,cardiomegaly,off,0.1447451135184129,1.0,0.4180398407525419,0.5812513260617311,1.3333440110835757
204,56,9415a340a0044764,cardiomegaly,on,0.1447451135184129,1.0,0.5680987224328211,0.7245699791030751,1.2925557518912407
205,61,088cc1d00621a300,cardiomegaly,off,0.1407248220107305,0.0,0.0002074127513752,0.0004143957479392,-0.1862280381490268
205,61,088cc1d00621a300,cardiomegaly,on,0.1407248220107305,0.0,0.0,0.0,-0.4671052816283658
206,62,bebbf36be701621f,cardiomegaly,off,0.1423085732107266,1.0,0.3091483038362593,0.4682949548194842,1.2738917668550285
206,62,bebbf36be701621f,cardiomegaly,on,0.1423085732107266,1.0,0.4725520815226487,0.6418077650895021,0.9641305632052656
207,63,f8f084a045363fa5,cardiomegaly,off,0.1398233020968866,1.0,0.2977003815300185,0.4550785925680879,1.3734755676496646
207,63,f8f084a045363fa5,cardiomegaly,on,0.1398233020968866,1.0,0.4552341945423022,0.6256450315653668,0.9516841146962308
208,76,33d96918507e6883,cardiomegaly,off,0.2022084801348868,1.0,0.4409505550252637,0.6032528494477091,1.3251732802552931
208,76,33d96918507e6883,cardiomegaly,on,0.2022084801348868,1.0,0.4371670933749694,0.6083534619595448,0.8619592237699916
209,85,6ba230aaf07a840c,cardiomegaly,off,0.1479954582888664,1.0,0.415242180889092,0.5794582389175136,1.787822186814028
209,85,6ba230aaf07a840c,cardiomegaly,on,0.1479954582888664,1.0,0.6073974892335444,0.7557518135098503,1.385312936733927
210,89,9c63e63de176518a,cardiomegaly,off,0.1316121612599837,1.0,0.4855873610786184,0.6507245343360147,1.3548002127634065
210,89,9c63e63de176518a,cardiomegaly,on,0.1316121612599837,1.0,0.5351194947438062,0.6971595297395954,1.184635958886313
211,105,fd053a38abc0cb49,cardiomegaly,off,0.1206672221978568,0.0,0.0587283081885307,0.1105019797703304,0.5554418276514916
211,105,fd053a38abc0cb49,cardiomegaly,on,0.1206672221978568,0.0,0.114893399914592,0.2061043717002462,0.1361928765198919
212,113,c1a9fa9f21a10a44,cardiomegaly,off,0.1530927006125462,1.0,0.3346758528654344,0.4981944278941493,1.4457538001074206
212,113,c1a9fa9f21a10a44,cardiomegaly,on,0.1530927006125462,1.0,0.4703379517289453,0.6397627590636749,1.0399841354875885
213,123,e0288a509cbbc07e,cardiomegaly,off,0.140666345043346,1.0,0.3726361829513961,0.538693960612802,1.5259446307135909
213,123,e0288a509cbbc07e,cardiomegaly,on,0.140666345043346,1.0,0.5466396975819504,0.7068656370326917,1.212055828513296
214,124,985a9f7b2779d4f8,cardiomegaly,off,0.166430322256821,0.0,0.1936282585674113,0.3140461389078922,0.8306607234724824
214,124,985a9f7b2779d4f8,cardiomegaly,on,0.166430322256821,0.0,0.1207572332789772,0.2154829811218375,0.1664614766847273
215,133,36dfae6f56c02e8b,cardiomegaly,off,0.1462265300254862,1.0,0.2190084850951927,0.3576621104957317,0.769841023152668
215,133,36dfae6f56c02e8b,cardiomegaly,on,0.1462265300254862,1.0,0.2714530483996791,0.4269937203891165,0.5600133189133224
216,139,f201583ea32de232,cardiomegaly,off,0.1373916348698156,0.0,0.1027782013932456,0.1846829934745,0.5103906685054821
216,139,f201583ea32de232,cardiomegaly,on,0.1373916348698156,0.0,0.1346799045694623,0.2373820254845302,0.1724902920940798
217,155,9ac3c6ded1d4380c,cardiomegaly,off,0.1569960381854597,1.0,0.3233892337657356,0.485128921949668,1.2619518724709815
217,155,9ac3c6ded1d4380c,cardiomegaly,on,0.1569960381854597,1.0,0.4522560083214507,0.6228284310961787,0.9001070054525919
218,162,79f3d753d8db8ce9,cardiomegaly,off,0.2036460389164218,1.0,0.381669613634222,0.551351644747853,0.6657890868946047
218,162,79f3d753d8db8ce9,cardiomegaly,on,0.2036460389164218,1.0,0.2696318478164957,0.4246733189879048,0.4048839242782588
219,166,846aafad319d9662,cardiomegaly,off,0.1917898337792202,0.0,0.1857141142089431,0.3087536068419158,0.5712806706952674
219,166,846aafad319d9662,cardiomegaly,on,0.1917898337792202,0.0,0.1456432454218312,0.2542486198605772,0.1000793131906779
220,177,5168c9958d9df995,cardiomegaly,off,0.1733452236500348,0.0,0.2970020263485797,0.4576632190938963,0.6903121487703865
220,177,5168c9958d9df995,cardiomegaly,on,0.1733452236500348,0.0,0.2041849757386372,0.3391175240018781,0.3401868976096799
221,185,5e13bb7278b3f72d,cardiomegaly,off,0.148146523787943,1.0,0.2864288678024581,0.437543375658261,1.4470538145263192
221,185,5e13bb7278b3f72d,cardiomegaly,on,0.148146523787943,1.0,0.4926866046620176,0.6601264795493977,1.0148786332833637
222,189,d236eae4a6bc1049,cardiomegaly,off,0.1837248853607785,1.0,0.2265236055439839,0.362211895760833,0.5472290833351114
222,189,d236eae4a6bc1049,cardiomegaly,on,0.1837248853607785,1.0,0.3058205627145676,0.4683809828963637,0.5378017648271921
223,192,b7a20b8f260bba9f,cardiomegaly,off,0.1807133215404782,1.0,0.4670668093756191,0.6356601188047033,1.3823801246652672
223,192,b7a20b8f260bba9f,cardiomegaly,on,0.1807133215404782,1.0,0.4893826975621801,0.6571592649023517,1.0316925154491094
224,195,13d982f2c79b1676,cardiomegaly,off,0.1625367308451383,1.0,0.4418564798172798,0.6113422247146181,1.5926255674123002
224,195,13d982f2c79b1676,cardiomegaly,on,0.1625367308451383,1.0,0.4941638339886683,0.6614580308743141,1.2751997402151742
225,198,2175b019a0091ef3,cardiomegaly,off,0.1723949729300372,1.0,0.3548626000109456,0.5230558870393986,0.8343132757234752
225,198,2175b019a0091ef3,cardiomegaly,on,0.1723949729300372,1.0,0.3839741907126069,0.5548852554538662,0.7161265770976749
226,204,cbcf65658f0dd7d8,cardiomegaly,off,0.1535312778679297,1.0,0.3569480773301764,0.5216234261039636,1.4776699257913823
226,204,cbcf65658f0dd7d8,cardiomegaly,on,0.1535312778679297,1.0,0.5274457891666173,0.6906164593372168,1.1544867446689668
227,205,82f49a0c3d2dfe14,cardiomegaly,off,0.1489895667344025,1.0,0.3553164210288199,0.5178073753387571,1.3173334814491884
227,205,82f49a0c3d2dfe14,cardiomegaly,on,0.1489895667344025,1.0,0.5261818364978375,0.6895344158481302,1.110959017712467
228,206,0c9d26929987308b,cardiomegaly,off,0.1314610957609071,1.0,0.5814766130037335,0.7279824847174321,2.2709108612372404
228,206,0c9d26929987308b,cardiomegaly,on,0.1314610957609071,1.0,0.7327923243074623,0.8457935630522879,2.434893550067402
229,209,7162d21f7f020298,cardiomegaly,off,0.1760838949558742,0.0,0.0797199457071468,0.1454444451995362,-0.2345660522037292
229,209,7162d21f7f020298,cardiomegaly,on,0.1760838949558742,0.0,0.0325239419338312,0.0629877081661098,-0.2991418124051113
230,211,74122d99b9022819,cardiomegaly,off,0.1725996423158828,1.0,0.3809572092168213,0.5477840119842798,1.5443696797484567
230,211,74122d99b9022819,cardiomegaly,on,0.1725996423158828,1.0,0.4930140565331352,0.6604216793451261,1.0901402512624256
231,214,366858e6adbb8000,cardiomegaly,off,0.1817512877115526,1.0,0.3856287137353451,0.5500424812065363,1.1318474660373978
231,214,366858e6adbb8000,cardiomegaly,on,0.1817512877115526,1.0,0.431519374532321,0.6028694305706321,0.8380260154352894
232,236,84ac6bdd90a67b66,cardiomegaly,off,0.1410074606864221,1.0,0.324689343453539,0.4837875022092129,1.3513295715874474
232,236,84ac6bdd90a67b66,cardiomegaly,on,0.1410074606864221,1.0,0.408435377611678,0.5799654786215142,0.9319752750398044
233,242,07a10ffadf85aa63,cardiomegaly,off,0.1479418544020973,1.0,0.3421739038516963,0.5066567257113092,1.0083856462083989
233,242,07a10ffadf85aa63,cardiomegaly,on,0.1479418544020973,1.0,0.3765191020614389,0.5470538791154228,0.7374595305517646
234,246,0b14f7b64876536a,cardiomegaly,off,0.1602317637140671,0.0,0.0738009441696046,0.1356632744618626,0.3294580570754285
234,246,0b14f7b64876536a,cardiomegaly,on,0.1602317637140671,0.0,0.0513361705791885,0.0976582946795708,-0.2015109598290848
235,247,161c8b166c8ce7d6,cardiomegaly,off,0.1288442514704521,1.0,0.3220734520533561,0.4812070025385078,1.5471589986787813
235,247,161c8b166c8ce7d6,cardiomegaly,on,0.1288442514704521,1.0,0.5869538303865435,0.7397139940843455,1.2848649962707668
236,249,f93a1c5e1000ca3e,cardiomegaly,off,0.1601148097792981,1.0,0.4920129262312038,0.6582327369259999,1.810992687731686
236,249,f93a1c5e1000ca3e,cardiomegaly,on,0.1601148097792981,1.0,0.530593051365434,0.6933165809528027,1.5915201032914528
237,251,a65421347ffb7936,cardiomegaly,off,0.1890219239896885,0.0,0.2738638646412786,0.4146717563986709,1.1355061627637832
237,251,a65421347ffb7936,cardiomegaly,on,0.1890219239896885,0.0,0.3838838249105378,0.5547918801292873,0.8302057738793089
238,256,459d9cc7e6454630,cardiomegaly,off,0.1603779561325283,1.0,0.2794778095057586,0.4341488203096602,1.1684949189301603
238,256,459d9cc7e6454630,cardiomegaly,on,0.1603779561325283,1.0,0.3771205114059817,0.5476899180963362,0.7672935729155146
239,259,9dea31c5bb3e5917,cardiomegaly,off,0.1825163613681661,1.0,0.4013078954040458,0.5719612455106127,1.3208829095153969
239,259,9dea31c5bb3e5917,cardiomegaly,on,0.1825163613681661,1.0,0.3911301835216318,0.5623188138015186,0.8037491050563286
240,261,83590772041a5a03,cardiomegaly,off,0.1239273131295411,0.0,0.1415289780643894,0.245439018748106,0.3601330050370183
240,261,83590772041a5a03,cardiomegaly,on,0.1239273131295411,0.0,0.1287004625972439,0.22803077957593,0.2101520839435949
241,266,fc7c567caa66ec88,cardiomegaly,off,0.1773167843515635,1.0,0.4557682044670488,0.6238264556124642,1.7207501823527036
241,266,fc7c567caa66ec88,cardiomegaly,on,0.1773167843515635,1.0,0.5095238915248523,0.6750787058358318,1.1912493431824167
242,273,7efbe29baee5c832,cardiomegaly,off,0.2117645912216325,1.0,0.2142473289040495,0.3527914834278262,0.2164859624110363
242,273,7efbe29baee5c832,cardiomegaly,on,0.2117645912216325,1.0,0.1974214339673189,0.329743940837871,0.2595321154083894
243,276,90391ae7b37e6f8e,cardiomegaly,off,0.1262517725830738,1.0,0.4337975236747788,0.6040644146010994,1.9149269529333488
243,276,90391ae7b37e6f8e,cardiomegaly,on,0.1262517725830738,1.0,0.4428688567754147,0.6138691205793071,1.867762529905972
244,280,890ca06fc523c555,cardiomegaly,off,0.1796071322407886,1.0,0.6258316084436519,0.7656025963260775,2.617832553883785
244,280,890ca06fc523c555,cardiomegaly,on,0.1796071322407886,1.0,0.6414839174822811,0.7815808994816199,2.9239019634495764
245,282,e2e5a8476ea2eba5,cardiomegaly,off,0.1384149817990439,1.0,0.2554359646700469,0.3868584339557613,1.01014262439376
245,282,e2e5a8476ea2eba5,cardiomegaly,on,0.1384149817990439,1.0,0.2132344313558276,0.3514919974686338,0.3813111416338913
246,283,d68117bbfe183d95,cardiomegaly,off,0.1603194791651438,1.0,0.4403709462420017,0.6093031235124687,1.58832251899079
246,283,d68117bbfe183d95,cardiomegaly,on,0.1603194791651438,1.0,0.4979964292691822,0.6648798047329884,1.1317310267675047
247,286,66a74608d016ae2c,cardiomegaly,off,0.1575905540205351,1.0,0.404838094158286,0.570945939353628,1.7448880440569865
247,286,66a74608d016ae2c,cardiomegaly,on,0.1575905540205351,1.0,0.5711462503645548,0.7270400782503417,1.4632393441154643
248,291,e8e8a1f210ad58fd,cardiomegaly,off,0.1332348971049028,1.0,0.3591675879026832,0.5255068588220567,1.2402083302525482
248,291,e8e8a1f210ad58fd,cardiomegaly,on,0.1332348971049028,1.0,0.4349540762108,0.6062215433787383,1.000783748298804
249,297,c6eb3bdeddb04716,cardiomegaly,off,0.133590631989825,1.0,0.0697990912546615,0.1298543430771935,0.241553169439416
249,297,c6eb3bdeddb04716,cardiomegaly,on,0.133590631989825,1.0,0.0958555326218579,0.1749291789301013,-0.0219466438220257
250,298,057d72fd8f724e9f,cardiomegaly,off,0.1673123498482035,1.0,0.3799361984069811,0.5493003916119938,0.850297019010105
250,298,057d72fd8f724e9f,cardiomegaly,on,0.1673123498482035,1.0,0.3716713896504452,0.5419175725813467,0.8609759753421564
251,320,3b5deb6b8277b2fc,cardiomegaly,off,0.1645639323811333,1.0,0.5286521303255851,0.6819986153492297,2.0581627748625824
251,320,3b5deb6b8277b2fc,cardiomegaly,on,0.1645639323811333,1.0,0.6803038298726554,0.8097285978164679,1.6969659432620536
252,323,ac6ee2faa45f13ea,cardiomegaly,off,0.1457294758027182,1.0,0.3718647205472148,0.5333106199156432,1.8176765976387672
252,323,ac6ee2faa45f13ea,cardiomegaly,on,0.1457294758027182,1.0,0.6160289211290413,0.7623793749890126,1.3819214251117171
253,330,d914627fd7043b26,cardiomegaly,off,0.136494988036587,0.0,0.1689800419274021,0.2855336890964632,0.2795726124846455
253,330,d914627fd7043b26,cardiomegaly,on,0.136494988036587,0.0,0.1984148823016875,0.3311205690575557,0.3445201901708487
254,331,2dcd061d752720b3,cardiomegaly,off,0.1651097174100551,1.0,0.2734454165081275,0.4264715676232616,0.983530304003873
254,331,2dcd061d752720b3,cardiomegaly,on,0.1651097174100551,1.0,0.3077553555262227,0.470656320186049,0.571868675680953
255,334,3be03514cc889234,cardiomegaly,off,0.1558801027245393,1.0,0.3470023392055718,0.511722405812925,1.163546492595497
255,334,3be03514cc889234,cardiomegaly,on,0.1558801027245393,1.0,0.4227751630794226,0.594289968589681,0.8425799317359199
256,336,99498cee40a343d2,cardiomegaly,off,0.1686865585817386,1.0,0.2789239196384871,0.4327522853985753,0.9620701039704728
256,336,99498cee40a343d2,cardiomegaly,on,0.1686865585817386,1.0,0.3474589131558361,0.5157179058483445,0.6447063394314129
257,337,afa5f1d02875ed9c,cardiomegaly,off,0.1326598735922888,1.0,0.3662053869253091,0.5294392834203985,1.7790304436138753
257,337,afa5f1d02875ed9c,cardiomegaly,on,0.1326598735922888,1.0,0.6512182475418681,0.7887677129329138,1.502268213220982
258,344,c8b8ed6ec32a0194,cardiomegaly,off,0.1488726127996335,1.0,0.4334840148492342,0.6037170179715947,1.1369496536841932
258,344,c8b8ed6ec32a0194,cardiomegaly,on,0.1488726127996335,1.0,0.4728314569141918,0.6420685463645883,1.0212543449040576
259,347,8fb7cd9284a2390b,cardiomegaly,off,0.157039895910998,0.0,0.1520018168829221,0.2579723815707532,0.6091760123940031
259,347,8fb7cd9284a2390b,cardiomegaly,on,0.157039895910998,0.0,0.0962336094505196,0.1755564653425453,0.0924708487154008
260,350,0eec7465b21851ca,cardiomegaly,off,0.2085434849348712,1.0,0.3418406202664519,0.5066553968081362,0.9548894528521586
260,350,0eec7465b21851ca,cardiomegaly,on,0.2085434849348712,1.0,0.3071297715862564,0.4699232349093946,0.5156768355021394
261,355,2d1043b3ab978914,cardiomegaly,off,0.1489408359282487,1.0,0.443007857510148,0.6062655459973784,1.845499221087061
261,355,2d1043b3ab978914,cardiomegaly,on,0.1489408359282487,1.0,0.6167461759624511,0.7629380434965067,1.4818247006751712
262,357,17b1583a7369977f,cardiomegaly,off,0.1446817634704131,1.0,0.4597290116763208,0.6237710077371953,1.5894489752837129
262,357,17b1583a7369977f,cardiomegaly,on,0.1446817634704131,1.0,0.5509768038777232,0.7104879846469979,1.336644315654265
263,358,2481059373ed3b95,cardiomegaly,off,0.131314903342446,1.0,0.3076606699850381,0.4653451212058105,1.059920125872403
263,358,2481059373ed3b95,cardiomegaly,on,0.131314903342446,1.0,0.4069026747076886,0.5784373424292067,0.8362415984999382
264,362,1ae57b9c3f3c2647,cardiomegaly,off,0.1580193851146879,1.0,0.2433235017679487,0.391213119060332,0.9584854170699504
264,362,1ae57b9c3f3c2647,cardiomegaly,on,0.1580193851146879,1.0,0.2322027485348888,0.3768901515788583,0.4896015497829005
265,363,b2049f03ac1c3bf0,cardiomegaly,off,0.2010584331096589,1.0,0.5255436661449042,0.6877746477845548,1.5145772091084535
265,363,b2049f03ac1c3bf0,cardiomegaly,on,0.2010584331096589,1.0,0.443825613951586,0.614744422423825,1.014881617575224
266,367,b23fb11991bb664d,cardiomegaly,off,0.1490382975405562,1.0,0.4155290067283023,0.5789108174668363,1.809654729614356
266,367,b23fb11991bb664d,cardiomegaly,on,0.1490382975405562,1.0,0.6351071798060357,0.7768334369904617,1.4360479303124505
267,371,fe977ddea6753ea5,cardiomegaly,off,0.1792075396303281,1.0,0.2513366486054751,0.401579864498353,0.7329442635316281
267,371,fe977ddea6753ea5,cardiomegaly,on,0.1792075396303281,1.0,0.2567597029462437,0.4086052595199648,0.5798354133163666
268,374,3f426be3dbce8d45,cardiomegaly,off,0.1830865118001647,0.0,0.112508696137347,0.2003247638369606,0.4943325427426403
268,374,3f426be3dbce8d45,cardiomegaly,on,0.1830865118001647,0.0,0.0930793251349382,0.1703014106343449,0.0318011919218796
269,394,e155acf502336722,cardiomegaly,off,0.1709915257128098,0.0,0.1945891229166149,0.3168807187448073,0.4706555314212118
269,394,e155acf502336722,cardiomegaly,on,0.1709915257128098,0.0,0.0146063340366453,0.0287841671353957,-0.3757527119412441
270,396,e1fd40062c7ab19a,cardiomegaly,off,0.1463386108796397,0.0,0.1614286441880147,0.2768923711202662,0.7025610904689558
270,396,e1fd40062c7ab19a,cardiomegaly,on,0.1463386108796397,0.0,0.1638110016474427,0.2815076156577639,0.2982054614982989
271,398,58833757dee99e23,cardiomegaly,off,0.1756453177004907,0.0,0.0106906211991073,0.0207274861056348,-0.0726695488976608
271,398,58833757dee99e23,cardiomegaly,on,0.1756453177004907,0.0,0.0292888538768537,0.0569066782110227,-0.369108209506802
272,401,bd494a54fa94017f,cardiomegaly,off,0.1507000180303983,1.0,0.3636617222845144,0.5294684315007528,1.501698921079194
272,401,bd494a54fa94017f,cardiomegaly,on,0.1507000180303983,1.0,0.4673851083577834,0.6370243497864447,0.989525582296182
273,416,4e6f8212f10d165e,cardiomegaly,off,0.1377132581904302,1.0,0.2083288891677384,0.3412722647750404,0.976324298848008
273,416,4e6f8212f10d165e,cardiomegaly,on,0.1377132581904302,1.0,0.4139798626904194,0.5855472868653162,0.8546264475643618
274,418,8c69ef3783ae4d44,cardiomegaly,off,0.1616498301731405,1.0,0.2736992360814255,0.421607671221059,0.7380878227944556
274,418,8c69ef3783ae4d44,cardiomegaly,on,0.1616498301731405,1.0,0.1451032585853723,0.2534114621630333,0.1768531100731794
275,423,87a3f87cfabe7f9c,cardiomegaly,off,0.1314659688415225,1.0,0.3036862401105353,0.4638387394080571,0.810710982766563
275,423,87a3f87cfabe7f9c,cardiomegaly,on,0.1314659688415225,1.0,0.3692608884463008,0.5393548646940672,0.7393446983809937
276,428,c896dee4d23f27f9,cardiomegaly,off,0.1455686641424109,1.0,0.2252124914207259,0.3642531457198181,0.8043328204141907
276,428,c896dee4d23f27f9,cardiomegaly,on,0.1455686641424109,1.0,0.3821780089247504,0.5530054467266616,0.7449156604816675
277,433,fb0f65c1d50aa8a3,cardiomegaly,off,0.1573712653928434,1.0,0.1461732771905028,0.254670710226709,0.1287077947199303
277,433,fb0f65c1d50aa8a3,cardiomegaly,on,0.1573712653928434,1.0,0.1447574237220555,0.2529033109820277,0.1307141158972805
278,445,6b3b424c930e3c69,cardiomegaly,off,0.1534191970137762,1.0,0.3400905863457853,0.4996758902428998,1.385242334266261
278,445,6b3b424c930e3c69,cardiomegaly,on,0.1534191970137762,1.0,0.4819116807585093,0.6503862034966859,0.9960038939938196
279,451,859c80b4cc1b7d6b,cardiomegaly,off,0.1938560199601382,1.0,0.3588448878564961,0.5264459520883159,0.7498827125505252
279,451,859c80b4cc1b7d6b,cardiomegaly,on,0.1938560199601382,1.0,0.3501171267170178,0.5186186906886354,0.6412048107195678
280,453,f8586b048fcc9d50,cardiomegaly,off,0.150709764191629,0.0,0.2588737590500855,0.4091030774011099,1.2321941235006026
280,453,f8586b048fcc9d50,cardiomegaly,on,0.150709764191629,0.0,0.3225525310573829,0.4877692035472344,0.778812011954303
281,478,35f23ba3e2874c45,cardiomegaly,off,0.1441408515221067,1.0,0.3004951903320118,0.459729059887041,1.1713958165429172
281,478,35f23ba3e2874c45,cardiomegaly,on,0.1441408515221067,1.0,0.419752035590078,0.5912997831198751,0.8381221537461906
282,480,d45acc110431b7cc,cardiomegaly,off,0.1758353678444902,1.0,0.3597617406445683,0.5269493130723812,0.8842802139984004
282,480,d45acc110431b7cc,cardiomegaly,on,0.1758353678444902,1.0,0.3802389811358336,0.5509710660639363,0.7034763812190242
283,482,6f9d68ac1e5c1f30,cardiomegaly,off,0.1839636663109317,1.0,0.3352355699415028,0.5014743741113254,0.910564851271386
283,482,6f9d68ac1e5c1f30,cardiomegaly,on,0.1839636663109317,1.0,0.3534068962557316,0.5222465122016382,0.6483732141674327
284,487,7bf705c20a586dc0,cardiomegaly,off,0.1586041547885326,0.0,0.1300762284062352,0.2233796694556714,0.8556158885006588
284,487,7bf705c20a586dc0,cardiomegaly,on,0.1586041547885326,0.0,0.2657999205526744,0.4199535356201332,0.5691222443503965
285,494,3c1cf07a675d1898,cardiomegaly,off,0.1367240228255096,0.0,0.1463387172598278,0.252909873326912,0.6331067291685629
285,494,3c1cf07a675d1898,cardiomegaly,on,0.1367240228255096,0.0,0.1089557924396935,0.1965006818777537,0.1363148655064557
286,497,6391a90b95e3ec53,cardiomegaly,off,0.1353985448981282,0.0,0.0791673000728944,0.1424594585909115,0.3357270350221294
286,497,6391a90b95e3ec53,cardiomegaly,on,0.1353985448981282,0.0,0.1870349726336262,0.3151276422819393,0.2811224056941436
287,504,baaade0d652588df,cardiomegaly,off,0.1635844431774434,1.0,0.2544786721409403,0.3986361015681158,1.2164708806366151
287,504,baaade0d652588df,cardiomegaly,on,0.1635844431774434,1.0,0.3360589270787542,0.5030450538098896,0.6558889236382817
288,505,72d910c6519cd39e,cardiomegaly,off,0.1638378433694428,0.0,0.0887962695123444,0.1579024569332137,0.7096156703130204
288,505,72d910c6519cd39e,cardiomegaly,on,0.1638378433694428,0.0,0.0786308636062913,0.1457906610665278,0.0319676199981226
289,511,1a9419899edfacb1,cardiomegaly,off,0.1524299616488555,1.0,0.3362856820499198,0.5009895457375649,1.1581761488293636
289,511,1a9419899edfacb1,cardiomegaly,on,0.1524299616488555,1.0,0.4379357846811388,0.6091138209034852,0.9037105699107476
290,517,b999b82f377b197d,cardiomegaly,off,0.1871993918395392,1.0,0.5001363854667822,0.6659000713346916,1.4545458857459348
290,517,b999b82f377b197d,cardiomegaly,on,0.1871993918395392,1.0,0.5154423123023448,0.6802500540869744,1.1044040517176543
291,519,966db46987810e93,cardiomegaly,off,0.1721123342543455,1.0,0.4818219533799073,0.6435824368222609,1.7675436725315292
291,519,966db46987810e93,cardiomegaly,on,0.1721123342543455,1.0,0.5671089017594726,0.7237444309228397,1.849098514107736
292,529,dee75173b4711883,cardiomegaly,off,0.1572640576193052,1.0,0.3991949138604078,0.5633123069982533,1.5490117776176564
292,529,dee75173b4711883,cardiomegaly,on,0.1572640576193052,1.0,0.5133360111517165,0.6784118338542822,1.0618949852499902
293,18,e9c6af6099408088,interstitial pattern,off,0.178369369764484,1.0,0.3054546654816911,0.4677112056774044,0.9299374174297926
293,18,e9c6af6099408088,interstitial pattern,on,0.178369369764484,1.0,0.3145013698705843,0.4785103155606851,0.6951867478852362
294,46,a1d99527701d5849,interstitial pattern,off,0.1874186804672309,1.0,0.6012027365536767,0.7498770361249412,1.7400787185773536
294,46,a1d99527701d5849,interstitial pattern,on,0.1874186804672309,1.0,0.5705821908073502,0.7265742758287492,1.2420349447091172
295,55,cf6f75b020455153,interstitial pattern,off,0.1105701991628047,1.0,0.0444445734319313,0.0848450044804713,0.9401380837467732
295,55,cf6f75b020455153,interstitial pattern,on,0.1105701991628047,1.0,0.1231655077140966,0.2192931351876604,0.4163555008006705
296,66,b38f8a63b1025b6b,interstitial pattern,off,0.1916874990862974,1.0,0.4964559889113831,0.6605484115770327,2.03993396108245
296,66,b38f8a63b1025b6b,interstitial pattern,on,0.1916874990862974,1.0,0.4175825308672343,0.5891366654610246,1.93172690108348
297,73,90318a9405c3be4a,interstitial pattern,off,0.16059724476022,1.0,0.2943341768443966,0.4538593441297298,2.1510976704995
297,73,90318a9405c3be4a,interstitial pattern,on,0.16059724476022,1.0,0.2363749872813595,0.3823627945640623,2.293989614508945
298,94,90f3c92844fe7854,interstitial pattern,off,0.1903474019170699,1.0,0.4013073231851322,0.5715864314315362,0.6452889241108052
298,94,90f3c92844fe7854,interstitial pattern,on,0.1903474019170699,1.0,0.3849260527600356,0.555874617394244,0.7139631679459051
299,144,a32a449182cc66e6,interstitial pattern,off,0.153156050660546,0.0,0.1625193206279784,0.2782799151497612,0.8378692599770936
299,144,a32a449182cc66e6,interstitial pattern,on,0.153156050660546,0.0,0.171124729597781,0.2922355448603153,0.6018157505545474
300,169,d40002e75a46ce19,interstitial pattern,off,0.1211496571787787,1.0,0.1262245974309766,0.2213427339440223,0.7637107909418145
300,169,d40002e75a46ce19,interstitial pattern,on,0.1211496571787787,1.0,0.2217211010292224,0.3629642131105882,0.8122319480053689
301,187,f9d1f5bfeb6e20bc,interstitial pattern,off,0.1862052833940032,1.0,0.4601032285618423,0.6296900727443278,1.81793108100535
301,187,f9d1f5bfeb6e20bc,interstitial pattern,on,0.1862052833940032,1.0,0.4895641026558711,0.6573252422001882,1.618825375767916
302,210,d04d05023f7c74ed,interstitial pattern,off,0.1601586675048365,1.0,0.4713062311082058,0.6360264637414778,1.930572515471629
302,210,d04d05023f7c74ed,interstitial pattern,on,0.1601586675048365,1.0,0.4726576325284021,0.6418939060920212,2.7540021635555605
303,229,211047ec8fa23fdb,interstitial pattern,off,0.189864966936148,1.0,0.186909749828557,0.310022734124414,2.429564772058449
303,229,211047ec8fa23fdb,interstitial pattern,on,0.189864966936148,1.0,0.1169512129471934,0.2094072045127292,2.262659755643345
304,230,6699fd266091dac8,interstitial pattern,off,0.1553099522925407,1.0,0.2142617772584876,0.348995200336875,1.1733225327527688
304,230,6699fd266091dac8,interstitial pattern,on,0.1553099522925407,1.0,0.2705628861363293,0.4258782306847075,0.5282384443846099
305,262,422fd65f92b19406,interstitial pattern,off,0.181103167989708,0.0,0.2958788420261146,0.4523579750805487,1.0017240043270266
305,262,422fd65f92b19406,interstitial pattern,on,0.181103167989708,0.0,0.3847637933826462,0.5556999357912349,0.7907229880541432
306,277,d517c7f3330a223f,interstitial pattern,off,0.1913463834432213,1.0,0.6249941681374549,0.7675671558265199,2.2884095843506733
306,277,d517c7f3330a223f,interstitial pattern,on,0.1913463834432213,1.0,0.6482243166309996,0.7865686045442579,2.473231996873619
307,295,63d56094353813df,interstitial pattern,off,0.137932546818122,1.0,0.299359371572138,0.4596197633443335,1.1467740189158542
307,295,63d56094353813df,interstitial pattern,on,0.137932546818122,1.0,0.3260074064815768,0.4917125392451089,0.9371795362791954
308,310,c00225f5e8666d20,interstitial pattern,off,0.2041382200585744,1.0,0.6976112568083822,0.816026252738028,2.288612318964925
308,310,c00225f5e8666d20,interstitial pattern,on,0.2041382200585744,1.0,0.662747944538318,0.7971383284402652,1.620978548145419
309,311,5461f5f492d355f9,interstitial pattern,off,0.1969211876672076,1.0,0.431243452351248,0.5975149608027178,1.9727737881611136
309,311,5461f5f492d355f9,interstitial pattern,on,0.1969211876672076,1.0,0.4481400936398382,0.6189015306149485,1.876576300465352
310,315,0449a885c64c1338,interstitial pattern,off,0.1559142142888469,0.0,0.1341015795977245,0.2361949552905751,-0.2196920909520046
310,315,0449a885c64c1338,interstitial pattern,on,0.1559142142888469,0.0,0.1173992052080063,0.2101287909153814,0.0104905120359966
311,329,e1193f1b5d09f86a,interstitial pattern,off,0.1858398023478502,1.0,0.3525557685556782,0.5186036461048696,1.319921754150454
311,329,e1193f1b5d09f86a,interstitial pattern,on,0.1858398023478502,1.0,0.4125110210125798,0.5840796063655121,0.9121145528771208
312,389,bcdb44370d7eb1d4,interstitial pattern,off,0.2029004575822698,1.0,0.4170731382630287,0.5768326968333747,1.0326528551069305
312,389,bcdb44370d7eb1d4,interstitial pattern,on,0.2029004575822698,1.0,0.322551091752188,0.4877404381694624,0.7414694214821038
313,402,87dcc15c2f19b537,interstitial pattern,off,0.1792903820007894,1.0,0.3104044153255013,0.4696128632318658,1.3292654526004302
313,402,87dcc15c2f19b537,interstitial pattern,on,0.1792903820007894,1.0,0.3641153126643103,0.5338341997893679,1.131830521212186
314,405,7fd9d691815896db,interstitial pattern,off,0.1761813565681817,1.0,0.4193672661024534,0.5833935375473553,1.5545820450344392
314,405,7fd9d691815896db,interstitial pattern,on,0.1761813565681817,1.0,0.5022685490686067,0.6686706190704939,1.0259887188259016
315,429,9b6e215db52ea84a,interstitial pattern,off,0.1449205444205663,1.0,0.1910840166956074,0.3198738910808048,0.3105119630571757
315,429,9b6e215db52ea84a,interstitial pattern,on,0.1449205444205663,1.0,0.2273177346284617,0.370429901749501,0.3636799119621883
316,430,f0a56bcd504f6ff8,interstitial pattern,off,0.1999619899712001,1.0,0.5143160242457014,0.6780796596609003,1.4583079986355942
316,430,f0a56bcd504f6ff8,interstitial pattern,on,0.1999619899712001,1.0,0.5290833188212994,0.6920232805946331,1.07707352788462
317,441,b6d42511ef9b2567,interstitial pattern,off,0.2031246192905769,0.0,0.3599661160786949,0.5279319418210648,1.279343996894162
317,441,b6d42511ef9b2567,interstitial pattern,on,0.2031246192905769,0.0,0.3643172708667442,0.5340619088685999,0.911234906484644
318,448,0c531bccfb44e11f,interstitial pattern,off,0.207690695827181,1.0,0.4048871581238843,0.5753789335131151,1.4499064473273713
318,448,0c531bccfb44e11f,interstitial pattern,on,0.207690695827181,1.0,0.3851347182221757,0.5560943701656875,0.900839301011619
319,450,20664a317941438a,interstitial pattern,off,0.2132606269705519,1.0,0.4123556982550541,0.5826068729237429,1.1798615340615184
319,450,20664a317941438a,interstitial pattern,on,0.2132606269705519,1.0,0.3994647447906811,0.5708777556148041,0.7825244922907021
320,474,ef925bdd7a9847b9,interstitial pattern,off,0.1197364638003206,1.0,0.2403058838242332,0.3836543605644218,1.2497924200941712
320,474,ef925bdd7a9847b9,interstitial pattern,on,0.1197364638003206,1.0,0.3915360177494909,0.5627315804641178,0.841248686606503
321,475,ec7abfbf765e1690,interstitial pattern,off,0.1587259818039169,1.0,0.3832529858962694,0.5439072880368958,1.5199268529263492
321,475,ec7abfbf765e1690,interstitial pattern,on,0.1587259818039169,1.0,0.475227453579835,0.644261055115675,0.9946540393640116
322,483,67bd3c74cf584ff0,interstitial pattern,off,0.1723657344463449,0.0,0.3044857996020849,0.4662154840322969,1.326922911494652
322,483,67bd3c74cf584ff0,interstitial pattern,on,0.1723657344463449,0.0,0.3264545439566924,0.4922196909732798,1.0981051504174235
323,496,262c886227014d4e,interstitial pattern,off,0.1593010053165309,1.0,0.3728496358226257,0.5377367639930613,1.3244196841948654
323,496,262c886227014d4e,interstitial pattern,on,0.1593010053165309,1.0,0.5029890204360786,0.669314699907359,1.044707696805225
324,506,598bd23a0f437d3c,interstitial pattern,off,0.2117256065767096,1.0,0.4124849724443807,0.5773625758440836,1.504274243651755
324,506,598bd23a0f437d3c,interstitial pattern,on,0.2117256065767096,1.0,0.4806738075445675,0.6492530718991182,0.9407961660675672
325,507,fec6422c494e2973,interstitial pattern,off,0.1929398808044481,1.0,0.4628205693596621,0.6261553269275161,1.4008298584467431
325,507,fec6422c494e2973,interstitial pattern,on,0.1929398808044481,1.0,0.4848205677896763,0.6530194248082741,0.9737567835531205
326,2,5ba6a17e672673ac,nodule,off,0.1844655936143151,0.0,0.0099405300831738,0.019664699284181,1.5905695294863602
326,2,5ba6a17e672673ac,nodule,on,0.1844655936143151,0.0,0.0151652141909024,0.0298771233236302,2.2143370979396915
327,4,31cef6e4e32f976a,nodule,off,0.197842199903513,0.0,0.0191598962389532,0.0375500517222998,1.3984464985378096
327,4,31cef6e4e32f976a,nodule,on,0.197842199903513,0.0,0.0260145959036527,0.0507097902852134,2.017262048062598
328,5,791df30f73b6bdce,nodule,off,0.1575125847306892,0.0,0.0,0.0,-0.0618806217285259
328,5,791df30f73b6bdce,nodule,on,0.1575125847306892,0.0,0.0,0.0,-0.4520448464422676
329,16,c5382ff48d694b35,nodule,off,0.173622989245111,0.0,0.0462261587472093,0.0878942394992916,0.7998884158325262
329,16,c5382ff48d694b35,nodule,on,0.173622989245111,0.0,0.0155883931492815,0.0306981372542713,0.0608553368424358
330,17,d4d6c8a665a118fd,nodule,off,0.1448230828082589,1.0,0.1444888821335716,0.2501190631593359,3.012394688467951
330,17,d4d6c8a665a118fd,nodule,on,0.1448230828082589,1.0,0.0736998545588365,0.1372809634872655,2.5768740474251426
331,23,6a273e887e794c84,nodule,off,0.1708940641005024,1.0,0.0291435539631678,0.0564937198154223,2.3267759980147087
331,23,6a273e887e794c84,nodule,on,0.1708940641005024,1.0,0.0308821901648501,0.0599137903314002,2.2945862712424803
332,26,2703456a007cdfd6,nodule,off,0.1897918707269174,0.0,0.0070393458814794,0.0139581392954695,1.1191347706546684
332,26,2703456a007cdfd6,nodule,on,0.1897918707269174,0.0,0.0091002219124043,0.0180362388776065,1.0058035325262422
333,30,15a9576ba2bd05d5,nodule,off,0.1876233498530766,0.0,0.1817427743611894,0.3010698826400713,0.5194806988043461
333,30,15a9576ba2bd05d5,nodule,on,0.1876233498530766,0.0,0.2228879432335443,0.3645154711306529,0.2856243045717523
334,35,6f70f0b7f328ad04,nodule,off,0.169895082574351,0.0,0.0054799735319155,0.0108216469028072,0.8884577013528621
334,35,6f70f0b7f328ad04,nodule,on,0.169895082574351,0.0,0.0059233575365872,0.0117763615901973,0.2626266910453539
335,40,46f6e4be988ee1fe,nodule,off,0.1933930773016778,0.0,0.0096149067326455,0.0190249904054825,1.3939801931481872
335,40,46f6e4be988ee1fe,nodule,on,0.1933930773016778,0.0,0.0123812774466651,0.024459688776389,2.050073379148057
336,51,dd36e0c7c263a696,nodule,off,0.1261543109707663,1.0,0.1857569649903052,0.3132759339865457,0.7788816041649879
336,51,dd36e0c7c263a696,nodule,on,0.1261543109707663,1.0,0.1896330111583511,0.3188092158557271,0.6518460715428025
337,57,529ec6d31cd9f947,nodule,off,0.2105853057127124,0.0,0.0222183494237792,0.0429454190398271,0.662583616746884
337,57,529ec6d31cd9f947,nodule,on,0.2105853057127124,0.0,0.0197222022120041,0.0386805526389836,-0.0255842150783426
338,58,e4874abd256cb5f3,nodule,off,0.2032756847896534,0.0,0.0111500733715319,0.0220260375749143,1.4810255287767076
338,58,e4874abd256cb5f3,nodule,on,0.2032756847896534,0.0,0.0163514467406197,0.0321764342590528,2.0916315594113413
339,67,136ada2e2567ad2d,nodule,off,0.1358761067984347,0.0,0.0064786877207189,0.0127077040651151,0.1095583151045635
339,67,136ada2e2567ad2d,nodule,on,0.1358761067984347,0.0,0.0,0.0,-0.424839201397419
340,71,627d7e9da9da4248,nodule,off,0.1575564424562275,1.0,0.2704920194895892,0.4257555317754952,0.5339761438987045
340,71,627d7e9da9da4248,nodule,on,0.1575564424562275,1.0,0.2746625071466078,0.4309568154974396,0.5769952483742936
341,81,12921884d73c94c5,nodule,off,0.1649976365559015,0.0,0.0424688747365841,0.080558434013512,0.2834707503777374
341,81,12921884d73c94c5,nodule,on,0.1649976365559015,0.0,0.0604853718645087,0.1140704760316465,0.3367406387892889
342,95,c69c8f6cd26e7283,nodule,off,0.2110141368068652,0.0,0.023975873603322,0.0468075334421206,0.9271267545347518
342,95,c69c8f6cd26e7283,nodule,on,0.2110141368068652,0.0,0.0247478048677031,0.0483000426462754,0.5159592013611586
343,96,3c565fb2a9b98cd8,nodule,off,0.1906982637213767,0.0,0.0458923888243908,0.087661669442626,1.1703342703941848
343,96,3c565fb2a9b98cd8,nodule,on,0.1906982637213767,0.0,0.0539304968937746,0.1023416059782462,1.0278174358224272
344,99,de8bae8c48874a29,nodule,off,0.1570593882334595,0.0,0.0,0.0,-0.2777240514927039
344,99,de8bae8c48874a29,nodule,on,0.1570593882334595,0.0,0.0,0.0,-0.4494147325168089
345,100,4b5257cd5e0a6456,nodule,off,0.1831596080093953,0.0,0.0654215992032972,0.1219443169922123,2.281643168532664
345,100,4b5257cd5e0a6456,nodule,on,0.1831596080093953,0.0,0.0524122543062818,0.0996032188175846,2.2243049876159096
346,101,62b654fbb6e1bf36,nodule,off,0.1809131178457085,0.0,0.0017168481742472,0.0034044715447154,0.7437202033922338
346,101,62b654fbb6e1bf36,nodule,on,0.1809131178457085,0.0,0.0,0.0,-0.4659330368000982
347,102,1e9da71c70d41927,nodule,off,0.151703872637165,0.0,0.0513968938920807,0.09739767549962,2.6722155726074432
347,102,1e9da71c70d41927,nodule,on,0.151703872637165,0.0,0.0378933489450018,0.0730193729888661,2.463624750993142
348,109,beec2434ff624b6b,nodule,off,0.1865220336340024,1.0,0.2794939753386452,0.4336070627303009,1.9136040811202628
348,109,beec2434ff624b6b,nodule,on,0.1865220336340024,1.0,0.2868540912503921,0.4458130261965259,2.271256268271105
349,110,53bf9055496e7700,nodule,off,0.1819218455330906,0.0,0.00016383980935,0.0003274114035903,0.3249474948603533
349,110,53bf9055496e7700,nodule,on,0.1819218455330906,0.0,0.0,0.0,-0.4907953125836712
350,119,4b8172a7de453a27,nodule,off,0.184280416550931,0.0,0.0204737992421122,0.0395517696192733,1.0327170673659496
350,119,4b8172a7de453a27,nodule,on,0.184280416550931,0.0,0.0293882521953443,0.0570955514762743,0.6369796635865034
351,122,388ba4ddcba88c63,nodule,off,0.1935295235589082,0.0,0.0599589329873883,0.110013013519714,1.4487776088084847
351,122,388ba4ddcba88c63,nodule,on,0.1935295235589082,0.0,0.0970862127575331,0.1769887828210463,1.5166882179163257
352,135,fcbe7d0e9937ca08,nodule,off,0.1778528232192545,0.0,0.0356737205966724,0.0687428756264517,1.6913286891787296
352,135,fcbe7d0e9937ca08,nodule,on,0.1778528232192545,0.0,0.0332080604860469,0.0642810472357386,2.24545198148275
353,152,62eb41a49c59044c,nodule,off,0.1661038258555911,0.0,0.0219085351307237,0.0427133920082461,2.69925662211489
353,152,62eb41a49c59044c,nodule,on,0.1661038258555911,0.0,0.011459045275918,0.0226583788801196,2.3216114150202247
354,160,9f3085bc1714fbfc,nodule,off,0.1754309021534143,0.0,0.0945627782191693,0.1717011115896502,0.2158832778332445
354,160,9f3085bc1714fbfc,nodule,on,0.1754309021534143,0.0,0.0860917928399605,0.1585335189012097,0.0433476993453283
355,179,af8b609a0d8420b6,nodule,off,0.1896700437115331,0.0,0.0,0.0,0.1987886600581554
355,179,af8b609a0d8420b6,nodule,on,0.1896700437115331,0.0,0.0,0.0,-0.4968468774918615
356,181,46d32bdb4e0bfc6d,nodule,off,0.2025544688585783,0.0,0.0008097134140642,0.0016134317143878,-0.3822921502778565
356,181,46d32bdb4e0bfc6d,nodule,on,0.2025544688585783,0.0,0.0,0.0,-0.5252899171020425
357,188,178af366c915dc33,nodule,off,0.1863368565706182,0.0,0.0299734623516254,0.0577287456733256,1.2856590241973391
357,188,178af366c915dc33,nodule,on,0.1863368565706182,0.0,0.0448769945684817,0.0858989950641983,2.0204991936557004
358,194,1547ed2ca0dc7cf8,nodule,off,0.1760741487946435,1.0,0.1566549658794245,0.2640826355230476,2.6236929969768563
358,194,1547ed2ca0dc7cf8,nodule,on,0.1760741487946435,1.0,0.0786557750543802,0.1458373018902634,2.332763331406845
359,202,311cae76649c299c,nodule,off,0.2019648261041182,0.0,0.0,0.0,0.2757158272141604
359,202,311cae76649c299c,nodule,on,0.2019648261041182,0.0,0.0,0.0,-0.5179878327338016
360,203,7b3442fcfa554b56,nodule,off,0.1860006140081575,0.0,0.060384154021424,0.1134251782031159,0.1718248269122092
360,203,7b3442fcfa554b56,nodule,on,0.1860006140081575,0.0,0.0631808799508074,0.1188516681754085,0.0627227717282029
361,208,fa45a0c99089f06d,nodule,off,0.1284690242630684,1.0,0.584482307979331,0.7343801424568963,3.646369171855497
361,208,fa45a0c99089f06d,nodule,on,0.1284690242630684,1.0,0.2471760679746093,0.3963647554803303,3.088607383308572
362,212,4a2cc7f50a322c9b,nodule,off,0.1616790686568328,1.0,0.0848747022726381,0.1539003666702435,2.7875082395432047
362,212,4a2cc7f50a322c9b,nodule,on,0.1616790686568328,1.0,0.0592781871935383,0.1119192223959664,2.446483809628865
363,225,f6618661e9c11ab9,nodule,off,0.2253604861385222,0.0,0.0002587916606201,0.0005169144554885,-0.0822153039272168
363,225,f6618661e9c11ab9,nodule,on,0.2253604861385222,0.0,0.0,0.0,-0.5610682337591072
364,226,dc3b1a2842b5bde9,nodule,off,0.1951084016782889,0.0,0.0111307260514879,0.0220008918840294,1.50348868841575
364,226,dc3b1a2842b5bde9,nodule,on,0.1951084016782889,0.0,0.0117921669934302,0.0233094203985808,2.0954988372613905
365,231,e6a6edb9671f4997,nodule,off,0.2041966970259589,0.0,0.0500225917614407,0.094892325826437,1.6656460748298647
365,231,e6a6edb9671f4997,nodule,on,0.2041966970259589,0.0,0.0475975450176782,0.0908692526794853,2.076377597600397
366,237,1a56067563f9d98b,nodule,off,0.1085332514655789,0.0,0.0,0.0,0.5352822410685569
366,237,1a56067563f9d98b,nodule,on,0.1085332514655789,0.0,0.0,0.0,-0.231140799529581
367,243,7fd1d6abc4eb09b7,nodule,off,0.1762154681324893,0.0,0.0,0.0,0.1566599697006226
367,243,7fd1d6abc4eb09b7,nodule,on,0.1762154681324893,0.0,0.0,0.0,-0.4750287550085712
368,244,10dd1cccf6713426,nodule,off,0.1686670662592771,0.0,0.022275560847855,0.0432663749591473,0.2520233862958523
368,244,10dd1cccf6713426,nodule,on,0.1686670662592771,0.0,0.0226966367421709,0.044385064478915,-0.084429122660723
369,245,a4ca156bdc6f1e50,nodule,off,0.203597308110268,0.0,0.0,0.0,0.0654872265709354
369,245,a4ca156bdc6f1e50,nodule,on,0.203597308110268,0.0,0.0,0.0,-0.5210641244932598
370,278,e49b9f94ea41c15c,nodule,off,0.1933248541730625,0.0,0.000109540134288,0.0002189603438488,0.4712367390705225
370,278,e49b9f94ea41c15c,nodule,on,0.1933248541730625,0.0,0.0,0.0,-0.5039614813840096
371,287,a434b5c1c1c293b7,nodule,off,0.1608896295971424,0.0,0.1403722605340688,0.2445244273531343,2.690007321150885
371,287,a434b5c1c1c293b7,nodule,on,0.1608896295971424,0.0,0.0683598736120057,0.127970167832823,2.42569996066786
372,299,f9333b96ded07222,nodule,off,0.1906787713989152,0.0,0.0329291141502084,0.0628515443490142,2.5274027430351875
372,299,f9333b96ded07222,nodule,on,0.1906787713989152,0.0,0.017701310032993,0.034786264061495,2.2027781367396773
373,300,cb476906290891fc,nodule,off,0.1720099995614227,0.0,0.0,0.0,0.3128472530716528
373,300,cb476906290891fc,nodule,on,0.1720099995614227,0.0,0.0,0.0,-0.4708020611135617
374,304,454c77ff1a863eb0,nodule,off,0.1649927634752861,0.0,0.1073323667402218,0.1936659219566569,1.4950255178350664
374,304,454c77ff1a863eb0,nodule,on,0.1649927634752861,0.0,0.108663142624837,0.1960249192923696,1.544438900702927
375,317,79b3a198942ba36e,nodule,off,0.1918288184241431,0.0,0.0240935375079066,0.0465448927541441,0.6484249060679351
375,317,79b3a198942ba36e,nodule,on,0.1918288184241431,0.0,0.0269781142861399,0.0525378620035306,0.1171069135099817
376,332,4616b3605893256b,nodule,off,0.1737643085829568,0.0,0.0031210884671824,0.0061901422728619,-0.542922730736018
376,332,4616b3605893256b,nodule,on,0.1737643085829568,0.0,0.0,0.0,-0.5014125362407158
377,341,4760706a91f4d806,nodule,off,0.1995331588770473,0.0,0.0111160349142789,0.0219830837644935,1.1744481872347377
377,341,4760706a91f4d806,nodule,on,0.1995331588770473,0.0,0.0128408675767059,0.0253561299899614,1.1575059280422588
378,345,5c7d19c41a7a931a,nodule,off,0.1342777363565925,1.0,0.4965902851071101,0.6588970048791115,1.835739032521624
378,345,5c7d19c41a7a931a,nodule,on,0.1342777363565925,1.0,0.6048604747226112,0.7537846445873285,1.7183728456269447
379,353,baba146980179c15,nodule,off,0.2221978568191453,0.0,0.0237330117647048,0.0463082983009315,1.4735953469382752
379,353,baba146980179c15,nodule,on,0.2221978568191453,0.0,0.0288057431540461,0.0559981959468875,1.8980756227914168
380,354,1ba64d275eacfef0,nodule,off,0.208840742852409,0.0,0.0222547213750162,0.0434612473722369,1.6045825857502325
380,354,1ba64d275eacfef0,nodule,on,0.208840742852409,0.0,0.0278948608393623,0.0542752740038423,2.040867767739624
381,369,bcc6697081a43ebb,nodule,off,0.1976082920339751,0.0,0.0164322177822264,0.0323272544066799,1.2181321230284257
381,369,bcc6697081a43ebb,nodule,on,0.1976082920339751,0.0,0.0135392423433696,0.0267167295305219,0.7234630716168888
382,375,2fe0944b4d020733,nodule,off,0.1517184918790111,1.0,0.2733552543183591,0.4280316887724049,2.295345208192117
382,375,2fe0944b4d020733,nodule,on,0.1517184918790111,1.0,0.2263709964580258,0.3691641220853618,2.748125719046121
383,385,903704ca004bf410,nodule,off,0.149598701811324,0.0,0.0170199785457061,0.0334071491327666,1.217273328620636
383,385,903704ca004bf410,nodule,on,0.149598701811324,0.0,0.0175120022427995,0.0344211219242083,0.881795490530983
384,392,cdd145559ca14b6a,nodule,off,0.176512726050027,0.0,0.0035476320474875,0.0070423648761312,0.8058724068646475
384,392,cdd145559ca14b6a,nodule,on,0.176512726050027,0.0,0.002139437825578,0.0042695776418247,0.0382932221022155
385,406,4ac5bdc88a2f8372,nodule,off,0.1566354302199221,1.0,0.3325859042546829,0.4926322919894499,1.427332761539675
385,406,4ac5bdc88a2f8372,nodule,on,0.1566354302199221,1.0,0.4753952241274029,0.6444286231819361,1.0148269156829135
386,409,29b9cb23329cf7cd,nodule,off,0.2037922313348829,0.0,0.0,0.0,-0.6866873775781419
386,409,29b9cb23329cf7cd,nodule,on,0.2037922313348829,0.0,0.0,0.0,-0.5378211211054039
387,419,47f29da1a3e01ce1,nodule,off,0.1838662046986243,0.0,0.0565627655232213,0.1066375273144466,1.021289231477491
387,419,47f29da1a3e01ce1,nodule,on,0.1838662046986243,0.0,0.0584427482767082,0.1104300387641514,0.6061420101582949
388,427,cc9b83b25564404d,nodule,off,0.1168369808341739,0.0,0.0202841521309947,0.0397517036175546,0.7478193168256373
388,427,cc9b83b25564404d,nodule,on,0.1168369808341739,0.0,0.0210004197380761,0.041136891410908,0.332067706007736
389,434,b49f828065841b72,nodule,off,0.1451544522901042,1.0,0.437669721948098,0.6087114025122646,2.077269669932521
389,434,b49f828065841b72,nodule,on,0.1451544522901042,1.0,0.3416688690319442,0.5093141541446402,2.043236039387456
390,439,4b0c1be6f2fa0ae1,nodule,off,0.1348186483048989,1.0,0.5468380836714749,0.7066242850861919,2.66351455464232
390,439,4b0c1be6f2fa0ae1,nodule,on,0.1348186483048989,1.0,0.4219901211925202,0.5935081386807025,3.064862421610737
391,440,6a7040fd2005b413,nodule,off,0.1634236315171361,0.0,0.020473211145051,0.040037025266882,2.612141777768522
391,440,6a7040fd2005b413,nodule,on,0.1634236315171361,0.0,0.0160715065576198,0.0316344480532979,2.350247221085997
392,455,80701ea912c38968,nodule,off,0.1601196828599135,0.0,0.0,0.0,-0.1441619854332329
392,455,80701ea912c38968,nodule,on,0.1601196828599135,0.0,0.0,0.0,-0.4485606120350744
393,470,7a85d34d4d0f8e20,nodule,off,0.1774434844475632,0.0,0.0238438930896692,0.0463904486293995,1.743112508585142
393,470,7a85d34d4d0f8e20,nodule,on,0.1774434844475632,0.0,0.0280456011955549,0.0545604125103166,2.2703715948449354
394,472,ab41a0f8182d4bc1,nodule,off,0.2063554717385689,0.0,0.020236768461584,0.0396552472558858,1.1599992335133396
394,472,ab41a0f8182d4bc1,nodule,on,0.2063554717385689,0.0,0.0215020476024505,0.0420988671998526,0.9558384798874776
395,477,d5c1d9f7a116dfae,nodule,off,0.1512360568980892,0.0,0.0,0.0,-0.5421497497135243
395,477,d5c1d9f7a116dfae,nodule,on,0.1512360568980892,0.0,0.0,0.0,-0.4419755901342954
396,488,08e40ded6a91cb4d,nodule,off,0.1572591845386898,0.0,0.1031994327417195,0.1870746515468025,1.2776232616849124
396,488,08e40ded6a91cb4d,nodule,on,0.1572591845386898,0.0,0.1010083632444116,0.1834832493904085,1.0343060458689493
397,499,792effd3029389fb,nodule,off,0.1482634777227119,1.0,0.156996375216001,0.2669306259241025,3.127548344452096
397,499,792effd3029389fb,nodule,on,0.1482634777227119,1.0,0.110011849878598,0.1982122680908404,2.62009725528494
398,501,c353462c47a4a7ba,nodule,off,0.1413778148131904,0.0,0.0137259197399329,0.0270639373509434,0.1109451608106369
398,501,c353462c47a4a7ba,nodule,on,0.1413778148131904,0.0,0.0153542366686641,0.0302440392823342,-0.1090166633723451
399,521,84c18c7af86041aa,nodule,off,0.2186161425668464,0.0,0.0150301313489355,0.0296009783651312,0.9228389170035104
399,521,84c18c7af86041aa,nodule,on,0.2186161425668464,0.0,0.0152026668549575,0.0299500029213469,0.4529913795707995
400,528,36f0ee298e099997,nodule,off,0.2004834095970449,0.0,0.0081981873054396,0.0162580668363175,1.264878484677074
400,528,36f0ee298e099997,nodule,on,0.2004834095970449,0.0,0.0100372640399891,0.0198750366774967,1.2954748234527005
401,13,33b179d6a89a32f1,pleural effusion,off,0.1543548284919277,1.0,0.4344495593059522,0.6040239596611411,1.677192118059603
401,13,33b179d6a89a32f1,pleural effusion,on,0.1543548284919277,1.0,0.5069401454945749,0.6728052862967108,1.2261986073795716
402,21,3cf6ce745b74e09f,pleural effusion,off,0.1611966336759109,1.0,0.2795387711299092,0.4346784518669387,0.994043484956361
402,21,3cf6ce745b74e09f,pleural effusion,on,0.1611966336759109,1.0,0.3571582159785679,0.5263307828921004,0.6679163317547859
403,34,69ee306d0de8bd2d,pleural effusion,off,0.1985146850284344,0.0,0.2640536055831591,0.4173468815370834,1.6442585913630512
403,34,69ee306d0de8bd2d,pleural effusion,on,0.1985146850284344,0.0,0.2733696525199905,0.4293628070139572,1.6200746142295406
404,43,e3f6aeb0d6419151,pleural effusion,off,0.1296970405781423,0.0,0.0,0.0,-1.242559658736856
404,43,e3f6aeb0d6419151,pleural effusion,on,0.1296970405781423,0.0,0.0,0.0,-0.4327703163699064
405,44,01f421ac2c8b7f23,pleural effusion,off,0.1318655614519831,0.0,0.299815583718711,0.461231158889768,2.188704924285744
405,44,01f421ac2c8b7f23,pleural effusion,on,0.1318655614519831,0.0,0.2578935542312234,0.4100334281284727,2.952209398714623
406,47,46b5f3f2fe8fa92d,pleural effusion,off,0.1544084323786968,0.0,0.0642041543128468,0.1204969586156354,1.7971927873736535
406,47,46b5f3f2fe8fa92d,pleural effusion,on,0.1544084323786968,0.0,0.0665997345393992,0.1248816105748061,2.4469315146290267
407,49,c637f6b6fbc52aa6,pleural effusion,off,0.1306034335726016,1.0,0.4045645210013298,0.5759440221140923,2.426000969133741
407,49,c637f6b6fbc52aa6,pleural effusion,on,0.1306034335726016,1.0,0.3164412317986321,0.4807430633037032,2.953363744132393
408,52,ed2c6c44cda73bc0,pleural effusion,off,0.1052293028083563,0.0,0.0862713369707945,0.1579432121142729,0.993379142182608
408,52,ed2c6c44cda73bc0,pleural effusion,on,0.1052293028083563,0.0,0.0650458024377658,0.122145469486598,0.9155386237220332
409,64,c0bc1579b347c146,pleural effusion,off,0.1537651857374676,0.0,0.0956295917516193,0.1743514707240934,1.3007389120992787
409,64,c0bc1579b347c146,pleural effusion,on,0.1537651857374676,0.0,0.0902794419890709,0.1656051172027181,1.1287301613093748
410,65,b54f6faaa57c06df,pleural effusion,off,0.1261591840513817,1.0,0.232145071606291,0.3764461397283207,2.6037002179598696
410,65,b54f6faaa57c06df,pleural effusion,on,0.1261591840513817,1.0,0.1421712414358098,0.2489450731898845,2.905225279825501
411,69,066ed6260c2c0c26,pleural effusion,off,0.1209498608735484,1.0,0.3908644139517007,0.5584505014430803,3.3140946231470214
411,69,066ed6260c2c0c26,pleural effusion,on,0.1209498608735484,1.0,0.1940684538935247,0.3250471113607359,3.072634177283116
412,74,d931503c9db08a1a,pleural effusion,off,0.1643592629952877,1.0,0.1096671420501208,0.1964074290732952,2.516608429239421
412,74,d931503c9db08a1a,pleural effusion,on,0.1643592629952877,1.0,0.0739502562755037,0.1377151352551377,2.3955518289039848
413,75,a044fc0e6f3f828e,pleural effusion,off,0.1588234434162244,1.0,0.3255999093877831,0.487850171326476,1.1161034665104457
413,75,a044fc0e6f3f828e,pleural effusion,on,0.1588234434162244,1.0,0.3974752341547269,0.5688474239332905,0.8335971479092572
414,77,242ca5c078093efe,pleural effusion,off,0.1750264364623384,1.0,0.2837785414091874,0.4410941142362515,1.1058749180720906
414,77,242ca5c078093efe,pleural effusion,on,0.1750264364623384,1.0,0.3244016313542787,0.4898833551578889,0.7631193007734766
415,82,1eb9d327943618ba,pleural effusion,off,0.2017504105570418,1.0,0.3683453171809844,0.5344252767797917,1.3203744992962771
415,82,1eb9d327943618ba,pleural effusion,on,0.2017504105570418,1.0,0.4120422876250112,0.5836034167700141,0.768329682519134
416,84,566c7b943e935e9b,pleural effusion,off,0.1812542334887846,1.0,0.4137326135711429,0.5812263467688319,1.4989062821540362
416,84,566c7b943e935e9b,pleural effusion,on,0.1812542334887846,1.0,0.49909737467839,0.6658612128630728,1.1181733759956225
417,104,8b726f2a1de4c3eb,pleural effusion,off,0.1295411019984503,1.0,0.5472215578292323,0.70199941997574,3.3958453450945627
417,104,8b726f2a1de4c3eb,pleural effusion,on,0.1295411019984503,1.0,0.3035180736986729,0.4656819371079135,3.169798601528781
418,106,21a6d0636b3a01d4,pleural effusion,off,0.1290830324206053,1.0,0.3468453628697163,0.5116283213465619,1.4788781575451164
418,106,21a6d0636b3a01d4,pleural effusion,on,0.1290830324206053,1.0,0.4888398410722865,0.6566696876643989,1.1400613849735657
419,117,61fa68c77304b149,pleural effusion,off,0.1345555019516688,0.0,0.2576027438617457,0.4093159764977271,2.658371185614501
419,117,61fa68c77304b149,pleural effusion,on,0.1345555019516688,0.0,0.1443188975166113,0.2522262960499063,2.825049264515185
420,118,c79c49fa0c554cf5,pleural effusion,off,0.1169831732526351,0.0,0.2376548367936637,0.384006783744396,2.636072492319391
420,118,c79c49fa0c554cf5,pleural effusion,on,0.1169831732526351,0.0,0.1457221000732483,0.2543725391880455,3.032606932951123
421,120,63e108cb88ff486f,pleural effusion,off,0.1503052985005531,0.0,0.1522065638418646,0.2641623432208413,1.794774248920951
421,120,63e108cb88ff486f,pleural effusion,on,0.1503052985005531,0.0,0.1377060693757081,0.2420748130254865,2.131010485910432
422,121,b938250b4ece76c7,pleural effusion,off,0.1350574292550521,1.0,0.5215181300373902,0.6816023097156343,1.9486140935312068
422,121,b938250b4ece76c7,pleural effusion,on,0.1350574292550521,1.0,0.5964244866229457,0.7471984429535532,1.7620275327243806
423,125,e5935687805a3671,pleural effusion,off,0.1644615976882105,1.0,0.0819029475470135,0.1511546919851978,0.5811902098423769
423,125,e5935687805a3671,pleural effusion,on,0.1644615976882105,1.0,0.0976907243539689,0.1779904100537863,0.4059103861565569
424,129,d4a6c3cdf04fa92c,pleural effusion,off,0.1546325940870039,1.0,0.3095206286206726,0.4674375643353974,1.2356740233090515
424,129,d4a6c3cdf04fa92c,pleural effusion,on,0.1546325940870039,1.0,0.4232714198820027,0.5947829188720529,0.8370647355093259
425,138,06efafe7ba8a9f72,pleural effusion,off,0.1602902406814516,0.0,0.3374030465870336,0.5033468762584025,1.6224261652657617
425,138,06efafe7ba8a9f72,pleural effusion,on,0.1602902406814516,0.0,0.3789334950452254,0.5496030496634292,1.4617238222358937
426,140,ae9dbadf1fd84520,pleural effusion,off,0.1830621463970878,1.0,0.2730644835039771,0.4289620200756235,1.3897383505432406
426,140,ae9dbadf1fd84520,pleural effusion,on,0.1830621463970878,1.0,0.2745542841271388,0.4308239386871971,1.0293423756509834
427,150,a043d03d2cd28921,pleural effusion,off,0.2007075713053521,0.0,0.0025237839909066,0.0050207448200716,-0.3420635471637444
427,150,a043d03d2cd28921,pleural effusion,on,0.2007075713053521,0.0,8.533704635053409e-05,0.0001706506181566,-0.510176102252415
428,151,2a0cd17299cb83b4,pleural effusion,off,0.1486728164944032,1.0,0.5799017131216151,0.7334606794584541,2.860128416599707
428,151,2a0cd17299cb83b4,pleural effusion,on,0.1486728164944032,1.0,0.4235678339490393,0.5950653587541269,3.192599476163484
429,156,3a384669c19c2dfb,pleural effusion,off,0.1883543119453825,0.0,0.2481571210586336,0.3936224101716422,1.1410870297718645
429,156,3a384669c19c2dfb,pleural effusion,on,0.1883543119453825,0.0,0.3091604648501467,0.4723021923335648,0.7566651374155149
430,164,2ca3b8f5c4485ed5,pleural effusion,off,0.1478249004673284,1.0,0.3204208733847831,0.4840760121062278,2.1508772747028093
430,164,2ca3b8f5c4485ed5,pleural effusion,on,0.1478249004673284,1.0,0.2465936891983518,0.3956112985628819,2.7785994428051484
431,173,f7eb8b41524d2051,pleural effusion,off,0.152775950372547,0.0,0.3858955989348508,0.5563722525065736,2.107174678266688
431,173,f7eb8b41524d2051,pleural effusion,on,0.152775950372547,0.0,0.398381120327243,0.5697713461719245,2.444097507132207
432,174,f1cb59f606d0cbc1,pleural effusion,off,0.1989825007675102,1.0,0.1958444422278744,0.3274475346607771,1.1214237855216418
432,174,f1cb59f606d0cbc1,pleural effusion,on,0.1989825007675102,1.0,0.2095214714930096,0.3464521439102302,0.7473492377273488
433,183,b0001c5493fecdb9,pleural effusion,off,0.1283374510864533,1.0,0.4626601127911744,0.629771741669215,2.0567915223744464
433,183,b0001c5493fecdb9,pleural effusion,on,0.1283374510864533,1.0,0.5729301980853301,0.7284877434059515,2.0521231118787
434,184,36daff27d00b22df,pleural effusion,off,0.1190152478692455,1.0,0.3320624422570161,0.4969945771269297,2.9426610001703057
434,184,36daff27d00b22df,pleural effusion,on,0.1190152478692455,1.0,0.1872366812216816,0.315409641264493,3.0848515075508405
435,191,cf9720eb47d12024,pleural effusion,off,0.1371041231135086,0.0,0.2756884705079062,0.4320592886677822,2.304632822507346
435,191,cf9720eb47d12024,pleural effusion,on,0.1371041231135086,0.0,0.2086277819097369,0.3452234599115545,2.813109520691815
436,201,f5361e372d0ecacb,pleural effusion,off,0.1571860883294592,1.0,0.4405436586456398,0.6063774972042238,1.803592237242973
436,201,f5361e372d0ecacb,pleural effusion,on,0.1571860883294592,1.0,0.5788254255234155,0.7332322880057548,1.2826760854485026
437,213,d5f1991994ffa543,pleural effusion,off,0.1533899585300839,0.0,0.1870169329364308,0.3150691503151021,1.5153825687331948
437,213,d5f1991994ffa543,pleural effusion,on,0.1533899585300839,0.0,0.1662674868689003,0.2851270858758866,1.3730400903247555
438,215,ab272e3e0f1c8bfc,pleural effusion,off,0.1463044993153321,1.0,0.1842451946670524,0.311149409353982,0.9553142571093765
438,215,ab272e3e0f1c8bfc,pleural effusion,on,0.1463044993153321,1.0,0.1804413499454095,0.305718235091654,0.6530503946051917
439,217,d499df8f16b53c58,pleural effusion,off,0.1116715153818789,1.0,0.2793978836195946,0.4312693735769572,3.554093163358253
439,217,d499df8f16b53c58,pleural effusion,on,0.1116715153818789,1.0,0.1191264909213032,0.2128877718474958,3.078903868344108
440,218,72f351da77e93850,pleural effusion,off,0.1434293817522623,1.0,0.4672980501619852,0.636250818009269,2.3490846450267537
440,218,72f351da77e93850,pleural effusion,on,0.1434293817522623,1.0,0.4697445770233783,0.6392132269495727,3.0253276321444904
441,219,b7474324e13b9f32,pleural effusion,off,0.1474886579048677,1.0,0.3525243184142842,0.5202122506479088,2.717115375096148
441,219,b7474324e13b9f32,pleural effusion,on,0.1474886579048677,1.0,0.2355590422003748,0.3812939377139471,2.8022720268936685
442,224,3b50628e2520b822,pleural effusion,off,0.1771608457718716,1.0,0.4404353734306962,0.6079212710958718,2.0557667628085614
442,224,3b50628e2520b822,pleural effusion,on,0.1771608457718716,1.0,0.4762572371450126,0.6452200735296414,1.9255188911307408
443,227,6a5adc67bfa17890,pleural effusion,off,0.1207305722458566,0.0,0.1331775968192301,0.2336388042105136,2.1834852802221425
443,227,6a5adc67bfa17890,pleural effusion,on,0.1207305722458566,0.0,0.0996510304829041,0.181237430410364,2.9221374123439454
444,234,100c1a9328dd1f51,pleural effusion,off,0.2003177248561223,0.0,0.0069919880812369,0.013828016318862,0.5091251685111249
444,234,100c1a9328dd1f51,pleural effusion,on,0.2003177248561223,0.0,0.0033491523949414,0.0066756989862057,-0.1736687769733667
445,239,f1c6e7f21fa3a466,pleural effusion,off,0.1589598896734548,0.0,0.155173726473485,0.2676361117578237,1.6821111172072394
445,239,f1c6e7f21fa3a466,pleural effusion,on,0.1589598896734548,0.0,0.1250616043181492,0.2223166116432699,1.8277340301770304
446,260,99bfa90d3dae1e59,pleural effusion,off,0.1274846619787631,1.0,0.4523674908016889,0.6214261152474764,1.6267619181004993
446,260,99bfa90d3dae1e59,pleural effusion,on,0.1274846619787631,1.0,0.514477247379571,0.6794117275777591,1.5621787349526872
447,264,6a4dc10a30094a14,pleural effusion,off,0.1270363385621488,1.0,0.1446445435744309,0.2516152099113362,0.5067481651430779
447,264,6a4dc10a30094a14,pleural effusion,on,0.1270363385621488,1.0,0.2415880922970457,0.3891568334696626,0.4396313922878722
448,265,861a33bee0885f1c,pleural effusion,off,0.1463922147664088,1.0,0.6348127247619304,0.7758723223091021,2.7960522211596044
448,265,861a33bee0885f1c,pleural effusion,on,0.1463922147664088,1.0,0.5622339793137976,0.7197630588939198,3.636243348318161
449,270,f5a62f43c6502a22,pleural effusion,off,0.1483511931737886,1.0,0.517732169658297,0.6821106530011265,1.940551304593804
449,270,f5a62f43c6502a22,pleural effusion,on,0.1483511931737886,1.0,0.5064312924625426,0.6723573037778048,1.8062717275820697
450,272,0f338054cbddc18d,pleural effusion,off,0.1401010676919628,1.0,0.5850450945856319,0.7380449538542905,2.7372383967478844
450,272,0f338054cbddc18d,pleural effusion,on,0.1401010676919628,1.0,0.481355628878271,0.649874237168199,3.2234184284470784
451,279,41b0dfbcc6ffd34f,pleural effusion,off,0.1626536847799073,1.0,0.2831482410726909,0.440400489387075,1.1313839478095753
451,279,41b0dfbcc6ffd34f,pleural effusion,on,0.1626536847799073,1.0,0.3512516843790608,0.519889687520145,0.8337091653720119
452,296,b059249baf253a5b,pleural effusion,off,0.191146587137991,1.0,0.5083042240257141,0.671303293284556,1.8269552903631363
452,296,b059249baf253a5b,pleural effusion,on,0.191146587137991,1.0,0.5652530984418719,0.7222499180545799,1.4504295688322184
453,305,88aab495bd0b6f9f,pleural effusion,off,0.159393593848223,1.0,0.2725519477024362,0.4272173366564562,1.946116887414548
453,305,88aab495bd0b6f9f,pleural effusion,on,0.159393593848223,1.0,0.2095273599402026,0.3464585898771732,1.8429365098230468
454,306,172d42c3c93ebae0,pleural effusion,off,0.1670735688980502,1.0,0.4746098952567038,0.6419842002105351,1.7648806108523485
454,306,172d42c3c93ebae0,pleural effusion,on,0.1670735688980502,1.0,0.5341082312266406,0.6963104928046396,1.2825901148681815
455,313,009e8fe5a96ddd29,pleural effusion,off,0.1913463834432213,1.0,0.4199017771116179,0.5887100592506697,1.5313107137323982
455,313,009e8fe5a96ddd29,pleural effusion,on,0.1913463834432213,1.0,0.4829267641809973,0.6513119683570915,1.0319176872011713
456,316,7625018c3b194ddd,pleural effusion,off,0.1396186327110409,0.0,0.0968880657943128,0.176466202651578,0.3578008509317385
456,316,7625018c3b194ddd,pleural effusion,on,0.1396186327110409,0.0,0.0611196293987376,0.1151972442374725,0.4490097981921568
457,326,5b9e69685ace7e42,pleural effusion,off,0.1683356967774318,0.0,0.1717821548566369,0.2930726766314042,1.895643115945687
457,326,5b9e69685ace7e42,pleural effusion,on,0.1683356967774318,0.0,0.1501349530668762,0.2610698556252335,2.3506614124990084
458,328,ebbc8cfb50c45f2b,pleural effusion,off,0.1587503472069938,0.0,0.1270710917811812,0.2232192192677033,1.1923154933901052
458,328,ebbc8cfb50c45f2b,pleural effusion,on,0.1587503472069938,0.0,0.1789736383472502,0.3036083207994647,0.8981074029769971
459,340,c80af72c8149fb46,pleural effusion,off,0.1751628827195688,0.0,0.0381083240230758,0.0693217485957446,0.3722597143915413
459,340,c80af72c8149fb46,pleural effusion,on,0.1751628827195688,0.0,0.0526711637260348,0.1000605422533346,-0.0427686245508415
460,348,c16f985adfcfefa6,pleural effusion,off,0.1461583068968709,0.0,0.02757678633322,0.0531945552633932,0.9468271216506878
460,348,c16f985adfcfefa6,pleural effusion,on,0.1461583068968709,0.0,0.0121808039928014,0.0240446086301135,0.3933234760008226
461,351,5c85e33bace856bb,pleural effusion,off,0.0904687416243927,0.0,0.2658502814699476,0.419507429649547,3.402907677228151
461,351,5c85e33bace856bb,pleural effusion,on,0.0904687416243927,0.0,0.1256403226163865,0.223231463251904,3.4507256226725427
462,361,b8e83400d937ef41,pleural effusion,off,0.1690861511921991,0.0,0.0679378437601214,0.126769210138547,1.2468635186287864
462,361,b8e83400d937ef41,pleural effusion,on,0.1690861511921991,0.0,0.150760870959689,0.2620133645025096,1.3718017760722514
463,372,6a124967bba4ce54,pleural effusion,off,0.1539357435590057,1.0,0.2112353853128654,0.3389222336308865,2.530212771317453
463,372,6a124967bba4ce54,pleural effusion,on,0.1539357435590057,1.0,0.1065368428097394,0.1925442324623237,2.61608835993656
464,376,24119440056eeeb0,pleural effusion,off,0.1492380938457864,0.0,0.1069455251906501,0.1930935265924101,2.331111321366724
464,376,24119440056eeeb0,pleural effusion,on,0.1492380938457864,0.0,0.0691235565641626,0.1293079157251752,2.523621518444899
465,382,c05ea04a9307c6ab,pleural effusion,off,0.1223533080907757,1.0,0.6041648793988851,0.7502731049651118,1.872544521219213
465,382,c05ea04a9307c6ab,pleural effusion,on,0.1223533080907757,1.0,0.6874083144091174,0.8147492075625455,1.966492679523968
466,388,d02107f98da98bee,pleural effusion,off,0.1726629923638827,0.0,0.1513931397146314,0.2606304667160016,1.718422402670792
466,388,d02107f98da98bee,pleural effusion,on,0.1726629923638827,0.0,0.1371312045247641,0.2411767173204559,2.219302869834466
467,390,f60975acebc82c6f,pleural effusion,off,0.1502322022913225,0.0,0.0390049715511597,0.0746575775462317,1.0563251941908467
467,390,f60975acebc82c6f,pleural effusion,on,0.1502322022913225,0.0,0.0658706209093388,0.1235977107871751,0.7059602343459657
468,411,d718a4a2872bb6ba,pleural effusion,off,0.1417530420205741,0.0,0.1669209443304931,0.2856999776907745,1.6611721720797386
468,411,d718a4a2872bb6ba,pleural effusion,on,0.1417530420205741,0.0,0.1677568986486047,0.2873095039825862,2.051129241112016
469,412,35f682b105677496,pleural effusion,off,0.1508608296907055,1.0,0.3161542524505145,0.4769510780004794,2.1038486133688563
469,412,35f682b105677496,pleural effusion,on,0.1508608296907055,1.0,0.3216009218318206,0.4866766651168996,2.7120216740774614
470,425,4a37cb0788653f87,pleural effusion,off,0.186687718374925,1.0,0.3424761661788962,0.5088993098287535,1.1515126740989732
470,425,4a37cb0788653f87,pleural effusion,on,0.186687718374925,1.0,0.3966040638839081,0.567953795615335,0.7726294318028559
471,435,7897237d1e375fa8,pleural effusion,off,0.1369384383725859,1.0,0.6325540965042996,0.7705999234437404,2.644421596839244
471,435,7897237d1e375fa8,pleural effusion,on,0.1369384383725859,1.0,0.6896212209755322,0.8163010055916704,3.158426975476485
472,438,c358b8f1e7cb26a4,pleural effusion,off,0.1262127879381508,1.0,0.6363049491071713,0.7767884313727356,3.479566521754488
472,438,c358b8f1e7cb26a4,pleural effusion,on,0.1262127879381508,1.0,0.3830312140436318,0.5538866570814502,3.4275741077123003
473,444,f4374a3608e7ac2b,pleural effusion,off,0.1164471343849441,1.0,0.2447869069327305,0.3932046173728223,2.152629062135607
473,444,f4374a3608e7ac2b,pleural effusion,on,0.1164471343849441,1.0,0.2023347292472389,0.3365658417036256,2.8721361628786184
474,452,5d3691006fcd5c24,pleural effusion,off,0.1427958812722639,1.0,0.215997705007699,0.3537819620983579,2.404471347440296
474,452,5d3691006fcd5c24,pleural effusion,on,0.1427958812722639,1.0,0.140686674681105,0.2466628897121519,2.722326894861157
475,456,46cd9bb1b8d268c2,pleural effusion,off,0.1699681787835816,1.0,0.5008993665188872,0.6625894584560754,2.016688758695224
475,456,46cd9bb1b8d268c2,pleural effusion,on,0.1699681787835816,1.0,0.5981933717194465,0.7485790121264733,1.5434183381418702
476,459,aac8cdfd294823cb,pleural effusion,off,0.162453888474677,0.0,0.3114351199331049,0.4737463615311972,1.9524786028539367
476,459,aac8cdfd294823cb,pleural effusion,on,0.162453888474677,0.0,0.2469392944409837,0.396058568694028,2.215689549036664
477,463,2ea44fd3c7b3fb51,pleural effusion,off,0.1714495952906549,0.0,0.1841962178345921,0.3100035766544995,1.1865749709983957
477,463,2ea44fd3c7b3fb51,pleural effusion,on,0.1714495952906549,0.0,0.2169389957484885,0.3565321992777805,1.07542922020532
478,471,29098ce1fe0abac3,pleural effusion,off,0.1492527130876326,0.0,0.0081300016222667,0.0159058583155984,0.3748598795120113
478,471,29098ce1fe0abac3,pleural effusion,on,0.1492527130876326,0.0,0.0,0.0,-0.4487511792620093
479,486,4dcd0faee18f03ad,pleural effusion,off,0.1586041547885326,1.0,0.3710892163053138,0.5402335756835261,2.3208542988101524
479,486,4dcd0faee18f03ad,pleural effusion,on,0.1586041547885326,1.0,0.2696166827676737,0.424714827852728,2.5882486556110607
480,489,ac749d95bee079fc,pleural effusion,off,0.178749470052483,1.0,0.3459235758454307,0.51387448667668,1.911874768034685
480,489,ac749d95bee079fc,pleural effusion,on,0.178749470052483,1.0,0.3143205586880675,0.4782978711989981,1.9801655204192707
481,495,e834a84e7179d95c,pleural effusion,off,0.1798166747072496,1.0,0.5106381069285797,0.6750806861020247,1.8362626309432304
481,495,e834a84e7179d95c,pleural effusion,on,0.1798166747072496,1.0,0.5341888468553064,0.6963784558125188,1.6716817992543425
482,498,58e8f400ed4fe605,pleural effusion,off,0.1059992495455852,1.0,0.4739340654823528,0.6361598265632435,3.955793843300388
482,498,58e8f400ed4fe605,pleural effusion,on,0.1059992495455852,1.0,0.2237413321943679,0.3656483652121252,3.394118125785709
483,500,1cb41e099a7d442d,pleural effusion,off,0.165684740922669,0.0,0.1247705297685541,0.2212021347994951,1.8155253592371927
483,500,1cb41e099a7d442d,pleural effusion,on,0.165684740922669,0.0,0.12865624030094,0.2279790170244096,2.3656183650361946
484,508,e3709cfb45e658ba,pleural effusion,off,0.1273823272858402,1.0,0.2212849221629219,0.3618281320250059,2.7944279527320672
484,508,e3709cfb45e658ba,pleural effusion,on,0.1273823272858402,1.0,0.122475321847924,0.2182211394916006,2.847805801550741
485,510,bf0437290069d1b0,pleural effusion,off,0.2098933282653295,0.0,0.1259875640210505,0.2231557592519689,1.1311691030436093
485,510,bf0437290069d1b0,pleural effusion,on,0.2098933282653295,0.0,0.1346397551253355,0.2373251733536193,0.875083265201253
486,524,bea3af175d3d0cd2,pleural effusion,off,0.143936182136261,1.0,0.4237959066484674,0.595100096595673,1.8114744212403016
486,524,bea3af175d3d0cd2,pleural effusion,on,0.143936182136261,1.0,0.4177590471249074,0.5893216368619547,1.5852615312558065
487,525,5e4f459912b0e161,pleural effusion,off,0.1505976833374754,1.0,0.4463885837322329,0.6165201872104314,2.4810697903032817
487,525,5e4f459912b0e161,pleural effusion,on,0.1505976833374754,1.0,0.340294990174571,0.5077880625671032,2.5695382393643484
488,1,afa00eaadc32bf1b,pleural thickening,off,0.1800944403023259,0.0,0.0,0.0,-1.1274873529547442
488,1,afa00eaadc32bf1b,pleural thickening,on,0.1800944403023259,0.0,0.0,0.0,-0.4860293060386383
489,3,98f03635c961630f,pleural thickening,off,0.162453888474677,0.0,0.0008133401395269,0.0016200918503957,-0.3108166881469204
489,3,98f03635c961630f,pleural thickening,on,0.162453888474677,0.0,0.0,0.0,-0.4638525232590034
490,37,b724ea6434c71097,pleural thickening,off,0.2019014760561183,0.0,0.0396914848259425,0.0751649694648928,-0.1061718100132872
490,37,b724ea6434c71097,pleural thickening,on,0.2019014760561183,0.0,0.0100474766652666,0.0198934591270042,-0.4432606121959113
491,38,9852a11a8db8c08d,pleural thickening,off,0.1978080883392054,0.0,0.0003999802478889,0.0007983638469309,-0.7080962414250991
491,38,9852a11a8db8c08d,pleural thickening,on,0.1978080883392054,0.0,0.0,0.0,-0.5351994485763042
492,60,90bedd88fee05974,pleural thickening,off,0.1887295391527662,0.0,0.0,0.0,-0.7854242265693763
492,60,90bedd88fee05974,pleural thickening,on,0.1887295391527662,0.0,0.0,0.0,-0.5069544673305069
493,80,f27d0623ad27d061,pleural thickening,off,0.1886320775404587,0.0,0.0,0.0,0.2211070753915416
493,80,f27d0623ad27d061,pleural thickening,on,0.1886320775404587,0.0,0.0,0.0,-0.4950065376615338
494,92,2f70ccbbd805fd34,pleural thickening,off,0.1833058004278565,0.0,0.0,0.0,-0.3758868955364903
494,92,2f70ccbbd805fd34,pleural thickening,on,0.1833058004278565,0.0,0.0,0.0,-0.4912079358979304
495,114,a4379da6806981ef,pleural thickening,off,0.1871604071946162,0.0,0.0,0.0,-0.8737740712095936
495,114,a4379da6806981ef,pleural thickening,on,0.1871604071946162,0.0,0.0,0.0,-0.4947035779366046
496,128,b5433ba64b0e525f,pleural thickening,off,0.1540234590100824,0.0,0.0149130971848802,0.0292033426936802,0.4442967851087788
496,128,b5433ba64b0e525f,pleural thickening,on,0.1540234590100824,0.0,0.0071232958610523,0.0141428098733725,-0.1043931604854261
497,141,b6e3786ca16e5d0b,pleural thickening,off,0.1574151231183817,0.0,0.0002052141137053,0.0004100075307505,-0.3536238537318155
497,141,b6e3786ca16e5d0b,pleural thickening,on,0.1574151231183817,0.0,0.0,0.0,-0.4491715057363953
498,146,bbf49c1464082208,pleural thickening,off,0.1729651233620358,0.0,0.0003105264994243,0.0006200902266116,0.1591059498729735
498,146,bbf49c1464082208,pleural thickening,on,0.1729651233620358,0.0,0.0,0.0,-0.4801458924335866
499,149,bd1e1e3213f30d74,pleural thickening,off,0.1863660950543104,0.0,0.0,0.0,-0.5810318479146419
499,149,bd1e1e3213f30d74,pleural thickening,on,0.1863660950543104,0.0,0.0,0.0,-0.4947595358979613
500,158,2c30521979b0a2ea,pleural thickening,off,0.1554074139048482,0.0,0.0004057107641741,0.0008097788483714,-0.0981282201975364
500,158,2c30521979b0a2ea,pleural thickening,on,0.1554074139048482,0.0,0.0047744505316673,0.009503095582307,-0.3597090375678812
501,171,19c89ed50a3f5796,pleural thickening,off,0.181926718613706,0.0,0.0,0.0,-0.6233381772512581
501,171,19c89ed50a3f5796,pleural thickening,on,0.181926718613706,0.0,0.0,0.0,-0.4871874836862388
502,178,252f7efe47fa6188,pleural thickening,off,0.1664546876598979,0.0,0.0040265063500553,0.0079575432184768,0.3369392227030757
502,178,252f7efe47fa6188,pleural thickening,on,0.1664546876598979,0.0,0.0021911898096444,0.0043722519901279,-0.2191917311760978
503,182,3af02da163e9e412,pleural thickening,off,0.165840679502361,1.0,0.413950674826595,0.5839895636151475,1.3610222380726822
503,182,3af02da163e9e412,pleural thickening,on,0.165840679502361,1.0,0.4816638692610181,0.6501652219112699,1.258640437425417
504,190,d7d08096469d872f,pleural thickening,off,0.1473960693731756,1.0,0.1991931011945132,0.3319919923000677,1.4372701948822055
504,190,d7d08096469d872f,pleural thickening,on,0.1473960693731756,1.0,0.1571626940790035,0.2716207986446833,1.2349395105134704
505,197,37c3f6c2a9c8b710,pleural thickening,off,0.1645005823331335,0.0,0.1068267736032722,0.1922961620843103,0.6430561298550246
505,197,37c3f6c2a9c8b710,pleural thickening,on,0.1645005823331335,0.0,0.1290396461110462,0.2285830129901099,0.373666712140804
506,220,d5141885d31ea691,pleural thickening,off,0.120983972437856,0.0,0.0251586271301871,0.0481401749702151,0.934257357078496
506,220,d5141885d31ea691,pleural thickening,on,0.120983972437856,0.0,0.0776720298466489,0.1441466195702959,0.7006082114162742
507,232,de408c679854aab2,pleural thickening,off,0.1961756063330555,0.0,0.0,0.0,-0.3955757024174366
507,232,de408c679854aab2,pleural thickening,on,0.1961756063330555,0.0,0.0,0.0,-0.5104197344065602
508,238,d3821360a85a5e1c,pleural thickening,off,0.142445019467957,0.0,0.0034856756217237,0.0068790084580635,0.9622813612167088
508,238,d3821360a85a5e1c,pleural thickening,on,0.142445019467957,0.0,0.0429184662267814,0.0823041651817799,0.644407446514012
509,252,25e9744b21cac3c4,pleural thickening,off,0.2104293671330205,0.0,0.0,0.0,-1.0058158343280204
509,252,25e9744b21cac3c4,pleural thickening,on,0.2104293671330205,0.0,0.0,0.0,-0.5476724226744327
510,269,bad386e3574a3d58,pleural thickening,off,0.1417286766174972,0.0,0.0,0.0,-0.3474746901916287
510,269,bad386e3574a3d58,pleural thickening,on,0.1417286766174972,0.0,0.0,0.0,-0.4200309568566516
511,293,79eac55aac8981d6,pleural thickening,off,0.164154593609442,0.0,0.0047113555123331,0.0093174692616977,-0.5255048135659359
511,293,79eac55aac8981d6,pleural thickening,on,0.164154593609442,0.0,0.0,0.0,-0.4766865208033825
512,338,b6972094364c75ff,pleural thickening,off,0.1718784263848077,0.0,0.0,0.0,-0.8164405363354628
512,338,b6972094364c75ff,pleural thickening,on,0.1718784263848077,0.0,0.0,0.0,-0.4706069776629083
513,343,48f16b8568f2c072,pleural thickening,off,0.1706065523441954,0.0,0.0032154223830009,0.0063728593122755,0.1517171678272281
513,343,48f16b8568f2c072,pleural thickening,on,0.1706065523441954,0.0,0.0030329848543534,0.0060473318089206,-0.3379726962901066
514,352,0e707aad753ae1f8,pleural thickening,off,0.169895082574351,0.0,0.0,0.0,-1.1257077768623724
514,352,0e707aad753ae1f8,pleural thickening,on,0.169895082574351,0.0,0.0,0.0,-0.4893410560013798
515,366,938fa8836653d1be,pleural thickening,off,0.1858982793152347,0.0,0.0,0.0,-0.8670877413935961
515,366,938fa8836653d1be,pleural thickening,on,0.1858982793152347,0.0,0.0,0.0,-0.5014536606341159
516,373,d86033ff9eb93d1f,pleural thickening,off,0.1807084484598628,1.0,0.5405763372329717,0.7009746507399227,2.1082856190882
516,373,d86033ff9eb93d1f,pleural thickening,on,0.1807084484598628,1.0,0.5679169609744084,0.7244218185167467,1.8021011827585285
517,386,51e438df88904e5f,pleural thickening,off,0.1582094352586875,0.0,0.0528027814900325,0.0988145730754446,0.7938567531260176
517,386,51e438df88904e5f,pleural thickening,on,0.1582094352586875,0.0,0.0290441010981487,0.0564431126476938,0.1125926273009699
518,397,17cdcca0c6de94f2,pleural thickening,off,0.1837931084893937,0.0,0.0,0.0,-1.0105697687006263
518,397,17cdcca0c6de94f2,pleural thickening,on,0.1837931084893937,0.0,0.0,0.0,-0.5046844348556035
519,408,c72d92ad39a4d241,pleural thickening,off,0.1725021807035753,0.0,0.0770623832362786,0.1423931377356301,1.0112761041517726
519,408,c72d92ad39a4d241,pleural thickening,on,0.1725021807035753,0.0,0.1068648654432539,0.1930942076860727,0.6509161791133186
520,431,bc9857f9c34b7ffa,pleural thickening,off,0.1845679283072379,1.0,0.2728251396768248,0.4233541113508273,1.0245585828320205
520,431,bc9857f9c34b7ffa,pleural thickening,on,0.1845679283072379,1.0,0.3372577661495889,0.5043918406069731,0.6048628088590752
521,442,a444535afc10ee60,pleural thickening,off,0.1542866053633125,0.0,0.0103215442985891,0.0204099162160717,0.6957214563986689
521,442,a444535afc10ee60,pleural thickening,on,0.1542866053633125,0.0,0.0008341453039517,0.0016665040207154,-0.1608775632076463
522,457,a1f55f4e2d064a69,pleural thickening,off,0.1439946591036455,0.0,0.0,0.0,-1.0511234016906033
522,457,a1f55f4e2d064a69,pleural thickening,on,0.1439946591036455,0.0,0.0,0.0,-0.431414102399091
523,461,6db95ac0ab339c21,pleural thickening,off,0.1920675993742964,0.0,0.000132830730569,0.0002654851382137,-0.3190778626197618
523,461,6db95ac0ab339c21,pleural thickening,on,0.1920675993742964,0.0,0.0,0.0,-0.5078580238624409
524,462,35ef78b4562f936d,pleural thickening,off,0.1493258092968632,0.0,0.0410829321809256,0.07807542318521,0.302051059579843
524,462,35ef78b4562f936d,pleural thickening,on,0.1493258092968632,0.0,0.0279454098631462,0.0543691886974589,-0.074515692858561
525,464,6e12baf437b8e995,pleural thickening,off,0.1590183666408393,1.0,0.2720308064691652,0.4274416739412593,0.8244817662219845
525,464,6e12baf437b8e995,pleural thickening,on,0.1590183666408393,1.0,0.2828340594707542,0.4409507939733611,0.5852967778392371
526,476,6a828656c7a22397,pleural thickening,off,0.1458269374150256,0.0,0.4075812285380941,0.5781145280532263,1.3434712451800066
526,476,6a828656c7a22397,pleural thickening,on,0.1458269374150256,0.0,0.4478458539939589,0.618636647459851,1.1997486481015358
527,490,29150e9ffbf9c5a0,pleural thickening,off,0.194206881764445,0.0,0.0443261763043475,0.0846992284075301,0.2948076013832587
527,490,29150e9ffbf9c5a0,pleural thickening,on,0.194206881764445,0.0,0.0380914192810161,0.0733870061401376,-0.0223277093027747
528,502,09688f49206e2887,pleural thickening,off,0.1561042644328465,0.0,0.0,0.0,0.0702868635635026
528,502,09688f49206e2887,pleural thickening,on,0.1561042644328465,0.0,0.0043841495661764,0.0087296116952445,-0.2105387782839385
529,514,df69e3008bcd15b9,pleural thickening,off,0.1294290211442968,0.0,0.0,0.0,-0.4940444641344645
529,514,df69e3008bcd15b9,pleural thickening,on,0.1294290211442968,0.0,0.0,0.0,-0.4104843027892396
