idx,rank,pair_id,category,dhs,q,point,iou,dice,cnr
0,0,ccf54bcd24e260a2,alveolar pattern,off,0.122684677572621,1.0,0.5729430371122078,0.7261032094924303,2.607457036226938
0,0,ccf54bcd24e260a2,alveolar pattern,on,0.122684677572621,1.0,0.5159282202917114,0.6806622785455324,3.262398071352842
1,6,985884ef56fc1bd4,alveolar pattern,off,0.1652802752315931,0.0,0.1088227524912155,0.1961468071391306,1.826035183369057
1,6,985884ef56fc1bd4,alveolar pattern,on,0.1652802752315931,0.0,0.0947832454164439,0.1731507234293339,2.417265929284125
2,9,199e69ccc49be76d,alveolar pattern,off,0.1471572884230224,1.0,0.3214574720617844,0.4842849517519106,2.1005967455125774
2,9,199e69ccc49be76d,alveolar pattern,on,0.1471572884230224,1.0,0.2120482101382208,0.3498914271675165,2.0670786768956644
3,33,77dd50b9c0471bf0,alveolar pattern,off,0.1849334093533909,1.0,0.3997271024748963,0.569609651322704,1.6847132875019837
3,33,77dd50b9c0471bf0,alveolar pattern,on,0.1849334093533909,1.0,0.3940556891499895,0.5653313559007919,1.4588487241680028
4,48,a5ac519ee9edeeb2,alveolar pattern,off,0.1203017411517038,1.0,0.475742207646394,0.6434435023038387,2.151495405917623
4,48,a5ac519ee9edeeb2,alveolar pattern,on,0.1203017411517038,1.0,0.3745916210540639,0.5450179427883605,2.081899380027467
5,72,cac35f19b4896262,alveolar pattern,off,0.1439264359750303,1.0,0.3530418313641907,0.5210076589336333,2.215529793641777
5,72,cac35f19b4896262,alveolar pattern,on,0.1439264359750303,1.0,0.2636619302154224,0.417289377364095,2.4287210837308995
6,83,a9c924550f7dbef7,alveolar pattern,off,0.1977496113718209,1.0,0.3677163399992996,0.5350399666512285,1.0275470474445725
6,83,a9c924550f7dbef7,alveolar pattern,on,0.1977496113718209,1.0,0.3817342617284453,0.5525383135508963,0.6786304597700723
7,87,5edf23c8792c14b7,alveolar pattern,off,0.1247362445116929,1.0,0.5591771196366253,0.7145747625552158,2.644310905182815
7,87,5edf23c8792c14b7,alveolar pattern,on,0.1247362445116929,1.0,0.5092128282852072,0.6747947575761298,3.032973221500283
8,93,a188981b3ed526e3,alveolar pattern,off,0.1870239609373858,1.0,0.3877599609694338,0.5557434288428352,1.4152281913799545
8,93,a188981b3ed526e3,alveolar pattern,on,0.1870239609373858,1.0,0.4657458368847439,0.6355057217022486,1.1330782652025435
9,103,64d9172437438868,alveolar pattern,off,0.1631751044057522,1.0,0.5032253394990913,0.6606534195888866,2.722564126455981
9,103,64d9172437438868,alveolar pattern,on,0.1631751044057522,1.0,0.3546855324755731,0.5236093933173926,2.9204923044978743
10,108,c03eafa9870883f7,alveolar pattern,off,0.1646126631872871,0.0,0.0277624060522657,0.0539928852323403,0.8945750531400123
10,108,c03eafa9870883f7,alveolar pattern,on,0.1646126631872871,0.0,0.0193521280890791,0.0379651709708402,0.3071414652898547
11,112,9691f91b24d4dc49,alveolar pattern,off,0.1519718920710105,1.0,0.589890263085668,0.7417139001864845,2.780624845873753
11,112,9691f91b24d4dc49,alveolar pattern,on,0.1519718920710105,1.0,0.5188624187905387,0.6832171089325344,3.395028355063566
12,126,25a454ef982d4a77,alveolar pattern,off,0.1856643714456968,1.0,0.2624411491380773,0.4156951873087183,0.9512711651171256
12,126,25a454ef982d4a77,alveolar pattern,on,0.1856643714456968,1.0,0.2672419097700373,0.4217693642146675,0.6096076690764589
13,130,d8c7f0175a1d0c69,alveolar pattern,off,0.1354960065104357,1.0,0.2742549925475796,0.4286351270372092,0.6242496471537131
13,130,d8c7f0175a1d0c69,alveolar pattern,on,0.1354960065104357,1.0,0.3660609170408643,0.5359354222020329,0.7419919499505667
14,131,752612af200cd226,alveolar pattern,off,0.127718569848301,1.0,0.5412442899595192,0.7012990411162228,3.3725284521052195
14,131,752612af200cd226,alveolar pattern,on,0.127718569848301,1.0,0.295866392102087,0.4566226414133482,3.1769671520473577
15,136,aeef674719471a34,alveolar pattern,off,0.126724461402765,1.0,0.3511397373585412,0.5193283917605742,0.997260083194258
15,136,aeef674719471a34,alveolar pattern,on,0.126724461402765,1.0,0.3188629305005487,0.4835375831376892,0.9689992314441432
16,143,57097f629ce56b8d,alveolar pattern,off,0.1459731298334868,0.0,0.0143454144894611,0.0281484590205099,-0.6724849995840931
16,143,57097f629ce56b8d,alveolar pattern,on,0.1459731298334868,0.0,0.0153758842853183,0.0302853586212983,-0.260408120469708
17,153,461d3abdb0059029,alveolar pattern,off,0.187340711177385,1.0,0.4112008915460204,0.581578542036686,2.1871179646067924
17,153,461d3abdb0059029,alveolar pattern,on,0.187340711177385,1.0,0.3945707175884538,0.5658613857312724,2.469933331424244
18,193,5de02e6948fcbe29,alveolar pattern,off,0.1336491089572094,1.0,0.4060336450610397,0.5771242309374779,2.039384393671384
18,193,5de02e6948fcbe29,alveolar pattern,on,0.1336491089572094,1.0,0.3838089500408367,0.554704124266543,2.676753959104198
19,199,fc755cbf55712051,alveolar pattern,off,0.1551783791159257,1.0,0.4278687950568529,0.5971745039076852,2.6359454071791126
19,199,fc755cbf55712051,alveolar pattern,on,0.1551783791159257,1.0,0.3112712567536598,0.4747497709665861,2.8801387599065693
20,222,e91f227ed7575144,alveolar pattern,off,0.1830572733164724,0.0,0.2251251122118706,0.3674147999280589,1.6641382730615375
20,222,e91f227ed7575144,alveolar pattern,on,0.1830572733164724,0.0,0.2180954342880328,0.358092366892411,1.515622711583832
21,223,c7f14e4870b11bd2,alveolar pattern,off,0.1604705446642204,0.0,0.1397606234723593,0.2385061048440559,2.9735550966336266
21,223,c7f14e4870b11bd2,alveolar pattern,on,0.1604705446642204,0.0,0.0635239696994915,0.1194575880448693,2.4363225899785825
22,253,69a583d5d50ece53,alveolar pattern,off,0.1429274544488789,1.0,0.3123957607226763,0.4736927645934714,1.5289023740927894
22,253,69a583d5d50ece53,alveolar pattern,on,0.1429274544488789,1.0,0.5118581378201972,0.6771174128563413,1.200465628629081
23,271,75c190c8e407a0ec,alveolar pattern,off,0.1970527608438226,1.0,0.3436648210922128,0.5098243288915308,1.0462872106052938
23,271,75c190c8e407a0ec,alveolar pattern,on,0.1970527608438226,1.0,0.3842772103353972,0.555200820641148,0.7757987757702199
24,289,9ed96b8997b4891a,alveolar pattern,off,0.1288783630347597,1.0,0.7217752310463859,0.8364199669779007,3.587407318039993
24,289,9ed96b8997b4891a,alveolar pattern,on,0.1288783630347597,1.0,0.3829854262746468,0.5538364976572723,3.3942360935770743
25,294,f8072c87034e48df,alveolar pattern,off,0.152200926859933,1.0,0.2341583609666811,0.3781010988841642,0.5227471392123605
25,294,f8072c87034e48df,alveolar pattern,on,0.152200926859933,1.0,0.2741783410185544,0.4303609748083114,0.5307509249086367
26,314,dcaa609134e79162,alveolar pattern,off,0.1530927006125462,0.0,0.0945490265510516,0.1722269936947043,-0.7064226667195532
26,314,dcaa609134e79162,alveolar pattern,on,0.1530927006125462,0.0,0.0367827250028487,0.0709508023593022,-0.3168971910994493
27,327,1b2c63d308f7428c,alveolar pattern,off,0.1793147474038663,1.0,0.4547299875446398,0.624463066089141,1.7598359900985812
27,327,1b2c63d308f7428c,alveolar pattern,on,0.1793147474038663,1.0,0.4737315689750486,0.642900426635178,1.3813450974843493
28,339,1078017468e1d174,alveolar pattern,off,0.1941825163613681,1.0,0.2272720853642216,0.3682052753598511,0.7767244613055241
28,339,1078017468e1d174,alveolar pattern,on,0.1941825163613681,1.0,0.267519020253932,0.4221106513390037,0.4430361667489331
29,381,d1daa857e59f76de,alveolar pattern,off,0.1600368404894522,1.0,0.2824632868705298,0.4381853522960137,1.5864049108931
29,381,d1daa857e59f76de,alveolar pattern,on,0.1600368404894522,1.0,0.3897467785585694,0.5608888370056135,1.4149708082602892
30,387,868a4f2cb7300cde,alveolar pattern,off,0.1437753704759538,1.0,0.4331722894953368,0.6010538782963872,1.8180104558038848
30,387,868a4f2cb7300cde,alveolar pattern,on,0.1437753704759538,1.0,0.5793387509338659,0.7336430565761031,1.519203823863069
31,400,59170f2348145e34,alveolar pattern,off,0.1727604539761901,1.0,0.2155701589820006,0.3466320222718407,1.4646884116247951
31,400,59170f2348145e34,alveolar pattern,on,0.1727604539761901,1.0,0.3671680192107717,0.5370891626857551,0.8208612129817177
32,410,dc378d8f41fb1f1e,alveolar pattern,off,0.20153112192935,1.0,0.4425220262454704,0.6081968721494997,1.8205087419618304
32,410,dc378d8f41fb1f1e,alveolar pattern,on,0.20153112192935,1.0,0.5306470013643226,0.6933623530405586,1.291126145369083
33,426,e484f5f98f0c9752,alveolar pattern,off,0.1466309957165621,0.0,0.0607356766114733,0.1138134622087925,2.9414524974032963
33,426,e484f5f98f0c9752,alveolar pattern,on,0.1466309957165621,0.0,0.0301508844475145,0.0585362636101889,2.531407805285129
34,436,d889554187fddacc,alveolar pattern,off,0.1371236154359701,1.0,0.5030355380427667,0.6600224854819627,2.403941152202572
34,436,d889554187fddacc,alveolar pattern,on,0.1371236154359701,1.0,0.6811299430325215,0.8103226176749413,2.3620331384441204
35,447,0d5b377d638a93d1,alveolar pattern,off,0.2118279412696324,1.0,0.3324806781865838,0.4980982195494678,1.826480015919236
35,447,0d5b377d638a93d1,alveolar pattern,on,0.2118279412696324,1.0,0.3220345253983964,0.4871790370788941,1.5843112503187806
36,449,00fbfd1f9903998f,alveolar pattern,off,0.2160236636794682,1.0,0.5910109967653375,0.7377220639212456,1.695936203243298
36,449,00fbfd1f9903998f,alveolar pattern,on,0.2160236636794682,1.0,0.5670072779433706,0.723668863614861,1.2036129586510738
37,473,a7ac899b88a10556,alveolar pattern,off,0.1218513807873923,1.0,0.2355544340250141,0.3812212561335181,0.0781631101537092
37,473,a7ac899b88a10556,alveolar pattern,on,0.1218513807873923,1.0,0.2359417376783451,0.3817976698411059,0.4393095557931463
38,492,1c234f354df67ab3,alveolar pattern,off,0.1496864172624007,1.0,0.5102928612817182,0.6669645079311459,2.257052579596948
38,492,1c234f354df67ab3,alveolar pattern,on,0.1496864172624007,1.0,0.6992300528112373,0.8229962908258921,1.947498095473816
39,14,17ef4f68c1c49a9f,aortic elongation,off,0.1622930768143697,1.0,0.6392507010950383,0.7787043755455357,2.896600091222832
39,14,17ef4f68c1c49a9f,aortic elongation,on,0.1622930768143697,1.0,0.5454584531413215,0.7058748298671158,3.2629552976342246
40,22,fa3a19af60c0eaf1,aortic elongation,off,0.1556120832906938,1.0,0.5780388744455501,0.7309856534884875,2.3986362777275696
40,22,fa3a19af60c0eaf1,aortic elongation,on,0.1556120832906938,1.0,0.6465556357850778,0.7853431692958538,2.4873822922266617
41,24,bfd5f6656b4678c1,aortic elongation,off,0.1532827507565457,0.0,0.2325527442983113,0.3765976222500475,1.2966616664440267
41,24,bfd5f6656b4678c1,aortic elongation,on,0.1532827507565457,0.0,0.2693611885129399,0.4243926604470637,1.1480953777843637
42,28,5f2f0b4c28987688,aortic elongation,off,0.1585602970629943,1.0,0.4637039112907367,0.6325808339225073,1.500999016687754
42,28,5f2f0b4c28987688,aortic elongation,on,0.1585602970629943,1.0,0.4781389277089287,0.6469452293151362,1.31873170370915
43,31,e9625bd203f53a48,aortic elongation,off,0.1563966492697688,1.0,0.584924874040575,0.7337983486546575,2.260367812452153
43,31,e9625bd203f53a48,aortic elongation,on,0.1563966492697688,1.0,0.7009672525836361,0.8241982125253505,2.121416530843621
44,36,4da28936d6e2bece,aortic elongation,off,0.1711913220180401,1.0,0.5618094578997028,0.7192958132196059,2.229839826076831
44,36,4da28936d6e2bece,aortic elongation,on,0.1711913220180401,1.0,0.5463966940756537,0.7066696982047238,1.9286433105952805
45,41,19deb763c708d285,aortic elongation,off,0.1562748222543845,1.0,0.5137022341402593,0.6740343230673957,1.9461358610415709
45,41,19deb763c708d285,aortic elongation,on,0.1562748222543845,1.0,0.6455804943725633,0.7846218246177242,1.4871066511269082
46,45,d40c7f5259a24598,aortic elongation,off,0.1528003157756238,1.0,0.6772597525373324,0.8052055261568857,2.7219212125037062
46,45,d40c7f5259a24598,aortic elongation,on,0.1528003157756238,1.0,0.6960749938764847,0.8207997508962901,3.046400735172233
47,54,cada1a2e8b3c3ab9,aortic elongation,off,0.1904594827712235,1.0,0.3016027276054081,0.4597377317961678,2.036296745494038
47,54,cada1a2e8b3c3ab9,aortic elongation,on,0.1904594827712235,1.0,0.2194146086951731,0.3598660390362856,1.666378590104766
48,59,3521c4cbb1034b4b,aortic elongation,off,0.1932420118026012,1.0,0.5225406418444485,0.6839810675462756,2.2396664975672484
48,59,3521c4cbb1034b4b,aortic elongation,on,0.1932420118026012,1.0,0.4940417875251001,0.6613341471847852,2.7901997838989443
49,68,f48a6c960f0f31d0,aortic elongation,off,0.1505440794507063,1.0,0.5364562150650257,0.6981166134094401,2.20972597500705
49,68,f48a6c960f0f31d0,aortic elongation,on,0.1505440794507063,1.0,0.5180896986538956,0.6825467614954362,2.3430101906419214
50,70,fed109739ed96c34,aortic elongation,off,0.1485412433177882,1.0,0.5876851769938836,0.7350254435730859,2.181412530377681
50,70,fed109739ed96c34,aortic elongation,on,0.1485412433177882,1.0,0.706293214920708,0.8278664753243655,2.0982071294378946
51,79,2597d1512ec90441,aortic elongation,off,0.1379033083344297,1.0,0.4361120286276067,0.6031228722939336,1.680491622409613
51,79,2597d1512ec90441,aortic elongation,on,0.1379033083344297,1.0,0.550962286139567,0.7104773688050023,1.3104285524284878
52,88,6db8c4ef4b75554d,aortic elongation,off,0.1500665175503998,1.0,0.5715467123630225,0.7250920477354239,2.1193246023732137
52,88,6db8c4ef4b75554d,aortic elongation,on,0.1500665175503998,1.0,0.527758571662661,0.6908386816085722,2.185188868709321
53,91,5ac36dced824d910,aortic elongation,off,0.163121500518983,1.0,0.590244370451989,0.7379908524543107,2.349249221359227
53,91,5ac36dced824d910,aortic elongation,on,0.163121500518983,1.0,0.6270731282391153,0.7707418518964633,3.176483145024184
54,97,46e2e197c942966c,aortic elongation,off,0.1468697766667153,1.0,0.4758417182021361,0.6425746106408323,1.81173292575734
54,97,46e2e197c942966c,aortic elongation,on,0.1468697766667153,1.0,0.5392350560177128,0.7006532757471238,1.5943223959478972
55,98,3957ad4026dfe112,aortic elongation,off,0.1562212183676154,0.0,0.0710347317780817,0.1323676194726585,1.0727889437158675
55,98,3957ad4026dfe112,aortic elongation,on,0.1562212183676154,0.0,0.0859965202479089,0.1583734448467492,0.7998309331777002
56,115,cbb83f9f17dd1c99,aortic elongation,off,0.1824383920783201,1.0,0.3681647818362443,0.533247214930506,1.7490789811327314
56,115,cbb83f9f17dd1c99,aortic elongation,on,0.1824383920783201,1.0,0.4444025338508882,0.6153425200527036,2.197510058670065
57,116,e1a2f29ccc110db4,aortic elongation,off,0.1801772826727872,1.0,0.5545688982925452,0.7123646890648889,2.2964386626082964
57,116,e1a2f29ccc110db4,aortic elongation,on,0.1801772826727872,1.0,0.5256838051585895,0.689109505345773,2.215623720020926
58,132,f22151af3b3f2366,aortic elongation,off,0.1544815285879274,1.0,0.3961609266563575,0.5662026610149731,2.576146558938945
58,132,f22151af3b3f2366,aortic elongation,on,0.1544815285879274,1.0,0.254999339901134,0.4063671281666041,2.6874737622993874
59,137,cb65c58a6b14ee41,aortic elongation,off,0.1641643397706728,1.0,0.4086107430857216,0.5764307564094631,1.609324248442994
59,137,cb65c58a6b14ee41,aortic elongation,on,0.1641643397706728,1.0,0.5192308353241455,0.6835420098433282,1.0769905516003384
60,142,101df8794836549e,aortic elongation,off,0.1115107037215716,1.0,0.4968733474168388,0.6603878314337573,1.690655395272702
60,142,101df8794836549e,aortic elongation,on,0.1115107037215716,1.0,0.5864704624633861,0.7393395206460318,1.759491486954083
61,157,f4b3f50031c9ec61,aortic elongation,off,0.148185508432866,1.0,0.3459394449724812,0.5058404282163467,1.7060864702456684
61,157,f4b3f50031c9ec61,aortic elongation,on,0.148185508432866,1.0,0.5684764984658031,0.7248690678009098,1.2600434353334578
62,161,4410bb1d2b0ea17f,aortic elongation,off,0.1609188680808346,1.0,0.5160990410734568,0.6779629581788066,1.942454945174205
62,161,4410bb1d2b0ea17f,aortic elongation,on,0.1609188680808346,1.0,0.5923174193992653,0.743968735313999,1.617048416244061
63,165,2a152bea13130f22,aortic elongation,off,0.1623807922654464,1.0,0.4695127783939791,0.6383971188898082,1.452026304078246
63,165,2a152bea13130f22,aortic elongation,on,0.1623807922654464,1.0,0.4843356001967303,0.6525953554791731,1.1127383299029106
64,168,23b3ccfd2a0fe4eb,aortic elongation,off,0.1779015540254082,0.0,0.4915562302273015,0.6573511125580972,2.4076287002783983
64,168,23b3ccfd2a0fe4eb,aortic elongation,on,0.1779015540254082,0.0,0.4219143289860733,0.5933697677634064,2.9545597894662303
65,175,e8136a56fee26510,aortic elongation,off,0.1672295074777422,1.0,0.2972108454277364,0.448207200844111,2.649386688014885
65,175,e8136a56fee26510,aortic elongation,on,0.1672295074777422,1.0,0.2171342782174041,0.3567863486026393,2.5979855405222825
66,176,b287c43ee9bccb8b,aortic elongation,off,0.1705188368931187,1.0,0.5966751186719241,0.7468029177268483,2.326582453605724
66,176,b287c43ee9bccb8b,aortic elongation,on,0.1705188368931187,1.0,0.6327769753151837,0.7750925670131045,2.2433737407973227
67,180,eeb67d234026f6f9,aortic elongation,off,0.1552417291639255,1.0,0.3633655793157982,0.5323139583648187,1.421600190257791
67,180,eeb67d234026f6f9,aortic elongation,on,0.1552417291639255,1.0,0.3118557966671588,0.4754421547466282,1.0518315637474775
68,186,0333891b0f71e1fb,aortic elongation,off,0.15216194221501,1.0,0.5763185651429422,0.7310055010000869,2.297781819743488
68,186,0333891b0f71e1fb,aortic elongation,on,0.15216194221501,1.0,0.5370577776119843,0.6988095956925244,2.0629867320497395
69,216,f1e46cb81d878187,aortic elongation,off,0.148721547300557,1.0,0.4300923956748063,0.600414201543363,1.6888630985301825
69,216,f1e46cb81d878187,aortic elongation,on,0.148721547300557,1.0,0.4327115720549964,0.6040426862368232,1.4078865175523896
70,221,36e3930c195b1c39,aortic elongation,off,0.1738763894371104,0.0,0.4972788473516831,0.6635074444577956,2.083319902757887
70,221,36e3930c195b1c39,aortic elongation,on,0.1738763894371104,0.0,0.5040474448213159,0.6702460404963083,2.2887689158525686
71,233,63bb0a08676392f3,aortic elongation,off,0.1577026348746887,1.0,0.2642940495508047,0.4161594004517832,1.312497486880849
71,233,63bb0a08676392f3,aortic elongation,on,0.1577026348746887,1.0,0.220583449771985,0.3614345663261963,0.8813485597000261
72,235,dd4addda66584aeb,aortic elongation,off,0.1645395669780565,1.0,0.4914260365207557,0.6505234647863376,2.376286096698609
72,235,dd4addda66584aeb,aortic elongation,on,0.1645395669780565,1.0,0.7492680249662904,0.8566554816794953,1.907071559945255
73,240,db2b48fcaeaef282,aortic elongation,off,0.1506512872242445,1.0,0.6694107802143263,0.7993590380576859,2.363354841329981
73,240,db2b48fcaeaef282,aortic elongation,on,0.1506512872242445,1.0,0.6887663668651302,0.8156604429655463,3.102308882510599
74,241,909d9eee17f7ddd7,aortic elongation,off,0.1616936878986789,1.0,0.3663576236506188,0.5280787445131949,1.6868332982021923
74,241,909d9eee17f7ddd7,aortic elongation,on,0.1616936878986789,1.0,0.5950629034975247,0.7461225492453595,1.281388275945726
75,248,4bd020cb73204921,aortic elongation,off,0.1552709676476178,1.0,0.5311775710475743,0.6920712055522368,2.253998019719904
75,248,4bd020cb73204921,aortic elongation,on,0.1552709676476178,1.0,0.519282964141661,0.6835868896028299,2.064824924295959
76,250,fafc3cfe7014fa5d,aortic elongation,off,0.1406712181239614,1.0,0.4701373492946984,0.6368897555595127,1.5614027091436604
76,250,fafc3cfe7014fa5d,aortic elongation,on,0.1406712181239614,1.0,0.504860583713325,0.6709697026829577,1.3691985618975633
77,254,841cbc366556046e,aortic elongation,off,0.1485461163984035,1.0,0.5701608497089954,0.7190991273253784,2.451312894440761
77,254,841cbc366556046e,aortic elongation,on,0.1485461163984035,1.0,0.7485292559715361,0.8561812386315892,2.9205317102856223
78,255,0cc81d32d5350288,aortic elongation,off,0.1535897548353142,1.0,0.583685262785336,0.7352338545915054,2.3836763865139687
78,255,0cc81d32d5350288,aortic elongation,on,0.1535897548353142,1.0,0.608761072574467,0.7568040805720466,2.321314275847321
79,257,01fe59eca0982fc7,aortic elongation,off,0.1474058155344063,1.0,0.5562167648534165,0.7133387787635389,2.092727935681266
79,257,01fe59eca0982fc7,aortic elongation,on,0.1474058155344063,1.0,0.6156874501528218,0.7621367689402362,2.08331579421532
80,263,426946625b31b4b6,aortic elongation,off,0.1564502531565379,1.0,0.4623146434021457,0.6320659599103571,1.7262748391721234
80,263,426946625b31b4b6,aortic elongation,on,0.1564502531565379,1.0,0.4763100101349982,0.6452706797420417,1.4713838190652306
81,268,92d00ec883d9f857,aortic elongation,off,0.1532632584340842,1.0,0.5890491911606303,0.735846361342498,2.493908311163623
81,268,92d00ec883d9f857,aortic elongation,on,0.1532632584340842,1.0,0.5638162773335977,0.7209828669658512,3.499480852230572
82,275,47046c3aec848d4d,aortic elongation,off,0.1641009897226729,1.0,0.4721748729096869,0.6404434006052433,1.689312816885561
82,275,47046c3aec848d4d,aortic elongation,on,0.1641009897226729,1.0,0.5165235635380881,0.6811938331569378,1.249580606438876
83,281,5877943fcb6caedf,aortic elongation,off,0.1510070221091667,1.0,0.3480141419377119,0.5161915706043738,1.8737781985298665
83,281,5877943fcb6caedf,aortic elongation,on,0.1510070221091667,1.0,0.2982558172840687,0.4594697796488544,1.6081423937509838
84,284,354eff7de62cf564,aortic elongation,off,0.1844997051786227,1.0,0.508585782194759,0.6735022803531863,2.002507685080628
84,284,354eff7de62cf564,aortic elongation,on,0.1844997051786227,1.0,0.5002134480745669,0.6668523803252716,1.6863000162025854
85,285,fdd37ebb7c5238f3,aortic elongation,off,0.1460998299294865,1.0,0.4593521141491518,0.6267236033316413,1.959611086379751
85,285,fdd37ebb7c5238f3,aortic elongation,on,0.1460998299294865,1.0,0.5668488845072862,0.7235523745977862,1.9736078133923387
86,288,bb507a0de0ae0301,aortic elongation,off,0.1397063481621176,1.0,0.5227054348920552,0.6857878482681593,1.946267377513068
86,288,bb507a0de0ae0301,aortic elongation,on,0.1397063481621176,1.0,0.5300912193053101,0.6928869322935156,1.6962103004777582
87,290,7fb32bdbee67f55a,aortic elongation,off,0.1384929510888898,1.0,0.5119422394726264,0.6751574783231307,2.185697309637504
87,290,7fb32bdbee67f55a,aortic elongation,on,0.1384929510888898,1.0,0.5817316819971167,0.7355611222320706,2.130681600273049
88,301,27445e3a73bb12f2,aortic elongation,off,0.1519231612648568,1.0,0.4956204332578857,0.6578873240166292,2.065573514986817
88,301,27445e3a73bb12f2,aortic elongation,on,0.1519231612648568,1.0,0.6247140241545269,0.7690135532415004,1.932636484787658
89,302,24b38217d36643ec,aortic elongation,off,0.1840270163589316,0.0,0.0768313499691402,0.1426142883302609,1.33681130148328
89,302,24b38217d36643ec,aortic elongation,on,0.1840270163589316,0.0,0.0788188113068612,0.146120263285031,1.2448600363950124
90,303,7fa41fd84372c5f0,aortic elongation,off,0.1555536063233094,1.0,0.3198723693510326,0.4739997539994983,1.8168359241201424
90,303,7fa41fd84372c5f0,aortic elongation,on,0.1555536063233094,1.0,0.6252376179723012,0.7693949075450975,1.5398956466974505
91,307,786281fa2cbe27cb,aortic elongation,off,0.1779502848315619,1.0,0.6961826119537946,0.8112475421061742,2.813829251028361
91,307,786281fa2cbe27cb,aortic elongation,on,0.1779502848315619,1.0,0.791555034857133,0.8836435256282286,3.559130183124517
92,308,4fdbb59282082874,aortic elongation,off,0.1481221583848661,1.0,0.6675919425091287,0.796128509615143,2.52301834930511
92,308,4fdbb59282082874,aortic elongation,on,0.1481221583848661,1.0,0.7151256989472151,0.8338959005145175,3.0222501970357363
93,309,6c7a5880b102eb17,aortic elongation,off,0.1985000657865883,1.0,0.2945293341958091,0.4514550887736101,1.843914382327032
93,309,6c7a5880b102eb17,aortic elongation,on,0.1985000657865883,1.0,0.3343280006460095,0.5011142235904854,2.168658004267767
94,319,ca5b06714e75e653,aortic elongation,off,0.1631507390026753,1.0,0.4998749982382239,0.6658573502273291,2.011011144189397
94,319,ca5b06714e75e653,aortic elongation,on,0.1631507390026753,1.0,0.4523812868326547,0.6229387353606484,2.047323267355399
95,321,ea6fcf47e434e5c0,aortic elongation,off,0.1493014438937863,1.0,0.5118631896232888,0.6761834063127841,1.5775391917893995
95,321,ea6fcf47e434e5c0,aortic elongation,on,0.1493014438937863,1.0,0.4673447563169252,0.6369852957800958,1.4347215274174152
96,322,3cdc157fc57bca49,aortic elongation,off,0.1509241797387054,0.0,0.0118255528084083,0.02318049758478,-0.0206489557614788
96,322,3cdc157fc57bca49,aortic elongation,on,0.1509241797387054,0.0,0.0230159101338128,0.0449958187471601,-0.1755279320951958
97,324,85b60300429551f4,aortic elongation,off,0.166050221968822,1.0,0.2909334353988942,0.4499764557488685,1.5608815031093246
97,324,85b60300429551f4,aortic elongation,on,0.166050221968822,1.0,0.2748480842902532,0.4311835799151248,1.128620623788941
98,325,52cbe466021acbb9,aortic elongation,off,0.1477079465325594,1.0,0.5481218234909455,0.7043639482017032,2.1277455445254856
98,325,52cbe466021acbb9,aortic elongation,on,0.1477079465325594,1.0,0.6652376293864162,0.7989700919697663,1.861694556259997
99,333,eeeffb588fcfb308,aortic elongation,off,0.1389461475861195,1.0,0.3890492958846522,0.5580293244968368,1.913076434716888
99,333,eeeffb588fcfb308,aortic elongation,on,0.1389461475861195,1.0,0.4753989768467487,0.6444343288618006,1.7650108310367203
100,335,2443d208248bb60c,aortic elongation,off,0.1756599369423368,0.0,0.2300401634427774,0.3737834531224581,1.2797758585898682
100,335,2443d208248bb60c,aortic elongation,on,0.1756599369423368,0.0,0.2474106375074129,0.3966784307102137,0.9489276591582204
101,342,80afe05797663080,aortic elongation,off,0.1726776116057287,1.0,0.323064577222893,0.480134804888525,1.6825661134246
101,342,80afe05797663080,aortic elongation,on,0.1726776116057287,1.0,0.4381594155676046,0.6093000597120508,1.744734218548946
102,346,f4fbcd719489c025,aortic elongation,off,0.1582240545005336,1.0,0.5100577878267843,0.6709926037216216,2.192705232678576
102,346,f4fbcd719489c025,aortic elongation,on,0.1582240545005336,1.0,0.6830890701302076,0.8117049308575709,1.745710667724197
103,349,2508e1281c5e4861,aortic elongation,off,0.1582094352586875,1.0,0.5520098914888807,0.7095794255105378,2.4760308713247
103,349,2508e1281c5e4861,aortic elongation,on,0.1582094352586875,1.0,0.4725692438526631,0.6418189094632367,2.64931983683694
104,359,a6fb6eac39bcdb30,aortic elongation,off,0.1617521648660634,0.0,0.025232773257088,0.0490021069867556,0.3832869343618379
104,359,a6fb6eac39bcdb30,aortic elongation,on,0.1617521648660634,0.0,0.0386158904405406,0.074360033832645,0.0917991013853363
105,360,7d3a63dafaeb39ab,aortic elongation,off,0.141986949890112,1.0,0.5141969998253614,0.6758127113280981,1.4583295661654363
105,360,7d3a63dafaeb39ab,aortic elongation,on,0.141986949890112,1.0,0.5911191381325904,0.7430230418159633,1.3195937219004927
106,364,312ef254f0cefc84,aortic elongation,off,0.1733695890531117,1.0,0.6555459121939984,0.7888474291829805,2.760874112010516
106,364,312ef254f0cefc84,aortic elongation,on,0.1733695890531117,1.0,0.5717150294112978,0.7274894899083801,3.392747886803137
107,365,ef4277bdd93833ac,aortic elongation,off,0.1528198080980853,1.0,0.6177439079456004,0.7614475355467021,2.323141657386755
107,365,ef4277bdd93833ac,aortic elongation,on,0.1528198080980853,1.0,0.6532176575648923,0.7902303383985322,2.3277820749479994
108,368,4eeb7e68dcafc52f,aortic elongation,off,0.1529221427910082,1.0,0.6411677731149903,0.7786239480245765,2.3459397347613176
108,368,4eeb7e68dcafc52f,aortic elongation,on,0.1529221427910082,1.0,0.7209724598829996,0.8378663229904735,2.4841244134883107
109,370,2857a8c6c79fccc6,aortic elongation,off,0.1656457562777461,1.0,0.5839678758119828,0.7357246222427719,1.904774762255574
109,370,2857a8c6c79fccc6,aortic elongation,on,0.1656457562777461,1.0,0.642890755085815,0.7826335653903589,1.585808753492096
110,377,278df654823bf6ee,aortic elongation,off,0.126646492112919,1.0,0.4675890327879544,0.636498623776433,2.0421631523043544
110,377,278df654823bf6ee,aortic elongation,on,0.126646492112919,1.0,0.3952152653013056,0.5665012868171166,2.3754026871594403
111,378,6090c609713b7751,aortic elongation,off,0.1492916977325556,1.0,0.3998489704070119,0.5688127412292592,1.7243388451821131
111,378,6090c609713b7751,aortic elongation,on,0.1492916977325556,1.0,0.4588904824969025,0.6290951530574378,1.4782083011514515
112,379,8ac8a6fe478e8bd6,aortic elongation,off,0.1650804789263628,1.0,0.5640319712435767,0.7192490508277987,1.9930614851600923
112,379,8ac8a6fe478e8bd6,aortic elongation,on,0.1650804789263628,1.0,0.6279718775557358,0.7714775493908226,1.5605890257118478
113,384,5d38483f79af4b3e,aortic elongation,off,0.1351743831898211,1.0,0.4701812316618835,0.6385021429761311,2.025177195059717
113,384,5d38483f79af4b3e,aortic elongation,on,0.1351743831898211,1.0,0.5305281015561248,0.6932581774484732,2.322198768728553
114,391,c4a5dd3178e7793b,aortic elongation,off,0.1402570062716547,1.0,0.5882526367848178,0.7403406938732695,2.4270128615337616
114,391,c4a5dd3178e7793b,aortic elongation,on,0.1402570062716547,1.0,0.5653716237154924,0.7223363662827731,3.634221529242919
115,393,d1717dead5c93e5d,aortic elongation,off,0.1519475266679336,1.0,0.5350832940677247,0.6969638412195183,1.9401836986948693
115,393,d1717dead5c93e5d,aortic elongation,on,0.1519475266679336,1.0,0.5060646736707718,0.6720328266409968,1.5860359861173483
116,395,6bc6af6646fd4f48,aortic elongation,off,0.1630776427934447,1.0,0.5570399775863353,0.7153694722510804,2.2039775102166206
116,395,6bc6af6646fd4f48,aortic elongation,on,0.1630776427934447,1.0,0.5568464657132817,0.7153506471656295,1.975163274937349
117,399,cbcf1d839de55224,aortic elongation,off,0.1497984981165543,1.0,0.578372781992974,0.7276698810684331,2.332311279769576
117,399,cbcf1d839de55224,aortic elongation,on,0.1497984981165543,1.0,0.6626866069058657,0.7971271816554376,2.951156697965457
118,404,601e9e006ca98961,aortic elongation,off,0.1184938282434006,1.0,0.36345818023097,0.5327173923357094,0.996910831365942
118,404,601e9e006ca98961,aortic elongation,on,0.1184938282434006,1.0,0.3126748971389786,0.4763634703406641,1.0164398345508416
119,407,c4daa9055babb73c,aortic elongation,off,0.1730430926518817,1.0,0.2220681239122134,0.362608360395571,0.8281427453742108
119,407,c4daa9055babb73c,aortic elongation,on,0.1730430926518817,1.0,0.2455030878503744,0.3942184881647352,0.6121577335422705
120,413,346b10be7977b4eb,aortic elongation,off,0.1644323592045183,1.0,0.5172849973501166,0.6815518662313175,1.969044224781446
120,413,346b10be7977b4eb,aortic elongation,on,0.1644323592045183,1.0,0.4961508181520986,0.6632320520643572,1.8952935571977283
121,414,4327ee7e4bb44f73,aortic elongation,off,0.1643933745595953,1.0,0.4941855227086642,0.6612805493626633,1.9132822309600803
121,414,4327ee7e4bb44f73,aortic elongation,on,0.1643933745595953,1.0,0.4998847203913247,0.6665635278974372,1.569075851285961
122,417,ed79f0a53e4dee1d,aortic elongation,off,0.1625708424094459,1.0,0.4019840942791354,0.5729938692866524,1.7939393391742735
122,417,ed79f0a53e4dee1d,aortic elongation,on,0.1625708424094459,1.0,0.426680440477902,0.598141756428728,1.8719169954892567
123,420,57cd46aa138100c3,aortic elongation,off,0.1787933277780214,1.0,0.4631296298521715,0.6241271818584224,2.6201504542012324
123,420,57cd46aa138100c3,aortic elongation,on,0.1787933277780214,1.0,0.3859178251156723,0.5568976113279648,2.806955943637747
124,422,6c279a1587eaca01,aortic elongation,off,0.1689545780155841,1.0,0.3832696159798626,0.5500825327048102,1.3747864767134366
124,422,6c279a1587eaca01,aortic elongation,on,0.1689545780155841,1.0,0.476509868135365,0.6454532005062013,0.967631851132488
125,424,ce75e5a5db0bea48,aortic elongation,off,0.1607190717756043,1.0,0.5388146117062911,0.6961609304132276,2.236309244175652
125,424,ce75e5a5db0bea48,aortic elongation,on,0.1607190717756043,1.0,0.5839205725952642,0.7372765555172471,2.9766781102413136
126,432,ee28fa034bce1fda,aortic elongation,off,0.17341344677865,1.0,0.5020177739001696,0.6570882300520317,2.634212941902048
126,432,ee28fa034bce1fda,aortic elongation,on,0.17341344677865,1.0,0.4188880775720068,0.5904095663406095,2.969765839628365
127,443,b3a2874f69846176,aortic elongation,off,0.1491552514753251,1.0,0.6101132595927118,0.751233203698775,2.2840145840523576
127,443,b3a2874f69846176,aortic elongation,on,0.1491552514753251,1.0,0.7716137781377158,0.871081679887223,3.231450151987356
128,454,787a2bfc5a2331c8,aortic elongation,off,0.1393262478741185,1.0,0.6051713358919647,0.7534990805875897,2.519450055705996
128,454,787a2bfc5a2331c8,aortic elongation,on,0.1393262478741185,1.0,0.5423697392367807,0.7032766461945124,3.3451990447435973
129,458,3181b6357a7323cd,aortic elongation,off,0.1516210302667037,1.0,0.5423356325305912,0.7032308963673309,2.153131294565263
129,458,3181b6357a7323cd,aortic elongation,on,0.1516210302667037,1.0,0.5337499728924123,0.6960060657377338,2.0013021548781658
130,460,606c0187fa81c5f2,aortic elongation,off,0.1400474638051937,1.0,0.3312721493511274,0.4970305268535266,1.4175909754021558
130,460,606c0187fa81c5f2,aortic elongation,on,0.1400474638051937,1.0,0.3618747862081909,0.5314353166258259,1.240856905323895
131,467,9def6ee814e1821d,aortic elongation,off,0.1920578532130657,0.0,0.3519848540908994,0.511098223498855,1.1319127561971958
131,467,9def6ee814e1821d,aortic elongation,on,0.1920578532130657,0.0,0.4367668302323927,0.6079835535414463,1.028089861573872
132,468,afb6b1bd651be214,aortic elongation,off,0.1645493131392872,1.0,0.3741861205539157,0.5442545439712208,1.488596635418132
132,468,afb6b1bd651be214,aortic elongation,on,0.1645493131392872,1.0,0.3724584494716509,0.5427587092572057,1.2110257445850727
133,469,df31f174d30b0e6c,aortic elongation,off,0.12999429849568,1.0,0.5264419368050842,0.6859354408494049,1.8845221400080472
133,469,df31f174d30b0e6c,aortic elongation,on,0.12999429849568,1.0,0.6285312952480511,0.7718968957351361,1.763358375630249
134,479,bd2d25b1e77db40d,aortic elongation,off,0.1780331272020233,1.0,0.35706744515359,0.524127015271514,1.5290774460720673
134,479,bd2d25b1e77db40d,aortic elongation,on,0.1780331272020233,1.0,0.4168126270891885,0.5883799504656471,1.1670967131996353
135,481,b55ee524bc14b7f1,aortic elongation,off,0.1692469628525064,0.0,0.1565350287761574,0.2704657881342736,1.2576405537280346
135,481,b55ee524bc14b7f1,aortic elongation,on,0.1692469628525064,0.0,0.1653243909916817,0.2837395300359331,0.961452688116396
136,484,e330df2c116f57e3,aortic elongation,off,0.2005808712093524,1.0,0.6096020126247854,0.7505453000519593,2.282097106659652
136,484,e330df2c116f57e3,aortic elongation,on,0.2005808712093524,1.0,0.6633006550328748,0.7975462869089245,3.322687961222909
137,485,8204907be397f49f,aortic elongation,off,0.1833642773952409,1.0,0.5677853335930318,0.7231552632528533,2.187884629877752
137,485,8204907be397f49f,aortic elongation,on,0.1833642773952409,1.0,0.5709189846772629,0.7268574409547655,2.250315478587136
138,493,91ea06de1b4bdda4,aortic elongation,off,0.1718443148205,1.0,0.6407415068789244,0.7800712535823419,2.3121712296463413
138,493,91ea06de1b4bdda4,aortic elongation,on,0.1718443148205,1.0,0.6395244542534717,0.7801296504506533,2.203424000331382
139,503,031e29dc2fe17f54,aortic elongation,off,0.1627755117952916,1.0,0.4573903462790337,0.6247566964909892,2.304309977707369
139,503,031e29dc2fe17f54,aortic elongation,on,0.1627755117952916,1.0,0.3959583242424216,0.5672753615436839,2.432680897885313
140,512,f60ef73b4eada56b,aortic elongation,off,0.1721269534961917,1.0,0.4160580969045145,0.5850540305108274,1.5044175614523791
140,512,f60ef73b4eada56b,aortic elongation,on,0.1721269534961917,1.0,0.4974237127135096,0.6643707415115092,1.060734463136144
141,515,50792ee23b969714,aortic elongation,off,0.1232450818433889,1.0,0.4378162619792595,0.6078861837947209,2.1301452103182794
141,515,50792ee23b969714,aortic elongation,on,0.1232450818433889,1.0,0.4390098411033531,0.6101539927292906,2.3442218642926256
142,516,8f2fbdc225eeb4b7,aortic elongation,off,0.1619665804131397,1.0,0.4377591386248042,0.6087791306425879,1.7564966556773391
142,516,8f2fbdc225eeb4b7,aortic elongation,on,0.1619665804131397,1.0,0.4323881325721974,0.6037288749965063,1.4472714124049673
143,520,fa66ba62408f5bb3,aortic elongation,off,0.1599978558445292,1.0,0.5229621724020849,0.679736718449368,2.17450526272035
143,520,fa66ba62408f5bb3,aortic elongation,on,0.1599978558445292,1.0,0.6946905748180378,0.819842833315602,1.7824384874590038
144,523,f97dbc0cf694169f,aortic elongation,off,0.1588526818999166,1.0,0.4198536589681419,0.5879299545569168,1.7441776448527475
144,523,f97dbc0cf694169f,aortic elongation,on,0.1588526818999166,1.0,0.5364702162162217,0.6983139697922989,1.3676542378919474
145,527,e4e74f812d6895b0,aortic elongation,off,0.1685842238888158,1.0,0.5535812956045557,0.711508159759128,1.9377799688583008
145,527,e4e74f812d6895b0,aortic elongation,on,0.1685842238888158,1.0,0.5471554888928327,0.707294266419314,1.6658525573036256
146,7,8e809b77e3a489ef,atelectasis,off,0.1307350067492166,1.0,0.5316176923262639,0.6929877532382911,2.45829598334108
146,7,8e809b77e3a489ef,atelectasis,on,0.1307350067492166,1.0,0.5756103761004899,0.730649840216832,2.9397820188503454
147,11,6194b5ef08e1beaa,atelectasis,off,0.117387638943711,1.0,0.1239400483005126,0.219363685056606,3.4065790254182104
147,11,6194b5ef08e1beaa,atelectasis,on,0.117387638943711,1.0,0.053555557736254,0.1016656449011033,2.8755933446179056
148,15,8dde7c24f7c7854b,atelectasis,off,0.1184548435984776,0.0,0.1360169209542033,0.2376014698328716,3.1870847689865505
148,15,8dde7c24f7c7854b,atelectasis,on,0.1184548435984776,0.0,0.0769610284448835,0.1429214190304835,2.89647283009129
149,19,c1fbe35407da1064,atelectasis,off,0.1558313719183856,1.0,0.2924919813835326,0.4469572150338908,1.5065359446565665
149,19,c1fbe35407da1064,atelectasis,on,0.1558313719183856,1.0,0.3363238828816557,0.5033398615135635,1.4427341557214122
150,20,7139216b1a7e91c5,atelectasis,off,0.1641594666900574,1.0,0.3010617146911952,0.4571579846928119,1.5187630625187467
150,20,7139216b1a7e91c5,atelectasis,on,0.1641594666900574,1.0,0.4687304313741654,0.6382720326053383,0.9610341964741462
151,29,9eaa7389406cdcff,atelectasis,off,0.1380056430273526,1.0,0.4925601071517159,0.647719934158688,2.660842995643256
151,29,9eaa7389406cdcff,atelectasis,on,0.1380056430273526,1.0,0.2626006426366524,0.4159147996520283,3.06415477104489
152,78,d93941381e90eacf,atelectasis,off,0.1390143707147347,1.0,0.4697204099797793,0.6389601524526958,2.3953493142329494
152,78,d93941381e90eacf,atelectasis,on,0.1390143707147347,1.0,0.3775821676785709,0.54811697707734,3.1539094003895385
153,86,2d81d6b510b24601,atelectasis,off,0.1095907099591148,1.0,0.4287096092326399,0.599716072766959,1.7351515703906262
153,86,2d81d6b510b24601,atelectasis,on,0.1095907099591148,1.0,0.3590612277599248,0.5283916522225592,1.6417911230617754
154,90,076d2d1b5d8cb69f,atelectasis,off,0.1258278145695364,1.0,0.2838484764119296,0.4402174091173462,3.0716647758445697
154,90,076d2d1b5d8cb69f,atelectasis,on,0.1258278145695364,1.0,0.1488407038776397,0.2591110260710101,2.913795931298645
155,107,4569a1e88cb8719a,atelectasis,off,0.1475422617916368,1.0,0.3648323961142575,0.5334745556564956,1.6162260788386809
155,107,4569a1e88cb8719a,atelectasis,on,0.1475422617916368,1.0,0.439777208498763,0.6108952042968067,1.3049433463040343
156,111,39af5dbb83f791bc,atelectasis,off,0.1163642920144828,1.0,0.1200785357882536,0.2125958797509275,4.003216065900969
156,111,39af5dbb83f791bc,atelectasis,on,0.1163642920144828,1.0,0.0521917522342187,0.0992006784823081,2.970069417075443
157,127,149c31b9f0613a25,atelectasis,off,0.1395504095824257,1.0,0.509390678451183,0.6715933442753554,2.516911453840444
157,127,149c31b9f0613a25,atelectasis,on,0.1395504095824257,1.0,0.538292176465284,0.6998498178320841,3.2502627934452284
158,134,2b4573785baf0a9b,atelectasis,off,0.1593643553645308,1.0,0.3567372740049209,0.5229891288782481,1.4252868727265255
158,134,2b4573785baf0a9b,atelectasis,on,0.1593643553645308,1.0,0.4410234141134567,0.6120969711580426,1.0735690854565825
159,145,5e6c67d898f729ed,atelectasis,off,0.1462411492673323,0.0,0.2100923018185566,0.3466787133617341,2.410266644447038
159,145,5e6c67d898f729ed,atelectasis,on,0.1462411492673323,0.0,0.1060165132098165,0.1917033093065673,2.635245730072429
160,147,78c800e6d13b76f5,atelectasis,off,0.1435755741707235,1.0,0.2212910196871426,0.3598007279580543,0.6342984175041314
160,147,78c800e6d13b76f5,atelectasis,on,0.1435755741707235,1.0,0.3304238780892183,0.4967153790216059,0.6372916512366217
161,148,4946f596d88523e4,atelectasis,off,0.1617180533017557,0.0,0.0509638018589867,0.0967144548248568,1.2437180668070966
161,148,4946f596d88523e4,atelectasis,on,0.1617180533017557,0.0,0.0629267128265637,0.1184021602153765,1.208679288268386
162,154,7b885a0d0f4df9bd,atelectasis,off,0.1377132581904302,1.0,0.6387497322148359,0.7780664727259954,2.597200179822376
162,154,7b885a0d0f4df9bd,atelectasis,on,0.1377132581904302,1.0,0.602075164475872,0.7516046997885588,3.4560444869005686
163,159,071f871817e15b2f,atelectasis,off,0.1223240696070835,1.0,0.6120974862044228,0.7582900175266286,3.213862742736091
163,159,071f871817e15b2f,atelectasis,on,0.1223240696070835,1.0,0.3866215755296541,0.55762852103609,3.506829732414299
164,163,c995d00e2e8701bb,atelectasis,off,0.1545400055553119,0.0,0.0335081779554404,0.0647219224418592,0.1929352595045243
164,163,c995d00e2e8701bb,atelectasis,on,0.1545400055553119,0.0,0.0355034416256272,0.0685721541544139,0.2889031630646497
165,167,bf60f0a2a4af7b86,atelectasis,off,0.1447938443245666,1.0,0.2828565557677559,0.4386615593168364,2.204658293732237
165,167,bf60f0a2a4af7b86,atelectasis,on,0.1447938443245666,1.0,0.2091429569288429,0.345920082390576,2.66661414107574
166,170,3937f3c02599f03e,atelectasis,off,0.1150924179738705,1.0,0.4316479029423406,0.6015357363355689,1.5114840953153776
166,170,3937f3c02599f03e,atelectasis,on,0.1150924179738705,1.0,0.4136601739214239,0.5851817987441207,1.4005732576305412
167,172,81573fb3980b14e5,atelectasis,off,0.1767953647257186,0.0,0.0161797644195455,0.0316992257124173,-0.22611718299062
167,172,81573fb3980b14e5,atelectasis,on,0.1767953647257186,0.0,0.0047050501376973,0.0093652600379634,-0.398405906189136
168,196,f7e942178d7ec4cd,atelectasis,off,0.1178408354409407,1.0,0.1741185776987859,0.2915300802254407,2.575201282718424
168,196,f7e942178d7ec4cd,atelectasis,on,0.1178408354409407,1.0,0.1846795942681594,0.3117702206610566,3.1017639893402627
169,200,1e9f434529b507c6,atelectasis,off,0.1688961010481996,1.0,0.5550368030327444,0.7125654173177465,1.925864568578328
169,200,1e9f434529b507c6,atelectasis,on,0.1688961010481996,1.0,0.596654610496507,0.7473805207978936,1.4503268726112355
170,207,0517b51af4dfbcfe,atelectasis,off,0.1251602025252303,1.0,0.5539412002906232,0.7082939000207652,3.294850558880213
170,207,0517b51af4dfbcfe,atelectasis,on,0.1251602025252303,1.0,0.2938556573869331,0.4542152531831221,3.235402612926436
171,228,cd6197499a3c5daf,atelectasis,off,0.1251748217670765,1.0,0.5028541954928093,0.6650572094334708,3.7288848517054585
171,228,cd6197499a3c5daf,atelectasis,on,0.1251748217670765,1.0,0.212237474584034,0.3501518302496713,3.0423748166240343
172,258,a336d605250985d4,atelectasis,off,0.1880668001890755,1.0,0.2125127211589334,0.3408287458637474,2.2880938200591947
172,258,a336d605250985d4,atelectasis,on,0.1880668001890755,1.0,0.1513037928066075,0.2628328984356278,2.32900125194158
173,267,c1d8efe52179079f,atelectasis,off,0.1544084323786968,1.0,0.5123766166096728,0.6773253974166253,2.2894290938077706
173,267,c1d8efe52179079f,atelectasis,on,0.1544084323786968,1.0,0.4863785430761257,0.6544420565890606,2.58766014000448
174,274,e6b32442a596c0fd,atelectasis,off,0.1466845996033312,0.0,0.1958298285852448,0.3218459054013513,2.352647451021997
174,274,e6b32442a596c0fd,atelectasis,on,0.1466845996033312,0.0,0.1461929365094769,0.2550813789314931,2.701811075866362
175,292,964325708df1fe70,atelectasis,off,0.1126656238274149,1.0,0.5281960376331487,0.688447601746374,3.3424929270077928
175,292,964325708df1fe70,atelectasis,on,0.1126656238274149,1.0,0.3141283004113687,0.4780684373849252,3.45916620959914
176,312,e1ef1a9ad7d81662,atelectasis,off,0.1441067399577991,1.0,0.5914225738195971,0.7401570145719587,2.1160465080446857
176,312,e1ef1a9ad7d81662,atelectasis,on,0.1441067399577991,1.0,0.6287149145588204,0.7719535432813773,2.5858796347996056
177,318,40c62c54dfec39c8,atelectasis,off,0.1181429664390938,0.0,0.0624212928457293,0.1172906076738074,2.9970742344276804
177,318,40c62c54dfec39c8,atelectasis,on,0.1181429664390938,0.0,0.0280928447314518,0.0546502020133393,2.8282261741482926
178,356,f94c06bd9718e97c,atelectasis,off,0.1968822030222846,1.0,0.1415026106612338,0.2477943550858622,1.556626282117522
178,356,f94c06bd9718e97c,atelectasis,on,0.1968822030222846,1.0,0.1388543478119136,0.2438489000918677,1.2442961184182613
179,380,60775c6db17d7d7a,atelectasis,off,0.1047371216662037,1.0,0.2278989777403272,0.3661837083611012,4.0865885759496825
179,380,60775c6db17d7d7a,atelectasis,on,0.1047371216662037,1.0,0.1036548405009516,0.1878365312126628,3.156748541279717
180,383,73a711ad4a6993d8,atelectasis,off,0.1411682723467294,1.0,0.0787950880513058,0.143958528676621,2.207295557777547
180,383,73a711ad4a6993d8,atelectasis,on,0.1411682723467294,1.0,0.1052041806033314,0.190374864875903,2.69126610092174
181,403,309b2ec41b2dc6f2,atelectasis,off,0.165801694857438,1.0,0.2310527894758551,0.3705881409495657,2.519679112859145
181,403,309b2ec41b2dc6f2,atelectasis,on,0.165801694857438,1.0,0.1589380685731395,0.2742721708732719,2.5367413256209024
182,415,33c5edd30f2457cd,atelectasis,off,0.1277721737350701,1.0,0.1798726128000981,0.304711509454531,0.6586866001780726
182,415,33c5edd30f2457cd,atelectasis,on,0.1277721737350701,1.0,0.1111444456452683,0.2000527024059865,0.4460328921679706
183,421,f2c5b10688fc1c16,atelectasis,off,0.1652412905866701,1.0,0.2336417459827176,0.3678264962177383,2.531237786386022
183,421,f2c5b10688fc1c16,atelectasis,on,0.1652412905866701,1.0,0.1620210808532965,0.2788431005447914,2.56369834493716
184,437,9d8ed0c90eba51ae,atelectasis,off,0.1497936250359389,1.0,0.4698307436965397,0.6337263108105697,1.8250618565332009
184,437,9d8ed0c90eba51ae,atelectasis,on,0.1497936250359389,1.0,0.6178860001123001,0.7638151082030643,1.5224372554514451
185,446,3d7dc2d16d09f5be,atelectasis,off,0.1407296950913459,1.0,0.2703158018695253,0.4255055345425059,1.7427523488365797
185,446,3d7dc2d16d09f5be,atelectasis,on,0.1407296950913459,1.0,0.2641887262547115,0.417957547994419,1.655584370296013
186,465,a989c250bb6e5f01,atelectasis,off,0.1617229263823711,0.0,0.0357905377024649,0.0687346153482165,1.5315715567061745
186,465,a989c250bb6e5f01,atelectasis,on,0.1617229263823711,0.0,0.0559615322674735,0.1059907974865086,2.353326674284101
187,466,89b5a9f5b49f6471,atelectasis,off,0.1047712332305113,1.0,0.4376238030932304,0.6075408844550167,2.8458498871606723
187,466,89b5a9f5b49f6471,atelectasis,on,0.1047712332305113,1.0,0.2846210896941096,0.4431125202464387,3.5220603810434845
188,491,04a9cb03fde0219d,atelectasis,off,0.150251694613784,0.0,0.2636299212848324,0.4160222988202326,1.3394571376207831
188,491,04a9cb03fde0219d,atelectasis,on,0.150251694613784,0.0,0.3070301010168189,0.4698119121455111,0.975779964161324
189,509,e374f94a32b3bd15,atelectasis,off,0.1754552675564911,0.0,0.0507033332179534,0.0963636722696623,1.1940786925877822
189,509,e374f94a32b3bd15,atelectasis,on,0.1754552675564911,0.0,0.0475860481710046,0.0908489115805301,0.9278656727896688
190,513,0ae6e1d4c1336eec,atelectasis,off,0.117636166055095,1.0,0.1554801824475999,0.2688322306558374,1.1998591822627251
190,513,0ae6e1d4c1336eec,atelectasis,on,0.117636166055095,1.0,0.093615639039063,0.171202258683182,0.7316043621972527
191,518,40ea79f3caeb0477,atelectasis,off,0.1345506288710534,1.0,0.1876168265103991,0.3154305191358028,2.714832819598347
191,518,40ea79f3caeb0477,atelectasis,on,0.1345506288710534,1.0,0.0927011544105469,0.1696698640160724,2.7426643851137977
192,522,f28dfcb73be60946,atelectasis,off,0.1167005345769435,1.0,0.1388514595243795,0.2422586044677865,3.3241859738388366
192,522,f28dfcb73be60946,atelectasis,on,0.1167005345769435,1.0,0.0604022871477678,0.1139211868003214,2.917059387430679
193,526,db3fe04ce1b8f893,atelectasis,off,0.1550321866974645,1.0,0.3784438143081649,0.5478796069982226,2.462711079272048
193,526,db3fe04ce1b8f893,atelectasis,on,0.1550321866974645,1.0,0.2798503084219416,0.4373108339657102,2.7354806947802657
194,8,093950c25a37efe4,cardiomegaly,off,0.1401887831430395,1.0,0.2940411771622735,0.4512696348893654,0.6519764576896129
194,8,093950c25a37efe4,cardiomegaly,on,0.1401887831430395,1.0,0.3512890877511987,0.5199136401357758,0.7312236556926301
195,10,3e6de190da5a957a,cardiomegaly,off,0.1508072258039364,1.0,0.3208383833437565,0.4805755415425131,1.321688831260476
195,10,3e6de190da5a957a,cardiomegaly,on,0.1508072258039364,1.0,0.4868323775026341,0.6548549398424403,1.0061786146865994
196,12,96964da0020cd95f,cardiomegaly,off,0.1757963831995672,0.0,0.3028290056308045,0.463975827569038,1.0272767496882234
196,12,96964da0020cd95f,cardiomegaly,on,0.1757963831995672,0.0,0.2730536290253854,0.428963412921504,0.6315736617101579
197,25,47feecb0340b2bd4,cardiomegaly,off,0.1604607985029896,0.0,0.4504342908329601,0.6208308267745237,1.5533527885975758
197,25,47feecb0340b2bd4,cardiomegaly,on,0.1604607985029896,0.0,0.4745074728747577,0.6436148468079133,1.256255957103542
198,27,c99a2a7dd0dd260f,cardiomegaly,off,0.1733598428918809,1.0,0.2151963294507957,0.3528342298283818,0.687369024671775
198,27,c99a2a7dd0dd260f,cardiomegaly,on,0.1733598428918809,1.0,0.2198699157262996,0.3604778977676424,0.3432997275380596
199,32,a70c06fbfcf2e58e,cardiomegaly,off,0.1854158443343128,1.0,0.3832443543775422,0.5489369116824543,1.4981790643801682
199,32,a70c06fbfcf2e58e,cardiomegaly,on,0.1854158443343128,1.0,0.4302776625567744,0.6016624480003131,1.1690318628785212
200,39,ec65e2415a2938e7,cardiomegaly,off,0.1754893791207988,0.0,0.0,0.0,-0.2843751571278613
200,39,ec65e2415a2938e7,cardiomegaly,on,0.1754893791207988,0.0,0.0,0.0,-0.5358986164643694
201,42,c93ded9ee7245300,cardiomegaly,off,0.1405055333830387,1.0,0.3880659900705269,0.5555711170714349,1.2682581347095478
201,42,c93ded9ee7245300,cardiomegaly,on,0.1405055333830387,1.0,0.493278905198509,0.6606599159040438,1.0462301477356857
202,50,a5d9ac7f9423be90,cardiomegaly,off,0.15530020613131,1.0,0.3938746001302684,0.5631404059977201,1.236403226226244
202,50,a5d9ac7f9423be90,cardiomegaly,on,0.15530020613131,1.0,0.4427696740559056,0.6137769575237568,1.0073096853189214
203,53,d7355520cf43cdff,cardiomegaly,off,0.1926523690481411,1.0,0.5198668640302252,0.6839669783731056,1.42650429921007
203,53,d7355520cf43cdff,cardiomegaly,on,0.1926523690481411,1.0,0.5309793236216268,0.6936464165275031,1.253265580395997
204,56,9415a340a0044764,cardiomegaly,off,0.1334931703775175,1.0,0.4196560344894888,0.5848170684794145,1.030675636832462
204,56,9415a340a0044764,cardiomegaly,on,0.1334931703775175,1.0,0.5135308642611541,0.6785865593892376,1.1304662629038602
205,61,088cc1d00621a300,cardiomegaly,off,0.1845338167429303,0.0,0.2050574893972397,0.3336414309247644,0.8723895704375417
205,61,088cc1d00621a300,cardiomegaly,on,0.1845338167429303,0.0,0.260775451944421,0.4136616592830442,0.5506031166908858
206,62,bebbf36be701621f,cardiomegaly,off,0.1599150134740679,1.0,0.3547814150362918,0.5198285363535673,1.4077916027471733
206,62,bebbf36be701621f,cardiomegaly,on,0.1599150134740679,1.0,0.4886010578348417,0.6564542830426677,0.9840211112976974
207,63,f8f084a045363fa5,cardiomegaly,off,0.1366752920193558,1.0,0.3094676901705617,0.4683828191984472,1.4410056205356374
207,63,f8f084a045363fa5,cardiomegaly,on,0.1366752920193558,1.0,0.4777695332601177,0.6466020857436421,1.0082184812248485
208,76,33d96918507e6883,cardiomegaly,off,0.2027298997607317,1.0,0.3790692533964033,0.5404654361319159,1.251347915045869
208,76,33d96918507e6883,cardiomegaly,on,0.2027298997607317,1.0,0.4204723813656916,0.5920033864664,0.8111152870636629
209,85,6ba230aaf07a840c,cardiomegaly,off,0.1487800242679414,1.0,0.4077882559276141,0.5718963863416169,1.7886019522273555
209,85,6ba230aaf07a840c,cardiomegaly,on,0.1487800242679414,1.0,0.6041107108391046,0.7532024293540072,1.375659048548893
210,89,9c63e63de176518a,cardiomegaly,off,0.1310176454249082,1.0,0.4489838077136934,0.6140299994628504,1.3728729078080866
210,89,9c63e63de176518a,cardiomegaly,on,0.1310176454249082,1.0,0.5490279359660866,0.7088599046956998,1.2177240364098902
211,105,fd053a38abc0cb49,cardiomegaly,off,0.1787787085361753,0.0,0.2007399765043453,0.3222813373751231,1.12373180221345
211,105,fd053a38abc0cb49,cardiomegaly,on,0.1787787085361753,0.0,0.367328736538911,0.5372901623168074,0.7729420683241223
212,113,c1a9fa9f21a10a44,cardiomegaly,off,0.1539893474457748,1.0,0.3605263739206893,0.5266803579439955,1.4833941619472202
212,113,c1a9fa9f21a10a44,cardiomegaly,on,0.1539893474457748,1.0,0.4861675519868781,0.6542515775734346,1.0834303207651728
213,123,e0288a509cbbc07e,cardiomegaly,off,0.141660453488882,1.0,0.3830030660590114,0.5494908819830013,1.5496150719901942
213,123,e0288a509cbbc07e,cardiomegaly,on,0.141660453488882,1.0,0.5593094542826,0.7173726323912614,1.2430282682766325
214,124,985a9f7b2779d4f8,cardiomegaly,off,0.1604120676968359,1.0,0.4656994222307913,0.6322808908075975,1.7046818272017816
214,124,985a9f7b2779d4f8,cardiomegaly,on,0.1604120676968359,1.0,0.5464533772139474,0.7067173949989339,1.3944436319160542
215,133,36dfae6f56c02e8b,cardiomegaly,off,0.1560019297399237,0.0,0.2100459698437543,0.3458473283767899,0.7067400275930323
215,133,36dfae6f56c02e8b,cardiomegaly,on,0.1560019297399237,0.0,0.2513596028352471,0.4017381335830568,0.5018221533238278
216,139,f201583ea32de232,cardiomegaly,off,0.1600368404894522,1.0,0.2610309265539736,0.4124622598936474,0.9670056843498176
216,139,f201583ea32de232,cardiomegaly,on,0.1600368404894522,1.0,0.325811519413219,0.4914874984087424,0.639983120576942
217,155,9ac3c6ded1d4380c,cardiomegaly,off,0.1531706699023922,1.0,0.300743106465924,0.4585473011620078,1.2524104646759238
217,155,9ac3c6ded1d4380c,cardiomegaly,on,0.1531706699023922,1.0,0.4526198067018713,0.62317280946412,0.9055341321281996
218,162,79f3d753d8db8ce9,cardiomegaly,off,0.1494768747959397,1.0,0.3145750746502239,0.4746188792787363,1.1041139809540332
218,162,79f3d753d8db8ce9,cardiomegaly,on,0.1494768747959397,1.0,0.3648956509495821,0.5346787041212199,0.7371234171565552
219,166,846aafad319d9662,cardiomegaly,off,0.1860298524918497,1.0,0.3581893155492358,0.5230434348502103,1.1543984818806663
219,166,846aafad319d9662,cardiomegaly,on,0.1860298524918497,1.0,0.4207579096913229,0.5922999936876933,0.810690415175524
220,177,5168c9958d9df995,cardiomegaly,off,0.1084406629338869,1.0,0.2819994619141621,0.435318727067265,1.0805861804057544
220,177,5168c9958d9df995,cardiomegaly,on,0.1084406629338869,1.0,0.4066294217038299,0.5781517129088909,0.8573207644648133
221,185,5e13bb7278b3f72d,cardiomegaly,off,0.1430541545448786,1.0,0.2658825655541582,0.4131217832142301,1.4433511286794176
221,185,5e13bb7278b3f72d,cardiomegaly,on,0.1430541545448786,1.0,0.5002890873683544,0.6669163702897871,1.0342376596925298
222,189,d236eae4a6bc1049,cardiomegaly,off,0.1556851794999244,1.0,0.1618285383063392,0.2754316335138884,0.7001007830425661
222,189,d236eae4a6bc1049,cardiomegaly,on,0.1556851794999244,1.0,0.2951513845154435,0.4557610296069935,0.5991636394048079
223,192,b7a20b8f260bba9f,cardiomegaly,off,0.1805427637189402,1.0,0.4645697661920942,0.6336481269753659,1.3210185576191982
223,192,b7a20b8f260bba9f,cardiomegaly,on,0.1805427637189402,1.0,0.4892585896382001,0.6570476299407211,1.029519032140523
224,195,13d982f2c79b1676,cardiomegaly,off,0.16059724476022,1.0,0.478081338241428,0.6457256822008667,1.647653570520981
224,195,13d982f2c79b1676,cardiomegaly,on,0.16059724476022,1.0,0.5223859830708271,0.6862726921472643,1.3513012147879233
225,198,2175b019a0091ef3,cardiomegaly,off,0.1725557845903444,1.0,0.3918098303868172,0.5613690626473591,0.9182945301858751
225,198,2175b019a0091ef3,cardiomegaly,on,0.1725557845903444,1.0,0.4335793821528103,0.604889767390869,0.8349958079165194
226,204,cbcf65658f0dd7d8,cardiomegaly,off,0.1373234117412004,1.0,0.3142918123150702,0.4737257642560831,1.145196430491664
226,204,cbcf65658f0dd7d8,cardiomegaly,on,0.1373234117412004,1.0,0.4280495096192691,0.5994859159291124,0.8892461099908522
227,205,82f49a0c3d2dfe14,cardiomegaly,off,0.1489018512833257,1.0,0.3684416015631422,0.531963586237753,1.4243823606964516
227,205,82f49a0c3d2dfe14,cardiomegaly,on,0.1489018512833257,1.0,0.5303330222965189,0.6930910246182275,1.1188804918014086
228,206,0c9d26929987308b,cardiomegaly,off,0.1312515532944461,1.0,0.5810833420423225,0.7282773613443719,2.2528649702357453
228,206,0c9d26929987308b,cardiomegaly,on,0.1312515532944461,1.0,0.7254025880138442,0.8408501690626569,2.3729853211455563
229,209,7162d21f7f020298,cardiomegaly,off,0.1764298836795657,0.0,0.1114571007107188,0.1992760333349448,-0.0938288599646271
229,209,7162d21f7f020298,cardiomegaly,on,0.1764298836795657,0.0,0.0740323774223393,0.1378540286435557,-0.0999078021391177
230,211,74122d99b9022819,cardiomegaly,off,0.1727702001374208,1.0,0.3737557097381922,0.5408336271485671,1.480384618288613
230,211,74122d99b9022819,cardiomegaly,on,0.1727702001374208,1.0,0.4769434491461257,0.6458467782223127,1.0392689604982557
231,214,366858e6adbb8000,cardiomegaly,off,0.1721561919798839,1.0,0.3639511392069926,0.5241040504339608,1.2454851688118571
231,214,366858e6adbb8000,cardiomegaly,on,0.1721561919798839,1.0,0.4205578584940371,0.5920816009955633,0.8490077668261294
232,236,84ac6bdd90a67b66,cardiomegaly,off,0.131656018985522,1.0,0.3455485515077173,0.5072880285452722,1.3468223656346303
232,236,84ac6bdd90a67b66,cardiomegaly,on,0.131656018985522,1.0,0.4207685022111505,0.592292698593358,0.9481597053634716
233,242,07a10ffadf85aa63,cardiomegaly,off,0.1441652169251835,1.0,0.3187709705262108,0.4795567795390038,1.0716904233135234
233,242,07a10ffadf85aa63,cardiomegaly,on,0.1441652169251835,1.0,0.4036247097130226,0.5751122425727925,0.8042441259870818
234,246,0b14f7b64876536a,cardiomegaly,off,0.1730041080069587,1.0,0.3074426105509594,0.4671309649175365,1.1554670158353564
234,246,0b14f7b64876536a,cardiomegaly,on,0.1730041080069587,1.0,0.3287139452205277,0.4947754478890999,0.64973048030055
235,247,161c8b166c8ce7d6,cardiomegaly,off,0.1264661881301502,1.0,0.313850212613678,0.4717462965541092,1.5567687114147046
235,247,161c8b166c8ce7d6,cardiomegaly,on,0.1264661881301502,1.0,0.5874650859931774,0.7401187324745789,1.287473195093355
236,249,f93a1c5e1000ca3e,cardiomegaly,off,0.1538626473497751,1.0,0.440845771101384,0.6106116281290463,1.54834343574648
236,249,f93a1c5e1000ca3e,cardiomegaly,on,0.1538626473497751,1.0,0.4873655501973129,0.6553405019944039,1.3597433772195342
237,251,a65421347ffb7936,cardiomegaly,off,0.1704067560389651,1.0,0.5158380028050882,0.6757159516922651,1.991056984650551
237,251,a65421347ffb7936,cardiomegaly,on,0.1704067560389651,1.0,0.626277559693992,0.7701959167721528,1.571056647356754
238,256,459d9cc7e6454630,cardiomegaly,off,0.1634285045977515,1.0,0.2828112241030918,0.4383233206199082,1.1421529922520404
238,256,459d9cc7e6454630,cardiomegaly,on,0.1634285045977515,1.0,0.3720536446359389,0.542326521400314,0.7539317766527837
239,259,9dea31c5bb3e5917,cardiomegaly,off,0.172209795866653,1.0,0.3840144610244076,0.5540215467404018,1.2557389979997713
239,259,9dea31c5bb3e5917,cardiomegaly,on,0.172209795866653,1.0,0.3930072808970245,0.5642550588038406,0.8037742158577437
240,261,83590772041a5a03,cardiomegaly,off,0.1628583541657529,1.0,0.2976803084361195,0.4559341772360926,0.886817501905666
240,261,83590772041a5a03,cardiomegaly,on,0.1628583541657529,1.0,0.3988224387793615,0.5702258880387541,0.8673797136996586
241,266,fc7c567caa66ec88,cardiomegaly,off,0.1797728169817113,1.0,0.4462291451357922,0.616037977732902,1.658865257414243
241,266,fc7c567caa66ec88,cardiomegaly,on,0.1797728169817113,1.0,0.4828212985329724,0.6512194212302883,1.1124625757551874
242,273,7efbe29baee5c832,cardiomegaly,off,0.2003615825816606,1.0,0.2389546771947475,0.3857128259556649,0.3021438818160215
242,273,7efbe29baee5c832,cardiomegaly,on,0.2003615825816606,1.0,0.2358794267240934,0.3817191108422627,0.3739673581408125
243,276,90391ae7b37e6f8e,cardiomegaly,off,0.122553104396006,1.0,0.4310870409435806,0.6013324080470781,1.9382149859174167
243,276,90391ae7b37e6f8e,cardiomegaly,on,0.122553104396006,1.0,0.4605981957619817,0.630695926852134,1.9628404281548013
244,280,890ca06fc523c555,cardiomegaly,off,0.1759328294567977,1.0,0.6775657854010502,0.8060729583037368,2.769371638273224
244,280,890ca06fc523c555,cardiomegaly,on,0.1759328294567977,1.0,0.6534133641791681,0.7903733194510976,2.9814745943197654
245,282,e2e5a8476ea2eba5,cardiomegaly,off,0.1723998460106525,1.0,0.1178436433626847,0.2100288949997602,0.0815749663697496
245,282,e2e5a8476ea2eba5,cardiomegaly,on,0.1723998460106525,1.0,0.1051443096096315,0.1902813369805873,-0.0292456230754266
246,283,d68117bbfe183d95,cardiomegaly,off,0.1571958344906899,1.0,0.4332790026802202,0.6020392619926979,1.5648857868255706
246,283,d68117bbfe183d95,cardiomegaly,on,0.1571958344906899,1.0,0.5012307199912023,0.6677560974297878,1.1345145148930251
247,286,66a74608d016ae2c,cardiomegaly,off,0.1545643709583887,1.0,0.3900374607701568,0.5571861879411342,1.6873882746735231
247,286,66a74608d016ae2c,cardiomegaly,on,0.1545643709583887,1.0,0.5477279819906571,0.7077803386361466,1.3596275590062097
248,291,e8e8a1f210ad58fd,cardiomegaly,off,0.1329620045904419,1.0,0.3570491116729252,0.5235528320123947,1.2735651824267724
248,291,e8e8a1f210ad58fd,cardiomegaly,on,0.1329620045904419,1.0,0.4232484380435978,0.594759407588201,0.9669058246442122
249,297,c6eb3bdeddb04716,cardiomegaly,off,0.194742920632136,1.0,0.3291276125691175,0.4923883147096409,0.954101259010226
249,297,c6eb3bdeddb04716,cardiomegaly,on,0.194742920632136,1.0,0.3600594040074537,0.529471328963252,0.6240298910693445
250,298,057d72fd8f724e9f,cardiomegaly,off,0.1207013337621644,1.0,0.4321193590299087,0.5988703904395947,1.0422281830646976
250,298,057d72fd8f724e9f,cardiomegaly,on,0.1207013337621644,1.0,0.5303523750553552,0.6930904856953128,1.1753472259348603
251,320,3b5deb6b8277b2fc,cardiomegaly,off,0.1622297267663699,1.0,0.5396315265984849,0.6913641933534975,2.0371027090674203
251,320,3b5deb6b8277b2fc,cardiomegaly,on,0.1622297267663699,1.0,0.6809260268914908,0.8101681053784185,1.687390463608415
252,323,ac6ee2faa45f13ea,cardiomegaly,off,0.1694954899638904,1.0,0.453411536482871,0.6192062876637968,1.668917937831225
252,323,ac6ee2faa45f13ea,cardiomegaly,on,0.1694954899638904,1.0,0.5512538591467553,0.7107200338990863,1.1742496070113828
253,330,d914627fd7043b26,cardiomegaly,off,0.1401449254175011,1.0,0.2704186653555981,0.4243940242039737,0.5612375780090384
253,330,d914627fd7043b26,cardiomegaly,on,0.1401449254175011,1.0,0.2866575728833199,0.4455835013549659,0.5520945492091587
254,331,2dcd061d752720b3,cardiomegaly,off,0.1650463673620552,1.0,0.2747736646612798,0.427981539002969,0.9604555545400544
254,331,2dcd061d752720b3,cardiomegaly,on,0.1650463673620552,1.0,0.3134901866566791,0.4773330269523154,0.59098040679388
255,334,3be03514cc889234,cardiomegaly,off,0.1586772509977632,1.0,0.3511303121998388,0.5171987300569295,1.1619003146946492
255,334,3be03514cc889234,cardiomegaly,on,0.1586772509977632,1.0,0.4218975030446643,0.5934244034331216,0.8331206743964139
256,336,99498cee40a343d2,cardiomegaly,off,0.1706991408758875,1.0,0.2799036458650236,0.4338358526106433,0.8893234197224567
256,336,99498cee40a343d2,cardiomegaly,on,0.1706991408758875,1.0,0.3368355899078943,0.5039224002101351,0.6197280333992871
257,337,afa5f1d02875ed9c,cardiomegaly,off,0.1395650288242718,1.0,0.3706290843857256,0.5351721421784724,1.6025102388713084
257,337,afa5f1d02875ed9c,cardiomegaly,on,0.1395650288242718,1.0,0.5880171829417139,0.740566224439521,1.3244733119869894
258,344,c8b8ed6ec32a0194,cardiomegaly,off,0.1330009892353649,1.0,0.4690311612725049,0.636955543183995,1.2226182733867774
258,344,c8b8ed6ec32a0194,cardiomegaly,on,0.1330009892353649,1.0,0.529181101435103,0.6921102135238211,1.1430372698627196
259,347,8fb7cd9284a2390b,cardiomegaly,off,0.1446135403417978,1.0,0.4626365360515409,0.6261944450791673,1.5158671022456438
259,347,8fb7cd9284a2390b,cardiomegaly,on,0.1446135403417978,1.0,0.595061519001081,0.7461204141248498,1.4270654330933266
260,350,0eec7465b21851ca,cardiomegaly,off,0.1551735060353103,1.0,0.2907898460375261,0.4426307063185716,1.307294930353553
260,350,0eec7465b21851ca,cardiomegaly,on,0.1551735060353103,1.0,0.4808479915799609,0.6494184872365881,0.9746400738331612
261,355,2d1043b3ab978914,cardiomegaly,off,0.1501152483565535,1.0,0.4789596869476663,0.6398285107567409,1.8458709182922903
261,355,2d1043b3ab978914,cardiomegaly,on,0.1501152483565535,1.0,0.6288201600654121,0.7721107921144554,1.5099038491965382
262,357,17b1583a7369977f,cardiomegaly,off,0.1276064889941474,1.0,0.4945346673949173,0.6539536425368786,1.824516568709873
262,357,17b1583a7369977f,cardiomegaly,on,0.1276064889941474,1.0,0.6652908489714482,0.7990068298348231,1.6487903904292038
263,358,2481059373ed3b95,cardiomegaly,off,0.1149754640391016,1.0,0.3215473626083441,0.4799557550365126,1.1918331313272184
263,358,2481059373ed3b95,cardiomegaly,on,0.1149754640391016,1.0,0.4888610670011603,0.656681719808213,1.0296608528863502
264,362,1ae57b9c3f3c2647,cardiomegaly,off,0.1282107509904536,0.0,0.1063475604063229,0.1912211986936934,0.0471718502502067
264,362,1ae57b9c3f3c2647,cardiomegaly,on,0.1282107509904536,0.0,0.1486469762515538,0.2588209775782789,0.264047166232213
265,363,b2049f03ac1c3bf0,cardiomegaly,off,0.1836079314260096,1.0,0.5188488175062315,0.6824680069472057,1.6774800608019125
265,363,b2049f03ac1c3bf0,cardiomegaly,on,0.1836079314260096,1.0,0.5275023606779754,0.6906718977424754,1.1268851577277406
266,367,b23fb11991bb664d,cardiomegaly,off,0.1496717980205546,1.0,0.4033080782034021,0.5667988048386701,1.7916608338851072
266,367,b23fb11991bb664d,cardiomegaly,on,0.1496717980205546,1.0,0.6374085622487291,0.7785535612500274,1.4398927654408924
267,371,fe977ddea6753ea5,cardiomegaly,off,0.1742223781608019,1.0,0.2692436398573522,0.4241964144144149,0.7468413321419662
267,371,fe977ddea6753ea5,cardiomegaly,on,0.1742223781608019,1.0,0.2743982870110496,0.4306316751018997,0.6301030099571845
268,374,3f426be3dbce8d45,cardiomegaly,off,0.1379812776242757,1.0,0.3775713297628612,0.5458243058241623,1.469918652502208
268,374,3f426be3dbce8d45,cardiomegaly,on,0.1379812776242757,1.0,0.4613004090615843,0.6313531885318675,1.073555021265301
269,394,e155acf502336722,cardiomegaly,off,0.1441311053608759,1.0,0.3166180053673226,0.4785578644723564,1.042939134170099
269,394,e155acf502336722,cardiomegaly,on,0.1441311053608759,1.0,0.3642464874003494,0.5339843780762344,0.7944233795061997
270,396,e1fd40062c7ab19a,cardiomegaly,off,0.1687499086297384,1.0,0.3138439948301039,0.4776412007669476,1.0963568751210997
270,396,e1fd40062c7ab19a,cardiomegaly,on,0.1687499086297384,1.0,0.3195705517032142,0.4843547312371311,0.7177254317985212
271,398,58833757dee99e23,cardiomegaly,off,0.1366070688907406,1.0,0.2587762138502584,0.4074117582417481,1.1148732507171837
271,398,58833757dee99e23,cardiomegaly,on,0.1366070688907406,1.0,0.3503318229103975,0.5188812554282946,0.6995370302185017
272,401,bd494a54fa94017f,cardiomegaly,off,0.1519036689423953,1.0,0.3518618133999776,0.5170240041091858,1.4928867718074257
272,401,bd494a54fa94017f,cardiomegaly,on,0.1519036689423953,1.0,0.4696028015147069,0.6390825601000614,0.9906120663029208
273,416,4e6f8212f10d165e,cardiomegaly,off,0.1481270314654815,1.0,0.2417839491402567,0.3855850776435902,0.9921384356656826
273,416,4e6f8212f10d165e,cardiomegaly,on,0.1481270314654815,1.0,0.4042632894613878,0.5757627682008263,0.8032555537407756
274,418,8c69ef3783ae4d44,cardiomegaly,off,0.1310907416341388,1.0,0.2757726963077481,0.4247416939467097,1.3390221101104265
274,418,8c69ef3783ae4d44,cardiomegaly,on,0.1310907416341388,1.0,0.4757593697657897,0.644738645225501,1.0288131631197257
275,423,87a3f87cfabe7f9c,cardiomegaly,off,0.1348966175947448,1.0,0.3152668717718274,0.4774554296048162,0.8719770250591391
275,423,87a3f87cfabe7f9c,cardiomegaly,on,0.1348966175947448,1.0,0.3838491872084385,0.5547528511399467,0.7694450932844742
276,428,c896dee4d23f27f9,cardiomegaly,off,0.1737301970186492,1.0,0.278948098269055,0.4335116047392501,0.8687523273742978
276,428,c896dee4d23f27f9,cardiomegaly,on,0.1737301970186492,1.0,0.3586561757726463,0.5279563003186288,0.6579171585119744
277,433,fb0f65c1d50aa8a3,cardiomegaly,off,0.1258424338113825,1.0,0.2606872260245459,0.4087406975440103,1.129062276266484
277,433,fb0f65c1d50aa8a3,cardiomegaly,on,0.1258424338113825,1.0,0.4414183136494188,0.6124692788985338,0.9151220749951452
278,445,6b3b424c930e3c69,cardiomegaly,off,0.1413144647651906,1.0,0.3151922964929665,0.4713052454277935,1.4285460437570443
278,445,6b3b424c930e3c69,cardiomegaly,on,0.1413144647651906,1.0,0.5080625122645721,0.6737872383710712,1.0624433263928008
279,451,859c80b4cc1b7d6b,cardiomegaly,off,0.1500324059860922,1.0,0.3099467265800819,0.4656427942495771,1.1960624791564949
279,451,859c80b4cc1b7d6b,cardiomegaly,on,0.1500324059860922,1.0,0.4787516637429362,0.647505495073878,0.9723044142665154
280,453,f8586b048fcc9d50,cardiomegaly,off,0.1476348503233289,0.0,0.2238074206698644,0.3640390767085267,1.1338041214882753
280,453,f8586b048fcc9d50,cardiomegaly,on,0.1476348503233289,0.0,0.3027309146411717,0.4647612953392178,0.7152003949082468
281,478,35f23ba3e2874c45,cardiomegaly,off,0.1436145588156465,1.0,0.2932363213784172,0.4509875617553206,1.1903469326552496
281,478,35f23ba3e2874c45,cardiomegaly,on,0.1436145588156465,1.0,0.430209393513196,0.6016000766901716,0.8614419581447368
282,480,d45acc110431b7cc,cardiomegaly,off,0.1731746658284968,1.0,0.3463171180367036,0.5122162959428507,0.8963640722574018
282,480,d45acc110431b7cc,cardiomegaly,on,0.1731746658284968,1.0,0.3862887079640281,0.5572946177297353,0.7224365201800863
283,482,6f9d68ac1e5c1f30,cardiomegaly,off,0.1717371070469618,1.0,0.350394752067909,0.517586660980823,1.036053045536952
283,482,6f9d68ac1e5c1f30,cardiomegaly,on,0.1717371070469618,1.0,0.3939606253953253,0.5652380847549707,0.7539933361488287
284,487,7bf705c20a586dc0,cardiomegaly,off,0.1608262795491425,0.0,0.1153074239271501,0.1999997843365871,0.8532881697809683
284,487,7bf705c20a586dc0,cardiomegaly,on,0.1608262795491425,0.0,0.2659387699319763,0.4201289187741316,0.5687372888580874
285,494,3c1cf07a675d1898,cardiomegaly,off,0.157536950133766,0.0,0.0948979006629523,0.164990945534849,0.6529391507756779
285,494,3c1cf07a675d1898,cardiomegaly,on,0.157536950133766,0.0,0.1722261019257457,0.293836133962224,0.3428509992608161
286,497,6391a90b95e3ec53,cardiomegaly,off,0.1495889556500933,0.0,0.1945012048785786,0.3224266183216362,0.5213653507097008
286,497,6391a90b95e3ec53,cardiomegaly,on,0.1495889556500933,0.0,0.2420132862375919,0.3897092763283811,0.4150039270305243
287,504,baaade0d652588df,cardiomegaly,off,0.1758938448118747,1.0,0.4414800529821067,0.602149346688306,1.7521015173005043
287,504,baaade0d652588df,cardiomegaly,on,0.1758938448118747,1.0,0.6121853372916236,0.7594402878670813,1.3254243177552056
288,505,72d910c6519cd39e,cardiomegaly,off,0.1652315444254394,0.0,0.0647028148471266,0.1203033540256818,0.2874077618158129
288,505,72d910c6519cd39e,cardiomegaly,on,0.1652315444254394,0.0,0.0609254696315583,0.1148515710642173,-0.0727249754226153
289,511,1a9419899edfacb1,cardiomegaly,off,0.1513919954777811,1.0,0.3499996149138151,0.5158642790432559,1.2953607567396237
289,511,1a9419899edfacb1,cardiomegaly,on,0.1513919954777811,1.0,0.4809733971535538,0.6495334724764597,1.004936986733891
290,517,b999b82f377b197d,cardiomegaly,off,0.1918336915047585,1.0,0.4662898009082188,0.6337106089473894,1.404680094935766
290,517,b999b82f377b197d,cardiomegaly,on,0.1918336915047585,1.0,0.484380779740173,0.6526324242684283,1.022536525319604
291,519,966db46987810e93,cardiomegaly,off,0.1659283949534377,1.0,0.4933273183306799,0.6554077502574436,1.7656151594725888
291,519,966db46987810e93,cardiomegaly,on,0.1659283949534377,1.0,0.5781693560256512,0.732694717300042,1.8504456536828493
292,529,dee75173b4711883,cardiomegaly,off,0.1662256528709754,1.0,0.4194184874320579,0.585495340268876,1.5337100711736615
292,529,dee75173b4711883,cardiomegaly,on,0.1662256528709754,1.0,0.4985359672055812,0.6653611508472321,1.0172920783192867
293,18,e9c6af6099408088,interstitial pattern,off,0.1781988119429459,1.0,0.3202051500388123,0.4847926235515676,0.994370566198716
293,18,e9c6af6099408088,interstitial pattern,on,0.1781988119429459,1.0,0.3298196496393978,0.4960364145130407,0.7380684120614166
294,46,a1d99527701d5849,interstitial pattern,off,0.1879449731736912,1.0,0.6143255445093925,0.7589656522784052,1.8283418156723303
294,46,a1d99527701d5849,interstitial pattern,on,0.1879449731736912,1.0,0.593359295376271,0.7447789781097028,1.3104771093241396
295,55,cf6f75b020455153,interstitial pattern,off,0.1106481684526507,1.0,0.0454464192428692,0.0866774264029313,0.9102198765900308
295,55,cf6f75b020455153,interstitial pattern,on,0.1106481684526507,1.0,0.1235323481269082,0.2198764443342133,0.4159704411541631
296,66,b38f8a63b1025b6b,interstitial pattern,off,0.1626829232635995,1.0,0.591141181422335,0.7418470630565015,2.2539023640866
296,66,b38f8a63b1025b6b,interstitial pattern,on,0.1626829232635995,1.0,0.5066084956299084,0.6724520974426611,2.323588380240084
297,73,90318a9405c3be4a,interstitial pattern,off,0.1605338947122202,1.0,0.3023940065394644,0.4637258234159175,2.1706820253956782
297,73,90318a9405c3be4a,interstitial pattern,on,0.1605338947122202,1.0,0.2362419383088791,0.3821889503316147,2.2846760380581697
298,94,90f3c92844fe7854,interstitial pattern,off,0.1815758568093992,1.0,0.362754604023293,0.5296573056576518,0.6281655418080119
298,94,90f3c92844fe7854,interstitial pattern,on,0.1815758568093992,1.0,0.3719809391383473,0.5422491666857232,0.6893756682337262
299,144,a32a449182cc66e6,interstitial pattern,off,0.1554317793079251,0.0,0.1672586008677868,0.2839503591601361,0.9418712266940334
299,144,a32a449182cc66e6,interstitial pattern,on,0.1554317793079251,0.0,0.1896572939910769,0.3188415236083058,0.6824630344512125
300,169,d40002e75a46ce19,interstitial pattern,off,0.1321384539664439,1.0,0.1248832061821585,0.2198314639851387,0.7619912493426625
300,169,d40002e75a46ce19,interstitial pattern,on,0.1321384539664439,1.0,0.2033515117177871,0.3379732337438169,0.7648499673459633
301,187,f9d1f5bfeb6e20bc,interstitial pattern,off,0.1872529957263083,1.0,0.4602564960290582,0.629640126629439,1.862032470389576
301,187,f9d1f5bfeb6e20bc,interstitial pattern,on,0.1872529957263083,1.0,0.4919752705617733,0.6594951630974457,1.655040237869816
302,210,d04d05023f7c74ed,interstitial pattern,off,0.1624977462002154,1.0,0.4856620679486962,0.6496237817355522,1.9968645518254275
302,210,d04d05023f7c74ed,interstitial pattern,on,0.1624977462002154,1.0,0.478543551734621,0.6472977839163899,2.965156722429698
303,229,211047ec8fa23fdb,interstitial pattern,off,0.1900257785964553,1.0,0.1842648630322649,0.3055473586011564,2.495428723279381
303,229,211047ec8fa23fdb,interstitial pattern,on,0.1900257785964553,1.0,0.1166110338836032,0.2088622199564261,2.2603565319655856
304,230,6699fd266091dac8,interstitial pattern,off,0.1608798834359116,1.0,0.2136422642599306,0.348159337192251,1.136724354774595
304,230,6699fd266091dac8,interstitial pattern,on,0.1608798834359116,1.0,0.2599451006264218,0.4126128633489163,0.4709206501421718
305,262,422fd65f92b19406,interstitial pattern,off,0.1741639011934174,0.0,0.2865504844119455,0.4404936261945112,1.0199906013343747
305,262,422fd65f92b19406,interstitial pattern,on,0.1741639011934174,0.0,0.3983036827039264,0.569684275318974,0.8267040353551508
306,277,d517c7f3330a223f,interstitial pattern,off,0.1925451612746029,1.0,0.6273306097350809,0.7696945452667961,2.3245991124567507
306,277,d517c7f3330a223f,interstitial pattern,on,0.1925451612746029,1.0,0.6499072608352569,0.7878076444602992,2.5119563639399973
307,295,63d56094353813df,interstitial pattern,off,0.1445063325682596,1.0,0.2977631048551693,0.4577137800566158,1.1498046964077284
307,295,63d56094353813df,interstitial pattern,on,0.1445063325682596,1.0,0.3207145431834411,0.4856659998705978,0.9341113800924088
308,310,c00225f5e8666d20,interstitial pattern,off,0.2031587308548845,1.0,0.7134722161411997,0.8284150728056806,2.2782817939113413
308,310,c00225f5e8666d20,interstitial pattern,on,0.2031587308548845,1.0,0.6571219198952389,0.7930541705613903,1.600601268999081
309,311,5461f5f492d355f9,interstitial pattern,off,0.1836322968290864,1.0,0.527706633114419,0.686086072286229,2.1019514417651672
309,311,5461f5f492d355f9,interstitial pattern,on,0.1836322968290864,1.0,0.5057173531592666,0.6717142392575941,2.2911932964105524
310,315,0449a885c64c1338,interstitial pattern,off,0.1610358220156036,0.0,0.1247516354633664,0.2217313531687835,-0.2649116946163252
310,315,0449a885c64c1338,interstitial pattern,on,0.1610358220156036,0.0,0.116809729651794,0.2091845417038673,-0.0016612596174729
311,329,e1193f1b5d09f86a,interstitial pattern,off,0.1852063018678518,1.0,0.3490942007382611,0.5148943224662053,1.3053592200187738
311,329,e1193f1b5d09f86a,interstitial pattern,on,0.1852063018678518,1.0,0.4085316544291094,0.5800795707207023,0.8992956314152133
312,389,bcdb44370d7eb1d4,interstitial pattern,off,0.2006442212573522,1.0,0.3955603554876395,0.5540719250038703,1.049099513888028
312,389,bcdb44370d7eb1d4,interstitial pattern,on,0.2006442212573522,1.0,0.318680735817669,0.4833004702845,0.7358059255189
313,402,87dcc15c2f19b537,interstitial pattern,off,0.1846312783552378,1.0,0.2720399280428502,0.426281814340007,1.2060680329817823
313,402,87dcc15c2f19b537,interstitial pattern,on,0.1846312783552378,1.0,0.3041612732247052,0.4664457860939805,0.912179687813815
314,405,7fd9d691815896db,interstitial pattern,off,0.174368570579263,1.0,0.4007211024518838,0.5647109827333495,1.5381421717934345
314,405,7fd9d691815896db,interstitial pattern,on,0.174368570579263,1.0,0.4895788575869004,0.6573273568566845,0.9954725424197808
315,429,9b6e215db52ea84a,interstitial pattern,off,0.1436584165411848,1.0,0.247700309032459,0.3955749293490523,0.827185295566184
315,429,9b6e215db52ea84a,interstitial pattern,on,0.1436584165411848,1.0,0.2881133137106192,0.4473336556791182,0.5473960305887356
316,430,f0a56bcd504f6ff8,interstitial pattern,off,0.1999571168905847,1.0,0.4900143766634427,0.6558138976708057,1.440009325195077
316,430,f0a56bcd504f6ff8,interstitial pattern,on,0.1999571168905847,1.0,0.5131072837657585,0.6782137186748188,1.037041970268255
317,441,b6d42511ef9b2567,interstitial pattern,off,0.2060728330628773,0.0,0.3726771455372712,0.5420007581398733,1.3082482783555314
317,441,b6d42511ef9b2567,interstitial pattern,on,0.2060728330628773,0.0,0.3756130398667301,0.5460982488875346,0.954841188875312
318,448,0c531bccfb44e11f,interstitial pattern,off,0.2074226763933356,1.0,0.4142246958010335,0.584816667407124,1.480380889580409
318,448,0c531bccfb44e11f,interstitial pattern,on,0.2074226763933356,1.0,0.3928294298633465,0.5640712329015388,0.9255014085561096
319,450,20664a317941438a,interstitial pattern,off,0.21218854923517,1.0,0.4086502991956311,0.5785106429573054,1.215431731040095
319,450,20664a317941438a,interstitial pattern,on,0.21218854923517,1.0,0.4056111428710959,0.5771268856220282,0.7992438262542958
320,474,ef925bdd7a9847b9,interstitial pattern,off,0.1246339098187701,1.0,0.2421079488987839,0.3858861724062276,1.2925719901300845
320,474,ef925bdd7a9847b9,interstitial pattern,on,0.1246339098187701,1.0,0.4032703241895764,0.5747283045779544,0.8771373685428135
321,475,ec7abfbf765e1690,interstitial pattern,off,0.1554463985497712,1.0,0.3575970836997628,0.5163718309494664,1.5239724457401256
321,475,ec7abfbf765e1690,interstitial pattern,on,0.1554463985497712,1.0,0.4704372054471791,0.6398424234280488,0.9885036126691412
322,483,67bd3c74cf584ff0,interstitial pattern,off,0.1725655307515752,0.0,0.3474968860447889,0.5153148719031776,1.5232078879444526
322,483,67bd3c74cf584ff0,interstitial pattern,on,0.1725655307515752,0.0,0.3710817564633726,0.5412975135044006,1.326210744888922
323,496,262c886227014d4e,interstitial pattern,off,0.1591499398174544,1.0,0.3728797510379952,0.5378099319174805,1.2812307079282406
323,496,262c886227014d4e,interstitial pattern,on,0.1591499398174544,1.0,0.4972190049005091,0.6641865907223845,1.0288173907941258
324,506,598bd23a0f437d3c,interstitial pattern,off,0.2018624914111954,1.0,0.2828599378119975,0.4265876327204355,1.4850855523810202
324,506,598bd23a0f437d3c,interstitial pattern,on,0.2018624914111954,1.0,0.4626177526857675,0.6325735752497391,0.9199178550600078
325,507,fec6422c494e2973,interstitial pattern,off,0.1915315605066054,1.0,0.4738503544316108,0.6361639425324879,1.4205852526202245
325,507,fec6422c494e2973,interstitial pattern,on,0.1915315605066054,1.0,0.4875314746896572,0.655472512600509,0.986793448091522
326,2,5ba6a17e672673ac,nodule,off,0.1815758568093992,0.0,0.0089013875179171,0.0176289970751035,1.4332522978718985
326,2,5ba6a17e672673ac,nodule,on,0.1815758568093992,0.0,0.0154472250788167,0.0304242312835775,2.235708861384605
327,4,31cef6e4e32f976a,nodule,off,0.192847292272756,0.0,0.0201859357259159,0.039518893371406,1.3918882709036673
327,4,31cef6e4e32f976a,nodule,on,0.192847292272756,0.0,0.0268422978756397,0.0522810417202029,2.072480353628749
328,5,791df30f73b6bdce,nodule,off,0.1676924501362026,0.0,0.0,0.0,-0.005266097568706
328,5,791df30f73b6bdce,nodule,on,0.1676924501362026,0.0,0.0,0.0,-0.4676330397892556
329,16,c5382ff48d694b35,nodule,off,0.1452616600636424,0.0,0.0347153718715215,0.0663465925954645,0.6793538982500417
329,16,c5382ff48d694b35,nodule,on,0.1452616600636424,0.0,0.0104300904585178,0.0206307030345857,0.0301585475276658
330,17,d4d6c8a665a118fd,nodule,off,0.1447792250827205,1.0,0.1358927694871359,0.2372112148700919,2.922880926172278
330,17,d4d6c8a665a118fd,nodule,on,0.1447792250827205,1.0,0.0736806438847088,0.1372476891911889,2.575947300540239
331,23,6a273e887e794c84,nodule,off,0.1659137757115916,0.0,0.0283729394412826,0.0550512979471078,2.2001249586501435
331,23,6a273e887e794c84,nodule,on,0.1659137757115916,0.0,0.0317773884940789,0.0615970535680971,2.3340281407911765
332,26,2703456a007cdfd6,nodule,off,0.1866438606493867,0.0,0.0087604410850316,0.0173422113774027,1.3069618454249206
332,26,2703456a007cdfd6,nodule,on,0.1866438606493867,0.0,0.0122802472309954,0.0242625441360881,1.6971967448729306
333,30,15a9576ba2bd05d5,nodule,off,0.190191463337378,0.0,0.1722215179884344,0.2873376212857973,0.4449968661392417
333,30,15a9576ba2bd05d5,nodule,on,0.190191463337378,0.0,0.2132479834248097,0.3515221620211405,0.2521558950766526
334,35,6f70f0b7f328ad04,nodule,off,0.1697196516721976,0.0,0.0038255128696548,0.0075689047726603,0.8631540638635805
334,35,6f70f0b7f328ad04,nodule,on,0.1697196516721976,0.0,0.0050769250630459,0.010102195288643,0.1842554962119718
335,40,46f6e4be988ee1fe,nodule,off,0.1878670038838452,0.0,0.0102253351393633,0.0202204715349572,1.4238977829035178
335,40,46f6e4be988ee1fe,nodule,on,0.1878670038838452,0.0,0.0128512851832397,0.0253764052595058,2.120024576158729
336,51,dd36e0c7c263a696,nodule,off,0.129838359915988,1.0,0.1921961217850218,0.3223884134208637,0.8457951833689216
336,51,dd36e0c7c263a696,nodule,on,0.129838359915988,1.0,0.1950048827943812,0.3263666220461242,0.6834404280058627
337,57,529ec6d31cd9f947,nodule,off,0.2101516015379442,0.0,0.019540274582854,0.0378854941174424,0.6293839038256454
337,57,529ec6d31cd9f947,nodule,on,0.2101516015379442,0.0,0.0170811288452262,0.0335876405892059,-0.0743565060311751
338,58,e4874abd256cb5f3,nodule,off,0.1969114415059768,0.0,0.0123791038446735,0.0244101118402061,1.526015158973716
338,58,e4874abd256cb5f3,nodule,on,0.1969114415059768,0.0,0.0168729999290657,0.0331857147495944,2.131613301854248
339,67,136ada2e2567ad2d,nodule,off,0.135656818170743,0.0,0.0121229194312425,0.0235589504196165,0.1760700747244424
339,67,136ada2e2567ad2d,nodule,on,0.135656818170743,0.0,0.0,0.0,-0.4341058857232364
340,71,627d7e9da9da4248,nodule,off,0.1625854616512921,1.0,0.2721260270910521,0.4277920069093938,0.5950663537631519
340,71,627d7e9da9da4248,nodule,on,0.1625854616512921,1.0,0.2721158298865376,0.4278158947400854,0.5737698141513196
341,81,12921884d73c94c5,nodule,off,0.1911368409767602,0.0,0.0549840647203888,0.1041120677979702,0.4028022326112027
341,81,12921884d73c94c5,nodule,on,0.1911368409767602,0.0,0.0624418509811635,0.1175437716154208,0.3807378759170852
342,95,c69c8f6cd26e7283,nodule,off,0.2059704983699545,0.0,0.0216180683133411,0.0422537797053731,0.8546546290342252
342,95,c69c8f6cd26e7283,nodule,on,0.2059704983699545,0.0,0.0253900431248132,0.0495224222763685,0.5237285466309526
343,96,3c565fb2a9b98cd8,nodule,off,0.1841927010998543,0.0,0.0350508831450803,0.067710835839527,0.9154661312628428
343,96,3c565fb2a9b98cd8,nodule,on,0.1841927010998543,0.0,0.0292333437199112,0.0568054419595994,0.3995847977988456
344,99,de8bae8c48874a29,nodule,off,0.1619129765263706,0.0,0.0002273439949827,0.0004541717238949,-0.1492107995670297
344,99,de8bae8c48874a29,nodule,on,0.1619129765263706,0.0,0.0,0.0,-0.4575374867140989
345,100,4b5257cd5e0a6456,nodule,off,0.1860298524918497,0.0,0.0599013362829415,0.1123378703836283,1.995116803178522
345,100,4b5257cd5e0a6456,nodule,on,0.1860298524918497,0.0,0.0516607108156439,0.0982451461742666,2.2044383500562463
346,101,62b654fbb6e1bf36,nodule,off,0.1872871072906159,0.0,0.0066884785015722,0.0132039446087007,0.9337677286628392
346,101,62b654fbb6e1bf36,nodule,on,0.1872871072906159,0.0,0.0054696322031754,0.0108784343253793,0.2782277848408206
347,102,1e9da71c70d41927,nodule,off,0.15530020613131,0.0,0.0493848538552945,0.0937737639613121,2.6089293159008613
347,102,1e9da71c70d41927,nodule,on,0.15530020613131,0.0,0.0370327271730574,0.0714202098599867,2.429862808459625
348,109,beec2434ff624b6b,nodule,off,0.1852842711576977,1.0,0.2943108128644572,0.4524297697593246,1.923408527759377
348,109,beec2434ff624b6b,nodule,on,0.1852842711576977,1.0,0.2871631327545494,0.4461866653068329,2.2478549187885672
349,110,53bf9055496e7700,nodule,off,0.184450974372469,0.0,0.0,0.0,0.273678243511457
349,110,53bf9055496e7700,nodule,on,0.184450974372469,0.0,0.0,0.0,-0.4921061894864193
350,119,4b8172a7de453a27,nodule,off,0.1845776744684687,0.0,0.0255091335465441,0.0491915541509951,1.0952686894936123
350,119,4b8172a7de453a27,nodule,on,0.1845776744684687,0.0,0.036551815463267,0.0705234820547215,0.8367499598730368
351,122,388ba4ddcba88c63,nodule,off,0.1988801660745873,0.0,0.1041743045613066,0.1884314929747498,1.618883017905076
351,122,388ba4ddcba88c63,nodule,on,0.1988801660745873,0.0,0.1005862066343308,0.1827861720687884,1.7766625641139733
352,135,fcbe7d0e9937ca08,nodule,off,0.1780721118469463,0.0,0.0349600323270914,0.0673891628061772,1.6846881000375171
352,135,fcbe7d0e9937ca08,nodule,on,0.1780721118469463,0.0,0.0332080452815515,0.0642809859489176,2.241967322467277
353,152,62eb41a49c59044c,nodule,off,0.1539601089620825,0.0,0.0255643132852687,0.0497169071848357,2.8499775498332367
353,152,62eb41a49c59044c,nodule,on,0.1539601089620825,0.0,0.0123702450215452,0.0244381005222309,2.430451325182403
354,160,9f3085bc1714fbfc,nodule,off,0.1775945499466397,0.0,0.0901258424019267,0.164855351596093,0.1680074930068896
354,160,9f3085bc1714fbfc,nodule,on,0.1775945499466397,0.0,0.0890393364282322,0.1635180683147024,0.0514875559275979
355,179,af8b609a0d8420b6,nodule,off,0.1829841771072418,0.0,7.991830573191849e-05,0.0001597727676193,0.3883420181508626
355,179,af8b609a0d8420b6,nodule,on,0.1829841771072418,0.0,0.0,0.0,-0.4827818982501865
356,181,46d32bdb4e0bfc6d,nodule,off,0.2070718145890287,0.0,0.0002244018052999,0.0004483006132651,-0.3572215763469721
356,181,46d32bdb4e0bfc6d,nodule,on,0.2070718145890287,0.0,0.0,0.0,-0.5344010930949681
357,188,178af366c915dc33,nodule,off,0.1850893479330828,0.0,0.0260772840867528,0.0503706800827474,1.228085479109654
357,188,178af366c915dc33,nodule,on,0.1850893479330828,0.0,0.041734231767374,0.0801244640434771,1.7029364160827511
358,194,1547ed2ca0dc7cf8,nodule,off,0.1677460540229717,1.0,0.1824041462758125,0.3020799886573006,2.792626595585277
358,194,1547ed2ca0dc7cf8,nodule,on,0.1677460540229717,1.0,0.0828596314318767,0.1530344380745326,2.4158152709367986
359,202,311cae76649c299c,nodule,off,0.1847531053706221,0.0,0.0,0.0,0.0135446284160345
359,202,311cae76649c299c,nodule,on,0.1847531053706221,0.0,0.0,0.0,-0.4923304672893563
360,203,7b3442fcfa554b56,nodule,off,0.1863612219736951,0.0,0.060734207674321,0.1142076280756032,0.1467512574379842
360,203,7b3442fcfa554b56,nodule,on,0.1863612219736951,0.0,0.0573355411339257,0.1084518145336952,0.0268782744791538
361,208,fa45a0c99089f06d,nodule,off,0.1243805096267707,1.0,0.5886815373323794,0.7378415841144615,3.676862000050567
361,208,fa45a0c99089f06d,nodule,on,0.1243805096267707,1.0,0.2556996422785794,0.407247678047746,3.1691669697145066
362,212,4a2cc7f50a322c9b,nodule,off,0.1646321555097486,1.0,0.0831223615243789,0.1514284303532686,2.8607305631566
362,212,4a2cc7f50a322c9b,nodule,on,0.1646321555097486,1.0,0.0579139022967627,0.1094850311200477,2.4065373739145897
363,225,f6618661e9c11ab9,nodule,off,0.2040553776881131,0.0,2.803148870564601e-05,5.605512086885437e-05,-0.1856364384271729
363,225,f6618661e9c11ab9,nodule,on,0.2040553776881131,0.0,0.0,0.0,-0.530868710000756
364,226,dc3b1a2842b5bde9,nodule,off,0.1924915573878338,0.0,0.0136307177816451,0.0268609806989947,1.7459928830986655
364,226,dc3b1a2842b5bde9,nodule,on,0.1924915573878338,0.0,0.0119669827976433,0.0236508840894472,2.115186233338484
365,231,e6a6edb9671f4997,nodule,off,0.2070182107022596,0.0,0.042954245474352,0.0821362421550914,1.6924070481101328
365,231,e6a6edb9671f4997,nodule,on,0.2070182107022596,0.0,0.04694964238052,0.0896877816100147,2.058240575453314
366,237,1a56067563f9d98b,nodule,off,0.1263151226310737,0.0,0.0,0.0,0.6268776319444743
366,237,1a56067563f9d98b,nodule,on,0.1263151226310737,0.0,0.0014794777664302,0.0029372277173466,-0.0290892717011125
367,243,7fd1d6abc4eb09b7,nodule,off,0.1746122246100317,0.0,0.0,0.0,0.0713053712077307
367,243,7fd1d6abc4eb09b7,nodule,on,0.1746122246100317,0.0,0.0,0.0,-0.4728756895299542
368,244,10dd1cccf6713426,nodule,off,0.1683844275835855,0.0,0.0142385289585274,0.027873124005638,0.1283647098543911
368,244,10dd1cccf6713426,nodule,on,0.1683844275835855,0.0,0.01224601240987,0.0241952040578124,-0.2276199598120384
369,245,a4ca156bdc6f1e50,nodule,off,0.2015895988967345,0.0,0.0,0.0,0.0222786482837788
369,245,a4ca156bdc6f1e50,nodule,on,0.2015895988967345,0.0,0.0,0.0,-0.5166235846973709
370,278,e49b9f94ea41c15c,nodule,off,0.1874527920315385,0.0,0.0001754351767022,0.0003505628481283,0.4712955673505893
370,278,e49b9f94ea41c15c,nodule,on,0.1874527920315385,0.0,0.0,0.0,-0.4981472236938961
371,287,a434b5c1c1c293b7,nodule,off,0.1608603911134501,0.0,0.1377972802879826,0.2404834342383379,2.697576692317958
371,287,a434b5c1c1c293b7,nodule,on,0.1608603911134501,0.0,0.068320911048366,0.1279020199441547,2.4228436896373595
372,299,f9333b96ded07222,nodule,off,0.1800018517706338,0.0,0.042508044479237,0.0802684124025121,2.8189591966689345
372,299,f9333b96ded07222,nodule,on,0.1800018517706338,0.0,0.0183929225528564,0.0361211363338798,2.253899173523857
373,300,cb476906290891fc,nodule,off,0.1666642301263589,0.0,0.0,0.0,0.0857862846468472
373,300,cb476906290891fc,nodule,on,0.1666642301263589,0.0,0.0,0.0,-0.4621160454378183
374,304,454c77ff1a863eb0,nodule,off,0.1652217982642086,0.0,0.1121295407967175,0.2013053668249743,1.5519289258261673
374,304,454c77ff1a863eb0,nodule,on,0.1652217982642086,0.0,0.1137459844516169,0.20425766076995,1.7647622640977882
375,317,79b3a198942ba36e,nodule,off,0.1898162361299943,0.0,0.0221182692320253,0.0427352380600207,0.6676927403099546
375,317,79b3a198942ba36e,nodule,on,0.1898162361299943,0.0,0.0250244598887557,0.048825788612484,0.0897359626678152
376,332,4616b3605893256b,nodule,off,0.1602853676008362,0.0,0.0016135678706334,0.0032051787622597,-0.5709548037238844
376,332,4616b3605893256b,nodule,on,0.1602853676008362,0.0,0.0,0.0,-0.4820646397472279
377,341,4760706a91f4d806,nodule,off,0.1989435161225872,0.0,0.0089113215438691,0.0176534866166461,1.0145830332644457
377,341,4760706a91f4d806,nodule,on,0.1989435161225872,0.0,0.0086235613428844,0.017099473553881,0.6410106813745158
378,345,5c7d19c41a7a931a,nodule,off,0.1316706382273682,1.0,0.4947417776194873,0.6570692771746697,1.80606199235334
378,345,5c7d19c41a7a931a,nodule,on,0.1316706382273682,1.0,0.6099169458332551,0.7576989476229855,1.7172749508367997
379,353,baba146980179c15,nodule,off,0.224468712385909,0.0,0.0211742378896338,0.0414551007791443,1.258689399848396
379,353,baba146980179c15,nodule,on,0.224468712385909,0.0,0.0242418260649852,0.0473361103623405,1.3276815869666532
380,354,1ba64d275eacfef0,nodule,off,0.2099128205877909,0.0,0.0219718909101176,0.0429491634886046,1.4460327154335486
380,354,1ba64d275eacfef0,nodule,on,0.2099128205877909,0.0,0.0267924731153669,0.0521865966952958,1.8735732497237063
381,369,bcc6697081a43ebb,nodule,off,0.1918970415527584,0.0,0.0155072275432966,0.0305366391375513,1.1246384345806146
381,369,bcc6697081a43ebb,nodule,on,0.1918970415527584,0.0,0.0131031893685828,0.025867415305036,0.6094205641417401
382,375,2fe0944b4d020733,nodule,off,0.1528344273399315,1.0,0.2651840572897911,0.4177727766849489,2.260924562589507
382,375,2fe0944b4d020733,nodule,on,0.1528344273399315,1.0,0.2248333111149714,0.3671166759492393,2.7326922703587213
383,385,903704ca004bf410,nodule,off,0.1454906948525649,0.0,0.0149722719891389,0.0293726975463343,1.2262724885262222
383,385,903704ca004bf410,nodule,on,0.1454906948525649,0.0,0.0184955847514357,0.0363192455676312,0.9504952747898812
384,392,cdd145559ca14b6a,nodule,off,0.1809618486518622,0.0,0.0035729173783161,0.0070916098742694,0.8499347183482988
384,392,cdd145559ca14b6a,nodule,on,0.1809618486518622,0.0,0.0035486963682002,0.0070720780863668,0.1891165577701024
385,406,4ac5bdc88a2f8372,nodule,off,0.1537749318986984,1.0,0.3306591886134161,0.4907978593244461,1.4255666347091729
385,406,4ac5bdc88a2f8372,nodule,on,0.1537749318986984,1.0,0.4722934345182257,0.6415712472758517,1.0091306985555346
386,409,29b9cb23329cf7cd,nodule,off,0.2023400533115019,0.0,0.0,0.0,-0.6189168575061715
386,409,29b9cb23329cf7cd,nodule,on,0.2023400533115019,0.0,0.0,0.0,-0.5355623788374931
387,419,47f29da1a3e01ce1,nodule,off,0.1843681320020077,0.0,0.1285816314264038,0.2266899245862333,1.874391861279745
387,419,47f29da1a3e01ce1,nodule,on,0.1843681320020077,0.0,0.122880237888736,0.2188634343786625,2.296640001678664
388,427,cc9b83b25564404d,nodule,off,0.129784756029219,0.0,0.0253483724328166,0.0494076454751086,0.9006827983887066
388,427,cc9b83b25564404d,nodule,on,0.129784756029219,0.0,0.0276156522100279,0.053746962401971,0.5220980913722739
389,434,b49f828065841b72,nodule,off,0.1471962730679453,1.0,0.4449842867404613,0.6157207248101644,2.101207433875784
389,434,b49f828065841b72,nodule,on,0.1471962730679453,1.0,0.3400189210400905,0.507478685056405,2.074577131555428
390,439,4b0c1be6f2fa0ae1,nodule,off,0.1359881876525883,1.0,0.5417166822301402,0.7023375109366977,2.652363535864823
390,439,4b0c1be6f2fa0ae1,nodule,on,0.1359881876525883,1.0,0.4177104597652626,0.5892635815425488,3.022521436171634
391,440,6a7040fd2005b413,nodule,off,0.169934067219274,0.0,0.0188477480263167,0.0369191443213191,2.5637233833242616
391,440,6a7040fd2005b413,nodule,on,0.169934067219274,0.0,0.0154553778177294,0.03044014335861,2.3012450558434643
392,455,80701ea912c38968,nodule,off,0.1572348191356129,0.0,0.0,0.0,-0.2282698621619441
392,455,80701ea912c38968,nodule,on,0.1572348191356129,0.0,0.0,0.0,-0.447695308254288
393,470,7a85d34d4d0f8e20,nodule,off,0.1805817483638631,0.0,0.0263557886983531,0.0511636034226403,1.8981122387193967
393,470,7a85d34d4d0f8e20,nodule,on,0.1805817483638631,0.0,0.0273794844574687,0.0532992349374124,2.235331799095084
394,472,ab41a0f8182d4bc1,nodule,off,0.2034949734173452,0.0,0.0176929831400907,0.0347170893991569,1.0913587911276923
394,472,ab41a0f8182d4bc1,nodule,on,0.2034949734173452,0.0,0.0195265042004701,0.0383049078209465,0.8166311930228751
395,477,d5c1d9f7a116dfae,nodule,off,0.1691397550789682,0.0,0.0,0.0,-0.408000564849368
395,477,d5c1d9f7a116dfae,nodule,on,0.1691397550789682,0.0,0.0,0.0,-0.4687332283618593
396,488,08e40ded6a91cb4d,nodule,off,0.1608701372746809,0.0,0.1010270997328339,0.1835043115809561,1.291124620901881
396,488,08e40ded6a91cb4d,nodule,on,0.1608701372746809,0.0,0.0987356209308234,0.1797258322867102,1.0236893974433987
397,499,792effd3029389fb,nodule,off,0.1422159846790345,1.0,0.1621050575237604,0.2743187992132561,3.164287038412976
397,499,792effd3029389fb,nodule,on,0.1422159846790345,1.0,0.1147221799620467,0.2058254750938445,2.691574945522377
398,501,c353462c47a4a7ba,nodule,off,0.1474301809374832,0.0,0.0147059905446451,0.0289753165946589,0.1191339795475302
398,501,c353462c47a4a7ba,nodule,on,0.1474301809374832,0.0,0.0159624158496791,0.0314231918957045,-0.1045468816622059
399,521,84c18c7af86041aa,nodule,off,0.2184163462616162,0.0,0.0144824536391758,0.0285323068987531,0.874755040769315
399,521,84c18c7af86041aa,nodule,on,0.2184163462616162,0.0,0.0144088687046442,0.028408381208738,0.4135376021350853
400,528,36f0ee298e099997,nodule,off,0.2024521341656555,0.0,0.0079020438989978,0.015677107762663,1.1944049028122758
400,528,36f0ee298e099997,nodule,on,0.2024521341656555,0.0,0.0090628158833136,0.0179628363818964,1.0594951484152757
401,13,33b179d6a89a32f1,pleural effusion,off,0.1541404129448513,1.0,0.4190669119992791,0.5889897254064276,1.6537302078965015
401,13,33b179d6a89a32f1,pleural effusion,on,0.1541404129448513,1.0,0.4928483124667182,0.6602774209870098,1.1811801332082752
402,21,3cf6ce745b74e09f,pleural effusion,off,0.1605631331959124,1.0,0.2797641824797289,0.4349643341053151,0.9768160208920442
402,21,3cf6ce745b74e09f,pleural effusion,on,0.1605631331959124,1.0,0.3538683319495401,0.5227496308801084,0.6611172822279461
403,34,69ee306d0de8bd2d,pleural effusion,off,0.1922527764376806,1.0,0.3622440831889445,0.5305802492558688,2.108014911889313
403,34,69ee306d0de8bd2d,pleural effusion,on,0.1922527764376806,1.0,0.3082249148286897,0.471207025590195,2.053748968741317
404,43,e3f6aeb0d6419151,pleural effusion,off,0.1294533865473736,0.0,0.0,0.0,-1.333282649134988
404,43,e3f6aeb0d6419151,pleural effusion,on,0.1294533865473736,0.0,0.0,0.0,-0.4309141625329068
405,44,01f421ac2c8b7f23,pleural effusion,off,0.1322943925461359,0.0,0.3071299621090655,0.4698659095108972,2.2326597287505523
405,44,01f421ac2c8b7f23,pleural effusion,on,0.1322943925461359,0.0,0.2576535499078985,0.4097300763129438,2.9732309991971086
406,47,46b5f3f2fe8fa92d,pleural effusion,off,0.1549883289719262,0.0,0.072236969881969,0.1346635065004721,1.850150542788053
406,47,46b5f3f2fe8fa92d,pleural effusion,on,0.1549883289719262,0.0,0.0667085219948958,0.1250724294445941,2.466947758141147
407,49,c637f6b6fbc52aa6,pleural effusion,off,0.1307447529104474,1.0,0.4107724176849984,0.5822071269102516,2.462912160397684
407,49,c637f6b6fbc52aa6,pleural effusion,on,0.1307447529104474,1.0,0.3173297194285692,0.481767967188223,2.996125096583378
408,52,ed2c6c44cda73bc0,pleural effusion,off,0.0960776574126865,1.0,0.0877688631221567,0.1602901090507261,0.9334919952671838
408,52,ed2c6c44cda73bc0,pleural effusion,on,0.0960776574126865,1.0,0.0710971530812062,0.1327543793594905,0.9440184626814224
409,64,c0bc1579b347c146,pleural effusion,off,0.1634528700008284,0.0,0.1104779564667286,0.1987240215311066,1.4438427964661231
409,64,c0bc1579b347c146,pleural effusion,on,0.1634528700008284,0.0,0.0943652065566944,0.1724544521052068,1.3337216576759443
410,65,b54f6faaa57c06df,pleural effusion,off,0.1272897387541482,1.0,0.2349213911699844,0.3800993616819944,2.6441942709153525
410,65,b54f6faaa57c06df,pleural effusion,on,0.1272897387541482,1.0,0.1408577603042938,0.2469293054620567,2.8875470462009627
411,69,066ed6260c2c0c26,pleural effusion,off,0.1202188987812425,1.0,0.3980460787884682,0.566163948792243,3.3625133766070627
411,69,066ed6260c2c0c26,pleural effusion,on,0.1202188987812425,1.0,0.1952532112139067,0.3267074485367029,3.085065395912819
412,74,d931503c9db08a1a,pleural effusion,off,0.1637403817571354,1.0,0.1112474534429162,0.1989393031414255,2.543018098163307
412,74,d931503c9db08a1a,pleural effusion,on,0.1637403817571354,1.0,0.0742261667198716,0.1381934291559086,2.401034075422156
413,75,a044fc0e6f3f828e,pleural effusion,off,0.1677704194260485,1.0,0.3679936628744097,0.5338895365097938,1.293939962506132
413,75,a044fc0e6f3f828e,pleural effusion,on,0.1677704194260485,1.0,0.4406182638916425,0.6117071342463936,0.9466986468659818
414,77,242ca5c078093efe,pleural effusion,off,0.1584725816119176,1.0,0.3040245440235921,0.4657960512347964,1.0775903604157089
414,77,242ca5c078093efe,pleural effusion,on,0.1584725816119176,1.0,0.3258332185011309,0.4915127245892932,0.7543190092421032
415,82,1eb9d327943618ba,pleural effusion,off,0.202720153599501,1.0,0.3672881077916926,0.533940936609561,1.3154127896101415
415,82,1eb9d327943618ba,pleural effusion,on,0.202720153599501,1.0,0.417230460090752,0.5887898252203909,0.7759654314052935
416,84,566c7b943e935e9b,pleural effusion,off,0.180109059544172,1.0,0.4393660287846298,0.6068764439778382,1.5418988637835676
416,84,566c7b943e935e9b,pleural effusion,on,0.180109059544172,1.0,0.5146557578442466,0.679566282899828,1.161852408032591
417,104,8b726f2a1de4c3eb,pleural effusion,off,0.1304718603959865,1.0,0.5563647727616942,0.7098530527510973,3.4813024724370107
417,104,8b726f2a1de4c3eb,pleural effusion,on,0.1304718603959865,1.0,0.3011322573191346,0.4628690936019248,3.149486804553136
418,106,21a6d0636b3a01d4,pleural effusion,off,0.1285128819886067,1.0,0.3356890598396641,0.4992248369211716,1.4635243320912124
418,106,21a6d0636b3a01d4,pleural effusion,on,0.1285128819886067,1.0,0.4838955611734153,0.6521931425851195,1.126161924407583
419,117,61fa68c77304b149,pleural effusion,off,0.1346773289670531,0.0,0.2683426070579996,0.4225096733609218,2.6933269400561883
419,117,61fa68c77304b149,pleural effusion,on,0.1346773289670531,0.0,0.1430355062473959,0.250268180345108,2.8064484085205987
420,118,c79c49fa0c554cf5,pleural effusion,off,0.1153945489720236,0.0,0.2497987236944243,0.3996994883323576,2.685651424195229
420,118,c79c49fa0c554cf5,pleural effusion,on,0.1153945489720236,0.0,0.1478934798586002,0.2576742386918793,3.062171068401275
421,120,63e108cb88ff486f,pleural effusion,off,0.1443845055528753,0.0,0.1590907286428867,0.2744598522174393,1.8555774760439183
421,120,63e108cb88ff486f,pleural effusion,on,0.1443845055528753,0.0,0.1456349330309556,0.2542412620388224,2.302812634946629
422,121,b938250b4ece76c7,pleural effusion,off,0.1341412900993621,1.0,0.5221490300639836,0.6821668211543738,1.971778480521084
422,121,b938250b4ece76c7,pleural effusion,on,0.1341412900993621,1.0,0.6064655166495897,0.7550292762991085,1.8022659516515311
423,125,e5935687805a3671,pleural effusion,off,0.1253405065079991,1.0,0.205410282611163,0.3407108167779253,0.988823205535504
423,125,e5935687805a3671,pleural effusion,on,0.1253405065079991,1.0,0.1930852524805754,0.3236701627041373,0.8595780791079459
424,129,d4a6c3cdf04fa92c,pleural effusion,off,0.1537018356894678,1.0,0.3030959230926822,0.4595619901833364,1.2323390990173346
424,129,d4a6c3cdf04fa92c,pleural effusion,on,0.1537018356894678,1.0,0.4261122007524774,0.597582134769492,0.8456342974061576
425,138,06efafe7ba8a9f72,pleural effusion,off,0.1579267965829958,0.0,0.3179961088073957,0.4808705938242836,1.5162834829618077
425,138,06efafe7ba8a9f72,pleural effusion,on,0.1579267965829958,0.0,0.3672247628044659,0.5371817569345999,1.3675744746883745
426,140,ae9dbadf1fd84520,pleural effusion,off,0.1567475110740757,1.0,0.4116952648408293,0.5825441381232548,1.828536317372675
426,140,ae9dbadf1fd84520,pleural effusion,on,0.1567475110740757,1.0,0.4274679817145694,0.5989155718947481,1.834030491745456
427,150,a043d03d2cd28921,pleural effusion,off,0.1824042805140125,0.0,0.0051202572885833,0.0101417334345083,-0.1109827604218729
427,150,a043d03d2cd28921,pleural effusion,on,0.1824042805140125,0.0,0.0017016348385634,0.0033973523440437,-0.4081219688013404
428,151,2a0cd17299cb83b4,pleural effusion,off,0.1455784103036416,1.0,0.6002486905835345,0.749682876207467,2.9417020900656348
428,151,2a0cd17299cb83b4,pleural effusion,on,0.1455784103036416,1.0,0.433772014286012,0.605063530871466,3.285971790765436
429,156,3a384669c19c2dfb,pleural effusion,off,0.1824335189977047,0.0,0.2229767285961444,0.3580177018648937,1.1219034507037018
429,156,3a384669c19c2dfb,pleural effusion,on,0.1824335189977047,0.0,0.3191647862998931,0.4838879847397754,0.7796611156652276
430,164,2ca3b8f5c4485ed5,pleural effusion,off,0.1488092627516337,1.0,0.3134978217091164,0.4767334279583747,2.0313741537587897
430,164,2ca3b8f5c4485ed5,pleural effusion,on,0.1488092627516337,1.0,0.238195853196715,0.3847332464468301,2.559620544905329
431,173,f7eb8b41524d2051,pleural effusion,off,0.1530780813707001,1.0,0.3737298964431782,0.543625162609472,2.0677624141474737
431,173,f7eb8b41524d2051,pleural effusion,on,0.1530780813707001,1.0,0.3937450533940739,0.5650149684519922,2.3733035825692337
432,174,f1cb59f606d0cbc1,pleural effusion,off,0.1881983733656906,1.0,0.2015332129977238,0.3350488801518146,1.0883902817612876
432,174,f1cb59f606d0cbc1,pleural effusion,on,0.1881983733656906,1.0,0.2323237767908528,0.3770496253140506,0.8174240545832664
433,183,b0001c5493fecdb9,pleural effusion,off,0.1271679117387639,1.0,0.4598809919477576,0.6265849502773203,2.082420921480014
433,183,b0001c5493fecdb9,pleural effusion,on,0.1271679117387639,1.0,0.585151606126652,0.7382910198587566,2.117129967347984
434,184,36daff27d00b22df,pleural effusion,off,0.1212130072267785,1.0,0.3359842930621811,0.5011452883914311,3.0341589021176185
434,184,36daff27d00b22df,pleural effusion,on,0.1212130072267785,1.0,0.184071180592006,0.3109061606161855,3.049046357627977
435,191,cf9720eb47d12024,pleural effusion,off,0.1383613779122748,0.0,0.2793984403535777,0.4365844949867881,2.318456469927152
435,191,cf9720eb47d12024,pleural effusion,on,0.1383613779122748,0.0,0.2063222592072135,0.3420616857492863,2.782088041470705
436,201,f5361e372d0ecacb,pleural effusion,off,0.1569814189436136,1.0,0.4416191770151044,0.6074718983957075,1.7841019822985356
436,201,f5361e372d0ecacb,pleural effusion,on,0.1569814189436136,1.0,0.5742628937691961,0.729561101682781,1.268480043786462
437,213,d5f1991994ffa543,pleural effusion,off,0.1516453956697805,0.0,0.186543508943375,0.3143659812961109,1.5062396150649666
437,213,d5f1991994ffa543,pleural effusion,on,0.1516453956697805,0.0,0.166905899515467,0.286065490376215,1.3676775160933852
438,215,ab272e3e0f1c8bfc,pleural effusion,off,0.1497984981165543,1.0,0.2100609647543267,0.347170622731525,1.0306984384815658
438,215,ab272e3e0f1c8bfc,pleural effusion,on,0.1497984981165543,1.0,0.1982705013444596,0.3309273483721636,0.739636142603879
439,217,d499df8f16b53c58,pleural effusion,off,0.1103167989708053,1.0,0.2887422416163573,0.441967234224273,3.6423080525359417
439,217,d499df8f16b53c58,pleural effusion,on,0.1103167989708053,1.0,0.1206032737020132,0.2152427687336496,3.104684007178036
440,218,72f351da77e93850,pleural effusion,off,0.1429518198519558,1.0,0.4658052128028133,0.6347926547508703,2.353964577165529
440,218,72f351da77e93850,pleural effusion,on,0.1429518198519558,1.0,0.4711059654288282,0.6404725235702144,3.03228047359904
441,219,b7474324e13b9f32,pleural effusion,off,0.1452372946605655,1.0,0.3863481546020293,0.5551911158407101,2.909260037398665
441,219,b7474324e13b9f32,pleural effusion,on,0.1452372946605655,1.0,0.2394416601588906,0.3863637349387157,2.837036135165792
442,224,3b50628e2520b822,pleural effusion,off,0.1727312154924979,1.0,0.4218989804439401,0.5874391216699865,2.076222628139774
442,224,3b50628e2520b822,pleural effusion,on,0.1727312154924979,1.0,0.4962012551047861,0.6632761325958999,2.020028377452176
443,227,6a5adc67bfa17890,pleural effusion,off,0.1203992027640113,0.0,0.1380695342420562,0.2415853106477735,2.197544401113145
443,227,6a5adc67bfa17890,pleural effusion,on,0.1203992027640113,0.0,0.0999124184024559,0.1816697462809405,2.928251327633112
444,234,100c1a9328dd1f51,pleural effusion,off,0.1983977310936654,0.0,0.0035171627370939,0.0069823385403535,0.2773781127310387
444,234,100c1a9328dd1f51,pleural effusion,on,0.1983977310936654,0.0,0.0,0.0,-0.4797174075473888
445,239,f1c6e7f21fa3a466,pleural effusion,off,0.1657919486962072,0.0,0.1575689065273771,0.2709769924289847,1.7029654864638235
445,239,f1c6e7f21fa3a466,pleural effusion,on,0.1657919486962072,0.0,0.1216134874605165,0.2168505920563999,1.8034899836805376
446,260,99bfa90d3dae1e59,pleural effusion,off,0.1445160787294904,1.0,0.4354503507115206,0.6060317537971053,1.618207379771725
446,260,99bfa90d3dae1e59,pleural effusion,on,0.1445160787294904,1.0,0.4671880442218939,0.6368475017991173,1.5041202623972227
447,264,6a4dc10a30094a14,pleural effusion,off,0.1299650600119877,1.0,0.1508170163378689,0.2609082109222228,0.5525831339695457
447,264,6a4dc10a30094a14,pleural effusion,on,0.1299650600119877,1.0,0.2402488225362139,0.3874173841057203,0.4323658231773188
448,265,861a33bee0885f1c,pleural effusion,off,0.1434391279134931,1.0,0.643848821147526,0.7824881774713175,2.8299394259040205
448,265,861a33bee0885f1c,pleural effusion,on,0.1434391279134931,1.0,0.5755657999682197,0.7305949308750831,3.787166394721395
449,270,f5a62f43c6502a22,pleural effusion,off,0.1529660005165465,1.0,0.496851884796225,0.6636604146497169,1.9642320191792
449,270,f5a62f43c6502a22,pleural effusion,on,0.1529660005165465,1.0,0.4966552287257955,0.6636852514023392,1.8057860389994087
450,272,0f338054cbddc18d,pleural effusion,off,0.1381956931713521,1.0,0.6075579574618458,0.7556014931095021,2.8140128050745115
450,272,0f338054cbddc18d,pleural effusion,on,0.1381956931713521,1.0,0.4907603815524587,0.6583902624428621,3.3425389838720427
451,279,41b0dfbcc6ffd34f,pleural effusion,off,0.1643738822371338,1.0,0.2742525504233808,0.4295057679749968,1.1180444876758626
451,279,41b0dfbcc6ffd34f,pleural effusion,on,0.1643738822371338,1.0,0.34358677820238,0.511446093548883,0.8131199353100388
452,296,b059249baf253a5b,pleural effusion,off,0.19028405186907,1.0,0.5013266810533618,0.6648927986051454,1.8692366344470768
452,296,b059249baf253a5b,pleural effusion,on,0.19028405186907,1.0,0.5685277972315903,0.7249172141640308,1.4581740227094837
453,305,88aab495bd0b6f9f,pleural effusion,off,0.1591353205756082,1.0,0.2860915905784875,0.4433144955606943,2.0378340535994184
453,305,88aab495bd0b6f9f,pleural effusion,on,0.1591353205756082,1.0,0.2181410260207481,0.3581499398152055,2.066060787288545
454,306,172d42c3c93ebae0,pleural effusion,off,0.1686768124205078,1.0,0.4860661343694762,0.6527038158964931,1.7902404308765925
454,306,172d42c3c93ebae0,pleural effusion,on,0.1686768124205078,1.0,0.538991099071103,0.7004468570440593,1.3052318824543705
455,313,009e8fe5a96ddd29,pleural effusion,off,0.1933248541730625,1.0,0.4218425717571047,0.5908758259124836,1.529381449005891
455,313,009e8fe5a96ddd29,pleural effusion,on,0.1933248541730625,1.0,0.4848011196699497,0.653014472974627,1.0351759762901998
456,316,7625018c3b194ddd,pleural effusion,off,0.1412706070396522,0.0,0.098677286197564,0.1794450347149903,0.3254659382186471
456,316,7625018c3b194ddd,pleural effusion,on,0.1412706070396522,0.0,0.060342854693886,0.1138166683702863,0.4451940408323408
457,326,5b9e69685ace7e42,pleural effusion,off,0.1654946907786695,0.0,0.1761379834181605,0.2994246633324949,1.917089971249034
457,326,5b9e69685ace7e42,pleural effusion,on,0.1654946907786695,0.0,0.1520440128998751,0.2639512726842268,2.351117516994304
458,328,ebbc8cfb50c45f2b,pleural effusion,off,0.1673415883318957,0.0,0.1140665575559443,0.2027101158639911,1.1495534939258625
458,328,ebbc8cfb50c45f2b,pleural effusion,on,0.1673415883318957,0.0,0.1649745897992759,0.2832241341280586,0.8194439723380178
459,340,c80af72c8149fb46,pleural effusion,off,0.2081780038887183,1.0,0.2524282810378994,0.4025941536349673,0.9419930738710124
459,340,c80af72c8149fb46,pleural effusion,on,0.2081780038887183,1.0,0.2642564522059343,0.4180402634357013,0.7235549882398865
460,348,c16f985adfcfefa6,pleural effusion,off,0.1405932488341154,0.0,0.0295293773470639,0.0571954219289818,0.8877296823778427
460,348,c16f985adfcfefa6,pleural effusion,on,0.1405932488341154,0.0,0.0090762054630636,0.0179779912587897,0.1741690565873227
461,351,5c85e33bace856bb,pleural effusion,off,0.0880809321228601,0.0,0.2781160927739262,0.4341648156177955,3.565200957945996
461,351,5c85e33bace856bb,pleural effusion,on,0.0880809321228601,0.0,0.1289008379837993,0.2283632275579229,3.5054830154431884
462,361,b8e83400d937ef41,pleural effusion,off,0.1643787553177492,0.0,0.067780477518536,0.1264444081548278,1.0596115054292747
462,361,b8e83400d937ef41,pleural effusion,on,0.1643787553177492,0.0,0.1311569569677352,0.2318873855643343,1.0202579175919388
463,372,6a124967bba4ce54,pleural effusion,off,0.1352036216735133,1.0,0.2694176934131382,0.4126416178296444,2.751918200866586
463,372,6a124967bba4ce54,pleural effusion,on,0.1352036216735133,1.0,0.122897298534664,0.2188639898624749,2.880603287250628
464,376,24119440056eeeb0,pleural effusion,off,0.1502858061780916,0.0,0.111734692200203,0.2008411397964258,2.3866107280849405
464,376,24119440056eeeb0,pleural effusion,on,0.1502858061780916,0.0,0.0686722135836703,0.1285178673685842,2.513373911521702
465,382,c05ea04a9307c6ab,pleural effusion,off,0.1205892529080108,1.0,0.6133183986617448,0.7564944569488355,1.8769429347368285
465,382,c05ea04a9307c6ab,pleural effusion,on,0.1205892529080108,1.0,0.7067243796596007,0.8281628458022745,2.0454457627967897
466,388,d02107f98da98bee,pleural effusion,off,0.1633310429854441,0.0,0.1513717529646889,0.26087832793004,1.7388496577985473
466,388,d02107f98da98bee,pleural effusion,on,0.1633310429854441,0.0,0.1441983070873835,0.2520435789374263,2.318881506104701
467,390,f60975acebc82c6f,pleural effusion,off,0.1324844426901354,0.0,0.0361611514788186,0.069254876612527,0.9880818803638104
467,390,f60975acebc82c6f,pleural effusion,on,0.1324844426901354,0.0,0.0608399486531875,0.1147014329400335,0.5784741619328331
468,411,d718a4a2872bb6ba,pleural effusion,off,0.1515625532993192,0.0,0.15512653174419,0.2683316213655057,1.62227836237024
468,411,d718a4a2872bb6ba,pleural effusion,on,0.1515625532993192,0.0,0.1487531991163554,0.2589818092872217,1.82123895095443
469,412,35f682b105677496,pleural effusion,off,0.1531268121768538,1.0,0.336047476203004,0.5017697170784928,2.171142861482396
469,412,35f682b105677496,pleural effusion,on,0.1531268121768538,1.0,0.3192166562411261,0.4839427816537615,2.769790781724553
470,425,4a37cb0788653f87,pleural effusion,off,0.1882860888167672,1.0,0.3506581537255465,0.5185214807503863,1.1207931370379869
470,425,4a37cb0788653f87,pleural effusion,on,0.1882860888167672,1.0,0.3883964414216905,0.5594883460351623,0.7515018782462984
471,435,7897237d1e375fa8,pleural effusion,off,0.13594432992705,1.0,0.6335142781438516,0.7708334405240997,2.6671715082872205
471,435,7897237d1e375fa8,pleural effusion,on,0.13594432992705,1.0,0.7001559134138686,0.8236353125430378,3.283143919114628
472,438,c358b8f1e7cb26a4,pleural effusion,off,0.1267049690803035,1.0,0.6331105814665995,0.7741778599227279,3.465411305086341
472,438,c358b8f1e7cb26a4,pleural effusion,on,0.1267049690803035,1.0,0.3815402563313839,0.5523260259096754,3.4162922511148057
473,444,f4374a3608e7ac2b,pleural effusion,off,0.1147513023307944,1.0,0.2680856041668414,0.4227427613467148,2.2577778225664984
473,444,f4374a3608e7ac2b,pleural effusion,on,0.1147513023307944,1.0,0.2077274528827776,0.3439921835930054,3.0207224635097747
474,452,5d3691006fcd5c24,pleural effusion,off,0.1415971034408822,1.0,0.2207334656425842,0.3600803156305304,2.43712128980922
474,452,5d3691006fcd5c24,pleural effusion,on,0.1415971034408822,1.0,0.14186603769155,0.248473858610193,2.7374008759214523
475,456,46cd9bb1b8d268c2,pleural effusion,off,0.1695393476894288,1.0,0.5082943197685683,0.6692155767188813,1.9764707690753904
475,456,46cd9bb1b8d268c2,pleural effusion,on,0.1695393476894288,1.0,0.5937949028308797,0.7451254399859758,1.5232554968418124
476,459,aac8cdfd294823cb,pleural effusion,off,0.165056113523286,0.0,0.3204700801422631,0.4841512271200013,2.0059721643453297
476,459,aac8cdfd294823cb,pleural effusion,on,0.165056113523286,0.0,0.2449694768031116,0.393522544741344,2.2637460860288803
477,463,2ea44fd3c7b3fb51,pleural effusion,off,0.170889191019887,0.0,0.1763944580456933,0.2970401436503795,1.1749484560500587
477,463,2ea44fd3c7b3fb51,pleural effusion,on,0.170889191019887,0.0,0.2141002168232828,0.3526887598840243,1.070014524645431
478,471,29098ce1fe0abac3,pleural effusion,off,0.1461680530581017,0.0,0.0066317203265383,0.0130022958660277,0.3228176682250267
478,471,29098ce1fe0abac3,pleural effusion,on,0.1461680530581017,0.0,0.0,0.0,-0.4439786795727383
479,486,4dcd0faee18f03ad,pleural effusion,off,0.1593253707196078,1.0,0.3717351353249952,0.5407464028611181,2.318857652368186
479,486,4dcd0faee18f03ad,pleural effusion,on,0.1593253707196078,1.0,0.2682033630847542,0.4229589574961483,2.571889921802032
480,489,ac749d95bee079fc,pleural effusion,off,0.1773265305127942,1.0,0.3547285803541283,0.523580380181885,1.9577968331006288
480,489,ac749d95bee079fc,pleural effusion,on,0.1773265305127942,1.0,0.3206043223457398,0.4855372928281424,2.047090203328432
481,495,e834a84e7179d95c,pleural effusion,off,0.1668152956254355,1.0,0.6499266892893105,0.7835324437604929,2.3734350852819133
481,495,e834a84e7179d95c,pleural effusion,on,0.1668152956254355,1.0,0.6873931084682662,0.8147294899488484,2.673864943668689
482,498,58e8f400ed4fe605,pleural effusion,off,0.0987091209449878,1.0,0.5104994353504096,0.6674926981483188,4.27705153541203
482,498,58e8f400ed4fe605,pleural effusion,on,0.0987091209449878,1.0,0.2396207117055112,0.3865837028964839,3.555292063657649
483,500,1cb41e099a7d442d,pleural effusion,off,0.1630045465842141,0.0,0.1260388684777759,0.2229751504718889,1.8582824247075744
483,500,1cb41e099a7d442d,pleural effusion,on,0.1630045465842141,0.0,0.1316603651713825,0.2326826230340284,2.439757428489548
484,508,e3709cfb45e658ba,pleural effusion,off,0.1267049690803035,1.0,0.2267240014280337,0.3690771259806895,2.8369940407128533
484,508,e3709cfb45e658ba,pleural effusion,on,0.1267049690803035,1.0,0.1232910075678836,0.2195149877274727,2.8604567564355743
485,510,bf0437290069d1b0,pleural effusion,off,0.2045524319108811,0.0,0.0947666081741425,0.1712617041827979,0.9275809061888832
485,510,bf0437290069d1b0,pleural effusion,on,0.2045524319108811,0.0,0.1030448700047057,0.186834538754612,0.5790962096879478
486,524,bea3af175d3d0cd2,pleural effusion,off,0.1447012557928745,1.0,0.4121320191064441,0.5834509651035237,1.8065594629756
486,524,bea3af175d3d0cd2,pleural effusion,on,0.1447012557928745,1.0,0.4203421135648361,0.5918872156573327,1.6105674621926465
487,525,5e4f459912b0e161,pleural effusion,off,0.1497497673104006,1.0,0.4534452547162481,0.6232329571758142,2.5209388629361684
487,525,5e4f459912b0e161,pleural effusion,on,0.1497497673104006,1.0,0.3448472019494734,0.5128388302131024,2.653659580018269
488,1,afa00eaadc32bf1b,pleural thickening,off,0.1727507078149593,0.0,0.0,0.0,-1.0975761735370917
488,1,afa00eaadc32bf1b,pleural thickening,on,0.1727507078149593,0.0,0.0,0.0,-0.4753858173999002
489,3,98f03635c961630f,pleural thickening,off,0.1596372478789916,0.0,0.0026039873939459,0.0051580522783392,-0.2257660617500874
489,3,98f03635c961630f,pleural thickening,on,0.1596372478789916,0.0,0.0,0.0,-0.4594806556323816
490,37,b724ea6434c71097,pleural thickening,off,0.1971112378112071,0.0,0.0516455183989733,0.096691312896306,0.0090241291367137
490,37,b724ea6434c71097,pleural thickening,on,0.1971112378112071,0.0,0.011794708894667,0.0233124251733217,-0.4186848574756562
491,38,9852a11a8db8c08d,pleural thickening,off,0.1960440331564405,0.0,0.0002077061615112,0.0004149813521037,-0.6757687233693915
491,38,9852a11a8db8c08d,pleural thickening,on,0.1960440331564405,0.0,0.0,0.0,-0.5305813862868604
492,60,90bedd88fee05974,pleural thickening,off,0.1892801972623033,0.0,0.0,0.0,-0.6044647489813691
492,60,90bedd88fee05974,pleural thickening,on,0.1892801972623033,0.0,0.0,0.0,-0.498670887232668
493,80,f27d0623ad27d061,pleural thickening,off,0.1845630552266226,0.0,0.0,0.0,0.3144707062472456
493,80,f27d0623ad27d061,pleural thickening,on,0.1845630552266226,0.0,0.0,0.0,-0.4889896844009876
494,92,2f70ccbbd805fd34,pleural thickening,off,0.1815319990838608,0.0,0.0,0.0,-0.3570781040546028
494,92,2f70ccbbd805fd34,pleural thickening,on,0.1815319990838608,0.0,0.0,0.0,-0.487221934172173
495,114,a4379da6806981ef,pleural thickening,off,0.1864927951503101,0.0,0.0,0.0,-0.9006649925699746
495,114,a4379da6806981ef,pleural thickening,on,0.1864927951503101,0.0,0.0,0.0,-0.4940991327739442
496,128,b5433ba64b0e525f,pleural thickening,off,0.1509339258999361,0.0,0.0169127780659594,0.033005598699502,0.5183500737448201
496,128,b5433ba64b0e525f,pleural thickening,on,0.1509339258999361,0.0,0.006610027608154,0.0131306768605949,-0.1002185235470356
497,141,b6e3786ca16e5d0b,pleural thickening,off,0.1547203095380807,0.0,0.0019651553880051,0.0039041782712536,-0.2490865722394023
497,141,b6e3786ca16e5d0b,pleural thickening,on,0.1547203095380807,0.0,0.0,0.0,-0.4477865725310699
498,146,bbf49c1464082208,pleural thickening,off,0.1704652330063496,0.0,0.0005820783000508,0.0011607782808593,0.1944907961733074
498,146,bbf49c1464082208,pleural thickening,on,0.1704652330063496,0.0,0.0,0.0,-0.4764448440088156
499,149,bd1e1e3213f30d74,pleural thickening,off,0.1874674112733847,0.0,0.0,0.0,-0.7343289354085493
499,149,bd1e1e3213f30d74,pleural thickening,on,0.1874674112733847,0.0,0.0,0.0,-0.4960239402922328
500,158,2c30521979b0a2ea,pleural thickening,off,0.1542232553153126,0.0,0.0005750431282346,0.0011467889908256,5.123504718207123e-05
500,158,2c30521979b0a2ea,pleural thickening,on,0.1542232553153126,0.0,0.0066004205124337,0.0131137186391906,-0.3289889250283887
501,171,19c89ed50a3f5796,pleural thickening,off,0.1767563800807956,0.0,0.0,0.0,-0.436365522106012
501,171,19c89ed50a3f5796,pleural thickening,on,0.1767563800807956,0.0,0.0,0.0,-0.4794272312622153
502,178,252f7efe47fa6188,pleural thickening,off,0.1654946907786695,0.0,0.0046518760703592,0.009181603087824,0.3486301430876196
502,178,252f7efe47fa6188,pleural thickening,on,0.1654946907786695,0.0,0.0025135044643768,0.005013799113819,-0.1984924904183403
503,182,3af02da163e9e412,pleural thickening,off,0.1705432022961955,1.0,0.4160313400266492,0.5846528970276195,1.3449603788235374
503,182,3af02da163e9e412,pleural thickening,on,0.1705432022961955,1.0,0.5247956980844093,0.6883485601270973,1.396052446518078
504,190,d7d08096469d872f,pleural thickening,off,0.1393116286322724,1.0,0.2073797965704771,0.3433181312293585,1.5515825113575472
504,190,d7d08096469d872f,pleural thickening,on,0.1393116286322724,1.0,0.175877238824004,0.299124554559358,1.39876774814405
505,197,37c3f6c2a9c8b710,pleural thickening,off,0.1618106418334478,0.0,0.117409534382971,0.2094199922425113,0.7134301758147679
505,197,37c3f6c2a9c8b710,pleural thickening,on,0.1618106418334478,0.0,0.1379003316093564,0.2423768038856059,0.4098274693244397
506,220,d5141885d31ea691,pleural thickening,off,0.1218757461904692,0.0,0.0313480632157191,0.059572568760896,0.9900382271365415
506,220,d5141885d31ea691,pleural thickening,on,0.1218757461904692,0.0,0.0820142113606057,0.151593847230483,0.7585721008823696
507,232,de408c679854aab2,pleural thickening,off,0.1929155154013712,0.0,0.0,0.0,-0.3389532780171826
507,232,de408c679854aab2,pleural thickening,on,0.1929155154013712,0.0,0.0,0.0,-0.5050476079864296
508,238,d3821360a85a5e1c,pleural thickening,off,0.1415629918765746,0.0,0.0043819991973341,0.0086323247304291,0.9964630184356328
508,238,d3821360a85a5e1c,pleural thickening,on,0.1415629918765746,0.0,0.0453398336014482,0.0867462785205784,0.6898789120193886
509,252,25e9744b21cac3c4,pleural thickening,off,0.1938024160733691,0.0,0.0,0.0,-0.8212601036252184
509,252,25e9744b21cac3c4,pleural thickening,on,0.1938024160733691,0.0,0.0,0.0,-0.5179906485539805
510,269,bad386e3574a3d58,pleural thickening,off,0.1378838160119682,0.0,0.0,0.0,-0.1994773185455093
510,269,bad386e3574a3d58,pleural thickening,on,0.1378838160119682,0.0,0.0,0.0,-0.4134499123717735
511,293,79eac55aac8981d6,pleural thickening,off,0.155719291064232,0.0,0.0044683713115708,0.008838775381452,-0.5727595597896565
511,293,79eac55aac8981d6,pleural thickening,on,0.155719291064232,0.0,0.0,0.0,-0.4718725503507034
512,338,b6972094364c75ff,pleural thickening,off,0.1677606732648178,0.0,0.0,0.0,-0.8785905037671466
512,338,b6972094364c75ff,pleural thickening,on,0.1677606732648178,0.0,0.0,0.0,-0.4640809100825456
513,343,48f16b8568f2c072,pleural thickening,off,0.1644859630912874,0.0,0.0079641184832651,0.0156818967631575,0.262657040364534
513,343,48f16b8568f2c072,pleural thickening,on,0.1644859630912874,0.0,0.0086610022317339,0.017172769916268,-0.1805824345992983
514,352,0e707aad753ae1f8,pleural thickening,off,0.1585456778211482,0.0,0.0,0.0,-1.0975900890855408
514,352,0e707aad753ae1f8,pleural thickening,on,0.1585456778211482,0.0,0.0,0.0,-0.4688948549626586
515,366,938fa8836653d1be,pleural thickening,off,0.1918678030690661,0.0,0.0,0.0,-0.8513907189788839
515,366,938fa8836653d1be,pleural thickening,on,0.1918678030690661,0.0,0.0,0.0,-0.5120129904297095
516,373,d86033ff9eb93d1f,pleural thickening,off,0.1796071322407886,1.0,0.5452438446586287,0.7047281955702849,2.1220982818595275
516,373,d86033ff9eb93d1f,pleural thickening,on,0.1796071322407886,1.0,0.5769750948233098,0.731748780774385,1.8520257305345305
517,386,51e438df88904e5f,pleural thickening,off,0.1583068968709949,0.0,0.0368790123305212,0.0694327895995203,0.6394153061554004
517,386,51e438df88904e5f,pleural thickening,on,0.1583068968709949,0.0,0.0032045464167204,0.0063846289080464,-0.282117031644656
518,397,17cdcca0c6de94f2,pleural thickening,off,0.1790272356475593,0.0,0.0,0.0,-0.9819075868325412
518,397,17cdcca0c6de94f2,pleural thickening,on,0.1790272356475593,0.0,0.0,0.0,-0.4973743469517236
519,408,c72d92ad39a4d241,pleural thickening,off,0.1721025880931148,0.0,0.0738070491308274,0.1367115568450254,1.0005985032075542
519,408,c72d92ad39a4d241,pleural thickening,on,0.1721025880931148,0.0,0.1044508191957515,0.1891445594465944,0.6323524951671702
520,431,bc9857f9c34b7ffa,pleural thickening,off,0.1866048760044637,1.0,0.2654737599827715,0.4142150208610021,1.010489641151462
520,431,bc9857f9c34b7ffa,pleural thickening,on,0.1866048760044637,1.0,0.3359449646555179,0.5029225242997005,0.5953093601987314
521,442,a444535afc10ee60,pleural thickening,off,0.1517477303627034,0.0,0.0110172843990867,0.0217707291150613,0.7492647837760672
521,442,a444535afc10ee60,pleural thickening,on,0.1517477303627034,0.0,0.0022523117058462,0.0044936357847397,-0.031429454078016
522,457,a1f55f4e2d064a69,pleural thickening,off,0.138600158862428,0.0,0.0,0.0,-0.9338421124595812
522,457,a1f55f4e2d064a69,pleural thickening,on,0.138600158862428,0.0,0.0,0.0,-0.4194542888915172
523,461,6db95ac0ab339c21,pleural thickening,off,0.1899673016290708,0.0,0.0,0.0,-0.2371086844114685
523,461,6db95ac0ab339c21,pleural thickening,on,0.1899673016290708,0.0,0.0,0.0,-0.5041409041956281
524,462,35ef78b4562f936d,pleural thickening,off,0.1436827819442617,0.0,0.0592504020979413,0.1111037081556025,0.4139340958076589
524,462,35ef78b4562f936d,pleural thickening,on,0.1436827819442617,0.0,0.0405382223440549,0.0779128639469519,0.0387624217705259
525,464,6e12baf437b8e995,pleural thickening,off,0.1705432022961955,1.0,0.284262036259241,0.4424829032282726,0.8434596973925982
525,464,6e12baf437b8e995,pleural thickening,on,0.1705432022961955,1.0,0.2924160582164686,0.4525106542464712,0.6115566102463535
526,476,6a828656c7a22397,pleural thickening,off,0.1549054866014648,0.0,0.4013375337755732,0.5723927100057364,1.3141179784741446
526,476,6a828656c7a22397,pleural thickening,on,0.1549054866014648,0.0,0.4281011301701284,0.59953584555934,1.1525095725927137
527,490,29150e9ffbf9c5a0,pleural thickening,off,0.196482610411824,0.0,0.0396864106474711,0.0761397547041151,0.1856027304259922
527,490,29150e9ffbf9c5a0,pleural thickening,on,0.196482610411824,0.0,0.0262555572550431,0.0511669731443173,-0.1365302869811614
528,502,09688f49206e2887,pleural thickening,off,0.1559531989337699,0.0,0.000280092430502,0.0005594014404587,0.1228018175887138
528,502,09688f49206e2887,pleural thickening,on,0.1559531989337699,0.0,0.0088456767165718,0.0175356904655366,-0.0673520588417084
529,514,df69e3008bcd15b9,pleural thickening,off,0.1265880151455345,0.0,0.0,0.0,-0.4320776400596868
529,514,df69e3008bcd15b9,pleural thickening,on,0.1265880151455345,0.0,0.0,0.0,-0.4055992223315615
