idx,rank,pair_id,category,dhs,q,point,iou,dice,cnr
0,0,ccf54bcd24e260a2,alveolar pattern,off,0.1125389237314152,1.0,0.4315390289278046,0.5996490591540129,2.05758979776094
0,0,ccf54bcd24e260a2,alveolar pattern,on,0.1125389237314152,1.0,0.4921339324519297,0.6596355239653444,2.38409492265209
1,6,985884ef56fc1bd4,alveolar pattern,off,0.104439863748666,0.0,0.0060396389213458,0.0118354305722726,1.2894852812408797
1,6,985884ef56fc1bd4,alveolar pattern,on,0.104439863748666,0.0,0.0972891682408152,0.1773260515731469,1.2093484960181091
2,9,199e69ccc49be76d,alveolar pattern,off,0.1393895979221184,0.0,0.053100012676521,0.0915997149258431,1.912158107313897
2,9,199e69ccc49be76d,alveolar pattern,on,0.1393895979221184,0.0,0.2342743136493037,0.3796114747501004,2.580629499736327
3,33,77dd50b9c0471bf0,alveolar pattern,off,0.1752603443318763,0.0,0.1507492796591515,0.2606056305349742,0.8697162287255136
3,33,77dd50b9c0471bf0,alveolar pattern,on,0.1752603443318763,0.0,0.1990412479920272,0.331999689063916,0.5504594901070831
4,48,a5ac519ee9edeeb2,alveolar pattern,off,0.1138254170138736,1.0,0.5384924310161917,0.6995561824206588,2.465145877678444
4,48,a5ac519ee9edeeb2,alveolar pattern,on,0.1138254170138736,1.0,0.4261970037548053,0.5976662792664806,2.7066558206295857
5,72,cac35f19b4896262,alveolar pattern,off,0.1095078675886535,1.0,0.3363806679557113,0.5028475941039757,1.9147448559222675
5,72,cac35f19b4896262,alveolar pattern,on,0.1095078675886535,1.0,0.3058697469126796,0.4684521508566967,2.043918093433465
6,83,a9c924550f7dbef7,alveolar pattern,off,0.1555048755171557,1.0,0.1884052195664726,0.3147933599162608,0.7013625938371124
6,83,a9c924550f7dbef7,alveolar pattern,on,0.1555048755171557,1.0,0.2583476620971388,0.4106134092511183,0.4248119086527131
7,87,5edf23c8792c14b7,alveolar pattern,off,0.0969645580846843,1.0,0.4763380654135562,0.6350920864388645,2.799773553890476
7,87,5edf23c8792c14b7,alveolar pattern,on,0.0969645580846843,1.0,0.679655483239757,0.8092642881228805,4.8339971783457845
8,93,a188981b3ed526e3,alveolar pattern,off,0.1105994376464969,1.0,0.1811431498295854,0.3047781481410745,-0.0398307471021289
8,93,a188981b3ed526e3,alveolar pattern,on,0.1105994376464969,1.0,0.2321351057764723,0.376799520948441,0.4826292721147837
9,103,64d9172437438868,alveolar pattern,off,0.1186595129843233,0.0,0.0,0.0,-0.5081106930430498
9,103,64d9172437438868,alveolar pattern,on,0.1186595129843233,0.0,0.0,0.0,-0.3877771726749283
10,108,c03eafa9870883f7,alveolar pattern,off,0.1497351480685545,0.0,0.0177510596570249,0.0338284719962431,1.4061378161541422
10,108,c03eafa9870883f7,alveolar pattern,on,0.1497351480685545,0.0,0.0677287551204662,0.1268650861071507,1.506528413184426
11,112,9691f91b24d4dc49,alveolar pattern,off,0.1078071624538884,1.0,0.2857975423185893,0.4432909478187081,1.3269225453090434
11,112,9691f91b24d4dc49,alveolar pattern,on,0.1078071624538884,1.0,0.3727950075433617,0.5431177957293087,1.1317611638645286
12,126,25a454ef982d4a77,alveolar pattern,off,0.1949475900179816,0.0,0.0426334765262107,0.0816194874887697,-0.732993469189732
12,126,25a454ef982d4a77,alveolar pattern,on,0.1949475900179816,0.0,0.0157390686079347,0.0309903707744382,-0.4322202185861661
13,130,d8c7f0175a1d0c69,alveolar pattern,off,0.1132357742594135,1.0,0.1914805860820989,0.3193299227038384,0.7206937687925219
13,130,d8c7f0175a1d0c69,alveolar pattern,on,0.1132357742594135,1.0,0.3810098442469494,0.5517839196911616,0.7743031774111382
14,131,752612af200cd226,alveolar pattern,off,0.1768928263380261,1.0,0.2975644338064322,0.4578214497980146,2.2201237869053894
14,131,752612af200cd226,alveolar pattern,on,0.1768928263380261,1.0,0.2151912294482591,0.3541571025548815,2.4664337080375605
15,136,aeef674719471a34,alveolar pattern,off,0.1762495796967969,0.0,0.1394351309649666,0.2443716734742749,0.329624860777606
15,136,aeef674719471a34,alveolar pattern,on,0.1762495796967969,0.0,0.1563680421208741,0.2704467481772121,0.4699109617903879
16,143,57097f629ce56b8d,alveolar pattern,off,0.10965893308773,0.0,0.0413785700767394,0.0762313915972699,0.305912953657696
16,143,57097f629ce56b8d,alveolar pattern,on,0.10965893308773,0.0,0.071561119461425,0.1335514647840879,0.1631969996839748
17,153,461d3abdb0059029,alveolar pattern,off,0.1825309806100122,0.0,0.1929078133964816,0.3232511407868969,1.1274309945909249
17,153,461d3abdb0059029,alveolar pattern,on,0.1825309806100122,0.0,0.2094219089874766,0.346317241706546,0.7553489629350177
18,193,5de02e6948fcbe29,alveolar pattern,off,0.1807474331047858,0.0,0.1636413992583663,0.2809538491305179,0.9687342818471502
18,193,5de02e6948fcbe29,alveolar pattern,on,0.1807474331047858,0.0,0.1497104429506168,0.2604307938350622,0.6766886642902926
19,199,fc755cbf55712051,alveolar pattern,off,0.1762447066161815,0.0,0.1225396013406334,0.2123963522443785,1.1612457461240722
19,199,fc755cbf55712051,alveolar pattern,on,0.1762447066161815,0.0,0.17761619984035,0.301651642146369,0.9858888604589608
20,222,e91f227ed7575144,alveolar pattern,off,0.1619227226876014,0.0,0.1272907167131692,0.2254821348566892,1.222980452233232
20,222,e91f227ed7575144,alveolar pattern,on,0.1619227226876014,0.0,0.1713738129482796,0.2926026767428558,0.907081042181565
21,223,c7f14e4870b11bd2,alveolar pattern,off,0.1181039817941708,0.0,0.176907096276933,0.3001969044828734,3.067532315953066
21,223,c7f14e4870b11bd2,alveolar pattern,on,0.1181039817941708,0.0,0.0854141422114549,0.1573838600012898,2.9145286340445344
22,253,69a583d5d50ece53,alveolar pattern,off,0.1385806665399665,1.0,0.2256519427077365,0.3629487698755184,1.5449903247305612
22,253,69a583d5d50ece53,alveolar pattern,on,0.1385806665399665,1.0,0.5570605224730854,0.7155250760927652,1.3000223742749455
23,271,75c190c8e407a0ec,alveolar pattern,off,0.1430444083836479,1.0,0.2961375087564007,0.4558121671955344,0.734980733198917
23,271,75c190c8e407a0ec,alveolar pattern,on,0.1430444083836479,1.0,0.3420820838338709,0.509778156659012,0.6603669215477938
24,289,9ed96b8997b4891a,alveolar pattern,off,0.1051220950348181,1.0,0.6343238534106019,0.7679854665833916,3.747062756698711
24,289,9ed96b8997b4891a,alveolar pattern,on,0.1051220950348181,1.0,0.4673574739251492,0.636992095533828,4.082837250926857
25,294,f8072c87034e48df,alveolar pattern,off,0.0922961468551574,1.0,0.1479677892739156,0.2568351169019894,0.2219037027486506
25,294,f8072c87034e48df,alveolar pattern,on,0.0922961468551574,1.0,0.2128854264191408,0.3510396301867639,0.4283271640831164
26,314,dcaa609134e79162,alveolar pattern,off,0.1265002996944578,1.0,0.1236959552920995,0.2186854878884698,0.2443398580674142
26,314,dcaa609134e79162,alveolar pattern,on,0.1265002996944578,1.0,0.1917365492959055,0.3217753961245801,0.3054735991418141
27,327,1b2c63d308f7428c,alveolar pattern,off,0.2172711723170036,1.0,0.3635080228933566,0.53281240581444,1.5225400100036248
27,327,1b2c63d308f7428c,alveolar pattern,on,0.2172711723170036,1.0,0.3657473745411096,0.5356002458026315,1.0600806047941365
28,339,1078017468e1d174,alveolar pattern,off,0.1324503311258278,1.0,0.2426920005706452,0.3900401351884763,0.354513956632151
28,339,1078017468e1d174,alveolar pattern,on,0.1324503311258278,1.0,0.2619427205204137,0.4151417533132197,0.4787088299194063
29,381,d1daa857e59f76de,alveolar pattern,off,0.1469282536340998,1.0,0.1700615730475183,0.2870753785383356,1.7857619100298303
29,381,d1daa857e59f76de,alveolar pattern,on,0.1469282536340998,1.0,0.5170241180467043,0.6816268079936955,2.1485550449471984
30,387,868a4f2cb7300cde,alveolar pattern,off,0.1415971034408822,0.0,0.2149911750500346,0.3525589195641228,0.6656658786590942
30,387,868a4f2cb7300cde,alveolar pattern,on,0.1415971034408822,0.0,0.1386318424622659,0.2434947679849834,0.2569542224055847
31,400,59170f2348145e34,alveolar pattern,off,0.1581704506137645,1.0,0.2284816843730234,0.3689912528370364,0.9325549257057792
31,400,59170f2348145e34,alveolar pattern,on,0.1581704506137645,1.0,0.3407723165705719,0.5083146680237391,0.7405158550253657
32,410,dc378d8f41fb1f1e,alveolar pattern,off,0.197842199903513,1.0,0.3832140678909743,0.5511470104925407,1.64354652007394
32,410,dc378d8f41fb1f1e,alveolar pattern,on,0.197842199903513,1.0,0.4688899325097416,0.6384251216503063,1.0715542417704789
33,426,e484f5f98f0c9752,alveolar pattern,off,0.0929783781413095,0.0,0.0073494806760117,0.0144933371703542,0.8106177316825953
33,426,e484f5f98f0c9752,alveolar pattern,on,0.0929783781413095,0.0,0.0,0.0,-0.0112509610897408
34,436,d889554187fddacc,alveolar pattern,off,0.0988845518471412,1.0,0.3278628064257342,0.4875836102314673,1.4862873097854568
34,436,d889554187fddacc,alveolar pattern,on,0.0988845518471412,1.0,0.5778274171350251,0.7324339031960971,1.3871182021908002
35,447,0d5b377d638a93d1,alveolar pattern,off,0.1749825787368,1.0,0.3083198310341714,0.4669685487001722,1.5967177006490645
35,447,0d5b377d638a93d1,alveolar pattern,on,0.1749825787368,1.0,0.3420807050909311,0.5097741975821256,1.3789379076628432
36,449,00fbfd1f9903998f,alveolar pattern,off,0.1515674263799346,1.0,0.1309124029779819,0.2291213574893595,1.138497806125354
36,449,00fbfd1f9903998f,alveolar pattern,on,0.1515674263799346,1.0,0.3925480518409642,0.563758524272278,0.8538878794503475
37,473,a7ac899b88a10556,alveolar pattern,off,0.1016768270397497,0.0,0.1602805877442046,0.272402502661056,-0.2245849708771161
37,473,a7ac899b88a10556,alveolar pattern,on,0.1016768270397497,0.0,0.0148390660501632,0.0292388978703499,-0.3703324952468516
38,492,1c234f354df67ab3,alveolar pattern,off,0.1435268433645697,1.0,0.4026174562996786,0.5732186964888092,1.203251650568369
38,492,1c234f354df67ab3,alveolar pattern,on,0.1435268433645697,1.0,0.4252254702049162,0.5967124981666256,0.9657403328403144
39,14,17ef4f68c1c49a9f,aortic elongation,off,0.1585992817079173,1.0,0.5765837381982873,0.7224449245026782,2.8300687986363093
39,14,17ef4f68c1c49a9f,aortic elongation,on,0.1585992817079173,1.0,0.5630257333445206,0.7204170050943043,3.47200704264934
40,22,fa3a19af60c0eaf1,aortic elongation,off,0.1555341140008479,1.0,0.4387353461553096,0.5974631121222613,2.4093352402499715
40,22,fa3a19af60c0eaf1,aortic elongation,on,0.1555341140008479,1.0,0.6707419701294135,0.8029263068867245,2.7087945851649904
41,24,bfd5f6656b4678c1,aortic elongation,off,0.118878801612015,1.0,0.3957316230559228,0.5654867670686228,1.5275004177511533
41,24,bfd5f6656b4678c1,aortic elongation,on,0.118878801612015,1.0,0.3811953010601658,0.5519777611078867,1.4033344746711267
42,28,5f2f0b4c28987688,aortic elongation,off,0.1236885321793878,1.0,0.3035614010682433,0.4630237361842164,1.395326957089736
42,28,5f2f0b4c28987688,aortic elongation,on,0.1236885321793878,1.0,0.419124231079347,0.5906800036495337,1.0203299483373502
43,31,e9625bd203f53a48,aortic elongation,off,0.1512701684623968,1.0,0.497258507510909,0.660396559498177,2.2267953643680234
43,31,e9625bd203f53a48,aortic elongation,on,0.1512701684623968,1.0,0.6911672657681318,0.8173823517339877,2.0143060159538524
44,36,4da28936d6e2bece,aortic elongation,off,0.1754260290727989,1.0,0.4885147953783537,0.6484897829171842,2.121889618022569
44,36,4da28936d6e2bece,aortic elongation,on,0.1754260290727989,1.0,0.5471320422945084,0.707282255861484,1.9587663878731345
45,41,19deb763c708d285,aortic elongation,off,0.1672343805583575,1.0,0.425650290920846,0.591265377201256,1.6747304337526463
45,41,19deb763c708d285,aortic elongation,on,0.1672343805583575,1.0,0.5916489834441984,0.7434413227287903,1.3363547920823928
46,45,d40c7f5259a24598,aortic elongation,off,0.1569862920242289,1.0,0.2991742683887043,0.4480949560777517,2.225066189549441
46,45,d40c7f5259a24598,aortic elongation,on,0.1569862920242289,1.0,0.6629600992444206,0.7973230081561736,2.828257908511357
47,54,cada1a2e8b3c3ab9,aortic elongation,off,0.163447996920213,0.0,0.2724709431661297,0.428211886062023,1.7605475410625293
47,54,cada1a2e8b3c3ab9,aortic elongation,on,0.163447996920213,0.0,0.239192823621114,0.3860421074231402,1.6433403104802942
48,59,3521c4cbb1034b4b,aortic elongation,off,0.120944987792933,1.0,0.2796449403012054,0.4352907423144468,1.174484556834987
48,59,3521c4cbb1034b4b,aortic elongation,on,0.120944987792933,1.0,0.3354775983150896,0.5024072200887587,0.8928181747696008
49,68,f48a6c960f0f31d0,aortic elongation,off,0.1358225029116656,1.0,0.2204469526808158,0.3581615706176893,1.5941937679965217
49,68,f48a6c960f0f31d0,aortic elongation,on,0.1358225029116656,1.0,0.4211847658152187,0.5927222141478878,1.4404136377430774
50,70,fed109739ed96c34,aortic elongation,off,0.1619470880906783,1.0,0.3922834955542968,0.5580811091529647,1.8291941897735813
50,70,fed109739ed96c34,aortic elongation,on,0.1619470880906783,1.0,0.5654073973537224,0.7223769917981971,1.4802067130467624
51,79,2597d1512ec90441,aortic elongation,off,0.165226671344824,1.0,0.4603478608360952,0.6240445344667783,1.8536772878031544
51,79,2597d1512ec90441,aortic elongation,on,0.165226671344824,1.0,0.5640345011250689,0.7212557671068385,1.4612438379089292
52,88,6db8c4ef4b75554d,aortic elongation,off,0.1633895199528285,1.0,0.5751850856936869,0.7298627139023903,2.4688967886994835
52,88,6db8c4ef4b75554d,aortic elongation,on,0.1633895199528285,1.0,0.5109197155278009,0.6762968944694054,2.392774879435615
53,91,5ac36dced824d910,aortic elongation,off,0.153443562416853,1.0,0.3643068149578515,0.5318740114703938,1.8885785856931143
53,91,5ac36dced824d910,aortic elongation,on,0.153443562416853,1.0,0.5170089696953282,0.6816153837699763,1.844903261720232
54,97,46e2e197c942966c,aortic elongation,off,0.1584433431282253,1.0,0.3247945759954652,0.4890833311239452,1.6632515072373746
54,97,46e2e197c942966c,aortic elongation,on,0.1584433431282253,1.0,0.4724695512550399,0.6417373906615153,1.3875390685771876
55,98,3957ad4026dfe112,aortic elongation,off,0.1711133527281942,0.0,0.0,0.0,0.0463853165151347
55,98,3957ad4026dfe112,aortic elongation,on,0.1711133527281942,0.0,0.0029107506429596,0.0058044202206962,-0.3567407183681663
56,115,cbb83f9f17dd1c99,aortic elongation,off,0.1430833930285708,1.0,0.3425838321215291,0.5083200500729772,1.8798870460113288
56,115,cbb83f9f17dd1c99,aortic elongation,on,0.1430833930285708,1.0,0.5773423349656278,0.7320439614408846,2.939013282346961
57,116,e1a2f29ccc110db4,aortic elongation,off,0.1321871847725977,1.0,0.3406939938015471,0.5065603022764671,1.5976192269497758
57,116,e1a2f29ccc110db4,aortic elongation,on,0.1321871847725977,1.0,0.442118914411027,0.6131398913699517,1.3024293646711833
58,132,f22151af3b3f2366,aortic elongation,off,0.1631020081965216,1.0,0.330040088093768,0.4955704800354963,2.4523489596940973
58,132,f22151af3b3f2366,aortic elongation,on,0.1631020081965216,1.0,0.2424698699522247,0.3902990829882231,2.636346632860537
59,137,cb65c58a6b14ee41,aortic elongation,off,0.1788615509066366,1.0,0.5464456173889922,0.7009350040339097,1.831994096827305
59,137,cb65c58a6b14ee41,aortic elongation,on,0.1788615509066366,1.0,0.6768323481697309,0.8072746260492163,1.545241701193516
60,142,101df8794836549e,aortic elongation,off,0.1650073827171322,0.0,0.3558009321824654,0.5235654764427414,1.672300850989702
60,142,101df8794836549e,aortic elongation,on,0.1650073827171322,0.0,0.409214628940845,0.5807697479921083,1.38618530441422
61,157,f4b3f50031c9ec61,aortic elongation,off,0.1530780813707001,1.0,0.3652139007574835,0.5270390959655871,1.7456126972836017
61,157,f4b3f50031c9ec61,aortic elongation,on,0.1530780813707001,1.0,0.6119797800633453,0.759285626186554,1.365103964631826
62,161,4410bb1d2b0ea17f,aortic elongation,off,0.1920091224069119,1.0,0.5253508958177731,0.6886652195909917,1.668119754479214
62,161,4410bb1d2b0ea17f,aortic elongation,on,0.1920091224069119,1.0,0.5043160867891686,0.6704903763887435,1.3943697439471006
63,165,2a152bea13130f22,aortic elongation,off,0.1534581816586991,1.0,0.363147308302677,0.5240713528805218,1.281071605021307
63,165,2a152bea13130f22,aortic elongation,on,0.1534581816586991,1.0,0.5272935504281531,0.6904938734510235,1.2226333240328284
64,168,23b3ccfd2a0fe4eb,aortic elongation,off,0.1112914150938799,1.0,0.3388725316703378,0.5056310591659593,1.5016348412429337
64,168,23b3ccfd2a0fe4eb,aortic elongation,on,0.1112914150938799,1.0,0.3596795867128887,0.529063612786868,1.157681554515751
65,175,e8136a56fee26510,aortic elongation,off,0.1455784103036416,1.0,0.3608902848636807,0.5300499901037032,2.4957690675122857
65,175,e8136a56fee26510,aortic elongation,on,0.1455784103036416,1.0,0.2481849509331803,0.3976654274931531,2.855598107559952
66,176,b287c43ee9bccb8b,aortic elongation,off,0.123220716440312,1.0,0.3048387379472914,0.4640090582793283,1.4500628346970563
66,176,b287c43ee9bccb8b,aortic elongation,on,0.123220716440312,1.0,0.4271224866312741,0.5985752313051245,1.0580609646106072
67,180,eeb67d234026f6f9,aortic elongation,off,0.1778284578161776,1.0,0.6176917747566539,0.7629830199103461,2.6782955235819244
67,180,eeb67d234026f6f9,aortic elongation,on,0.1778284578161776,1.0,0.5069027064419515,0.6727614868319859,2.9352502182185045
68,186,0333891b0f71e1fb,aortic elongation,off,0.1515722994605499,1.0,0.4899732468392431,0.6497582938217306,2.528965145052443
68,186,0333891b0f71e1fb,aortic elongation,on,0.1515722994605499,1.0,0.6244917035526414,0.7688411592900758,3.2682502465834053
69,216,f1e46cb81d878187,aortic elongation,off,0.1938170353152152,1.0,0.5238763866449772,0.686061918433349,2.166575138044195
69,216,f1e46cb81d878187,aortic elongation,on,0.1938170353152152,1.0,0.4405669814669252,0.6116491513013428,1.9704162653679669
70,221,36e3930c195b1c39,aortic elongation,off,0.1619763265743705,1.0,0.378652425943158,0.5467969635059127,1.9068259528535263
70,221,36e3930c195b1c39,aortic elongation,on,0.1619763265743705,1.0,0.4885521630217025,0.6564102720697909,1.94148633798482
71,233,63bb0a08676392f3,aortic elongation,off,0.1537262010925446,1.0,0.6016424594351493,0.7490406710009107,3.176536323554494
71,233,63bb0a08676392f3,aortic elongation,on,0.1537262010925446,1.0,0.4151471540272506,0.5867107621832457,3.1238655538005884
72,235,dd4addda66584aeb,aortic elongation,off,0.1410464453313451,1.0,0.2120150977364625,0.3469153870554908,1.4489371337776422
72,235,dd4addda66584aeb,aortic elongation,on,0.1410464453313451,1.0,0.5044738496631419,0.6706010641665511,1.0970249445285891
73,240,db2b48fcaeaef282,aortic elongation,off,0.1433757778654932,1.0,0.4008901899019954,0.5619347524215792,2.4375720909888448
73,240,db2b48fcaeaef282,aortic elongation,on,0.1433757778654932,1.0,0.6849979867496747,0.8130522002706162,2.901784977182529
74,241,909d9eee17f7ddd7,aortic elongation,off,0.1612356183208338,1.0,0.2685767592224907,0.4182606292055958,1.5852443427298526
74,241,909d9eee17f7ddd7,aortic elongation,on,0.1612356183208338,1.0,0.5338859674193543,0.6961072444410356,1.1358148221646045
75,248,4bd020cb73204921,aortic elongation,off,0.1212519918717015,1.0,0.3231818044616023,0.4867213564720571,1.3747649807553004
75,248,4bd020cb73204921,aortic elongation,on,0.1212519918717015,1.0,0.3959455555342873,0.5672787337081922,1.13027120443442
76,250,fafc3cfe7014fa5d,aortic elongation,off,0.1512555492205507,1.0,0.3885652301464036,0.5581164740765772,1.7383179844389236
76,250,fafc3cfe7014fa5d,aortic elongation,on,0.1512555492205507,1.0,0.4735722472949261,0.6427539878723892,1.3459102828577398
77,254,841cbc366556046e,aortic elongation,off,0.1706650293115799,1.0,0.5112396644266756,0.6606846491322892,2.489552739736141
77,254,841cbc366556046e,aortic elongation,on,0.1706650293115799,1.0,0.6951955720119434,0.8201897217911173,2.8892644829420826
78,255,0cc81d32d5350288,aortic elongation,off,0.1608603911134501,1.0,0.4430848263786716,0.6039152882237089,2.5039396322865124
78,255,0cc81d32d5350288,aortic elongation,on,0.1608603911134501,1.0,0.6485014255981943,0.7867720152595558,3.1682481141093874
79,257,01fe59eca0982fc7,aortic elongation,off,0.1458561758987178,1.0,0.3399843120768122,0.5016265654307431,2.1814418364532937
79,257,01fe59eca0982fc7,aortic elongation,on,0.1458561758987178,1.0,0.6671985409904488,0.8003828231484231,2.49668239005007
80,263,426946625b31b4b6,aortic elongation,off,0.1656116447134385,1.0,0.3710275784182182,0.5387211466890999,1.7743189549753848
80,263,426946625b31b4b6,aortic elongation,on,0.1656116447134385,1.0,0.4739109731097531,0.6430655548375954,1.5913121997400983
81,268,92d00ec883d9f857,aortic elongation,off,0.1409879683639606,1.0,0.4113810273766273,0.5813971354789264,1.7148761654299731
81,268,92d00ec883d9f857,aortic elongation,on,0.1409879683639606,1.0,0.4159503651176703,0.5875189435814503,1.4679377434929586
82,275,47046c3aec848d4d,aortic elongation,off,0.1554269062273097,1.0,0.4176847385723348,0.5862309778685579,1.5710797533859675
82,275,47046c3aec848d4d,aortic elongation,on,0.1554269062273097,1.0,0.513815277896429,0.6788346561611537,1.2134144870443342
83,281,5877943fcb6caedf,aortic elongation,off,0.1794706859835582,1.0,0.3217361609999185,0.4867020680555257,1.935950273180227
83,281,5877943fcb6caedf,aortic elongation,on,0.1794706859835582,1.0,0.2799845400093694,0.4374776260354375,1.816857579624091
84,284,354eff7de62cf564,aortic elongation,off,0.1336637281990556,1.0,0.3459979743360699,0.5104128975797082,1.7353710500293764
84,284,354eff7de62cf564,aortic elongation,on,0.1336637281990556,1.0,0.5384468397409291,0.6999871764584877,1.492462940652957
85,285,fdd37ebb7c5238f3,aortic elongation,off,0.1769659225472567,1.0,0.4496943013862314,0.6175193053611847,2.029762309836089
85,285,fdd37ebb7c5238f3,aortic elongation,on,0.1769659225472567,1.0,0.4811483755641076,0.6496957130707341,1.7611791293494898
86,288,bb507a0de0ae0301,aortic elongation,off,0.1450959753227197,1.0,0.3199463796304879,0.4787509094573729,1.966329858363813
86,288,bb507a0de0ae0301,aortic elongation,on,0.1450959753227197,1.0,0.5612157832971805,0.7189467502728079,2.0352306731062693
87,290,7fb32bdbee67f55a,aortic elongation,off,0.1431126315122631,1.0,0.3774095252884382,0.5429959571338987,1.998166220724268
87,290,7fb32bdbee67f55a,aortic elongation,on,0.1431126315122631,1.0,0.54013298243749,0.7014098033894349,1.925661961916915
88,301,27445e3a73bb12f2,aortic elongation,off,0.1680140734568172,1.0,0.6289407610751064,0.7707463033162913,2.5844270106520173
88,301,27445e3a73bb12f2,aortic elongation,on,0.1680140734568172,1.0,0.6571520515481389,0.793109860892038,2.391841041965444
89,302,24b38217d36643ec,aortic elongation,off,0.1652607829091316,0.0,0.0009161281159008,0.0018239015941465,0.5049983515527068
89,302,24b38217d36643ec,aortic elongation,on,0.1652607829091316,0.0,0.0121438006074618,0.0239956193486001,-0.0551568600336632
90,303,7fa41fd84372c5f0,aortic elongation,off,0.1732233966346505,1.0,0.4736560885303031,0.630906141137423,2.366236480374768
90,303,7fa41fd84372c5f0,aortic elongation,on,0.1732233966346505,1.0,0.7185038196908787,0.8361956835448158,1.965352638544544
91,307,786281fa2cbe27cb,aortic elongation,off,0.1305839412501401,1.0,0.201196350868209,0.3326982292781364,1.4739738699169307
91,307,786281fa2cbe27cb,aortic elongation,on,0.1305839412501401,1.0,0.5046920311840556,0.6707649705755738,1.246552337584118
92,308,4fdbb59282082874,aortic elongation,off,0.1551393944710027,1.0,0.4684593146272143,0.6253530602911004,2.5743495896435973
92,308,4fdbb59282082874,aortic elongation,on,0.1551393944710027,1.0,0.7010455162499489,0.8242491518719343,3.2027227236167177
93,309,6c7a5880b102eb17,aortic elongation,off,0.127275119512302,1.0,0.4054054984659266,0.5758902356892672,1.864905130180468
93,309,6c7a5880b102eb17,aortic elongation,on,0.127275119512302,1.0,0.4183882739973662,0.5899471077195766,1.7579044727376567
94,319,ca5b06714e75e653,aortic elongation,off,0.1587016164008401,1.0,0.4393822047127408,0.6088279129772725,1.9963022083924329
94,319,ca5b06714e75e653,aortic elongation,on,0.1587016164008401,1.0,0.4526973768032674,0.6232478841019834,1.9597813273293725
95,321,ea6fcf47e434e5c0,aortic elongation,off,0.1956931713521336,0.0,0.3493786237349109,0.5177197842752675,1.499784766927838
95,321,ea6fcf47e434e5c0,aortic elongation,on,0.1956931713521336,0.0,0.3644748306497286,0.5342345933647485,1.2449285574162967
96,322,3cdc157fc57bca49,aortic elongation,off,0.2204143093139189,0.0,0.0198732552773571,0.038664965650142,0.1222984178122679
96,322,3cdc157fc57bca49,aortic elongation,on,0.2204143093139189,0.0,0.0229750781001259,0.0449174173621556,-0.2371067820478856
97,324,85b60300429551f4,aortic elongation,off,0.1334444395713638,1.0,0.3651638056633165,0.5299578319302153,2.140053217091685
97,324,85b60300429551f4,aortic elongation,on,0.1334444395713638,1.0,0.4804587861593853,0.6490594647733341,2.6212801788243043
98,325,52cbe466021acbb9,aortic elongation,off,0.1656993601645152,1.0,0.498296435776043,0.6634559290878719,1.7551599839141612
98,325,52cbe466021acbb9,aortic elongation,on,0.1656993601645152,1.0,0.5502509245486712,0.7098857732561186,1.4470931796286393
99,333,eeeffb588fcfb308,aortic elongation,off,0.1611868875146801,1.0,0.5515314741862424,0.7105345366107949,2.0827829476257778
99,333,eeeffb588fcfb308,aortic elongation,on,0.1611868875146801,1.0,0.4291055700669667,0.6005198533771108,1.6768461666260512
100,335,2443d208248bb60c,aortic elongation,off,0.173988470291264,0.0,0.1560894760052888,0.2492012902648262,1.5871278501040482
100,335,2443d208248bb60c,aortic elongation,on,0.173988470291264,0.0,0.3275349241599397,0.4934457198478468,1.4363058937826898
101,342,80afe05797663080,aortic elongation,off,0.1366021958101252,1.0,0.273449139272011,0.4269832250827345,1.0155134013099711
101,342,80afe05797663080,aortic elongation,on,0.1366021958101252,1.0,0.3269116888218255,0.49273975197145,0.9612855155170656
102,346,f4fbcd719489c025,aortic elongation,off,0.1591109551725314,1.0,0.416342352353437,0.5724485243096755,2.351900130324456
102,346,f4fbcd719489c025,aortic elongation,on,0.1591109551725314,1.0,0.7511605739625667,0.8578969486102587,2.0780878874097115
103,349,2508e1281c5e4861,aortic elongation,off,0.1616888148180635,1.0,0.6498113597570463,0.7871183675589881,3.1179191306279046
103,349,2508e1281c5e4861,aortic elongation,on,0.1616888148180635,1.0,0.4873950813505932,0.6553574915690974,3.2296687218963966
104,359,a6fb6eac39bcdb30,aortic elongation,off,0.1700315288315814,0.0,0.0,0.0,0.3015587278283493
104,359,a6fb6eac39bcdb30,aortic elongation,on,0.1700315288315814,0.0,0.0,0.0,-0.4697736646198853
105,360,7d3a63dafaeb39ab,aortic elongation,off,0.1462411492673323,1.0,0.3547657650487756,0.5177225649900361,1.2092327530110285
105,360,7d3a63dafaeb39ab,aortic elongation,on,0.1462411492673323,1.0,0.4968008973456596,0.6638164320806202,1.0819976289130064
106,364,312ef254f0cefc84,aortic elongation,off,0.1807230677017089,1.0,0.4222649191229509,0.589390448373689,1.9769530986355368
106,364,312ef254f0cefc84,aortic elongation,on,0.1807230677017089,1.0,0.4609630253064489,0.6310366785337475,1.8973343836574088
107,365,ef4277bdd93833ac,aortic elongation,off,0.1479516005633281,1.0,0.3347192392229374,0.4957098720419255,1.7638070977612257
107,365,ef4277bdd93833ac,aortic elongation,on,0.1479516005633281,1.0,0.5478781169457755,0.7079085976606978,1.5870122773592377
108,368,4eeb7e68dcafc52f,aortic elongation,off,0.1638037318051352,1.0,0.3750551516827823,0.5363789736310208,1.98356869865742
108,368,4eeb7e68dcafc52f,aortic elongation,on,0.1638037318051352,1.0,0.5889590806720248,0.7413143398871679,1.7335008428998868
109,370,2857a8c6c79fccc6,aortic elongation,off,0.1832960542666257,1.0,0.4351154410577561,0.5974296998107917,1.843404603558653
109,370,2857a8c6c79fccc6,aortic elongation,on,0.1832960542666257,1.0,0.5949936580484894,0.7460742495922829,1.549826020325367
110,377,278df654823bf6ee,aortic elongation,off,0.1470500806494842,1.0,0.5658014564581596,0.7213013393965765,3.2140092873003154
110,377,278df654823bf6ee,aortic elongation,on,0.1470500806494842,1.0,0.3725382501716752,0.5428376834924195,3.0963626893976763
111,378,6090c609713b7751,aortic elongation,off,0.1462119107836401,1.0,0.4507217904603928,0.6120636885993956,2.1036275152290576
111,378,6090c609713b7751,aortic elongation,on,0.1462119107836401,1.0,0.5351359360083164,0.6971811517104115,1.8474651836073432
112,379,8ac8a6fe478e8bd6,aortic elongation,off,0.160465671583605,1.0,0.445730424308642,0.6135331755100697,1.596206204594134
112,379,8ac8a6fe478e8bd6,aortic elongation,on,0.160465671583605,1.0,0.5694313248080312,0.7256529430749181,1.3365159493644985
113,384,5d38483f79af4b3e,aortic elongation,off,0.1676729578137411,1.0,0.5788361083299031,0.7330416637902796,2.631977443167734
113,384,5d38483f79af4b3e,aortic elongation,on,0.1676729578137411,1.0,0.4747243372526492,0.6438088411223432,2.598363969685233
114,391,c4a5dd3178e7793b,aortic elongation,off,0.1521960537793176,1.0,0.5861354091160915,0.7388838606727999,2.665961110547721
114,391,c4a5dd3178e7793b,aortic elongation,on,0.1521960537793176,1.0,0.4934427596466474,0.6608068119218294,2.7023903456246328
115,393,d1717dead5c93e5d,aortic elongation,off,0.1808107831527857,1.0,0.5218029175023376,0.6848519837454111,1.9147922835276068
115,393,d1717dead5c93e5d,aortic elongation,on,0.1808107831527857,1.0,0.4792570548434319,0.6479603204249013,1.696608329960936
116,395,6bc6af6646fd4f48,aortic elongation,off,0.1410269530088836,1.0,0.358592111313555,0.5250909847239958,1.901808733622016
116,395,6bc6af6646fd4f48,aortic elongation,on,0.1410269530088836,1.0,0.565054566768205,0.7220888705305771,1.7800177752313182
117,399,cbcf1d839de55224,aortic elongation,off,0.1789541394383287,1.0,0.598492211135774,0.7467379243310696,2.426011615596189
117,399,cbcf1d839de55224,aortic elongation,on,0.1789541394383287,1.0,0.5987888062872868,0.7490428649770944,2.946471822088624
118,404,601e9e006ca98961,aortic elongation,off,0.1827551423183193,0.0,0.5254647309508693,0.6857299242530328,2.5599697835103488
118,404,601e9e006ca98961,aortic elongation,on,0.1827551423183193,0.0,0.3861251899483814,0.5571129045956467,2.7712786686088275
119,407,c4daa9055babb73c,aortic elongation,off,0.1421867461953423,1.0,0.3265822086601151,0.4890404371423599,1.808877561705582
119,407,c4daa9055babb73c,aortic elongation,on,0.1421867461953423,1.0,0.5858785436183005,0.7388652786604722,1.805805692730834
120,413,346b10be7977b4eb,aortic elongation,off,0.1459731298334868,1.0,0.3998650758163715,0.5711699916185504,1.3650217238224562
120,413,346b10be7977b4eb,aortic elongation,on,0.1459731298334868,1.0,0.3504719296878822,0.5190352199432964,0.9983742702665978
121,414,4327ee7e4bb44f73,aortic elongation,off,0.1585846624660711,1.0,0.3246179863086339,0.4822899490536717,1.9207144136320693
121,414,4327ee7e4bb44f73,aortic elongation,on,0.1585846624660711,1.0,0.5569543346105525,0.7154400799193736,1.9015742210331803
122,417,ed79f0a53e4dee1d,aortic elongation,off,0.178944393277098,0.0,0.3079088203241334,0.4707506763556102,1.484566639862844
122,417,ed79f0a53e4dee1d,aortic elongation,on,0.178944393277098,0.0,0.3033249351017122,0.4654625861143212,1.130188698064015
123,420,57cd46aa138100c3,aortic elongation,off,0.129000190050144,1.0,0.3420997488298119,0.5077059490666561,1.867205007833767
123,420,57cd46aa138100c3,aortic elongation,on,0.129000190050144,1.0,0.4251344905289792,0.5966229029406414,1.9313414024017783
124,422,6c279a1587eaca01,aortic elongation,off,0.1338878899073627,1.0,0.2148903634323731,0.3511572578444923,1.0638284852061073
124,422,6c279a1587eaca01,aortic elongation,on,0.1338878899073627,1.0,0.4182182168732885,0.5897690923772111,0.8552609233202852
125,424,ce75e5a5db0bea48,aortic elongation,off,0.1589209050285319,1.0,0.504959166776741,0.666805192669911,2.305155554150664
125,424,ce75e5a5db0bea48,aortic elongation,on,0.1589209050285319,1.0,0.5444748156078516,0.7050541832338727,2.4077862219868007
126,432,ee28fa034bce1fda,aortic elongation,off,0.1312320609719846,1.0,0.3683591268811405,0.537346739002962,1.8023702994864563
126,432,ee28fa034bce1fda,aortic elongation,on,0.1312320609719846,1.0,0.4081082598039977,0.579654635143273,1.7221023526828163
127,443,b3a2874f69846176,aortic elongation,off,0.1634041391946747,1.0,0.4104197862444491,0.5732906795359238,1.9431070392505605
127,443,b3a2874f69846176,aortic elongation,on,0.1634041391946747,1.0,0.558048565908812,0.7163426265343269,1.6759975670324596
128,454,787a2bfc5a2331c8,aortic elongation,off,0.1690666588697376,1.0,0.5816207511492262,0.7344480747179699,2.602345388218621
128,454,787a2bfc5a2331c8,aortic elongation,on,0.1690666588697376,1.0,0.4445825917164185,0.6155049854595644,2.712542171712266
129,458,3181b6357a7323cd,aortic elongation,off,0.1622784575725236,1.0,0.5222832607662035,0.6739425353192302,2.418627969524281
129,458,3181b6357a7323cd,aortic elongation,on,0.1622784575725236,1.0,0.5621415219958628,0.7196971124902718,2.4503241856271063
130,460,606c0187fa81c5f2,aortic elongation,off,0.1686768124205078,1.0,0.6330986416715507,0.7740290992990939,2.9229671099234205
130,460,606c0187fa81c5f2,aortic elongation,on,0.1686768124205078,1.0,0.4866873064044187,0.6547129805020985,3.170098204078519
131,467,9def6ee814e1821d,aortic elongation,off,0.1303207948969099,1.0,0.2146612111190412,0.3509588565470689,1.3714441253531615
131,467,9def6ee814e1821d,aortic elongation,on,0.1303207948969099,1.0,0.4766979294571625,0.6456127583171798,1.073816543394579
132,468,afb6b1bd651be214,aortic elongation,off,0.1430054237387249,1.0,0.2818603339064515,0.4366591394193582,1.744104056116712
132,468,afb6b1bd651be214,aortic elongation,on,0.1430054237387249,1.0,0.4800806981834529,0.6487222104824487,1.6608638116210082
133,469,df31f174d30b0e6c,aortic elongation,off,0.1496279402950163,1.0,0.3854913503336971,0.549269649485524,1.755154963811655
133,469,df31f174d30b0e6c,aortic elongation,on,0.1496279402950163,1.0,0.5491975362940578,0.7090090368388009,1.5212255133344064
134,479,bd2d25b1e77db40d,aortic elongation,off,0.2112139331120954,1.0,0.3955567198436425,0.5666538745873844,1.5365644603489914
134,479,bd2d25b1e77db40d,aortic elongation,on,0.2112139331120954,1.0,0.3804254664748744,0.5511710565149219,1.1014239319869084
135,481,b55ee524bc14b7f1,aortic elongation,off,0.178159827298023,1.0,0.1895703227307498,0.3186469764798335,1.4990275887250812
135,481,b55ee524bc14b7f1,aortic elongation,on,0.178159827298023,1.0,0.2007484585176871,0.3343716185930473,1.4384575608219747
136,484,e330df2c116f57e3,aortic elongation,off,0.1455296794974879,1.0,0.3538162059237172,0.5211902833418627,1.3109463076537435
136,484,e330df2c116f57e3,aortic elongation,on,0.1455296794974879,1.0,0.4445175226677105,0.6154534334161708,1.1021731496285112
137,485,8204907be397f49f,aortic elongation,off,0.147897996676559,1.0,0.3246425272541575,0.4867166825824228,1.740743279981
137,485,8204907be397f49f,aortic elongation,on,0.147897996676559,1.0,0.536454274919383,0.6983005342108785,1.5989357284000745
138,493,91ea06de1b4bdda4,aortic elongation,off,0.1306716567012168,1.0,0.3172614951902129,0.4776131274259892,1.6420036017511193
138,493,91ea06de1b4bdda4,aortic elongation,on,0.1306716567012168,1.0,0.5539259414715857,0.7129356819456951,1.4046301005385349
139,503,031e29dc2fe17f54,aortic elongation,off,0.1367386420673557,1.0,0.3647772221371255,0.533800007972365,1.9913446586098456
139,503,031e29dc2fe17f54,aortic elongation,on,0.1367386420673557,1.0,0.4707273575179238,0.6401269962258472,3.034333150859414
140,512,f60ef73b4eada56b,aortic elongation,off,0.1990604700573561,1.0,0.4515053313408537,0.6151880332494348,1.462474748185298
140,512,f60ef73b4eada56b,aortic elongation,on,0.1990604700573561,1.0,0.5474073778020255,0.7075154909400398,1.2242362558508224
141,515,50792ee23b969714,aortic elongation,off,0.1656555024389768,1.0,0.5816674387008249,0.7335407146897054,2.781108643071601
141,515,50792ee23b969714,aortic elongation,on,0.1656555024389768,1.0,0.3771147201106813,0.5476673177286291,2.8692873046718645
142,516,8f2fbdc225eeb4b7,aortic elongation,off,0.1549298520045417,1.0,0.6555717370647507,0.7914096984224107,2.825804426428869
142,516,8f2fbdc225eeb4b7,aortic elongation,on,0.1549298520045417,1.0,0.5997640252288787,0.7498108739571308,2.773816625282783
143,520,fa66ba62408f5bb3,aortic elongation,off,0.1663133683220521,1.0,0.4652884265487458,0.6288513773676998,2.0270400613963084
143,520,fa66ba62408f5bb3,aortic elongation,on,0.1663133683220521,1.0,0.6618585779340453,0.7965281184920818,1.6590308770322288
144,523,f97dbc0cf694169f,aortic elongation,off,0.1633554083885209,1.0,0.6199634184293247,0.7608849122983037,2.5021109902178824
144,523,f97dbc0cf694169f,aortic elongation,on,0.1633554083885209,1.0,0.69536859321383,0.8203149082771197,2.137710668856222
145,527,e4e74f812d6895b0,aortic elongation,off,0.1380787392365832,1.0,0.3264970782042635,0.4882440264265907,1.580558651314169
145,527,e4e74f812d6895b0,aortic elongation,on,0.1380787392365832,1.0,0.5059147182567764,0.6719030941025056,1.3119005988147818
146,7,8e809b77e3a489ef,atelectasis,off,0.1139082593843349,1.0,0.5210112018261384,0.6758001558476384,2.76480650464828
146,7,8e809b77e3a489ef,atelectasis,on,0.1139082593843349,1.0,0.6905661386814829,0.816954558174561,4.063823550719283
147,11,6194b5ef08e1beaa,atelectasis,off,0.0947862910496128,1.0,0.1913456960809122,0.3196171183516715,3.944304666143933
147,11,6194b5ef08e1beaa,atelectasis,on,0.0947862910496128,1.0,0.0664536590257187,0.1246243368844517,3.266846550604912
148,15,8dde7c24f7c7854b,atelectasis,off,0.1255403028132294,0.0,0.032391684810713,0.0624357909987324,1.0728046686208783
148,15,8dde7c24f7c7854b,atelectasis,on,0.1255403028132294,0.0,0.0531201978595798,0.1008811981277166,1.225065487148627
149,19,c1fbe35407da1064,atelectasis,off,0.1754309021534143,1.0,0.1888824095700389,0.3164171430357517,0.6126493811522173
149,19,c1fbe35407da1064,atelectasis,on,0.1754309021534143,1.0,0.1869170619665706,0.314959679746649,0.684144297995596
150,20,7139216b1a7e91c5,atelectasis,off,0.1786617546014063,1.0,0.3528691938461654,0.5182035931562543,1.320619425143986
150,20,7139216b1a7e91c5,atelectasis,on,0.1786617546014063,1.0,0.4510317862144471,0.6216658024340493,0.8812061787644151
151,29,9eaa7389406cdcff,atelectasis,off,0.1491357591528636,1.0,0.539044234801619,0.7000007608246412,2.498417608145635
151,29,9eaa7389406cdcff,atelectasis,on,0.1491357591528636,1.0,0.2288486169015363,0.3724423601361396,2.4235940157384577
152,78,d93941381e90eacf,atelectasis,off,0.1018717502643646,1.0,0.6208504545251894,0.7595385180572405,3.3457148659995006
152,78,d93941381e90eacf,atelectasis,on,0.1018717502643646,1.0,0.5078620569523442,0.6736025772235509,4.327923595218121
153,86,2d81d6b510b24601,atelectasis,off,0.1088402555443474,0.0,0.0588535029876347,0.1108852657678828,-0.4495629026562526
153,86,2d81d6b510b24601,atelectasis,on,0.1088402555443474,0.0,0.0721137982043199,0.1345263778881557,0.2103925162064337
154,90,076d2d1b5d8cb69f,atelectasis,off,0.1026270777597473,1.0,0.4166301361299841,0.5866775778268644,3.4933298598426297
154,90,076d2d1b5d8cb69f,atelectasis,on,0.1026270777597473,1.0,0.1822915385886357,0.3083657623703305,3.3310085197036727
155,107,4569a1e88cb8719a,atelectasis,off,0.1647344902026714,0.0,0.186622432623157,0.3138794509536977,0.7785218299431418
155,107,4569a1e88cb8719a,atelectasis,on,0.1647344902026714,0.0,0.2287166184508759,0.3722851532853986,0.5853012882900698
156,111,39af5dbb83f791bc,atelectasis,off,0.1357006758962813,1.0,0.1550877914253888,0.2646805244492061,3.89933426955476
156,111,39af5dbb83f791bc,atelectasis,on,0.1357006758962813,1.0,0.0457015042448877,0.0874016134147761,2.784504783950132
157,127,149c31b9f0613a25,atelectasis,off,0.122762646862467,0.0,0.1171389541610958,0.2084179092722395,0.981046519392734
157,127,149c31b9f0613a25,atelectasis,on,0.122762646862467,0.0,0.2139097387742157,0.3524281467291561,0.6695177249567292
158,134,2b4573785baf0a9b,atelectasis,off,0.1693639167872754,1.0,0.1551144886121239,0.2677537695809885,0.744083178418431
158,134,2b4573785baf0a9b,atelectasis,on,0.1693639167872754,1.0,0.217122962764196,0.3567794963014428,0.4467627382366326
159,145,5e6c67d898f729ed,atelectasis,off,0.1125827814569536,1.0,0.274004964913363,0.4290861973985255,2.8423446851207923
159,145,5e6c67d898f729ed,atelectasis,on,0.1125827814569536,1.0,0.135471776531547,0.2386151269664235,3.0730766040392057
160,147,78c800e6d13b76f5,atelectasis,off,0.1404031986901159,1.0,0.1990390018442591,0.330548033470922,0.6979787150926621
160,147,78c800e6d13b76f5,atelectasis,on,0.1404031986901159,1.0,0.3043500780215867,0.4666658866776014,0.5743682111436111
161,148,4946f596d88523e4,atelectasis,off,0.1458659220599486,0.0,0.0077641349632817,0.0151200457262584,0.5171407318776112
161,148,4946f596d88523e4,atelectasis,on,0.1458659220599486,0.0,0.0,0.0,-0.440324117373794
162,154,7b885a0d0f4df9bd,atelectasis,off,0.1003416029511376,0.0,0.0282891562185278,0.054363686593224,-0.7308109167976605
162,154,7b885a0d0f4df9bd,atelectasis,on,0.1003416029511376,0.0,0.0,0.0,-0.3780697628609339
163,159,071f871817e15b2f,atelectasis,off,0.1027683970975931,1.0,0.5727430219307752,0.72306941507777,3.127330381695825
163,159,071f871817e15b2f,atelectasis,on,0.1027683970975931,1.0,0.4578330359020309,0.6280852718963887,4.068842107553526
164,163,c995d00e2e8701bb,atelectasis,off,0.1535556432710066,0.0,0.0,0.0,0.235006183912604
164,163,c995d00e2e8701bb,atelectasis,on,0.1535556432710066,0.0,0.0,0.0,-0.4303391508547278
165,167,bf60f0a2a4af7b86,atelectasis,off,0.1647637286863636,0.0,0.0578618118127434,0.1057660594239963,1.3455222488926606
165,167,bf60f0a2a4af7b86,atelectasis,on,0.1647637286863636,0.0,0.1316314930848475,0.2326400990684012,1.1866829916807269
166,170,3937f3c02599f03e,atelectasis,off,0.1335029165387483,1.0,0.3207221784918193,0.4840220134109039,1.3970205230005828
166,170,3937f3c02599f03e,atelectasis,on,0.1335029165387483,1.0,0.367884449731612,0.5378871801811914,1.3766639133539516
167,172,81573fb3980b14e5,atelectasis,off,0.1630727697128293,0.0,0.0018708240534521,0.0037069726390114,0.5790711113986772
167,172,81573fb3980b14e5,atelectasis,on,0.1630727697128293,0.0,0.1000113126081012,0.18182783488399,0.4427999630326983
168,196,f7e942178d7ec4cd,atelectasis,off,0.0834709978607176,0.0,0.0006189269143185,0.0012344594229614,-1.0576954696538174
168,196,f7e942178d7ec4cd,atelectasis,on,0.0834709978607176,0.0,0.0,0.0,-0.3497219385169465
169,200,1e9f434529b507c6,atelectasis,off,0.1309640415381391,0.0,0.0,0.0,-0.8916647082938752
169,200,1e9f434529b507c6,atelectasis,on,0.1309640415381391,0.0,0.0,0.0,-0.458898269843644
170,207,0517b51af4dfbcfe,atelectasis,off,0.1119980117831089,1.0,0.4223881783442028,0.5924897345490682,2.5333446368334265
170,207,0517b51af4dfbcfe,atelectasis,on,0.1119980117831089,1.0,0.323244521311539,0.4885408193328159,3.252266754271867
171,228,cd6197499a3c5daf,atelectasis,off,0.1467576958125618,1.0,0.4432775246222316,0.6139662381125978,2.6953702043196675
171,228,cd6197499a3c5daf,atelectasis,on,0.1467576958125618,1.0,0.1816040649728869,0.3073785920032189,2.733063173272492
172,258,a336d605250985d4,atelectasis,off,0.1139813555935655,1.0,0.075990043682151,0.139078694911256,1.2464196796450098
172,258,a336d605250985d4,atelectasis,on,0.1139813555935655,1.0,0.1832875759947013,0.309763974477253,1.338886169180371
173,267,c1d8efe52179079f,atelectasis,off,0.123469243551696,0.0,0.0745534887801276,0.1380848392142606,0.2888061083883722
173,267,c1d8efe52179079f,atelectasis,on,0.123469243551696,0.0,0.0601067090374738,0.1133967428087615,0.0287266993449774
174,274,e6b32442a596c0fd,atelectasis,off,0.1514699647676271,0.0,0.1712665384041001,0.2922965448267681,2.032411109936932
174,274,e6b32442a596c0fd,atelectasis,on,0.1514699647676271,0.0,0.1364018222747378,0.2400568163681099,2.4529482101106828
175,292,964325708df1fe70,atelectasis,off,0.1025296161474399,1.0,0.4887493082854323,0.6559276021224387,3.2032738350726024
175,292,964325708df1fe70,atelectasis,on,0.1025296161474399,1.0,0.3432578088884939,0.5110760303494667,3.710603267531961
176,312,e1ef1a9ad7d81662,atelectasis,off,0.1029876857252849,1.0,0.2531474667077488,0.4011624103758316,1.2185290022763309
176,312,e1ef1a9ad7d81662,atelectasis,on,0.1029876857252849,1.0,0.4347079819568801,0.6059859078031922,1.1104356091481924
177,318,40c62c54dfec39c8,atelectasis,off,0.1001223143234458,0.0,0.0729104635891914,0.1358645833092606,3.2978032469842966
177,318,40c62c54dfec39c8,atelectasis,on,0.1001223143234458,0.0,0.0330888155697633,0.0640577920158167,3.1057095164055246
178,356,f94c06bd9718e97c,atelectasis,off,0.0973202929696065,1.0,0.6762656285732125,0.8044683472691989,4.0052884431105085
178,356,f94c06bd9718e97c,atelectasis,on,0.0973202929696065,1.0,0.3564756853252466,0.5255801282752847,3.872288273130944
179,380,60775c6db17d7d7a,atelectasis,off,0.1425132425965722,1.0,0.1636370707780896,0.2773269766028957,2.81621611575029
179,380,60775c6db17d7d7a,atelectasis,on,0.1425132425965722,1.0,0.0766213075137039,0.1423341705170009,2.6268517075288105
180,383,73a711ad4a6993d8,atelectasis,off,0.1456320141904107,1.0,0.1804977501353168,0.3014669125655141,3.265191888618503
180,383,73a711ad4a6993d8,atelectasis,on,0.1456320141904107,1.0,0.1015844928890485,0.1844295693187294,2.628868424425504
181,403,309b2ec41b2dc6f2,atelectasis,off,0.1510557529153204,0.0,0.182260879749482,0.3074198569364359,1.8674132122880167
181,403,309b2ec41b2dc6f2,atelectasis,on,0.1510557529153204,0.0,0.1664906458732223,0.2854503907471576,2.318111553069719
182,415,33c5edd30f2457cd,atelectasis,off,0.1503978870322452,1.0,0.1846530981426236,0.3116024134727821,1.3847087260688833
182,415,33c5edd30f2457cd,atelectasis,on,0.1503978870322452,1.0,0.2134142850404679,0.3517583063303052,1.2190551141294024
183,421,f2c5b10688fc1c16,atelectasis,off,0.1625854616512921,1.0,0.2688939086061427,0.4218686929136482,2.5324249237444167
183,421,f2c5b10688fc1c16,atelectasis,on,0.1625854616512921,1.0,0.1612295465356805,0.2776823959720941,2.53632308690707
184,437,9d8ed0c90eba51ae,atelectasis,off,0.1593302438002231,1.0,0.288575148162822,0.4458375752988823,1.3935437355933966
184,437,9d8ed0c90eba51ae,atelectasis,on,0.1593302438002231,1.0,0.4303424645069886,0.6017305717580257,0.9683884954323152
185,446,3d7dc2d16d09f5be,atelectasis,off,0.1531073198543923,1.0,0.1319356116957341,0.2317483098837103,0.637322830679898
185,446,3d7dc2d16d09f5be,atelectasis,on,0.1531073198543923,1.0,0.1591866470839721,0.2746506117266679,0.7869005811775982
186,465,a989c250bb6e5f01,atelectasis,off,0.114249375027411,1.0,0.2187774042447222,0.3580730790870335,2.907103820974156
186,465,a989c250bb6e5f01,atelectasis,on,0.114249375027411,1.0,0.079221819037514,0.1468099748919468,2.988361593635404
187,466,89b5a9f5b49f6471,atelectasis,off,0.1498521020033234,1.0,0.2550686917193454,0.3956800000822252,1.8011034955880858
187,466,89b5a9f5b49f6471,atelectasis,on,0.1498521020033234,1.0,0.1746513495107228,0.2973451532793378,1.6706317503521344
188,491,04a9cb03fde0219d,atelectasis,off,0.1254184757978451,0.0,0.0,0.0,-0.2450441111458393
188,491,04a9cb03fde0219d,atelectasis,on,0.1254184757978451,0.0,0.0,0.0,-0.4071458546015749
189,509,e374f94a32b3bd15,atelectasis,off,0.1842219395835465,0.0,0.0,0.0,-0.314644544748701
189,509,e374f94a32b3bd15,atelectasis,on,0.1842219395835465,0.0,0.0,0.0,-0.4983445663582506
190,513,0ae6e1d4c1336eec,atelectasis,off,0.0944841600514597,1.0,0.1549313559929462,0.2682877331071844,0.6996570553101408
190,513,0ae6e1d4c1336eec,atelectasis,on,0.0944841600514597,1.0,0.1114861747877226,0.2006059626404525,0.5996536111610394
191,518,40ea79f3caeb0477,atelectasis,off,0.111515576802187,1.0,0.3419552262481448,0.5062616195160915,3.946426727272261
191,518,40ea79f3caeb0477,atelectasis,on,0.111515576802187,1.0,0.1130066862641034,0.2030572293685565,3.10624418179176
192,522,f28dfcb73be60946,atelectasis,off,0.1201799141363195,1.0,0.1482584416131754,0.2518495034845743,3.4065987839638256
192,522,f28dfcb73be60946,atelectasis,on,0.1201799141363195,1.0,0.0592073994798819,0.1117929467708005,2.8982850093785606
193,526,db3fe04ce1b8f893,atelectasis,off,0.1769123186604876,1.0,0.4313657243626814,0.5992225603426675,2.08231670379486
193,526,db3fe04ce1b8f893,atelectasis,on,0.1769123186604876,1.0,0.21914499997917,0.3595029344573906,1.7655756835547385
194,8,093950c25a37efe4,cardiomegaly,off,0.1228113776686207,1.0,0.2653893704542928,0.4143351542447583,1.2146623413986737
194,8,093950c25a37efe4,cardiomegaly,on,0.1228113776686207,1.0,0.5507337153505093,0.7102877786548867,1.1925974927304348
195,10,3e6de190da5a957a,cardiomegaly,off,0.1640766243195961,0.0,0.047892831313499,0.0886961724140825,0.0050099333009369
195,10,3e6de190da5a957a,cardiomegaly,on,0.1640766243195961,0.0,0.0548718762535834,0.1040289801399427,-0.1833910258981481
196,12,96964da0020cd95f,cardiomegaly,off,0.193461300430293,0.0,0.2839986037555913,0.4368810884901324,1.0474092172778808
196,12,96964da0020cd95f,cardiomegaly,on,0.193461300430293,0.0,0.3071463059082034,0.4699301827404242,0.7506231451258248
197,25,47feecb0340b2bd4,cardiomegaly,off,0.1731551735060353,0.0,0.1488424070144308,0.2528177719482418,0.4733092314045992
197,25,47feecb0340b2bd4,cardiomegaly,on,0.1731551735060353,0.0,0.2386657792702703,0.385358268157864,0.542524457069614
198,27,c99a2a7dd0dd260f,cardiomegaly,off,0.0962628344760707,1.0,0.2196010984709926,0.3564795462928413,0.7763292559502281
198,27,c99a2a7dd0dd260f,cardiomegaly,on,0.0962628344760707,1.0,0.2913086654192034,0.4511786475769595,0.6355156808850677
199,32,a70c06fbfcf2e58e,cardiomegaly,off,0.1752603443318763,1.0,0.4957987871667334,0.6628861218779238,1.679268001221038
199,32,a70c06fbfcf2e58e,cardiomegaly,on,0.1752603443318763,1.0,0.4835860316099715,0.6519147147059539,1.256006256165096
200,39,ec65e2415a2938e7,cardiomegaly,off,0.1516112841054729,0.0,0.0079652218751247,0.0156645507192424,-0.8053119029934055
200,39,ec65e2415a2938e7,cardiomegaly,on,0.1516112841054729,0.0,0.0001541812815925,0.0003083008151961,-0.5085327089401769
201,42,c93ded9ee7245300,cardiomegaly,off,0.136494988036587,1.0,0.2467354299970927,0.3931296092451082,0.8705898576665265
201,42,c93ded9ee7245300,cardiomegaly,on,0.136494988036587,1.0,0.391382202888545,0.56257991073695,0.7946800976299454
202,50,a5d9ac7f9423be90,cardiomegaly,off,0.1731454273448045,0.0,0.0386885263243866,0.0723877783182705,-0.6465282798376725
202,50,a5d9ac7f9423be90,cardiomegaly,on,0.1731454273448045,0.0,0.0,0.0,-0.5409450706986778
203,53,d7355520cf43cdff,cardiomegaly,off,0.1821216418383209,1.0,0.6316397066787603,0.7705265939927055,2.3620740406360814
203,53,d7355520cf43cdff,cardiomegaly,on,0.1821216418383209,1.0,0.7249592238652609,0.8405482939395599,2.156352410383021
204,56,9415a340a0044764,cardiomegaly,off,0.1431857277214936,1.0,0.4765441189194694,0.6328369045302853,1.9724994215009803
204,56,9415a340a0044764,cardiomegaly,on,0.1431857277214936,1.0,0.6985056870589044,0.8224915761642511,1.7718060155604354
205,61,088cc1d00621a300,cardiomegaly,off,0.2020135569102719,1.0,0.4641091866265263,0.6322667454340237,1.7261608680133285
205,61,088cc1d00621a300,cardiomegaly,on,0.2020135569102719,1.0,0.4956157138973425,0.6627566211867958,1.304075036369985
206,62,bebbf36be701621f,cardiomegaly,off,0.1398769059836556,1.0,0.227458262061202,0.3676094361144407,1.280177266023736
206,62,bebbf36be701621f,cardiomegaly,on,0.1398769059836556,1.0,0.4368090208985355,0.6080206940528103,0.8832606328318946
207,63,f8f084a045363fa5,cardiomegaly,off,0.160309733003913,0.0,0.2611716073253741,0.4115962420019968,1.0461289826961249
207,63,f8f084a045363fa5,cardiomegaly,on,0.160309733003913,0.0,0.3329022779961043,0.4995102989423088,0.6563743363571451
208,76,33d96918507e6883,cardiomegaly,off,0.1751726288807995,1.0,0.2235374201566367,0.3614872080913259,1.312739839009713
208,76,33d96918507e6883,cardiomegaly,on,0.1751726288807995,1.0,0.4611189654569312,0.6311788378437799,0.9164911855107662
209,85,6ba230aaf07a840c,cardiomegaly,off,0.1480198236919433,1.0,0.3251627115853057,0.486341948560804,1.805273180660521
209,85,6ba230aaf07a840c,cardiomegaly,on,0.1480198236919433,1.0,0.5860116604003629,0.7389668129865546,1.34929918274296
210,89,9c63e63de176518a,cardiomegaly,off,0.1292584633227587,0.0,0.2162931144019441,0.3479400944879614,0.1978931919832853
210,89,9c63e63de176518a,cardiomegaly,on,0.1292584633227587,0.0,0.3160848546232103,0.4803401259495808,0.6400297556249341
211,105,fd053a38abc0cb49,cardiomegaly,off,0.161211252917757,1.0,0.2793972049368843,0.4343519575404576,1.2128772641647452
211,105,fd053a38abc0cb49,cardiomegaly,on,0.161211252917757,1.0,0.4004623805404648,0.5718982863904161,0.8426606105393002
212,113,c1a9fa9f21a10a44,cardiomegaly,off,0.158492073934379,1.0,0.3152818888335854,0.4780146403591588,0.892600270763556
212,113,c1a9fa9f21a10a44,cardiomegaly,on,0.158492073934379,1.0,0.3537777642114698,0.5226524193954349,0.7295332220318419
213,123,e0288a509cbbc07e,cardiomegaly,off,0.1306862759430629,1.0,0.216885064904417,0.3545358574330642,0.936830945605962
213,123,e0288a509cbbc07e,cardiomegaly,on,0.1306862759430629,1.0,0.3908813363154285,0.5620584226779279,0.8104575287074086
214,124,985a9f7b2779d4f8,cardiomegaly,off,0.1846117860327763,1.0,0.4787563580845922,0.6451672623127568,1.912427557465652
214,124,985a9f7b2779d4f8,cardiomegaly,on,0.1846117860327763,1.0,0.532420911920672,0.694875519283399,1.4479342480398898
215,133,36dfae6f56c02e8b,cardiomegaly,off,0.0975152161942215,1.0,0.214284197722094,0.3508710052159064,1.0386245978883786
215,133,36dfae6f56c02e8b,cardiomegaly,on,0.0975152161942215,1.0,0.4031088116804396,0.5745878089399744,0.8593303626363671
216,139,f201583ea32de232,cardiomegaly,off,0.1927985614666023,1.0,0.4980060851562846,0.6637772788183959,1.7820087199925445
216,139,f201583ea32de232,cardiomegaly,on,0.1927985614666023,1.0,0.5316199392582369,0.6941915451702219,1.1947965735475117
217,155,9ac3c6ded1d4380c,cardiomegaly,off,0.1973305264388988,1.0,0.4045129720725514,0.5751306554028897,1.057364721307194
217,155,9ac3c6ded1d4380c,cardiomegaly,on,0.1973305264388988,1.0,0.4397624283233829,0.6108808804626661,0.8223872656898734
218,162,79f3d753d8db8ce9,cardiomegaly,off,0.1852988903995439,1.0,0.3476226067630987,0.5033888620977057,1.6219369912221602
218,162,79f3d753d8db8ce9,cardiomegaly,on,0.1852988903995439,1.0,0.5078716512357716,0.6736066543252249,1.0796274903160017
219,166,846aafad319d9662,cardiomegaly,off,0.1872578688069236,1.0,0.3736480662150206,0.5381776011739758,1.322759692742822
219,166,846aafad319d9662,cardiomegaly,on,0.1872578688069236,1.0,0.4807330871291059,0.6493168561589677,0.9563834785441108
220,177,5168c9958d9df995,cardiomegaly,off,0.1851526979810827,1.0,0.4038647986175013,0.5733704240032544,1.3129134939588727
220,177,5168c9958d9df995,cardiomegaly,on,0.1851526979810827,1.0,0.4450924524003112,0.6160054434904051,0.9176580562987215
221,185,5e13bb7278b3f72d,cardiomegaly,off,0.1401497984981165,1.0,0.1754362851435999,0.2943573163361472,1.1758406263698498
221,185,5e13bb7278b3f72d,cardiomegaly,on,0.1401497984981165,1.0,0.4043279457944215,0.5758196778180177,0.8273613023066831
222,189,d236eae4a6bc1049,cardiomegaly,off,0.1852940173189285,1.0,0.2590891441378616,0.4077732778894914,0.5507505738823624
222,189,d236eae4a6bc1049,cardiomegaly,on,0.1852940173189285,1.0,0.2983962059476945,0.4596311938916651,0.4974305878678465
223,192,b7a20b8f260bba9f,cardiomegaly,off,0.1314952073252147,1.0,0.2085482807319275,0.3432799670064529,0.0030646150148688
223,192,b7a20b8f260bba9f,cardiomegaly,on,0.1314952073252147,1.0,0.2653716482315396,0.4194327997791179,0.4871441974319154
224,195,13d982f2c79b1676,cardiomegaly,off,0.1745293822395704,1.0,0.1951900515931751,0.32582325781722,0.6660255733558202
224,195,13d982f2c79b1676,cardiomegaly,on,0.1745293822395704,1.0,0.2474589167413389,0.3967376565516479,0.5567212811765947
225,198,2175b019a0091ef3,cardiomegaly,off,0.128595724359068,1.0,0.3072938899114947,0.4645416328397747,0.6720712218134641
225,198,2175b019a0091ef3,cardiomegaly,on,0.128595724359068,1.0,0.389740304112144,0.5608785362283901,0.7935829211575682
226,204,cbcf65658f0dd7d8,cardiomegaly,off,0.1359735684107422,1.0,0.2723574858285623,0.4224900042651933,1.393931155047646
226,204,cbcf65658f0dd7d8,cardiomegaly,on,0.1359735684107422,1.0,0.5399876157437536,0.7012341835198288,1.1847940426539876
227,205,82f49a0c3d2dfe14,cardiomegaly,off,0.1361684916353571,1.0,0.2256807502938559,0.3631045151899604,0.9403012678861252
227,205,82f49a0c3d2dfe14,cardiomegaly,on,0.1361684916353571,1.0,0.4294213220300011,0.6008319314133227,0.8601449942939527
228,206,0c9d26929987308b,cardiomegaly,off,0.1111695880784955,1.0,0.3088542833133916,0.466678497316882,1.601004385348468
228,206,0c9d26929987308b,cardiomegaly,on,0.1111695880784955,1.0,0.6192418693430646,0.7648504490423715,1.5895583558087745
229,209,7162d21f7f020298,cardiomegaly,off,0.1508267181263979,0.0,0.013136456606527,0.0251801019757873,0.4922615926255254
229,209,7162d21f7f020298,cardiomegaly,on,0.1508267181263979,0.0,0.1573845553430563,0.2719510592032622,0.2473110398880404
230,211,74122d99b9022819,cardiomegaly,off,0.172916392555882,1.0,0.3729483596661834,0.5346979777932103,1.4760980526839522
230,211,74122d99b9022819,cardiomegaly,on,0.172916392555882,1.0,0.4703262317253105,0.6397333609189045,1.0625413647697393
231,214,366858e6adbb8000,cardiomegaly,off,0.147649469565175,1.0,0.2038210452095045,0.3343257813896151,1.1121096186869932
231,214,366858e6adbb8000,cardiomegaly,on,0.147649469565175,1.0,0.4266904220467079,0.5981482748333399,0.8590682877584191
232,236,84ac6bdd90a67b66,cardiomegaly,off,0.1150631794901783,1.0,0.192567410506741,0.3195822125137114,1.192276327869267
232,236,84ac6bdd90a67b66,cardiomegaly,on,0.1150631794901783,1.0,0.4729183124473793,0.642149553151703,1.019014235434534
233,242,07a10ffadf85aa63,cardiomegaly,off,0.1433709047848778,1.0,0.2380084156460938,0.3828426373448069,0.3962613244433536
233,242,07a10ffadf85aa63,cardiomegaly,on,0.1433709047848778,1.0,0.2715130895468665,0.4270669906573562,0.4876401707888065
234,246,0b14f7b64876536a,cardiomegaly,off,0.1981686963047429,1.0,0.3266069103262641,0.4912365440046725,1.0103744029773185
234,246,0b14f7b64876536a,cardiomegaly,on,0.1981686963047429,1.0,0.3371486287931921,0.504277815406329,0.6415959318101077
235,247,161c8b166c8ce7d6,cardiomegaly,off,0.1060041226262006,1.0,0.2214292960032461,0.3587417491486599,1.028838048156446
235,247,161c8b166c8ce7d6,cardiomegaly,on,0.1060041226262006,1.0,0.5391752025519047,0.7005867737611611,1.1406243271725096
236,249,f93a1c5e1000ca3e,cardiomegaly,off,0.1770731303207948,0.0,0.079330326545624,0.1438322356249304,-0.1871240180434993
236,249,f93a1c5e1000ca3e,cardiomegaly,on,0.1770731303207948,0.0,0.1015179672658647,0.1843182748284729,0.1103162925059071
237,251,a65421347ffb7936,cardiomegaly,off,0.1782183042654074,1.0,0.6433700880209738,0.77889075714141,2.490373782638493
237,251,a65421347ffb7936,cardiomegaly,on,0.1782183042654074,1.0,0.7551954119889427,0.8605233201715018,2.313287128048309
238,256,459d9cc7e6454630,cardiomegaly,off,0.1315293188895223,1.0,0.3914821091832882,0.5554456172305464,1.4150373527860092
238,256,459d9cc7e6454630,cardiomegaly,on,0.1315293188895223,1.0,0.5325890927218947,0.695007172284656,1.1429783725660354
239,259,9dea31c5bb3e5917,cardiomegaly,off,0.1574443616020739,1.0,0.1207580208282296,0.2144773556082647,0.4275755784128084
239,259,9dea31c5bb3e5917,cardiomegaly,on,0.1574443616020739,1.0,0.1955787509184073,0.3271680717393925,0.3154000653251015
240,261,83590772041a5a03,cardiomegaly,off,0.2003372171785838,1.0,0.531110166751654,0.6935529440409904,1.894031039855264
240,261,83590772041a5a03,cardiomegaly,on,0.2003372171785838,1.0,0.5410478857921112,0.7021813523617411,1.427144444090795
241,266,fc7c567caa66ec88,cardiomegaly,off,0.1260909609227665,0.0,0.0092015510074412,0.0181200278243848,0.0335220358858558
241,266,fc7c567caa66ec88,cardiomegaly,on,0.1260909609227665,0.0,0.0481578820641192,0.0918856654091081,-0.1177816920317952
242,273,7efbe29baee5c832,cardiomegaly,off,0.1232304626015428,1.0,0.209802533135966,0.3453669948598065,0.6531211926087712
242,273,7efbe29baee5c832,cardiomegaly,on,0.1232304626015428,1.0,0.2998317607963541,0.4613366734198963,0.5943230398807262
243,276,90391ae7b37e6f8e,cardiomegaly,off,0.1218123961424693,1.0,0.2064392390850828,0.3416289172111931,1.0251478025358998
243,276,90391ae7b37e6f8e,cardiomegaly,on,0.1218123961424693,1.0,0.2702335192885541,0.425486118605934,0.8984587766640517
244,280,890ca06fc523c555,cardiomegaly,off,0.1578926850186882,1.0,0.1207243019309936,0.2148372984359473,0.6801998681823203
244,280,890ca06fc523c555,cardiomegaly,on,0.1578926850186882,1.0,0.2239803027773009,0.3659842461855032,0.5374060162535838
245,282,e2e5a8476ea2eba5,cardiomegaly,off,0.1922625225989113,1.0,0.5294647528862251,0.6895539127585097,1.7942611327611295
245,282,e2e5a8476ea2eba5,cardiomegaly,on,0.1922625225989113,1.0,0.5703266282090566,0.7263755468463845,1.19548754296771
246,283,d68117bbfe183d95,cardiomegaly,off,0.1089864479628086,0.0,0.0632290571019207,0.1184423484934562,-0.5763508621208983
246,283,d68117bbfe183d95,cardiomegaly,on,0.1089864479628086,0.0,0.0213054728603137,0.0417215814845985,-0.2656040978515849
247,286,66a74608d016ae2c,cardiomegaly,off,0.1208475261806256,0.0,0.1503791631270356,0.2600568603670947,0.4149336770221052
247,286,66a74608d016ae2c,cardiomegaly,on,0.1208475261806256,0.0,0.2111550805793121,0.3486815984410186,0.4307616702800392
248,291,e8e8a1f210ad58fd,cardiomegaly,off,0.1171244925904809,0.0,0.223501218046288,0.3626647613789788,0.2218033310441452
248,291,e8e8a1f210ad58fd,cardiomegaly,on,0.1171244925904809,0.0,0.2835827538224617,0.4418612469945999,0.608736716005209
249,297,c6eb3bdeddb04716,cardiomegaly,off,0.1866048760044637,1.0,0.1959083118491293,0.3225299734474581,0.5052207229049158
249,297,c6eb3bdeddb04716,cardiomegaly,on,0.1866048760044637,1.0,0.253684604719794,0.4046742220155946,0.3708910647976167
250,298,057d72fd8f724e9f,cardiomegaly,off,0.1415776111184207,1.0,0.33728000451469,0.501522385666045,1.2839252485565689
250,298,057d72fd8f724e9f,cardiomegaly,on,0.1415776111184207,1.0,0.491605472105214,0.6591625070424819,1.1570031233440743
251,320,3b5deb6b8277b2fc,cardiomegaly,off,0.1737691816635722,0.0,0.049848305361187,0.0910352379609161,0.0193714146752134
251,320,3b5deb6b8277b2fc,cardiomegaly,on,0.1737691816635722,0.0,0.1278591404747442,0.2267270434808107,0.0975874482632104
252,323,ac6ee2faa45f13ea,cardiomegaly,off,0.1769902879503335,1.0,0.3930290195705488,0.5592937072198467,1.2530445627410145
252,323,ac6ee2faa45f13ea,cardiomegaly,on,0.1769902879503335,1.0,0.4939973449515228,0.6613094896275576,1.0156373574657136
253,330,d914627fd7043b26,cardiomegaly,off,0.1355203719135125,1.0,0.3127422950298552,0.4721642997233894,1.0194684488463153
253,330,d914627fd7043b26,cardiomegaly,on,0.1355203719135125,1.0,0.4869396748448967,0.6549489450034264,1.0171149601341891
254,331,2dcd061d752720b3,cardiomegaly,off,0.1421380153891885,1.0,0.344589802790594,0.5098036365598545,0.1353885318368784
254,331,2dcd061d752720b3,cardiomegaly,on,0.1421380153891885,1.0,0.1835404834269038,0.3100858461441608,0.2836377449264673
255,334,3be03514cc889234,cardiomegaly,off,0.164310532189134,1.0,0.2101369278842581,0.3413703951715919,0.7914261353150767
255,334,3be03514cc889234,cardiomegaly,on,0.164310532189134,1.0,0.3125752475657647,0.4762739171141963,0.5683683818095838
256,336,99498cee40a343d2,cardiomegaly,off,0.1546472133288501,0.0,0.2510039330385275,0.4011754318286119,0.2514122515886479
256,336,99498cee40a343d2,cardiomegaly,on,0.1546472133288501,0.0,0.1922248266835622,0.3224478856901316,0.2862745655551721
257,337,afa5f1d02875ed9c,cardiomegaly,off,0.1365290996008947,1.0,0.3140496604181813,0.4733565238549423,1.717154475319418
257,337,afa5f1d02875ed9c,cardiomegaly,on,0.1365290996008947,1.0,0.5961059337432401,0.746943151287536,1.3560943940634078
258,344,c8b8ed6ec32a0194,cardiomegaly,off,0.1129775009867988,1.0,0.3424776510533811,0.5040586442818729,0.7206521146369959
258,344,c8b8ed6ec32a0194,cardiomegaly,on,0.1129775009867988,1.0,0.5151191453380994,0.6799615270651584,1.1030036431892465
259,347,8fb7cd9284a2390b,cardiomegaly,off,0.1798069285460189,1.0,0.6874722087012167,0.8139465567397608,2.408311564674344
259,347,8fb7cd9284a2390b,cardiomegaly,on,0.1798069285460189,1.0,0.7176673952253865,0.8356289324393453,2.424741521255984
260,350,0eec7465b21851ca,cardiomegaly,off,0.1764250105989503,1.0,0.36095032267702,0.526470545105634,1.4374116000972876
260,350,0eec7465b21851ca,cardiomegaly,on,0.1764250105989503,1.0,0.4849603824417288,0.6531604146222513,0.9632114491216732
261,355,2d1043b3ab978914,cardiomegaly,off,0.1134258244034131,1.0,0.2395756083605572,0.3821159388463421,1.3591053123816623
261,355,2d1043b3ab978914,cardiomegaly,on,0.1134258244034131,1.0,0.5227771952520917,0.6866036366583075,1.1185210145174638
262,357,17b1583a7369977f,cardiomegaly,off,0.1741346627097252,1.0,0.5508687651630962,0.6981798674778897,2.314404784008309
262,357,17b1583a7369977f,cardiomegaly,on,0.1741346627097252,1.0,0.7343328421364808,0.846816066732669,2.7005299813240047
263,358,2481059373ed3b95,cardiomegaly,off,0.130949422296293,1.0,0.3267947545932624,0.4865293387074832,1.4129110321313254
263,358,2481059373ed3b95,cardiomegaly,on,0.130949422296293,1.0,0.5221416508332833,0.6860524387728482,1.110040861409737
264,362,1ae57b9c3f3c2647,cardiomegaly,off,0.1823701689497049,1.0,0.3514551827700763,0.5182154144027981,1.3813600595032762
264,362,1ae57b9c3f3c2647,cardiomegaly,on,0.1823701689497049,1.0,0.3867357412447923,0.5577588403662196,0.992355101674582
265,363,b2049f03ac1c3bf0,cardiomegaly,off,0.193003230852448,1.0,0.636085745761396,0.7758856530692335,2.1983355804909888
265,363,b2049f03ac1c3bf0,cardiomegaly,on,0.193003230852448,1.0,0.6783466882848639,0.8083499766939465,1.642986552283342
266,367,b23fb11991bb664d,cardiomegaly,off,0.1395893942273487,1.0,0.2725575962936334,0.4240628783651944,1.4744197571294708
266,367,b23fb11991bb664d,cardiomegaly,on,0.1395893942273487,1.0,0.494218561876003,0.6615022620682423,1.0474210461423177
267,371,fe977ddea6753ea5,cardiomegaly,off,0.0994303368760629,1.0,0.3583422142777578,0.5226228257199762,0.6210241972072597
267,371,fe977ddea6753ea5,cardiomegaly,on,0.0994303368760629,1.0,0.4588781393622861,0.6290832093973732,0.9877926269726104
268,374,3f426be3dbce8d45,cardiomegaly,off,0.1863417296512336,1.0,0.6165982103535264,0.7613244239804633,2.276392401099507
268,374,3f426be3dbce8d45,cardiomegaly,on,0.1863417296512336,1.0,0.6340582592653649,0.7760508917706681,2.022307284464868
269,394,e155acf502336722,cardiomegaly,off,0.1985244311896651,1.0,0.4117801488645945,0.5831758531296387,1.480370935235403
269,394,e155acf502336722,cardiomegaly,on,0.1985244311896651,1.0,0.4215451896515308,0.5930801174405668,0.9890396821463774
270,396,e1fd40062c7ab19a,cardiomegaly,off,0.183992904794624,1.0,0.4939201041216915,0.6572385968073975,1.838199009391968
270,396,e1fd40062c7ab19a,cardiomegaly,on,0.183992904794624,1.0,0.5739728107644259,0.7293293434402128,1.577958433802662
271,398,58833757dee99e23,cardiomegaly,off,0.2125540302813229,1.0,0.4698868160463975,0.6392855063987575,1.2900138658271376
271,398,58833757dee99e23,cardiomegaly,on,0.2125540302813229,1.0,0.464040804675564,0.6339174744951834,0.9000867050451541
272,401,bd494a54fa94017f,cardiomegaly,off,0.0996496255037547,1.0,0.1398352302490594,0.2432226383194552,0.3411079598556488
272,401,bd494a54fa94017f,cardiomegaly,on,0.0996496255037547,1.0,0.2416364784183156,0.389222507268303,0.4884470124658586
273,416,4e6f8212f10d165e,cardiomegaly,off,0.1584335969669946,1.0,0.266631113341908,0.4167137185858739,1.2049293658664988
273,416,4e6f8212f10d165e,cardiomegaly,on,0.1584335969669946,1.0,0.4770994427942038,0.6459910700347552,0.9702035817971054
274,418,8c69ef3783ae4d44,cardiomegaly,off,0.190191463337378,1.0,0.4798813604335908,0.636871834695089,1.954713093126989
274,418,8c69ef3783ae4d44,cardiomegaly,on,0.190191463337378,1.0,0.6360493219174005,0.7775380702699023,1.4487766778175684
275,423,87a3f87cfabe7f9c,cardiomegaly,off,0.1562699491737691,1.0,0.1652478699122551,0.2831230844137771,-0.0846854525993705
275,423,87a3f87cfabe7f9c,cardiomegaly,on,0.1562699491737691,1.0,0.184437545118003,0.3114345912120429,0.2660855117896659
276,428,c896dee4d23f27f9,cardiomegaly,off,0.150709764191629,1.0,0.2057065411351478,0.3385443920455481,1.0004631538233215
276,428,c896dee4d23f27f9,cardiomegaly,on,0.150709764191629,1.0,0.3818386961275857,0.5526493747626295,0.741864920642189
277,433,fb0f65c1d50aa8a3,cardiomegaly,off,0.2013118333016583,1.0,0.2810880258891917,0.4347306464542509,0.7351353121317509
277,433,fb0f65c1d50aa8a3,cardiomegaly,on,0.2013118333016583,1.0,0.3287651063897535,0.4948387956142007,0.5759785257619168
278,445,6b3b424c930e3c69,cardiomegaly,off,0.1199362601055509,1.0,0.1915668268158689,0.3182006374058791,0.9528671462582924
278,445,6b3b424c930e3c69,cardiomegaly,on,0.1199362601055509,1.0,0.4559673693809645,0.6263380489539885,0.93730945936149
279,451,859c80b4cc1b7d6b,cardiomegaly,off,0.1691202627565067,1.0,0.3195020427515637,0.4791147289412579,1.3355749162640878
279,451,859c80b4cc1b7d6b,cardiomegaly,on,0.1691202627565067,1.0,0.4793495619014107,0.6480456612969276,0.9626677703873828
280,453,f8586b048fcc9d50,cardiomegaly,off,0.1341217977769006,0.0,0.0196048142805819,0.0381403878389099,-0.4828909389220268
280,453,f8586b048fcc9d50,cardiomegaly,on,0.1341217977769006,0.0,0.0238562866701942,0.0466000379591019,-0.2500518553545069
281,478,35f23ba3e2874c45,cardiomegaly,off,0.1977544844524363,1.0,0.3192557455035521,0.4779862909824264,1.018184052298729
281,478,35f23ba3e2874c45,cardiomegaly,on,0.1977544844524363,1.0,0.429129425105725,0.6005418256319978,0.8401955110872168
282,480,d45acc110431b7cc,cardiomegaly,off,0.1848310746604681,1.0,0.3907350962551762,0.5599144858191558,1.3309710938645762
282,480,d45acc110431b7cc,cardiomegaly,on,0.1848310746604681,1.0,0.4516928269352568,0.6222952766613078,0.865522885380315
283,482,6f9d68ac1e5c1f30,cardiomegaly,off,0.1865463990370792,1.0,0.3051167838462329,0.4659759988165776,1.0450797415583877
283,482,6f9d68ac1e5c1f30,cardiomegaly,on,0.1865463990370792,1.0,0.3454896322780332,0.5135496709852772,0.6272731055653967
284,487,7bf705c20a586dc0,cardiomegaly,off,0.2060241022567236,1.0,0.3486802542925093,0.5161651980210591,1.3249740746718974
284,487,7bf705c20a586dc0,cardiomegaly,on,0.2060241022567236,1.0,0.3743840846405353,0.5448016892884853,0.862996726056273
285,494,3c1cf07a675d1898,cardiomegaly,off,0.1838515854567782,1.0,0.7028445245269838,0.8245791990160007,2.6572136600751093
285,494,3c1cf07a675d1898,cardiomegaly,on,0.1838515854567782,1.0,0.7079027725174726,0.8289685525192165,2.887753635106686
286,497,6391a90b95e3ec53,cardiomegaly,off,0.1628242426014453,1.0,0.3055523986004965,0.4650662474601793,1.291851255142029
286,497,6391a90b95e3ec53,cardiomegaly,on,0.1628242426014453,1.0,0.4307344548929464,0.6021113901655174,0.8463007105879505
287,504,baaade0d652588df,cardiomegaly,off,0.1922430302764498,1.0,0.5097294698719422,0.667601098081297,2.249242743532037
287,504,baaade0d652588df,cardiomegaly,on,0.1922430302764498,1.0,0.657064018265527,0.7930363254433352,1.4874429089964183
288,505,72d910c6519cd39e,cardiomegaly,off,0.1988655468327412,0.0,0.3526624009279478,0.5137357102980932,1.6724494252120732
288,505,72d910c6519cd39e,cardiomegaly,on,0.1988655468327412,0.0,0.4562643276885921,0.6266211687773445,1.3780163910322272
289,511,1a9419899edfacb1,cardiomegaly,off,0.1615280031577562,1.0,0.2104805531555397,0.3458318071109463,0.8504866967358943
289,511,1a9419899edfacb1,cardiomegaly,on,0.1615280031577562,1.0,0.3137849730645584,0.4776789432049653,0.602133098358944
290,517,b999b82f377b197d,cardiomegaly,off,0.122592089040929,1.0,0.2252091064558576,0.3647161841472729,1.1716397892462087
290,517,b999b82f377b197d,cardiomegaly,on,0.122592089040929,1.0,0.4493260356435976,0.6200438529020347,0.9182372927201398
291,519,966db46987810e93,cardiomegaly,off,0.1528051888562392,1.0,0.3119277357203958,0.4691365642690512,1.9355577186653163
291,519,966db46987810e93,cardiomegaly,on,0.1528051888562392,1.0,0.6218347967442969,0.7668287608045965,1.9828716716411527
292,529,dee75173b4711883,cardiomegaly,off,0.1015550000243654,1.0,0.1140625,0.2033561707608783,0.8039078406489738
292,529,dee75173b4711883,cardiomegaly,on,0.1015550000243654,1.0,0.3474246292516723,0.5156802578247534,0.7473432131698353
293,18,e9c6af6099408088,interstitial pattern,off,0.1683454429386625,1.0,0.176878147207415,0.2991788097701711,0.6607642747240222
293,18,e9c6af6099408088,interstitial pattern,on,0.1683454429386625,1.0,0.2279791088462808,0.3713075032301148,0.4557737669169089
294,46,a1d99527701d5849,interstitial pattern,off,0.2187574619046922,1.0,0.3372304828977787,0.4962453197950804,1.2211056728886205
294,46,a1d99527701d5849,interstitial pattern,on,0.2187574619046922,1.0,0.3542295097380245,0.523130938597279,0.6486102193805485
295,55,cf6f75b020455153,interstitial pattern,off,0.1600709520537598,1.0,0.0854285415771815,0.1562090390897344,0.9758872772785636
295,55,cf6f75b020455153,interstitial pattern,on,0.1600709520537598,1.0,0.1858754832193729,0.31347520112908,0.4987295266012511
296,66,b38f8a63b1025b6b,interstitial pattern,off,0.151455345525781,0.0,0.0077020387749698,0.0148328611898017,0.8337784030501768
296,66,b38f8a63b1025b6b,interstitial pattern,on,0.151455345525781,0.0,0.1913091859864611,0.3211588947023364,0.5743069927914831
297,73,90318a9405c3be4a,interstitial pattern,off,0.119702352236013,1.0,0.3761456704835076,0.5465426907554012,2.126071217214496
297,73,90318a9405c3be4a,interstitial pattern,on,0.119702352236013,1.0,0.3002648620683872,0.4618480292904608,2.324429973405116
298,94,90f3c92844fe7854,interstitial pattern,off,0.0624582742472308,0.0,0.0798672250058276,0.1466828834405636,-1.03760247828432
298,94,90f3c92844fe7854,interstitial pattern,on,0.0624582742472308,0.0,0.0,0.0,-0.3366220480527709
299,144,a32a449182cc66e6,interstitial pattern,off,0.1009214995443669,0.0,0.0095559273217576,0.0187445161925599,-0.5840465502814945
299,144,a32a449182cc66e6,interstitial pattern,on,0.1009214995443669,0.0,0.0331571827463264,0.0641850486075913,-0.051996749198864
300,169,d40002e75a46ce19,interstitial pattern,off,0.1746609554161854,0.0,0.1758807070546973,0.2991141718724026,0.9246280848601344
300,169,d40002e75a46ce19,interstitial pattern,on,0.1746609554161854,0.0,0.1791777934534849,0.3039029155780237,0.743834454844007
301,187,f9d1f5bfeb6e20bc,interstitial pattern,off,0.1600124750863753,1.0,0.2982287682585779,0.458114573090958,1.4999370869224666
301,187,f9d1f5bfeb6e20bc,interstitial pattern,on,0.1600124750863753,1.0,0.4405746811602318,0.6116642005907029,1.2352583236487755
302,210,d04d05023f7c74ed,interstitial pattern,off,0.1348917445141295,1.0,0.1894302090404195,0.3184517702221676,0.9179217711386224
302,210,d04d05023f7c74ed,interstitial pattern,on,0.1348917445141295,1.0,0.2269624351340703,0.3699572303866755,0.7111145495057237
303,229,211047ec8fa23fdb,interstitial pattern,off,0.1454955679331803,1.0,0.3805974550680657,0.5507492554567741,2.3674206668217104
303,229,211047ec8fa23fdb,interstitial pattern,on,0.1454955679331803,1.0,0.156200819271318,0.2701612416410807,2.613244574591005
304,230,6699fd266091dac8,interstitial pattern,off,0.1299601869313724,1.0,0.1319480494292039,0.232148661528826,0.7702151545314051
304,230,6699fd266091dac8,interstitial pattern,on,0.1299601869313724,1.0,0.2090680916391153,0.3458319527701233,0.370981316309481
305,262,422fd65f92b19406,interstitial pattern,off,0.1394675672119643,1.0,0.2031173705283891,0.3354764100947573,0.8296521581903132
305,262,422fd65f92b19406,interstitial pattern,on,0.1394675672119643,1.0,0.2970762676410248,0.4580661198966058,0.5801024798735022
306,277,d517c7f3330a223f,interstitial pattern,off,0.1342777363565925,1.0,0.264048535202407,0.4160413731122556,1.3627949772136123
306,277,d517c7f3330a223f,interstitial pattern,on,0.1342777363565925,1.0,0.3852674949415367,0.5562141664052316,0.9461619395577984
307,295,63d56094353813df,interstitial pattern,off,0.0969694311652997,1.0,0.1400482110638553,0.2450789881372285,0.2852932060202209
307,295,63d56094353813df,interstitial pattern,on,0.0969694311652997,1.0,0.1714006647304155,0.292641912705799,0.4207799242359385
308,310,c00225f5e8666d20,interstitial pattern,off,0.1881837541238444,1.0,0.3791433317623288,0.5390963303843976,2.059777887137004
308,310,c00225f5e8666d20,interstitial pattern,on,0.1881837541238444,1.0,0.6048307440712409,0.7537294219553091,1.3397534334903902
309,311,5461f5f492d355f9,interstitial pattern,off,0.1752749635737224,1.0,0.4824029666771581,0.6503631981508463,2.122721035119912
309,311,5461f5f492d355f9,interstitial pattern,on,0.1752749635737224,1.0,0.4965021655831975,0.6635490396826822,2.085126950323052
310,315,0449a885c64c1338,interstitial pattern,off,0.1199557524280124,1.0,0.0651686009051268,0.122143072068808,0.2230040907402147
310,315,0449a885c64c1338,interstitial pattern,on,0.1199557524280124,1.0,0.1017929603608801,0.1847765974008088,0.0305375044192463
311,329,e1193f1b5d09f86a,interstitial pattern,off,0.1334834242162868,1.0,0.1739512474364128,0.2951186648237183,0.8142631253366295
311,329,e1193f1b5d09f86a,interstitial pattern,on,0.1334834242162868,1.0,0.307712432548855,0.47060978836353,0.6335700728728592
312,389,bcdb44370d7eb1d4,interstitial pattern,off,0.1843242742764693,1.0,0.2408230271170868,0.381571636871275,0.9407073469571038
312,389,bcdb44370d7eb1d4,interstitial pattern,on,0.1843242742764693,1.0,0.2857773285190327,0.4445097998787707,0.6157791494507737
313,402,87dcc15c2f19b537,interstitial pattern,off,0.1215736151923161,0.0,0.0069239343975483,0.0136188096179304,0.1805161617305384
313,402,87dcc15c2f19b537,interstitial pattern,on,0.1215736151923161,0.0,0.0790897886105033,0.1465811019608954,0.1055724288789428
314,405,7fd9d691815896db,interstitial pattern,off,0.1715421838223469,1.0,0.2356609705557197,0.3802608265575969,0.8456443970192332
314,405,7fd9d691815896db,interstitial pattern,on,0.1715421838223469,1.0,0.286193384182004,0.4450224550625134,0.4770004754742731
315,429,9b6e215db52ea84a,interstitial pattern,off,0.0963554230077628,1.0,0.1021438258354763,0.1851748454839183,-0.7090428175165594
315,429,9b6e215db52ea84a,interstitial pattern,on,0.0963554230077628,1.0,0.0795256299909921,0.1473332213172076,0.0034520874934456
316,430,f0a56bcd504f6ff8,interstitial pattern,off,0.1668104225448201,0.0,0.14627783055223,0.2526370826947341,0.7813942019576239
316,430,f0a56bcd504f6ff8,interstitial pattern,on,0.1668104225448201,0.0,0.2931794122439946,0.4534135257685674,0.5205703897350629
317,441,b6d42511ef9b2567,interstitial pattern,off,0.1499105789707079,0.0,0.0437507475369832,0.0825658213078994,0.5193119518812378
317,441,b6d42511ef9b2567,interstitial pattern,on,0.1499105789707079,0.0,0.1227905055948259,0.218713320352273,0.1821526200436971
318,448,0c531bccfb44e11f,interstitial pattern,off,0.1247118791086161,0.0,0.0261216177546666,0.0507772600579879,-0.1651600771433863
318,448,0c531bccfb44e11f,interstitial pattern,on,0.1247118791086161,0.0,0.0498107451365107,0.0948944546529563,-0.1133910846995747
319,450,20664a317941438a,interstitial pattern,off,0.1359394568464346,0.0,0.0597905501316828,0.1103876984463516,-0.120913216762521
319,450,20664a317941438a,interstitial pattern,on,0.1359394568464346,0.0,0.0843645707260965,0.1555974625728486,-0.0221063912545511
320,474,ef925bdd7a9847b9,interstitial pattern,off,0.1691153896758914,1.0,0.3123236891349022,0.467215973417807,1.3103949268896782
320,474,ef925bdd7a9847b9,interstitial pattern,on,0.1691153896758914,1.0,0.4601406450369838,0.630264318989667,0.9253810779868288
321,475,ec7abfbf765e1690,interstitial pattern,off,0.1951717517262888,1.0,0.2146056609745865,0.3495710883524172,0.913173527678182
321,475,ec7abfbf765e1690,interstitial pattern,on,0.1951717517262888,1.0,0.3013183414612653,0.4630797407302881,0.5304936183341742
322,483,67bd3c74cf584ff0,interstitial pattern,off,0.129131763226759,0.0,0.0310075338238538,0.0601357226877496,-0.9522677112757556
322,483,67bd3c74cf584ff0,interstitial pattern,on,0.129131763226759,0.0,0.0354633844894436,0.0684975527736936,-0.1319430362144572
323,496,262c886227014d4e,interstitial pattern,off,0.1494622555540936,1.0,0.2890396241895264,0.4461702339970074,0.7999258142550816
323,496,262c886227014d4e,interstitial pattern,on,0.1494622555540936,1.0,0.3645227798337407,0.5342824547258603,0.712986004882705
324,506,598bd23a0f437d3c,interstitial pattern,off,0.1836761545546248,1.0,0.2910121414771372,0.4437409810733473,1.4344479073311651
324,506,598bd23a0f437d3c,interstitial pattern,on,0.1836761545546248,1.0,0.4571086110462971,0.6274082859962771,0.9334733468839158
325,507,fec6422c494e2973,interstitial pattern,off,0.181429664390938,1.0,0.2673975307870936,0.415089907803465,0.9601553292486515
325,507,fec6422c494e2973,interstitial pattern,on,0.181429664390938,1.0,0.3744264086411349,0.5448325131071877,0.7009101392343121
326,2,5ba6a17e672673ac,nodule,off,0.1869947224536935,0.0,0.0,0.0,0.5339348613203772
326,2,5ba6a17e672673ac,nodule,on,0.1869947224536935,0.0,0.0,0.0,-0.492718885959647
327,4,31cef6e4e32f976a,nodule,off,0.1597054710076068,0.0,0.0621683012933135,0.1166275629322987,2.5114863406641392
327,4,31cef6e4e32f976a,nodule,on,0.1597054710076068,0.0,0.0323782834933768,0.062725422823224,2.375916141078173
328,5,791df30f73b6bdce,nodule,off,0.1716542646765005,0.0,0.0,0.0,0.1645914572081969
328,5,791df30f73b6bdce,nodule,on,0.1716542646765005,0.0,0.0,0.0,-0.4674215770237768
329,16,c5382ff48d694b35,nodule,off,0.1260276108747667,0.0,5.35632984279172e-06,1.0712372790573112e-05,0.2398916222848668
329,16,c5382ff48d694b35,nodule,on,0.1260276108747667,0.0,0.0,0.0,-0.405346830540592
330,17,d4d6c8a665a118fd,nodule,off,0.1378009736415069,1.0,0.2612211274808375,0.4028788336986821,4.029153715111984
330,17,d4d6c8a665a118fd,nodule,on,0.1378009736415069,1.0,0.0775645441225592,0.1439613314575795,2.660692055067172
331,23,6a273e887e794c84,nodule,off,0.1976131651145904,0.0,0.0074778713924817,0.014599613076209,1.4517254906400432
331,23,6a273e887e794c84,nodule,on,0.1976131651145904,0.0,0.0267555211713124,0.0521163432636853,2.0913194077393635
332,26,2703456a007cdfd6,nodule,off,0.1920675993742964,0.0,0.0,0.0,-0.2910076152462759
332,26,2703456a007cdfd6,nodule,on,0.1920675993742964,0.0,0.0,0.0,-0.5026964104540612
333,30,15a9576ba2bd05d5,nodule,off,0.1913415103626059,0.0,0.1544068762514699,0.2598592412912688,0.9225073942232032
333,30,15a9576ba2bd05d5,nodule,on,0.1913415103626059,0.0,0.350622225853312,0.5191863237466945,0.6170623508518148
334,35,6f70f0b7f328ad04,nodule,off,0.1347455520956683,0.0,0.0,0.0,0.3424853899175966
334,35,6f70f0b7f328ad04,nodule,on,0.1347455520956683,0.0,0.0,0.0,-0.4206725423348251
335,40,46f6e4be988ee1fe,nodule,off,0.1564989839626916,0.0,0.0,0.0,0.5819911696664641
335,40,46f6e4be988ee1fe,nodule,on,0.1564989839626916,0.0,0.0,0.0,-0.4418556496787191
336,51,dd36e0c7c263a696,nodule,off,0.126685476757842,1.0,0.1462508241131598,0.2550881925119409,0.5865807081237102
336,51,dd36e0c7c263a696,nodule,on,0.126685476757842,1.0,0.1528361291206287,0.2651478623379473,0.5121473926066586
337,57,529ec6d31cd9f947,nodule,off,0.1868095453903094,1.0,0.1595334770951891,0.2741065091884941,1.7299353744766264
337,57,529ec6d31cd9f947,nodule,on,0.1868095453903094,1.0,0.1227218538768445,0.2186134984012321,1.6070639617924392
338,58,e4874abd256cb5f3,nodule,off,0.1639694165460579,0.0,0.0,0.0,0.6214192276671519
338,58,e4874abd256cb5f3,nodule,on,0.1639694165460579,0.0,0.0009243894093355,0.0018470360203827,-0.2092444744733099
339,67,136ada2e2567ad2d,nodule,off,0.1295995789658348,0.0,0.011446539183399,0.0217534389862589,0.8155509669656675
339,67,136ada2e2567ad2d,nodule,on,0.1295995789658348,0.0,0.0982068088631728,0.1788349441460595,0.4621142862784995
340,71,627d7e9da9da4248,nodule,off,0.1231622394729276,1.0,0.2667690013221935,0.420181508165418,0.9207835264825688
340,71,627d7e9da9da4248,nodule,on,0.1231622394729276,1.0,0.3285531454941637,0.494600868353216,0.7123529856787474
341,81,12921884d73c94c5,nodule,off,0.1078315278569653,0.0,0.0,0.0,0.2897870068494809
341,81,12921884d73c94c5,nodule,on,0.1078315278569653,0.0,0.0,0.0,-0.3709062143360746
342,95,c69c8f6cd26e7283,nodule,off,0.1698268594457358,0.0,0.034593814879006,0.0668627553379561,0.9295180179091492
342,95,c69c8f6cd26e7283,nodule,on,0.1698268594457358,0.0,0.0305163425064283,0.0592250688263285,0.5971535338207041
343,96,3c565fb2a9b98cd8,nodule,off,0.1449302905817971,0.0,0.0106658434129175,0.0208059488614605,0.7391122188074795
343,96,3c565fb2a9b98cd8,nodule,on,0.1449302905817971,0.0,0.0376646263638456,0.0725945576483113,0.4746163281785313
344,99,de8bae8c48874a29,nodule,off,0.1025539815505167,0.0,0.1311112970013062,0.2298141913403866,4.863395038497467
344,99,de8bae8c48874a29,nodule,on,0.1025539815505167,0.0,0.0419254963024472,0.0804751134350917,3.1416336208062288
345,100,4b5257cd5e0a6456,nodule,off,0.1609919642900652,0.0,0.021127059039625,0.0407442021571706,1.295012059109018
345,100,4b5257cd5e0a6456,nodule,on,0.1609919642900652,0.0,0.0458360326980976,0.0876543194867062,1.2848135704762589
346,101,62b654fbb6e1bf36,nodule,off,0.180435555945402,0.0,0.0246127311224071,0.048025745027936,1.6054328796601358
346,101,62b654fbb6e1bf36,nodule,on,0.180435555945402,0.0,0.0246188276820775,0.048054464326245,2.201928481755932
347,102,1e9da71c70d41927,nodule,off,0.1536433587220833,0.0,0.0613095423194299,0.1142631414637302,2.890527208887857
347,102,1e9da71c70d41927,nodule,on,0.1536433587220833,0.0,0.0378795533940425,0.0729933096265919,2.470337062960162
348,109,beec2434ff624b6b,nodule,off,0.1736668469706494,1.0,0.4109988427681126,0.5813402432219055,2.1843590999568163
348,109,beec2434ff624b6b,nodule,on,0.1736668469706494,1.0,0.3031665281248586,0.4652683633876697,2.2630084472423544
349,110,53bf9055496e7700,nodule,off,0.1372162039676622,0.0,0.0,0.0,-0.4991097573579118
349,110,53bf9055496e7700,nodule,on,0.1372162039676622,0.0,0.0,0.0,-0.414120624235454
350,119,4b8172a7de453a27,nodule,off,0.1616059724476022,0.0,0.0,0.0,-0.4804592462281341
350,119,4b8172a7de453a27,nodule,on,0.1616059724476022,0.0,0.0,0.0,-0.4568279055490202
351,122,388ba4ddcba88c63,nodule,off,0.1222802118815451,0.0,0.1611853528718488,0.2761463900877413,1.959460072207499
351,122,388ba4ddcba88c63,nodule,on,0.1222802118815451,0.0,0.1685897396719353,0.2885316711975495,2.503068853136861
352,135,fcbe7d0e9937ca08,nodule,off,0.150880322013167,0.0,0.0014606101413994,0.0029000411353352,1.139765988754636
352,135,fcbe7d0e9937ca08,nodule,on,0.150880322013167,0.0,0.0277878324845168,0.0540726360358466,1.2299601367431674
353,152,62eb41a49c59044c,nodule,off,0.1576392848266888,0.0,0.0306698081213598,0.0594637255202377,2.5581823182884333
353,152,62eb41a49c59044c,nodule,on,0.1576392848266888,0.0,0.0120122671236395,0.0237393159316872,2.3860097545522803
354,160,9f3085bc1714fbfc,nodule,off,0.0972618160022221,0.0,0.1280414652660864,0.2267058033113251,0.1211482497371119
354,160,9f3085bc1714fbfc,nodule,on,0.0972618160022221,0.0,0.0379156157013352,0.0729913365960404,-0.0340808896323459
355,179,af8b609a0d8420b6,nodule,off,0.1819510840167829,0.0,6.265860459287572e-06,1.2531328320802006e-05,0.6778457385416554
355,179,af8b609a0d8420b6,nodule,on,0.1819510840167829,0.0,0.0012891014095835,0.0025748357233189,-0.0799028178100729
356,181,46d32bdb4e0bfc6d,nodule,off,0.1778966809447928,0.0,0.0,0.0,0.5733606035190061
356,181,46d32bdb4e0bfc6d,nodule,on,0.1778966809447928,0.0,0.0114474772666234,0.0226269869364334,-0.0958513424987838
357,188,178af366c915dc33,nodule,off,0.1502419484525532,0.0,0.0,0.0,-0.7172211776871394
357,188,178af366c915dc33,nodule,on,0.1502419484525532,0.0,0.0,0.0,-0.4329448426821726
358,194,1547ed2ca0dc7cf8,nodule,off,0.176434756760181,1.0,0.1911564004411721,0.312010650190443,3.1459174994166363
358,194,1547ed2ca0dc7cf8,nodule,on,0.176434756760181,1.0,0.0774591646877603,0.1437799995448529,2.297147776886579
359,202,311cae76649c299c,nodule,off,0.1775506922211014,0.0,0.0,0.0,-0.3391076606160492
359,202,311cae76649c299c,nodule,on,0.1775506922211014,0.0,0.0,0.0,-0.4746041413698814
360,203,7b3442fcfa554b56,nodule,off,0.1286103436009142,0.0,0.0230604354535368,0.0435853055070355,-0.1939335841204906
360,203,7b3442fcfa554b56,nodule,on,0.1286103436009142,0.0,4.892846658185733e-06,9.785453922743842e-06,-0.3550245384949125
361,208,fa45a0c99089f06d,nodule,off,0.0980853666262201,1.0,0.556049441649471,0.7128054445801068,3.5538254441102977
361,208,fa45a0c99089f06d,nodule,on,0.0980853666262201,1.0,0.321034010020012,0.4860254905477784,3.749581745866175
362,212,4a2cc7f50a322c9b,nodule,off,0.1095907099591148,1.0,0.253901843229118,0.4001736249195782,4.643019596257838
362,212,4a2cc7f50a322c9b,nodule,on,0.1095907099591148,1.0,0.0856895967852145,0.1578515277410355,3.036865570729045
363,225,f6618661e9c11ab9,nodule,off,0.157000911266075,0.0,0.0,0.0,0.2316910132051803
363,225,f6618661e9c11ab9,nodule,on,0.157000911266075,0.0,0.0001489583317475,0.0002978215710141,-0.3198599101640809
364,226,dc3b1a2842b5bde9,nodule,off,0.1761569911651048,0.0,0.0259279638670581,0.0503978439734065,2.3279374012363747
364,226,dc3b1a2842b5bde9,nodule,on,0.1761569911651048,0.0,0.0129774924669705,0.0256224382820522,2.2177626229272263
365,231,e6a6edb9671f4997,nodule,off,0.1332348971049028,0.0,0.0329152521797572,0.0631922863226136,1.5574416969440164
365,231,e6a6edb9671f4997,nodule,on,0.1332348971049028,0.0,0.0673321424990972,0.1261689250160838,2.1447507674320403
366,237,1a56067563f9d98b,nodule,off,0.1783937351675608,0.0,0.1428550842114257,0.2464979912212339,1.0575996184273246
366,237,1a56067563f9d98b,nodule,on,0.1783937351675608,0.0,0.1741307435420063,0.2966119221489773,0.7485317852450702
367,243,7fd1d6abc4eb09b7,nodule,off,0.1464019609276396,0.0,0.000253774076002,0.0005069049553208,0.5882011212929341
367,243,7fd1d6abc4eb09b7,nodule,on,0.1464019609276396,0.0,0.0009366299376178,0.001871472259025,-0.1438004293488182
368,244,10dd1cccf6713426,nodule,off,0.168286965971278,0.0,0.09815858074309,0.1787088214363542,0.7154717015312929
368,244,10dd1cccf6713426,nodule,on,0.168286965971278,0.0,0.0977313116884354,0.1780603476719532,0.5696982507572412
369,245,a4ca156bdc6f1e50,nodule,off,0.1756160792167984,0.0,0.0,0.0,-0.1309819315580297
369,245,a4ca156bdc6f1e50,nodule,on,0.1756160792167984,0.0,0.0,0.0,-0.4754821241411836
370,278,e49b9f94ea41c15c,nodule,off,0.148185508432866,0.0,0.053268666665886,0.1004863261590926,2.8789577020561925
370,278,e49b9f94ea41c15c,nodule,on,0.148185508432866,0.0,0.0388916720755587,0.0748708242156569,2.513808746390312
371,287,a434b5c1c1c293b7,nodule,off,0.1739153740820334,0.0,0.0421474636411643,0.0796173700739774,1.7350716729102678
371,287,a434b5c1c1c293b7,nodule,on,0.1739153740820334,0.0,0.062635217038034,0.1178860500932566,2.288077107899643
372,299,f9333b96ded07222,nodule,off,0.1752603443318763,0.0,0.0,0.0,-0.1126913471767533
372,299,f9333b96ded07222,nodule,on,0.1752603443318763,0.0,0.0,0.0,-0.4827478966724928
373,300,cb476906290891fc,nodule,off,0.1607678025817581,0.0,0.0064359158823259,0.0127138495443327,0.7449102011021119
373,300,cb476906290891fc,nodule,on,0.1607678025817581,0.0,0.0172979636249531,0.0340076421898978,0.3853622166813644
374,304,454c77ff1a863eb0,nodule,off,0.1499982944217846,1.0,0.1871982585910558,0.3118269931041185,2.485274726642545
374,304,454c77ff1a863eb0,nodule,on,0.1499982944217846,1.0,0.1439925375798226,0.2517311720074502,2.6288617028711725
375,317,79b3a198942ba36e,nodule,off,0.1346724558864377,0.0,0.0,0.0,0.2025869709003032
375,317,79b3a198942ba36e,nodule,on,0.1346724558864377,0.0,0.0,0.0,-0.4148113663091686
376,332,4616b3605893256b,nodule,off,0.1649245403466709,0.0,0.2087805843225477,0.3402474055064895,1.5798539499806674
376,332,4616b3605893256b,nodule,on,0.1649245403466709,0.0,0.2626068814843497,0.4159670929818942,1.9021905185860737
377,341,4760706a91f4d806,nodule,off,0.1474496732599447,0.0,0.0,0.0,0.1722421537964366
377,341,4760706a91f4d806,nodule,on,0.1474496732599447,0.0,0.0,0.0,-0.4277646772437717
378,345,5c7d19c41a7a931a,nodule,off,0.1324649503676739,1.0,0.4053767992427673,0.5728743111072803,1.7489410910550578
378,345,5c7d19c41a7a931a,nodule,on,0.1324649503676739,1.0,0.5586829089261616,0.7168652596752422,1.5154310677043106
379,353,baba146980179c15,nodule,off,0.1547787865054651,0.0,0.090317746885985,0.1620314277382225,2.8433987341274203
379,353,baba146980179c15,nodule,on,0.1547787865054651,0.0,0.0428079536429001,0.0820993338760409,2.4917806199635257
380,354,1ba64d275eacfef0,nodule,off,0.1188739285313996,0.0,0.0978272943906491,0.1775195552847032,2.872714893620116
380,354,1ba64d275eacfef0,nodule,on,0.1188739285313996,0.0,0.0484358831352133,0.0923959419457203,2.847179495443293
381,369,bcc6697081a43ebb,nodule,off,0.1676680847331257,0.0,0.0268293527143248,0.0522317302953089,1.5522723658088613
381,369,bcc6697081a43ebb,nodule,on,0.1676680847331257,0.0,0.028050524447014,0.0545702672970095,2.1866433425619136
382,375,2fe0944b4d020733,nodule,off,0.1451300868870273,0.0,0.1479383747546992,0.2576575687310767,1.2091947025853829
382,375,2fe0944b4d020733,nodule,on,0.1451300868870273,0.0,0.1449873979513148,0.2532557507401002,0.9706768079910356
383,385,903704ca004bf410,nodule,off,0.1540283320906977,0.0,0.0120621145265384,0.0237823144880241,0.9351851047300714
383,385,903704ca004bf410,nodule,on,0.1540283320906977,0.0,0.0136931429842671,0.0270163225582449,0.5335217785791375
384,392,cdd145559ca14b6a,nodule,off,0.1812737258112461,0.0,4.779860852939615e-05,9.557437544800488e-05,0.6387705205305418
384,392,cdd145559ca14b6a,nodule,on,0.1812737258112461,0.0,0.0001187224214148,0.0002374050321631,-0.3605938233436765
385,406,4ac5bdc88a2f8372,nodule,off,0.1479516005633281,1.0,0.2534997595468947,0.4001138068686704,1.2625890901877788
385,406,4ac5bdc88a2f8372,nodule,on,0.1479516005633281,1.0,0.4878857715266289,0.6558065791720387,1.029344019749208
386,409,29b9cb23329cf7cd,nodule,off,0.1034457553031299,0.0,0.0,0.0,-0.187661107340173
386,409,29b9cb23329cf7cd,nodule,on,0.1034457553031299,0.0,0.0,0.0,-0.3592178885685101
387,419,47f29da1a3e01ce1,nodule,off,0.1790223625669439,0.0,0.1482410602152521,0.2577861745040342,1.9230272584749464
387,419,47f29da1a3e01ce1,nodule,on,0.1790223625669439,0.0,0.1257073318361342,0.2233369127097957,2.2987087837238227
388,427,cc9b83b25564404d,nodule,off,0.1394090902445799,0.0,0.0937925200059252,0.1711887004053655,2.115028081040752
388,427,cc9b83b25564404d,nodule,on,0.1394090902445799,0.0,0.0696375171786349,0.1302058250549437,2.64616485965218
389,434,b49f828065841b72,nodule,off,0.1148097792981789,1.0,0.4227695607141541,0.5933446955822408,2.1538346821854626
389,434,b49f828065841b72,nodule,on,0.1148097792981789,1.0,0.4401849702512548,0.6112873174970979,2.5464806868439984
390,439,4b0c1be6f2fa0ae1,nodule,off,0.1072613774249667,1.0,0.5686282957449205,0.7163236866550182,3.1641764405556443
390,439,4b0c1be6f2fa0ae1,nodule,on,0.1072613774249667,1.0,0.5398396759082376,0.7011489567291989,4.178933035980553
391,440,6a7040fd2005b413,nodule,off,0.1220463040120072,0.0,0.0,0.0,-1.7485459630497404
391,440,6a7040fd2005b413,nodule,on,0.1220463040120072,0.0,0.0,0.0,-0.4010355330593833
392,455,80701ea912c38968,nodule,off,0.1703482790715806,0.0,0.0689786229727907,0.1275765957163183,3.2540506360157524
392,455,80701ea912c38968,nodule,on,0.1703482790715806,0.0,0.017766154088495,0.0349118468378304,2.3011244772021007
393,470,7a85d34d4d0f8e20,nodule,off,0.180893625523247,0.0,0.0,0.0,0.0213131440822364
393,470,7a85d34d4d0f8e20,nodule,on,0.180893625523247,0.0,0.0,0.0,-0.4921762355550013
394,472,ab41a0f8182d4bc1,nodule,off,0.1858787869927732,0.0,0.0272909687465,0.0530838254975572,1.3674046655885777
394,472,ab41a0f8182d4bc1,nodule,on,0.1858787869927732,0.0,0.0289873962256078,0.0563413223933341,1.418522004373287
395,477,d5c1d9f7a116dfae,nodule,off,0.1888270007650736,0.0,0.0027077725155708,0.0053728976165964,0.4895314579283802
395,477,d5c1d9f7a116dfae,nodule,on,0.1888270007650736,0.0,0.0,0.0,-0.4561583029329347
396,488,08e40ded6a91cb4d,nodule,off,0.174734051625416,0.0,0.0639874233230032,0.1201283240019564,0.4536134413623961
396,488,08e40ded6a91cb4d,nodule,on,0.174734051625416,0.0,0.0417409212246691,0.0801366124317059,0.2803840159295375
397,499,792effd3029389fb,nodule,off,0.1057848339985088,1.0,0.4787914401057243,0.6378567245493404,5.000190809783137
397,499,792effd3029389fb,nodule,on,0.1057848339985088,1.0,0.1521753888702341,0.2641497354827856,3.2176931978960943
398,501,c353462c47a4a7ba,nodule,off,0.1944115511502906,0.0,0.0190600462774542,0.0373301306697388,0.4566770072691243
398,501,c353462c47a4a7ba,nodule,on,0.1944115511502906,0.0,0.026498958179089,0.0516296364518398,0.0440731403749784
399,521,84c18c7af86041aa,nodule,off,0.1493014438937863,0.0,0.0003011141222523,0.0006013229104028,0.4971184799196367
399,521,84c18c7af86041aa,nodule,on,0.1493014438937863,0.0,0.0024086183034528,0.0048055571444001,-0.1957584886677026
400,528,36f0ee298e099997,nodule,off,0.1350379369325906,0.0,0.0,0.0,-0.3638479510669177
400,528,36f0ee298e099997,nodule,on,0.1350379369325906,0.0,0.0,0.0,-0.4040306339424603
401,13,33b179d6a89a32f1,pleural effusion,off,0.1547105633768499,0.0,0.1116378336724264,0.2005171583296373,0.3477485808984665
401,13,33b179d6a89a32f1,pleural effusion,on,0.1547105633768499,0.0,0.1471472820337282,0.256544190459388,0.2256000760145996
402,21,3cf6ce745b74e09f,pleural effusion,off,0.1724144652524986,1.0,0.1622317970761067,0.2777082561482901,0.5394820969890887
402,21,3cf6ce745b74e09f,pleural effusion,on,0.1724144652524986,1.0,0.2282924434206454,0.371721155389027,0.3424860616134823
403,34,69ee306d0de8bd2d,pleural effusion,off,0.1698755902518895,0.0,0.0537541361219375,0.1013610474945158,0.5382618888856372
403,34,69ee306d0de8bd2d,pleural effusion,on,0.1698755902518895,0.0,0.0941682104556131,0.172126539224793,0.2864872737415563
404,43,e3f6aeb0d6419151,pleural effusion,off,0.0934608131222314,0.0,0.0,0.0,-0.49608333679458
404,43,e3f6aeb0d6419151,pleural effusion,on,0.0934608131222314,0.0,0.0,0.0,-0.3590808809373811
405,44,01f421ac2c8b7f23,pleural effusion,off,0.112548669892646,1.0,0.2105035846007773,0.3474530119171281,1.6100974987571266
405,44,01f421ac2c8b7f23,pleural effusion,on,0.112548669892646,1.0,0.2473944660207377,0.3966579135751734,1.815844672362336
406,47,46b5f3f2fe8fa92d,pleural effusion,off,0.1449010520981048,0.0,0.0080100365037274,0.0157702293667438,0.8873946492887843
406,47,46b5f3f2fe8fa92d,pleural effusion,on,0.1449010520981048,0.0,0.028724025627733,0.0558434271045472,0.533489376628817
407,49,c637f6b6fbc52aa6,pleural effusion,off,0.1052293028083563,1.0,0.4427590162287502,0.6126113827415922,2.363465144760611
407,49,c637f6b6fbc52aa6,pleural effusion,on,0.1052293028083563,1.0,0.3962848055729057,0.5675537543202871,3.213210555690131
408,52,ed2c6c44cda73bc0,pleural effusion,off,0.0879639781880911,0.0,0.0,0.0,-0.3010874295343369
408,52,ed2c6c44cda73bc0,pleural effusion,on,0.0879639781880911,0.0,0.0,0.0,-0.3193437731661499
409,64,c0bc1579b347c146,pleural effusion,off,0.1587308548845323,0.0,0.0276158204682832,0.0536086270467219,0.8013818287135712
409,64,c0bc1579b347c146,pleural effusion,on,0.1587308548845323,0.0,0.0462815580091135,0.0884685072595517,0.4541123859160104
410,65,b54f6faaa57c06df,pleural effusion,off,0.1161644957092525,0.0,0.1794093955245295,0.3041373537920238,2.091368214058246
410,65,b54f6faaa57c06df,pleural effusion,on,0.1161644957092525,0.0,0.1528289958237184,0.265135153041793,2.994719844935002
411,69,066ed6260c2c0c26,pleural effusion,off,0.1153165796821776,0.0,0.2087779936340966,0.3452152266570877,1.967205123401855
411,69,066ed6260c2c0c26,pleural effusion,on,0.1153165796821776,0.0,0.1884785701400078,0.3171748576367023,2.413655130549477
412,74,d931503c9db08a1a,pleural effusion,off,0.1849918863207754,0.0,0.0637315035184531,0.1195935007906873,1.5040124815158802
412,74,d931503c9db08a1a,pleural effusion,on,0.1849918863207754,0.0,0.0532510102609071,0.1011170808407249,1.2317447810535909
413,75,a044fc0e6f3f828e,pleural effusion,off,0.1334541857325945,1.0,0.2017250725653061,0.3336969978237675,0.5248931898078534
413,75,a044fc0e6f3f828e,pleural effusion,on,0.1334541857325945,1.0,0.2542826447098272,0.4054605222838611,0.4915665450828336
414,77,242ca5c078093efe,pleural effusion,off,0.2200342090259199,1.0,0.1806898155793911,0.3060506893036336,0.4065042613835989
414,77,242ca5c078093efe,pleural effusion,on,0.2200342090259199,1.0,0.1747610055010978,0.2975258309685098,0.3070864560370753
415,82,1eb9d327943618ba,pleural effusion,off,0.1927985614666023,0.0,0.2862829503515028,0.4420832167532846,0.422277412100794
415,82,1eb9d327943618ba,pleural effusion,on,0.1927985614666023,0.0,0.1737133132786361,0.2959815050339204,0.1753946370966206
416,84,566c7b943e935e9b,pleural effusion,off,0.1856253868007738,0.0,0.2220511380594121,0.3583940634238953,0.9909444923071816
416,84,566c7b943e935e9b,pleural effusion,on,0.1856253868007738,0.0,0.2901446150167335,0.4497761933440601,0.5698521741495212
417,104,8b726f2a1de4c3eb,pleural effusion,off,0.1517136187983958,1.0,0.3520315534446728,0.5203800120053621,2.01289814725166
417,104,8b726f2a1de4c3eb,pleural effusion,on,0.1517136187983958,1.0,0.2348297079220844,0.3803357579459365,2.0131640540679285
418,106,21a6d0636b3a01d4,pleural effusion,off,0.1292194786778357,0.0,0.1574475275553859,0.2711117933901195,0.7601270265920969
418,106,21a6d0636b3a01d4,pleural effusion,on,0.1292194786778357,0.0,0.2429865995498806,0.3909701858534732,0.5221378246915025
419,117,61fa68c77304b149,pleural effusion,off,0.1243366519012324,0.0,0.0896947807886463,0.1639402191625031,1.6374009959047786
419,117,61fa68c77304b149,pleural effusion,on,0.1243366519012324,0.0,0.1350049161934184,0.2378926687382817,1.9121715736976623
420,118,c79c49fa0c554cf5,pleural effusion,off,0.1058091994015857,0.0,0.1109385986721887,0.1991947517978098,1.818529052888029
420,118,c79c49fa0c554cf5,pleural effusion,on,0.1058091994015857,0.0,0.1491127254893913,0.2595257604355457,2.4113043041704088
421,120,63e108cb88ff486f,pleural effusion,off,0.1625172385226768,0.0,0.0703245011749612,0.1310290203477668,1.0851250190199615
421,120,63e108cb88ff486f,pleural effusion,on,0.1625172385226768,0.0,0.0769232510642817,0.1428574315182522,0.7907432566349505
422,121,b938250b4ece76c7,pleural effusion,off,0.1300089177375261,1.0,0.2839772616550598,0.4414330390902083,1.1506466260658623
422,121,b938250b4ece76c7,pleural effusion,on,0.1300089177375261,1.0,0.3596546639512055,0.5290380045030378,0.8978565312401783
423,125,e5935687805a3671,pleural effusion,off,0.1881788810432291,0.0,0.1140447546370405,0.2044394799646469,0.9846895928669356
423,125,e5935687805a3671,pleural effusion,on,0.1881788810432291,0.0,0.1256643703136164,0.2232712084382588,0.654609432209073
424,129,d4a6c3cdf04fa92c,pleural effusion,off,0.1623954115072925,1.0,0.1707831908490264,0.2913025142534128,0.3447770160526588
424,129,d4a6c3cdf04fa92c,pleural effusion,on,0.1623954115072925,1.0,0.2132383006370436,0.3515187414707317,0.2946322507878167
425,138,06efafe7ba8a9f72,pleural effusion,off,0.1191565672070913,1.0,0.3673365673365673,0.5298810894564127,1.760925477325313
425,138,06efafe7ba8a9f72,pleural effusion,on,0.1191565672070913,1.0,0.5018029756041538,0.6682654583167764,1.667062912647669
426,140,ae9dbadf1fd84520,pleural effusion,off,0.1786422622789449,0.0,0.042491893396936,0.0774982476983575,0.948236377779026
426,140,ae9dbadf1fd84520,pleural effusion,on,0.1786422622789449,0.0,0.1894620176048432,0.318565077498674,0.6164458958873049
427,150,a043d03d2cd28921,pleural effusion,off,0.1874479189509232,0.0,0.0045736379996331,0.0090508868347795,-0.300946230344967
427,150,a043d03d2cd28921,pleural effusion,on,0.1874479189509232,0.0,0.0,0.0,-0.5004202329171583
428,151,2a0cd17299cb83b4,pleural effusion,off,0.1422695885658036,1.0,0.4191547401793924,0.5891189160429388,2.0608527850273406
428,151,2a0cd17299cb83b4,pleural effusion,on,0.1422695885658036,1.0,0.3881332339853492,0.5592095934496667,2.159130618871582
429,156,3a384669c19c2dfb,pleural effusion,off,0.152239911504856,0.0,0.0605782217309318,0.11362444659272,0.1468326828858321
429,156,3a384669c19c2dfb,pleural effusion,on,0.152239911504856,0.0,0.1102996485414461,0.1986836915316518,0.1346894767682135
430,164,2ca3b8f5c4485ed5,pleural effusion,off,0.1587503472069938,1.0,0.1930505178554847,0.3232641051561871,1.4001362918840086
430,164,2ca3b8f5c4485ed5,pleural effusion,on,0.1587503472069938,1.0,0.1688799593836409,0.2889565064755721,1.2261929311857394
431,173,f7eb8b41524d2051,pleural effusion,off,0.1281961317486075,1.0,0.3283776868190335,0.4919455699931352,1.8409482872158869
431,173,f7eb8b41524d2051,pleural effusion,on,0.1281961317486075,1.0,0.4008942106134214,0.5723394205489123,1.812517859820216
432,174,f1cb59f606d0cbc1,pleural effusion,off,0.1272410079479944,0.0,0.0086470674912153,0.016918948185495,0.0534344659801151
432,174,f1cb59f606d0cbc1,pleural effusion,on,0.1272410079479944,0.0,0.0441317778559717,0.0845307882488874,-0.0347482743290097
433,183,b0001c5493fecdb9,pleural effusion,off,0.1129238971000297,1.0,0.3298664628198453,0.4936666688801486,1.2621681624361685
433,183,b0001c5493fecdb9,pleural effusion,on,0.1129238971000297,1.0,0.4222096564414317,0.5937349745562718,1.1300722020866047
434,184,36daff27d00b22df,pleural effusion,off,0.1209790993572406,1.0,0.2043029643073241,0.3390102522992114,2.0853915829183163
434,184,36daff27d00b22df,pleural effusion,on,0.1209790993572406,1.0,0.1770555065650985,0.3008425872801953,2.641931313204166
435,191,cf9720eb47d12024,pleural effusion,off,0.1168223615923278,0.0,0.1040274741719767,0.1877622034949919,1.2144695243614714
435,191,cf9720eb47d12024,pleural effusion,on,0.1168223615923278,0.0,0.1563063073465037,0.2703533915051054,1.126550742602994
436,201,f5361e372d0ecacb,pleural effusion,off,0.1403934525288852,1.0,0.1330239289609867,0.2340786146885888,0.4575309959049677
436,201,f5361e372d0ecacb,pleural effusion,on,0.1403934525288852,1.0,0.1793841401283186,0.3041988813520376,0.2861024363614596
437,213,d5f1991994ffa543,pleural effusion,off,0.167580369282049,0.0,0.0551732955749113,0.1041190755602322,0.8162353007614555
437,213,d5f1991994ffa543,pleural effusion,on,0.167580369282049,0.0,0.0751665555949969,0.1398223840772033,0.4715572342436505
438,215,ab272e3e0f1c8bfc,pleural effusion,off,0.1939534815724456,0.0,0.0412689281923617,0.0792074584477051,-0.0391996703955276
438,215,ab272e3e0f1c8bfc,pleural effusion,on,0.1939534815724456,0.0,0.03497922664827,0.0675937600601241,-0.1124414286635599
439,217,d499df8f16b53c58,pleural effusion,off,0.112051615669878,1.0,0.3890581754205324,0.5590695529741693,3.6731454067100606
439,217,d499df8f16b53c58,pleural effusion,on,0.112051615669878,1.0,0.1191621251046042,0.2129433404175789,3.087383008248
440,218,72f351da77e93850,pleural effusion,off,0.1284446588599915,1.0,0.3920161675088224,0.560469167789387,2.16817271221735
440,218,72f351da77e93850,pleural effusion,on,0.1284446588599915,1.0,0.4801331762462617,0.6487656348053985,2.4347075813539725
441,219,b7474324e13b9f32,pleural effusion,off,0.1097222831357299,1.0,0.2854829482063066,0.4436509335206649,1.9085484968815176
441,219,b7474324e13b9f32,pleural effusion,on,0.1097222831357299,1.0,0.2874650870772085,0.4465489032661001,2.3672427477888864
442,224,3b50628e2520b822,pleural effusion,off,0.1705724407798878,1.0,0.2628803931288006,0.4107801012014594,1.3857680723650487
442,224,3b50628e2520b822,pleural effusion,on,0.1705724407798878,1.0,0.3646074142032964,0.534375586413166,1.174412678342203
443,227,6a5adc67bfa17890,pleural effusion,off,0.1679458503282019,0.0,0.0281475139825457,0.0542816884872831,1.1501900986101068
443,227,6a5adc67bfa17890,pleural effusion,on,0.1679458503282019,0.0,0.0437188123522269,0.0837750753805676,0.8392552424166744
444,234,100c1a9328dd1f51,pleural effusion,off,0.1035968208022065,0.0,0.1064311469454091,0.192383489084639,2.2736538901455554
444,234,100c1a9328dd1f51,pleural effusion,on,0.1035968208022065,0.0,0.0751514299676099,0.1397959290457485,3.1130085977721813
445,239,f1c6e7f21fa3a466,pleural effusion,off,0.1147805408144867,0.0,0.0334212341772333,0.0638431443498566,1.108117137945103
445,239,f1c6e7f21fa3a466,pleural effusion,on,0.1147805408144867,0.0,0.1066575754717018,0.1927562224967123,0.9270847952915138
446,260,99bfa90d3dae1e59,pleural effusion,off,0.2087140427564093,0.0,0.1979046943791982,0.3303521933960127,0.98189751872082
446,260,99bfa90d3dae1e59,pleural effusion,on,0.2087140427564093,0.0,0.2055680099852598,0.3410307773370447,0.570501736841248
447,264,6a4dc10a30094a14,pleural effusion,off,0.1657675832931304,1.0,0.1358689723200158,0.2364450769444273,0.6136740169929723
447,264,6a4dc10a30094a14,pleural effusion,on,0.1657675832931304,1.0,0.2561458577045966,0.4078255922328663,0.4283392248700388
448,265,861a33bee0885f1c,pleural effusion,off,0.1132845050655673,1.0,0.4023909582639501,0.5689039372172606,2.038081295801934
448,265,861a33bee0885f1c,pleural effusion,on,0.1132845050655673,1.0,0.6037675283376942,0.7529265256722997,2.43806537834568
449,270,f5a62f43c6502a22,pleural effusion,off,0.1534971663036221,1.0,0.4043233866821195,0.5748968349680399,1.3563656660031336
449,270,f5a62f43c6502a22,pleural effusion,on,0.1534971663036221,1.0,0.3629010137692354,0.5325399604921843,1.098133160579276
450,272,0f338054cbddc18d,pleural effusion,off,0.1587990780131475,1.0,0.1723768221058385,0.2939901698005362,0.9330836586483006
450,272,0f338054cbddc18d,pleural effusion,on,0.1587990780131475,1.0,0.1862466526282382,0.3140099787803392,0.6667704560062041
451,279,41b0dfbcc6ffd34f,pleural effusion,off,0.1444039978753368,1.0,0.1747890643803811,0.2973413388318315,0.7197266086330231
451,279,41b0dfbcc6ffd34f,pleural effusion,on,0.1444039978753368,1.0,0.1955184193742234,0.3270855502225743,0.3891524384535513
452,296,b059249baf253a5b,pleural effusion,off,0.1867413222616941,1.0,0.2727889132986362,0.4285756998793573,0.7864463368340334
452,296,b059249baf253a5b,pleural effusion,on,0.1867413222616941,1.0,0.2772491360377547,0.43413455917965,0.5375991297884222
453,305,88aab495bd0b6f9f,pleural effusion,off,0.1311248531984464,0.0,0.0339157463394042,0.0651632135739887,0.5933226758216434
453,305,88aab495bd0b6f9f,pleural effusion,on,0.1311248531984464,0.0,0.0832891229830966,0.1537702152513524,0.4114582552192093
454,306,172d42c3c93ebae0,pleural effusion,off,0.1354229103012051,1.0,0.2445674688680585,0.3912172348317325,0.7141584752460782
454,306,172d42c3c93ebae0,pleural effusion,on,0.1354229103012051,1.0,0.3185753740851499,0.4832109911174749,0.6617311674954466
455,313,009e8fe5a96ddd29,pleural effusion,off,0.1704457406838881,1.0,0.2295520963247459,0.3711006281631387,1.1457537752826614
455,313,009e8fe5a96ddd29,pleural effusion,on,0.1704457406838881,1.0,0.4103227250667866,0.581884592982289,0.8302668135511992
456,316,7625018c3b194ddd,pleural effusion,off,0.1479126159184051,0.0,0.0668471039893936,0.1253036340186989,0.26032482071588
456,316,7625018c3b194ddd,pleural effusion,on,0.1479126159184051,0.0,0.0575313539524797,0.1088025971879424,0.4303107342618442
457,326,5b9e69685ace7e42,pleural effusion,off,0.1721464458186531,0.0,0.1051252381020135,0.1901682722643415,1.2524127895058128
457,326,5b9e69685ace7e42,pleural effusion,on,0.1721464458186531,0.0,0.1061969272804489,0.192001515962131,1.0684077502906917
458,328,ebbc8cfb50c45f2b,pleural effusion,off,0.2241227236622175,0.0,0.0222281197284335,0.0432469674491676,0.2169435374489931
458,328,ebbc8cfb50c45f2b,pleural effusion,on,0.2241227236622175,0.0,0.0194387779675017,0.0381356652276264,-0.2344328334180945
459,340,c80af72c8149fb46,pleural effusion,off,0.1801577903503257,0.0,0.0183412810638771,0.0349923671759815,0.0532896137174532
459,340,c80af72c8149fb46,pleural effusion,on,0.1801577903503257,0.0,0.0737415991777541,0.1373538008960597,0.0050860975216995
460,348,c16f985adfcfefa6,pleural effusion,off,0.1095809637978841,0.0,0.0560298681777769,0.105613033092381,1.4220569244428485
460,348,c16f985adfcfefa6,pleural effusion,on,0.1095809637978841,0.0,0.0860071158880063,0.1583914311536744,1.3921038925887337
461,351,5c85e33bace856bb,pleural effusion,off,0.1595154208636073,0.0,0.0286758462852394,0.0552891603645332,1.2501898884252134
461,351,5c85e33bace856bb,pleural effusion,on,0.1595154208636073,0.0,0.051021503007652,0.0970891896697233,1.1275755989713203
462,361,b8e83400d937ef41,pleural effusion,off,0.1489749474925563,1.0,0.2769463532567212,0.4336071654130092,1.5452953217949132
462,361,b8e83400d937ef41,pleural effusion,on,0.1489749474925563,1.0,0.1608378525991666,0.2771032978875097,1.2833390104164846
463,372,6a124967bba4ce54,pleural effusion,off,0.150670779546706,0.0,0.0,0.0,0.8212860830022429
463,372,6a124967bba4ce54,pleural effusion,on,0.150670779546706,0.0,0.022963682346992,0.0448881595433695,0.2698486269186524
464,376,24119440056eeeb0,pleural effusion,off,0.1319142922581368,0.0,0.0115908832811475,0.0225918062485825,1.4249859497464956
464,376,24119440056eeeb0,pleural effusion,on,0.1319142922581368,0.0,0.063302122272206,0.119066935078187,1.58619450918793
465,382,c05ea04a9307c6ab,pleural effusion,off,0.1756063330555677,1.0,0.2560453008265865,0.4072893434892525,0.942889041061596
465,382,c05ea04a9307c6ab,pleural effusion,on,0.1756063330555677,1.0,0.2822621592370617,0.440256374045632,0.6865736439119922
466,388,d02107f98da98bee,pleural effusion,off,0.1480831737399431,0.0,0.1015391566231267,0.184133190320503,1.3402178141000485
466,388,d02107f98da98bee,pleural effusion,on,0.1480831737399431,0.0,0.1115809883780939,0.2007608608978469,1.1305985871215989
467,390,f60975acebc82c6f,pleural effusion,off,0.1834909774912406,0.0,0.0,0.0,0.2141130542378909
467,390,f60975acebc82c6f,pleural effusion,on,0.1834909774912406,0.0,0.0032727402005459,0.0065240234471768,-0.3563115411400948
468,411,d718a4a2872bb6ba,pleural effusion,off,0.1258960376981516,0.0,0.1673357412688501,0.2857854383494043,1.597489592966645
468,411,d718a4a2872bb6ba,pleural effusion,on,0.1258960376981516,0.0,0.1729473937697626,0.2948935053721288,1.7844634396459262
469,412,35f682b105677496,pleural effusion,off,0.1339902246002855,1.0,0.5379245987024567,0.6990602887392262,2.930009653299776
469,412,35f682b105677496,pleural effusion,on,0.1339902246002855,1.0,0.3704274749603326,0.5405905276091871,3.2557248363721567
470,425,4a37cb0788653f87,pleural effusion,off,0.1779307925091005,1.0,0.2075428302004006,0.3432486166717184,0.5782165799281889
470,425,4a37cb0788653f87,pleural effusion,on,0.1779307925091005,1.0,0.244646924420962,0.393117668569299,0.3994867265251111
471,435,7897237d1e375fa8,pleural effusion,off,0.1190493594335531,1.0,0.3188479279794651,0.4808761453755901,1.4695979991807726
471,435,7897237d1e375fa8,pleural effusion,on,0.1190493594335531,1.0,0.4705598881107006,0.6399736039405443,1.2751837181875456
472,438,c358b8f1e7cb26a4,pleural effusion,off,0.1053608759849714,1.0,0.5165326814010615,0.6782321170801138,2.891834769813323
472,438,c358b8f1e7cb26a4,pleural effusion,on,0.1053608759849714,1.0,0.4528320213895343,0.62336705531419,3.82659309462203
473,444,f4374a3608e7ac2b,pleural effusion,off,0.1337514436501323,1.0,0.2115650225058235,0.3489310194923753,1.5663471238299516
473,444,f4374a3608e7ac2b,pleural effusion,on,0.1337514436501323,1.0,0.1492055906070949,0.2596655461781655,1.6053329090158777
474,452,5d3691006fcd5c24,pleural effusion,off,0.1163789112563289,0.0,0.2044567868769587,0.3393542780285272,2.098978579058813
474,452,5d3691006fcd5c24,pleural effusion,on,0.1163789112563289,0.0,0.164071172121727,0.2818889809490741,2.619540427935956
475,456,46cd9bb1b8d268c2,pleural effusion,off,0.1710451295995789,1.0,0.2822782318517332,0.4388776271820932,0.9529424729539812
475,456,46cd9bb1b8d268c2,pleural effusion,on,0.1710451295995789,1.0,0.3518247193144287,0.5205173735631766,0.7447354839761131
476,459,aac8cdfd294823cb,pleural effusion,off,0.1517184918790111,0.0,0.0246338093107234,0.047180068558121,0.8145159936323931
476,459,aac8cdfd294823cb,pleural effusion,on,0.1517184918790111,0.0,0.09496744472099,0.1734606397010183,0.4722384984907563
477,463,2ea44fd3c7b3fb51,pleural effusion,off,0.1129433894224912,0.0,0.0817771418005789,0.1509731868118151,0.6315369906115904
477,463,2ea44fd3c7b3fb51,pleural effusion,on,0.1129433894224912,0.0,0.1081153919256153,0.1951309162275508,0.3410528256709075
478,471,29098ce1fe0abac3,pleural effusion,off,0.1072662505055821,0.0,0.0,0.0,-0.2328830035177496
478,471,29098ce1fe0abac3,pleural effusion,on,0.1072662505055821,0.0,0.0,0.0,-0.3600373907169788
479,486,4dcd0faee18f03ad,pleural effusion,off,0.1380105161079679,1.0,0.1984086715439779,0.3307343352241714,1.35607264268021
479,486,4dcd0faee18f03ad,pleural effusion,on,0.1380105161079679,1.0,0.2078469612083071,0.3441603167805424,1.152493133576325
480,489,ac749d95bee079fc,pleural effusion,off,0.1722000497054222,1.0,0.2402440945251943,0.3871115774043938,1.4686347766072103
480,489,ac749d95bee079fc,pleural effusion,on,0.1722000497054222,1.0,0.2479761847706347,0.3974048587869389,1.1832812885129906
481,495,e834a84e7179d95c,pleural effusion,off,0.1461875453805632,0.0,0.0979315379520344,0.1779248792533366,0.2655984157633386
481,495,e834a84e7179d95c,pleural effusion,on,0.1461875453805632,0.0,0.1361961072138388,0.2397400514749685,0.2359327305845955
482,498,58e8f400ed4fe605,pleural effusion,off,0.1446671442285669,0.0,0.0,0.0,-0.047310719703769
482,498,58e8f400ed4fe605,pleural effusion,on,0.1446671442285669,0.0,0.0,0.0,-0.4340741093682936
483,500,1cb41e099a7d442d,pleural effusion,off,0.1937147006222924,0.0,0.0125355809754194,0.0244438369273869,0.7709644048825183
483,500,1cb41e099a7d442d,pleural effusion,on,0.1937147006222924,0.0,0.0411444096791244,0.0790366064421812,0.3669319070624061
484,508,e3709cfb45e658ba,pleural effusion,off,0.1017011924428265,0.0,0.1733945600235759,0.2951563635239315,2.3185469644982617
484,508,e3709cfb45e658ba,pleural effusion,on,0.1017011924428265,0.0,0.1532441649707652,0.2657591004425526,3.2833761288629844
485,510,bf0437290069d1b0,pleural effusion,off,0.1445404441325672,0.0,0.0,0.0,0.3993020175700478
485,510,bf0437290069d1b0,pleural effusion,on,0.1445404441325672,0.0,0.0,0.0,-0.4267233908098223
486,524,bea3af175d3d0cd2,pleural effusion,off,0.1341315439381313,1.0,0.2561486347294586,0.4072988565083932,1.298207150135272
486,524,bea3af175d3d0cd2,pleural effusion,on,0.1341315439381313,1.0,0.3216500989009286,0.4867398983013993,1.0382299992199329
487,525,5e4f459912b0e161,pleural effusion,off,0.1219049846741614,1.0,0.2700804072594934,0.424903576573988,1.4893447443585108
487,525,5e4f459912b0e161,pleural effusion,on,0.1219049846741614,1.0,0.3044718335276448,0.4668122621480764,1.4036005827198297
488,1,afa00eaadc32bf1b,pleural thickening,off,0.1751823750420303,0.0,0.0637484331070864,0.1195621542499063,1.7290415662009635
488,1,afa00eaadc32bf1b,pleural thickening,on,0.1751823750420303,0.0,0.0541600316210943,0.1027536810399988,2.039129141179804
489,3,98f03635c961630f,pleural thickening,off,0.1418894882778046,0.0,0.0,0.0,0.3261552241056643
489,3,98f03635c961630f,pleural thickening,on,0.1418894882778046,0.0,0.0033852987071581,0.0067436374147267,-0.2988850569201103
490,37,b724ea6434c71097,pleural thickening,off,0.1618593726396015,0.0,0.3560961056285806,0.5231653699942751,1.3680656319713085
490,37,b724ea6434c71097,pleural thickening,on,0.1618593726396015,0.0,0.4003373214699282,0.5717726875941808,1.1269661132313582
491,38,9852a11a8db8c08d,pleural thickening,off,0.1805622560414017,0.0,0.0886293799471533,0.1626744312124839,0.446993324220119
491,38,9852a11a8db8c08d,pleural thickening,on,0.1805622560414017,0.0,0.0979846769612085,0.1784809301664846,0.2891457360353804
492,60,90bedd88fee05974,pleural thickening,off,0.1990604700573561,0.0,0.0041100151134286,0.0081263463278367,0.0493769307231642
492,60,90bedd88fee05974,pleural thickening,on,0.1990604700573561,0.0,0.0,0.0,-0.513726474870946
493,80,f27d0623ad27d061,pleural thickening,off,0.1821898649669361,0.0,0.0542956965707461,0.1026695294587093,2.020543435871298
493,80,f27d0623ad27d061,pleural thickening,on,0.1821898649669361,0.0,0.0367335093324609,0.0708636622835193,2.203904051338008
494,92,2f70ccbbd805fd34,pleural thickening,off,0.1360466646199728,0.0,0.0,0.0,0.0651172386841785
494,92,2f70ccbbd805fd34,pleural thickening,on,0.1360466646199728,0.0,0.0,0.0,-0.4140808096353555
495,114,a4379da6806981ef,pleural thickening,off,0.1800993133829413,0.0,0.0118595058841796,0.0232135165570474,0.6523488399317321
495,114,a4379da6806981ef,pleural thickening,on,0.1800993133829413,0.0,0.0065964791646945,0.0131060615249855,-0.1308034067902579
496,128,b5433ba64b0e525f,pleural thickening,off,0.1687304163072769,0.0,0.0033658657906772,0.0066533481746743,0.7005379230253254
496,128,b5433ba64b0e525f,pleural thickening,on,0.1687304163072769,0.0,0.0224987852940759,0.0440064019858014,0.2727821820704446
497,141,b6e3786ca16e5d0b,pleural thickening,off,0.1640473858359039,0.0,0.0,0.0,-0.0023794171714744
497,141,b6e3786ca16e5d0b,pleural thickening,on,0.1640473858359039,0.0,0.0,0.0,-0.4653708980453691
498,146,bbf49c1464082208,pleural thickening,off,0.1626731771023688,0.0,0.1394750424638856,0.2426270216451446,2.150727592735645
498,146,bbf49c1464082208,pleural thickening,on,0.1626731771023688,0.0,0.1170113996519358,0.2095040464429583,2.464067219792187
499,149,bd1e1e3213f30d74,pleural thickening,off,0.19342231578537,0.0,0.0,0.0,-0.7018903340239879
499,149,bd1e1e3213f30d74,pleural thickening,on,0.19342231578537,0.0,0.0,0.0,-0.5044310922558883
500,158,2c30521979b0a2ea,pleural thickening,off,0.1708843179392716,0.0,0.1861710181062394,0.31378541790147,1.295545776954296
500,158,2c30521979b0a2ea,pleural thickening,on,0.1708843179392716,0.0,0.1966974317414859,0.3287335722835523,1.0789898373085156
501,171,19c89ed50a3f5796,pleural thickening,off,0.1703385329103499,0.0,0.0,0.0,0.1323844230068467
501,171,19c89ed50a3f5796,pleural thickening,on,0.1703385329103499,0.0,7.16415642061815e-05,0.0001432586406692,-0.3789927282012956
502,178,252f7efe47fa6188,pleural thickening,off,0.1604461792611435,0.0,0.0500678315767499,0.0949764661986505,1.4563104957733812
502,178,252f7efe47fa6188,pleural thickening,on,0.1604461792611435,0.0,0.0381760570054217,0.0735438405329135,0.9607162922450604
503,182,3af02da163e9e412,pleural thickening,off,0.1615133839159101,1.0,0.2048109914460334,0.3390354429455772,0.6682284164480385
503,182,3af02da163e9e412,pleural thickening,on,0.1615133839159101,1.0,0.2023432794666819,0.3365792962859277,0.402493057511475
504,190,d7d08096469d872f,pleural thickening,off,0.1086745708034248,0.0,0.1608737396199297,0.2752006089553794,1.7240845820061854
504,190,d7d08096469d872f,pleural thickening,on,0.1086745708034248,0.0,0.2491382480549381,0.398895566478169,2.125344863692114
505,197,37c3f6c2a9c8b710,pleural thickening,off,0.1505976833374754,1.0,0.1897306968611057,0.3171066992969494,1.1962953111292067
505,197,37c3f6c2a9c8b710,pleural thickening,on,0.1505976833374754,1.0,0.2564634384604315,0.4082289013661426,0.9139409215238848
506,220,d5141885d31ea691,pleural thickening,off,0.1756599369423368,0.0,0.0985065059841993,0.1748151115440915,1.6054073761908272
506,220,d5141885d31ea691,pleural thickening,on,0.1756599369423368,0.0,0.1141577786099945,0.204916533482578,1.915803653821362
507,232,de408c679854aab2,pleural thickening,off,0.2106340365188661,0.0,0.0133699117418216,0.0262412661555843,0.6638684889400776
507,232,de408c679854aab2,pleural thickening,on,0.2106340365188661,0.0,0.0151884114915968,0.0299219980068131,0.1131689404594782
508,238,d3821360a85a5e1c,pleural thickening,off,0.1169003308821737,0.0,0.0687696753889341,0.1266778926885814,2.058096283979734
508,238,d3821360a85a5e1c,pleural thickening,on,0.1169003308821737,0.0,0.1115604284313809,0.2007258930648895,2.9603386614399367
509,252,25e9744b21cac3c4,pleural thickening,off,0.1952302286936733,0.0,0.0,0.0,-0.6667575813117202
509,252,25e9744b21cac3c4,pleural thickening,on,0.1952302286936733,0.0,0.0,0.0,-0.5200362214056665
510,269,bad386e3574a3d58,pleural thickening,off,0.1804063174617097,0.0,0.0223815339837106,0.0434239386951274,0.6340374563199724
510,269,bad386e3574a3d58,pleural thickening,on,0.1804063174617097,0.0,0.0355111191389129,0.0685866115051086,0.3310596447818634
511,293,79eac55aac8981d6,pleural thickening,off,0.1831108772032415,0.0,0.1166755208948301,0.2088322614822475,0.931031732997496
511,293,79eac55aac8981d6,pleural thickening,on,0.1831108772032415,0.0,0.124174879204825,0.2209173553954754,0.6098235513772435
512,338,b6972094364c75ff,pleural thickening,off,0.182136261080167,0.0,0.0,0.0,-0.0934619064046008
512,338,b6972094364c75ff,pleural thickening,on,0.182136261080167,0.0,0.0,0.0,-0.4829883276668514
513,343,48f16b8568f2c072,pleural thickening,off,0.1899331900647632,0.0,0.0891244714339454,0.1630767878668901,1.318270724683826
513,343,48f16b8568f2c072,pleural thickening,on,0.1899331900647632,0.0,0.0792945170408477,0.1469373068686909,1.017749672276116
514,352,0e707aad753ae1f8,pleural thickening,off,0.1974815919379754,1.0,0.0619314402710824,0.1166160059656046,0.17446065701291
514,352,0e707aad753ae1f8,pleural thickening,on,0.1974815919379754,1.0,0.0665503404733665,0.1247954681053538,0.1690840962991928
515,366,938fa8836653d1be,pleural thickening,off,0.2035290849816528,0.0,0.0,0.0,-0.4232031598154732
515,366,938fa8836653d1be,pleural thickening,on,0.2035290849816528,0.0,0.0,0.0,-0.5334945872789874
516,373,d86033ff9eb93d1f,pleural thickening,off,0.1662792567577445,1.0,0.3445964568381409,0.5091156432534079,1.638497213507391
516,373,d86033ff9eb93d1f,pleural thickening,on,0.1662792567577445,1.0,0.4782534061662034,0.6470505440764242,1.2917707664446922
517,386,51e438df88904e5f,pleural thickening,off,0.1213884381289319,0.0,0.1261741736622531,0.2229819123744308,1.2337872690149991
517,386,51e438df88904e5f,pleural thickening,on,0.1213884381289319,0.0,0.1560240163890187,0.2699313396627985,1.179142409775782
518,397,17cdcca0c6de94f2,pleural thickening,off,0.1902012094986087,0.0,0.016139805640976,0.0309979678095462,0.3202522126827301
518,397,17cdcca0c6de94f2,pleural thickening,on,0.1902012094986087,0.0,0.0,0.0,-0.5110244964806003
519,408,c72d92ad39a4d241,pleural thickening,off,0.1664205760955903,0.0,0.0899926066071487,0.164180568609289,1.072427446925511
519,408,c72d92ad39a4d241,pleural thickening,on,0.1664205760955903,0.0,0.1218129972862487,0.217171594342151,0.7490035832482697
520,431,bc9857f9c34b7ffa,pleural thickening,off,0.1749387210112616,1.0,0.1909101841194468,0.3175056925621335,0.6683887693475773
520,431,bc9857f9c34b7ffa,pleural thickening,on,0.1749387210112616,1.0,0.3040382547746341,0.4662993245289587,0.5204079119095513
521,442,a444535afc10ee60,pleural thickening,off,0.1715665492254238,0.0,0.0326729141304738,0.0630837918112883,1.7605780503402824
521,442,a444535afc10ee60,pleural thickening,on,0.1715665492254238,0.0,0.029041519206951,0.0564425666095642,2.3396547596440382
522,457,a1f55f4e2d064a69,pleural thickening,off,0.2046450204425731,0.0,0.0465348954697019,0.0889076212776646,0.5975874902985646
522,457,a1f55f4e2d064a69,pleural thickening,on,0.2046450204425731,0.0,0.0471602787390286,0.0900726278568355,0.3236450563330378
523,461,6db95ac0ab339c21,pleural thickening,off,0.1744173013854168,0.0,0.0636901062233637,0.1187384985769002,1.0314367037119736
523,461,6db95ac0ab339c21,pleural thickening,on,0.1744173013854168,0.0,0.0998363549110573,0.1815475545117361,0.7360687655644109
524,462,35ef78b4562f936d,pleural thickening,off,0.1400377176439629,0.0,0.0,0.0,-0.0155628968269079
524,462,35ef78b4562f936d,pleural thickening,on,0.1400377176439629,0.0,0.0,0.0,-0.4246826726057242
525,464,6e12baf437b8e995,pleural thickening,off,0.1753188212992607,1.0,0.1249086640865756,0.2219684093607417,0.5732016206865681
525,464,6e12baf437b8e995,pleural thickening,on,0.1753188212992607,1.0,0.1423797124392363,0.249267560751636,0.1871488065741578
526,476,6a828656c7a22397,pleural thickening,off,0.1857520868967735,0.0,0.2175881658251741,0.3573628384317845,0.622072725572916
526,476,6a828656c7a22397,pleural thickening,on,0.1857520868967735,0.0,0.2181245057669595,0.3581315260022364,0.5155193027908829
527,490,29150e9ffbf9c5a0,pleural thickening,off,0.1260860878421511,0.0,0.2237354876614576,0.3640572248470313,0.97609209331682
527,490,29150e9ffbf9c5a0,pleural thickening,on,0.1260860878421511,0.0,0.1760754816616605,0.2994150171148877,0.7017996824455468
528,502,09688f49206e2887,pleural thickening,off,0.1748753709632618,0.0,0.0204048067232705,0.039684317481263,0.6300972872650291
528,502,09688f49206e2887,pleural thickening,on,0.1748753709632618,0.0,0.0372270767306233,0.0717819152266653,0.5335361219253263
529,514,df69e3008bcd15b9,pleural thickening,off,0.1600806982149905,0.0,0.0,0.0,-0.2539177201082217
529,514,df69e3008bcd15b9,pleural thickening,on,0.1600806982149905,0.0,0.0,0.0,-0.4586025639200722
