idx,rank,pair_id,category,dhs,q,point,iou,dice,cnr
0,0,ccf54bcd24e260a2,alveolar pattern,off,0.1464165801694857,1.0,0.5762387688600236,0.7282744416896747,2.326561081508093
0,0,ccf54bcd24e260a2,alveolar pattern,on,0.1464165801694857,1.0,0.4265907837130956,0.5980366183706834,2.6064049585997986
1,6,985884ef56fc1bd4,alveolar pattern,off,0.1469331267147152,1.0,0.2186951525191757,0.3563666101157727,2.687403107537771
1,6,985884ef56fc1bd4,alveolar pattern,on,0.1469331267147152,1.0,0.108533705450116,0.1958044171427777,2.6475035371182747
2,9,199e69ccc49be76d,alveolar pattern,off,0.1737253239380339,1.0,0.1594203767753552,0.2748678301175275,1.5534444737889737
2,9,199e69ccc49be76d,alveolar pattern,on,0.1737253239380339,1.0,0.1594632994295485,0.2750632931413918,1.4595285119807664
3,33,77dd50b9c0471bf0,alveolar pattern,off,0.1357006758962813,1.0,0.3313001017266826,0.4951252127602103,1.431895388041878
3,33,77dd50b9c0471bf0,alveolar pattern,on,0.1357006758962813,1.0,0.3829136082617959,0.5537774685096933,1.151734666011856
4,48,a5ac519ee9edeeb2,alveolar pattern,off,0.1208426531000102,1.0,0.6299542255669625,0.7723777189689492,3.017252796323183
4,48,a5ac519ee9edeeb2,alveolar pattern,on,0.1208426531000102,1.0,0.4406124221130605,0.6116807862967186,3.5836609879045818
5,72,cac35f19b4896262,alveolar pattern,off,0.1774629767700247,1.0,0.2150587553853296,0.3520294249070547,1.7423596675228563
5,72,cac35f19b4896262,alveolar pattern,on,0.1774629767700247,1.0,0.1872167206542591,0.315380921900119,1.51368407368243
6,83,a9c924550f7dbef7,alveolar pattern,off,0.178081858008177,1.0,0.4597062424750819,0.6246328509567184,1.4072038224181984
6,83,a9c924550f7dbef7,alveolar pattern,on,0.178081858008177,1.0,0.5163986051396202,0.6810794151060957,1.054371521765875
7,87,5edf23c8792c14b7,alveolar pattern,off,0.1414265456193441,1.0,0.4881103184247274,0.6487992651824503,1.9917041508953568
7,87,5edf23c8792c14b7,alveolar pattern,on,0.1414265456193441,1.0,0.4266855545986897,0.5980956813470245,2.2939460055773098
8,93,a188981b3ed526e3,alveolar pattern,off,0.1489457090088641,1.0,0.515956805534092,0.6761132006943067,1.692134457284166
8,93,a188981b3ed526e3,alveolar pattern,on,0.1489457090088641,1.0,0.6141220834598367,0.7609361331340123,1.5176070970030795
9,103,64d9172437438868,alveolar pattern,off,0.1706893947146567,1.0,0.4399675774382491,0.6079411042116992,2.3291481749063605
9,103,64d9172437438868,alveolar pattern,on,0.1706893947146567,1.0,0.3262592984076326,0.4919786803245545,2.486166307815403
10,108,c03eafa9870883f7,alveolar pattern,off,0.1885394890087666,1.0,0.2346406927267823,0.3648843384026675,2.4991880000043816
10,108,c03eafa9870883f7,alveolar pattern,on,0.1885394890087666,1.0,0.0678771844482875,0.1271206643415891,2.25695837834087
11,112,9691f91b24d4dc49,alveolar pattern,off,0.1171147464292501,1.0,0.5734119712126455,0.7260280258513487,2.5521180869859887
11,112,9691f91b24d4dc49,alveolar pattern,on,0.1171147464292501,1.0,0.6176376959480281,0.7636246414376717,3.127364477076576
12,126,25a454ef982d4a77,alveolar pattern,off,0.0885974786680896,1.0,0.1609461195203925,0.275104228624469,0.7180857858171976
12,126,25a454ef982d4a77,alveolar pattern,on,0.0885974786680896,1.0,0.3217577842856213,0.4868607536667785,0.7048400557827803
13,130,d8c7f0175a1d0c69,alveolar pattern,off,0.1381469623651984,1.0,0.3053398858393408,0.4629027167521454,1.321037461714929
13,130,d8c7f0175a1d0c69,alveolar pattern,on,0.1381469623651984,1.0,0.4606461147711924,0.6307249641587996,0.9996501144374448
14,131,752612af200cd226,alveolar pattern,off,0.1142250096243342,1.0,0.5352844879898737,0.6953081974373501,2.8868375816295115
14,131,752612af200cd226,alveolar pattern,on,0.1142250096243342,1.0,0.3320591986974537,0.4985515969386318,3.4818454136755475
15,136,aeef674719471a34,alveolar pattern,off,0.1507584949977827,1.0,0.4127796929082435,0.5841856517510066,1.5949007194985547
15,136,aeef674719471a34,alveolar pattern,on,0.1507584949977827,1.0,0.3679685146533544,0.5379735047044358,1.34248604029412
16,143,57097f629ce56b8d,alveolar pattern,off,0.1804745405903249,0.0,0.0731552241744467,0.1325827859265405,0.3099033506167222
16,143,57097f629ce56b8d,alveolar pattern,on,0.1804745405903249,0.0,0.1207573613500649,0.2154923839401567,0.3528958649902042
17,153,461d3abdb0059029,alveolar pattern,off,0.1406907104464229,0.0,0.2817760420575789,0.4357910527746543,1.2252136965143134
17,153,461d3abdb0059029,alveolar pattern,on,0.1406907104464229,0.0,0.3315877282340903,0.4980306781660129,1.1758415925170185
18,193,5de02e6948fcbe29,alveolar pattern,off,0.1761667373263356,1.0,0.2493310543592229,0.3963524596996792,1.5469724385259902
18,193,5de02e6948fcbe29,alveolar pattern,on,0.1761667373263356,1.0,0.2481255530019605,0.3975896725737743,1.4226253850168895
19,199,fc755cbf55712051,alveolar pattern,off,0.1575661886174583,1.0,0.3840208679295082,0.5522083265341163,2.131722376842485
19,199,fc755cbf55712051,alveolar pattern,on,0.1575661886174583,1.0,0.2968441813373123,0.4577862709188463,2.5822103094727447
20,222,e91f227ed7575144,alveolar pattern,off,0.1576100463429966,0.0,0.2215791284622248,0.3557206502372564,1.5889935579088157
20,222,e91f227ed7575144,alveolar pattern,on,0.1576100463429966,0.0,0.2505955043651688,0.4007409242033457,1.5323340302055082
21,223,c7f14e4870b11bd2,alveolar pattern,off,0.1239516785326179,1.0,0.2362400904781735,0.3751778712206145,3.310399976783877
21,223,c7f14e4870b11bd2,alveolar pattern,on,0.1239516785326179,1.0,0.0836023958424351,0.1542986738055844,2.871020145836282
22,253,69a583d5d50ece53,alveolar pattern,off,0.1308178491196779,1.0,0.4064657252419068,0.5719538984481589,1.562954591298783
22,253,69a583d5d50ece53,alveolar pattern,on,0.1308178491196779,1.0,0.6073452540547637,0.7557119435300093,1.3928612501708488
23,271,75c190c8e407a0ec,alveolar pattern,off,0.183495850571856,1.0,0.4592263759036415,0.6237085828553763,1.5341439733381197
23,271,75c190c8e407a0ec,alveolar pattern,on,0.183495850571856,1.0,0.5378951536004002,0.6995200203198989,1.185524771602618
24,289,9ed96b8997b4891a,alveolar pattern,off,0.1026806816465164,1.0,0.649239242841974,0.7819849263271814,2.68282749467999
24,289,9ed96b8997b4891a,alveolar pattern,on,0.1026806816465164,1.0,0.4972341171746496,0.664032495951893,4.147695143575036
25,294,f8072c87034e48df,alveolar pattern,off,0.1579852735503803,1.0,0.3313741071090682,0.4810669010113031,1.6097358879171222
25,294,f8072c87034e48df,alveolar pattern,on,0.1579852735503803,1.0,0.6222177683637287,0.7671175571304054,1.475225707574965
26,314,dcaa609134e79162,alveolar pattern,off,0.2090405391576393,1.0,0.2959157921627155,0.4561016348168338,0.3098795581825308
26,314,dcaa609134e79162,alveolar pattern,on,0.2090405391576393,1.0,0.2286029375668091,0.3721274398088663,0.2759528237834185
27,327,1b2c63d308f7428c,alveolar pattern,off,0.1621615036377546,1.0,0.5907291971517112,0.7423638349827464,2.1300389853123387
27,327,1b2c63d308f7428c,alveolar pattern,on,0.1621615036377546,1.0,0.6125125029147321,0.7596993301332228,2.0037841410285746
28,339,1078017468e1d174,alveolar pattern,off,0.1749825787368,1.0,0.4383879899239192,0.6042971702332577,1.357913150326724
28,339,1078017468e1d174,alveolar pattern,on,0.1749825787368,1.0,0.5332614309098813,0.6955883692035009,1.112792618444932
29,381,d1daa857e59f76de,alveolar pattern,off,0.1281327817006076,1.0,0.3203234321589717,0.4851716894503964,1.2844003095636622
29,381,d1daa857e59f76de,alveolar pattern,on,0.1281327817006076,1.0,0.3453068870642252,0.5133501249927688,1.0368062373994322
30,387,868a4f2cb7300cde,alveolar pattern,off,0.1541014282999283,1.0,0.4891591026411282,0.6430098970501567,2.057293049448417
30,387,868a4f2cb7300cde,alveolar pattern,on,0.1541014282999283,1.0,0.6542876808725084,0.7910204261285353,1.917611727136144
31,400,59170f2348145e34,alveolar pattern,off,0.1830962579613954,1.0,0.2968964740944029,0.4478190781879944,1.4868175650137905
31,400,59170f2348145e34,alveolar pattern,on,0.1830962579613954,1.0,0.3925215209957012,0.5637373379579719,0.8522777391196709
32,410,dc378d8f41fb1f1e,alveolar pattern,off,0.1968773299416692,1.0,0.5545215476027792,0.7118623153044943,1.891017852756779
32,410,dc378d8f41fb1f1e,alveolar pattern,on,0.1968773299416692,1.0,0.6026475842759227,0.7520638989033944,1.5393139379285137
33,426,e484f5f98f0c9752,alveolar pattern,off,0.1576246655848427,1.0,0.0765389860332348,0.140628167510386,3.062207218588831
33,426,e484f5f98f0c9752,alveolar pattern,on,0.1576246655848427,1.0,0.0283934467077243,0.055218175180009,2.447318845695336
34,436,d889554187fddacc,alveolar pattern,off,0.115438406697562,1.0,0.4638525765370667,0.626435417058783,2.027418889725342
34,436,d889554187fddacc,alveolar pattern,on,0.115438406697562,1.0,0.7135601664114437,0.8328384131479826,2.0878688016675384
35,447,0d5b377d638a93d1,alveolar pattern,off,0.1501932176463995,1.0,0.3758498801373212,0.5407616623962018,1.540584593496094
35,447,0d5b377d638a93d1,alveolar pattern,on,0.1501932176463995,1.0,0.3895750413158778,0.5606999228109112,1.4616610030286643
36,449,00fbfd1f9903998f,alveolar pattern,off,0.149754640391016,1.0,0.1701436189872749,0.2817178350278192,0.9860799703520058
36,449,00fbfd1f9903998f,alveolar pattern,on,0.149754640391016,1.0,0.387319501278086,0.5583472833292296,0.8473710012253118
37,473,a7ac899b88a10556,alveolar pattern,off,0.1509241797387054,1.0,0.1846591573538554,0.3101111836445929,0.3895131272830291
37,473,a7ac899b88a10556,alveolar pattern,on,0.1509241797387054,1.0,0.2340636367539511,0.3793364349553607,0.3808714446180178
38,492,1c234f354df67ab3,alveolar pattern,off,0.1458171912537949,1.0,0.5688987483885317,0.721504578098877,1.760337315839119
38,492,1c234f354df67ab3,alveolar pattern,on,0.1458171912537949,1.0,0.6403984354931562,0.7807833649799841,1.6571944636346987
39,14,17ef4f68c1c49a9f,aortic elongation,off,0.1563381723023844,1.0,0.5712671228184153,0.7244254660483528,2.104837472208161
39,14,17ef4f68c1c49a9f,aortic elongation,on,0.1563381723023844,1.0,0.525936098568694,0.6893052801512065,2.4696752080331463
40,22,fa3a19af60c0eaf1,aortic elongation,off,0.1591548128980697,1.0,0.42794526264654,0.5925911420241697,1.7956851518648045
40,22,fa3a19af60c0eaf1,aortic elongation,on,0.1591548128980697,1.0,0.5309761468234883,0.6936439146737559,1.6641424506588989
41,24,bfd5f6656b4678c1,aortic elongation,off,0.1710646219220404,1.0,0.4100892478080057,0.5743983088761273,2.0630476881684907
41,24,bfd5f6656b4678c1,aortic elongation,on,0.1710646219220404,1.0,0.4006101271511467,0.57203040539092,2.6239268379083813
42,28,5f2f0b4c28987688,aortic elongation,off,0.1707429986014258,1.0,0.3424216701697705,0.5061613226963173,1.2049326963707012
42,28,5f2f0b4c28987688,aortic elongation,on,0.1707429986014258,1.0,0.4239369664942757,0.595442571089864,1.1561967450106865
43,31,e9625bd203f53a48,aortic elongation,off,0.1413290840070367,1.0,0.3626758545810974,0.5285958039066816,1.4539787545427716
43,31,e9625bd203f53a48,aortic elongation,on,0.1413290840070367,1.0,0.5075760575871149,0.6733655639651882,1.2168920313405829
44,36,4da28936d6e2bece,aortic elongation,off,0.1770000341115643,1.0,0.4913138393273368,0.6579467694164599,1.893916579275244
44,36,4da28936d6e2bece,aortic elongation,on,0.1770000341115643,1.0,0.5351080070778598,0.6971587413139034,1.954954537358595
45,41,19deb763c708d285,aortic elongation,off,0.1624880000389846,1.0,0.4826835379226213,0.6471959286654847,1.4047741066083184
45,41,19deb763c708d285,aortic elongation,on,0.1624880000389846,1.0,0.5563465201869512,0.7149391152219209,1.2315671803987212
46,45,d40c7f5259a24598,aortic elongation,off,0.1606313563245276,1.0,0.3607696045736243,0.5213349088618094,1.890332006507387
46,45,d40c7f5259a24598,aortic elongation,on,0.1606313563245276,1.0,0.5604518793200872,0.7183042926076055,2.0820672317417745
47,54,cada1a2e8b3c3ab9,aortic elongation,off,0.186307618086926,0.0,0.1861396200980918,0.3120445771108632,1.4715431949188922
47,54,cada1a2e8b3c3ab9,aortic elongation,on,0.186307618086926,0.0,0.202353178819461,0.33659352074715,1.3802459657754902
48,59,3521c4cbb1034b4b,aortic elongation,off,0.162989927342368,1.0,0.4194265091265065,0.5864535876326477,1.9049591628390563
48,59,3521c4cbb1034b4b,aortic elongation,on,0.162989927342368,1.0,0.5105031776269521,0.6759349594289384,2.2300590376824925
49,68,f48a6c960f0f31d0,aortic elongation,off,0.1532535122728535,1.0,0.4613661160507377,0.6284824203690221,1.9621677291628168
49,68,f48a6c960f0f31d0,aortic elongation,on,0.1532535122728535,1.0,0.4870724343452707,0.6550648618288557,2.0959409396553026
50,70,fed109739ed96c34,aortic elongation,off,0.1544669093460813,1.0,0.4962744055462545,0.6506281489312198,2.106215813074137
50,70,fed109739ed96c34,aortic elongation,on,0.1544669093460813,1.0,0.6916845131099744,0.8177462294784836,2.044234116406966
51,79,2597d1512ec90441,aortic elongation,off,0.1634285045977515,1.0,0.4749636354580588,0.6357615774838629,1.8756343853044053
51,79,2597d1512ec90441,aortic elongation,on,0.1634285045977515,1.0,0.57688732147347,0.7316784127080281,1.5744779236272033
52,88,6db8c4ef4b75554d,aortic elongation,off,0.1612599837239107,1.0,0.6396356536856226,0.7789571265347209,2.545357871597415
52,88,6db8c4ef4b75554d,aortic elongation,on,0.1612599837239107,1.0,0.5666562594304955,0.7233732022248621,3.2750801462692127
53,91,5ac36dced824d910,aortic elongation,off,0.1795389091121734,1.0,0.4252271312443664,0.5943039481828848,1.7933254723059957
53,91,5ac36dced824d910,aortic elongation,on,0.1795389091121734,1.0,0.4582950972518797,0.6285313729223987,1.7339487963122744
54,97,46e2e197c942966c,aortic elongation,off,0.148395050899327,1.0,0.4532933349396323,0.6226146192987129,1.5266575337844692
54,97,46e2e197c942966c,aortic elongation,on,0.148395050899327,1.0,0.4844858518706737,0.6527316329296247,1.4039545579290529
55,98,3957ad4026dfe112,aortic elongation,off,0.1710207641965021,0.0,0.1276590296066995,0.2262708968843922,1.6915836812021012
55,98,3957ad4026dfe112,aortic elongation,on,0.1710207641965021,0.0,0.1271057926533358,0.2255428849013941,1.8227628045984388
56,115,cbb83f9f17dd1c99,aortic elongation,off,0.1637550009989815,1.0,0.5150235914282082,0.676001723321602,2.030562420643536
56,115,cbb83f9f17dd1c99,aortic elongation,on,0.1637550009989815,1.0,0.4733261730481217,0.642512049651952,2.0102940756061862
57,116,e1a2f29ccc110db4,aortic elongation,off,0.1586577586753017,1.0,0.4417212398835156,0.6124759329700905,1.7524657201556153
57,116,e1a2f29ccc110db4,aortic elongation,on,0.1586577586753017,1.0,0.4606215792218358,0.6307198244926896,1.495088459140047
58,132,f22151af3b3f2366,aortic elongation,off,0.1679897080537403,1.0,0.3168229821498546,0.4780702121571495,2.2999274578590425
58,132,f22151af3b3f2366,aortic elongation,on,0.1679897080537403,1.0,0.2372187174951157,0.3834628203033219,2.605647242308146
59,137,cb65c58a6b14ee41,aortic elongation,off,0.1664790530629748,1.0,0.4108190107342226,0.5776433668433975,1.358090914926129
59,137,cb65c58a6b14ee41,aortic elongation,on,0.1664790530629748,1.0,0.4823693662669058,0.6508071838068329,0.9944280333541342
60,142,101df8794836549e,aortic elongation,off,0.1529660005165465,1.0,0.5206460084555969,0.6839099558109061,1.9178962176255328
60,142,101df8794836549e,aortic elongation,on,0.1529660005165465,1.0,0.4961455152480633,0.6632264185839047,1.7993405885187292
61,157,f4b3f50031c9ec61,aortic elongation,off,0.1402034023848856,1.0,0.3066478641365024,0.4547515167538054,1.59308585494619
61,157,f4b3f50031c9ec61,aortic elongation,on,0.1402034023848856,1.0,0.5774240889330261,0.7321056624770329,1.275238259565837
62,161,4410bb1d2b0ea17f,aortic elongation,off,0.1700558942346583,1.0,0.4139076964825296,0.5817206107850298,1.6610497930822858
62,161,4410bb1d2b0ea17f,aortic elongation,on,0.1700558942346583,1.0,0.475658037364016,0.6446691989896982,1.2718403171081192
63,165,2a152bea13130f22,aortic elongation,off,0.1694418860771213,1.0,0.2581598672677068,0.4083898319876675,1.174036837322389
63,165,2a152bea13130f22,aortic elongation,on,0.1694418860771213,1.0,0.3298134362374627,0.496023104394704,0.7348232900296436
64,168,23b3ccfd2a0fe4eb,aortic elongation,off,0.2006588404991983,1.0,0.2759867450922635,0.4320986873775162,1.650534426234384
64,168,23b3ccfd2a0fe4eb,aortic elongation,on,0.2006588404991983,1.0,0.3121112858519105,0.4757387045423447,1.775665341717213
65,175,e8136a56fee26510,aortic elongation,off,0.1761374988426433,0.0,0.237658560231289,0.3785516102147648,2.055068105134657
65,175,e8136a56fee26510,aortic elongation,on,0.1761374988426433,0.0,0.2073697935817113,0.3434931666614213,2.5115220304785
66,176,b287c43ee9bccb8b,aortic elongation,off,0.1601976521497595,1.0,0.5313704607729381,0.6872705566376258,1.884217301882979
66,176,b287c43ee9bccb8b,aortic elongation,on,0.1601976521497595,1.0,0.6445356931262883,0.7838375368683137,2.0695717702675447
67,180,eeb67d234026f6f9,aortic elongation,off,0.1625903347319074,1.0,0.5197448109571692,0.6837644885377349,2.209667052001409
67,180,eeb67d234026f6f9,aortic elongation,on,0.1625903347319074,1.0,0.5208444073552247,0.6849365525566149,2.631438202834388
68,186,0333891b0f71e1fb,aortic elongation,off,0.1767076492746419,1.0,0.5605599925582739,0.7160585155197805,2.149884495549993
68,186,0333891b0f71e1fb,aortic elongation,on,0.1767076492746419,1.0,0.4994018287973342,0.6661221187379054,2.2277252315801284
69,216,f1e46cb81d878187,aortic elongation,off,0.1735937507614188,1.0,0.5377860354560501,0.6942791912964392,1.9390822375968373
69,216,f1e46cb81d878187,aortic elongation,on,0.1735937507614188,1.0,0.435447204240399,0.6066851511075235,1.639060812158037
70,221,36e3930c195b1c39,aortic elongation,off,0.1818731147269369,1.0,0.4472092557459828,0.6149062100233462,1.8639460216023287
70,221,36e3930c195b1c39,aortic elongation,on,0.1818731147269369,1.0,0.4479692421692632,0.6187408282932749,1.8615746617121167
71,233,63bb0a08676392f3,aortic elongation,off,0.1382541701387366,1.0,0.4428238432597062,0.6126238844912347,2.054770506353118
71,233,63bb0a08676392f3,aortic elongation,on,0.1382541701387366,1.0,0.4251676356910582,0.5966466842403954,2.51948580385564
72,235,dd4addda66584aeb,aortic elongation,off,0.1419918229707274,1.0,0.4210697729772595,0.5866947190253488,1.4825671485580518
72,235,dd4addda66584aeb,aortic elongation,on,0.1419918229707274,1.0,0.5778866554158939,0.7324780086574295,1.2388835758900514
73,240,db2b48fcaeaef282,aortic elongation,off,0.1275675043492244,1.0,0.6331585269396858,0.7703194059397959,2.1059991531740523
73,240,db2b48fcaeaef282,aortic elongation,on,0.1275675043492244,1.0,0.6966526406165224,0.8211918824585291,2.389312470144956
74,241,909d9eee17f7ddd7,aortic elongation,off,0.1342874825178233,1.0,0.2497787909149666,0.3947790516187125,1.1633397054468697
74,241,909d9eee17f7ddd7,aortic elongation,on,0.1342874825178233,1.0,0.3693546881926567,0.5394481901145864,0.7581568205847983
75,248,4bd020cb73204921,aortic elongation,off,0.1421721269534961,1.0,0.3702000814890197,0.5380670286964032,1.509867593084625
75,248,4bd020cb73204921,aortic elongation,on,0.1421721269534961,1.0,0.4130856298050072,0.5846575216484393,1.2728241561908145
76,250,fafc3cfe7014fa5d,aortic elongation,off,0.1641740859319035,1.0,0.4298510760352677,0.5992160046564747,1.6061795124360256
76,250,fafc3cfe7014fa5d,aortic elongation,on,0.1641740859319035,1.0,0.50211779894125,0.668540994587288,1.656007836403048
77,254,841cbc366556046e,aortic elongation,off,0.1525517886642398,1.0,0.4707670012970143,0.630001832206527,1.878189286266972
77,254,841cbc366556046e,aortic elongation,on,0.1525517886642398,1.0,0.6090803370884984,0.7570537066678972,1.854878064113021
78,255,0cc81d32d5350288,aortic elongation,off,0.1460169875590252,1.0,0.419116458214914,0.5842043567781493,1.797510924424676
78,255,0cc81d32d5350288,aortic elongation,on,0.1460169875590252,1.0,0.5328954385728257,0.695279504450663,1.6897047743971216
79,257,01fe59eca0982fc7,aortic elongation,off,0.1480783006593278,1.0,0.5426308748965262,0.6999183273533444,1.8284962350766965
79,257,01fe59eca0982fc7,aortic elongation,on,0.1480783006593278,1.0,0.5632927188818646,0.7206441571692651,1.7308660530072326
80,263,426946625b31b4b6,aortic elongation,off,0.1755381099269525,1.0,0.3773570942648878,0.5465877153657285,1.5049568303005405
80,263,426946625b31b4b6,aortic elongation,on,0.1755381099269525,1.0,0.4035853735318272,0.575076461346749,1.255686353997289
81,268,92d00ec883d9f857,aortic elongation,off,0.1626049539737535,1.0,0.5394095640406192,0.6993427314378249,2.244293762200173
81,268,92d00ec883d9f857,aortic elongation,on,0.1626049539737535,1.0,0.4880349867378616,0.6559270160812755,2.539137965629503
82,275,47046c3aec848d4d,aortic elongation,off,0.178369369764484,1.0,0.5161522876984229,0.6773208421474078,1.8830244482219152
82,275,47046c3aec848d4d,aortic elongation,on,0.178369369764484,1.0,0.5845187688705034,0.737786837261956,1.5967159744013644
83,281,5877943fcb6caedf,aortic elongation,off,0.1832034657349336,1.0,0.3584803377736358,0.5223008808702565,2.191417665260772
83,281,5877943fcb6caedf,aortic elongation,on,0.1832034657349336,1.0,0.3072409182697543,0.4700427542636436,2.48268076941984
84,284,354eff7de62cf564,aortic elongation,off,0.1595202939442227,1.0,0.3860266766257388,0.5366583059873506,1.8152476095750685
84,284,354eff7de62cf564,aortic elongation,on,0.1595202939442227,1.0,0.5707421940296168,0.7267079030538138,1.8382483660514608
85,285,fdd37ebb7c5238f3,aortic elongation,off,0.1651681943774396,1.0,0.4864069082457036,0.6517681599174308,1.9883857240263592
85,285,fdd37ebb7c5238f3,aortic elongation,on,0.1651681943774396,1.0,0.5363703990062421,0.6982287586164324,2.058890656304192
86,288,bb507a0de0ae0301,aortic elongation,off,0.1403837063676544,1.0,0.5251893147487513,0.6846589874374287,2.051304754587786
86,288,bb507a0de0ae0301,aortic elongation,on,0.1403837063676544,1.0,0.6137155832608417,0.760617170475733,2.276686047396677
87,290,7fb32bdbee67f55a,aortic elongation,off,0.1442724246987217,1.0,0.5226548782307301,0.6774321248093536,2.2652979747874045
87,290,7fb32bdbee67f55a,aortic elongation,on,0.1442724246987217,1.0,0.6434602815522784,0.7830446401003922,3.069693938368775
88,301,27445e3a73bb12f2,aortic elongation,off,0.1686963047429693,1.0,0.5586713206401448,0.7136329622108669,2.069022978428229
88,301,27445e3a73bb12f2,aortic elongation,on,0.1686963047429693,1.0,0.5968080299702445,0.7474991864164497,1.9071583847575448
89,302,24b38217d36643ec,aortic elongation,off,0.1822239765312437,0.0,0.0272457635222345,0.0508992391802402,1.1600979112602086
89,302,24b38217d36643ec,aortic elongation,on,0.1822239765312437,0.0,0.0817792753820642,0.1511937426159508,1.3465427001583583
90,303,7fa41fd84372c5f0,aortic elongation,off,0.1708355871331179,1.0,0.5440846614359247,0.7012861222259996,1.672907918737885
90,303,7fa41fd84372c5f0,aortic elongation,on,0.1708355871331179,1.0,0.6174632295432286,0.7634958042883516,1.4784602872448382
91,307,786281fa2cbe27cb,aortic elongation,off,0.1855717829140047,1.0,0.4319780151288423,0.5953735226319197,1.8155330881607568
91,307,786281fa2cbe27cb,aortic elongation,on,0.1855717829140047,1.0,0.5234738433069621,0.6872069298346822,1.505507497286109
92,308,4fdbb59282082874,aortic elongation,off,0.1811616449570925,1.0,0.5976571997061615,0.7467802339469154,2.252660660003362
92,308,4fdbb59282082874,aortic elongation,on,0.1811616449570925,1.0,0.5803716747545526,0.7344666815894431,2.3488908334611764
93,309,6c7a5880b102eb17,aortic elongation,off,0.1778430770580237,1.0,0.4289731906745227,0.5991913242616438,1.95663670868116
93,309,6c7a5880b102eb17,aortic elongation,on,0.1778430770580237,1.0,0.363135961735342,0.5327803935173947,2.0947181970274564
94,319,ca5b06714e75e653,aortic elongation,off,0.1612307452402185,1.0,0.5002726967379354,0.6663882539208223,2.171714886599257
94,319,ca5b06714e75e653,aortic elongation,on,0.1612307452402185,1.0,0.4692933594446675,0.638794703329646,2.202857573732137
95,321,ea6fcf47e434e5c0,aortic elongation,off,0.1945285050850596,1.0,0.4197020269635453,0.589430301250827,1.794294989035008
95,321,ea6fcf47e434e5c0,aortic elongation,on,0.1945285050850596,1.0,0.4385969363196513,0.6097498239202584,1.7428049806060355
96,322,3cdc157fc57bca49,aortic elongation,off,0.1654557061337465,0.0,0.1574139150500102,0.2686644103310346,1.156705944644472
96,322,3cdc157fc57bca49,aortic elongation,on,0.1654557061337465,0.0,0.2060578905422567,0.3417032122875552,0.8915933268021239
97,324,85b60300429551f4,aortic elongation,off,0.1553294446150022,1.0,0.4037383434428124,0.5704380734426049,1.974327148545905
97,324,85b60300429551f4,aortic elongation,on,0.1553294446150022,1.0,0.3949778722835463,0.5662667484103169,2.005024841348231
98,325,52cbe466021acbb9,aortic elongation,off,0.1625610962482152,1.0,0.4483361376717706,0.6133657337350494,1.7742834663127158
98,325,52cbe466021acbb9,aortic elongation,on,0.1625610962482152,1.0,0.543446183783652,0.7041978288257636,1.4632327531798666
99,333,eeeffb588fcfb308,aortic elongation,off,0.1184353512760161,1.0,0.4967418787199554,0.6633380419626242,1.7224480300045364
99,333,eeeffb588fcfb308,aortic elongation,on,0.1184353512760161,1.0,0.4707997874122394,0.640194464232526,1.4704091735629454
100,335,2443d208248bb60c,aortic elongation,off,0.1713326413558859,1.0,0.3528037509956452,0.5205966272268346,1.7202989209132662
100,335,2443d208248bb60c,aortic elongation,on,0.1713326413558859,1.0,0.3532939281874588,0.5221139823367807,1.6208629818901623
101,342,80afe05797663080,aortic elongation,off,0.1436048126544157,1.0,0.4812295978497065,0.6460690254888727,1.9087058223185565
101,342,80afe05797663080,aortic elongation,on,0.1436048126544157,1.0,0.512683963268401,0.6778460144830994,1.9545855863968784
102,346,f4fbcd719489c025,aortic elongation,off,0.1428933428845713,1.0,0.3561413923888143,0.517067893804048,1.2056360590549462
102,346,f4fbcd719489c025,aortic elongation,on,0.1428933428845713,1.0,0.5026109206378695,0.6689805566169746,1.1079102147109507
103,349,2508e1281c5e4861,aortic elongation,off,0.155719291064232,1.0,0.4144801500813616,0.5849761524068897,1.804744929202587
103,349,2508e1281c5e4861,aortic elongation,on,0.155719291064232,1.0,0.386749984316617,0.557775583221862,1.582134472848853
104,359,a6fb6eac39bcdb30,aortic elongation,off,0.1800164710124799,1.0,0.1547678191215546,0.2670853466802,1.5706255761104289
104,359,a6fb6eac39bcdb30,aortic elongation,on,0.1800164710124799,1.0,0.1620750927016984,0.2789388089801259,1.3336580954705275
105,360,7d3a63dafaeb39ab,aortic elongation,off,0.1477079465325594,1.0,0.4715247186158519,0.6397528332839115,1.4889804791460604
105,360,7d3a63dafaeb39ab,aortic elongation,on,0.1477079465325594,1.0,0.45992295188359,0.6300424207976058,1.0950743220225008
106,364,312ef254f0cefc84,aortic elongation,off,0.1596323747983763,1.0,0.5094942507519896,0.6745350454080994,1.95570608757914
106,364,312ef254f0cefc84,aortic elongation,on,0.1596323747983763,1.0,0.4899620285742772,0.6576811092563821,1.8336374366999808
107,365,ef4277bdd93833ac,aortic elongation,off,0.1440385168291839,1.0,0.5106302635332332,0.6700742494574102,1.984285715108989
107,365,ef4277bdd93833ac,aortic elongation,on,0.1440385168291839,1.0,0.627009542285065,0.7707496664444274,2.0612999552895053
108,368,4eeb7e68dcafc52f,aortic elongation,off,0.1613330799331413,1.0,0.5607954698331147,0.717342491467282,1.9957601619391816
108,368,4eeb7e68dcafc52f,aortic elongation,on,0.1613330799331413,1.0,0.6009883409903314,0.7507703608632523,1.741078715023959
109,370,2857a8c6c79fccc6,aortic elongation,off,0.1840123971170855,1.0,0.530389994639959,0.6862712239306279,1.616117950849867
109,370,2857a8c6c79fccc6,aortic elongation,on,0.1840123971170855,1.0,0.6262162525281596,0.7701507081140123,1.610011926707392
110,377,278df654823bf6ee,aortic elongation,off,0.1422549693239575,1.0,0.3581976601879908,0.5255094465325707,1.9364544653345588
110,377,278df654823bf6ee,aortic elongation,on,0.1422549693239575,1.0,0.3398336100701268,0.5072583153376437,2.0652127245991645
111,378,6090c609713b7751,aortic elongation,off,0.1490090590568639,0.0,0.4321292238088456,0.5945916828759809,1.886403813489143
111,378,6090c609713b7751,aortic elongation,on,0.1490090590568639,0.0,0.5283065448747726,0.6913617257019735,1.8963124182810351
112,379,8ac8a6fe478e8bd6,aortic elongation,off,0.142693546579341,1.0,0.3677424064645083,0.5326443672588764,1.2256231921820278
112,379,8ac8a6fe478e8bd6,aortic elongation,on,0.142693546579341,1.0,0.5059595866126874,0.6719430711954149,1.1096475416724871
113,384,5d38483f79af4b3e,aortic elongation,off,0.1538529011885443,1.0,0.511976302705752,0.67578855615568,2.2404351463029224
113,384,5d38483f79af4b3e,aortic elongation,on,0.1538529011885443,1.0,0.4985276021582775,0.6653493559040192,2.445112903615944
114,391,c4a5dd3178e7793b,aortic elongation,off,0.141070810734422,1.0,0.5223325031337555,0.6859765842710791,2.1655680323182813
114,391,c4a5dd3178e7793b,aortic elongation,on,0.141070810734422,1.0,0.5069432697109738,0.6728009039598504,2.446973268084195
115,393,d1717dead5c93e5d,aortic elongation,off,0.1702849290235808,1.0,0.4691134949199494,0.6378061026411809,1.744868814961968
115,393,d1717dead5c93e5d,aortic elongation,on,0.1702849290235808,1.0,0.4762508885696134,0.6452127230452246,1.5914915467884028
116,395,6bc6af6646fd4f48,aortic elongation,off,0.1732233966346505,1.0,0.4923408687554798,0.6539869377090872,1.9003268026266336
116,395,6bc6af6646fd4f48,aortic elongation,on,0.1732233966346505,1.0,0.5654253543698577,0.7223632232383795,2.182390890871864
117,399,cbcf1d839de55224,aortic elongation,off,0.1562212183676154,1.0,0.2197000562192226,0.3574051742919899,1.071346121392004
117,399,cbcf1d839de55224,aortic elongation,on,0.1562212183676154,1.0,0.261070492716316,0.4140380976536025,0.7221709650327371
118,404,601e9e006ca98961,aortic elongation,off,0.1433952701879547,1.0,0.6432449180844786,0.7805900322162058,2.723494470894152
118,404,601e9e006ca98961,aortic elongation,on,0.1433952701879547,1.0,0.4957575126425537,0.6628522630668483,3.518137571798959
119,407,c4daa9055babb73c,aortic elongation,off,0.1382980278642749,1.0,0.4636467729802763,0.6313673830919997,1.7147436141063763
119,407,c4daa9055babb73c,aortic elongation,on,0.1382980278642749,1.0,0.5383454775080321,0.6999016975847254,1.5149565769600313
120,413,346b10be7977b4eb,aortic elongation,off,0.1360222992168959,1.0,0.3921263344591178,0.5621837136494384,1.466212328382395
120,413,346b10be7977b4eb,aortic elongation,on,0.1360222992168959,1.0,0.4363312739575959,0.607562893974399,1.332981975396004
121,414,4327ee7e4bb44f73,aortic elongation,off,0.168403919906047,1.0,0.4254761625691145,0.5937760563769517,1.6674994557690506
121,414,4327ee7e4bb44f73,aortic elongation,on,0.168403919906047,1.0,0.5154280038155742,0.6802406299191117,1.7725552935128257
122,417,ed79f0a53e4dee1d,aortic elongation,off,0.2095911972671764,1.0,0.2690138029920232,0.4218036693711324,1.4440205871213867
122,417,ed79f0a53e4dee1d,aortic elongation,on,0.2095911972671764,1.0,0.3213431768299767,0.48638817007588,1.4786945126411812
123,420,57cd46aa138100c3,aortic elongation,off,0.1422306039208806,1.0,0.6371377543321703,0.7759570616118018,2.6534985675781213
123,420,57cd46aa138100c3,aortic elongation,on,0.1422306039208806,1.0,0.4825780600951652,0.6509588874267347,3.3077815145449896
124,422,6c279a1587eaca01,aortic elongation,off,0.1499008328094771,1.0,0.3210576439480802,0.468672167000874,1.3330098484027062
124,422,6c279a1587eaca01,aortic elongation,on,0.1499008328094771,1.0,0.4985428336399689,0.6653446929842322,1.0914856140159972
125,424,ce75e5a5db0bea48,aortic elongation,off,0.1744709052721859,1.0,0.5366456391193604,0.6972083919901164,2.067570062282686
125,424,ce75e5a5db0bea48,aortic elongation,on,0.1744709052721859,1.0,0.4980212624836705,0.664895086795419,2.2286452452925536
126,432,ee28fa034bce1fda,aortic elongation,off,0.1599101403934525,1.0,0.5024923518262774,0.6653376048738855,2.4022041884969974
126,432,ee28fa034bce1fda,aortic elongation,on,0.1599101403934525,1.0,0.4428812145158448,0.6138660526336259,2.97307151463895
127,443,b3a2874f69846176,aortic elongation,off,0.1475373887110214,1.0,0.4865682670958172,0.6495446068335171,1.872094985057488
127,443,b3a2874f69846176,aortic elongation,on,0.1475373887110214,1.0,0.5908637546470702,0.7428195147673863,1.7491520840687989
128,454,787a2bfc5a2331c8,aortic elongation,off,0.1390777207627345,1.0,0.5570257297864216,0.7149443624161945,2.2927249431222374
128,454,787a2bfc5a2331c8,aortic elongation,on,0.1390777207627345,1.0,0.508977622768696,0.6745887837246031,2.634526814184792
129,458,3181b6357a7323cd,aortic elongation,off,0.1609481065645269,1.0,0.5360690254538618,0.6974737020514807,1.9741733423386552
129,458,3181b6357a7323cd,aortic elongation,on,0.1609481065645269,1.0,0.4908076301350183,0.6584426938232065,1.775998029090187
130,460,606c0187fa81c5f2,aortic elongation,off,0.1623076960562158,1.0,0.3985860671102856,0.5689937872330203,1.7255348701659363
130,460,606c0187fa81c5f2,aortic elongation,on,0.1623076960562158,1.0,0.3965990925555617,0.5679449198207973,1.6578627724931223
131,467,9def6ee814e1821d,aortic elongation,off,0.134258244034131,1.0,0.249024909323225,0.3937197753352019,1.182564901630141
131,467,9def6ee814e1821d,aortic elongation,on,0.134258244034131,1.0,0.4390003372352373,0.6101423388949616,0.9812289442450768
132,468,afb6b1bd651be214,aortic elongation,off,0.1666544839651282,1.0,0.5221677899099632,0.6808781982989752,2.092639545396978
132,468,afb6b1bd651be214,aortic elongation,on,0.1666544839651282,1.0,0.5489751933180687,0.7087907739086287,2.737241428864732
133,469,df31f174d30b0e6c,aortic elongation,off,0.1523763577620864,1.0,0.3640035030333645,0.5194313471982108,1.7066523524009043
133,469,df31f174d30b0e6c,aortic elongation,on,0.1523763577620864,1.0,0.5660242130443862,0.7228748998961626,1.6958793579801257
134,479,bd2d25b1e77db40d,aortic elongation,off,0.1512750415430122,1.0,0.3037952900306996,0.4652168532445057,1.0418514183415613
134,479,bd2d25b1e77db40d,aortic elongation,on,0.1512750415430122,1.0,0.3080502907823667,0.4710042530334073,0.738383772510073
135,481,b55ee524bc14b7f1,aortic elongation,off,0.1380105161079679,0.0,0.2113287526659958,0.3479485189415492,1.3143891028211618
135,481,b55ee524bc14b7f1,aortic elongation,on,0.1380105161079679,0.0,0.2254109277182895,0.3678927314649386,1.2449723537187674
136,484,e330df2c116f57e3,aortic elongation,off,0.1551345213903873,1.0,0.4080849384525094,0.5752710253847602,1.728392198488927
136,484,e330df2c116f57e3,aortic elongation,on,0.1551345213903873,1.0,0.5227598645657103,0.6865952294768687,1.4329774892038996
137,485,8204907be397f49f,aortic elongation,off,0.1334346934101331,1.0,0.3192154956159355,0.4744610787786326,1.4809234512135887
137,485,8204907be397f49f,aortic elongation,on,0.1334346934101331,1.0,0.519824749562213,0.6840537360614112,1.4312031481847618
138,493,91ea06de1b4bdda4,aortic elongation,off,0.141070810734422,1.0,0.4852490155551069,0.6528737980565318,1.563952995123436
138,493,91ea06de1b4bdda4,aortic elongation,on,0.141070810734422,1.0,0.5076476846385536,0.6734282968463619,1.2617966080300755
139,503,031e29dc2fe17f54,aortic elongation,off,0.1524299616488555,1.0,0.5763353035882398,0.7301154364364899,2.4023281348079326
139,503,031e29dc2fe17f54,aortic elongation,on,0.1524299616488555,1.0,0.4306061312315027,0.6019685437322849,2.7371820717203064
140,512,f60ef73b4eada56b,aortic elongation,off,0.155719291064232,1.0,0.3435775188279743,0.5083930446700856,1.4966842842307029
140,512,f60ef73b4eada56b,aortic elongation,on,0.155719291064232,1.0,0.4510938096657866,0.621727520765187,0.9403384665797232
141,515,50792ee23b969714,aortic elongation,off,0.131158964762754,1.0,0.4991306747508162,0.6636721601060954,2.3806931806313107
141,515,50792ee23b969714,aortic elongation,on,0.131158964762754,1.0,0.4637292613022984,0.633594398312184,3.0640032246568865
142,516,8f2fbdc225eeb4b7,aortic elongation,off,0.1591645590593005,1.0,0.4368103920437476,0.602964981485109,1.5458275999741051
142,516,8f2fbdc225eeb4b7,aortic elongation,on,0.1591645590593005,1.0,0.399134922546681,0.570542543530854,1.2383518998710312
143,520,fa66ba62408f5bb3,aortic elongation,off,0.1464263263307164,1.0,0.4825250988103211,0.6454378630976643,1.84934630202472
143,520,fa66ba62408f5bb3,aortic elongation,on,0.1464263263307164,1.0,0.633492203315689,0.7756277436428443,1.473630534693357
144,523,f97dbc0cf694169f,aortic elongation,off,0.1493209362162478,1.0,0.382785282710799,0.5499719875034723,1.4642860620136864
144,523,f97dbc0cf694169f,aortic elongation,on,0.1493209362162478,1.0,0.4931747807680088,0.6605713241419384,1.1856303688680363
145,527,e4e74f812d6895b0,aortic elongation,off,0.1566305571393067,1.0,0.4343848351356142,0.5973318087799501,1.8548117802520805
145,527,e4e74f812d6895b0,aortic elongation,on,0.1566305571393067,1.0,0.58156360640484,0.7354272301237195,1.741590819211538
146,7,8e809b77e3a489ef,atelectasis,off,0.1150777987320244,1.0,0.4712852497133031,0.6338465113475596,1.5784985876860744
146,7,8e809b77e3a489ef,atelectasis,on,0.1150777987320244,1.0,0.5265088951018763,0.6897285184903195,1.7434619651326844
147,11,6194b5ef08e1beaa,atelectasis,off,0.1264125842433811,0.0,0.134471218993517,0.2335129221673032,2.921358313870036
147,11,6194b5ef08e1beaa,atelectasis,on,0.1264125842433811,0.0,0.051558720071579,0.0980577930977738,2.8146790049495776
148,15,8dde7c24f7c7854b,atelectasis,off,0.1385855396205819,1.0,0.0984311999924569,0.1742181595698173,2.4782036082326107
148,15,8dde7c24f7c7854b,atelectasis,on,0.1385855396205819,1.0,0.0682664565652645,0.1278009574645078,2.73083380850933
149,19,c1fbe35407da1064,atelectasis,off,0.1494817478765551,0.0,0.1151368614528617,0.205625075812557,0.5399502633739527
149,19,c1fbe35407da1064,atelectasis,on,0.1494817478765551,0.0,0.1393186902853864,0.2445631923351232,0.4559878250745762
150,20,7139216b1a7e91c5,atelectasis,off,0.1728043117017284,1.0,0.4299410443477246,0.5995405679774258,1.3864304114334374
150,20,7139216b1a7e91c5,atelectasis,on,0.1728043117017284,1.0,0.478085311089499,0.6468948601525201,0.954254256759804
151,29,9eaa7389406cdcff,atelectasis,off,0.155051679019926,1.0,0.4175237271891773,0.5730200764582148,2.255114689868096
151,29,9eaa7389406cdcff,atelectasis,on,0.155051679019926,1.0,0.2227311643116781,0.3642984555605147,2.448780353762427
152,78,d93941381e90eacf,atelectasis,off,0.1229234585227743,1.0,0.5370879318369779,0.6963551215497341,2.201812148858756
152,78,d93941381e90eacf,atelectasis,on,0.1229234585227743,1.0,0.4198050374525648,0.5912505251820266,3.038612001245875
153,86,2d81d6b510b24601,atelectasis,off,0.1559093412082316,1.0,0.2535523667766889,0.404383573086393,1.314828304290473
153,86,2d81d6b510b24601,atelectasis,on,0.1559093412082316,1.0,0.2094105212826113,0.3463014654261773,1.0252664459221223
154,90,076d2d1b5d8cb69f,atelectasis,off,0.1288247591479905,0.0,0.2319609369093407,0.3760995100894029,2.1257455962753444
154,90,076d2d1b5d8cb69f,atelectasis,on,0.1288247591479905,0.0,0.1424480850780657,0.2493676219696509,2.636226074282854
155,107,4569a1e88cb8719a,atelectasis,off,0.126817049934457,1.0,0.3282724337093697,0.4928373542892023,1.1821563664377157
155,107,4569a1e88cb8719a,atelectasis,on,0.126817049934457,1.0,0.3813358827897567,0.5521254862628027,0.9849218619805444
156,111,39af5dbb83f791bc,atelectasis,off,0.1531511775799307,0.0,0.0489969158276281,0.0919499173929033,2.00103436646844
156,111,39af5dbb83f791bc,atelectasis,on,0.1531511775799307,0.0,0.0392738777096646,0.0755768424429713,2.5325736421486056
157,127,149c31b9f0613a25,atelectasis,off,0.1306424182175245,1.0,0.6517890424615741,0.7889686123388648,2.789943156108903
157,127,149c31b9f0613a25,atelectasis,on,0.1306424182175245,1.0,0.5728232784802112,0.7283911206318103,3.3424772639791014
158,134,2b4573785baf0a9b,atelectasis,off,0.1691202627565067,1.0,0.4593506769771948,0.6266043680739886,1.5518396606155156
158,134,2b4573785baf0a9b,atelectasis,on,0.1691202627565067,1.0,0.5488653882767836,0.7087310687874464,1.4423161073215736
159,145,5e6c67d898f729ed,atelectasis,off,0.1161644957092525,0.0,0.2319430746163794,0.3758731814180354,2.222545117088543
159,145,5e6c67d898f729ed,atelectasis,on,0.1161644957092525,0.0,0.1313423319897589,0.2321784743895679,2.794195387000788
160,147,78c800e6d13b76f5,atelectasis,off,0.1412267493141139,1.0,0.3038083387660696,0.4619921676399527,0.8710345516167681
160,147,78c800e6d13b76f5,atelectasis,on,0.1412267493141139,1.0,0.3526293833786298,0.5213878186024052,0.7098329937442859
161,148,4946f596d88523e4,atelectasis,off,0.192467191984757,0.0,0.0564212373239084,0.1067091751133008,1.3695906318426654
161,148,4946f596d88523e4,atelectasis,on,0.192467191984757,0.0,0.0653732434916895,0.1227234957308995,1.7451251589878602
162,154,7b885a0d0f4df9bd,atelectasis,off,0.1365924496488945,1.0,0.5118606048139042,0.6756480918596943,1.8878861702357688
162,154,7b885a0d0f4df9bd,atelectasis,on,0.1365924496488945,1.0,0.4869117451032479,0.6549217720397267,1.8422208505177504
163,159,071f871817e15b2f,atelectasis,off,0.1043813867812815,1.0,0.5711547651303294,0.7251320052100819,1.921443329810678
163,159,071f871817e15b2f,atelectasis,on,0.1043813867812815,1.0,0.383356518269794,0.5542202419951997,2.078567184102459
164,163,c995d00e2e8701bb,atelectasis,off,0.1691982320463527,0.0,0.0405027210963804,0.0778501860728652,0.7981406467709447
164,163,c995d00e2e8701bb,atelectasis,on,0.1691982320463527,0.0,0.041909502988898,0.0804474827896469,0.4159580020713363
165,167,bf60f0a2a4af7b86,atelectasis,off,0.1415873572796514,1.0,0.3252584624791159,0.4805082993843838,2.213264510638869
165,167,bf60f0a2a4af7b86,atelectasis,on,0.1415873572796514,1.0,0.2201404270359025,0.3608142296952771,2.9018109507955856
166,170,3937f3c02599f03e,atelectasis,off,0.1578439542125345,1.0,0.4800053956154143,0.6462985886727951,1.9207126183249987
166,170,3937f3c02599f03e,atelectasis,on,0.1578439542125345,1.0,0.4310382711931729,0.6023844453912484,2.3787974630909696
167,172,81573fb3980b14e5,atelectasis,off,0.1454809486913342,1.0,0.1743452505016858,0.2925893567924861,1.0363463843828604
167,172,81573fb3980b14e5,atelectasis,on,0.1454809486913342,1.0,0.2066409691610438,0.342494989469474,1.0022715068710657
168,196,f7e942178d7ec4cd,atelectasis,off,0.183705393038317,1.0,0.363613447085868,0.4998524463771277,2.6579948077736746
168,196,f7e942178d7ec4cd,atelectasis,on,0.183705393038317,1.0,0.1202113560684106,0.2146110426963575,2.363303032871143
169,200,1e9f434529b507c6,atelectasis,off,0.1708989371811178,1.0,0.6393602904278721,0.7670364437373001,2.36061865266296
169,200,1e9f434529b507c6,atelectasis,on,0.1708989371811178,1.0,0.830102278333601,0.9071607729240212,3.012078561962943
170,207,0517b51af4dfbcfe,atelectasis,off,0.1466456149584082,1.0,0.3734618622955749,0.5415854406402675,1.5666174014422631
170,207,0517b51af4dfbcfe,atelectasis,on,0.1466456149584082,1.0,0.1925606379115476,0.3229243314444475,1.390344455919887
171,228,cd6197499a3c5daf,atelectasis,off,0.1475373887110214,1.0,0.4181230782452363,0.5728132073777907,2.4042100247443834
171,228,cd6197499a3c5daf,atelectasis,on,0.1475373887110214,1.0,0.1846854970081631,0.3117619554000885,2.8133231655668043
172,258,a336d605250985d4,atelectasis,off,0.2275436262542091,1.0,0.1094957304736441,0.1968381082145353,1.8798966098649788
172,258,a336d605250985d4,atelectasis,on,0.2275436262542091,1.0,0.1237748458875167,0.2202823028872495,2.0076759154447035
173,267,c1d8efe52179079f,atelectasis,off,0.1447256211959514,1.0,0.6712664153780199,0.8020982843235955,2.7675790995917344
173,267,c1d8efe52179079f,atelectasis,on,0.1447256211959514,1.0,0.5598979938936037,0.717846668134238,3.688772001047128
174,274,e6b32442a596c0fd,atelectasis,off,0.1605436408734509,1.0,0.1375633594615053,0.2393271096774165,1.7893914172703222
174,274,e6b32442a596c0fd,atelectasis,on,0.1605436408734509,1.0,0.1174241761569611,0.210164564655678,1.6966228344740155
175,292,964325708df1fe70,atelectasis,off,0.1373136655799696,1.0,0.4335375049722056,0.6026501395982258,2.344439096879413
175,292,964325708df1fe70,atelectasis,on,0.1373136655799696,1.0,0.2702543167900709,0.4254428070552303,3.033021679430641
176,312,e1ef1a9ad7d81662,atelectasis,off,0.1181039817941708,1.0,0.5744091487733011,0.7235236335498502,2.0645532640148567
176,312,e1ef1a9ad7d81662,atelectasis,on,0.1181039817941708,1.0,0.6754635514558076,0.8062785134917702,2.295703908272788
177,318,40c62c54dfec39c8,atelectasis,off,0.1119980117831089,1.0,0.104024171783103,0.1866517777579338,3.719361710352642
177,318,40c62c54dfec39c8,atelectasis,on,0.1119980117831089,1.0,0.0312142574798318,0.0605366720300723,3.0067362316722765
178,356,f94c06bd9718e97c,atelectasis,off,0.120121437168935,1.0,0.6515009514773122,0.7850527574713426,2.947166973855339
178,356,f94c06bd9718e97c,atelectasis,on,0.120121437168935,1.0,0.3100441786090426,0.4731619032243372,3.4879962037965884
179,380,60775c6db17d7d7a,atelectasis,off,0.1665424031109746,1.0,0.1358039489466486,0.2310026872935465,2.7060340603820645
179,380,60775c6db17d7d7a,atelectasis,on,0.1665424031109746,1.0,0.0668270767164505,0.1252768523164808,2.4191248281275906
180,383,73a711ad4a6993d8,atelectasis,off,0.2026470573902704,0.0,0.0467660388457978,0.0891263398223191,1.3981619645817225
180,383,73a711ad4a6993d8,atelectasis,on,0.2026470573902704,0.0,0.0658905337260353,0.1236328789673181,1.5461038603321997
181,403,309b2ec41b2dc6f2,atelectasis,off,0.1703628983134268,1.0,0.288442135793088,0.4391949795953523,1.9413999535927933
181,403,309b2ec41b2dc6f2,atelectasis,on,0.1703628983134268,1.0,0.1478610795907114,0.2576144842687111,2.0720881878835486
182,415,33c5edd30f2457cd,atelectasis,off,0.143897197491338,1.0,0.2071212224362522,0.3430464861341479,0.8364175661760751
182,415,33c5edd30f2457cd,atelectasis,on,0.143897197491338,1.0,0.1719271471113083,0.2933872329191904,0.7827558536926302
183,421,f2c5b10688fc1c16,atelectasis,off,0.1738081663084952,1.0,0.3057390189810524,0.4528597763345187,2.277485737087713
183,421,f2c5b10688fc1c16,atelectasis,on,0.1738081663084952,1.0,0.1541100419212449,0.2670457999276532,2.481024448975329
184,437,9d8ed0c90eba51ae,atelectasis,off,0.1039379364452826,1.0,0.362754303599374,0.5255199950746622,1.3221158768448695
184,437,9d8ed0c90eba51ae,atelectasis,on,0.1039379364452826,1.0,0.6166061357663801,0.7628209011650968,1.3618114209050107
185,446,3d7dc2d16d09f5be,atelectasis,off,0.1189470247406302,1.0,0.2509812864613888,0.3945607619909609,1.6165715648883785
185,446,3d7dc2d16d09f5be,atelectasis,on,0.1189470247406302,1.0,0.2986378466840619,0.459921620511112,1.7561636135022785
186,465,a989c250bb6e5f01,atelectasis,off,0.1542866053633125,1.0,0.0754155436359819,0.1376395538523944,2.166410620902409
186,465,a989c250bb6e5f01,atelectasis,on,0.1542866053633125,1.0,0.0593790326030412,0.112098452707809,2.517768480237581
187,466,89b5a9f5b49f6471,atelectasis,off,0.130242825607064,1.0,0.4287038787924626,0.5967507236855991,1.878385048741142
187,466,89b5a9f5b49f6471,atelectasis,on,0.130242825607064,1.0,0.209502064252386,0.3464030111689779,2.04643282317038
188,491,04a9cb03fde0219d,atelectasis,off,0.1305985604919862,1.0,0.3494884059030485,0.5164276119848437,1.445723609346903
188,491,04a9cb03fde0219d,atelectasis,on,0.1305985604919862,1.0,0.398376198535559,0.5697695622003203,1.240914617391137
189,509,e374f94a32b3bd15,atelectasis,off,0.1488677397190181,1.0,0.1890409063640659,0.3049237633138285,2.6268368447851365
189,509,e374f94a32b3bd15,atelectasis,on,0.1488677397190181,1.0,0.0890962789103642,0.1636054988301067,2.6324776289193488
190,513,0ae6e1d4c1336eec,atelectasis,off,0.1545692440390041,1.0,0.1914551309832777,0.3176395590655129,1.224514158823532
190,513,0ae6e1d4c1336eec,atelectasis,on,0.1545692440390041,1.0,0.1284415080547146,0.2276395309403492,1.034349347556602
191,518,40ea79f3caeb0477,atelectasis,off,0.1565623340106915,1.0,0.1697095033322595,0.2850590617320159,2.468619299791731
191,518,40ea79f3caeb0477,atelectasis,on,0.1565623340106915,1.0,0.0830138965729015,0.153286177492522,2.592899396192561
192,522,f28dfcb73be60946,atelectasis,off,0.1189129131763226,0.0,0.1012920981319643,0.1813645257451757,2.3916731067048045
192,522,f28dfcb73be60946,atelectasis,on,0.1189129131763226,0.0,0.0609565728672259,0.114902744799802,2.932596832402856
193,526,db3fe04ce1b8f893,atelectasis,off,0.1426838004181103,1.0,0.3688932518736568,0.5367344421397937,1.943550823420464
193,526,db3fe04ce1b8f893,atelectasis,on,0.1426838004181103,1.0,0.3048132262528094,0.4671852640858651,2.773552407295791
194,8,093950c25a37efe4,cardiomegaly,off,0.1518451919750108,1.0,0.4143875923206275,0.5819277992606616,1.3900210354405194
194,8,093950c25a37efe4,cardiomegaly,on,0.1518451919750108,1.0,0.4763702033567581,0.6453246821810309,1.079932089255881
195,10,3e6de190da5a957a,cardiomegaly,off,0.1451544522901042,1.0,0.3973438630890042,0.5655009116741772,1.069927732549259
195,10,3e6de190da5a957a,cardiomegaly,on,0.1451544522901042,1.0,0.4336651592482058,0.6049564190539117,0.9180716810181988
196,12,96964da0020cd95f,cardiomegaly,off,0.1567231456709988,1.0,0.3386713754609295,0.5057565638404313,1.2896812027407358
196,12,96964da0020cd95f,cardiomegaly,on,0.1567231456709988,1.0,0.3608497149791155,0.5303278793677134,0.84826042762916
197,25,47feecb0340b2bd4,cardiomegaly,off,0.1163691650950981,1.0,0.3031510877596067,0.4619512053223938,0.864008640187779
197,25,47feecb0340b2bd4,cardiomegaly,on,0.1163691650950981,1.0,0.3814793421837138,0.5522761202461748,0.8724602823046184
198,27,c99a2a7dd0dd260f,cardiomegaly,off,0.1843535127601616,0.0,0.1268450731449711,0.2228258516257818,-0.0836492682914302
198,27,c99a2a7dd0dd260f,cardiomegaly,on,0.1843535127601616,0.0,0.0685263096237033,0.1282577165780974,-0.1652427988708978
199,32,a70c06fbfcf2e58e,cardiomegaly,off,0.1557631487897704,1.0,0.3978316349826548,0.5665979648892207,1.57674612177453
199,32,a70c06fbfcf2e58e,cardiomegaly,on,0.1557631487897704,1.0,0.4870724043336561,0.6550735020151557,1.2361963349957104
200,39,ec65e2415a2938e7,cardiomegaly,off,0.1552319830026948,0.0,0.075200966104724,0.1347455014063191,0.0918573223951541
200,39,ec65e2415a2938e7,cardiomegaly,on,0.1552319830026948,0.0,0.035003909008409,0.0676346588129579,-0.229851451294466
201,42,c93ded9ee7245300,cardiomegaly,off,0.169568586173121,1.0,0.41706159934906,0.5850208840906286,1.1498853096053716
201,42,c93ded9ee7245300,cardiomegaly,on,0.169568586173121,1.0,0.4972656036811497,0.664230905171918,1.0807546755124269
202,50,a5d9ac7f9423be90,cardiomegaly,off,0.1606557217276045,1.0,0.2796895065189526,0.4359361948898388,0.7210127069585535
202,50,a5d9ac7f9423be90,cardiomegaly,on,0.1606557217276045,1.0,0.3050088905602972,0.4674424770460895,0.655930543157251
203,53,d7355520cf43cdff,cardiomegaly,off,0.1414704033448825,1.0,0.2558144645633838,0.3999804026744986,1.5719697592463888
203,53,d7355520cf43cdff,cardiomegaly,on,0.1414704033448825,1.0,0.5999325286444046,0.749915346413444,1.4573481605561676
204,56,9415a340a0044764,cardiomegaly,off,0.1434878587196468,1.0,0.3074757823133748,0.4659702971791642,1.1487281374893503
204,56,9415a340a0044764,cardiomegaly,on,0.1434878587196468,1.0,0.3929748217579901,0.5642236985096233,0.852629576417725
205,61,088cc1d00621a300,cardiomegaly,off,0.16903254730543,1.0,0.2727062460260214,0.4237383079739807,1.3038161408205329
205,61,088cc1d00621a300,cardiomegaly,on,0.16903254730543,1.0,0.401576104211774,0.5730305122836452,0.9300388624048278
206,62,bebbf36be701621f,cardiomegaly,off,0.1632530736955981,1.0,0.2841268225218162,0.4347460941878459,1.343776471664634
206,62,bebbf36be701621f,cardiomegaly,on,0.1632530736955981,1.0,0.490158758509798,0.6578541864673332,1.0062418985727872
207,63,f8f084a045363fa5,cardiomegaly,off,0.1374160002728925,1.0,0.223953874674368,0.3602065020206926,1.056194296371884
207,63,f8f084a045363fa5,cardiomegaly,on,0.1374160002728925,1.0,0.3731625160585931,0.543502416936699,0.7648796398593943
208,76,33d96918507e6883,cardiomegaly,off,0.1584677085313022,1.0,0.2267295493249893,0.3651224063513593,1.1417635721060806
208,76,33d96918507e6883,cardiomegaly,on,0.1584677085313022,1.0,0.3566784589385703,0.5257995655178181,0.6901824729092927
209,85,6ba230aaf07a840c,cardiomegaly,off,0.1570155305079212,1.0,0.3444262663456335,0.4997934785095908,1.5556082963914473
209,85,6ba230aaf07a840c,cardiomegaly,on,0.1570155305079212,1.0,0.5812687205848156,0.7351926348992711,1.323688505366174
210,89,9c63e63de176518a,cardiomegaly,off,0.1698658440906588,0.0,0.0351865370235256,0.0667118254885079,-0.7221375779435091
210,89,9c63e63de176518a,cardiomegaly,on,0.1698658440906588,0.0,0.0038640622338914,0.0076983323711297,-0.506739057697686
211,105,fd053a38abc0cb49,cardiomegaly,off,0.1729115194752666,1.0,0.2090058324374472,0.3429354852427698,0.8923901882523233
211,105,fd053a38abc0cb49,cardiomegaly,on,0.1729115194752666,1.0,0.3059647825082425,0.4685617498698852,0.6142863254896948
212,113,c1a9fa9f21a10a44,cardiomegaly,off,0.1204430604895496,1.0,0.392743745480039,0.5606304830271027,0.9418890824041952
212,113,c1a9fa9f21a10a44,cardiomegaly,on,0.1204430604895496,1.0,0.4751824455802545,0.6442353886346665,0.9950510287078936
213,123,e0288a509cbbc07e,cardiomegaly,off,0.1407589335750381,1.0,0.3359521140333614,0.4933414429131439,1.0057584874735253
213,123,e0288a509cbbc07e,cardiomegaly,on,0.1407589335750381,1.0,0.4757996004812611,0.6448024014143148,1.0034413922283023
214,124,985a9f7b2779d4f8,cardiomegaly,off,0.1702020866531195,1.0,0.3539986843706673,0.5172250331038956,1.2816340901492544
214,124,985a9f7b2779d4f8,cardiomegaly,on,0.1702020866531195,1.0,0.4591267983925684,0.6293167892330632,1.1242561418999764
215,133,36dfae6f56c02e8b,cardiomegaly,off,0.1682772198100473,1.0,0.2932229659787828,0.453376742964288,0.8082962068230098
215,133,36dfae6f56c02e8b,cardiomegaly,on,0.1682772198100473,1.0,0.3051257727699789,0.4675804087238823,0.6506292885182856
216,139,f201583ea32de232,cardiomegaly,off,0.1531657968217768,1.0,0.2124299262439953,0.3454581750308757,1.1731329177673633
216,139,f201583ea32de232,cardiomegaly,on,0.1531657968217768,1.0,0.4694285512976271,0.6389104938154945,0.9919831355004306
217,155,9ac3c6ded1d4380c,cardiomegaly,off,0.1739202471626488,1.0,0.2911938891991598,0.448127744587555,0.7071310481010409
217,155,9ac3c6ded1d4380c,cardiomegaly,on,0.1739202471626488,1.0,0.2609101933994165,0.4138380923277618,0.4266151281568298
218,162,79f3d753d8db8ce9,cardiomegaly,off,0.1407345681719612,1.0,0.1602991992672671,0.2719907778563042,1.0478141365802671
218,162,79f3d753d8db8ce9,cardiomegaly,on,0.1407345681719612,1.0,0.3796266334347324,0.5503042861393759,0.8375896712741329
219,166,846aafad319d9662,cardiomegaly,off,0.1609578527257576,1.0,0.2482588217250612,0.3900075159953179,0.9751136155249216
219,166,846aafad319d9662,cardiomegaly,on,0.1609578527257576,1.0,0.4235740623852004,0.5950805349865813,0.8480160496417898
220,177,5168c9958d9df995,cardiomegaly,off,0.0921012236305425,1.0,0.1552866961679691,0.2665980238949855,0.8994391895855458
220,177,5168c9958d9df995,cardiomegaly,on,0.0921012236305425,1.0,0.3597873239334118,0.529178842894007,0.7696565140568633
221,185,5e13bb7278b3f72d,cardiomegaly,off,0.153901631994698,1.0,0.2637264486259801,0.4134744087580969,0.8455396817873724
221,185,5e13bb7278b3f72d,cardiomegaly,on,0.153901631994698,1.0,0.3009037528589867,0.4625975516130147,0.5680417675717079
222,189,d236eae4a6bc1049,cardiomegaly,off,0.1733452236500348,0.0,0.0904262160668113,0.1625516506552421,-0.4662802634255947
222,189,d236eae4a6bc1049,cardiomegaly,on,0.1733452236500348,0.0,0.0587788921731158,0.1110257053120291,-0.3355237176775558
223,192,b7a20b8f260bba9f,cardiomegaly,off,0.143936182136261,1.0,0.2625032833073286,0.4155531589484177,0.4340456070390463
223,192,b7a20b8f260bba9f,cardiomegaly,on,0.143936182136261,1.0,0.2822836727867018,0.4402827196536287,0.5333842417034501
224,195,13d982f2c79b1676,cardiomegaly,off,0.1507828604008596,1.0,0.4823631537084344,0.6457487190947253,1.6712550780552882
224,195,13d982f2c79b1676,cardiomegaly,on,0.1507828604008596,1.0,0.5690710389230962,0.725358917446317,1.538130034619058
225,198,2175b019a0091ef3,cardiomegaly,off,0.1545205132328504,0.0,0.2079871124363078,0.3398211147004494,0.6254049723692688
225,198,2175b019a0091ef3,cardiomegaly,on,0.1545205132328504,0.0,0.2462352285036439,0.3951609553975153,0.4180687894547887
226,204,cbcf65658f0dd7d8,cardiomegaly,off,0.1570691343946902,1.0,0.2416841275908459,0.3856981684088764,0.730595398118767
226,204,cbcf65658f0dd7d8,cardiomegaly,on,0.1570691343946902,1.0,0.3476915886015772,0.5159696002719549,0.7075909446987951
227,205,82f49a0c3d2dfe14,cardiomegaly,off,0.1574443616020739,1.0,0.2327669065180167,0.3718216545469782,0.8606688023161425
227,205,82f49a0c3d2dfe14,cardiomegaly,on,0.1574443616020739,1.0,0.330973270781819,0.4973359987456969,0.6413898089849458
228,206,0c9d26929987308b,cardiomegaly,off,0.1731064426998816,1.0,0.2893117949547572,0.4478083488219518,1.2187649359163564
228,206,0c9d26929987308b,cardiomegaly,on,0.1731064426998816,1.0,0.3353865180987712,0.5023031872838263,0.867250734000671
229,209,7162d21f7f020298,cardiomegaly,off,0.1633066775823672,0.0,0.2352125297139933,0.3806598298776661,0.5146132640276947
229,209,7162d21f7f020298,cardiomegaly,on,0.1633066775823672,0.0,0.2346512023135714,0.380109111101444,0.4244799948939821
230,211,74122d99b9022819,cardiomegaly,off,0.1365437188427408,1.0,0.3133779313777815,0.4741268954480491,0.7856568534811322
230,211,74122d99b9022819,cardiomegaly,on,0.1365437188427408,1.0,0.3806163663868793,0.5513714449543461,0.76675696200497
231,214,366858e6adbb8000,cardiomegaly,off,0.149311190055017,1.0,0.3199800944857617,0.4773084962221796,1.127933460929454
231,214,366858e6adbb8000,cardiomegaly,on,0.149311190055017,1.0,0.4338611472430161,0.6051482132633446,0.8923035732728685
232,236,84ac6bdd90a67b66,cardiomegaly,off,0.1552319830026948,1.0,0.374792315503321,0.5446782386907092,1.0324360962343078
232,236,84ac6bdd90a67b66,cardiomegaly,on,0.1552319830026948,1.0,0.4060824675375909,0.5776078904615385,0.8959328921919572
233,242,07a10ffadf85aa63,cardiomegaly,off,0.1845728013878533,0.0,0.0647459217515622,0.1203534947578081,-0.3792675917328298
233,242,07a10ffadf85aa63,cardiomegaly,on,0.1845728013878533,0.0,0.0483693655047491,0.0922746293962598,-0.2982084196832804
234,246,0b14f7b64876536a,cardiomegaly,off,0.1482050007553275,1.0,0.2338490870156254,0.367440598683823,1.0386435607088715
234,246,0b14f7b64876536a,cardiomegaly,on,0.1482050007553275,1.0,0.4370521022535804,0.6082584579100013,0.8969993719797317
235,247,161c8b166c8ce7d6,cardiomegaly,off,0.1266903498384573,1.0,0.2827624262432228,0.4330942505829934,1.2879080355890928
235,247,161c8b166c8ce7d6,cardiomegaly,on,0.1266903498384573,1.0,0.5181013241746706,0.6825428858356661,1.1509072302734364
236,249,f93a1c5e1000ca3e,cardiomegaly,off,0.1496181941337855,1.0,0.3673401836031432,0.5368436631162197,0.9702671587351313
236,249,f93a1c5e1000ca3e,cardiomegaly,on,0.1496181941337855,1.0,0.382229992763417,0.553061906922037,0.9624197813989716
237,251,a65421347ffb7936,cardiomegaly,off,0.1510801183183973,1.0,0.4749787620102796,0.634475219485295,1.8042888164431032
237,251,a65421347ffb7936,cardiomegaly,on,0.1510801183183973,1.0,0.6275568093268024,0.771160188003088,1.5261870849428945
238,256,459d9cc7e6454630,cardiomegaly,off,0.131485461163984,1.0,0.3286128904719816,0.485050815288325,1.3348971333571693
238,256,459d9cc7e6454630,cardiomegaly,on,0.131485461163984,1.0,0.5123799944309575,0.6775804761046557,1.075364972620881
239,259,9dea31c5bb3e5917,cardiomegaly,off,0.1668542802703585,1.0,0.2486492063065268,0.3958319771752604,0.8724395116559459
239,259,9dea31c5bb3e5917,cardiomegaly,on,0.1668542802703585,1.0,0.3449706610537276,0.5129744852546799,0.6960799886073249
240,261,83590772041a5a03,cardiomegaly,off,0.1435024779614929,1.0,0.3391787244896623,0.5008242910915881,1.097735712489995
240,261,83590772041a5a03,cardiomegaly,on,0.1435024779614929,1.0,0.4388806027385308,0.6100305635836548,0.9595055353754108
241,266,fc7c567caa66ec88,cardiomegaly,off,0.1311443455209079,1.0,0.2348761159874234,0.3792306699836678,0.8130396645691065
241,266,fc7c567caa66ec88,cardiomegaly,on,0.1311443455209079,1.0,0.3030680589607082,0.4651595802352797,0.6276367782833402
242,273,7efbe29baee5c832,cardiomegaly,off,0.2014970103650424,1.0,0.21751618771985,0.3528358096076819,0.7005419026484213
242,273,7efbe29baee5c832,cardiomegaly,on,0.2014970103650424,1.0,0.2177594408937508,0.357630556567538,0.34945253267219
243,276,90391ae7b37e6f8e,cardiomegaly,off,0.1037430132206677,1.0,0.4097517327604698,0.5784966491977259,1.4414218219747257
243,276,90391ae7b37e6f8e,cardiomegaly,on,0.1037430132206677,1.0,0.4548410552659875,0.6252699671289266,1.529490054207431
244,280,890ca06fc523c555,cardiomegaly,off,0.1463824686051781,1.0,0.3648149545180398,0.5304319536576896,1.617615793842649
244,280,890ca06fc523c555,cardiomegaly,on,0.1463824686051781,1.0,0.4931072955501204,0.6605106666837884,1.3481056279152988
245,282,e2e5a8476ea2eba5,cardiomegaly,off,0.1637160163540585,1.0,0.3586085347914176,0.5171396412675303,0.9267563794799956
245,282,e2e5a8476ea2eba5,cardiomegaly,on,0.1637160163540585,1.0,0.4705544211348246,0.639958769378664,0.9564125441792836
246,283,d68117bbfe183d95,cardiomegaly,off,0.1359394568464346,1.0,0.3024827479491676,0.460325454557883,1.2112944895607067
246,283,d68117bbfe183d95,cardiomegaly,on,0.1359394568464346,1.0,0.38223129861283,0.553062866969262,0.8433470772100815
247,286,66a74608d016ae2c,cardiomegaly,off,0.1581558313719183,1.0,0.4217115539860857,0.5922870087887915,1.3416182085944333
247,286,66a74608d016ae2c,cardiomegaly,on,0.1581558313719183,1.0,0.4600959961344668,0.6302268182086277,1.0888110528557535
248,291,e8e8a1f210ad58fd,cardiomegaly,off,0.195946571544133,0.0,0.049481520449397,0.093601996231485,-0.1710925689876017
248,291,e8e8a1f210ad58fd,cardiomegaly,on,0.195946571544133,0.0,0.026525918176939,0.0516798644179774,-0.3413330065224896
249,297,c6eb3bdeddb04716,cardiomegaly,off,0.1772534343035637,1.0,0.2520727517175691,0.3930217835037268,0.9291143849976726
249,297,c6eb3bdeddb04716,cardiomegaly,on,0.1772534343035637,1.0,0.4060492365077287,0.5775653289797745,0.7922562124668542
250,298,057d72fd8f724e9f,cardiomegaly,off,0.1631166274383677,1.0,0.3975333644758387,0.5635362300278027,1.6883116019384514
250,298,057d72fd8f724e9f,cardiomegaly,on,0.1631166274383677,1.0,0.5454440248769842,0.7058727556157091,1.4328880048940829
251,320,3b5deb6b8277b2fc,cardiomegaly,off,0.121939096238469,1.0,0.2700974758469249,0.421868005094835,0.8228626202906368
251,320,3b5deb6b8277b2fc,cardiomegaly,on,0.121939096238469,1.0,0.3345035458782243,0.5013123419353681,0.6918723357071455
252,323,ac6ee2faa45f13ea,cardiomegaly,off,0.1020910388920564,1.0,0.1450333497470791,0.2483233811702122,0.8889037984209011
252,323,ac6ee2faa45f13ea,cardiomegaly,on,0.1020910388920564,1.0,0.4135588891120988,0.5851120891179656,0.8864434312239239
253,330,d914627fd7043b26,cardiomegaly,off,0.1594082130900691,1.0,0.3160772707487665,0.4754418073259128,0.7923483605550092
253,330,d914627fd7043b26,cardiomegaly,on,0.1594082130900691,1.0,0.3878315670119018,0.5589027574302095,0.7730411516321208
254,331,2dcd061d752720b3,cardiomegaly,off,0.1683210775355856,1.0,0.3919020374710744,0.5584492927135634,0.5921181951065376
254,331,2dcd061d752720b3,cardiomegaly,on,0.1683210775355856,1.0,0.2546456041155012,0.4058843439447777,0.4304381663768759
255,334,3be03514cc889234,cardiomegaly,off,0.141070810734422,1.0,0.3364292139680427,0.5013179906570914,0.9516686134326984
255,334,3be03514cc889234,cardiomegaly,on,0.141070810734422,1.0,0.3589592380412488,0.5282851015945665,0.7066997761496463
256,336,99498cee40a343d2,cardiomegaly,off,0.1590865897694545,1.0,0.3348255315043705,0.5010031902162347,0.7317926520667457
256,336,99498cee40a343d2,cardiomegaly,on,0.1590865897694545,1.0,0.3286201421342153,0.4946715715119513,0.6209662573089259
257,337,afa5f1d02875ed9c,cardiomegaly,off,0.1478882505153282,1.0,0.345358300496747,0.5024299546978375,1.7565344047014573
257,337,afa5f1d02875ed9c,cardiomegaly,on,0.1478882505153282,1.0,0.6580075351213817,0.7937293331891859,1.5842646899597637
258,344,c8b8ed6ec32a0194,cardiomegaly,off,0.144759732760259,1.0,0.3558739428889727,0.5200019675223321,1.2480700536627358
258,344,c8b8ed6ec32a0194,cardiomegaly,on,0.144759732760259,1.0,0.4450297234205523,0.6159434102121141,0.9736694947128012
259,347,8fb7cd9284a2390b,cardiomegaly,off,0.1474106886150217,1.0,0.2693654706483217,0.4130089522544684,1.2912050955225851
259,347,8fb7cd9284a2390b,cardiomegaly,on,0.1474106886150217,1.0,0.5252558830280348,0.6887416539805645,1.2759385670374483
260,350,0eec7465b21851ca,cardiomegaly,off,0.1592620206716079,1.0,0.2594447495582548,0.4043365941193442,1.1994171685106405
260,350,0eec7465b21851ca,cardiomegaly,on,0.1592620206716079,1.0,0.48765791811628,0.6555893529320913,1.0063463126157772
261,355,2d1043b3ab978914,cardiomegaly,off,0.1571763421682284,1.0,0.2671677653888805,0.4194273594294569,0.8589182930833872
261,355,2d1043b3ab978914,cardiomegaly,on,0.1571763421682284,1.0,0.2669462261619559,0.4214002015921855,0.5579232355408205
262,357,17b1583a7369977f,cardiomegaly,off,0.1391069592464268,1.0,0.2741843086485333,0.4237325243721271,1.209623648816289
262,357,17b1583a7369977f,cardiomegaly,on,0.1391069592464268,1.0,0.4947139874499223,0.6619489030957577,1.169186126889899
263,358,2481059373ed3b95,cardiomegaly,off,0.1105945645658816,1.0,0.2476949619481565,0.3906800078091793,0.8035155162409994
263,358,2481059373ed3b95,cardiomegaly,on,0.1105945645658816,1.0,0.391056477491176,0.5622360319548576,0.8146652761170908
264,362,1ae57b9c3f3c2647,cardiomegaly,off,0.1107894877904965,1.0,0.1169942676846588,0.2073815856132354,0.9788444014642108
264,362,1ae57b9c3f3c2647,cardiomegaly,on,0.1107894877904965,1.0,0.2190785438850262,0.3594124738108621,0.5059078890540121
265,363,b2049f03ac1c3bf0,cardiomegaly,off,0.1367483882285864,1.0,0.2097749249101256,0.337280411574706,1.2553525309421696
265,363,b2049f03ac1c3bf0,cardiomegaly,on,0.1367483882285864,1.0,0.5072593931443865,0.673079117480209,1.070062515091342
266,367,b23fb11991bb664d,cardiomegaly,off,0.1300479023824491,1.0,0.191406222448205,0.3145555181562641,1.2944867489833396
266,367,b23fb11991bb664d,cardiomegaly,on,0.1300479023824491,1.0,0.5494083170389431,0.7091308421701789,1.2365198520403329
267,371,fe977ddea6753ea5,cardiomegaly,off,0.19309581938414,1.0,0.3702971187858612,0.5384676929865688,1.2656590640797516
267,371,fe977ddea6753ea5,cardiomegaly,on,0.19309581938414,1.0,0.3911641692545944,0.5623471118172105,1.1118736541560097
268,374,3f426be3dbce8d45,cardiomegaly,off,0.1293900364993738,1.0,0.3611476193809352,0.5227871950998532,1.7267848926260252
268,374,3f426be3dbce8d45,cardiomegaly,on,0.1293900364993738,1.0,0.5839732999350776,0.7373436028961852,1.4475842218839257
269,394,e155acf502336722,cardiomegaly,off,0.1395309172599642,1.0,0.1815074230841949,0.303035833409124,0.9435231270317436
269,394,e155acf502336722,cardiomegaly,on,0.1395309172599642,1.0,0.4673098800303833,0.6369601548196367,1.039983549476502
270,396,e1fd40062c7ab19a,cardiomegaly,off,0.1398135559356558,1.0,0.2274456678801612,0.3669170748349141,1.0773078658910868
270,396,e1fd40062c7ab19a,cardiomegaly,on,0.1398135559356558,1.0,0.3682902972010925,0.5383215924567252,0.8255012889725142
271,398,58833757dee99e23,cardiomegaly,off,0.1118079616391094,1.0,0.2399917005333239,0.3825106822020652,0.9140567578351774
271,398,58833757dee99e23,cardiomegaly,on,0.1118079616391094,1.0,0.3888488373799554,0.5599486185224797,0.8106031656733946
272,401,bd494a54fa94017f,cardiomegaly,off,0.1520206228771642,1.0,0.2576757756859753,0.4029753750732189,0.997158174313936
272,401,bd494a54fa94017f,cardiomegaly,on,0.1520206228771642,1.0,0.3649523676160943,0.5347466676625141,0.7445867882059414
273,416,4e6f8212f10d165e,cardiomegaly,off,0.1687596547909692,1.0,0.2447783134007458,0.3866187873984225,1.2020127312618147
273,416,4e6f8212f10d165e,cardiomegaly,on,0.1687596547909692,1.0,0.4448770087002076,0.6157882276737612,0.8925922416473602
274,418,8c69ef3783ae4d44,cardiomegaly,off,0.1525517886642398,1.0,0.1749112506336263,0.2877166337201682,1.3598194616284796
274,418,8c69ef3783ae4d44,cardiomegaly,on,0.1525517886642398,1.0,0.5526708516989528,0.7118886347257815,1.1841028724679123
275,423,87a3f87cfabe7f9c,cardiomegaly,off,0.1630337850679064,0.0,0.0301841174787971,0.0584936096873428,-0.6723470990583239
275,423,87a3f87cfabe7f9c,cardiomegaly,on,0.1630337850679064,0.0,0.0302779152269897,0.0587759223224333,-0.3275694862015149
276,428,c896dee4d23f27f9,cardiomegaly,off,0.1487020549780955,1.0,0.2837584126943522,0.4369298505933288,0.929539887760068
276,428,c896dee4d23f27f9,cardiomegaly,on,0.1487020549780955,1.0,0.4035506613995014,0.5750400182865533,0.7954234697140546
277,433,fb0f65c1d50aa8a3,cardiomegaly,off,0.1351305254642827,1.0,0.1970724443114835,0.3239876356592971,0.9882694297630432
277,433,fb0f65c1d50aa8a3,cardiomegaly,on,0.1351305254642827,1.0,0.4149418957932397,0.5865093509126253,0.8423521731953574
278,445,6b3b424c930e3c69,cardiomegaly,off,0.1405006603024234,1.0,0.2424132345511415,0.3838860657963946,0.862912906841868
278,445,6b3b424c930e3c69,cardiomegaly,on,0.1405006603024234,1.0,0.3646354687574858,0.5343972757466666,0.7311700651529686
279,451,859c80b4cc1b7d6b,cardiomegaly,off,0.1665424031109746,1.0,0.2730488356401167,0.418438049275588,1.1208865175917206
279,451,859c80b4cc1b7d6b,cardiomegaly,on,0.1665424031109746,1.0,0.4928155553465695,0.6602463433863417,0.9898120618887424
280,453,f8586b048fcc9d50,cardiomegaly,off,0.1626780501829841,1.0,0.3726115440547188,0.5420412812509182,1.3343401110050457
280,453,f8586b048fcc9d50,cardiomegaly,on,0.1626780501829841,1.0,0.4084411404046363,0.5799885613206126,1.05926313650342
281,478,35f23ba3e2874c45,cardiomegaly,off,0.1323285041104435,1.0,0.2723701188873558,0.4237093922697575,1.0270275127410786
281,478,35f23ba3e2874c45,cardiomegaly,on,0.1323285041104435,1.0,0.409079428351168,0.580630317368427,0.8242016570659957
282,480,d45acc110431b7cc,cardiomegaly,off,0.177375261318948,1.0,0.2093508133195313,0.3376488530114259,1.1563744982327742
282,480,d45acc110431b7cc,cardiomegaly,on,0.177375261318948,1.0,0.394555801124631,0.5658411971823759,0.749743518262093
283,482,6f9d68ac1e5c1f30,cardiomegaly,off,0.1819803225004751,1.0,0.2715069365485789,0.4196156358312212,0.9874168168714654
283,482,6f9d68ac1e5c1f30,cardiomegaly,on,0.1819803225004751,1.0,0.3564101557034136,0.5255142731362408,0.6695712337710721
284,487,7bf705c20a586dc0,cardiomegaly,off,0.1588283164968398,0.0,0.231963659841379,0.3722374370427521,0.9602222034987176
284,487,7bf705c20a586dc0,cardiomegaly,on,0.1588283164968398,0.0,0.3136124657317696,0.4774776119953186,0.6689615673802015
285,494,3c1cf07a675d1898,cardiomegaly,off,0.1341948939861312,1.0,0.2742380728499666,0.425349362301788,1.1158300022940002
285,494,3c1cf07a675d1898,cardiomegaly,on,0.1341948939861312,1.0,0.3626593234159643,0.5322787828601094,0.8648923166930388
286,497,6391a90b95e3ec53,cardiomegaly,off,0.1646662670740562,1.0,0.312365918384164,0.4657822160159972,1.2374932245999395
286,497,6391a90b95e3ec53,cardiomegaly,on,0.1646662670740562,1.0,0.4305515125352961,0.6019249253495271,0.8703773691463544
287,504,baaade0d652588df,cardiomegaly,off,0.1569521804599213,1.0,0.2291548497717172,0.366778589612544,1.3404858345259816
287,504,baaade0d652588df,cardiomegaly,on,0.1569521804599213,1.0,0.530672060574551,0.6933637266690817,1.124078480992722
288,505,72d910c6519cd39e,cardiomegaly,off,0.1674536691860493,1.0,0.321904848202586,0.4793337645373706,1.6031137121970624
288,505,72d910c6519cd39e,cardiomegaly,on,0.1674536691860493,1.0,0.4628040921034815,0.6327627430342782,1.277579567707628
289,511,1a9419899edfacb1,cardiomegaly,off,0.1651535751355934,0.0,0.1128646629056577,0.1996644566105364,-0.0565139449790582
289,511,1a9419899edfacb1,cardiomegaly,on,0.1651535751355934,0.0,0.0805822717674159,0.1491426237513664,-0.0627555925486968
290,517,b999b82f377b197d,cardiomegaly,off,0.1827746346407808,1.0,0.3114303863176987,0.4744544055778646,0.8474021651278763
290,517,b999b82f377b197d,cardiomegaly,on,0.1827746346407808,1.0,0.3179121506601062,0.4824479351755705,0.5923542359375691
291,519,966db46987810e93,cardiomegaly,off,0.1322895194655205,0.0,0.2084170174967735,0.3446957765722528,0.7432112007460967
291,519,966db46987810e93,cardiomegaly,on,0.1322895194655205,0.0,0.2258106274230834,0.3684263779445049,0.5167899857696232
292,529,dee75173b4711883,cardiomegaly,off,0.1543889400562353,0.0,0.2920942150885018,0.4513956583847774,0.4087660263654786
292,529,dee75173b4711883,cardiomegaly,on,0.1543889400562353,0.0,0.1760422874044834,0.2993756879220398,0.2232166468251129
293,18,e9c6af6099408088,interstitial pattern,off,0.165017128878363,0.0,0.1507020606374292,0.260921485962519,0.3001166640276411
293,18,e9c6af6099408088,interstitial pattern,on,0.165017128878363,0.0,0.1375329563133488,0.2418038462505679,0.1992056105954013
294,46,a1d99527701d5849,interstitial pattern,off,0.1776578999946396,1.0,0.3544898104303741,0.5077317937120486,1.6327527261037296
294,46,a1d99527701d5849,interstitial pattern,on,0.1776578999946396,1.0,0.5909425528800848,0.7428712938384644,1.2842339103123714
295,55,cf6f75b020455153,interstitial pattern,off,0.1620932805091394,1.0,0.1146097677064347,0.2013777565499349,1.1014175889015787
295,55,cf6f75b020455153,interstitial pattern,on,0.1620932805091394,1.0,0.1865569241127918,0.3144378508079283,0.5068964902300822
296,66,b38f8a63b1025b6b,interstitial pattern,off,0.1595544055085303,0.0,0.2689913683132939,0.4227892785082049,1.1529191266851937
296,66,b38f8a63b1025b6b,interstitial pattern,on,0.1595544055085303,0.0,0.2968645585695347,0.4578188280390104,0.9449626646781464
297,73,90318a9405c3be4a,interstitial pattern,off,0.1295995789658348,1.0,0.3782235197495702,0.5486020443202847,2.241463313537951
297,73,90318a9405c3be4a,interstitial pattern,on,0.1295995789658348,1.0,0.2903307219484807,0.449995705575184,2.498094984400942
298,94,90f3c92844fe7854,interstitial pattern,off,0.1318947999356753,1.0,0.2038181701703257,0.3327222356603273,1.0696566992361596
298,94,90f3c92844fe7854,interstitial pattern,on,0.1318947999356753,1.0,0.4177313080466587,0.5892776849141794,0.8679811080868648
299,144,a32a449182cc66e6,interstitial pattern,off,0.1616839417374481,1.0,0.4966315682039971,0.6614901203425287,1.9659984199427296
299,144,a32a449182cc66e6,interstitial pattern,on,0.1616839417374481,1.0,0.3882336892521204,0.5592897714468708,1.942456059148688
300,169,d40002e75a46ce19,interstitial pattern,off,0.1034603745449761,1.0,0.4177898902351964,0.5826903999058952,1.8011747067677442
300,169,d40002e75a46ce19,interstitial pattern,on,0.1034603745449761,1.0,0.4936488010733574,0.6607735190208748,1.949408130859276
301,187,f9d1f5bfeb6e20bc,interstitial pattern,off,0.1394919326150412,1.0,0.3533993315773837,0.5160055326285587,1.4155493118054443
301,187,f9d1f5bfeb6e20bc,interstitial pattern,on,0.1394919326150412,1.0,0.4917400745870992,0.6592830022729154,1.3288556369184747
302,210,d04d05023f7c74ed,interstitial pattern,off,0.1557436564673089,1.0,0.4661944755365003,0.6319880920303651,1.868855678336253
302,210,d04d05023f7c74ed,interstitial pattern,on,0.1557436564673089,1.0,0.4551736271104628,0.6255730931898632,2.2435121211729028
303,229,211047ec8fa23fdb,interstitial pattern,off,0.2004249326296605,1.0,0.2745586825338213,0.4129870024658481,2.069084957809378
303,229,211047ec8fa23fdb,interstitial pattern,on,0.2004249326296605,1.0,0.1102767329488541,0.1986406323466024,2.126589963789439
304,230,6699fd266091dac8,interstitial pattern,off,0.1632628198568289,1.0,0.2634517629091605,0.412636080570582,0.7808006351721509
304,230,6699fd266091dac8,interstitial pattern,on,0.1632628198568289,1.0,0.311714388151528,0.4752685941479844,0.6215666218218988
305,262,422fd65f92b19406,interstitial pattern,off,0.1558557373214625,1.0,0.1945065578565493,0.3229886291907889,0.7890460955664824
305,262,422fd65f92b19406,interstitial pattern,on,0.1558557373214625,1.0,0.2946732918554799,0.4552044867928373,0.5696410513036068
306,277,d517c7f3330a223f,interstitial pattern,off,0.1481026660624046,1.0,0.5145003487039692,0.6719499923251551,1.926108745117688
306,277,d517c7f3330a223f,interstitial pattern,on,0.1481026660624046,1.0,0.6346906442406103,0.7765255244771121,1.7325842815229338
307,295,63d56094353813df,interstitial pattern,off,0.1498959597288618,1.0,0.3017625053696915,0.4616705591890359,1.228764664171564
307,295,63d56094353813df,interstitial pattern,on,0.1498959597288618,1.0,0.343617048258016,0.5114804043766832,1.0516500507327924
308,310,c00225f5e8666d20,interstitial pattern,off,0.1677752925066639,1.0,0.4371736415643912,0.5993891995877471,1.7095332759120596
308,310,c00225f5e8666d20,interstitial pattern,on,0.1677752925066639,1.0,0.5458144745970328,0.7061736867350753,1.1485309736859073
309,311,5461f5f492d355f9,interstitial pattern,off,0.1718686802235769,0.0,0.3966214893960496,0.566952663233988,1.6090241599081656
309,311,5461f5f492d355f9,interstitial pattern,on,0.1718686802235769,0.0,0.4237641353364978,0.5952725622072913,1.473259879546981
310,315,0449a885c64c1338,interstitial pattern,off,0.1864830489890794,1.0,0.282831070134819,0.4348932474863568,0.7559168910097903
310,315,0449a885c64c1338,interstitial pattern,on,0.1864830489890794,1.0,0.3017495331416299,0.463590703115265,0.5062947636634911
311,329,e1193f1b5d09f86a,interstitial pattern,off,0.1689643241768148,1.0,0.3294720306311431,0.4937905900051757,1.1268491926280668
311,329,e1193f1b5d09f86a,interstitial pattern,on,0.1689643241768148,1.0,0.3816418945310924,0.552445367894687,0.8156452547016446
312,389,bcdb44370d7eb1d4,interstitial pattern,off,0.2033195425151918,1.0,0.3133885242579741,0.4673062774546938,1.1530399388563757
312,389,bcdb44370d7eb1d4,interstitial pattern,on,0.2033195425151918,1.0,0.3253333119027911,0.4909246384321198,0.7355587719379795
313,402,87dcc15c2f19b537,interstitial pattern,off,0.1696514285435824,1.0,0.2941130658974524,0.4527366094381193,1.3441772692748852
313,402,87dcc15c2f19b537,interstitial pattern,on,0.1696514285435824,1.0,0.3353090027534549,0.502219335030494,1.0015324100561718
314,405,7fd9d691815896db,interstitial pattern,off,0.1840123971170855,1.0,0.5403150979566813,0.6971958798840033,1.5974794402917014
314,405,7fd9d691815896db,interstitial pattern,on,0.1840123971170855,1.0,0.5430885232401629,0.7038884959614065,1.131113738861797
315,429,9b6e215db52ea84a,interstitial pattern,off,0.1510849913990127,1.0,0.2196241193931636,0.3571946044286899,0.9139886175754992
315,429,9b6e215db52ea84a,interstitial pattern,on,0.1510849913990127,1.0,0.3007401479156445,0.462396333733695,0.5935139370648699
316,430,f0a56bcd504f6ff8,interstitial pattern,off,0.1674341768635878,1.0,0.2536123863586463,0.3957126095041737,1.1572597650109069
316,430,f0a56bcd504f6ff8,interstitial pattern,on,0.1674341768635878,1.0,0.4589436172889772,0.6291343235274356,0.9246547870479024
317,441,b6d42511ef9b2567,interstitial pattern,off,0.1579609081473034,0.0,0.100142747987366,0.1810505235991489,0.3876119041086433
317,441,b6d42511ef9b2567,interstitial pattern,on,0.1579609081473034,0.0,0.1372643653550279,0.2413922532191537,0.2045673555357683
318,448,0c531bccfb44e11f,interstitial pattern,off,0.1727750732180362,1.0,0.2652944252015931,0.4180889814498719,1.0032671803711095
318,448,0c531bccfb44e11f,interstitial pattern,on,0.1727750732180362,1.0,0.3064823374933534,0.4691706136101247,0.6467780170854228
319,450,20664a317941438a,interstitial pattern,off,0.1528100619368546,1.0,0.2848045740884746,0.4370329124683338,1.2545350675877605
319,450,20664a317941438a,interstitial pattern,on,0.1528100619368546,1.0,0.4237757890830996,0.5952780147956808,0.8573499621910757
320,474,ef925bdd7a9847b9,interstitial pattern,off,0.1565964455749991,1.0,0.2575575732771197,0.405865060711664,0.6933036576680535
320,474,ef925bdd7a9847b9,interstitial pattern,on,0.1565964455749991,1.0,0.3364667340892932,0.5035124742310381,0.6273120835315331
321,475,ec7abfbf765e1690,interstitial pattern,off,0.1614890185128332,1.0,0.4361623074656514,0.5913191903138749,1.394242582431262
321,475,ec7abfbf765e1690,interstitial pattern,on,0.1614890185128332,1.0,0.5650492667714049,0.7220668794552836,1.2253224183356537
322,483,67bd3c74cf584ff0,interstitial pattern,off,0.1342484978729003,1.0,0.3872954497259673,0.5561481392161216,1.3946146253534164
322,483,67bd3c74cf584ff0,interstitial pattern,on,0.1342484978729003,1.0,0.4249043769582677,0.596395635988628,1.2978122844687925
323,496,262c886227014d4e,interstitial pattern,off,0.148473020189173,1.0,0.3293620905602784,0.4919334636094046,0.755241270633496
323,496,262c886227014d4e,interstitial pattern,on,0.148473020189173,1.0,0.3974628566461037,0.5688345614102787,0.7930239867800104
324,506,598bd23a0f437d3c,interstitial pattern,off,0.1707088870371182,1.0,0.3441771099651479,0.5040609096956381,1.4540781697254732
324,506,598bd23a0f437d3c,interstitial pattern,on,0.1707088870371182,1.0,0.4249889238636594,0.5964596890021733,0.8910680187933001
325,507,fec6422c494e2973,interstitial pattern,off,0.1944992666013673,0.0,0.4201618238821236,0.5892539279562128,0.9995116807484908
325,507,fec6422c494e2973,interstitial pattern,on,0.1944992666013673,0.0,0.3926795556943125,0.5639108408318408,0.721915104640047
326,2,5ba6a17e672673ac,nodule,off,0.1977593575330516,0.0,0.0073221172559859,0.0145302704443664,1.4937041912107931
326,2,5ba6a17e672673ac,nodule,on,0.1977593575330516,0.0,0.0143170558149913,0.0282296505273302,2.132733415064427
327,4,31cef6e4e32f976a,nodule,off,0.1619081034457553,0.0,0.020018070231079,0.0391961984452333,1.177074874174599
327,4,31cef6e4e32f976a,nodule,on,0.1619081034457553,0.0,0.0221028640374592,0.043249674821241,0.9571363198199986
328,5,791df30f73b6bdce,nodule,off,0.1880619271084601,0.0,0.0334259345062199,0.0644652656330089,1.7009566361784318
328,5,791df30f73b6bdce,nodule,on,0.1880619271084601,0.0,0.0382889353758297,0.0737533019097216,1.9578918705199304
329,16,c5382ff48d694b35,nodule,off,0.160387702293759,0.0,0.0519120325624411,0.0986099107342482,0.8269209111633237
329,16,c5382ff48d694b35,nodule,on,0.160387702293759,0.0,0.0566026557014752,0.1071393868866707,0.4318841628262219
330,17,d4d6c8a665a118fd,nodule,off,0.1607775487429888,1.0,0.3225116640286317,0.4698038229678851,3.801819238671598
330,17,d4d6c8a665a118fd,nodule,on,0.1607775487429888,1.0,0.0673176629708976,0.1261409733602901,2.450466595226349
331,23,6a273e887e794c84,nodule,off,0.1382541701387366,1.0,0.0792192268804669,0.1442309572501695,2.939935558507417
331,23,6a273e887e794c84,nodule,on,0.1382541701387366,1.0,0.0390410796847775,0.0751467170528819,2.654518453900504
332,26,2703456a007cdfd6,nodule,off,0.1501980907270149,0.0,0.0176268966105587,0.0345070978638212,1.861918816541996
332,26,2703456a007cdfd6,nodule,on,0.1501980907270149,0.0,0.0170262419747821,0.0334821834627419,2.4931765801501924
333,30,15a9576ba2bd05d5,nodule,off,0.1905813097866078,0.0,0.1993581875473202,0.3251270856019502,0.5770798823632008
333,30,15a9576ba2bd05d5,nodule,on,0.1905813097866078,0.0,0.1926636727292321,0.3230714399519349,0.1966092593175689
334,35,6f70f0b7f328ad04,nodule,off,0.1743247128537247,0.0,0.02076153352836,0.040492408021491,2.264064052233154
334,35,6f70f0b7f328ad04,nodule,on,0.1743247128537247,0.0,0.0251259167859005,0.0490195449057746,2.3009208282014653
335,40,46f6e4be988ee1fe,nodule,off,0.1539259973977749,1.0,0.0189118315579841,0.0369363203931056,2.5918114369804703
335,40,46f6e4be988ee1fe,nodule,on,0.1539259973977749,1.0,0.0160837625587429,0.0316580052538654,2.4677579077257668
336,51,dd36e0c7c263a696,nodule,off,0.1395504095824257,1.0,0.3737076730144499,0.5434873112021106,1.5569527765050075
336,51,dd36e0c7c263a696,nodule,on,0.1395504095824257,1.0,0.3609812986545954,0.530464479068544,1.5865625722276755
337,57,529ec6d31cd9f947,nodule,off,0.1748168939958773,0.0,0.0976306525143129,0.1773912155852884,1.2786113047358918
337,57,529ec6d31cd9f947,nodule,on,0.1748168939958773,0.0,0.1244720054813997,0.2213874363350535,1.5723898444899251
338,58,e4874abd256cb5f3,nodule,off,0.1713764990814243,0.0,0.0084080213738043,0.0166614578901465,1.4633800263237209
338,58,e4874abd256cb5f3,nodule,on,0.1713764990814243,0.0,0.0195814520887739,0.0384100659445153,2.3566051509901063
339,67,136ada2e2567ad2d,nodule,off,0.1541160475417745,1.0,0.0770677131911997,0.1428090689987242,0.440844789062362
339,67,136ada2e2567ad2d,nodule,on,0.1541160475417745,1.0,0.093600567749469,0.1711785941923503,0.400155674211245
340,71,627d7e9da9da4248,nodule,off,0.1918434376659893,1.0,0.1886043819275057,0.3172974276341666,0.4946445731877554
340,71,627d7e9da9da4248,nodule,on,0.1918434376659893,1.0,0.1806010474345422,0.3059473755528752,0.3060981290872006
341,81,12921884d73c94c5,nodule,off,0.1598711557485295,0.0,0.1499732879134745,0.2589474769889973,1.4464960406987384
341,81,12921884d73c94c5,nodule,on,0.1598711557485295,0.0,0.1684717531543096,0.2883541020539074,1.48305254834285
342,95,c69c8f6cd26e7283,nodule,off,0.1796461168857116,1.0,0.0829784372572655,0.1515554589904512,2.1719028285437583
342,95,c69c8f6cd26e7283,nodule,on,0.1796461168857116,1.0,0.0566210144680894,0.1071699836111792,2.310145487332856
343,96,3c565fb2a9b98cd8,nodule,off,0.1842121934223158,0.0,0.0503895433771391,0.0958109375700301,1.229334105044769
343,96,3c565fb2a9b98cd8,nodule,on,0.1842121934223158,0.0,0.0508662651550365,0.0968077491472845,0.8409501311230562
344,99,de8bae8c48874a29,nodule,off,0.1449010520981048,1.0,0.0803284672964053,0.1419974559692408,3.1621836896128723
344,99,de8bae8c48874a29,nodule,on,0.1449010520981048,1.0,0.0301389257754617,0.0585129671286755,2.5982675964909308
345,100,4b5257cd5e0a6456,nodule,off,0.1783011466358688,0.0,0.0516825781634586,0.0979712193220336,1.8276570862059345
345,100,4b5257cd5e0a6456,nodule,on,0.1783011466358688,0.0,0.0536911608600037,0.1019099980077419,2.254396966311892
346,101,62b654fbb6e1bf36,nodule,off,0.1768928263380261,0.0,0.0,0.0,-0.5246999818508431
346,101,62b654fbb6e1bf36,nodule,on,0.1768928263380261,0.0,0.0,0.0,-0.4938790822625543
347,102,1e9da71c70d41927,nodule,off,0.1451885638544118,1.0,0.1443785864791908,0.2440518809602239,3.69741189814664
347,102,1e9da71c70d41927,nodule,on,0.1451885638544118,1.0,0.0419816253256939,0.0805751405643411,2.646844450951445
348,109,beec2434ff624b6b,nodule,off,0.1819608301780136,0.0,0.2177602373447079,0.3572129035554928,1.4565056264340293
348,109,beec2434ff624b6b,nodule,on,0.1819608301780136,0.0,0.2354648921009538,0.3811746367296099,1.381553938752235
349,110,53bf9055496e7700,nodule,off,0.2220906490456071,1.0,0.0382744984346733,0.0735861872553979,1.947482904137168
349,110,53bf9055496e7700,nodule,on,0.2220906490456071,1.0,0.0404037972754782,0.0776690739187351,1.960270358443738
350,119,4b8172a7de453a27,nodule,off,0.1591889244623773,0.0,0.0,0.0,0.0040616927900488
350,119,4b8172a7de453a27,nodule,on,0.1591889244623773,0.0,0.0,0.0,-0.4678611288084194
351,122,388ba4ddcba88c63,nodule,off,0.1208572723418563,1.0,0.3492950174372928,0.5137624076510494,2.3177621322735544
351,122,388ba4ddcba88c63,nodule,on,0.1208572723418563,1.0,0.1841679810256652,0.3110280901118358,3.092994752493664
352,135,fcbe7d0e9937ca08,nodule,off,0.1445940480193364,0.0,0.0,0.0,0.3531817095380996
352,135,fcbe7d0e9937ca08,nodule,on,0.1445940480193364,0.0,0.0001069817505168,0.0002139300646571,-0.3810120715887641
353,152,62eb41a49c59044c,nodule,off,0.1487507857842492,0.0,0.0002023511235808,0.0004043567001324,-0.4049352928587553
353,152,62eb41a49c59044c,nodule,on,0.1487507857842492,0.0,0.0,0.0,-0.4398296601099172
354,160,9f3085bc1714fbfc,nodule,off,0.16968554010789,0.0,0.0602996919080622,0.1134985084326535,-0.3547059277486023
354,160,9f3085bc1714fbfc,nodule,on,0.16968554010789,0.0,0.0483810072527118,0.0922958002130582,-0.1389262809141468
355,179,af8b609a0d8420b6,nodule,off,0.166625245481436,0.0,0.0080356395266984,0.0158407268382231,1.3428270807201446
355,179,af8b609a0d8420b6,nodule,on,0.166625245481436,0.0,0.0139848509344524,0.0275836044335749,2.3556973948179434
356,181,46d32bdb4e0bfc6d,nodule,off,0.170143609685735,0.0,0.0090829175781247,0.0178375669728095,0.1916731323375431
356,181,46d32bdb4e0bfc6d,nodule,on,0.170143609685735,0.0,0.0004112675089222,0.0008218409495588,-0.4146210797178081
357,188,178af366c915dc33,nodule,off,0.1655824062297462,1.0,0.0557464888618491,0.1042613148236749,2.119400532036749
357,188,178af366c915dc33,nodule,on,0.1655824062297462,1.0,0.0547607227761736,0.1038250546090582,2.407853397198413
358,194,1547ed2ca0dc7cf8,nodule,off,0.1481172853042507,1.0,0.2799065217007895,0.417878609949444,2.732235816872139
358,194,1547ed2ca0dc7cf8,nodule,on,0.1481172853042507,1.0,0.0994128889880236,0.1808215474262322,2.714086966375815
359,202,311cae76649c299c,nodule,off,0.1587211087233016,0.0,0.0065450647124963,0.0129840870515833,1.0832377064283356
359,202,311cae76649c299c,nodule,on,0.1587211087233016,0.0,0.0093019121961731,0.0184320561797391,1.067592309141206
360,203,7b3442fcfa554b56,nodule,off,0.1875746190469228,0.0,0.1816672325051949,0.3039233194839468,1.1027802678313123
360,203,7b3442fcfa554b56,nodule,on,0.1875746190469228,0.0,0.179083734690465,0.3036970552482723,0.7658185006024547
361,208,fa45a0c99089f06d,nodule,off,0.1583166430322256,1.0,0.5899803013153899,0.7353544147086776,2.51044337171314
361,208,fa45a0c99089f06d,nodule,on,0.1583166430322256,1.0,0.2049754876726387,0.3401850117496275,2.723161337304421
362,212,4a2cc7f50a322c9b,nodule,off,0.159145066736839,1.0,0.1569436912458809,0.2655519296278481,3.168625998005063
362,212,4a2cc7f50a322c9b,nodule,on,0.159145066736839,1.0,0.0608234115408891,0.1146678670175399,2.478375203834255
363,225,f6618661e9c11ab9,nodule,off,0.1853768596893898,0.0,0.047984590333225,0.0910257783984105,1.587510948669645
363,225,f6618661e9c11ab9,nodule,on,0.1853768596893898,0.0,0.0477703794386263,0.0911835836365017,2.135235395246731
364,226,dc3b1a2842b5bde9,nodule,off,0.1648709364599018,0.0,0.0085235344634912,0.0168820855993231,1.7975610829132145
364,226,dc3b1a2842b5bde9,nodule,on,0.1648709364599018,0.0,0.0140630020246024,0.0277358457431681,2.339880696145061
365,231,e6a6edb9671f4997,nodule,off,0.1265539035812269,0.0,0.0271811034128004,0.0526695963702191,1.1559194633988337
365,231,e6a6edb9671f4997,nodule,on,0.1265539035812269,0.0,0.0505129026093865,0.0961680106293368,1.0816669583991332
366,237,1a56067563f9d98b,nodule,off,0.117884693166479,0.0,0.0336966925848113,0.0628444003283058,0.5379344468703218
366,237,1a56067563f9d98b,nodule,on,0.117884693166479,0.0,0.0683083558815033,0.1278710689510372,0.197649489542543
367,243,7fd1d6abc4eb09b7,nodule,off,0.1163886574175596,0.0,0.0045204545114125,0.0089945188123822,1.8335163888627184
367,243,7fd1d6abc4eb09b7,nodule,on,0.1163886574175596,0.0,0.0212791445817844,0.0416707828318973,2.916646166984079
368,244,10dd1cccf6713426,nodule,off,0.1551247752291566,0.0,0.1337511325947333,0.2330788334663528,1.2143968170912556
368,244,10dd1cccf6713426,nodule,on,0.1551247752291566,0.0,0.1700098127764118,0.2905992078064734,1.1663897148079896
369,245,a4ca156bdc6f1e50,nodule,off,0.1724778153004985,0.0,0.0,0.0,-0.3635379684211301
369,245,a4ca156bdc6f1e50,nodule,on,0.1724778153004985,0.0,0.0,0.0,-0.4813232713445227
370,278,e49b9f94ea41c15c,nodule,off,0.1531268121768538,1.0,0.1535846369518532,0.2581978283448253,3.914934089326356
370,278,e49b9f94ea41c15c,nodule,on,0.1531268121768538,1.0,0.0386088687875131,0.0743452264053001,2.520282461540795
371,287,a434b5c1c1c293b7,nodule,off,0.1134209513227977,1.0,0.2076343126930044,0.3359262039473175,2.9302227588613063
371,287,a434b5c1c1c293b7,nodule,on,0.1134209513227977,1.0,0.0987918327784782,0.179811024267413,3.053838075912412
372,299,f9333b96ded07222,nodule,off,0.1693103129005063,1.0,0.018239119262672,0.0356867539909133,2.405638103545149
372,299,f9333b96ded07222,nodule,on,0.1693103129005063,1.0,0.0195655274004968,0.0383797633779226,2.3322864538151107
373,300,cb476906290891fc,nodule,off,0.1933589657373702,0.0,0.0296894446632845,0.0575729685810367,1.5286607484997907
373,300,cb476906290891fc,nodule,on,0.1933589657373702,0.0,0.0380269105020982,0.0732674512262309,1.8575039588028768
374,304,454c77ff1a863eb0,nodule,off,0.1730772042161893,1.0,0.1707511959417747,0.2839992337062068,2.298654160089347
374,304,454c77ff1a863eb0,nodule,on,0.1730772042161893,1.0,0.1269995665646837,0.2253653093256564,2.4332964349983786
375,317,79b3a198942ba36e,nodule,off,0.1642130705768265,0.0,0.0254554659935226,0.0493612411993823,0.4807396785755933
375,317,79b3a198942ba36e,nodule,on,0.1642130705768265,0.0,0.014742627067151,0.0290559028060903,-0.0778160922894371
376,332,4616b3605893256b,nodule,off,0.1522155461017791,1.0,0.1105760495564829,0.1970252344878648,1.3062840983499302
376,332,4616b3605893256b,nodule,on,0.1522155461017791,1.0,0.2340242082408247,0.3792761643789004,1.3343424888916584
377,341,4760706a91f4d806,nodule,off,0.1613915569005258,0.0,0.0254375500100457,0.0494155455890777,2.383613197087827
377,341,4760706a91f4d806,nodule,on,0.1613915569005258,0.0,0.0209841831043837,0.0411054513964968,2.38908790976853
378,345,5c7d19c41a7a931a,nodule,off,0.1399402560316555,1.0,0.4998342523658811,0.6625818907145512,1.9521862166423865
378,345,5c7d19c41a7a931a,nodule,on,0.1399402560316555,1.0,0.5896537230017508,0.7418637969407109,1.7053701096224836
379,353,baba146980179c15,nodule,off,0.1791588088241743,0.0,0.0463624417596765,0.0879938377746732,2.195403121848323
379,353,baba146980179c15,nodule,on,0.1791588088241743,0.0,0.0364120554875989,0.0702648121600605,2.257371619834024
380,354,1ba64d275eacfef0,nodule,off,0.1620055650580627,0.0,0.0034565857073069,0.006852457289299,0.429748123412396
380,354,1ba64d275eacfef0,nodule,on,0.1620055650580627,0.0,0.0,0.0,-0.4600790399751406
381,369,bcc6697081a43ebb,nodule,off,0.1724047190912679,0.0,0.0230389925853738,0.044882768782737,2.1571600034424763
381,369,bcc6697081a43ebb,nodule,on,0.1724047190912679,0.0,0.0284953992295472,0.0554110745490723,2.317273042773054
382,375,2fe0944b4d020733,nodule,off,0.1719856341583459,1.0,0.4147122863708118,0.5812302749533828,2.213256409510593
382,375,2fe0944b4d020733,nodule,on,0.1719856341583459,1.0,0.2036189118924224,0.3383219492799749,2.5633539156941265
383,385,903704ca004bf410,nodule,off,0.1768830801767953,0.0,0.0284633800358607,0.0553259702467095,1.821408143854192
383,385,903704ca004bf410,nodule,on,0.1768830801767953,0.0,0.0255459696336784,0.0498191086433605,2.231280796802804
384,392,cdd145559ca14b6a,nodule,off,0.1744367937078783,0.0,0.004366789641421,0.0086659097619369,0.8628920620677687
384,392,cdd145559ca14b6a,nodule,on,0.1744367937078783,0.0,0.0039770928685347,0.0079222678373485,0.2924479497079092
385,406,4ac5bdc88a2f8372,nodule,off,0.1159695724846376,1.0,0.2004027833946284,0.3292485298854609,1.050637570251377
385,406,4ac5bdc88a2f8372,nodule,on,0.1159695724846376,1.0,0.43191625451663,0.603265251370191,0.894664531285842
386,409,29b9cb23329cf7cd,nodule,off,0.1774727229312554,0.0,0.1519490234916834,0.2620127994426756,0.9608426749839164
386,409,29b9cb23329cf7cd,nodule,on,0.1774727229312554,0.0,0.1780916448537219,0.3023389034597928,0.751851933245125
387,419,47f29da1a3e01ce1,nodule,off,0.1500031675024,1.0,0.1811404234131815,0.2924123550804848,2.237927975325423
387,419,47f29da1a3e01ce1,nodule,on,0.1500031675024,1.0,0.1581020854774981,0.2730048663105717,2.735382384755481
388,427,cc9b83b25564404d,nodule,off,0.1292438440809126,1.0,0.4696353524899984,0.6118884535934371,3.592207611488021
388,427,cc9b83b25564404d,nodule,on,0.1292438440809126,1.0,0.0759380768093349,0.1411527246063489,2.8039580571390994
389,434,b49f828065841b72,nodule,off,0.1077535585671193,1.0,0.594576342557944,0.7399967669757804,2.3287942962549195
389,434,b49f828065841b72,nodule,on,0.1077535585671193,1.0,0.4927204361653409,0.6601475085665607,3.053653867780083
390,439,4b0c1be6f2fa0ae1,nodule,off,0.1286883128907601,1.0,0.6031677534065504,0.7484219098591712,2.664440610702088
390,439,4b0c1be6f2fa0ae1,nodule,on,0.1286883128907601,1.0,0.4437087241708125,0.6146599076000789,3.237970481649877
391,440,6a7040fd2005b413,nodule,off,0.1309250568932161,1.0,0.0294574470080755,0.0570954458102672,3.369718278620023
391,440,6a7040fd2005b413,nodule,on,0.1309250568932161,1.0,0.0197860242684244,0.0388041813584191,2.651316018035269
392,455,80701ea912c38968,nodule,off,0.1721025880931148,0.0,0.0140312977361618,0.0276460424284098,1.4623031762309004
392,455,80701ea912c38968,nodule,on,0.1721025880931148,0.0,0.0165336072189363,0.0325292198713898,1.8826129785494528
393,470,7a85d34d4d0f8e20,nodule,off,0.1656360101165153,0.0,0.0218713650173403,0.0427012685255196,1.486475536511416
393,470,7a85d34d4d0f8e20,nodule,on,0.1656360101165153,0.0,0.028009964429676,0.0544932614364483,1.9145174049096203
394,472,ab41a0f8182d4bc1,nodule,off,0.1601927790691441,0.0,0.0429743251117823,0.081997181071341,2.020732808549527
394,472,ab41a0f8182d4bc1,nodule,on,0.1601927790691441,0.0,0.0393797706334002,0.0757748202801999,2.4035295717439875
395,477,d5c1d9f7a116dfae,nodule,off,0.1495548440857857,0.0,0.0195600620063516,0.0382444924036463,1.2798884009799223
395,477,d5c1d9f7a116dfae,nodule,on,0.1495548440857857,0.0,0.0341167589223182,0.0659809497220397,1.313525408129467
396,488,08e40ded6a91cb4d,nodule,off,0.1742954743700325,0.0,0.0964628467226904,0.1746427480202148,1.3902314129950164
396,488,08e40ded6a91cb4d,nodule,on,0.1742954743700325,0.0,0.1069678899149635,0.1932581095321656,1.259139606839434
397,499,792effd3029389fb,nodule,off,0.1565087301239224,1.0,0.2810502890961054,0.4128437640529038,3.191325946481882
397,499,792effd3029389fb,nodule,on,0.1565087301239224,1.0,0.1047374341678438,0.1896085288914761,2.548492199863621
398,501,c353462c47a4a7ba,nodule,off,0.1657091063257459,0.0,0.0566427778152608,0.1069688020896442,0.43157094599112
398,501,c353462c47a4a7ba,nodule,on,0.1657091063257459,0.0,0.0702398150484681,0.1312582735893896,0.4954704323862413
399,521,84c18c7af86041aa,nodule,off,0.1689448318543533,0.0,0.0247172781160693,0.0481051033140874,1.0098216749681737
399,521,84c18c7af86041aa,nodule,on,0.1689448318543533,0.0,0.0216948332023182,0.0424681687358072,0.6243245768794217
400,528,36f0ee298e099997,nodule,off,0.1856594983650814,0.0,0.0036464547023923,0.0072447975582808,0.939808997552234
400,528,36f0ee298e099997,nodule,on,0.1856594983650814,0.0,0.0045896206033379,0.0091370821957935,0.419612445947822
401,13,33b179d6a89a32f1,pleural effusion,off,0.1273579618827634,1.0,0.3974199208568737,0.5658997042061235,1.5454456156253098
401,13,33b179d6a89a32f1,pleural effusion,on,0.1273579618827634,1.0,0.4943050207804714,0.6615845684965915,1.1454489951037603
402,21,3cf6ce745b74e09f,pleural effusion,off,0.1769074455798722,1.0,0.2238522596554982,0.3613318118545247,0.8815863883123533
402,21,3cf6ce745b74e09f,pleural effusion,on,0.1769074455798722,1.0,0.3254671762722197,0.4910958042334974,0.5788041955932499
403,34,69ee306d0de8bd2d,pleural effusion,off,0.1549883289719262,0.0,0.0701547657640917,0.1308797474738657,0.0737301312017114
403,34,69ee306d0de8bd2d,pleural effusion,on,0.1549883289719262,0.0,0.0726830210110272,0.1355158287535174,0.1595613534960198
404,43,e3f6aeb0d6419151,pleural effusion,off,0.1843437665989308,0.0,0.0,0.0,-1.169503185911991
404,43,e3f6aeb0d6419151,pleural effusion,on,0.1843437665989308,0.0,0.0,0.0,-0.5442102684906417
405,44,01f421ac2c8b7f23,pleural effusion,off,0.1423670501781111,1.0,0.3764323155996611,0.541935852101181,2.3930017203878013
405,44,01f421ac2c8b7f23,pleural effusion,on,0.1423670501781111,1.0,0.2446566777530432,0.3931103106290005,2.9117142577310826
406,47,46b5f3f2fe8fa92d,pleural effusion,off,0.2076127265373351,1.0,0.0390270097576851,0.0748994760117507,1.94465460112832
406,47,46b5f3f2fe8fa92d,pleural effusion,on,0.2076127265373351,1.0,0.0507293629660781,0.0965581222149453,2.08987606461209
407,49,c637f6b6fbc52aa6,pleural effusion,off,0.1314562226802918,1.0,0.461757246380117,0.6283167543123531,2.160152554998632
407,49,c637f6b6fbc52aa6,pleural effusion,on,0.1314562226802918,1.0,0.320879034438104,0.4858042492404039,2.893544862510067
408,52,ed2c6c44cda73bc0,pleural effusion,off,0.1312174417301385,0.0,0.0422753606574553,0.081063045333721,0.7836650558596423
408,52,ed2c6c44cda73bc0,pleural effusion,on,0.1312174417301385,0.0,0.0392353354819453,0.0755077932625557,0.5890954005563267
409,64,c0bc1579b347c146,pleural effusion,off,0.1518646842974723,0.0,0.1128032610890984,0.2016685486406845,1.559171407956404
409,64,c0bc1579b347c146,pleural effusion,on,0.1518646842974723,0.0,0.1149869575225271,0.206255551923992,1.9405196762032395
410,65,b54f6faaa57c06df,pleural effusion,off,0.1774970883343323,0.0,0.1636106515839804,0.2754195530591305,2.226149614648806
410,65,b54f6faaa57c06df,pleural effusion,on,0.1774970883343323,0.0,0.1016761493105334,0.1845807856670367,2.345536890680087
411,69,066ed6260c2c0c26,pleural effusion,off,0.1317632267590602,1.0,0.338517647908687,0.498272361335106,2.2830108361629566
411,69,066ed6260c2c0c26,pleural effusion,on,0.1317632267590602,1.0,0.1773906464424521,0.3013199056993614,2.78730323867537
412,74,d931503c9db08a1a,pleural effusion,off,0.1747681631897236,0.0,0.0621444752169345,0.1159212756267529,1.6918595444862026
412,74,d931503c9db08a1a,pleural effusion,on,0.1747681631897236,0.0,0.0713230652772532,0.1331447536762683,2.3508684484730145
413,75,a044fc0e6f3f828e,pleural effusion,off,0.1647929671700559,1.0,0.3504294518750298,0.5082007291350887,1.3634733231290783
413,75,a044fc0e6f3f828e,pleural effusion,on,0.1647929671700559,1.0,0.5229731369676899,0.6867763768135771,1.187093617995923
414,77,242ca5c078093efe,pleural effusion,off,0.1438241012821075,1.0,0.2135620339427992,0.3515744978337768,0.4062695944868038
414,77,242ca5c078093efe,pleural effusion,on,0.1438241012821075,1.0,0.2278649963379101,0.3711564311804616,0.4825918705014469
415,82,1eb9d327943618ba,pleural effusion,off,0.174159028112802,1.0,0.2198351905950797,0.3500057055364056,0.8752944185501654
415,82,1eb9d327943618ba,pleural effusion,on,0.174159028112802,1.0,0.3244173502523837,0.4898946535137189,0.5888201529849126
416,84,566c7b943e935e9b,pleural effusion,off,0.1746073515294163,1.0,0.4846941029763709,0.651035956299656,1.5236556728011477
416,84,566c7b943e935e9b,pleural effusion,on,0.1746073515294163,1.0,0.5273220728734277,0.6905168335480181,1.1839192564336107
417,104,8b726f2a1de4c3eb,pleural effusion,off,0.1666739762875897,1.0,0.3301094279337185,0.4935218979408278,2.3991963998695223
417,104,8b726f2a1de4c3eb,pleural effusion,on,0.1666739762875897,1.0,0.2367302530785075,0.3828223553820561,2.6010873263358363
418,106,21a6d0636b3a01d4,pleural effusion,off,0.1066473692674297,1.0,0.3331295545666118,0.4983961840261434,1.0609262226164038
418,106,21a6d0636b3a01d4,pleural effusion,on,0.1066473692674297,1.0,0.4330813175563908,0.604403945122778,0.943484843093606
419,117,61fa68c77304b149,pleural effusion,off,0.0843676446939461,1.0,0.3588683757898816,0.5278152823445876,2.263663483468988
419,117,61fa68c77304b149,pleural effusion,on,0.0843676446939461,1.0,0.227667229469248,0.3708706617362926,3.3778968636549105
420,118,c79c49fa0c554cf5,pleural effusion,off,0.1679750888118942,1.0,0.2697395209240445,0.4230090420910334,2.3418607146313866
420,118,c79c49fa0c554cf5,pleural effusion,on,0.1679750888118942,1.0,0.1063451156029164,0.1922235843036441,2.533060397663054
421,120,63e108cb88ff486f,pleural effusion,off,0.1524153424070094,1.0,0.2806725517764462,0.4349232047124854,2.228848752868041
421,120,63e108cb88ff486f,pleural effusion,on,0.1524153424070094,1.0,0.1471992678003673,0.2566048221341023,2.5911486212180903
422,121,b938250b4ece76c7,pleural effusion,off,0.106179553528354,1.0,0.4807651834701275,0.6408217121288713,1.8735873152192728
422,121,b938250b4ece76c7,pleural effusion,on,0.106179553528354,1.0,0.7183896155157812,0.8361174835035913,2.006672648909547
423,125,e5935687805a3671,pleural effusion,off,0.1340243361645931,0.0,0.0774359553564662,0.1428458518160618,0.5631812641037477
423,125,e5935687805a3671,pleural effusion,on,0.1340243361645931,0.0,0.0995494027629275,0.1810730788539039,0.4004836994154171
424,129,d4a6c3cdf04fa92c,pleural effusion,off,0.1439897860230301,1.0,0.2981938140935091,0.4567424940605524,1.0299166420669386
424,129,d4a6c3cdf04fa92c,pleural effusion,on,0.1439897860230301,1.0,0.3796725509178144,0.5503773497392538,0.7452935748249937
425,138,06efafe7ba8a9f72,pleural effusion,off,0.1576490309879196,1.0,0.4479738795977013,0.6172667057118296,1.789187515488679
425,138,06efafe7ba8a9f72,pleural effusion,on,0.1576490309879196,1.0,0.4426694320838211,0.6136600232459479,1.8469107284885136
426,140,ae9dbadf1fd84520,pleural effusion,off,0.1559629450950007,0.0,0.1413583368572608,0.2469935945394219,0.5840201799532904
426,140,ae9dbadf1fd84520,pleural effusion,on,0.1559629450950007,0.0,0.1722153444948426,0.2938210361840532,0.4896317178651375
427,150,a043d03d2cd28921,pleural effusion,off,0.1757476523934135,0.0,0.0424226442897342,0.0813856024755277,0.6671729417889828
427,150,a043d03d2cd28921,pleural effusion,on,0.1757476523934135,0.0,0.0440587700979792,0.0843990176290464,0.4041262547583414
428,151,2a0cd17299cb83b4,pleural effusion,off,0.1482439854002504,1.0,0.5458663384613279,0.6984906580071646,2.3534956327457075
428,151,2a0cd17299cb83b4,pleural effusion,on,0.1482439854002504,1.0,0.4134429421490521,0.5849902405394342,2.805945480237425
429,156,3a384669c19c2dfb,pleural effusion,off,0.1393359940353493,0.0,0.153263060254826,0.2614558401367032,0.3200935064832492
429,156,3a384669c19c2dfb,pleural effusion,on,0.1393359940353493,0.0,0.1020283287205301,0.1851427836326458,0.1620112782579655
430,164,2ca3b8f5c4485ed5,pleural effusion,off,0.1356129604452046,1.0,0.3335734761618927,0.4984816740315836,1.845367342434301
430,164,2ca3b8f5c4485ed5,pleural effusion,on,0.1356129604452046,1.0,0.2504301658231317,0.4005103995800773,2.1505477762965897
431,173,f7eb8b41524d2051,pleural effusion,off,0.1507584949977827,1.0,0.4983988557655999,0.6617646544669726,2.249872279825333
431,173,f7eb8b41524d2051,pleural effusion,on,0.1507584949977827,1.0,0.4034891293996492,0.5749683165746291,2.4150044239014634
432,174,f1cb59f606d0cbc1,pleural effusion,off,0.1420600460993426,0.0,0.0720985768312161,0.1321255941839859,0.2940636361159843
432,174,f1cb59f606d0cbc1,pleural effusion,on,0.1420600460993426,0.0,0.1298281849164186,0.2298189080068338,0.347655564464462
433,183,b0001c5493fecdb9,pleural effusion,off,0.1703726444746575,1.0,0.3691835263852555,0.5382826552043587,1.5482085428159766
433,183,b0001c5493fecdb9,pleural effusion,on,0.1703726444746575,1.0,0.3630392094194621,0.5326816560046812,1.2276826358583026
434,184,36daff27d00b22df,pleural effusion,off,0.1269145115467645,1.0,0.3182668773129219,0.4765946083254901,2.3156846285458705
434,184,36daff27d00b22df,pleural effusion,on,0.1269145115467645,1.0,0.1785622446303927,0.302997804828286,2.957668839699564
435,191,cf9720eb47d12024,pleural effusion,off,0.2007221905471982,1.0,0.207731249141201,0.3398304687295224,1.4650235094299773
435,191,cf9720eb47d12024,pleural effusion,on,0.2007221905471982,1.0,0.1143626526171613,0.2052376306994953,1.1468570070242623
436,201,f5361e372d0ecacb,pleural effusion,off,0.1564210146728457,1.0,0.5321717483073478,0.6820292412886596,2.231156064293832
436,201,f5361e372d0ecacb,pleural effusion,on,0.1564210146728457,1.0,0.7469241006655991,0.8551014178880921,1.9492420630134544
437,213,d5f1991994ffa543,pleural effusion,off,0.1578195888094576,1.0,0.2173159750093648,0.3568658957863788,1.8566777576666489
437,213,d5f1991994ffa543,pleural effusion,on,0.1578195888094576,1.0,0.1919605061840251,0.3220888188145652,1.949154881482253
438,215,ab272e3e0f1c8bfc,pleural effusion,off,0.1858787869927732,0.0,0.0929359951874304,0.1695906526246156,0.3523954219010035
438,215,ab272e3e0f1c8bfc,pleural effusion,on,0.1858787869927732,0.0,0.0933436758546693,0.1707345781662603,0.30019301220047
439,217,d499df8f16b53c58,pleural effusion,off,0.1454224717239497,1.0,0.2293957158673354,0.3568972281817911,2.782161495163884
439,217,d499df8f16b53c58,pleural effusion,on,0.1454224717239497,1.0,0.0998389307493083,0.181497663011301,2.80231781140478
440,218,72f351da77e93850,pleural effusion,off,0.113464809048336,1.0,0.5226077723424389,0.6840327003867068,2.3118075115761663
440,218,72f351da77e93850,pleural effusion,on,0.113464809048336,1.0,0.5838841203540761,0.7372788366619932,3.629378153737109
441,219,b7474324e13b9f32,pleural effusion,off,0.1281474009424538,1.0,0.4343203588019108,0.6053645755177721,2.270519384215877
441,219,b7474324e13b9f32,pleural effusion,on,0.1281474009424538,1.0,0.2743525384806379,0.4305273798534897,2.9560735673542133
442,224,3b50628e2520b822,pleural effusion,off,0.1646370285903639,1.0,0.4573617586054753,0.6244550636305777,1.8658598683305136
442,224,3b50628e2520b822,pleural effusion,on,0.1646370285903639,1.0,0.4793657162625865,0.6480666879127439,1.74987890434989
443,227,6a5adc67bfa17890,pleural effusion,off,0.1798069285460189,1.0,0.115650446717691,0.2029661159638597,2.2437103690390523
443,227,6a5adc67bfa17890,pleural effusion,on,0.1798069285460189,1.0,0.0666952069877031,0.1250487440586993,2.269546265135957
444,234,100c1a9328dd1f51,pleural effusion,off,0.1430687737867247,0.0,0.077361002950851,0.1433946357069739,1.6363657910250904
444,234,100c1a9328dd1f51,pleural effusion,on,0.1430687737867247,0.0,0.0527915625519044,0.1002876713292321,2.2246796512131626
445,239,f1c6e7f21fa3a466,pleural effusion,off,0.1357835182667426,0.0,0.2459824765360355,0.3921584790278448,2.275649835878312
445,239,f1c6e7f21fa3a466,pleural effusion,on,0.1357835182667426,0.0,0.1635055267713803,0.2810446590173682,2.835385725469793
446,260,99bfa90d3dae1e59,pleural effusion,off,0.1473034808414835,1.0,0.4959497113089645,0.6593965694776417,1.8837167032249864
446,260,99bfa90d3dae1e59,pleural effusion,on,0.1473034808414835,1.0,0.522375059017167,0.686249514200701,1.7890822124644088
447,264,6a4dc10a30094a14,pleural effusion,off,0.1177287545867871,1.0,0.1257794746204015,0.2227625781537716,0.3085767275804377
447,264,6a4dc10a30094a14,pleural effusion,on,0.1177287545867871,1.0,0.179772064797039,0.3047547823653888,0.3036930540877978
448,265,861a33bee0885f1c,pleural effusion,off,0.1213445804033936,1.0,0.5754862859030526,0.7234136289891073,2.223924289494005
448,265,861a33bee0885f1c,pleural effusion,on,0.1213445804033936,1.0,0.640723202926439,0.7810069575829003,3.577247776511718
449,270,f5a62f43c6502a22,pleural effusion,off,0.1461144491713326,1.0,0.485402969407039,0.6498668485847079,1.6892562044359576
449,270,f5a62f43c6502a22,pleural effusion,on,0.1461144491713326,1.0,0.5027587099862482,0.6690862980319604,1.704237880691527
450,272,0f338054cbddc18d,pleural effusion,off,0.1330740854445955,1.0,0.4212531635655129,0.579519245688687,1.929763576346174
450,272,0f338054cbddc18d,pleural effusion,on,0.1330740854445955,1.0,0.4598211287698987,0.6299583549923775,2.453864522831708
451,279,41b0dfbcc6ffd34f,pleural effusion,off,0.1636088085805203,1.0,0.4521846381833986,0.6179328730699132,1.5897674559414887
451,279,41b0dfbcc6ffd34f,pleural effusion,on,0.1636088085805203,1.0,0.5443138434999686,0.7049260341327616,1.4737478417775165
452,296,b059249baf253a5b,pleural effusion,off,0.1862199026358493,0.0,0.3642750544023021,0.5274675997918934,1.2231705220789464
452,296,b059249baf253a5b,pleural effusion,on,0.1862199026358493,0.0,0.4365140330920736,0.6077393437868921,1.0046372970276298
453,305,88aab495bd0b6f9f,pleural effusion,off,0.1641838320931343,1.0,0.1860483410644448,0.3125496635097899,1.4500664649876551
453,305,88aab495bd0b6f9f,pleural effusion,on,0.1641838320931343,1.0,0.1595336521531486,0.2751670136921793,1.1080210563657078
454,306,172d42c3c93ebae0,pleural effusion,off,0.1299504407701416,1.0,0.4166573115023112,0.5854966602253197,1.521442390658441
454,306,172d42c3c93ebae0,pleural effusion,on,0.1299504407701416,1.0,0.5032764183670745,0.6695710861824189,1.1105304800875084
455,313,009e8fe5a96ddd29,pleural effusion,off,0.1535117855454682,1.0,0.3520548321733409,0.5138865457932452,1.587625349230671
455,313,009e8fe5a96ddd29,pleural effusion,on,0.1535117855454682,1.0,0.5446595821997663,0.7052099937311809,1.1765140796195133
456,316,7625018c3b194ddd,pleural effusion,off,0.1361295069904341,0.0,0.1038688938233213,0.1877679879223087,1.0909936660916355
456,316,7625018c3b194ddd,pleural effusion,on,0.1361295069904341,0.0,0.0857075263560716,0.1578802316943874,0.7152675980220754
457,326,5b9e69685ace7e42,pleural effusion,off,0.1553976677436175,1.0,0.2036032017505121,0.3339272347693655,2.3360818776081174
457,326,5b9e69685ace7e42,pleural effusion,on,0.1553976677436175,1.0,0.1645320164698327,0.282565917241434,2.563490241353772
458,328,ebbc8cfb50c45f2b,pleural effusion,off,0.1497643865522467,0.0,0.1658962863838394,0.2833835472593058,1.1802365437488684
458,328,ebbc8cfb50c45f2b,pleural effusion,on,0.1497643865522467,0.0,0.1965047897300263,0.3284646872154456,0.9629843402480516
459,340,c80af72c8149fb46,pleural effusion,off,0.183588439103548,0.0,0.2167737594859206,0.3555800148924634,0.8585492620209447
459,340,c80af72c8149fb46,pleural effusion,on,0.183588439103548,0.0,0.2344074631165809,0.3797894095071581,0.6116903929899987
460,348,c16f985adfcfefa6,pleural effusion,off,0.1714495952906549,1.0,0.2881004633106145,0.4312999307085268,2.640863579655368
460,348,c16f985adfcfefa6,pleural effusion,on,0.1714495952906549,1.0,0.075213398647621,0.1398997190524969,2.3859022094916664
461,351,5c85e33bace856bb,pleural effusion,off,0.1912050641053755,1.0,0.0843943881265993,0.1519300101444919,1.6246641581608086
461,351,5c85e33bace856bb,pleural effusion,on,0.1912050641053755,1.0,0.0526193049460295,0.0999755599435704,1.4573729325729623
462,361,b8e83400d937ef41,pleural effusion,off,0.14778104274179,1.0,0.4583255024018114,0.6087437442010356,2.364547073835955
462,361,b8e83400d937ef41,pleural effusion,on,0.14778104274179,1.0,0.2221970982673928,0.3635647342940539,2.861326987026585
463,372,6a124967bba4ce54,pleural effusion,off,0.2106876404056352,1.0,0.0688594551615559,0.1277091107911163,1.7663626846579197
463,372,6a124967bba4ce54,pleural effusion,on,0.2106876404056352,1.0,0.0746864562506149,0.1389889539825411,1.970973662422889
464,376,24119440056eeeb0,pleural effusion,off,0.127640600558455,0.0,0.1470155208045792,0.2542448016399352,2.493131401220294
464,376,24119440056eeeb0,pleural effusion,on,0.127640600558455,0.0,0.0827077602242288,0.1527742401728138,2.8422237512536674
465,382,c05ea04a9307c6ab,pleural effusion,off,0.1361928570384339,1.0,0.4017281189864212,0.5712719097324302,1.3727161211813914
465,382,c05ea04a9307c6ab,pleural effusion,on,0.1361928570384339,1.0,0.4561472121945069,0.6264646014465717,1.1125441967147351
466,388,d02107f98da98bee,pleural effusion,off,0.1339171283910549,1.0,0.2530149371036325,0.3984364006828568,2.204143437188755
466,388,d02107f98da98bee,pleural effusion,on,0.1339171283910549,1.0,0.1760361701784634,0.2993652610826066,2.715061881033045
467,390,f60975acebc82c6f,pleural effusion,off,0.1356129604452046,1.0,0.1904605578577422,0.3196156668544095,1.3914425586919128
467,390,f60975acebc82c6f,pleural effusion,on,0.1356129604452046,1.0,0.117934696454956,0.2109711419158164,1.3194966186061907
468,411,d718a4a2872bb6ba,pleural effusion,off,0.1993138702493555,1.0,0.0693901386135742,0.1294399010268575,0.8316176085600389
468,411,d718a4a2872bb6ba,pleural effusion,on,0.1993138702493555,1.0,0.0626864479276032,0.1179771210990045,0.5286400072910638
469,412,35f682b105677496,pleural effusion,off,0.1532827507565457,1.0,0.2676077473563221,0.4213886892982815,1.3967833725647036
469,412,35f682b105677496,pleural effusion,on,0.1532827507565457,1.0,0.2139516148172696,0.3524877138504721,1.1426917352453434
470,425,4a37cb0788653f87,pleural effusion,off,0.1431272507541092,1.0,0.2329391682968056,0.3759038216112288,0.7142153175724051
470,425,4a37cb0788653f87,pleural effusion,on,0.1431272507541092,1.0,0.3076690063419022,0.4705602682372362,0.5829066353921767
471,435,7897237d1e375fa8,pleural effusion,off,0.1009117533831362,1.0,0.4822362459492808,0.6428782648234006,2.0244390005887585
471,435,7897237d1e375fa8,pleural effusion,on,0.1009117533831362,1.0,0.7577377499118434,0.8621734527562784,2.309073138824982
472,438,c358b8f1e7cb26a4,pleural effusion,off,0.1275431389461475,1.0,0.5332213197022158,0.6936724700056199,2.543186291379148
472,438,c358b8f1e7cb26a4,pleural effusion,on,0.1275431389461475,1.0,0.3776529946591668,0.548242289189733,3.334314983275007
473,444,f4374a3608e7ac2b,pleural effusion,off,0.2001422939539688,1.0,0.1412983257793662,0.2454774092701713,1.8167556078840368
473,444,f4374a3608e7ac2b,pleural effusion,on,0.2001422939539688,1.0,0.119337483080354,0.2132255440099456,2.0894714655674256
474,452,5d3691006fcd5c24,pleural effusion,off,0.1430736468673401,1.0,0.3702085007413053,0.5349144269715881,2.799355333195844
474,452,5d3691006fcd5c24,pleural effusion,on,0.1430736468673401,1.0,0.1473198463297505,0.256761217026334,2.8415841819784986
475,456,46cd9bb1b8d268c2,pleural effusion,off,0.1659430141952838,1.0,0.4273630732973457,0.5911352486170742,1.7639178318687363
475,456,46cd9bb1b8d268c2,pleural effusion,on,0.1659430141952838,1.0,0.5846541366326086,0.7378944763219583,1.4221195921271177
476,459,aac8cdfd294823cb,pleural effusion,off,0.1948355091638281,0.0,0.1377108650380217,0.2413225176663825,1.1883302053528288
476,459,aac8cdfd294823cb,pleural effusion,on,0.1948355091638281,0.0,0.112125968724366,0.2016418185077265,0.7577168423683711
477,463,2ea44fd3c7b3fb51,pleural effusion,off,0.164232562899288,1.0,0.1471463048531543,0.2562812967074533,0.7991179344049649
477,463,2ea44fd3c7b3fb51,pleural effusion,on,0.164232562899288,1.0,0.1617721787246458,0.278492059643873,0.6856926865640194
478,471,29098ce1fe0abac3,pleural effusion,off,0.2033292886764225,0.0,0.0111987822227272,0.0220608518322534,0.721363158639802
478,471,29098ce1fe0abac3,pleural effusion,on,0.2033292886764225,0.0,0.0137445854621918,0.0271162474741429,0.0731348806206875
479,486,4dcd0faee18f03ad,pleural effusion,off,0.1217539191750849,1.0,0.4420015459002528,0.6130000313663218,2.1818140573529323
479,486,4dcd0faee18f03ad,pleural effusion,on,0.1217539191750849,1.0,0.3327026109342385,0.4992733527355181,2.484593805887552
480,489,ac749d95bee079fc,pleural effusion,off,0.1468843959085615,1.0,0.2837950184927291,0.4419263107428873,1.5465388001461593
480,489,ac749d95bee079fc,pleural effusion,on,0.1468843959085615,1.0,0.2979907604078977,0.4591569079218322,1.3797925713631178
481,495,e834a84e7179d95c,pleural effusion,off,0.1418553767134969,1.0,0.4616053966497048,0.6261715586562765,1.8076671003654887
481,495,e834a84e7179d95c,pleural effusion,on,0.1418553767134969,1.0,0.5943348227491491,0.7455578894259032,1.6418545922676506
482,498,58e8f400ed4fe605,pleural effusion,off,0.1864879220696948,0.0,0.0952158969979486,0.1721408229102072,1.3668501304521234
482,498,58e8f400ed4fe605,pleural effusion,on,0.1864879220696948,0.0,0.1016451416558015,0.1845287953784934,1.274198683930208
483,500,1cb41e099a7d442d,pleural effusion,off,0.1784668313767914,1.0,0.21324329563886,0.3458694646065396,1.9565613288096224
483,500,1cb41e099a7d442d,pleural effusion,on,0.1784668313767914,1.0,0.1203867078262221,0.2148959494534327,2.223634021726024
484,508,e3709cfb45e658ba,pleural effusion,off,0.1496133210531701,1.0,0.2652174813302704,0.418565632777231,1.916301921177907
484,508,e3709cfb45e658ba,pleural effusion,on,0.1496133210531701,1.0,0.1057707348527601,0.1912852547073657,2.37166770902257
485,510,bf0437290069d1b0,pleural effusion,off,0.1377619889965839,0.0,0.1512762439633241,0.2607885917480465,1.1155850937686096
485,510,bf0437290069d1b0,pleural effusion,on,0.1377619889965839,0.0,0.1965542361890062,0.3285292954901864,1.0176813482608522
486,524,bea3af175d3d0cd2,pleural effusion,off,0.1131870434532598,1.0,0.3725898292802064,0.5418722508655475,1.4116926391457922
486,524,bea3af175d3d0cd2,pleural effusion,on,0.1131870434532598,1.0,0.4066473913492041,0.578179466658601,1.2496544321626837
487,525,5e4f459912b0e161,pleural effusion,off,0.1559190873694623,1.0,0.4793440517797577,0.644436407140958,2.3681552447506644
487,525,5e4f459912b0e161,pleural effusion,on,0.1559190873694623,1.0,0.3451723179151855,0.5131777928830816,2.9190765052546537
488,1,afa00eaadc32bf1b,pleural thickening,off,0.1702849290235808,0.0,0.0358559202006894,0.0690798419461236,1.3374021645023018
488,1,afa00eaadc32bf1b,pleural thickening,on,0.1702849290235808,0.0,0.0465596887419136,0.0889765833494576,1.3367975131607022
489,3,98f03635c961630f,pleural thickening,off,0.1282741010384535,1.0,0.4510107714964538,0.6190603823127783,1.9481441528843304
489,3,98f03635c961630f,pleural thickening,on,0.1282741010384535,1.0,0.2938488217066112,0.4540902492837785,2.029397488193535
490,37,b724ea6434c71097,pleural thickening,off,0.1203066142323192,1.0,0.2686114500352041,0.4188433152465342,0.7983001452673045
490,37,b724ea6434c71097,pleural thickening,on,0.1203066142323192,1.0,0.3693322421139605,0.5394340344926049,0.905111808776355
491,38,9852a11a8db8c08d,pleural thickening,off,0.1810495641029389,0.0,0.0696919615667124,0.1302340005506336,0.1002061278328874
491,38,9852a11a8db8c08d,pleural thickening,on,0.1810495641029389,0.0,0.0697000133258224,0.130316470335053,0.1239186403954221
492,60,90bedd88fee05974,pleural thickening,off,0.1681895043589706,0.0,0.0357883767281847,0.0688859114756073,0.9067234991551238
492,60,90bedd88fee05974,pleural thickening,on,0.1681895043589706,0.0,0.0543187546714283,0.1030393224058654,0.9152275125946948
493,80,f27d0623ad27d061,pleural thickening,off,0.1365485919233562,0.0,0.0400061216871718,0.0768205949361311,1.423394691554892
493,80,f27d0623ad27d061,pleural thickening,on,0.1365485919233562,0.0,0.0422332479584772,0.0810432761868363,1.6222151853292524
494,92,2f70ccbbd805fd34,pleural thickening,off,0.1311687109239848,0.0,0.1871781638801909,0.3100024587903285,1.0216194686479438
494,92,2f70ccbbd805fd34,pleural thickening,on,0.1311687109239848,0.0,0.1149478081310107,0.2061869806395426,0.9752258886196876
495,114,a4379da6806981ef,pleural thickening,off,0.1588867934642242,0.0,0.0651966723783058,0.1215745457653185,1.296458913115332
495,114,a4379da6806981ef,pleural thickening,on,0.1588867934642242,0.0,0.0657224026303616,0.1233368673936185,1.200524260466692
496,128,b5433ba64b0e525f,pleural thickening,off,0.1471816538260992,0.0,0.1643615547490999,0.2803565054445342,2.1583477853296142
496,128,b5433ba64b0e525f,pleural thickening,on,0.1471816538260992,0.0,0.0999143123684433,0.1816600204994914,2.66695097710814
497,141,b6e3786ca16e5d0b,pleural thickening,off,0.1567962418802294,1.0,0.1815822933027248,0.3020513582942014,0.9669817430072588
497,141,b6e3786ca16e5d0b,pleural thickening,on,0.1567962418802294,1.0,0.1143793318403873,0.2052666091343523,0.9237420339891552
498,146,bbf49c1464082208,pleural thickening,off,0.1558411180796164,1.0,0.1513767936464399,0.2607386232639416,2.1942788401193507
498,146,bbf49c1464082208,pleural thickening,on,0.1558411180796164,1.0,0.1218480421225459,0.2172179094919836,2.4680172569125607
499,149,bd1e1e3213f30d74,pleural thickening,off,0.1326257620279812,1.0,0.0724342937009155,0.1328744395375038,2.49926217865964
499,149,bd1e1e3213f30d74,pleural thickening,on,0.1326257620279812,1.0,0.0534338070246507,0.1014445747891378,2.7287306358963503
500,158,2c30521979b0a2ea,pleural thickening,off,0.1332543894273642,1.0,0.2850722870405026,0.4393567349577593,1.2290193232205169
500,158,2c30521979b0a2ea,pleural thickening,on,0.1332543894273642,1.0,0.2714468191376843,0.4269415371799726,1.2789628871211507
501,171,19c89ed50a3f5796,pleural thickening,off,0.1120418695086472,0.0,0.0737363162467231,0.1344564922716268,1.7119196416153213
501,171,19c89ed50a3f5796,pleural thickening,on,0.1120418695086472,0.0,0.0761417221017478,0.1415033736977834,2.0769969751731114
502,178,252f7efe47fa6188,pleural thickening,off,0.1436535434605694,0.0,0.1600141678198602,0.273480167328516,2.0661376475979703
502,178,252f7efe47fa6188,pleural thickening,on,0.1436535434605694,0.0,0.0627452559368146,0.1180796610794554,2.539176095156745
503,182,3af02da163e9e412,pleural thickening,off,0.1713570067589628,1.0,0.4414988111107347,0.6059722118565183,1.6579095324261546
503,182,3af02da163e9e412,pleural thickening,on,0.1713570067589628,1.0,0.5419394642373542,0.7029317823095004,1.520868988265657
504,190,d7d08096469d872f,pleural thickening,off,0.1542524937990049,1.0,0.1579741797140803,0.2725115038898287,1.4041960947345586
504,190,d7d08096469d872f,pleural thickening,on,0.1542524937990049,1.0,0.1529886440608336,0.2653773594980786,1.360549139682386
505,197,37c3f6c2a9c8b710,pleural thickening,off,0.1234741166323114,1.0,0.3289979723860247,0.4942511254777713,1.0755155888290366
505,197,37c3f6c2a9c8b710,pleural thickening,on,0.1234741166323114,1.0,0.3284527552986523,0.4944750158506278,1.0555114815978444
506,220,d5141885d31ea691,pleural thickening,off,0.1348381406273604,1.0,0.3181466360545545,0.4745955263231327,2.762036565643508
506,220,d5141885d31ea691,pleural thickening,on,0.1348381406273604,1.0,0.159651573544548,0.275329174364078,2.864130384961965
507,232,de408c679854aab2,pleural thickening,off,0.14810753914302,1.0,0.2256410665737456,0.3577479438590946,2.3162811516833743
507,232,de408c679854aab2,pleural thickening,on,0.14810753914302,1.0,0.0944264355786777,0.1725366814986138,2.5247780745742747
508,238,d3821360a85a5e1c,pleural thickening,off,0.1289709515664517,0.0,0.1667815684825946,0.2849300157552686,2.4795662402859224
508,238,d3821360a85a5e1c,pleural thickening,on,0.1289709515664517,0.0,0.1021890044751985,0.1854257691839108,2.8133547888864268
509,252,25e9744b21cac3c4,pleural thickening,off,0.1492380938457864,1.0,0.192091348867304,0.3177036421669116,0.8666963666017122
509,252,25e9744b21cac3c4,pleural thickening,on,0.1492380938457864,1.0,0.1889956316339654,0.3178894874486979,0.8274813267189235
510,269,bad386e3574a3d58,pleural thickening,off,0.1774191190444863,1.0,0.0901680752884122,0.1648163330011391,1.4781470842118518
510,269,bad386e3574a3d58,pleural thickening,on,0.1774191190444863,1.0,0.0909257255808179,0.1666930234354867,1.555246018955515
511,293,79eac55aac8981d6,pleural thickening,off,0.1544815285879274,1.0,0.3736086992316971,0.5320950071967209,1.9917741128841333
511,293,79eac55aac8981d6,pleural thickening,on,0.1544815285879274,1.0,0.3012361294660539,0.4629490799017212,2.188687231584542
512,338,b6972094364c75ff,pleural thickening,off,0.1120418695086472,0.0,0.0814416771896801,0.1493808637429276,2.362388849600212
512,338,b6972094364c75ff,pleural thickening,on,0.1120418695086472,0.0,0.0629477797353161,0.1184384564840496,2.986219959940431
513,343,48f16b8568f2c072,pleural thickening,off,0.1258326876501518,1.0,0.2316572377281533,0.3743515794329007,2.0840053176538293
513,343,48f16b8568f2c072,pleural thickening,on,0.1258326876501518,1.0,0.1638792991670228,0.2815886540543927,2.511384938108952
514,352,0e707aad753ae1f8,pleural thickening,off,0.167750927103587,1.0,0.2711598011413459,0.4168349558600704,0.766371109148909
514,352,0e707aad753ae1f8,pleural thickening,on,0.167750927103587,1.0,0.1807746708870725,0.3061856314219661,0.813611476910604
515,366,938fa8836653d1be,pleural thickening,off,0.1928375461115253,0.0,0.0703990763113087,0.1314426178727249,0.6647757630953534
515,366,938fa8836653d1be,pleural thickening,on,0.1928375461115253,0.0,0.0821053200249987,0.1517503650280126,0.5039788614669821
516,373,d86033ff9eb93d1f,pleural thickening,off,0.1701923404918887,1.0,0.6711641380323465,0.7996723255806548,2.3977209420732963
516,373,d86033ff9eb93d1f,pleural thickening,on,0.1701923404918887,1.0,0.7464021655957458,0.8547697011202278,3.381502507494809
517,386,51e438df88904e5f,pleural thickening,off,0.1876379690949227,0.0,0.0212970002732838,0.041618925475293,0.3200962487851527
517,386,51e438df88904e5f,pleural thickening,on,0.1876379690949227,0.0,0.0201517086896084,0.0395070440707829,-0.0655378729490739
518,397,17cdcca0c6de94f2,pleural thickening,off,0.1049028064071263,1.0,0.2247516729764391,0.3590851637758087,1.6504099416840017
518,397,17cdcca0c6de94f2,pleural thickening,on,0.1049028064071263,1.0,0.2388039812999403,0.3855335025106637,1.94103728217727
519,408,c72d92ad39a4d241,pleural thickening,off,0.2020184299908873,0.0,0.1702959742785627,0.2900196016715702,1.5384672512365394
519,408,c72d92ad39a4d241,pleural thickening,on,0.2020184299908873,0.0,0.1666719318527411,0.2857178704369418,1.5508978502988366
520,431,bc9857f9c34b7ffa,pleural thickening,off,0.1697440170752744,1.0,0.3966178499262721,0.5596970857334667,1.4705817159149923
520,431,bc9857f9c34b7ffa,pleural thickening,on,0.1697440170752744,1.0,0.4086766160198768,0.5802117894923406,0.8689976971536443
521,442,a444535afc10ee60,pleural thickening,off,0.1802844904463254,0.0,0.0861821600769993,0.1549782000731853,2.83606993967389
521,442,a444535afc10ee60,pleural thickening,on,0.1802844904463254,0.0,0.0275088176540489,0.0535438127878942,2.2743822306344983
522,457,a1f55f4e2d064a69,pleural thickening,off,0.1557436564673089,1.0,0.1540693289120667,0.2636578977587366,1.254811498102864
522,457,a1f55f4e2d064a69,pleural thickening,on,0.1557436564673089,1.0,0.1245180195322765,0.221454135675343,1.1157522048758417
523,461,6db95ac0ab339c21,pleural thickening,off,0.175845114005721,1.0,0.1892691476463609,0.3114278021944387,1.5824427091438176
523,461,6db95ac0ab339c21,pleural thickening,on,0.175845114005721,1.0,0.1548912723161951,0.2682199678531172,1.435971007768086
524,462,35ef78b4562f936d,pleural thickening,off,0.1482196199971736,1.0,0.3331529240984507,0.4919264246640651,1.0673507963314155
524,462,35ef78b4562f936d,pleural thickening,on,0.1482196199971736,1.0,0.2235137398441423,0.3653217213411265,1.01581777540532
525,464,6e12baf437b8e995,pleural thickening,off,0.2080025729865649,1.0,0.6044377068811699,0.7521039449116134,2.105176401685421
525,464,6e12baf437b8e995,pleural thickening,on,0.2080025729865649,1.0,0.6500885077628735,0.7879433497079411,2.14489589134477
526,476,6a828656c7a22397,pleural thickening,off,0.1255890336193831,1.0,0.3747856949587265,0.5386465712594978,1.519444957719515
526,476,6a828656c7a22397,pleural thickening,on,0.1255890336193831,1.0,0.5025511433171712,0.6689304921777033,1.3081056183885906
527,490,29150e9ffbf9c5a0,pleural thickening,off,0.1597639479749913,1.0,0.3695520442239742,0.5367772292866662,1.6773355265903809
527,490,29150e9ffbf9c5a0,pleural thickening,on,0.1597639479749913,1.0,0.2579553048173502,0.4101116461520254,1.5353158765662265
528,502,09688f49206e2887,pleural thickening,off,0.1370066615012012,0.0,0.0965159404703777,0.1759451003026397,1.5023757198352166
528,502,09688f49206e2887,pleural thickening,on,0.1370066615012012,0.0,0.0857213507642485,0.1579054602726618,1.644270522828312
529,514,df69e3008bcd15b9,pleural thickening,off,0.1277819198963008,1.0,0.3111943738223425,0.4671656104551975,1.205642124627038
529,514,df69e3008bcd15b9,pleural thickening,on,0.1277819198963008,1.0,0.251995845367377,0.4025060736315629,1.2646312995062492
