idx,rank,pair_id,category,dhs,q,point,iou,dice,cnr
0,0,ccf54bcd24e260a2,alveolar pattern,off,0.1434196355910315,1.0,0.5690756923882916,0.7229845759401654,2.30967077431465
0,0,ccf54bcd24e260a2,alveolar pattern,on,0.1434196355910315,1.0,0.4308549292325374,0.602220144404989,2.607248076990095
1,6,985884ef56fc1bd4,alveolar pattern,off,0.1586918702396093,1.0,0.2086653172143633,0.3423214202043693,2.633140345715057
1,6,985884ef56fc1bd4,alveolar pattern,on,0.1586918702396093,1.0,0.1004164576266927,0.1824983751465672,2.5328028268619494
2,9,199e69ccc49be76d,alveolar pattern,off,0.1781354618949461,1.0,0.1501852316242097,0.2609921279198307,1.479260312872938
2,9,199e69ccc49be76d,alveolar pattern,on,0.1781354618949461,1.0,0.1508960844839678,0.2622219917465956,1.3366314068241971
3,33,77dd50b9c0471bf0,alveolar pattern,off,0.1195415405757057,1.0,0.3433213225543593,0.5072492880516959,1.335752550344047
3,33,77dd50b9c0471bf0,alveolar pattern,on,0.1195415405757057,1.0,0.43256106977052,0.6038961180523043,1.2222920337805938
4,48,a5ac519ee9edeeb2,alveolar pattern,off,0.1253307603467684,1.0,0.6097960811177321,0.7555161098726048,3.002877112725535
4,48,a5ac519ee9edeeb2,alveolar pattern,on,0.1253307603467684,1.0,0.4279284623354223,0.5993458668225761,3.5555511591359275
5,72,cac35f19b4896262,alveolar pattern,off,0.1698366056069665,1.0,0.2271619247436375,0.3681846649714345,1.739177828389589
5,72,cac35f19b4896262,alveolar pattern,on,0.1698366056069665,1.0,0.1949793593613529,0.3263201987515021,1.5194094158412654
6,83,a9c924550f7dbef7,alveolar pattern,off,0.1753431867023376,1.0,0.4641653056171061,0.6281790726730897,1.3756787968640507
6,83,a9c924550f7dbef7,alveolar pattern,on,0.1753431867023376,1.0,0.5182646192902003,0.6826946375494307,1.069005104093023
7,87,5edf23c8792c14b7,alveolar pattern,off,0.154228128395928,1.0,0.4784291649504413,0.6403146199091605,1.946750197314008
7,87,5edf23c8792c14b7,alveolar pattern,on,0.154228128395928,1.0,0.3903611546297499,0.5614770831905206,2.145866286086469
8,93,a188981b3ed526e3,alveolar pattern,off,0.1447304942765668,1.0,0.5311674293712992,0.6859114715488367,1.811306740703842
8,93,a188981b3ed526e3,alveolar pattern,on,0.1447304942765668,1.0,0.6777601930133249,0.8079340842833318,1.721913307149222
9,103,64d9172437438868,alveolar pattern,off,0.1646467747515947,1.0,0.4686985038448519,0.6356334720013794,2.387427494107162
9,103,64d9172437438868,alveolar pattern,on,0.1646467747515947,1.0,0.3398874947047846,0.5073149145655653,2.587244325659868
10,108,c03eafa9870883f7,alveolar pattern,off,0.1954933750469034,1.0,0.2121525879589356,0.3383725730184723,2.40345364589426
10,108,c03eafa9870883f7,alveolar pattern,on,0.1954933750469034,1.0,0.0654155109056568,0.1227934305998574,2.194507205182794
11,112,9691f91b24d4dc49,alveolar pattern,off,0.1173632735406341,1.0,0.5730570459273127,0.7259104625985495,2.571093108213817
11,112,9691f91b24d4dc49,alveolar pattern,on,0.1173632735406341,1.0,0.6213160531272096,0.7664297230815154,3.231279991986454
12,126,25a454ef982d4a77,alveolar pattern,off,0.0783445170533456,1.0,0.1650721465712559,0.2811728628894573,0.6447657530825485
12,126,25a454ef982d4a77,alveolar pattern,on,0.0783445170533456,1.0,0.3294155024753552,0.4955589410843989,0.701326324472071
13,130,d8c7f0175a1d0c69,alveolar pattern,off,0.1290976516624514,1.0,0.288626434182255,0.4429761795571326,1.2522561333176594
13,130,d8c7f0175a1d0c69,alveolar pattern,on,0.1290976516624514,1.0,0.460880569541379,0.6309529427199299,0.9873753496026604
14,131,752612af200cd226,alveolar pattern,off,0.1181039817941708,1.0,0.5243057344760328,0.6846878284279784,2.86667043982828
14,131,752612af200cd226,alveolar pattern,on,0.1181039817941708,1.0,0.3209439235918534,0.4859181425955792,3.3904837213464645
15,136,aeef674719471a34,alveolar pattern,off,0.161498764674064,1.0,0.423691830271964,0.5945666155553802,1.7481396971240184
15,136,aeef674719471a34,alveolar pattern,on,0.161498764674064,1.0,0.366506601312013,0.5364107762755004,1.434475097788209
16,143,57097f629ce56b8d,alveolar pattern,off,0.1867169568586173,0.0,0.0611573233569791,0.1127651826120518,0.2760291002646228
16,143,57097f629ce56b8d,alveolar pattern,on,0.1867169568586173,0.0,0.1009616326407981,0.1834060708095204,0.270145954646727
17,153,461d3abdb0059029,alveolar pattern,off,0.1381518354458137,0.0,0.2896150319293733,0.444710728231472,1.3529582032662486
17,153,461d3abdb0059029,alveolar pattern,on,0.1381518354458137,0.0,0.362758593437117,0.5323839196804314,1.3216730947089426
18,193,5de02e6948fcbe29,alveolar pattern,off,0.1704847253288111,1.0,0.2560512593131282,0.4049591504740676,1.5498172171822038
18,193,5de02e6948fcbe29,alveolar pattern,on,0.1704847253288111,1.0,0.2542925754371348,0.4054697018498583,1.430637390853662
19,199,fc755cbf55712051,alveolar pattern,off,0.1566987802679219,1.0,0.3751356849310133,0.5428591732301029,2.1016605248259306
19,199,fc755cbf55712051,alveolar pattern,on,0.1566987802679219,1.0,0.2819677532737424,0.4398933376626385,2.17242397513334
20,222,e91f227ed7575144,alveolar pattern,off,0.1554561447110019,0.0,0.2764341002374307,0.4296479192596839,1.752528843115804
20,222,e91f227ed7575144,alveolar pattern,on,0.1554561447110019,0.0,0.2689828584584752,0.423923836254486,1.794619419563101
21,223,c7f14e4870b11bd2,alveolar pattern,off,0.1236592936956956,1.0,0.2188505080353691,0.3531389103677821,3.207151578420259
21,223,c7f14e4870b11bd2,alveolar pattern,on,0.1236592936956956,1.0,0.0838018901106266,0.1546392798837596,2.8717367879046813
22,253,69a583d5d50ece53,alveolar pattern,off,0.1249506600587693,1.0,0.391069251659731,0.556198448110028,1.5187406393009542
22,253,69a583d5d50ece53,alveolar pattern,on,0.1249506600587693,1.0,0.6128954089086909,0.7599926016666302,1.3917950903999554
23,271,75c190c8e407a0ec,alveolar pattern,off,0.1798264208684804,1.0,0.4254303798465332,0.5879144131647247,1.521519867800288
23,271,75c190c8e407a0ec,alveolar pattern,on,0.1798264208684804,1.0,0.5391572799297968,0.7005860938501872,1.1822899980900023
24,289,9ed96b8997b4891a,alveolar pattern,off,0.1164520074655595,1.0,0.6652737324682619,0.7941570435880771,2.703831565198822
24,289,9ed96b8997b4891a,alveolar pattern,on,0.1164520074655595,1.0,0.4410493639978318,0.6119473300402996,3.834614512722785
25,294,f8072c87034e48df,alveolar pattern,off,0.1568157342026909,1.0,0.3606895627551235,0.5134033333690903,1.6004544849421003
25,294,f8072c87034e48df,alveolar pattern,on,0.1568157342026909,1.0,0.6462255655405639,0.7850954311051004,1.5536079463577972
26,314,dcaa609134e79162,alveolar pattern,off,0.1866730991330789,1.0,0.2910449113313909,0.4493896497452786,0.4636311695403084
26,314,dcaa609134e79162,alveolar pattern,on,0.1866730991330789,1.0,0.2553762388291682,0.406837621448567,0.3941850006198345
27,327,1b2c63d308f7428c,alveolar pattern,off,0.1581265928882261,1.0,0.5791432297835662,0.7328422061846265,2.09143022985396
27,327,1b2c63d308f7428c,alveolar pattern,on,0.1581265928882261,1.0,0.6090739387903978,0.7570489023806118,1.9295793011326208
28,339,1078017468e1d174,alveolar pattern,off,0.1701289904438889,1.0,0.4477541139973311,0.6150177003004346,1.418794650868128
28,339,1078017468e1d174,alveolar pattern,on,0.1701289904438889,1.0,0.5265567447364207,0.6898587452806758,1.098273482615158
29,381,d1daa857e59f76de,alveolar pattern,off,0.1265149189363039,1.0,0.315988450838249,0.4801117718492739,1.2489878281307176
29,381,d1daa857e59f76de,alveolar pattern,on,0.1265149189363039,1.0,0.3418964066779534,0.5095714624802963,0.991153250905972
30,387,868a4f2cb7300cde,alveolar pattern,off,0.1543597015725431,1.0,0.4687718938105467,0.6241984396070033,1.996895845458828
30,387,868a4f2cb7300cde,alveolar pattern,on,0.1543597015725431,1.0,0.6407960122853239,0.7810794330097014,1.8446179908506908
31,400,59170f2348145e34,alveolar pattern,off,0.1824188997558586,1.0,0.25843848157717,0.4019490179235097,1.4560562037755715
31,400,59170f2348145e34,alveolar pattern,on,0.1824188997558586,1.0,0.3916939140875419,0.5628846822577345,0.847947648045854
32,410,dc378d8f41fb1f1e,alveolar pattern,off,0.1964923565730547,1.0,0.5596927208333224,0.716021627866084,1.9075375223207856
32,410,dc378d8f41fb1f1e,alveolar pattern,on,0.1964923565730547,1.0,0.6073169556660728,0.7556895845139794,1.5530798410543014
33,426,e484f5f98f0c9752,alveolar pattern,off,0.1573176615060743,1.0,0.0712839436029516,0.1316969439093687,2.9582443269881606
33,426,e484f5f98f0c9752,alveolar pattern,on,0.1573176615060743,1.0,0.0285611041498338,0.0555350308421807,2.4562406833057007
34,436,d889554187fddacc,alveolar pattern,off,0.1167248999800203,1.0,0.4753816311039892,0.6369567154872204,2.0721885730378773
34,436,d889554187fddacc,alveolar pattern,on,0.1167248999800203,1.0,0.7163522711310633,0.8347370643083021,2.1307400430409142
35,447,0d5b377d638a93d1,alveolar pattern,off,0.1499105789707079,1.0,0.4029824720857949,0.570926359838596,1.601526723252485
35,447,0d5b377d638a93d1,alveolar pattern,on,0.1499105789707079,1.0,0.3973372635642822,0.5686983083785562,1.515798779050821
36,449,00fbfd1f9903998f,alveolar pattern,off,0.1503589023873222,1.0,0.1874966999313586,0.3057514717581333,1.0257329149771313
36,449,00fbfd1f9903998f,alveolar pattern,on,0.1503589023873222,1.0,0.3938095475766437,0.5650518995627446,0.8672422869736344
37,473,a7ac899b88a10556,alveolar pattern,off,0.1460364798814866,1.0,0.1882023613837195,0.3150133349707359,0.4512079080824144
37,473,a7ac899b88a10556,alveolar pattern,on,0.1460364798814866,1.0,0.2496570690174163,0.3995587255132274,0.4283625533241378
38,492,1c234f354df67ab3,alveolar pattern,off,0.1368848344858169,1.0,0.5624058128631166,0.7151212952503634,1.7484680982091636
38,492,1c234f354df67ab3,alveolar pattern,on,0.1368848344858169,1.0,0.652141923337241,0.7894500334198791,1.649872872448751
39,14,17ef4f68c1c49a9f,aortic elongation,off,0.1540429513325439,1.0,0.5805276181988056,0.731034871172142,2.224843114408945
39,14,17ef4f68c1c49a9f,aortic elongation,on,0.1540429513325439,1.0,0.5371443577569648,0.698862843517381,2.5462470183694257
40,22,fa3a19af60c0eaf1,aortic elongation,off,0.1561871068033078,1.0,0.3938019917211715,0.5553233114911771,1.7676941512619997
40,22,fa3a19af60c0eaf1,aortic elongation,on,0.1561871068033078,1.0,0.5186642281184681,0.6830529541168097,1.5911700009858238
41,24,bfd5f6656b4678c1,aortic elongation,off,0.1680920427466631,1.0,0.4107122842826731,0.5795925742665078,1.9420621001197096
41,24,bfd5f6656b4678c1,aortic elongation,on,0.1680920427466631,1.0,0.4015353711342324,0.5729668815570472,2.4992728474415045
42,28,5f2f0b4c28987688,aortic elongation,off,0.1812932181337075,1.0,0.3643760051509134,0.5322207679324957,1.27604549419689
42,28,5f2f0b4c28987688,aortic elongation,on,0.1812932181337075,1.0,0.4186114626780275,0.5901699162314322,1.175338100419164
43,31,e9625bd203f53a48,aortic elongation,off,0.1425424810802645,1.0,0.3880275226498327,0.5538289464689494,1.5706409396002472
43,31,e9625bd203f53a48,aortic elongation,on,0.1425424810802645,1.0,0.5468632714677033,0.7070598848942435,1.3405841846964777
44,36,4da28936d6e2bece,aortic elongation,off,0.1788712970678674,1.0,0.5052609908804047,0.6709762878035774,1.9813393876813985
44,36,4da28936d6e2bece,aortic elongation,on,0.1788712970678674,1.0,0.5349609951479808,0.6970351775234576,1.9911528426796512
45,41,19deb763c708d285,aortic elongation,off,0.1701338635245043,1.0,0.4980204775195842,0.6608870555049797,1.5203269516046236
45,41,19deb763c708d285,aortic elongation,on,0.1701338635245043,1.0,0.5714531118680786,0.7272918008004033,1.3003043164504111
46,45,d40c7f5259a24598,aortic elongation,off,0.1627511463922147,1.0,0.3569298079691809,0.5160593732411962,1.9270155771100488
46,45,d40c7f5259a24598,aortic elongation,on,0.1627511463922147,1.0,0.5786973590699567,0.7331254354527469,2.1449181251204923
47,54,cada1a2e8b3c3ab9,aortic elongation,off,0.1740908049841868,0.0,0.2331518155660961,0.3765484664313594,1.6384479703771573
47,54,cada1a2e8b3c3ab9,aortic elongation,on,0.1740908049841868,0.0,0.2294001320136691,0.373187937706156,1.6060677387299755
48,59,3521c4cbb1034b4b,aortic elongation,off,0.1573322807479204,1.0,0.4004000191677516,0.566262822935677,1.893522978707988
48,59,3521c4cbb1034b4b,aortic elongation,on,0.1573322807479204,1.0,0.5231761973073036,0.6869529982874252,2.2492770828221467
49,68,f48a6c960f0f31d0,aortic elongation,off,0.1500177867442461,1.0,0.4940093449001894,0.6590132915287981,2.027560260580428
49,68,f48a6c960f0f31d0,aortic elongation,on,0.1500177867442461,1.0,0.5213058352581408,0.6853209485137142,2.343480280266744
50,70,fed109739ed96c34,aortic elongation,off,0.1507243834334751,1.0,0.4595595570996748,0.6175550379294782,2.096597859020126
50,70,fed109739ed96c34,aortic elongation,on,0.1507243834334751,1.0,0.6896738654733492,0.8163394060491805,2.022844107173068
51,79,2597d1512ec90441,aortic elongation,off,0.1558411180796164,1.0,0.4768439145382661,0.6370056813214137,1.832608740711008
51,79,2597d1512ec90441,aortic elongation,on,0.1558411180796164,1.0,0.5910807033473274,0.7429916741652887,1.5721933500629204
52,88,6db8c4ef4b75554d,aortic elongation,off,0.1525371694223937,1.0,0.6251976846667264,0.7634342666340179,2.551837219672272
52,88,6db8c4ef4b75554d,aortic elongation,on,0.1525371694223937,1.0,0.5988872863550715,0.7491090480815163,3.546530228069137
53,91,5ac36dced824d910,aortic elongation,off,0.1799774863675569,1.0,0.4112071202227977,0.5785708183036,1.7902106482736275
53,91,5ac36dced824d910,aortic elongation,on,0.1799774863675569,1.0,0.4559668111237959,0.626337600326862,1.7235112847926508
54,97,46e2e197c942966c,aortic elongation,off,0.1588234434162244,1.0,0.4471114599757416,0.6176254132394914,1.5279541461205686
54,97,46e2e197c942966c,aortic elongation,on,0.1588234434162244,1.0,0.4627373596605972,0.6327005066147526,1.3616057902488623
55,98,3957ad4026dfe112,aortic elongation,off,0.1733500967306502,0.0,0.1316013937062973,0.2323142706834483,1.7756433452744051
55,98,3957ad4026dfe112,aortic elongation,on,0.1733500967306502,0.0,0.127909787434369,0.2268074716728068,1.913925617869844
56,115,cbb83f9f17dd1c99,aortic elongation,off,0.1580973544045339,1.0,0.4881727605077596,0.6480574420258323,2.0269358373789625
56,115,cbb83f9f17dd1c99,aortic elongation,on,0.1580973544045339,1.0,0.4891579086035164,0.6569453890307216,2.060390550729697
57,116,e1a2f29ccc110db4,aortic elongation,off,0.1582874045485334,1.0,0.4472842197927023,0.6172715696615297,1.806530103245692
57,116,e1a2f29ccc110db4,aortic elongation,on,0.1582874045485334,1.0,0.4811602684079209,0.6497071315485081,1.587785042316186
58,132,f22151af3b3f2366,aortic elongation,off,0.1755722214912601,1.0,0.2796880215201534,0.4336670988901511,2.207583079964216
58,132,f22151af3b3f2366,aortic elongation,on,0.1755722214912601,1.0,0.2271195167802401,0.370158475945015,2.51574827031874
59,137,cb65c58a6b14ee41,aortic elongation,off,0.1654362138112851,1.0,0.3978310462047562,0.5646825187964616,1.359217713523607
59,137,cb65c58a6b14ee41,aortic elongation,on,0.1654362138112851,1.0,0.4732675582144287,0.6424688139130602,0.977465553578958
60,142,101df8794836549e,aortic elongation,off,0.1450911022421044,1.0,0.525722281728965,0.6878095694490949,1.910146419925967
60,142,101df8794836549e,aortic elongation,on,0.1450911022421044,1.0,0.520158097636257,0.6843364455048024,1.812633444364909
61,157,f4b3f50031c9ec61,aortic elongation,off,0.1314610957609071,1.0,0.2772108117112687,0.4187956524802488,1.6642053809747488
61,157,f4b3f50031c9ec61,aortic elongation,on,0.1314610957609071,1.0,0.6183384689276539,0.7641445311378335,1.3779606844788288
62,161,4410bb1d2b0ea17f,aortic elongation,off,0.1688814818063535,1.0,0.3803646414657848,0.5477513105305929,1.591865724837188
62,161,4410bb1d2b0ea17f,aortic elongation,on,0.1688814818063535,1.0,0.4414904039249069,0.6125464186367839,1.1321597610733902
63,165,2a152bea13130f22,aortic elongation,off,0.1769415571441798,1.0,0.2652141617650512,0.4170639256843871,1.1626656780171012
63,165,2a152bea13130f22,aortic elongation,on,0.1769415571441798,1.0,0.343932314915844,0.5118213137948435,0.7861058837270941
64,168,23b3ccfd2a0fe4eb,aortic elongation,off,0.1995380319576626,1.0,0.3142013644100799,0.4774355303479788,1.7896512699711058
64,168,23b3ccfd2a0fe4eb,aortic elongation,on,0.1995380319576626,1.0,0.3415156594685285,0.5091447642400408,2.1126886034481047
65,175,e8136a56fee26510,aortic elongation,off,0.1777309962038702,0.0,0.1911816676199847,0.3139229181134707,1.984624768370738
65,175,e8136a56fee26510,aortic elongation,on,0.1777309962038702,0.0,0.2064113404938765,0.3421731166474864,2.51083099609078
66,176,b287c43ee9bccb8b,aortic elongation,off,0.1601148097792981,1.0,0.4961585564408577,0.6537819151168393,1.9811376839567776
66,176,b287c43ee9bccb8b,aortic elongation,on,0.1601148097792981,1.0,0.6564699280783175,0.7926096521855159,2.168831173099217
67,180,eeb67d234026f6f9,aortic elongation,off,0.1569229419762291,1.0,0.5366097632030212,0.6982012476835786,2.227920658281564
67,180,eeb67d234026f6f9,aortic elongation,on,0.1569229419762291,1.0,0.5201231510784915,0.6843108312261706,2.4752123634407432
68,186,0333891b0f71e1fb,aortic elongation,off,0.178656881520791,1.0,0.5370584926531444,0.6959359190583467,2.092625602120888
68,186,0333891b0f71e1fb,aortic elongation,on,0.178656881520791,1.0,0.4833583265935658,0.6517019556143329,2.0944703524960304
69,216,f1e46cb81d878187,aortic elongation,off,0.163657539386674,1.0,0.5491489740835751,0.7055942589850333,1.9055869197294133
69,216,f1e46cb81d878187,aortic elongation,on,0.163657539386674,1.0,0.4575423099113549,0.6278134592567198,1.6827444919484773
70,221,36e3930c195b1c39,aortic elongation,off,0.1794268282580198,1.0,0.4028049269145564,0.566417533262301,1.859368383012506
70,221,36e3930c195b1c39,aortic elongation,on,0.1794268282580198,1.0,0.4512671408957177,0.6218830526888075,1.8565445455548129
71,233,63bb0a08676392f3,aortic elongation,off,0.140534771866731,1.0,0.4806538277598436,0.6484487732061442,2.2478653072656134
71,233,63bb0a08676392f3,aortic elongation,on,0.140534771866731,1.0,0.4285532646911007,0.5999735297899282,2.6978896286072667
72,235,dd4addda66584aeb,aortic elongation,off,0.1449985137104123,1.0,0.403676772567996,0.5677146027283546,1.6153083729372868
72,235,dd4addda66584aeb,aortic elongation,on,0.1449985137104123,1.0,0.6003479991063669,0.7502659616521865,1.3124273274650118
73,240,db2b48fcaeaef282,aortic elongation,off,0.1288686168735289,1.0,0.6070486303889826,0.7468422098214829,2.1683016816034404
73,240,db2b48fcaeaef282,aortic elongation,on,0.1288686168735289,1.0,0.7022394554506791,0.8250640331835228,2.474140311788847
74,241,909d9eee17f7ddd7,aortic elongation,off,0.1345749942741302,1.0,0.2135853001904872,0.3469073404327435,1.1733693422270313
74,241,909d9eee17f7ddd7,aortic elongation,on,0.1345749942741302,1.0,0.3597215662188656,0.5290972293246339,0.7591164962743667
75,248,4bd020cb73204921,aortic elongation,off,0.1479808390470203,1.0,0.3866612499102052,0.5558563989587497,1.6438574641517565
75,248,4bd020cb73204921,aortic elongation,on,0.1479808390470203,1.0,0.4247089624978293,0.5962043813871951,1.3704636245778865
76,250,fafc3cfe7014fa5d,aortic elongation,off,0.1669614880438967,1.0,0.4303104449685724,0.599806632966519,1.6460259592234676
76,250,fafc3cfe7014fa5d,aortic elongation,on,0.1669614880438967,1.0,0.4941838660347855,0.6614689967719519,1.634555218370093
77,254,841cbc366556046e,aortic elongation,off,0.1545789902002348,1.0,0.4167317482765089,0.5756126883105805,1.8684930279930805
77,254,841cbc366556046e,aortic elongation,on,0.1545789902002348,1.0,0.5917456621422799,0.7435176301537042,1.778125747719004
78,255,0cc81d32d5350288,aortic elongation,off,0.1535020393842375,1.0,0.4217168529955984,0.5862891156683508,1.939551344395988
78,255,0cc81d32d5350288,aortic elongation,on,0.1535020393842375,1.0,0.5400963992558394,0.701379935601144,1.8204846149402043
79,257,01fe59eca0982fc7,aortic elongation,off,0.1478151543060976,1.0,0.4989163070777451,0.6577653386312763,1.857993275301064
79,257,01fe59eca0982fc7,aortic elongation,on,0.1478151543060976,1.0,0.5619385683886389,0.7195366615346399,1.7162160660978285
80,263,426946625b31b4b6,aortic elongation,off,0.1773947536414095,1.0,0.3393050969419836,0.5035290374897734,1.4416187487468568
80,263,426946625b31b4b6,aortic elongation,on,0.1773947536414095,1.0,0.3906947995235192,0.5618696558540112,1.2092748030647664
81,268,92d00ec883d9f857,aortic elongation,off,0.1642471821411341,1.0,0.522257654089947,0.6849319819785571,2.2113297654287853
81,268,92d00ec883d9f857,aortic elongation,on,0.1642471821411341,1.0,0.4827882943800518,0.651171875233888,2.50887676478442
82,275,47046c3aec848d4d,aortic elongation,off,0.1754357752340297,1.0,0.4710940752872295,0.6319815840321839,1.838082503603492
82,275,47046c3aec848d4d,aortic elongation,on,0.1754357752340297,1.0,0.591514043911474,0.7433348346021182,1.6058646792017788
83,281,5877943fcb6caedf,aortic elongation,off,0.1784814506186375,1.0,0.3909121443005873,0.5535328472955359,2.3173849606751284
83,281,5877943fcb6caedf,aortic elongation,on,0.1784814506186375,1.0,0.3150955923250174,0.4791787399132616,2.5134547570029646
84,284,354eff7de62cf564,aortic elongation,off,0.1567864957189987,1.0,0.3616043001463326,0.5100838081683984,1.828613855916613
84,284,354eff7de62cf564,aortic elongation,on,0.1567864957189987,1.0,0.5698383907521312,0.7259773315494894,1.8132232457950528
85,285,fdd37ebb7c5238f3,aortic elongation,off,0.1594471977349921,1.0,0.4763659482974333,0.641952472352482,1.983689311282416
85,285,fdd37ebb7c5238f3,aortic elongation,on,0.1594471977349921,1.0,0.5429747998916091,0.7038019723563586,2.0053735724222514
86,288,bb507a0de0ae0301,aortic elongation,off,0.1388389398125813,1.0,0.507449350267021,0.6684471130776097,2.0423184348639127
86,288,bb507a0de0ae0301,aortic elongation,on,0.1388389398125813,1.0,0.6220205016363929,0.7669659539656583,2.3185708066366644
87,290,7fb32bdbee67f55a,aortic elongation,off,0.1412462416365754,1.0,0.450942205603925,0.6088548207491634,2.2434229793056577
87,290,7fb32bdbee67f55a,aortic elongation,on,0.1412462416365754,1.0,0.6479539921163885,0.7863700712400856,3.0721778976062777
88,301,27445e3a73bb12f2,aortic elongation,off,0.1696904131885054,1.0,0.5256225474243523,0.6848729389916938,2.0199860761627897
88,301,27445e3a73bb12f2,aortic elongation,on,0.1696904131885054,1.0,0.5796670782378541,0.7339080928126058,1.8060665177731496
89,302,24b38217d36643ec,aortic elongation,off,0.1818731147269369,0.0,0.0478585784597586,0.088627768429638,1.2563616991710962
89,302,24b38217d36643ec,aortic elongation,on,0.1818731147269369,0.0,0.0860046369839349,0.1583872180859463,1.4786283405085918
90,303,7fa41fd84372c5f0,aortic elongation,off,0.1668835187540507,1.0,0.5263142495853833,0.6852558041424903,1.65962202995233
90,303,7fa41fd84372c5f0,aortic elongation,on,0.1668835187540507,1.0,0.6223017237074223,0.7671832611536826,1.49115279047425
91,307,786281fa2cbe27cb,aortic elongation,off,0.184411989727546,1.0,0.4264242955155401,0.5879220826198855,1.874511772005204
91,307,786281fa2cbe27cb,aortic elongation,on,0.184411989727546,1.0,0.5525486472263699,0.7117918700002406,1.6431839117190894
92,308,4fdbb59282082874,aortic elongation,off,0.1730723311355739,1.0,0.6067578353476413,0.7535330035899108,2.395524072576117
92,308,4fdbb59282082874,aortic elongation,on,0.1730723311355739,1.0,0.6274545995027305,0.7710687594028652,2.6739735217289176
93,309,6c7a5880b102eb17,aortic elongation,off,0.1696319362211209,1.0,0.4312456044858058,0.6022257923982077,1.9577039686168327
93,309,6c7a5880b102eb17,aortic elongation,on,0.1696319362211209,1.0,0.3822150952685402,0.5530304705583723,2.190907391146738
94,319,ca5b06714e75e653,aortic elongation,off,0.1523227538753173,1.0,0.5054212906581688,0.6706902718929216,2.193012175854286
94,319,ca5b06714e75e653,aortic elongation,on,0.1523227538753173,1.0,0.4922515882354979,0.6597380154476122,2.274915901166096
95,321,ea6fcf47e434e5c0,aortic elongation,off,0.1819413378555521,1.0,0.4396960395094392,0.6084405038999627,1.8727031464872124
95,321,ea6fcf47e434e5c0,aortic elongation,on,0.1819413378555521,1.0,0.4567159764268704,0.6270433308412106,1.7406161670539737
96,322,3cdc157fc57bca49,aortic elongation,off,0.1597542018137606,0.0,0.1498674730055645,0.2544392641206401,1.2243224556529584
96,322,3cdc157fc57bca49,aortic elongation,on,0.1597542018137606,0.0,0.2392725216185704,0.3861421170445938,1.0812045185811876
97,324,85b60300429551f4,aortic elongation,off,0.1499105789707079,1.0,0.4232525488985101,0.5906739805435908,2.040546009236076
97,324,85b60300429551f4,aortic elongation,on,0.1499105789707079,1.0,0.4151937913127376,0.5867541042588509,2.115272502961054
98,325,52cbe466021acbb9,aortic elongation,off,0.1614841454322179,1.0,0.4194123364602511,0.5839883326473091,1.7035736138849085
98,325,52cbe466021acbb9,aortic elongation,on,0.1614841454322179,1.0,0.5365908733900271,0.6984165673618712,1.4274321787410305
99,333,eeeffb588fcfb308,aortic elongation,off,0.1176702776194026,1.0,0.5038626006941429,0.6696508144003075,1.748532479452997
99,333,eeeffb588fcfb308,aortic elongation,on,0.1176702776194026,1.0,0.477478361125573,0.6463415153858969,1.4970778947368049
100,335,2443d208248bb60c,aortic elongation,off,0.1651389558937473,1.0,0.3375413961686965,0.503373821263729,1.622230412980168
100,335,2443d208248bb60c,aortic elongation,on,0.1651389558937473,1.0,0.344804936713162,0.5127832329041754,1.4755249284367606
101,342,80afe05797663080,aortic elongation,off,0.1435755741707235,1.0,0.4864090946200418,0.6498334635413132,1.9980516142777087
101,342,80afe05797663080,aortic elongation,on,0.1435755741707235,1.0,0.5302336574956426,0.6930073754570713,2.091086567198422
102,346,f4fbcd719489c025,aortic elongation,off,0.1464555648144087,1.0,0.3376342063459407,0.4946751769982931,1.3427223298189914
102,346,f4fbcd719489c025,aortic elongation,on,0.1464555648144087,1.0,0.5432566289004253,0.7040376938394698,1.2057547819094525
103,349,2508e1281c5e4861,aortic elongation,off,0.1472937346802528,1.0,0.4441298767408456,0.6146431358963629,1.9432045925490389
103,349,2508e1281c5e4861,aortic elongation,on,0.1472937346802528,1.0,0.424361879263298,0.5958592010725606,1.7774996248566044
104,359,a6fb6eac39bcdb30,aortic elongation,off,0.1833399119921641,1.0,0.1550605675996417,0.2677358469945096,1.5277415143761073
104,359,a6fb6eac39bcdb30,aortic elongation,on,0.1833399119921641,1.0,0.1562473156146487,0.2702640247160511,1.2716600333210522
105,360,7d3a63dafaeb39ab,aortic elongation,off,0.1553927946630021,1.0,0.4922183207106968,0.6576270738018984,1.5396656471847263
105,360,7d3a63dafaeb39ab,aortic elongation,on,0.1553927946630021,1.0,0.4761309931213416,0.6450904583094108,1.1800575786389167
106,364,312ef254f0cefc84,aortic elongation,off,0.1589647627540702,1.0,0.533116471975655,0.6950360126041518,2.0328404480248863
106,364,312ef254f0cefc84,aortic elongation,on,0.1589647627540702,1.0,0.5060194042518564,0.6719899901319051,1.941466095527616
107,365,ef4277bdd93833ac,aortic elongation,off,0.1417481689399587,1.0,0.4771595814297045,0.6395995606459415,2.0247802899338025
107,365,ef4277bdd93833ac,aortic elongation,on,0.1417481689399587,1.0,0.6160961416926944,0.7624497883586663,1.9109439100105592
108,368,4eeb7e68dcafc52f,aortic elongation,off,0.159773694136222,1.0,0.5492189845674987,0.7069943242024844,1.955650878540545
108,368,4eeb7e68dcafc52f,aortic elongation,on,0.159773694136222,1.0,0.6014222011512829,0.7511090279881509,1.7299606832176326
109,370,2857a8c6c79fccc6,aortic elongation,off,0.1860932025398496,1.0,0.5088737910402351,0.6649778877246922,1.6298570625977526
109,370,2857a8c6c79fccc6,aortic elongation,on,0.1860932025398496,1.0,0.6331292224441539,0.7753569460948941,1.6559894244838718
110,377,278df654823bf6ee,aortic elongation,off,0.146786934296254,1.0,0.3689617091989682,0.537246457948907,2.041430255394234
110,377,278df654823bf6ee,aortic elongation,on,0.146786934296254,1.0,0.3428996017969754,0.510676731779382,2.3120308493556734
111,378,6090c609713b7751,aortic elongation,off,0.149715655746093,0.0,0.4257331154793713,0.5873659076533528,1.8794008205935413
111,378,6090c609713b7751,aortic elongation,on,0.149715655746093,0.0,0.5302080227768285,0.6929877521835888,1.918766349448184
112,379,8ac8a6fe478e8bd6,aortic elongation,off,0.1427471504661101,1.0,0.3563929887077509,0.5211093514896992,1.2978162215602476
112,379,8ac8a6fe478e8bd6,aortic elongation,on,0.1427471504661101,1.0,0.5160947256352387,0.6808210591613746,1.1406081822228749
113,384,5d38483f79af4b3e,aortic elongation,off,0.1533753392882378,1.0,0.5305991475010089,0.6912076832654315,2.316387395044772
113,384,5d38483f79af4b3e,aortic elongation,on,0.1533753392882378,1.0,0.5040235923186888,0.6702260331793038,2.513567588347128
114,391,c4a5dd3178e7793b,aortic elongation,off,0.1408466490261148,1.0,0.5358627492764649,0.6975005742544859,2.1969642206941926
114,391,c4a5dd3178e7793b,aortic elongation,on,0.1408466490261148,1.0,0.5153402857684345,0.6801511852082,2.537560907804978
115,393,d1717dead5c93e5d,aortic elongation,off,0.1764250105989503,1.0,0.4290403055589269,0.5968190956751434,1.7040817981147405
115,393,d1717dead5c93e5d,aortic elongation,on,0.1764250105989503,1.0,0.4683932915091152,0.6379610017621715,1.5923198687529614
116,395,6bc6af6646fd4f48,aortic elongation,off,0.1698414786875819,1.0,0.4533658538800488,0.6164670661920887,1.9024641243608955
116,395,6bc6af6646fd4f48,aortic elongation,on,0.1698414786875819,1.0,0.5382788337243714,0.699837695563206,1.973800076110164
117,399,cbcf1d839de55224,aortic elongation,off,0.1660307296463605,1.0,0.2559186611113705,0.4048050958920414,1.1423546687200166
117,399,cbcf1d839de55224,aortic elongation,on,0.1660307296463605,1.0,0.3040734351323417,0.4663310899100891,0.8811188862888107
118,404,601e9e006ca98961,aortic elongation,off,0.1399694945153477,1.0,0.6417897192642357,0.7795864184173579,2.7545228958106214
118,404,601e9e006ca98961,aortic elongation,on,0.1399694945153477,1.0,0.497821332923723,0.6647023927543649,3.4029632072344
119,407,c4daa9055babb73c,aortic elongation,off,0.1449741483073354,1.0,0.5099874328345539,0.6738646136131718,1.862196956438328
119,407,c4daa9055babb73c,aortic elongation,on,0.1449741483073354,1.0,0.5596599761327461,0.7176691950482719,1.657595706367917
120,413,346b10be7977b4eb,aortic elongation,off,0.1426448157731873,1.0,0.3767768455010555,0.5451665243882704,1.5057495106471288
120,413,346b10be7977b4eb,aortic elongation,on,0.1426448157731873,1.0,0.4566996195045987,0.6270237324514362,1.4626486319971808
121,414,4327ee7e4bb44f73,aortic elongation,off,0.1635308392906743,1.0,0.4057096858784922,0.5737213795053537,1.693439654663234
121,414,4327ee7e4bb44f73,aortic elongation,on,0.1635308392906743,1.0,0.5121767566993543,0.6774032717951399,1.7000352227311235
122,417,ed79f0a53e4dee1d,aortic elongation,off,0.2034364964499607,1.0,0.3050498997771529,0.4660082986614556,1.5618946855771276
122,417,ed79f0a53e4dee1d,aortic elongation,on,0.2034364964499607,1.0,0.349107488982064,0.5175382711304298,1.7160454414164383
123,420,57cd46aa138100c3,aortic elongation,off,0.142561973402726,1.0,0.6359818671895123,0.7739198041838307,2.7473330120542268
123,420,57cd46aa138100c3,aortic elongation,on,0.142561973402726,1.0,0.4801041182123383,0.6487212345343516,3.360604794401697
124,422,6c279a1587eaca01,aortic elongation,off,0.1433367932205702,1.0,0.2517968788431265,0.3924276980897538,1.3140768149952533
124,422,6c279a1587eaca01,aortic elongation,on,0.1433367932205702,1.0,0.5059745800693001,0.6719184697785658,1.0917075782327763
125,424,ce75e5a5db0bea48,aortic elongation,off,0.1660404758075913,1.0,0.5509699940309503,0.7090902310269586,2.1806545251545075
125,424,ce75e5a5db0bea48,aortic elongation,on,0.1660404758075913,1.0,0.5442966608784364,0.704898441448343,2.5819307894144936
126,432,ee28fa034bce1fda,aortic elongation,off,0.1587308548845323,1.0,0.5306172129206278,0.6885506340652765,2.5094273108125806
126,432,ee28fa034bce1fda,aortic elongation,on,0.1587308548845323,1.0,0.4489930756031331,0.6197103302460254,3.064646659544241
127,443,b3a2874f69846176,aortic elongation,off,0.1457440950445643,1.0,0.452493409358291,0.6149642622183339,1.886584308170636
127,443,b3a2874f69846176,aortic elongation,on,0.1457440950445643,1.0,0.588097368500583,0.7406289772668461,1.7127204031732397
128,454,787a2bfc5a2331c8,aortic elongation,off,0.139306755551657,1.0,0.5445603008379132,0.7031646484058809,2.340842622409695
128,454,787a2bfc5a2331c8,aortic elongation,on,0.139306755551657,1.0,0.524661996984187,0.6882231250186933,2.963692262481987
129,458,3181b6357a7323cd,aortic elongation,off,0.166011237323899,1.0,0.5293128925067503,0.6914667304766577,1.954693792046845
129,458,3181b6357a7323cd,aortic elongation,on,0.166011237323899,1.0,0.4772580947910962,0.6461357859089448,1.738964732283253
130,460,606c0187fa81c5f2,aortic elongation,off,0.1621371382346778,1.0,0.4174815617439784,0.588672747722598,1.8257090528851807
130,460,606c0187fa81c5f2,aortic elongation,on,0.1621371382346778,1.0,0.4029964601105343,0.5744731034784285,1.6964060525585791
131,467,9def6ee814e1821d,aortic elongation,off,0.1360807761842804,1.0,0.2496680893021627,0.3953647343540645,1.202014439752544
131,467,9def6ee814e1821d,aortic elongation,on,0.1360807761842804,1.0,0.4454971136737947,0.616387022638808,1.0019886885020752
132,468,afb6b1bd651be214,aortic elongation,off,0.1691641204820451,1.0,0.4743991963798081,0.6390426696624691,1.9802632711256
132,468,afb6b1bd651be214,aortic elongation,on,0.1691641204820451,1.0,0.518941598604273,0.6832816165031927,2.421483380701829
133,469,df31f174d30b0e6c,aortic elongation,off,0.1622248536857545,1.0,0.3588262109152432,0.5138962682807835,1.7360718597462896
133,469,df31f174d30b0e6c,aortic elongation,on,0.1622248536857545,1.0,0.5393768106425324,0.7007705878923055,1.622472668897755
134,479,bd2d25b1e77db40d,aortic elongation,off,0.1513481377522428,1.0,0.2982219667192308,0.4582686812943856,1.0451289663424717
134,479,bd2d25b1e77db40d,aortic elongation,on,0.1513481377522428,1.0,0.3087427676113341,0.4718153947743206,0.7405681804523367
135,481,b55ee524bc14b7f1,aortic elongation,off,0.1303013025744485,0.0,0.2434717898212445,0.3900855437214955,1.4978634351109
135,481,b55ee524bc14b7f1,aortic elongation,on,0.1303013025744485,0.0,0.2623779087013056,0.4156849655394386,1.494180731323211
136,484,e330df2c116f57e3,aortic elongation,off,0.1524835655356246,1.0,0.4082994858739547,0.5744593659565054,1.7140790004194135
136,484,e330df2c116f57e3,aortic elongation,on,0.1524835655356246,1.0,0.5220180308776927,0.6859551123172342,1.4114124620890125
137,485,8204907be397f49f,aortic elongation,off,0.1394724402925797,1.0,0.2898340632373687,0.4401313149578987,1.5522599727178945
137,485,8204907be397f49f,aortic elongation,on,0.1394724402925797,1.0,0.5620907697787707,0.7196482207167394,1.6060518993727733
138,493,91ea06de1b4bdda4,aortic elongation,off,0.1422306039208806,1.0,0.5109739819101213,0.6757796983248612,1.6050067149465514
138,493,91ea06de1b4bdda4,aortic elongation,on,0.1422306039208806,1.0,0.5230066246834235,0.6868063999752367,1.3141309931767258
139,503,031e29dc2fe17f54,aortic elongation,off,0.1487410396230185,1.0,0.5604110093562908,0.714755740044086,2.4102774771507574
139,503,031e29dc2fe17f54,aortic elongation,on,0.1487410396230185,1.0,0.4423816440382911,0.6133782029640721,2.7990869179427995
140,512,f60ef73b4eada56b,aortic elongation,off,0.157039895910998,1.0,0.3679535267523992,0.5353205739169513,1.4951851839926993
140,512,f60ef73b4eada56b,aortic elongation,on,0.157039895910998,1.0,0.444348244100313,0.6152843863916755,0.935451777436525
141,515,50792ee23b969714,aortic elongation,off,0.1332738817498258,1.0,0.5233985771729281,0.6859755905090462,2.577438883732804
141,515,50792ee23b969714,aortic elongation,on,0.1332738817498258,1.0,0.4617631069089669,0.6317673985739929,3.2565865366365103
142,516,8f2fbdc225eeb4b7,aortic elongation,off,0.1515479340574731,1.0,0.4585525986263605,0.6225515435944435,1.642790306575586
142,516,8f2fbdc225eeb4b7,aortic elongation,on,0.1515479340574731,1.0,0.4358936353329555,0.6071340007371804,1.35583761884749
143,520,fa66ba62408f5bb3,aortic elongation,off,0.1482634777227119,1.0,0.4981105032769705,0.6596526600543176,1.933626697348619
143,520,fa66ba62408f5bb3,aortic elongation,on,0.1482634777227119,1.0,0.6502847417940074,0.788086542557226,1.5389531217473869
144,523,f97dbc0cf694169f,aortic elongation,off,0.1466115033941006,1.0,0.3866366774112066,0.5538789651340836,1.5612192536788538
144,523,f97dbc0cf694169f,aortic elongation,on,0.1466115033941006,1.0,0.512322361806743,0.6775283783780119,1.247194464220292
145,527,e4e74f812d6895b0,aortic elongation,off,0.153063462128854,1.0,0.4114430358507664,0.572628645840191,1.8631234670507928
145,527,e4e74f812d6895b0,aortic elongation,on,0.153063462128854,1.0,0.5982325525840736,0.7486168875184267,1.7995547634191458
146,7,8e809b77e3a489ef,atelectasis,off,0.1341120516156698,1.0,0.4813980486944242,0.6433112770199653,1.6221021849731645
146,7,8e809b77e3a489ef,atelectasis,on,0.1341120516156698,1.0,0.4614424169062032,0.6314159840270972,1.6597551348939532
147,11,6194b5ef08e1beaa,atelectasis,off,0.1237518822273876,0.0,0.1484977102613485,0.2553660934184212,2.9193580641242742
147,11,6194b5ef08e1beaa,atelectasis,on,0.1237518822273876,0.0,0.0524334019272595,0.0996391357382684,2.8401363229855208
148,15,8dde7c24f7c7854b,atelectasis,off,0.1433952701879547,1.0,0.0937137766995933,0.1667327882082369,2.43263843661824
148,15,8dde7c24f7c7854b,atelectasis,on,0.1433952701879547,1.0,0.0661456221352303,0.1240767668785861,2.667621054480235
149,19,c1fbe35407da1064,atelectasis,off,0.1433319201399548,0.0,0.1441285751618208,0.2513548061824616,0.7198099924881529
149,19,c1fbe35407da1064,atelectasis,on,0.1433319201399548,0.0,0.1787099398876638,0.3032288628046511,0.6179672339023305
150,20,7139216b1a7e91c5,atelectasis,off,0.1738715163564951,1.0,0.4366283219555802,0.6059610736119768,1.3926151590653983
150,20,7139216b1a7e91c5,atelectasis,on,0.1738715163564951,1.0,0.4836122088316392,0.6519354839903061,0.9678264873441456
151,29,9eaa7389406cdcff,atelectasis,off,0.1639791627072886,1.0,0.4083304893852951,0.5637757571706521,2.2388497440250563
151,29,9eaa7389406cdcff,atelectasis,on,0.1639791627072886,1.0,0.2126059178262956,0.3506380121688164,2.407453782332323
152,78,d93941381e90eacf,atelectasis,off,0.1070177233941981,1.0,0.489140858155532,0.6557341417070746,2.0679973206363096
152,78,d93941381e90eacf,atelectasis,on,0.1070177233941981,1.0,0.4740849886943337,0.6430945779677838,3.163523856446684
153,86,2d81d6b510b24601,atelectasis,off,0.1477420580968671,1.0,0.2813220132999419,0.4389853287067586,1.4679291508055083
153,86,2d81d6b510b24601,atelectasis,on,0.1477420580968671,1.0,0.2450258778813192,0.3936070785083661,1.2317806975654058
154,90,076d2d1b5d8cb69f,atelectasis,off,0.1349307291590524,0.0,0.2193330070891395,0.3589125247979822,2.041771780876556
154,90,076d2d1b5d8cb69f,atelectasis,on,0.1349307291590524,0.0,0.132787038419592,0.2344378150295002,2.3463495185598564
155,107,4569a1e88cb8719a,atelectasis,off,0.1273092310766097,1.0,0.3117130420940449,0.4735930317396577,1.1505765743822385
155,107,4569a1e88cb8719a,atelectasis,on,0.1273092310766097,1.0,0.3635062560518038,0.533193066691812,0.9345345297598532
156,111,39af5dbb83f791bc,atelectasis,off,0.1607093256143736,0.0,0.0477858114430275,0.0900441207109624,1.9209649657729064
156,111,39af5dbb83f791bc,atelectasis,on,0.1607093256143736,0.0,0.0373179365583561,0.0719485664068323,2.4565274907308585
157,127,149c31b9f0613a25,atelectasis,off,0.135408291059359,1.0,0.6162243048956293,0.7622150341881694,2.495235983168758
157,127,149c31b9f0613a25,atelectasis,on,0.135408291059359,1.0,0.5522999530709948,0.7115438650483299,3.038154895625257
158,134,2b4573785baf0a9b,atelectasis,off,0.1598224249423758,1.0,0.4773911790595034,0.644430915351764,1.5926935425074462
158,134,2b4573785baf0a9b,atelectasis,on,0.1598224249423758,1.0,0.5445257858136635,0.7051028011849109,1.4405706180256943
159,145,5e6c67d898f729ed,atelectasis,off,0.1144784098163335,0.0,0.2410941383092521,0.3878554623667745,2.325719238238906
159,145,5e6c67d898f729ed,atelectasis,on,0.1144784098163335,0.0,0.1358393726872398,0.2391770419268986,3.05651762337575
160,147,78c800e6d13b76f5,atelectasis,off,0.1378594506088914,1.0,0.2801054144025418,0.4328655746834046,0.8542893614038427
160,147,78c800e6d13b76f5,atelectasis,on,0.1378594506088914,1.0,0.3506375586174417,0.5192017054251579,0.7186312730867205
161,148,4946f596d88523e4,atelectasis,off,0.185771579219235,0.0,0.0597396655466036,0.1125477530541718,1.3790906324928178
161,148,4946f596d88523e4,atelectasis,on,0.185771579219235,0.0,0.0701737344277958,0.1311444788108263,1.856475018277847
162,154,7b885a0d0f4df9bd,atelectasis,off,0.127967096959685,1.0,0.5117351270216624,0.674666980630293,1.8868164232228848
162,154,7b885a0d0f4df9bd,atelectasis,on,0.127967096959685,1.0,0.5189854003943647,0.6833233631693302,1.9201306859567016
163,159,071f871817e15b2f,atelectasis,off,0.1098392370704988,1.0,0.5626059637706778,0.716877998636808,2.004869121821172
163,159,071f871817e15b2f,atelectasis,on,0.1098392370704988,1.0,0.3771604816141075,0.5477147886538274,2.133692364873281
164,163,c995d00e2e8701bb,atelectasis,off,0.1836225506678557,0.0,0.0663866354181425,0.1242229306965374,1.1575183501314066
164,163,c995d00e2e8701bb,atelectasis,on,0.1836225506678557,0.0,0.0647460149129173,0.1216169768335841,0.8285634568984435
165,167,bf60f0a2a4af7b86,atelectasis,off,0.149715655746093,1.0,0.3298086729962609,0.4847776000221242,2.257710145785205
165,167,bf60f0a2a4af7b86,atelectasis,on,0.149715655746093,1.0,0.2063099612488018,0.3420323838289406,2.779565806374621
166,170,3937f3c02599f03e,atelectasis,off,0.1567426379934603,1.0,0.4482445596438482,0.6182321248903023,1.842373021170162
166,170,3937f3c02599f03e,atelectasis,on,0.1567426379934603,1.0,0.4040555728734169,0.5755335815794665,1.9697473095822693
167,172,81573fb3980b14e5,atelectasis,off,0.1615816070445253,0.0,0.1613160622549372,0.2763253946374046,1.030264569513686
167,172,81573fb3980b14e5,atelectasis,on,0.1615816070445253,0.0,0.1762815651529632,0.299722891373215,0.8912780472008344
168,196,f7e942178d7ec4cd,atelectasis,off,0.1693639167872754,1.0,0.4161747516945275,0.5656244983109755,2.6664699909858443
168,196,f7e942178d7ec4cd,atelectasis,on,0.1693639167872754,1.0,0.1303653200625327,0.2306473753498771,2.4904275627475503
169,200,1e9f434529b507c6,atelectasis,off,0.168403919906047,1.0,0.6269806056060447,0.7545447839072729,2.2725674040490897
169,200,1e9f434529b507c6,atelectasis,on,0.168403919906047,1.0,0.8519957091124016,0.9200838258645726,3.060254963141814
170,207,0517b51af4dfbcfe,atelectasis,off,0.1545741171196195,1.0,0.370695692674268,0.5388908588684476,1.5512519142221044
170,207,0517b51af4dfbcfe,atelectasis,on,0.1545741171196195,1.0,0.1841814268030081,0.3110463263842152,1.3435059936005316
171,228,cd6197499a3c5daf,atelectasis,off,0.1352962102052054,1.0,0.4273316544313824,0.5864226067306165,2.366238461743861
171,228,cd6197499a3c5daf,atelectasis,on,0.1352962102052054,1.0,0.2069246962301301,0.3428241606176631,3.022931372146457
172,258,a336d605250985d4,atelectasis,off,0.2357255286074197,1.0,0.1103342417573162,0.1982985636324555,1.9305903747466504
172,258,a336d605250985d4,atelectasis,on,0.2357255286074197,1.0,0.1194398380041819,0.2133905384899644,1.957631866034894
173,267,c1d8efe52179079f,atelectasis,off,0.1391849285362727,1.0,0.6778503895681621,0.8062198277816567,2.737251966340796
173,267,c1d8efe52179079f,atelectasis,on,0.1391849285362727,1.0,0.5813264562042352,0.7352148398450234,3.811173859439589
174,274,e6b32442a596c0fd,atelectasis,off,0.1641399743675959,1.0,0.1127257930517879,0.2012642335370236,1.7007371058483205
174,274,e6b32442a596c0fd,atelectasis,on,0.1641399743675959,1.0,0.1098855032440013,0.1980098848653889,1.5272270629984068
175,292,964325708df1fe70,atelectasis,off,0.144262678537491,1.0,0.4020981903135546,0.5706051011240333,2.2631129001977808
175,292,964325708df1fe70,atelectasis,on,0.144262678537491,1.0,0.2497931384010974,0.399700540884103,2.8846124031417912
176,312,e1ef1a9ad7d81662,atelectasis,off,0.1178700739246329,1.0,0.5807948849384134,0.7294925576920183,1.9686628488757216
176,312,e1ef1a9ad7d81662,atelectasis,on,0.1178700739246329,1.0,0.6496354768659791,0.7875971250528024,2.09700722092255
177,318,40c62c54dfec39c8,atelectasis,off,0.1078120355345038,1.0,0.1017356637282716,0.1829558898773,3.5996477485704617
177,318,40c62c54dfec39c8,atelectasis,on,0.1078120355345038,1.0,0.0318494244480963,0.0617311997859081,3.045399152924288
178,356,f94c06bd9718e97c,atelectasis,off,0.1199313870249355,1.0,0.6614780876664987,0.7932726862630688,2.966623399284143
178,356,f94c06bd9718e97c,atelectasis,on,0.1199313870249355,1.0,0.3184129101850781,0.4826993661192669,3.552966552908676
179,380,60775c6db17d7d7a,atelectasis,off,0.1572201998937668,1.0,0.1628944221866351,0.2685810059119848,2.792041718838412
179,380,60775c6db17d7d7a,atelectasis,on,0.1572201998937668,1.0,0.0701943565109082,0.1311768140944649,2.4934162741662496
180,383,73a711ad4a6993d8,atelectasis,off,0.2115940334000945,0.0,0.0434883805496187,0.0831892229342397,1.4358398985526346
180,383,73a711ad4a6993d8,atelectasis,on,0.2115940334000945,0.0,0.0646558921335979,0.1214564852056306,1.5850725330849944
181,403,309b2ec41b2dc6f2,atelectasis,off,0.1734670506654191,1.0,0.2925792720630565,0.4429849350819594,1.9414761468264845
181,403,309b2ec41b2dc6f2,atelectasis,on,0.1734670506654191,1.0,0.1450437897273592,0.253329676618842,2.05309179607211
182,415,33c5edd30f2457cd,atelectasis,off,0.1374062541116617,1.0,0.2075983122762563,0.3437473397297223,0.8933549223620655
182,415,33c5edd30f2457cd,atelectasis,on,0.1374062541116617,1.0,0.1798353489656477,0.3048412820861258,0.8329374432163497
183,421,f2c5b10688fc1c16,atelectasis,off,0.1610650604992958,1.0,0.4005462611595458,0.5614453388639216,2.411327897882169
183,421,f2c5b10688fc1c16,atelectasis,on,0.1610650604992958,1.0,0.1670425618688173,0.2862442725279646,2.622733768917427
184,437,9d8ed0c90eba51ae,atelectasis,off,0.1040451442188208,1.0,0.371388076889007,0.5344401491032291,1.328929488475458
184,437,9d8ed0c90eba51ae,atelectasis,on,0.1040451442188208,1.0,0.617267546579266,0.7633255308376594,1.3647904101026154
185,446,3d7dc2d16d09f5be,atelectasis,off,0.1328353044944422,1.0,0.2321363406860373,0.3734110654224052,1.464233682722818
185,446,3d7dc2d16d09f5be,atelectasis,on,0.1328353044944422,1.0,0.2359223186808324,0.3817698762681343,1.251633908495986
186,465,a989c250bb6e5f01,atelectasis,off,0.1561091375134619,1.0,0.0887155341980097,0.1598939473332523,2.197452932587555
186,465,a989c250bb6e5f01,atelectasis,on,0.1561091375134619,1.0,0.0587410472353595,0.1109606788767177,2.4979883976093
187,466,89b5a9f5b49f6471,atelectasis,off,0.1425960849670336,1.0,0.4026163701380191,0.5698176900763233,1.7497220498148216
187,466,89b5a9f5b49f6471,atelectasis,on,0.1425960849670336,1.0,0.1838251091791799,0.3105297810393765,1.728891941098624
188,491,04a9cb03fde0219d,atelectasis,off,0.1425765926445721,1.0,0.3558884132281231,0.5243368001581732,1.4046785449530714
188,491,04a9cb03fde0219d,atelectasis,on,0.1425765926445721,1.0,0.3663243694285037,0.5362116266525522,1.150076273040044
189,509,e374f94a32b3bd15,atelectasis,off,0.1570545151528441,1.0,0.2618563581199498,0.3870349845760105,2.681392113001455
189,509,e374f94a32b3bd15,atelectasis,on,0.1570545151528441,1.0,0.0849207281771368,0.1565364132648369,2.567729586618241
190,513,0ae6e1d4c1336eec,atelectasis,off,0.1577026348746887,1.0,0.1940736353254796,0.3203223560900205,1.311713181255061
190,513,0ae6e1d4c1336eec,atelectasis,on,0.1577026348746887,1.0,0.130348876490946,0.2306308183880486,1.0966198984999425
191,518,40ea79f3caeb0477,atelectasis,off,0.164232562899288,1.0,0.1657062163778985,0.2800218440163886,2.437137186533166
191,518,40ea79f3caeb0477,atelectasis,on,0.164232562899288,1.0,0.0782721821831073,0.1451699933930028,2.509808182494168
192,522,f28dfcb73be60946,atelectasis,off,0.1236690398569263,0.0,0.0978712254162851,0.1759186427150874,2.3115336755103524
192,522,f28dfcb73be60946,atelectasis,on,0.1236690398569263,0.0,0.0583343410487777,0.1102329699522552,2.8745643697781755
193,526,db3fe04ce1b8f893,atelectasis,off,0.1356080873645892,1.0,0.4412016969802507,0.611667240780351,2.143804988200678
193,526,db3fe04ce1b8f893,atelectasis,on,0.1356080873645892,1.0,0.3257915727999858,0.4914379495029209,3.076096476562681
194,8,093950c25a37efe4,cardiomegaly,off,0.1538675204303904,1.0,0.3634555076052004,0.5274962747291619,1.24581150905066
194,8,093950c25a37efe4,cardiomegaly,on,0.1538675204303904,1.0,0.4365671621123791,0.6077917603511596,0.9673868085956836
195,10,3e6de190da5a957a,cardiomegaly,off,0.1529221427910082,1.0,0.3861586032356135,0.5552574039171467,1.032039857246982
195,10,3e6de190da5a957a,cardiomegaly,on,0.1529221427910082,1.0,0.3843029405507049,0.5552237563514443,0.7932648656647797
196,12,96964da0020cd95f,cardiomegaly,off,0.1671271727848193,1.0,0.3637378907086794,0.5296093926991863,1.4654939079308331
196,12,96964da0020cd95f,cardiomegaly,on,0.1671271727848193,1.0,0.4462359133470521,0.6170991325619336,1.151622669926296
197,25,47feecb0340b2bd4,cardiomegaly,off,0.1172901773314036,1.0,0.2902752368904895,0.4456064801818595,0.9261341644405932
197,25,47feecb0340b2bd4,cardiomegaly,on,0.1172901773314036,1.0,0.4002560895459841,0.5716897599787336,0.9259595386947328
198,27,c99a2a7dd0dd260f,cardiomegaly,off,0.1708599525361948,0.0,0.1313230479181654,0.2295000956772264,-0.0012592681579788
198,27,c99a2a7dd0dd260f,cardiomegaly,on,0.1708599525361948,0.0,0.0677901244404074,0.1269689697865766,-0.1485997620210991
199,32,a70c06fbfcf2e58e,cardiomegaly,off,0.1545448786359272,1.0,0.3935180423128644,0.5615473713676725,1.6149233258413431
199,32,a70c06fbfcf2e58e,cardiomegaly,on,0.1545448786359272,1.0,0.4995196348555294,0.6662361904694534,1.2908667116143016
200,39,ec65e2415a2938e7,cardiomegaly,off,0.1549493443270032,0.0,0.076023238774512,0.1351003350188281,0.1265247048886674
200,39,ec65e2415a2938e7,cardiomegaly,on,0.1549493443270032,0.0,0.0341050691880827,0.0659566372190154,-0.2369623524298941
201,42,c93ded9ee7245300,cardiomegaly,off,0.1650512404426706,1.0,0.4025577103501251,0.569989807286108,1.1313278138255722
201,42,c93ded9ee7245300,cardiomegaly,on,0.1650512404426706,1.0,0.4920775802557386,0.659585112325971,1.0698077133229205
202,50,a5d9ac7f9423be90,cardiomegaly,off,0.1622589652500621,1.0,0.2331579493488638,0.3778023799888348,0.505284541474434
202,50,a5d9ac7f9423be90,cardiomegaly,on,0.1622589652500621,1.0,0.2467314328938786,0.3958018193869024,0.5005544139340878
203,53,d7355520cf43cdff,cardiomegaly,off,0.1488726127996335,1.0,0.2318489504675311,0.3687030275402508,1.5462613548207715
203,53,d7355520cf43cdff,cardiomegaly,on,0.1488726127996335,1.0,0.5925997735214648,0.7441499241228804,1.4785980360159194
204,56,9415a340a0044764,cardiomegaly,off,0.1477859158224054,1.0,0.3031915940621799,0.4623473180326681,1.145157482649161
204,56,9415a340a0044764,cardiomegaly,on,0.1477859158224054,1.0,0.3801071457261185,0.5508368210720807,0.8218161148571814
205,61,088cc1d00621a300,cardiomegaly,off,0.1663133683220521,1.0,0.2769099106472349,0.4288078699809457,1.2781276807171542
205,61,088cc1d00621a300,cardiomegaly,on,0.1663133683220521,1.0,0.4099571477180787,0.5815146480459955,0.9434452081298196
206,62,bebbf36be701621f,cardiomegaly,off,0.1669907265275889,1.0,0.2824085829606795,0.4324526035740413,1.4410728052555968
206,62,bebbf36be701621f,cardiomegaly,on,0.1669907265275889,1.0,0.5098317811699479,0.6753416542223826,1.0566672045686638
207,63,f8f084a045363fa5,cardiomegaly,off,0.1473083539220989,1.0,0.2345632228664174,0.3741897931724912,1.1451379030832511
207,63,f8f084a045363fa5,cardiomegaly,on,0.1473083539220989,1.0,0.3989759087021001,0.5703814946271941,0.8278198958433339
208,76,33d96918507e6883,cardiomegaly,off,0.1613769376586797,1.0,0.2202187315318606,0.3566314464495177,1.092484090085591
208,76,33d96918507e6883,cardiomegaly,on,0.1613769376586797,1.0,0.349936210434645,0.5184385636923499,0.6655474139036969
209,85,6ba230aaf07a840c,cardiomegaly,off,0.1586187740303787,1.0,0.359622592427716,0.5171300337682212,1.595287589417178
209,85,6ba230aaf07a840c,cardiomegaly,on,0.1586187740303787,1.0,0.5855924950576709,0.7386417785658101,1.338022811721933
210,89,9c63e63de176518a,cardiomegaly,off,0.1931250578678323,0.0,0.0407286924728339,0.0771405729172348,-0.5690441626403365
210,89,9c63e63de176518a,cardiomegaly,on,0.1931250578678323,0.0,0.0063457471304595,0.0126110999916703,-0.5226903419558095
211,105,fd053a38abc0cb49,cardiomegaly,off,0.1759815602629514,1.0,0.2691430163608772,0.4213462360406916,0.9684351220161584
211,105,fd053a38abc0cb49,cardiomegaly,on,0.1759815602629514,1.0,0.33696037333334,0.504066474049534,0.691539484357016
212,113,c1a9fa9f21a10a44,cardiomegaly,off,0.1273433426409173,1.0,0.366312258356791,0.5333726375769396,0.8149595366023682
212,113,c1a9fa9f21a10a44,cardiomegaly,on,0.1273433426409173,1.0,0.4357098816867933,0.6069602016107897,0.9026619304752366
213,123,e0288a509cbbc07e,cardiomegaly,off,0.1355739758002816,1.0,0.3324449681453879,0.4894403837545092,1.0681461071002107
213,123,e0288a509cbbc07e,cardiomegaly,on,0.1355739758002816,1.0,0.499039855468251,0.6658120187860785,1.0540451393733012
214,124,985a9f7b2779d4f8,cardiomegaly,off,0.1654508330531311,1.0,0.3632028017584179,0.5261134572722043,1.3744500838897695
214,124,985a9f7b2779d4f8,cardiomegaly,on,0.1654508330531311,1.0,0.4973944553387087,0.6643459461697984,1.2348956082970526
215,133,36dfae6f56c02e8b,cardiomegaly,off,0.1691738666432758,1.0,0.1989176750160595,0.3314365748219878,0.4838838238257114
215,133,36dfae6f56c02e8b,cardiomegaly,on,0.1691738666432758,1.0,0.1932859888443555,0.323952595023071,0.3556114426272319
216,139,f201583ea32de232,cardiomegaly,off,0.1505148409670141,1.0,0.2100013471182177,0.3416428088943935,1.2065830683206336
216,139,f201583ea32de232,cardiomegaly,on,0.1505148409670141,1.0,0.4718275438417739,0.6411282398527539,1.0086046244797129
217,155,9ac3c6ded1d4380c,cardiomegaly,off,0.1715568030641931,1.0,0.2502850874413823,0.3983740490778015,0.6510559165194132
217,155,9ac3c6ded1d4380c,cardiomegaly,on,0.1715568030641931,1.0,0.2351806819691954,0.380799061315215,0.3631680272553779
218,162,79f3d753d8db8ce9,cardiomegaly,off,0.1388535590544274,1.0,0.1653062074133696,0.2795202670860253,1.0689386314116962
218,162,79f3d753d8db8ce9,cardiomegaly,on,0.1388535590544274,1.0,0.3772665887568486,0.5478204405354803,0.8338129637554146
219,166,846aafad319d9662,cardiomegaly,off,0.1515771725411653,1.0,0.2267836693785354,0.3616582003639883,1.0729871931617545
219,166,846aafad319d9662,cardiomegaly,on,0.1515771725411653,1.0,0.4469633061707311,0.6177851694601826,0.9230495564213748
220,177,5168c9958d9df995,cardiomegaly,off,0.091258180684083,1.0,0.1627294981640146,0.2776530094079542,0.915179586663982
220,177,5168c9958d9df995,cardiomegaly,on,0.091258180684083,1.0,0.3717893790732921,0.5420477964790406,0.7944522684020845
221,185,5e13bb7278b3f72d,cardiomegaly,off,0.1574346154408432,1.0,0.2297813743263033,0.3706933808531878,0.7576100847322857
221,185,5e13bb7278b3f72d,cardiomegaly,on,0.1574346154408432,1.0,0.2577126415373637,0.4098075031074826,0.4554326241453015
222,189,d236eae4a6bc1049,cardiomegaly,off,0.1684818891958929,0.0,0.1079886180642278,0.1912882705682367,-0.3698567317291995
222,189,d236eae4a6bc1049,cardiomegaly,on,0.1684818891958929,0.0,0.0545417932969206,0.1034404583062696,-0.3463070978247056
223,192,b7a20b8f260bba9f,cardiomegaly,off,0.1397794443713482,1.0,0.2569315451097006,0.4084274121117381,0.5445699294436624
223,192,b7a20b8f260bba9f,cardiomegaly,on,0.1397794443713482,1.0,0.2667345954543188,0.421135535964322,0.5072636320095996
224,195,13d982f2c79b1676,cardiomegaly,off,0.1479174889990205,1.0,0.4401840035217226,0.6035710333376229,1.7648015478532015
224,195,13d982f2c79b1676,cardiomegaly,on,0.1479174889990205,1.0,0.5862704506069667,0.7391730814802715,1.6245314608435582
225,198,2175b019a0091ef3,cardiomegaly,off,0.1767271415971034,0.0,0.2376654358887916,0.3807808105949966,0.5901103342252503
225,198,2175b019a0091ef3,cardiomegaly,on,0.1767271415971034,0.0,0.2394120978299016,0.386321394523857,0.377649061254965
226,204,cbcf65658f0dd7d8,cardiomegaly,off,0.1579998927922264,1.0,0.2497688581466527,0.3964906865616619,0.6233492562071572
226,204,cbcf65658f0dd7d8,cardiomegaly,on,0.1579998927922264,1.0,0.3239996145808697,0.4894180044489906,0.6479603887117996
227,205,82f49a0c3d2dfe14,cardiomegaly,off,0.1580291312759187,1.0,0.2578154812087326,0.4053018941950327,0.7566539784258098
227,205,82f49a0c3d2dfe14,cardiomegaly,on,0.1580291312759187,1.0,0.3213923707604355,0.4864432715128107,0.6137541077499269
228,206,0c9d26929987308b,cardiomegaly,off,0.1685696046469696,1.0,0.3048809931359597,0.4657780757373807,1.257094061830788
228,206,0c9d26929987308b,cardiomegaly,on,0.1685696046469696,1.0,0.3545257152161269,0.523461253385477,0.9202445644208618
229,209,7162d21f7f020298,cardiomegaly,off,0.1578537003737652,1.0,0.2697306425449938,0.4247458674715029,0.6483422946743016
229,209,7162d21f7f020298,cardiomegaly,on,0.1578537003737652,1.0,0.2808141542457453,0.4384925960569788,0.5409834578739778
230,211,74122d99b9022819,cardiomegaly,off,0.14935017469994,1.0,0.3029573909655384,0.4634605251365903,0.707952805890127
230,211,74122d99b9022819,cardiomegaly,on,0.14935017469994,1.0,0.3515963318419007,0.5202680026582074,0.704583426029101
231,214,366858e6adbb8000,cardiomegaly,off,0.153063462128854,1.0,0.3133655172965467,0.4703223265832811,1.1429551321421032
231,214,366858e6adbb8000,cardiomegaly,on,0.153063462128854,1.0,0.4274099849295317,0.598847719773516,0.8721162626483957
232,236,84ac6bdd90a67b66,cardiomegaly,off,0.1629411965362143,1.0,0.33952425644033,0.5062769751461703,0.9000594657007177
232,236,84ac6bdd90a67b66,cardiomegaly,on,0.1629411965362143,1.0,0.3556291682296448,0.5246610719580793,0.7917491742247973
233,242,07a10ffadf85aa63,cardiomegaly,off,0.2132118961643982,0.0,0.0877144962786349,0.1601565300902606,-0.3039444049474951
233,242,07a10ffadf85aa63,cardiomegaly,on,0.2132118961643982,0.0,0.0565847550112095,0.1071080492962061,-0.3062400178323836
234,246,0b14f7b64876536a,cardiomegaly,off,0.1534094508525454,1.0,0.1997012433186072,0.3240942872686997,1.152966852462931
234,246,0b14f7b64876536a,cardiomegaly,on,0.1534094508525454,1.0,0.4675550192990033,0.6371847486569033,0.97111237399649
235,247,161c8b166c8ce7d6,cardiomegaly,off,0.1295508481596811,1.0,0.2440946638353078,0.384649876449411,1.4049965663612054
235,247,161c8b166c8ce7d6,cardiomegaly,on,0.1295508481596811,1.0,0.5614611464460857,0.7191161290517126,1.2767788872745662
236,249,f93a1c5e1000ca3e,cardiomegaly,off,0.1640181473522116,1.0,0.2904879743972528,0.4479975997946541,0.7574680861138455
236,249,f93a1c5e1000ca3e,cardiomegaly,on,0.1640181473522116,1.0,0.3286737471323145,0.4947298206877439,0.8249356785559648
237,251,a65421347ffb7936,cardiomegaly,off,0.1544425439430044,1.0,0.4689111789397381,0.6269990968860564,1.899952473831205
237,251,a65421347ffb7936,cardiomegaly,on,0.1544425439430044,1.0,0.6604977971504862,0.795532668940027,1.6491333322154
238,256,459d9cc7e6454630,cardiomegaly,off,0.1346091058384378,1.0,0.3601711026810417,0.5200676719788722,1.3646383809695066
238,256,459d9cc7e6454630,cardiomegaly,on,0.1346091058384378,1.0,0.5045706536650038,0.6707165475682568,1.0688162135160757
239,259,9dea31c5bb3e5917,cardiomegaly,off,0.161211252917757,1.0,0.250106584652335,0.3977180338605667,0.8967628003720531
239,259,9dea31c5bb3e5917,cardiomegaly,on,0.161211252917757,1.0,0.3691309146590603,0.5392172959297119,0.7516859148265884
240,261,83590772041a5a03,cardiomegaly,off,0.1378009736415069,1.0,0.3345952498344527,0.4934459862734525,1.149585854806367
240,261,83590772041a5a03,cardiomegaly,on,0.1378009736415069,1.0,0.4708197189366158,0.6402134456426596,1.036189638223991
241,266,fc7c567caa66ec88,cardiomegaly,off,0.1349404753202832,1.0,0.236569569540623,0.3814694086128372,0.7675941496138502
241,266,fc7c567caa66ec88,cardiomegaly,on,0.1349404753202832,1.0,0.29893238305869,0.4602736393416458,0.612035513828918
242,273,7efbe29baee5c832,cardiomegaly,off,0.1997475744241237,1.0,0.2279033460867356,0.3669407003371108,0.7669314425628561
242,273,7efbe29baee5c832,cardiomegaly,on,0.1997475744241237,1.0,0.243299885482753,0.3913754513082029,0.408498828886144
243,276,90391ae7b37e6f8e,cardiomegaly,off,0.097914808804682,1.0,0.3989874905595706,0.5672938891408034,1.5215310435412424
243,276,90391ae7b37e6f8e,cardiomegaly,on,0.097914808804682,1.0,0.4943273798573928,0.6615989122644426,1.6485359038584222
244,280,890ca06fc523c555,cardiomegaly,off,0.1448961790174895,1.0,0.4027122010546727,0.5700822028500405,1.6808203181022108
244,280,890ca06fc523c555,cardiomegaly,on,0.1448961790174895,1.0,0.5134419933387201,0.6785077257076912,1.4172802602180408
245,282,e2e5a8476ea2eba5,cardiomegaly,off,0.1643738822371338,1.0,0.2919817375596894,0.4367112620523373,0.9989154871183152
245,282,e2e5a8476ea2eba5,cardiomegaly,on,0.1643738822371338,1.0,0.4962891352556149,0.6633452092249816,1.023553825273534
246,283,d68117bbfe183d95,cardiomegaly,off,0.1251650756058457,1.0,0.2762212472661091,0.4285430697287615,1.085520097509594
246,283,d68117bbfe183d95,cardiomegaly,on,0.1251650756058457,1.0,0.3672949746348921,0.5372574549461482,0.7870364690093551
247,286,66a74608d016ae2c,cardiomegaly,off,0.1552173637608487,1.0,0.4295021112988933,0.6003385655104273,1.333122129034704
247,286,66a74608d016ae2c,cardiomegaly,on,0.1552173637608487,1.0,0.4564855746385339,0.6268314478963319,1.0771193323196524
248,291,e8e8a1f210ad58fd,cardiomegaly,off,0.2074080571514894,0.0,0.0620413831280043,0.1152395905494606,-0.1174583974988396
248,291,e8e8a1f210ad58fd,cardiomegaly,on,0.2074080571514894,0.0,0.0178524522485896,0.0350774677053162,-0.4215804223454719
249,297,c6eb3bdeddb04716,cardiomegaly,off,0.1682772198100473,1.0,0.2293983133069034,0.3645570279917218,0.8994361075892258
249,297,c6eb3bdeddb04716,cardiomegaly,on,0.1682772198100473,1.0,0.400188436279817,0.5716066524506801,0.8022618776660181
250,298,057d72fd8f724e9f,cardiomegaly,off,0.1556461948550014,1.0,0.3768528722127731,0.5418739977875309,1.5915988725772805
250,298,057d72fd8f724e9f,cardiomegaly,on,0.1556461948550014,1.0,0.5302960796475309,0.6930619852464301,1.340887615038238
251,320,3b5deb6b8277b2fc,cardiomegaly,off,0.1240637593867715,1.0,0.2705102936115076,0.4233087639478833,0.7385274634895115
251,320,3b5deb6b8277b2fc,cardiomegaly,on,0.1240637593867715,1.0,0.3226090837211904,0.4878362808362593,0.6593537420194651
252,323,ac6ee2faa45f13ea,cardiomegaly,off,0.1139618632711041,1.0,0.1626259008908187,0.2744471224409437,1.0129455049475764
252,323,ac6ee2faa45f13ea,cardiomegaly,on,0.1139618632711041,1.0,0.4305611425879245,0.6019397158891584,0.8966753123940292
253,330,d914627fd7043b26,cardiomegaly,off,0.1351646370285903,1.0,0.2657438968217411,0.4097935263499869,0.9622042160294504
253,330,d914627fd7043b26,cardiomegaly,on,0.1351646370285903,1.0,0.4938905012682756,0.6612137313090194,1.0255479420488254
254,331,2dcd061d752720b3,cardiomegaly,off,0.1630825158740601,1.0,0.3856789547277416,0.5522389788729327,0.4824867991058248
254,331,2dcd061d752720b3,cardiomegaly,on,0.1630825158740601,1.0,0.200887086797563,0.3345354835269842,0.2763622562063914
255,334,3be03514cc889234,cardiomegaly,off,0.1388097013288891,1.0,0.3270728713445342,0.4905676609415052,0.8738188303955099
255,334,3be03514cc889234,cardiomegaly,on,0.1388097013288891,1.0,0.3505513792519384,0.5191204967124572,0.6946153884692929
256,336,99498cee40a343d2,cardiomegaly,off,0.1653728637632852,1.0,0.3145036976408617,0.4783216766980138,0.6268202359609262
256,336,99498cee40a343d2,cardiomegaly,on,0.1653728637632852,1.0,0.2900934353276921,0.4497209806556065,0.5151397202884055
257,337,afa5f1d02875ed9c,cardiomegaly,off,0.1501785984045534,1.0,0.347323246025455,0.5046766140481946,1.7721214838373067
257,337,afa5f1d02875ed9c,cardiomegaly,on,0.1501785984045534,1.0,0.6531732529630995,0.7902030583972409,1.5750411792743788
258,344,c8b8ed6ec32a0194,cardiomegaly,off,0.1441847092476451,1.0,0.353176160044395,0.5151125473667082,1.3614616620471631
258,344,c8b8ed6ec32a0194,cardiomegaly,on,0.1441847092476451,1.0,0.4977427674890496,0.6646519492811731,1.1024736892206688
259,347,8fb7cd9284a2390b,cardiomegaly,off,0.1458610489793332,1.0,0.2474400966598263,0.3859882026342692,1.3790550190884785
259,347,8fb7cd9284a2390b,cardiomegaly,on,0.1458610489793332,1.0,0.5585623383289947,0.7167615336204072,1.3436817415971154
260,350,0eec7465b21851ca,cardiomegaly,off,0.1609188680808346,1.0,0.2467196976375284,0.3890510385443486,1.2659202022928773
260,350,0eec7465b21851ca,cardiomegaly,on,0.1609188680808346,1.0,0.5024585330921238,0.6688354143729134,1.0385780703517735
261,355,2d1043b3ab978914,cardiomegaly,off,0.1618691188008323,1.0,0.2100060036227854,0.3448295295110625,0.6255751397545067
261,355,2d1043b3ab978914,cardiomegaly,on,0.1618691188008323,1.0,0.1832050805675639,0.3096730643421159,0.3121289595569688
262,357,17b1583a7369977f,cardiomegaly,off,0.1439264359750303,1.0,0.2450278323405132,0.3848002077348718,1.351558956845846
262,357,17b1583a7369977f,cardiomegaly,on,0.1439264359750303,1.0,0.513240760326675,0.678327434534679,1.253969937440742
263,358,2481059373ed3b95,cardiomegaly,off,0.1049953949388184,1.0,0.2033766715321738,0.333091523971169,0.8168145343276622
263,358,2481059373ed3b95,cardiomegaly,on,0.1049953949388184,1.0,0.397632252159186,0.5689892589011138,0.8434040793060167
264,362,1ae57b9c3f3c2647,cardiomegaly,off,0.1084796475788099,0.0,0.1037617884807886,0.1865179580827644,0.8450781984798126
264,362,1ae57b9c3f3c2647,cardiomegaly,on,0.1084796475788099,0.0,0.2030907359501549,0.3376107151329884,0.4417802401958038
265,363,b2049f03ac1c3bf0,cardiomegaly,off,0.1286005974396834,1.0,0.1857345447405366,0.3067664397232048,1.3443993927003908
265,363,b2049f03ac1c3bf0,cardiomegaly,on,0.1286005974396834,1.0,0.5397255293778399,0.7010612564050003,1.1424693368155991
266,367,b23fb11991bb664d,cardiomegaly,off,0.1293023210482971,1.0,0.1916707065136982,0.315266524426824,1.29188854460796
266,367,b23fb11991bb664d,cardiomegaly,on,0.1293023210482971,1.0,0.5518630145875806,0.7111665110200002,1.2386490208782657
267,371,fe977ddea6753ea5,cardiomegaly,off,0.168038438859894,1.0,0.3137887583349123,0.4755683904797716,1.184410267357196
267,371,fe977ddea6753ea5,cardiomegaly,on,0.168038438859894,1.0,0.3389183623577482,0.5062538095426344,0.8755342826062844
268,374,3f426be3dbce8d45,cardiomegaly,off,0.1278696353473775,1.0,0.3548073786096231,0.513809405604224,1.6612644222863164
268,374,3f426be3dbce8d45,cardiomegaly,on,0.1278696353473775,1.0,0.5856287170193445,0.738664561039732,1.4215767734504363
269,394,e155acf502336722,cardiomegaly,off,0.1310371377473697,1.0,0.2001000879860024,0.3295336800525971,1.0320355378756736
269,394,e155acf502336722,cardiomegaly,on,0.1310371377473697,1.0,0.4935798702580511,0.6609327107861473,1.1066698287437515
270,396,e1fd40062c7ab19a,cardiomegaly,off,0.1274408042532247,1.0,0.2503167730755662,0.3963373641713216,1.025963522852604
270,396,e1fd40062c7ab19a,cardiomegaly,on,0.1274408042532247,1.0,0.3670614557658352,0.5370078546697797,0.8139035019922418
271,398,58833757dee99e23,cardiomegaly,off,0.116315561208329,1.0,0.2337441837138214,0.3739171618987679,0.967030234320624
271,398,58833757dee99e23,cardiomegaly,on,0.116315561208329,1.0,0.3978228688001917,0.5691985400782842,0.8308173116976322
272,401,bd494a54fa94017f,cardiomegaly,off,0.1476056118396366,1.0,0.2630005329557971,0.4099553892441056,0.9374456545716884
272,401,bd494a54fa94017f,cardiomegaly,on,0.1476056118396366,1.0,0.3448289786112229,0.5128082153356541,0.7101047129729312
273,416,4e6f8212f10d165e,cardiomegaly,off,0.1797387054174037,1.0,0.2742208152129747,0.4218024598654057,1.3084531124662464
273,416,4e6f8212f10d165e,cardiomegaly,on,0.1797387054174037,1.0,0.4799277514037916,0.6485729701843967,0.960190885557136
274,418,8c69ef3783ae4d44,cardiomegaly,off,0.1547398018605421,1.0,0.1638859032658123,0.2744543235586272,1.3409234054907635
274,418,8c69ef3783ae4d44,cardiomegaly,on,0.1547398018605421,1.0,0.5572799449455398,0.7157015462338745,1.19436007185903
275,423,87a3f87cfabe7f9c,cardiomegaly,off,0.163984035787904,0.0,0.0266032087366666,0.0517323303367875,-0.7755726831106534
275,423,87a3f87cfabe7f9c,cardiomegaly,on,0.163984035787904,0.0,0.0253725146848858,0.0494891054097664,-0.3564375571127658
276,428,c896dee4d23f27f9,cardiomegaly,off,0.1527320926470086,1.0,0.2765311710128247,0.4274975587327341,0.9955029341007936
276,428,c896dee4d23f27f9,cardiomegaly,on,0.1527320926470086,1.0,0.4139565363213656,0.5855266518010852,0.8168903193146588
277,433,fb0f65c1d50aa8a3,cardiomegaly,off,0.1357835182667426,1.0,0.215093309061045,0.3489433353138105,1.0633338705166715
277,433,fb0f65c1d50aa8a3,cardiomegaly,on,0.1357835182667426,1.0,0.4410873987917606,0.6121532690923857,0.9003265741139017
278,445,6b3b424c930e3c69,cardiomegaly,off,0.126607507467996,1.0,0.2195215300577709,0.3537187049622673,0.8620184995886604
278,445,6b3b424c930e3c69,cardiomegaly,on,0.126607507467996,1.0,0.3948661295416338,0.5661688085214098,0.8091827983098175
279,451,859c80b4cc1b7d6b,cardiomegaly,off,0.1662841298383599,1.0,0.2947226847105059,0.4456075581198767,1.119015148261665
279,451,859c80b4cc1b7d6b,cardiomegaly,on,0.1662841298383599,1.0,0.4992593367859864,0.6660052061287605,1.0041766522459998
280,453,f8586b048fcc9d50,cardiomegaly,off,0.1625903347319074,1.0,0.3452613497875798,0.5124660593988349,1.2470996169201898
280,453,f8586b048fcc9d50,cardiomegaly,on,0.1625903347319074,1.0,0.3885276664836596,0.5596232644568626,0.9944299569698384
281,478,35f23ba3e2874c45,cardiomegaly,off,0.1302866833326023,1.0,0.2557217299449609,0.4024929350762857,1.0643378882390724
281,478,35f23ba3e2874c45,cardiomegaly,on,0.1302866833326023,1.0,0.4213292778110595,0.5928626768809895,0.8552079028543308
282,480,d45acc110431b7cc,cardiomegaly,off,0.1752116135257225,1.0,0.1621184664939872,0.2698223000837959,1.1573087940816436
282,480,d45acc110431b7cc,cardiomegaly,on,0.1752116135257225,1.0,0.4048688841413534,0.5763675577938864,0.7869232031949365
283,482,6f9d68ac1e5c1f30,cardiomegaly,off,0.1742564897251095,1.0,0.2432092402919757,0.3821992855480201,1.0259268297509978
283,482,6f9d68ac1e5c1f30,cardiomegaly,on,0.1742564897251095,1.0,0.381040503919679,0.55181172507133,0.7328394825259169
284,487,7bf705c20a586dc0,cardiomegaly,off,0.1567328918322295,0.0,0.2382278955940998,0.3811992528267767,0.8930293040993194
284,487,7bf705c20a586dc0,cardiomegaly,on,0.1567328918322295,0.0,0.3124864325606425,0.476172757396531,0.6618989592766817
285,494,3c1cf07a675d1898,cardiomegaly,off,0.1476007387590213,1.0,0.3043022842814176,0.4592567996118782,1.2962610409705986
285,494,3c1cf07a675d1898,cardiomegaly,on,0.1476007387590213,1.0,0.4522510408436471,0.6228273387153415,1.1008662755676173
286,497,6391a90b95e3ec53,cardiomegaly,off,0.1643056591085186,1.0,0.2900119442320136,0.4390151962507637,1.1790285900941766
286,497,6391a90b95e3ec53,cardiomegaly,on,0.1643056591085186,1.0,0.4394777845201955,0.6105966960793301,0.8931913915185274
287,504,baaade0d652588df,cardiomegaly,off,0.156830353444537,1.0,0.2138715165407898,0.3466438222110031,1.389664424843127
287,504,baaade0d652588df,cardiomegaly,on,0.156830353444537,1.0,0.540887480448881,0.7020240502785893,1.1550859097968824
288,505,72d910c6519cd39e,cardiomegaly,off,0.1661476835811295,1.0,0.3268306652043862,0.4820476386832534,1.7220925389539818
288,505,72d910c6519cd39e,cardiomegaly,on,0.1661476835811295,1.0,0.513326894095895,0.6784084032696344,1.48277326354506
289,511,1a9419899edfacb1,cardiomegaly,off,0.1917459760536818,1.0,0.1859543570548951,0.313318986856218,0.1779738329202421
289,511,1a9419899edfacb1,cardiomegaly,on,0.1917459760536818,1.0,0.1633311450391243,0.2807929385979424,0.1900509784947359
290,517,b999b82f377b197d,cardiomegaly,off,0.1865610182789253,1.0,0.3171139101747596,0.4811172240822235,0.8475320111358394
290,517,b999b82f377b197d,cardiomegaly,on,0.1865610182789253,1.0,0.3183220857856758,0.482919235647287,0.5939810598289794
291,519,966db46987810e93,cardiomegaly,off,0.1304572411541404,1.0,0.2235716343124877,0.3652660018152406,0.7935183094534292
291,519,966db46987810e93,cardiomegaly,on,0.1304572411541404,1.0,0.237778884121223,0.3842024001261251,0.5483151271814032
292,529,dee75173b4711883,cardiomegaly,off,0.1612746029657568,1.0,0.3077049535966399,0.470370526052674,0.5426412825194734
292,529,dee75173b4711883,cardiomegaly,on,0.1612746029657568,1.0,0.2336212258153086,0.3787502601659228,0.3827418518266679
293,18,e9c6af6099408088,interstitial pattern,off,0.1674341768635878,0.0,0.1542676193449203,0.2663327054785037,0.3272582804195022
293,18,e9c6af6099408088,interstitial pattern,on,0.1674341768635878,0.0,0.148489837823219,0.2585786017658497,0.2309556468757982
294,46,a1d99527701d5849,interstitial pattern,off,0.1771462265300254,1.0,0.3429911459589981,0.4942987290734395,1.6335103400568771
294,46,a1d99527701d5849,interstitial pattern,on,0.1771462265300254,1.0,0.6018119120981783,0.7514049283367865,1.3058727525092897
295,55,cf6f75b020455153,interstitial pattern,off,0.1638670818531351,1.0,0.1116158391474443,0.1965921902591005,1.042659940793952
295,55,cf6f75b020455153,interstitial pattern,on,0.1638670818531351,1.0,0.1889135254988913,0.3177806413675069,0.5091758730788598
296,66,b38f8a63b1025b6b,interstitial pattern,off,0.1655434215848232,0.0,0.2749668015859895,0.4300658281140876,1.2091663305488656
296,66,b38f8a63b1025b6b,interstitial pattern,on,0.1655434215848232,0.0,0.3038377807318892,0.4660667057972746,0.9867710753602624
297,73,90318a9405c3be4a,interstitial pattern,off,0.130203840962141,1.0,0.3694291719629454,0.539265725940997,2.188732411955138
297,73,90318a9405c3be4a,interstitial pattern,on,0.130203840962141,1.0,0.2822079637653791,0.4401824848513803,2.3297007452653418
298,94,90f3c92844fe7854,interstitial pattern,off,0.129131763226759,1.0,0.2133822559966816,0.345996842977721,1.0285050024214373
298,94,90f3c92844fe7854,interstitial pattern,on,0.129131763226759,1.0,0.3969566333424458,0.5683046079584322,0.8225616524869384
299,144,a32a449182cc66e6,interstitial pattern,off,0.1620737881866779,1.0,0.489851231930938,0.654354056474548,1.936375138793019
299,144,a32a449182cc66e6,interstitial pattern,on,0.1620737881866779,1.0,0.385530494990696,0.55647967143632,1.922103733703053
300,169,d40002e75a46ce19,interstitial pattern,off,0.1062770151406614,1.0,0.4174658473157427,0.5826467361632854,1.7686050508421784
300,169,d40002e75a46ce19,interstitial pattern,on,0.1062770151406614,1.0,0.4793261971092389,0.647742387534663,1.8814254751562167
301,187,f9d1f5bfeb6e20bc,interstitial pattern,off,0.1438484666851843,1.0,0.3516693840759845,0.5126016462933919,1.544705711490696
301,187,f9d1f5bfeb6e20bc,interstitial pattern,on,0.1438484666851843,1.0,0.5394359916312496,0.7008215305582378,1.5154236602789903
302,210,d04d05023f7c74ed,interstitial pattern,off,0.158492073934379,1.0,0.4802482516510559,0.6454074822841387,1.9596985102804148
302,210,d04d05023f7c74ed,interstitial pattern,on,0.158492073934379,1.0,0.4562101365225817,0.6265524310304325,2.345095628551067
303,229,211047ec8fa23fdb,interstitial pattern,off,0.1999473707293539,1.0,0.2635981701639184,0.3988506429470215,2.0306248582432618
303,229,211047ec8fa23fdb,interstitial pattern,on,0.1999473707293539,1.0,0.1098240964030713,0.197904350742599,2.061236591266548
304,230,6699fd266091dac8,interstitial pattern,off,0.1659283949534377,1.0,0.2495009827365986,0.3949073099128747,0.8016883604004299
304,230,6699fd266091dac8,interstitial pattern,on,0.1659283949534377,1.0,0.3180811771609019,0.4826336620695511,0.6328200799929196
305,262,422fd65f92b19406,interstitial pattern,off,0.1572104537325361,1.0,0.1929590911397012,0.3208855722273013,0.7083154315707878
305,262,422fd65f92b19406,interstitial pattern,on,0.1572104537325361,1.0,0.2782298052501086,0.4353340002890425,0.5324060489044378
306,277,d517c7f3330a223f,interstitial pattern,off,0.1465335341042546,1.0,0.5167259344305265,0.6741605118955296,1.9565287832605445
306,277,d517c7f3330a223f,interstitial pattern,on,0.1465335341042546,1.0,0.6453581823978614,0.7844582622765169,1.7690992771018057
307,295,63d56094353813df,interstitial pattern,off,0.1507292565140905,1.0,0.2929602871217469,0.4512602765414462,1.208539005447682
307,295,63d56094353813df,interstitial pattern,on,0.1507292565140905,1.0,0.3353705921623221,0.5022883742105871,1.0255909327507309
308,310,c00225f5e8666d20,interstitial pattern,off,0.1707868563269642,1.0,0.448514808082649,0.6101813624282867,1.752316875429923
308,310,c00225f5e8666d20,interstitial pattern,on,0.1707868563269642,1.0,0.5570731207980842,0.7155287252773548,1.1772504038724032
309,311,5461f5f492d355f9,interstitial pattern,off,0.1816489530186298,1.0,0.4305755953080806,0.601284865724536,1.7929136458853312
309,311,5461f5f492d355f9,interstitial pattern,on,0.1816489530186298,1.0,0.4421847306746803,0.6132139301407118,1.6804730468603757
310,315,0449a885c64c1338,interstitial pattern,off,0.1828087462050884,1.0,0.2819040546567201,0.4352429745131614,0.7845605086177649
310,315,0449a885c64c1338,interstitial pattern,on,0.1828087462050884,1.0,0.3023715428674374,0.4643297259848338,0.5076526282791134
311,329,e1193f1b5d09f86a,interstitial pattern,off,0.1686719393398925,1.0,0.3221222176988035,0.4853741085525599,1.112964960580508
311,329,e1193f1b5d09f86a,interstitial pattern,on,0.1686719393398925,1.0,0.3784501718697293,0.5490938926384883,0.8066388279952408
312,389,bcdb44370d7eb1d4,interstitial pattern,off,0.2041966970259589,1.0,0.3190843194293267,0.4751711239857719,1.1539953937276597
312,389,bcdb44370d7eb1d4,interstitial pattern,on,0.2041966970259589,1.0,0.3274935105639179,0.4933829019940125,0.7368260010551327
313,402,87dcc15c2f19b537,interstitial pattern,off,0.1663474798863597,1.0,0.2887229276094138,0.444167106706106,1.3687548136978556
313,402,87dcc15c2f19b537,interstitial pattern,on,0.1663474798863597,1.0,0.3577089652412864,0.5269302376349074,1.0864923474637649
314,405,7fd9d691815896db,interstitial pattern,off,0.1864196989410795,1.0,0.5153862940346915,0.6751019548566306,1.6487933533788544
314,405,7fd9d691815896db,interstitial pattern,on,0.1864196989410795,1.0,0.5514176986314219,0.7108482979754526,1.1467535946707563
315,429,9b6e215db52ea84a,interstitial pattern,off,0.1490772821854792,1.0,0.2269261251330867,0.3627238811793434,1.2370128343994242
315,429,9b6e215db52ea84a,interstitial pattern,on,0.1490772821854792,1.0,0.4447469112709135,0.6156611843182002,0.9174405456173844
316,430,f0a56bcd504f6ff8,interstitial pattern,off,0.1632238352119059,1.0,0.2476651908855545,0.3888398450966322,1.1526078566049258
316,430,f0a56bcd504f6ff8,interstitial pattern,on,0.1632238352119059,1.0,0.4594556627304089,0.6296145825024986,0.9290205468348388
317,441,b6d42511ef9b2567,interstitial pattern,off,0.1599491250383755,0.0,0.1189610137544281,0.2112699010563618,0.5201780350122417
317,441,b6d42511ef9b2567,interstitial pattern,on,0.1599491250383755,0.0,0.1701442567243972,0.290806774124233,0.3084847812398982
318,448,0c531bccfb44e11f,interstitial pattern,off,0.1703872637165036,1.0,0.2569270279758145,0.4070340723387744,1.016668055840667
318,448,0c531bccfb44e11f,interstitial pattern,on,0.1703872637165036,1.0,0.3148276765243776,0.4788872372567019,0.6661049830760999
319,450,20664a317941438a,interstitial pattern,off,0.1539113781559288,1.0,0.2682399298030822,0.4169581756182653,1.2332397030667532
319,450,20664a317941438a,interstitial pattern,on,0.1539113781559288,1.0,0.4217027122610659,0.5932296044159056,0.8536552790507308
320,474,ef925bdd7a9847b9,interstitial pattern,off,0.1553830485017713,1.0,0.245445989377396,0.3903864830556313,0.6802975294761355
320,474,ef925bdd7a9847b9,interstitial pattern,on,0.1553830485017713,1.0,0.3336819554700545,0.5003879992803266,0.6213638559663749
321,475,ec7abfbf765e1690,interstitial pattern,off,0.162205361363293,1.0,0.4571304443998366,0.6138317144352365,1.4263803206696504
321,475,ec7abfbf765e1690,interstitial pattern,on,0.162205361363293,1.0,0.5788359096471785,0.7332303532724703,1.2537159579513073
322,483,67bd3c74cf584ff0,interstitial pattern,off,0.1368653421633554,1.0,0.3855636604669439,0.5540990121213424,1.4509922392008736
322,483,67bd3c74cf584ff0,interstitial pattern,on,0.1368653421633554,1.0,0.4228976534101902,0.5944156706860002,1.308136332793776
323,496,262c886227014d4e,interstitial pattern,off,0.1474691655824062,1.0,0.3155451892330585,0.4762390981820229,0.7940755504850339
323,496,262c886227014d4e,interstitial pattern,on,0.1474691655824062,1.0,0.3933476516073658,0.5646077874001519,0.782698788515747
324,506,598bd23a0f437d3c,interstitial pattern,off,0.1796168784020194,1.0,0.3567516905174605,0.5175894522774022,1.5242157533405096
324,506,598bd23a0f437d3c,interstitial pattern,on,0.1796168784020194,1.0,0.4368232902488319,0.6080250819018438,0.8955993095721538
325,507,fec6422c494e2973,interstitial pattern,off,0.1972769225521297,0.0,0.3989704999939386,0.5679066150159517,0.9704856096167508
325,507,fec6422c494e2973,interstitial pattern,on,0.1972769225521297,0.0,0.3827616204489758,0.5536119350562995,0.6908621482547934
326,2,5ba6a17e672673ac,nodule,off,0.208056176873334,0.0,0.0072646177042743,0.0144175502519339,1.5048682136140856
326,2,5ba6a17e672673ac,nodule,on,0.208056176873334,0.0,0.0133868561152315,0.0264198747616989,2.063588128699876
327,4,31cef6e4e32f976a,nodule,off,0.1768246032094109,0.0,0.0181276004925854,0.0355741066277226,1.2116946667244932
327,4,31cef6e4e32f976a,nodule,on,0.1768246032094109,0.0,0.0207282416434893,0.0406145364326183,0.959581236019031
328,5,791df30f73b6bdce,nodule,off,0.1787348508106369,0.0,0.0429992738585311,0.0819984152746888,1.715598231714756
328,5,791df30f73b6bdce,nodule,on,0.1787348508106369,0.0,0.0409314397524591,0.0786425213076945,2.0632333509721854
329,16,c5382ff48d694b35,nodule,off,0.148185508432866,0.0,0.0660075892899914,0.1237564386358229,0.9163736282472068
329,16,c5382ff48d694b35,nodule,on,0.148185508432866,0.0,0.0706745236231973,0.1320161091251934,0.5552889986253904
330,17,d4d6c8a665a118fd,nodule,off,0.1642812937054417,1.0,0.3050862017886529,0.4491970115665047,3.691281838948833
330,17,d4d6c8a665a118fd,nodule,on,0.1642812937054417,1.0,0.0661853125213771,0.1241505961309269,2.4235129587436743
331,23,6a273e887e794c84,nodule,off,0.1442090746507219,1.0,0.0682736267938925,0.1259807378797275,2.9428184404017266
331,23,6a273e887e794c84,nodule,on,0.1442090746507219,1.0,0.0374313338219142,0.0721601022379158,2.5814557407797767
332,26,2703456a007cdfd6,nodule,off,0.1451447061288734,0.0,0.0153600941222421,0.0301084096902119,1.7884207670517054
332,26,2703456a007cdfd6,nodule,on,0.1451447061288734,0.0,0.0179608496397559,0.0352873624660596,2.578719900275631
333,30,15a9576ba2bd05d5,nodule,off,0.1924720650653723,0.0,0.1646542148340176,0.2727877357863856,0.5504997420599201
333,30,15a9576ba2bd05d5,nodule,on,0.1924720650653723,0.0,0.174579120523716,0.2972470153181724,0.1431707165448878
334,35,6f70f0b7f328ad04,nodule,off,0.1626877963442149,0.0,0.0144081280168363,0.0283203645869497,2.098912271090108
334,35,6f70f0b7f328ad04,nodule,on,0.1626877963442149,0.0,0.0275475529253502,0.053616354844332,2.43965725622034
335,40,46f6e4be988ee1fe,nodule,off,0.1636234278223664,1.0,0.0205635384836365,0.0400197880137935,2.602080764688629
335,40,46f6e4be988ee1fe,nodule,on,0.1636234278223664,1.0,0.0155424816767018,0.0306087359989578,2.402031846381865
336,51,dd36e0c7c263a696,nodule,off,0.1414655302642671,1.0,0.361120857921287,0.5293527327890069,1.5128918478875693
336,51,dd36e0c7c263a696,nodule,on,0.1414655302642671,1.0,0.3522670278862757,0.5209914386319934,1.5347838531787463
337,57,529ec6d31cd9f947,nodule,off,0.176931810982949,0.0,0.0556141778498041,0.1037818244520804,1.0020203663021434
337,57,529ec6d31cd9f947,nodule,on,0.176931810982949,0.0,0.0627818062889369,0.1181279174448928,0.6538606858203356
338,58,e4874abd256cb5f3,nodule,off,0.1709622872291176,0.0,0.0085450126606896,0.0169305092890263,1.5820331498641214
338,58,e4874abd256cb5f3,nodule,on,0.1709622872291176,0.0,0.0195704628795464,0.0383889587406037,2.346443957364951
339,67,136ada2e2567ad2d,nodule,off,0.1503686485485529,1.0,0.0925673718496991,0.1688816812422121,0.547442800828928
339,67,136ada2e2567ad2d,nodule,on,0.1503686485485529,1.0,0.113198115258238,0.203374530048481,0.5101440136025857
340,71,627d7e9da9da4248,nodule,off,0.1806012406863247,1.0,0.1935340522968729,0.3242739240883755,0.5309423322999726
340,71,627d7e9da9da4248,nodule,on,0.1806012406863247,1.0,0.1988332389775307,0.3317097724764689,0.3624194962276419
341,81,12921884d73c94c5,nodule,off,0.1544230516205429,1.0,0.1448836056404486,0.2501563703435066,1.6463650751030754
341,81,12921884d73c94c5,nodule,on,0.1544230516205429,1.0,0.1883047481733802,0.3169224988492968,1.8243557122296776
342,95,c69c8f6cd26e7283,nodule,off,0.1790077433250978,1.0,0.0800855279331854,0.1464875930747561,2.176164449362129
342,95,c69c8f6cd26e7283,nodule,on,0.1790077433250978,1.0,0.056477739334143,0.106914444452231,2.302688548422068
343,96,3c565fb2a9b98cd8,nodule,off,0.1952984518222885,0.0,0.045761225134724,0.0873376938423117,1.1635089998512829
343,96,3c565fb2a9b98cd8,nodule,on,0.1952984518222885,0.0,0.0371746295284942,0.0716842553542237,0.6144932110008898
344,99,de8bae8c48874a29,nodule,off,0.148185508432866,1.0,0.0699444120701992,0.1258304731893614,3.141416105812902
344,99,de8bae8c48874a29,nodule,on,0.148185508432866,1.0,0.0289285766151426,0.0562296705357939,2.5299343076867573
345,100,4b5257cd5e0a6456,nodule,off,0.1757720177964904,0.0,0.051099930617938,0.0970102299133061,1.7096886001638805
345,100,4b5257cd5e0a6456,nodule,on,0.1757720177964904,0.0,0.0543311216649359,0.1030621962782593,2.269524783745553
346,101,62b654fbb6e1bf36,nodule,off,0.1627365271503686,0.0,0.0,0.0,-0.2783496690108027
346,101,62b654fbb6e1bf36,nodule,on,0.1627365271503686,0.0,0.0,0.0,-0.4754354292751082
347,102,1e9da71c70d41927,nodule,off,0.1337855552144399,1.0,0.1510590318332041,0.2550334275434467,3.862665883665024
347,102,1e9da71c70d41927,nodule,on,0.1337855552144399,1.0,0.0455333549734511,0.0870950852123247,2.7720443300049804
348,109,beec2434ff624b6b,nodule,off,0.1841342241324698,0.0,0.2244212845166514,0.3663531769882727,1.490583155439325
348,109,beec2434ff624b6b,nodule,on,0.1841342241324698,0.0,0.2385697438760937,0.3852335037495281,1.4661376320766022
349,110,53bf9055496e7700,nodule,off,0.2229044535083744,1.0,0.0522453405944884,0.0985781308027843,2.210926360784528
349,110,53bf9055496e7700,nodule,on,0.2229044535083744,1.0,0.0405764685762569,0.0779878342388946,1.9624727968495264
350,119,4b8172a7de453a27,nodule,off,0.1416653265694974,0.0,0.0001738532027019,0.0003474044185499,0.3238363062122334
350,119,4b8172a7de453a27,nodule,on,0.1416653265694974,0.0,0.0,0.0,-0.437585339984641
351,122,388ba4ddcba88c63,nodule,off,0.1310858685535234,1.0,0.3567822497653645,0.5233628012364067,2.4263054481735984
351,122,388ba4ddcba88c63,nodule,on,0.1310858685535234,1.0,0.1699678544093369,0.2905249845607561,2.948032357210548
352,135,fcbe7d0e9937ca08,nodule,off,0.1534776739811606,0.0,0.0001260989877053,0.0002520390660552,0.4967762925889755
352,135,fcbe7d0e9937ca08,nodule,on,0.1534776739811606,0.0,0.001307370285833,0.0026112660119945,-0.2653468873352694
353,152,62eb41a49c59044c,nodule,off,0.1467089650064081,0.0,0.0007619828280042,0.0015212848705241,-0.3509677231638948
353,152,62eb41a49c59044c,nodule,on,0.1467089650064081,0.0,0.0,0.0,-0.4423786454987382
354,160,9f3085bc1714fbfc,nodule,off,0.1788810432290981,0.0,0.0439589542752844,0.0840699513952708,-0.4873596719394001
354,160,9f3085bc1714fbfc,nodule,on,0.1788810432290981,0.0,0.0309645955997776,0.0600683289663398,-0.2629483184138598
355,179,af8b609a0d8420b6,nodule,off,0.1707283793595797,0.0,0.0281012861650339,0.0540113404993302,1.98912401391928
355,179,af8b609a0d8420b6,nodule,on,0.1707283793595797,0.0,0.0136150560445431,0.0268640414718666,2.34837454462577
356,181,46d32bdb4e0bfc6d,nodule,off,0.1631653582445214,0.0,0.0144284736257916,0.028062903533114,0.390366234733375
356,181,46d32bdb4e0bfc6d,nodule,on,0.1631653582445214,0.0,0.0090246822778798,0.0178868009515254,-0.2021137804349232
357,188,178af366c915dc33,nodule,off,0.1525566617448552,1.0,0.0473864504905315,0.0895169997295302,2.0745617191929657
357,188,178af366c915dc33,nodule,on,0.1525566617448552,1.0,0.0574333574589854,0.1086242983142603,2.466298200728734
358,194,1547ed2ca0dc7cf8,nodule,off,0.1571422306039208,1.0,0.2336227028754628,0.3584993909533482,2.7270440629788304
358,194,1547ed2ca0dc7cf8,nodule,on,0.1571422306039208,1.0,0.096679195271673,0.1762669282688743,2.663959077303838
359,202,311cae76649c299c,nodule,off,0.1596616132820685,0.0,0.0050431008335535,0.0100159280149996,0.9144725741656065
359,202,311cae76649c299c,nodule,on,0.1596616132820685,0.0,0.0042389033787634,0.0084417824835563,0.4088869329756534
360,203,7b3442fcfa554b56,nodule,off,0.1912001910247601,0.0,0.2172305056817128,0.3558346507656137,1.2248631109850416
360,203,7b3442fcfa554b56,nodule,on,0.1912001910247601,0.0,0.252564128453024,0.4032675628015402,1.174137008757545
361,208,fa45a0c99089f06d,nodule,off,0.1570350228303826,1.0,0.6113683018105582,0.7548421976221216,2.573023664044557
361,208,fa45a0c99089f06d,nodule,on,0.1570350228303826,1.0,0.2065734686988002,0.3423830764316543,2.7396342894538344
362,212,4a2cc7f50a322c9b,nodule,off,0.1750020710592615,1.0,0.1544586930118908,0.261435139071916,3.136210555222237
362,212,4a2cc7f50a322c9b,nodule,on,0.1750020710592615,1.0,0.0552576545807487,0.1047244784808263,2.347708105153372
363,225,f6618661e9c11ab9,nodule,off,0.1864196989410795,0.0,0.0505692283825894,0.0956361081193796,1.6027244941230914
363,225,f6618661e9c11ab9,nodule,on,0.1864196989410795,0.0,0.0479450010159798,0.0915003450509664,2.1270244596609844
364,226,dc3b1a2842b5bde9,nodule,off,0.1626926694248303,0.0,0.0126678333953682,0.0249608096554648,1.841439810400195
364,226,dc3b1a2842b5bde9,nodule,on,0.1626926694248303,0.0,0.0143034326210476,0.0282033185102069,2.367564095249312
365,231,e6a6edb9671f4997,nodule,off,0.1460510991233328,0.0,0.0267411694136152,0.05179716804544,1.3558802291455314
365,231,e6a6edb9671f4997,nodule,on,0.1460510991233328,0.0,0.0612815479472468,0.1154858107824398,2.131423028388183
366,237,1a56067563f9d98b,nodule,off,0.1366314342938175,0.0,0.0945511843789875,0.1673879346984428,0.7361755284383916
366,237,1a56067563f9d98b,nodule,on,0.1366314342938175,0.0,0.1204860092527486,0.2150316138178553,0.5082979018041138
367,243,7fd1d6abc4eb09b7,nodule,off,0.1195415405757057,0.0,0.0041790201943106,0.0083186037607416,1.8009289541387183
367,243,7fd1d6abc4eb09b7,nodule,on,0.1195415405757057,0.0,0.0205959200671258,0.0403598209495264,2.886485393529941
368,244,10dd1cccf6713426,nodule,off,0.1495499710051703,0.0,0.1301149468758849,0.2267640577525557,1.3089557901462792
368,244,10dd1cccf6713426,nodule,on,0.1495499710051703,0.0,0.1894559355672375,0.3185460315379124,1.346561919051411
369,245,a4ca156bdc6f1e50,nodule,off,0.1762544527774123,0.0,0.0,0.0,-0.1871623120726477
369,245,a4ca156bdc6f1e50,nodule,on,0.1762544527774123,0.0,0.0,0.0,-0.485980868955183
370,278,e49b9f94ea41c15c,nodule,off,0.1474155616956371,1.0,0.1464470380149584,0.2474107914845802,3.884316242440392
370,278,e49b9f94ea41c15c,nodule,on,0.1474155616956371,1.0,0.0400880642567822,0.0770836635090337,2.5764773803385106
371,287,a434b5c1c1c293b7,nodule,off,0.1166079460452514,1.0,0.2102770202706873,0.3412821046222766,2.9743840360247
371,287,a434b5c1c1c293b7,nodule,on,0.1166079460452514,1.0,0.096836784648342,0.1765648196267326,3.027482974656931
372,299,f9333b96ded07222,nodule,off,0.1658260602605148,1.0,0.014704059669188,0.0289042870006612,2.2898572954092624
372,299,f9333b96ded07222,nodule,on,0.1658260602605148,1.0,0.0201402110579279,0.0394846443617878,2.370476585532899
373,300,cb476906290891fc,nodule,off,0.1910783640093758,0.0,0.03336699972254,0.0644749927852041,1.5306059675971542
373,300,cb476906290891fc,nodule,on,0.1910783640093758,0.0,0.0370226160960148,0.0714015688113517,1.678737927098504
374,304,454c77ff1a863eb0,nodule,off,0.1728676617497283,1.0,0.1708838775279509,0.2850506136170342,2.283642684696867
374,304,454c77ff1a863eb0,nodule,on,0.1728676617497283,1.0,0.1270331469433815,0.2254185930369769,2.429282274717491
375,317,79b3a198942ba36e,nodule,off,0.1622394729276006,0.0,0.0294515006435811,0.0570304791920914,0.5570439839613476
375,317,79b3a198942ba36e,nodule,on,0.1622394729276006,0.0,0.0259754085090163,0.0506352037161213,0.0876277227214602
376,332,4616b3605893256b,nodule,off,0.1529757466777773,1.0,0.1307674894892939,0.2280288053628279,1.3698435211010522
376,332,4616b3605893256b,nodule,on,0.1529757466777773,1.0,0.229532267940094,0.3733631870502708,1.3457623224969646
377,341,4760706a91f4d806,nodule,off,0.1716445185152698,0.0,0.02268798605319,0.0441962753856899,2.341226728815508
377,341,4760706a91f4d806,nodule,on,0.1716445185152698,0.0,0.019685302365728,0.0386102708011555,2.304047842323837
378,345,5c7d19c41a7a931a,nodule,off,0.1385319357338128,1.0,0.4934488721057361,0.6562719277699648,1.9507365534352523
378,345,5c7d19c41a7a931a,nodule,on,0.1385319357338128,1.0,0.5938125391118687,0.7451467680205861,1.7143973967460926
379,353,baba146980179c15,nodule,off,0.1681748851171245,0.0,0.0447540771557479,0.0852111414444781,2.0062156106916538
379,353,baba146980179c15,nodule,on,0.1681748851171245,0.0,0.0384558292910253,0.0740629950219048,2.3149604375459023
380,354,1ba64d275eacfef0,nodule,off,0.1628339887626761,0.0,0.0035635847333306,0.0070611774697598,0.4693733129519399
380,354,1ba64d275eacfef0,nodule,on,0.1628339887626761,0.0,0.0,0.0,-0.4595105452598442
381,369,bcc6697081a43ebb,nodule,off,0.1676924501362026,0.0,0.0224291933390937,0.0437069956924894,2.076018059671113
381,369,bcc6697081a43ebb,nodule,on,0.1676924501362026,0.0,0.0294896210972124,0.0572887756188087,2.3589334947392366
382,375,2fe0944b4d020733,nodule,off,0.1763080566641814,1.0,0.4082178411802079,0.5753645425256685,2.2237549803038017
382,375,2fe0944b4d020733,nodule,on,0.1763080566641814,1.0,0.1993513156816371,0.3324059047196736,2.534162510502616
383,385,903704ca004bf410,nodule,off,0.1755478560881832,0.0,0.0267521818754946,0.051946304901897,1.804720934069504
383,385,903704ca004bf410,nodule,on,0.1755478560881832,0.0,0.0257413840688794,0.0501906374098082,2.242719219154724
384,392,cdd145559ca14b6a,nodule,off,0.1866146221656945,0.0,0.003363064421618,0.0066778740686031,0.7906710013463284
384,392,cdd145559ca14b6a,nodule,on,0.1866146221656945,0.0,0.0014390684831024,0.0028734706719171,0.0083919570671208
385,406,4ac5bdc88a2f8372,nodule,off,0.1168564731566354,1.0,0.2124322670040085,0.3451635587286061,1.0352608668270924
385,406,4ac5bdc88a2f8372,nodule,on,0.1168564731566354,1.0,0.4237691835052891,0.5952738239208855,0.8768877904763327
386,409,29b9cb23329cf7cd,nodule,off,0.1725119268648061,0.0,0.1596413948717767,0.273855645088201,0.959181580738572
386,409,29b9cb23329cf7cd,nodule,on,0.1725119268648061,0.0,0.1853776830669134,0.3127740130364995,0.7742611487582568
387,419,47f29da1a3e01ce1,nodule,off,0.1377522428353532,1.0,0.3694022708893572,0.5220543617070054,2.745663569033548
387,419,47f29da1a3e01ce1,nodule,on,0.1377522428353532,1.0,0.1694175056859475,0.289722303539797,2.8698002817985824
388,427,cc9b83b25564404d,nodule,off,0.1334590588132099,1.0,0.4995450113113573,0.6407814456334534,3.6790033526899775
388,427,cc9b83b25564404d,nodule,on,0.1334590588132099,1.0,0.0736738528865106,0.1372327384264862,2.7543825571038294
389,434,b49f828065841b72,nodule,off,0.1139618632711041,1.0,0.6121336431726934,0.7551660565628103,2.374391908037236
389,434,b49f828065841b72,nodule,on,0.1139618632711041,1.0,0.4749688088696169,0.6440225103876938,3.123685320711203
390,439,4b0c1be6f2fa0ae1,nodule,off,0.130491352718448,1.0,0.6041824253161687,0.7493608275993864,2.657496496450636
390,439,4b0c1be6f2fa0ae1,nodule,on,0.130491352718448,1.0,0.4390391028773542,0.6101640732165554,3.24788054893921
391,440,6a7040fd2005b413,nodule,off,0.1380836123171985,1.0,0.0285512297657023,0.0553838157556656,3.231457150639149
391,440,6a7040fd2005b413,nodule,on,0.1380836123171985,1.0,0.0187854084492211,0.0368779574402491,2.5731497161581656
392,455,80701ea912c38968,nodule,off,0.1834714851687791,0.0,0.0118623380950639,0.0234179353649099,1.60863511455708
392,455,80701ea912c38968,nodule,on,0.1834714851687791,0.0,0.0162495732725096,0.031979361997581,2.1186430449804496
393,470,7a85d34d4d0f8e20,nodule,off,0.1674341768635878,0.0,0.0238153500480409,0.0464058183720577,1.5001360524057552
393,470,7a85d34d4d0f8e20,nodule,on,0.1674341768635878,0.0,0.0283461776448268,0.0551293210789932,2.053429631077015
394,472,ab41a0f8182d4bc1,nodule,off,0.1633943930334439,0.0,0.0354250750348815,0.0681073633605823,1.93391415228576
394,472,ab41a0f8182d4bc1,nodule,on,0.1633943930334439,0.0,0.0386421185890489,0.0744081979287468,2.3791374299417694
395,477,d5c1d9f7a116dfae,nodule,off,0.142771515869187,0.0,0.0196895298437081,0.0384713465311023,1.35599745693936
395,477,d5c1d9f7a116dfae,nodule,on,0.142771515869187,0.0,0.0367047066277599,0.070810029156584,1.49164152500076
396,488,08e40ded6a91cb4d,nodule,off,0.1766199338235652,0.0,0.1139472053452815,0.2027351251765934,1.5450744132072578
396,488,08e40ded6a91cb4d,nodule,on,0.1766199338235652,0.0,0.1117091848420908,0.2009639728724885,1.418426122764941
397,499,792effd3029389fb,nodule,off,0.1456417603516415,1.0,0.4147268489188224,0.5654511179607312,3.649187544916217
397,499,792effd3029389fb,nodule,on,0.1456417603516415,1.0,0.1131699652326724,0.2033194636187797,2.680817507095888
398,501,c353462c47a4a7ba,nodule,off,0.169437012996506,0.0,0.0571509193776174,0.1076278440262175,0.497467986963909
398,501,c353462c47a4a7ba,nodule,on,0.169437012996506,0.0,0.072984536372718,0.1360377823642568,0.5265571358672696
399,521,84c18c7af86041aa,nodule,off,0.1715665492254238,0.0,0.0234222933140166,0.04571931384752,1.1361948689122876
399,521,84c18c7af86041aa,nodule,on,0.1715665492254238,0.0,0.0240997584517312,0.0470651464834451,0.7626785824997102
400,528,36f0ee298e099997,nodule,off,0.1723364959626527,0.0,0.0087542301832456,0.0173105913666314,1.275438613062701
400,528,36f0ee298e099997,nodule,on,0.1723364959626527,0.0,0.0143708865443509,0.0283344118584654,2.126380687744832
401,13,33b179d6a89a32f1,pleural effusion,off,0.1235667051640035,1.0,0.4037559674817749,0.5723335542944172,1.5693550353069918
401,13,33b179d6a89a32f1,pleural effusion,on,0.1235667051640035,1.0,0.505680156051411,0.671692418368866,1.1879361714464836
402,21,3cf6ce745b74e09f,pleural effusion,off,0.1727604539761901,1.0,0.2127305203931101,0.34511751279161,0.8667598454310192
402,21,3cf6ce745b74e09f,pleural effusion,on,0.1727604539761901,1.0,0.3313276366125596,0.4977382541825891,0.5972639274180112
403,34,69ee306d0de8bd2d,pleural effusion,off,0.1292146055972204,0.0,0.2255605876780656,0.3657141473442706,1.274023557906217
403,34,69ee306d0de8bd2d,pleural effusion,on,0.1292146055972204,0.0,0.3053968854025073,0.4678942710221792,1.235104245988874
404,43,e3f6aeb0d6419151,pleural effusion,off,0.1833301658309333,0.0,0.0,0.0,-1.1521625978427914
404,43,e3f6aeb0d6419151,pleural effusion,on,0.1833301658309333,0.0,0.0,0.0,-0.5425347853861463
405,44,01f421ac2c8b7f23,pleural effusion,off,0.1437217665891846,1.0,0.358663340875628,0.5238826778939101,2.302227521961623
405,44,01f421ac2c8b7f23,pleural effusion,on,0.1437217665891846,1.0,0.239819274260014,0.3868431331047268,2.799755950666185
406,47,46b5f3f2fe8fa92d,pleural effusion,off,0.2195176624806904,1.0,0.0367459437830927,0.070739847714988,1.891677949576912
406,47,46b5f3f2fe8fa92d,pleural effusion,on,0.2195176624806904,1.0,0.0476491784413487,0.0909623813130343,2.014130927878258
407,49,c637f6b6fbc52aa6,pleural effusion,off,0.1424304002261109,1.0,0.448855529839352,0.6140985116847244,2.149635238245979
407,49,c637f6b6fbc52aa6,pleural effusion,on,0.1424304002261109,1.0,0.3034235562651977,0.4654972603512578,2.8641559003624804
408,52,ed2c6c44cda73bc0,pleural effusion,off,0.1324113464809048,0.0,0.0383698636891269,0.0738613514877838,0.6775042998192801
408,52,ed2c6c44cda73bc0,pleural effusion,on,0.1324113464809048,0.0,0.0360122318035743,0.0695199874301609,0.5243330675233023
409,64,c0bc1579b347c146,pleural effusion,off,0.1595154208636073,0.0,0.1045190977105024,0.1884103316619467,1.4998708240819132
409,64,c0bc1579b347c146,pleural effusion,on,0.1595154208636073,0.0,0.1102443192379856,0.1985937828998303,1.909423999352558
410,65,b54f6faaa57c06df,pleural effusion,off,0.1786666276820217,0.0,0.1663068352716684,0.2791006957502767,2.183731056745082
410,65,b54f6faaa57c06df,pleural effusion,on,0.1786666276820217,0.0,0.101415857573655,0.1841508447110039,2.3383574707472987
411,69,066ed6260c2c0c26,pleural effusion,off,0.1597152171688376,1.0,0.3485178051013608,0.5076551674116685,2.2330822913880235
411,69,066ed6260c2c0c26,pleural effusion,on,0.1597152171688376,1.0,0.1570789361785529,0.271434625591364,2.6165795526683
412,74,d931503c9db08a1a,pleural effusion,off,0.1780721118469463,0.0,0.0568300313455787,0.1066283787326201,1.5822482155840727
412,74,d931503c9db08a1a,pleural effusion,on,0.1780721118469463,0.0,0.0699959192987235,0.1308292985288592,2.329890197324081
413,75,a044fc0e6f3f828e,pleural effusion,off,0.1714203568069626,1.0,0.3694066986609577,0.5270771062936362,1.475686093867986
413,75,a044fc0e6f3f828e,pleural effusion,on,0.1714203568069626,1.0,0.5420100943587591,0.7029902862264577,1.2506901851648258
414,77,242ca5c078093efe,pleural effusion,off,0.1458415566568717,1.0,0.212048492506036,0.3492109615068567,0.4386308889252797
414,77,242ca5c078093efe,pleural effusion,on,0.1458415566568717,1.0,0.2326900336914126,0.3775320110048735,0.4949481013156518
415,82,1eb9d327943618ba,pleural effusion,off,0.1725070537841907,1.0,0.33312317725072,0.4917916304707984,1.0945419589050769
415,82,1eb9d327943618ba,pleural effusion,on,0.1725070537841907,1.0,0.3913141623427033,0.5625058456054967,0.7428090448041416
416,84,566c7b943e935e9b,pleural effusion,off,0.1730918234580354,1.0,0.4894106836857895,0.6554281837878594,1.5234996517161166
416,84,566c7b943e935e9b,pleural effusion,on,0.1730918234580354,1.0,0.5306551334958495,0.693366445483704,1.1937985778376303
417,104,8b726f2a1de4c3eb,pleural effusion,off,0.1738910086789565,1.0,0.3284118652703279,0.4908147270121713,2.390751859522984
417,104,8b726f2a1de4c3eb,pleural effusion,on,0.1738910086789565,1.0,0.2279184711088795,0.3712157095258103,2.541267807064413
418,106,21a6d0636b3a01d4,pleural effusion,off,0.1063842229141996,1.0,0.3283879383288169,0.4929198809143177,1.0904976480132704
418,106,21a6d0636b3a01d4,pleural effusion,on,0.1063842229141996,1.0,0.4401968957888756,0.6112989440902907,0.9603350595279684
419,117,61fa68c77304b149,pleural effusion,off,0.0990015057819101,1.0,0.4420153766375493,0.6126317195073613,2.3991312028398246
419,117,61fa68c77304b149,pleural effusion,on,0.0990015057819101,1.0,0.2045008073331506,0.3394555193595271,3.3417721789665755
420,118,c79c49fa0c554cf5,pleural effusion,off,0.1639596703848271,1.0,0.2326204107132742,0.3745626070121722,2.115257805895381
420,118,c79c49fa0c554cf5,pleural effusion,on,0.1639596703848271,1.0,0.1107132251761225,0.1993158837088575,2.4978374562008026
421,120,63e108cb88ff486f,pleural effusion,off,0.1559288335306931,1.0,0.2674592550179865,0.4185472347318067,2.1470175132924423
421,120,63e108cb88ff486f,pleural effusion,on,0.1559288335306931,1.0,0.1425698184454796,0.2495445804536554,2.473919811151743
422,121,b938250b4ece76c7,pleural effusion,off,0.1030510357732848,1.0,0.4704272774088099,0.6315731711812951,1.8144984051749715
422,121,b938250b4ece76c7,pleural effusion,on,0.1030510357732848,1.0,0.7100329675252315,0.8304282433412867,1.929638722108188
423,125,e5935687805a3671,pleural effusion,off,0.111973646380032,0.0,0.1807963631367572,0.2995393962949783,1.2351412676545184
423,125,e5935687805a3671,pleural effusion,on,0.111973646380032,0.0,0.2757090004654361,0.4322358088171876,1.2664937839870014
424,129,d4a6c3cdf04fa92c,pleural effusion,off,0.1447353673571821,1.0,0.2999695117383663,0.458904458527375,1.017070175137263
424,129,d4a6c3cdf04fa92c,pleural effusion,on,0.1447353673571821,1.0,0.3740039455355932,0.544396693536174,0.730312825501499
425,138,06efafe7ba8a9f72,pleural effusion,off,0.1678045309903561,1.0,0.4292195213048183,0.5990077804174568,1.747255211258621
425,138,06efafe7ba8a9f72,pleural effusion,on,0.1678045309903561,1.0,0.4064474392255229,0.5779581516034858,1.6853790612633526
426,140,ae9dbadf1fd84520,pleural effusion,off,0.142313446291342,1.0,0.3751502948895223,0.5447645169746869,1.4021052021879317
426,140,ae9dbadf1fd84520,pleural effusion,on,0.142313446291342,1.0,0.3582551987444294,0.527518640471274,1.2322883114353715
427,150,a043d03d2cd28921,pleural effusion,off,0.1781647003786383,0.0,0.036671288648307,0.0707347170285097,0.4946208360072115
427,150,a043d03d2cd28921,pleural effusion,on,0.1781647003786383,0.0,0.0389127270960001,0.0749104771080769,0.3311870146430054
428,151,2a0cd17299cb83b4,pleural effusion,off,0.1453786139984113,1.0,0.5679123774334831,0.7166875097171292,2.372506141537684
428,151,2a0cd17299cb83b4,pleural effusion,on,0.1453786139984113,1.0,0.4258738593099974,0.5973209681055304,2.95704383389066
429,156,3a384669c19c2dfb,pleural effusion,off,0.1584433431282253,1.0,0.2734523751534513,0.4284666203120316,0.8724070528710276
429,156,3a384669c19c2dfb,pleural effusion,on,0.1584433431282253,1.0,0.3037394251399212,0.4659510984542622,0.7128422846613199
430,164,2ca3b8f5c4485ed5,pleural effusion,off,0.1422111115984191,1.0,0.3427103726279532,0.5095567687198137,1.829091202924892
430,164,2ca3b8f5c4485ed5,pleural effusion,on,0.1422111115984191,1.0,0.2364089456878755,0.3823582046349236,2.01218983903519
431,173,f7eb8b41524d2051,pleural effusion,off,0.154593609442081,1.0,0.4901148163227161,0.6532091737616887,2.2649848858559647
431,173,f7eb8b41524d2051,pleural effusion,on,0.154593609442081,1.0,0.4028406860940201,0.5743081684755356,2.571431864799188
432,174,f1cb59f606d0cbc1,pleural effusion,off,0.1551052829066951,0.0,0.0694771503621551,0.1279025876927571,0.2532296083629116
432,174,f1cb59f606d0cbc1,pleural effusion,on,0.1551052829066951,0.0,0.1152916378900955,0.206746404889338,0.288577104307442
433,183,b0001c5493fecdb9,pleural effusion,off,0.1704116291195805,1.0,0.3623187384497032,0.5309400444510669,1.5104745182300086
433,183,b0001c5493fecdb9,pleural effusion,on,0.1704116291195805,1.0,0.3467571038873842,0.5149465436021121,1.1563968311843569
434,184,36daff27d00b22df,pleural effusion,off,0.1301843486396795,1.0,0.3193879710758521,0.4771383769397322,2.2670460302292623
434,184,36daff27d00b22df,pleural effusion,on,0.1301843486396795,1.0,0.1731650959883442,0.2951895798047562,2.8345714770887147
435,191,cf9720eb47d12024,pleural effusion,off,0.2123298685730158,1.0,0.2032412950655177,0.3323899503069182,1.4457809703458016
435,191,cf9720eb47d12024,pleural effusion,on,0.2123298685730158,1.0,0.1040576683574038,0.1884919279385247,1.083155420615543
436,201,f5361e372d0ecacb,pleural effusion,off,0.1528295542593161,1.0,0.5167512712241774,0.6698492061601498,2.202322147840238
436,201,f5361e372d0ecacb,pleural effusion,on,0.1528295542593161,1.0,0.7298852474063432,0.8438293089866497,1.863796314990559
437,213,d5f1991994ffa543,pleural effusion,off,0.1538236627048521,1.0,0.2255555036624689,0.3679418446328815,1.8835950274953568
437,213,d5f1991994ffa543,pleural effusion,on,0.1538236627048521,1.0,0.1984480515284469,0.3311715938489956,2.026162558354182
438,215,ab272e3e0f1c8bfc,pleural effusion,off,0.1767173954358727,0.0,0.1118340704725734,0.2011297433459593,0.4877757418931959
438,215,ab272e3e0f1c8bfc,pleural effusion,on,0.1767173954358727,0.0,0.1151262666049321,0.2064786332367253,0.398608795295471
439,217,d499df8f16b53c58,pleural effusion,off,0.1391605631331959,1.0,0.2483168612633751,0.3806220730578805,2.819420004435621
439,217,d499df8f16b53c58,pleural effusion,on,0.1391605631331959,1.0,0.1040403361250752,0.188414742711948,2.87201607990541
440,218,72f351da77e93850,pleural effusion,off,0.1131285664858753,1.0,0.5256358229424183,0.6867362504847414,2.2766202250726506
440,218,72f351da77e93850,pleural effusion,on,0.1131285664858753,1.0,0.5798624883960766,0.7340642917784128,3.4945516237635537
441,219,b7474324e13b9f32,pleural effusion,off,0.1192930134643217,1.0,0.4498845480682826,0.6204830762929354,2.363737757523555
441,219,b7474324e13b9f32,pleural effusion,on,0.1192930134643217,1.0,0.3024466380507923,0.4643242153353717,3.27087303680978
442,224,3b50628e2520b822,pleural effusion,off,0.1657188524869766,1.0,0.4732604293983278,0.6402079132776644,1.8911286369736475
442,224,3b50628e2520b822,pleural effusion,on,0.1657188524869766,1.0,0.4758124967455835,0.6448108244449495,1.734930036940366
443,227,6a5adc67bfa17890,pleural effusion,off,0.1791100780180206,1.0,0.1062419639898329,0.1889173175551547,2.158536990856931
443,227,6a5adc67bfa17890,pleural effusion,on,0.1791100780180206,1.0,0.0677015475906546,0.1268145790244594,2.290850874799512
444,234,100c1a9328dd1f51,pleural effusion,off,0.14719139998733,0.0,0.0722007720681842,0.1344386851222299,1.574256237963803
444,234,100c1a9328dd1f51,pleural effusion,on,0.14719139998733,0.0,0.049722092060368,0.0947332411262333,1.992831320998432
445,239,f1c6e7f21fa3a466,pleural effusion,off,0.1418505036328816,0.0,0.2325822304863374,0.3747979683970549,2.1794789934849432
445,239,f1c6e7f21fa3a466,pleural effusion,on,0.1418505036328816,0.0,0.1560481568814473,0.26995753413425,2.7667600542946027
446,260,99bfa90d3dae1e59,pleural effusion,off,0.1602366367946825,1.0,0.4817283068898241,0.6468990299849672,1.853928549149821
446,260,99bfa90d3dae1e59,pleural effusion,on,0.1602366367946825,1.0,0.4846920145822304,0.6529026140822155,1.702376230754156
447,264,6a4dc10a30094a14,pleural effusion,off,0.1150875448932551,1.0,0.1192926271101317,0.2125674031531485,0.3098366005485134
447,264,6a4dc10a30094a14,pleural effusion,on,0.1150875448932551,1.0,0.2026090423441484,0.3369434228823437,0.3711133664886865
448,265,861a33bee0885f1c,pleural effusion,off,0.1215492497892392,1.0,0.5764576294111191,0.7237552635478469,2.255798024635154
448,265,861a33bee0885f1c,pleural effusion,on,0.1215492497892392,1.0,0.6448699208769676,0.7840789658449656,3.6634531992933
449,270,f5a62f43c6502a22,pleural effusion,off,0.1398720329030403,1.0,0.4822054194625789,0.6491194628767565,1.6729685225611353
449,270,f5a62f43c6502a22,pleural effusion,on,0.1398720329030403,1.0,0.5091322602783308,0.6747298772225119,1.6913608562232831
450,272,0f338054cbddc18d,pleural effusion,off,0.1357396605412043,1.0,0.4760560493312491,0.6351464709201786,1.9939624248564545
450,272,0f338054cbddc18d,pleural effusion,on,0.1357396605412043,1.0,0.4612865151287916,0.6313185243633301,2.525829165686251
451,279,41b0dfbcc6ffd34f,pleural effusion,off,0.159759074894376,1.0,0.4364312572989702,0.6019940587339592,1.5517409498015264
451,279,41b0dfbcc6ffd34f,pleural effusion,on,0.159759074894376,1.0,0.546693639227639,0.7069183236123927,1.4656116085973765
452,296,b059249baf253a5b,pleural effusion,off,0.1901963364179933,1.0,0.3928205968616694,0.5580384874502189,1.3275204730265666
452,296,b059249baf253a5b,pleural effusion,on,0.1901963364179933,1.0,0.4639214167529101,0.6338062530536789,1.083262348439585
453,305,88aab495bd0b6f9f,pleural effusion,off,0.1643202783503647,1.0,0.1964664698046471,0.3268003575959087,1.4990686394610298
453,305,88aab495bd0b6f9f,pleural effusion,on,0.1643202783503647,1.0,0.1639747339251888,0.2817482321250307,1.170027168190841
454,306,172d42c3c93ebae0,pleural effusion,off,0.1315488112119839,1.0,0.4187897573818305,0.587921048242998,1.4884195429977896
454,306,172d42c3c93ebae0,pleural effusion,on,0.1315488112119839,1.0,0.4909524608914693,0.6585748372816564,1.0787439155392196
455,313,009e8fe5a96ddd29,pleural effusion,off,0.1546131017645425,1.0,0.3674459320995178,0.5303108459407503,1.5944652708605
455,313,009e8fe5a96ddd29,pleural effusion,on,0.1546131017645425,1.0,0.5505258763149885,0.7101075541679268,1.197431580549091
456,316,7625018c3b194ddd,pleural effusion,off,0.1457392219639489,0.0,0.1163616085747366,0.2081563434600271,1.3622531994810776
456,316,7625018c3b194ddd,pleural effusion,on,0.1457392219639489,0.0,0.1189543046332668,0.2126166459616199,1.2985989968567655
457,326,5b9e69685ace7e42,pleural effusion,off,0.1512019453337816,1.0,0.2330559900980053,0.3737228055941013,2.356991701248469
457,326,5b9e69685ace7e42,pleural effusion,on,0.1512019453337816,1.0,0.1686830563417959,0.2886651198567665,2.57031867858065
458,328,ebbc8cfb50c45f2b,pleural effusion,off,0.1460169875590252,0.0,0.1454282650099427,0.2522435818373869,1.0634765588564778
458,328,ebbc8cfb50c45f2b,pleural effusion,on,0.1460169875590252,0.0,0.1829268303277895,0.3092731647188476,0.8242905532944033
459,340,c80af72c8149fb46,pleural effusion,off,0.1637160163540585,1.0,0.3181885222983855,0.4803522898735994,1.1095223167918844
459,340,c80af72c8149fb46,pleural effusion,on,0.1637160163540585,1.0,0.3600458042927685,0.5294610963701702,1.006067015254105
460,348,c16f985adfcfefa6,pleural effusion,off,0.1754503944758758,1.0,0.2821230503206612,0.4242641529402381,2.529696622111363
460,348,c16f985adfcfefa6,pleural effusion,on,0.1754503944758758,1.0,0.0735414715527556,0.1370027917551112,2.3542894889446657
461,351,5c85e33bace856bb,pleural effusion,off,0.1982905233201272,1.0,0.09340977923067,0.1659895955247758,1.6485496641266832
461,351,5c85e33bace856bb,pleural effusion,on,0.1982905233201272,1.0,0.051695224470741,0.0983050599284977,1.4683775025597936
462,361,b8e83400d937ef41,pleural effusion,off,0.1533168623208533,1.0,0.4329732748786831,0.5826147164118244,2.253322014889182
462,361,b8e83400d937ef41,pleural effusion,on,0.1533168623208533,1.0,0.2149561207338193,0.3538132742785592,2.7303368673226647
463,372,6a124967bba4ce54,pleural effusion,off,0.2105999249545585,0.0,0.0674649691150132,0.1253659999136283,1.729643431768343
463,372,6a124967bba4ce54,pleural effusion,on,0.2105999249545585,0.0,0.0742794914113258,0.1382845409025116,1.950472336702736
464,376,24119440056eeeb0,pleural effusion,off,0.132309011787982,0.0,0.1454273376352342,0.251657475034188,2.474620644700964
464,376,24119440056eeeb0,pleural effusion,on,0.132309011787982,0.0,0.0796975804430903,0.1476248141904185,2.7739905276028964
465,382,c05ea04a9307c6ab,pleural effusion,off,0.1390777207627345,1.0,0.3943157581438118,0.5638751888580221,1.3407903037498918
465,382,c05ea04a9307c6ab,pleural effusion,on,0.1390777207627345,1.0,0.4382616810577366,0.6093885353408466,1.0698013582855233
466,388,d02107f98da98bee,pleural effusion,off,0.1283325780058379,1.0,0.2680375775543149,0.4165681364425815,2.166881423372362
466,388,d02107f98da98bee,pleural effusion,on,0.1283325780058379,1.0,0.1828326457908441,0.3091351584660974,2.71015301909315
467,390,f60975acebc82c6f,pleural effusion,off,0.1215248843861624,1.0,0.1766965379932075,0.2998892655022008,1.3507314345847798
467,390,f60975acebc82c6f,pleural effusion,on,0.1215248843861624,1.0,0.1293901400597119,0.2291145313226085,1.321451528755394
468,411,d718a4a2872bb6ba,pleural effusion,off,0.2004736634358142,1.0,0.0779839647306496,0.1442401724146677,0.9757011503678716
468,411,d718a4a2872bb6ba,pleural effusion,on,0.2004736634358142,1.0,0.0694848868303764,0.1299405732779563,0.6218955039274006
469,412,35f682b105677496,pleural effusion,off,0.1626390655380612,1.0,0.2304331284899218,0.3736732467167128,1.394015437913626
469,412,35f682b105677496,pleural effusion,on,0.1626390655380612,1.0,0.1980472401336679,0.3306165399854456,1.0664538745264731
470,425,4a37cb0788653f87,pleural effusion,off,0.1470793191331764,1.0,0.2559150180306487,0.4064894129764423,0.756687425001198
470,425,4a37cb0788653f87,pleural effusion,on,0.1470793191331764,1.0,0.306369009165584,0.469038531474244,0.5762061890793574
471,435,7897237d1e375fa8,pleural effusion,off,0.1020959119726717,1.0,0.4997952768871342,0.6583408114975348,2.0504337346104498
471,435,7897237d1e375fa8,pleural effusion,on,0.1020959119726717,1.0,0.7533959390337988,0.8593557206339453,2.314001236851176
472,438,c358b8f1e7cb26a4,pleural effusion,off,0.1228942200390821,1.0,0.5173576357546041,0.6804744351341709,2.479793228303642
472,438,c358b8f1e7cb26a4,pleural effusion,on,0.1228942200390821,1.0,0.3905505532174583,0.561707476032178,3.4031210133161327
473,444,f4374a3608e7ac2b,pleural effusion,off,0.2030856346456539,1.0,0.156994955441785,0.2669420182137291,1.885189016583387
473,444,f4374a3608e7ac2b,pleural effusion,on,0.2030856346456539,1.0,0.1184259691657941,0.2117685563766323,2.1212945128190066
474,452,5d3691006fcd5c24,pleural effusion,off,0.1479418544020973,1.0,0.3825086995211814,0.5476587883886265,2.775352125063564
474,452,5d3691006fcd5c24,pleural effusion,on,0.1479418544020973,1.0,0.1434558730658643,0.2508525953580342,2.823385424500597
475,456,46cd9bb1b8d268c2,pleural effusion,off,0.1673854460574341,1.0,0.4350741111265894,0.5988860845858557,1.7832183419204046
475,456,46cd9bb1b8d268c2,pleural effusion,on,0.1673854460574341,1.0,0.5842414559063935,0.7375640328603912,1.4334382912767174
476,459,aac8cdfd294823cb,pleural effusion,off,0.1982515386752043,0.0,0.1470960914687529,0.255738717393127,1.2512921739106548
476,459,aac8cdfd294823cb,pleural effusion,on,0.1982515386752043,0.0,0.1398912820198993,0.2454454472176405,0.96298627125128
477,463,2ea44fd3c7b3fb51,pleural effusion,off,0.1608408987909887,1.0,0.1429031814402358,0.249757137183969,0.7119343760712307
477,463,2ea44fd3c7b3fb51,pleural effusion,on,0.1608408987909887,1.0,0.1590307607140698,0.2744200844994388,0.652902031679742
478,471,29098ce1fe0abac3,pleural effusion,off,0.2012436101730431,0.0,0.0111629992354308,0.021993370083927,0.6981142738105416
478,471,29098ce1fe0abac3,pleural effusion,on,0.2012436101730431,0.0,0.0129985053077782,0.025663200232946,0.0503220599464626
479,486,4dcd0faee18f03ad,pleural effusion,off,0.1305400835246017,1.0,0.4447384755703861,0.6156531410525282,2.19751986005248
479,486,4dcd0faee18f03ad,pleural effusion,on,0.1305400835246017,1.0,0.3143974227506584,0.4783723262035746,2.470120070076385
480,489,ac749d95bee079fc,pleural effusion,off,0.1437948627984152,1.0,0.2743130891240689,0.430180638024042,1.563381080432228
480,489,ac749d95bee079fc,pleural effusion,on,0.1437948627984152,1.0,0.3044023804624056,0.4667307518238138,1.4095623141814877
481,495,e834a84e7179d95c,pleural effusion,off,0.1556656871774629,1.0,0.4966228468034349,0.6617187823216564,1.6913948621596695
481,495,e834a84e7179d95c,pleural effusion,on,0.1556656871774629,1.0,0.5064991957126844,0.6724109162510037,1.3592607448175609
482,498,58e8f400ed4fe605,pleural effusion,off,0.1857569599773889,0.0,0.1031540665257491,0.1843767744740044,1.439260063136742
482,498,58e8f400ed4fe605,pleural effusion,on,0.1857569599773889,0.0,0.1069310153125697,0.1931951875192629,1.39528108440633
483,500,1cb41e099a7d442d,pleural effusion,off,0.1748656248020311,1.0,0.2377073756501909,0.3776213099870982,2.0205260963280187
483,500,1cb41e099a7d442d,pleural effusion,on,0.1748656248020311,1.0,0.1225154464868055,0.2182819098856459,2.2501294676434083
484,508,e3709cfb45e658ba,pleural effusion,off,0.1301112524304489,1.0,0.2537034202619558,0.4040559867265914,1.8565752750090785
484,508,e3709cfb45e658ba,pleural effusion,on,0.1301112524304489,1.0,0.1179257510233085,0.2109536881243895,2.3050912756959723
485,510,bf0437290069d1b0,pleural effusion,off,0.1320751039184441,0.0,0.12123092621979,0.2143366685098559,1.012621119457625
485,510,bf0437290069d1b0,pleural effusion,on,0.1320751039184441,0.0,0.1847262858325026,0.3118445313842753,0.9067277535174942
486,524,bea3af175d3d0cd2,pleural effusion,off,0.1245900520932317,1.0,0.3449527800146958,0.5109504302023906,1.357157241559181
486,524,bea3af175d3d0cd2,pleural effusion,on,0.1245900520932317,1.0,0.367435744363573,0.5374072405327988,1.15980122216535
487,525,5e4f459912b0e161,pleural effusion,off,0.1553343176956176,1.0,0.4920438995971808,0.6556432431413528,2.36571201982488
487,525,5e4f459912b0e161,pleural effusion,on,0.1553343176956176,1.0,0.3466708968512595,0.5148287856690962,2.932516013451832
488,1,afa00eaadc32bf1b,pleural thickening,off,0.1587844587713014,0.0,0.0427900400801489,0.0815728925748166,1.365443121526341
488,1,afa00eaadc32bf1b,pleural thickening,on,0.1587844587713014,0.0,0.0538061662544762,0.1021116558836674,1.445021213436893
489,3,98f03635c961630f,pleural thickening,off,0.1322895194655205,1.0,0.4458478259160217,0.610770028022468,1.9761516081033192
489,3,98f03635c961630f,pleural thickening,on,0.1322895194655205,1.0,0.2926130712133837,0.4525994455270921,2.099453317470902
490,37,b724ea6434c71097,pleural thickening,off,0.115399422052639,1.0,0.2647622438555108,0.4127293040005926,0.8247356319770117
490,37,b724ea6434c71097,pleural thickening,on,0.115399422052639,1.0,0.3784165172929736,0.5490575113550434,0.924108913911574
491,38,9852a11a8db8c08d,pleural thickening,off,0.1692274705300449,1.0,0.0732874434746034,0.1365251114883614,0.1131271761803284
491,38,9852a11a8db8c08d,pleural thickening,on,0.1692274705300449,1.0,0.0771489174475497,0.1432463473116235,0.164842817979942
492,60,90bedd88fee05974,pleural thickening,off,0.1312418071332154,0.0,0.0400393450669044,0.07623020652704,1.0826127122448006
492,60,90bedd88fee05974,pleural thickening,on,0.1312418071332154,0.0,0.0810421689097468,0.1499254709068719,1.258400337341068
493,80,f27d0623ad27d061,pleural thickening,off,0.1436486703799541,0.0,0.0407159042658715,0.0780838592872947,1.4498175923235557
493,80,f27d0623ad27d061,pleural thickening,on,0.1436486703799541,0.0,0.0422638088015699,0.0810984903129756,1.7633611252032384
494,92,2f70ccbbd805fd34,pleural thickening,off,0.1219732078027766,0.0,0.212705000461756,0.347408114169964,1.1817708636801556
494,92,2f70ccbbd805fd34,pleural thickening,on,0.1219732078027766,0.0,0.133833372354245,0.2360624478039724,1.128678680586481
495,114,a4379da6806981ef,pleural thickening,off,0.1555194947590018,0.0,0.0778482338424532,0.1424996905328814,1.3874278046493047
495,114,a4379da6806981ef,pleural thickening,on,0.1555194947590018,0.0,0.0725426370416387,0.1352672794634993,1.3753887915008645
496,128,b5433ba64b0e525f,pleural thickening,off,0.1378058467221223,0.0,0.1685266449743819,0.2876663737982497,2.070987573951597
496,128,b5433ba64b0e525f,pleural thickening,on,0.1378058467221223,0.0,0.1059904595884098,0.1916516062965884,2.7531491113580087
497,141,b6e3786ca16e5d0b,pleural thickening,off,0.1670638227368195,1.0,0.1591462302629895,0.2675278968675502,0.971739418354734
497,141,b6e3786ca16e5d0b,pleural thickening,on,0.1670638227368195,1.0,0.1084368412832638,0.1956459893067233,0.9060567290885052
498,146,bbf49c1464082208,pleural thickening,off,0.153195035305469,1.0,0.1560830895268382,0.2676490747058886,2.2043846200439683
498,146,bbf49c1464082208,pleural thickening,on,0.153195035305469,1.0,0.1242722370767377,0.2210627090264028,2.451589589436278
499,149,bd1e1e3213f30d74,pleural thickening,off,0.126110453245228,1.0,0.0624846704165267,0.1155330154356702,2.3749236770036424
499,149,bd1e1e3213f30d74,pleural thickening,on,0.126110453245228,1.0,0.0564505333290423,0.1068651229394625,2.816746852957801
500,158,2c30521979b0a2ea,pleural thickening,off,0.1333713433621332,1.0,0.3233613006059539,0.4787855926067445,1.23522586244897
500,158,2c30521979b0a2ea,pleural thickening,on,0.1333713433621332,1.0,0.2790233567443721,0.4361162300332036,1.267821054587972
501,171,19c89ed50a3f5796,pleural thickening,off,0.1078900048243498,0.0,0.1218704101515953,0.2107209623270374,1.7933181559202545
501,171,19c89ed50a3f5796,pleural thickening,on,0.1078900048243498,0.0,0.0841649847780365,0.1552447058741192,2.4389855737817494
502,178,252f7efe47fa6188,pleural thickening,off,0.1514504724451656,0.0,0.1577457209588841,0.2696469222723147,2.015209738519162
502,178,252f7efe47fa6188,pleural thickening,on,0.1514504724451656,0.0,0.0599264025464716,0.1130731089369626,2.4203345215212906
503,182,3af02da163e9e412,pleural thickening,off,0.1653728637632852,1.0,0.4089486011622254,0.5743028907065192,1.5941173811335432
503,182,3af02da163e9e412,pleural thickening,on,0.1653728637632852,1.0,0.5167654747993208,0.681404529273576,1.3918649205938327
504,190,d7d08096469d872f,pleural thickening,off,0.1533558469657763,1.0,0.1605635044403777,0.2766284050345438,1.4644525495891036
504,190,d7d08096469d872f,pleural thickening,on,0.1533558469657763,1.0,0.1670237945965771,0.2862384005464262,1.5640256201747034
505,197,37c3f6c2a9c8b710,pleural thickening,off,0.1244487327553859,1.0,0.3214143542725243,0.4856841024786448,1.0920762066947582
505,197,37c3f6c2a9c8b710,pleural thickening,on,0.1244487327553859,1.0,0.3215192224366302,0.4865784360087298,1.0428209620402982
506,220,d5141885d31ea691,pleural thickening,off,0.1387463512808892,1.0,0.3131040711463639,0.4694418682522847,2.7110807547731053
506,220,d5141885d31ea691,pleural thickening,on,0.1387463512808892,1.0,0.1573826751017026,0.2719348967739611,2.835277608652427
507,232,de408c679854aab2,pleural thickening,off,0.1552953330506946,1.0,0.2470538476143495,0.3897604169905096,2.3329470995156267
507,232,de408c679854aab2,pleural thickening,on,0.1552953330506946,1.0,0.0882820667854375,0.1622288724701762,2.4656301581870466
508,238,d3821360a85a5e1c,pleural thickening,off,0.1307593721522935,0.0,0.1666764433565576,0.2848068782207832,2.447054543427464
508,238,d3821360a85a5e1c,pleural thickening,on,0.1307593721522935,0.0,0.1009315452220558,0.183353027025799,2.7902693495023208
509,252,25e9744b21cac3c4,pleural thickening,off,0.1166079460452514,1.0,0.3508337121210001,0.5116890198390055,1.191297077393101
509,252,25e9744b21cac3c4,pleural thickening,on,0.1166079460452514,1.0,0.2999721937999856,0.4614374350644333,1.2370465765009266
510,269,bad386e3574a3d58,pleural thickening,off,0.1727702001374208,0.0,0.0877990983525142,0.1607451882432617,1.4738065911192062
510,269,bad386e3574a3d58,pleural thickening,on,0.1727702001374208,0.0,0.0939041125438825,0.1716843780831713,1.5967605711946962
511,293,79eac55aac8981d6,pleural thickening,off,0.1632579467762135,1.0,0.3295992321618547,0.4837002589529214,1.86279468947931
511,293,79eac55aac8981d6,pleural thickening,on,0.1632579467762135,1.0,0.2719944151182988,0.4276428142047302,1.929567973764156
512,338,b6972094364c75ff,pleural thickening,off,0.1063208728661998,0.0,0.0768994933227439,0.140840575001003,2.3753548796169124
512,338,b6972094364c75ff,pleural thickening,on,0.1063208728661998,0.0,0.0665858492745911,0.1248558225408904,3.088590797146528
513,343,48f16b8568f2c072,pleural thickening,off,0.1361197608292034,1.0,0.2184993288974548,0.3543699124042629,2.019109432729034
513,343,48f16b8568f2c072,pleural thickening,on,0.1361197608292034,1.0,0.1514282869562817,0.2630027388627929,2.3637429401468
514,352,0e707aad753ae1f8,pleural thickening,off,0.1575125847306892,1.0,0.278041874447322,0.4296883484623827,0.7970508326427006
514,352,0e707aad753ae1f8,pleural thickening,on,0.1575125847306892,1.0,0.1958959226490195,0.3275894675843339,0.8558350811425739
515,366,938fa8836653d1be,pleural thickening,off,0.1790954587761745,1.0,0.107040900540804,0.1925878493127065,0.9331431555299212
515,366,938fa8836653d1be,pleural thickening,on,0.1790954587761745,1.0,0.1226574439373199,0.2185112039070376,0.8559357287181728
516,373,d86033ff9eb93d1f,pleural thickening,off,0.1677021962974333,1.0,0.6723120951468441,0.7998656752792328,2.44216866251555
516,373,d86033ff9eb93d1f,pleural thickening,on,0.1677021962974333,1.0,0.7546579935124786,0.8601678568604413,3.4571560212641863
517,386,51e438df88904e5f,pleural thickening,off,0.194089927829676,0.0,0.0229515595116388,0.0446666273250198,0.3646476784439967
517,386,51e438df88904e5f,pleural thickening,on,0.194089927829676,0.0,0.0236102124458107,0.0461307434955264,-0.0128788587007568
518,397,17cdcca0c6de94f2,pleural thickening,off,0.1213933112095473,1.0,0.2249621512301277,0.3608195884736175,1.607361220172528
518,397,17cdcca0c6de94f2,pleural thickening,on,0.1213933112095473,1.0,0.2082574387147496,0.3446810012657902,1.7490779075278784
519,408,c72d92ad39a4d241,pleural thickening,off,0.2021353839256562,0.0,0.1737140569606991,0.295096351530149,1.5489280929152338
519,408,c72d92ad39a4d241,pleural thickening,on,0.2021353839256562,0.0,0.1659566638073821,0.2846671615046615,1.5418565521527554
520,431,bc9857f9c34b7ffa,pleural thickening,off,0.1691836128045066,1.0,0.3598768711046683,0.5214874090797703,1.4393822179775488
520,431,bc9857f9c34b7ffa,pleural thickening,on,0.1691836128045066,1.0,0.4062727195105785,0.5777854317845482,0.8611940728935246
521,442,a444535afc10ee60,pleural thickening,off,0.1830621463970878,0.0,0.0841931013462937,0.1517438338844571,2.758457362970995
521,442,a444535afc10ee60,pleural thickening,on,0.1830621463970878,0.0,0.0269389735657286,0.0524639466835908,2.2403872721166933
522,457,a1f55f4e2d064a69,pleural thickening,off,0.1525079309387015,1.0,0.1826631485143641,0.3011963818559925,1.3193743712769348
522,457,a1f55f4e2d064a69,pleural thickening,on,0.1525079309387015,1.0,0.1285481395186802,0.2278023434939431,1.1365729076172255
523,461,6db95ac0ab339c21,pleural thickening,off,0.1904643558518388,1.0,0.1454966542410536,0.2492733847447259,1.4973794288156128
523,461,6db95ac0ab339c21,pleural thickening,on,0.1904643558518388,1.0,0.1401942673028007,0.2458984928485587,1.3200261024997924
524,462,35ef78b4562f936d,pleural thickening,off,0.1569424342986906,1.0,0.3135188518322461,0.4691072798882787,1.0991355763183728
524,462,35ef78b4562f936d,pleural thickening,on,0.1569424342986906,1.0,0.2173557224697432,0.35706255736341,1.0235422625182091
525,464,6e12baf437b8e995,pleural thickening,off,0.2122567723637852,1.0,0.6096401813034038,0.7552688902531015,2.124284997184311
525,464,6e12baf437b8e995,pleural thickening,on,0.2122567723637852,1.0,0.6658605567795887,0.7994174177807086,2.331135663630103
526,476,6a828656c7a22397,pleural thickening,off,0.1256767490704598,1.0,0.3907393713244874,0.5553532738124332,1.573051099965784
526,476,6a828656c7a22397,pleural thickening,on,0.1256767490704598,1.0,0.5170962551560309,0.6816920300031555,1.3685804654278426
527,490,29150e9ffbf9c5a0,pleural thickening,off,0.1573079153448435,1.0,0.3774796196520344,0.5463626284571468,1.7382376546777187
527,490,29150e9ffbf9c5a0,pleural thickening,on,0.1573079153448435,1.0,0.2696503700062031,0.4247564871950345,1.648503205329665
528,502,09688f49206e2887,pleural thickening,off,0.142313446291342,0.0,0.0942981521961109,0.1721543125967154,1.479563758154839
528,502,09688f49206e2887,pleural thickening,on,0.142313446291342,0.0,0.0821736492197516,0.1518665418831721,1.599869494141947
529,514,df69e3008bcd15b9,pleural thickening,off,0.1273677080439941,1.0,0.2955061842520771,0.4462597000588174,1.172802444057804
529,514,df69e3008bcd15b9,pleural thickening,on,0.1273677080439941,1.0,0.2518339398936038,0.4022877722801173,1.2456913917379315
