idx,rank,pair_id,category,dhs,q,point,iou,dice,cnr
0,0,ccf54bcd24e260a2,alveolar pattern,off,0.1917752145373741,0.0,0.2030186498632669,0.3369755332752948,1.0619350080954684
0,0,ccf54bcd24e260a2,alveolar pattern,on,0.1917752145373741,0.0,0.1791936572313296,0.3039244495755319,0.7309156163040307
1,6,985884ef56fc1bd4,alveolar pattern,off,0.1781208426531,0.0,0.0148753538426583,0.0289737731003112,0.8287884585756887
1,6,985884ef56fc1bd4,alveolar pattern,on,0.1781208426531,0.0,0.0314193153341421,0.0609239126359964,0.3812629778195232
2,9,199e69ccc49be76d,alveolar pattern,off,0.1902596864659932,0.0,0.0809919651573794,0.1494691639303115,1.086996890541102
2,9,199e69ccc49be76d,alveolar pattern,on,0.1902596864659932,0.0,0.0937549097084979,0.1714362233631976,0.6823519516628012
3,33,77dd50b9c0471bf0,alveolar pattern,off,0.1852014287872364,0.0,0.1655191437785274,0.2827872798204739,0.8661254465201144
3,33,77dd50b9c0471bf0,alveolar pattern,on,0.1852014287872364,0.0,0.1927205523449029,0.3231598383245689,0.5386637102383367
4,48,a5ac519ee9edeeb2,alveolar pattern,off,0.1990945816216637,1.0,0.1979748872827202,0.3292378883419828,1.198566008263914
4,48,a5ac519ee9edeeb2,alveolar pattern,on,0.1990945816216637,1.0,0.1653169143008436,0.2837275685998826,0.858311436612171
5,72,cac35f19b4896262,alveolar pattern,off,0.1970527608438226,1.0,0.2438163062826706,0.388955333729667,2.0135741258261604
5,72,cac35f19b4896262,alveolar pattern,on,0.1970527608438226,1.0,0.1915093379151387,0.3214552838919414,2.0305998021452214
6,83,a9c924550f7dbef7,alveolar pattern,off,0.1869898493730781,1.0,0.206922308049206,0.3380282541146029,0.953309765776824
6,83,a9c924550f7dbef7,alveolar pattern,on,0.1869898493730781,1.0,0.3069101879640132,0.469661597529705,0.5138428105806487
7,87,5edf23c8792c14b7,alveolar pattern,off,0.1707576178432719,1.0,0.4224829894046523,0.5938848854211642,2.102758585687704
7,87,5edf23c8792c14b7,alveolar pattern,on,0.1707576178432719,1.0,0.3647033559533578,0.5344734010847814,2.218291333891737
8,93,a188981b3ed526e3,alveolar pattern,off,0.1714106106457319,0.0,0.277093796123411,0.4280064372427573,1.409322918631121
8,93,a188981b3ed526e3,alveolar pattern,on,0.1714106106457319,0.0,0.4267933280395912,0.5982498672964659,0.9954374737670376
9,103,64d9172437438868,alveolar pattern,off,0.1899380631453786,0.0,0.0712214892101273,0.1325814110670322,0.6378517959439068
9,103,64d9172437438868,alveolar pattern,on,0.1899380631453786,0.0,0.0805273284883485,0.1490512343730083,0.257124263148717
10,108,c03eafa9870883f7,alveolar pattern,off,0.2178510689102329,0.0,0.070580749905091,0.1295649960936361,1.9403178381716808
10,108,c03eafa9870883f7,alveolar pattern,on,0.2178510689102329,0.0,0.0582466165929679,0.11007871286996,2.0543247071348736
11,112,9691f91b24d4dc49,alveolar pattern,off,0.1756453177004907,0.0,0.2123663462282513,0.3489274832113542,1.2802349925758838
11,112,9691f91b24d4dc49,alveolar pattern,on,0.1756453177004907,0.0,0.2565649001813527,0.4083591438859326,0.946202315448345
12,126,25a454ef982d4a77,alveolar pattern,off,0.1730723311355739,1.0,0.2574403780272818,0.4088877048658208,0.8804421074301764
12,126,25a454ef982d4a77,alveolar pattern,on,0.1730723311355739,1.0,0.2831636905644601,0.4413523955557566,0.6476769911090142
13,130,d8c7f0175a1d0c69,alveolar pattern,off,0.1858300561866195,1.0,0.2734665974471455,0.426780126711945,1.1580768404331587
13,130,d8c7f0175a1d0c69,alveolar pattern,on,0.1858300561866195,1.0,0.359370032364504,0.5287265259059517,0.7352525045644703
14,131,752612af200cd226,alveolar pattern,off,0.1948598745669049,0.0,0.1584821247550947,0.2732215607636353,1.4478967920222432
14,131,752612af200cd226,alveolar pattern,on,0.1948598745669049,0.0,0.143068923834715,0.2503236641457528,1.1168475672501033
15,136,aeef674719471a34,alveolar pattern,off,0.1754893791207988,1.0,0.1485097619659486,0.2584753979677229,0.9626997418819622
15,136,aeef674719471a34,alveolar pattern,on,0.1754893791207988,1.0,0.1847208410049038,0.3118374067175781,0.6043387723542099
16,143,57097f629ce56b8d,alveolar pattern,off,0.1736424815675725,1.0,0.3802615897102318,0.5508520351644977,1.9949621381830664
16,143,57097f629ce56b8d,alveolar pattern,on,0.1736424815675725,1.0,0.3793406364512487,0.550030668478288,2.07765675903104
17,153,461d3abdb0059029,alveolar pattern,off,0.1835835660229327,0.0,0.1415778141560003,0.2474731304799647,0.930381341658971
17,153,461d3abdb0059029,alveolar pattern,on,0.1835835660229327,0.0,0.1658323554723486,0.2844866992306217,0.5573541326960919
18,193,5de02e6948fcbe29,alveolar pattern,off,0.1995185396352012,0.0,0.1101842188313436,0.1983544836533363,0.8970948922033573
18,193,5de02e6948fcbe29,alveolar pattern,on,0.1995185396352012,0.0,0.1182918077479844,0.2115576701552647,0.5221457281437412
19,199,fc755cbf55712051,alveolar pattern,off,0.2079879537447188,0.0,0.0700346054930999,0.1306200758973288,0.5883262995721396
19,199,fc755cbf55712051,alveolar pattern,on,0.2079879537447188,0.0,0.0775753375370439,0.1439809061075104,0.3171917255351856
20,222,e91f227ed7575144,alveolar pattern,off,0.1778820617029467,1.0,0.2668372019006805,0.4208468595279952,1.651208834873372
20,222,e91f227ed7575144,alveolar pattern,on,0.1778820617029467,1.0,0.2114876027675999,0.3491358463808684,1.3406493416960616
21,223,c7f14e4870b11bd2,alveolar pattern,off,0.1778820617029467,0.0,0.1010985977759822,0.1831205364907966,2.204284522797098
21,223,c7f14e4870b11bd2,alveolar pattern,on,0.1778820617029467,0.0,0.0568449560186374,0.1075739670056225,2.268347358924092
22,253,69a583d5d50ece53,alveolar pattern,off,0.2121934223157853,0.0,0.4506342068495294,0.6199776524142657,1.568416605500105
22,253,69a583d5d50ece53,alveolar pattern,on,0.2121934223157853,0.0,0.4516171577774848,0.6222215280008425,1.1695242455940862
23,271,75c190c8e407a0ec,alveolar pattern,off,0.1966044374272083,1.0,0.1905607161569175,0.3173628699639407,0.6946021778727214
23,271,75c190c8e407a0ec,alveolar pattern,on,0.1966044374272083,1.0,0.2231113142642389,0.364821332591342,0.3536438226857464
24,289,9ed96b8997b4891a,alveolar pattern,off,0.1498764674064003,1.0,0.6358931404873899,0.7751099299453406,3.2191780763672404
24,289,9ed96b8997b4891a,alveolar pattern,on,0.1498764674064003,1.0,0.3308477937636239,0.4971788656611414,2.997309726621062
25,294,f8072c87034e48df,alveolar pattern,off,0.181181137279554,1.0,0.263213817321262,0.4112928483575072,1.3272958658448204
25,294,f8072c87034e48df,alveolar pattern,on,0.181181137279554,1.0,0.3839027134968441,0.5547914812612655,0.8428726624268399
26,314,dcaa609134e79162,alveolar pattern,off,0.1841732087773928,1.0,0.1821770002604363,0.3023577904537031,0.9143886579794296
26,314,dcaa609134e79162,alveolar pattern,on,0.1841732087773928,1.0,0.3016718948900644,0.4635071032448398,0.4993212818584289
27,327,1b2c63d308f7428c,alveolar pattern,off,0.193592873606908,0.0,0.1320471659790038,0.2312806823240988,0.7014778812384732
27,327,1b2c63d308f7428c,alveolar pattern,on,0.193592873606908,0.0,0.1436537108777947,0.2512118868118788,0.2602979986172863
28,339,1078017468e1d174,alveolar pattern,off,0.1893143088266109,1.0,0.1668809112556986,0.2824896580322819,0.7943818669069947
28,339,1078017468e1d174,alveolar pattern,on,0.1893143088266109,1.0,0.235785071041936,0.381589581206033,0.3677865238706352
29,381,d1daa857e59f76de,alveolar pattern,off,0.1914243527330672,0.0,0.225708060825397,0.3649166569514314,1.341050709298907
29,381,d1daa857e59f76de,alveolar pattern,on,0.1914243527330672,0.0,0.2815641098643134,0.4394037449393121,1.0070400089384102
30,387,868a4f2cb7300cde,alveolar pattern,off,0.1893727857939953,1.0,0.170076986923804,0.2906066209329787,0.5326008015544054
30,387,868a4f2cb7300cde,alveolar pattern,on,0.1893727857939953,1.0,0.1785015824440023,0.3029295060975635,0.3281185648082627
31,400,59170f2348145e34,alveolar pattern,off,0.1981394578210507,1.0,0.2973193023701413,0.4500715822181803,1.1558685025234146
31,400,59170f2348145e34,alveolar pattern,on,0.1981394578210507,1.0,0.3248080535000323,0.4903292342427426,0.5663754957859287
32,410,dc378d8f41fb1f1e,alveolar pattern,off,0.1903474019170699,1.0,0.2548336054582664,0.3966457382882397,1.197961681332123
32,410,dc378d8f41fb1f1e,alveolar pattern,on,0.1903474019170699,1.0,0.3168568786532881,0.481208091737148,0.668357742087101
33,426,e484f5f98f0c9752,alveolar pattern,off,0.200078943905969,0.0,0.0,0.0,0.1133552597849275
33,426,e484f5f98f0c9752,alveolar pattern,on,0.200078943905969,0.0,0.0,0.0,-0.5126794876228524
34,436,d889554187fddacc,alveolar pattern,off,0.1715762953866546,1.0,0.4877651952475511,0.6549507127167322,1.8219438629175928
34,436,d889554187fddacc,alveolar pattern,on,0.1715762953866546,1.0,0.4693105964603548,0.6388159068245567,1.4548847071407427
35,447,0d5b377d638a93d1,alveolar pattern,off,0.1965751989435161,0.0,0.1542908130871304,0.2660951181307089,0.9138481145879128
35,447,0d5b377d638a93d1,alveolar pattern,on,0.1965751989435161,0.0,0.1748994544697176,0.2977256870050077,0.5805812113568225
36,449,00fbfd1f9903998f,alveolar pattern,off,0.2130462114234755,1.0,0.3983143358947921,0.5674350865348783,0.9786923718886752
36,449,00fbfd1f9903998f,alveolar pattern,on,0.2130462114234755,1.0,0.405127256659321,0.5766376785693178,0.716556855451114
37,473,a7ac899b88a10556,alveolar pattern,off,0.1584579623700714,1.0,0.1903722139619466,0.318538463653455,0.6980067867958485
37,473,a7ac899b88a10556,alveolar pattern,on,0.1584579623700714,1.0,0.2572619856507288,0.4092377185838047,0.4312896055039201
38,492,1c234f354df67ab3,alveolar pattern,off,0.2013849295108889,1.0,0.4077492638972142,0.5788425309573508,1.3528500019018748
38,492,1c234f354df67ab3,alveolar pattern,on,0.2013849295108889,1.0,0.4174262801571225,0.5889893469843208,1.0630142084858976
39,14,17ef4f68c1c49a9f,aortic elongation,off,0.1861321871847726,1.0,0.4155283832680299,0.5864306122502624,1.994830747199778
39,14,17ef4f68c1c49a9f,aortic elongation,on,0.1861321871847726,1.0,0.4144053354715005,0.5859756161975658,1.8908183004980128
40,22,fa3a19af60c0eaf1,aortic elongation,off,0.1813370758592459,1.0,0.4177953045760582,0.5892855630200915,1.5334153313985253
40,22,fa3a19af60c0eaf1,aortic elongation,on,0.1813370758592459,1.0,0.4260957359900827,0.5975691361846966,1.2577164842367798
41,24,bfd5f6656b4678c1,aortic elongation,off,0.1855766559946201,1.0,0.2483725792123386,0.3974431454543282,1.312648494792377
41,24,bfd5f6656b4678c1,aortic elongation,on,0.1855766559946201,1.0,0.2311504197833451,0.3755022268755857,0.9470257560780572
42,28,5f2f0b4c28987688,aortic elongation,off,0.191356129604452,1.0,0.3855213329919847,0.5563284260825518,1.4642735029921428
42,28,5f2f0b4c28987688,aortic elongation,on,0.191356129604452,1.0,0.4010623687143931,0.5725117288108335,1.1507743936884312
43,31,e9625bd203f53a48,aortic elongation,off,0.2068476528807216,1.0,0.3671143745196996,0.5370587808782438,1.352597614680581
43,31,e9625bd203f53a48,aortic elongation,on,0.2068476528807216,1.0,0.3678649927031134,0.5378673929839273,0.9093581744274102
44,36,4da28936d6e2bece,aortic elongation,off,0.1820534187097057,0.0,0.1814799753654949,0.3025114281383266,0.9237374972963645
44,36,4da28936d6e2bece,aortic elongation,on,0.1820534187097057,0.0,0.2425426314551669,0.3903960079419362,0.6198119817493541
45,41,19deb763c708d285,aortic elongation,off,0.1877792884327685,1.0,0.4101599979564244,0.5812355679199288,1.292216697251383
45,41,19deb763c708d285,aortic elongation,on,0.1877792884327685,1.0,0.429812018555592,0.6012142097433777,0.9043299134536528
46,45,d40c7f5259a24598,aortic elongation,off,0.1963266718321321,1.0,0.4437502844312936,0.6146936732631636,1.87785313533497
46,45,d40c7f5259a24598,aortic elongation,on,0.1963266718321321,1.0,0.4474961797425139,0.6183037379067964,1.5466053583491988
47,54,cada1a2e8b3c3ab9,aortic elongation,off,0.2045816703945733,0.0,0.1593592163015486,0.2745430932451115,1.3051953087349373
47,54,cada1a2e8b3c3ab9,aortic elongation,on,0.2045816703945733,0.0,0.1622034171181577,0.2791299638291654,1.0013952091343643
48,59,3521c4cbb1034b4b,aortic elongation,off,0.1607239448562197,0.0,0.2259616586793896,0.3686178930855179,1.0779136303436472
48,59,3521c4cbb1034b4b,aortic elongation,on,0.1607239448562197,0.0,0.2223852185661388,0.3638545605632254,0.6228726228470339
49,68,f48a6c960f0f31d0,aortic elongation,off,0.1955323596918264,1.0,0.2860279998231047,0.4447528006830407,1.3941345973074435
49,68,f48a6c960f0f31d0,aortic elongation,on,0.1955323596918264,1.0,0.2881120954139631,0.447339910856805,1.0473091884544976
50,70,fed109739ed96c34,aortic elongation,off,0.1982515386752043,1.0,0.3989637080937214,0.570363145392113,1.4694085405852768
50,70,fed109739ed96c34,aortic elongation,on,0.1982515386752043,1.0,0.4025147004641405,0.5739899860343873,1.0068183718052752
51,79,2597d1512ec90441,aortic elongation,off,0.1920237416487581,1.0,0.4833322590757852,0.6515630361722926,1.6252524855529358
51,79,2597d1512ec90441,aortic elongation,on,0.1920237416487581,1.0,0.4936620050881425,0.6610081390353216,1.285218578048907
52,88,6db8c4ef4b75554d,aortic elongation,off,0.1897236475983022,1.0,0.3279674434182482,0.4933835293507534,1.51163519266431
52,88,6db8c4ef4b75554d,aortic elongation,on,0.1897236475983022,1.0,0.3275085114738405,0.4934156772920291,1.1719765471031582
53,91,5ac36dced824d910,aortic elongation,off,0.2025154842136553,1.0,0.2770809190062703,0.4338696486158623,1.171040147629071
53,91,5ac36dced824d910,aortic elongation,on,0.2025154842136553,1.0,0.2788740825133053,0.4361241899456954,0.8597682847664568
54,97,46e2e197c942966c,aortic elongation,off,0.1816684453410912,1.0,0.3566616524198731,0.5256286623783355,1.3112700847630812
54,97,46e2e197c942966c,aortic elongation,on,0.1816684453410912,1.0,0.3581331445023245,0.5273892231849873,0.9882469847523556
55,98,3957ad4026dfe112,aortic elongation,off,0.1816684453410912,0.0,0.0957906916988016,0.1748300979554359,1.3593765574268943
55,98,3957ad4026dfe112,aortic elongation,on,0.1816684453410912,0.0,0.097186255736343,0.1771554310954523,1.1364204650524048
56,115,cbb83f9f17dd1c99,aortic elongation,off,0.186439191263541,1.0,0.3716085491574469,0.5416413212694815,1.7134968517534428
56,115,cbb83f9f17dd1c99,aortic elongation,on,0.186439191263541,1.0,0.3638277155050016,0.5335374720751024,1.3998778880037508
57,116,e1a2f29ccc110db4,aortic elongation,off,0.2020233030715027,1.0,0.3176350758138023,0.4820114421096115,1.4065784145537643
57,116,e1a2f29ccc110db4,aortic elongation,on,0.2020233030715027,1.0,0.3275301093543866,0.493442811741172,1.0430400347765212
58,132,f22151af3b3f2366,aortic elongation,off,0.1881301502370753,0.0,0.1997497717146321,0.3325950569120667,1.7999861937128865
58,132,f22151af3b3f2366,aortic elongation,on,0.1881301502370753,0.0,0.1927534575477964,0.3232069067094743,1.8488404327824703
59,137,cb65c58a6b14ee41,aortic elongation,off,0.1897723784044559,1.0,0.3968858618250493,0.567862861011192,0.9020150508708066
59,137,cb65c58a6b14ee41,aortic elongation,on,0.1897723784044559,1.0,0.408931359234624,0.580483585726781,0.7985929924866536
60,142,101df8794836549e,aortic elongation,off,0.1889780662641502,1.0,0.3600477429671448,0.5290378364067403,1.5001275657079318
60,142,101df8794836549e,aortic elongation,on,0.1889780662641502,1.0,0.3534978111728078,0.5223451727524476,1.2035784797918083
61,157,f4b3f50031c9ec61,aortic elongation,off,0.201648075864119,1.0,0.4548667108691316,0.624990035399574,1.3847118198768804
61,157,f4b3f50031c9ec61,aortic elongation,on,0.201648075864119,1.0,0.4653769516825455,0.6351630419110205,0.9988144591562038
62,161,4410bb1d2b0ea17f,aortic elongation,off,0.2090259199157931,0.0,0.2540813280376652,0.4050579848801047,0.7756928480736435
62,161,4410bb1d2b0ea17f,aortic elongation,on,0.2090259199157931,0.0,0.2465360216974056,0.3955528024995064,0.5424394106977374
63,165,2a152bea13130f22,aortic elongation,off,0.2003713287428914,0.0,0.3011267957517575,0.462798569614448,0.6966259514191753
63,165,2a152bea13130f22,aortic elongation,on,0.2003713287428914,0.0,0.3113631630296974,0.4748693950180477,0.6670432595501878
64,168,23b3ccfd2a0fe4eb,aortic elongation,off,0.1968042337324386,1.0,0.2365721843260625,0.3822712949674648,1.2988752168289404
64,168,23b3ccfd2a0fe4eb,aortic elongation,on,0.1968042337324386,1.0,0.2466358082175296,0.3956811606405118,1.034592002033135
65,175,e8136a56fee26510,aortic elongation,off,0.1718443148205,1.0,0.2129803666631832,0.3509150877456379,1.8753285476591053
65,175,e8136a56fee26510,aortic elongation,on,0.1718443148205,1.0,0.1879976244344927,0.316494424110666,1.8583035346422367
66,176,b287c43ee9bccb8b,aortic elongation,off,0.2054198402604174,0.0,0.3904714687417908,0.5614436391398274,1.4966803218833529
66,176,b287c43ee9bccb8b,aortic elongation,on,0.2054198402604174,0.0,0.3971072479680918,0.5684697866197448,1.1562795431963042
67,180,eeb67d234026f6f9,aortic elongation,off,0.1832327042186259,1.0,0.339488998195523,0.5067561235558846,1.5002707460468383
67,180,eeb67d234026f6f9,aortic elongation,on,0.1832327042186259,1.0,0.3239809098840988,0.4894028743482184,1.131031212071519
68,186,0333891b0f71e1fb,aortic elongation,off,0.1944895204401366,0.0,0.2819661806248646,0.4397880264997241,1.0987143823015677
68,186,0333891b0f71e1fb,aortic elongation,on,0.1944895204401366,0.0,0.2824947435150883,0.4405387342106718,0.8764331792620508
69,216,f1e46cb81d878187,aortic elongation,off,0.19780321525859,1.0,0.3253968160019079,0.4908010533937716,1.4868133534622197
69,216,f1e46cb81d878187,aortic elongation,on,0.19780321525859,1.0,0.3282460283100094,0.4942544796006483,1.1728095187284038
70,221,36e3930c195b1c39,aortic elongation,off,0.1992407740401249,0.0,0.2628909494393733,0.4163258251111822,1.192268132553165
70,221,36e3930c195b1c39,aortic elongation,on,0.1992407740401249,0.0,0.2655060872842203,0.4196045937891875,0.8505710276409497
71,233,63bb0a08676392f3,aortic elongation,off,0.2099079475071756,0.0,0.1825282265923198,0.3086962305629527,1.2329124815191457
71,233,63bb0a08676392f3,aortic elongation,on,0.2099079475071756,0.0,0.1842883787674518,0.3112221203097015,0.8529814463087022
72,235,dd4addda66584aeb,aortic elongation,off,0.2020184299908873,1.0,0.5516573890379315,0.7108349543328037,1.8410241715050484
72,235,dd4addda66584aeb,aortic elongation,on,0.2020184299908873,1.0,0.5533333059574327,0.7124457338221813,1.2523753468275027
73,240,db2b48fcaeaef282,aortic elongation,off,0.1939291161693687,1.0,0.4149809106487979,0.5863141134658085,1.7504745874914884
73,240,db2b48fcaeaef282,aortic elongation,on,0.1939291161693687,1.0,0.4134787027086563,0.5850503171952675,1.400084010373532
74,241,909d9eee17f7ddd7,aortic elongation,off,0.2150100629114707,1.0,0.3899672297937032,0.5606975525100351,1.0455182661487217
74,241,909d9eee17f7ddd7,aortic elongation,on,0.2150100629114707,1.0,0.3633111765068982,0.5329813383192535,0.6593081981846552
75,248,4bd020cb73204921,aortic elongation,off,0.1921504417447578,1.0,0.3263320559146637,0.492053207230707,1.4680707595303286
75,248,4bd020cb73204921,aortic elongation,on,0.1921504417447578,1.0,0.3244090613714721,0.489892408757713,1.108366157286207
76,250,fafc3cfe7014fa5d,aortic elongation,off,0.1962194640585939,0.0,0.2866678127237843,0.4449232669489494,1.150271193419885
76,250,fafc3cfe7014fa5d,aortic elongation,on,0.1962194640585939,0.0,0.3058562373436865,0.4684374276332218,0.8523698641606356
77,254,841cbc366556046e,aortic elongation,off,0.1957029175133644,1.0,0.3905678101803042,0.5616770620539787,1.5160420681138504
77,254,841cbc366556046e,aortic elongation,on,0.1957029175133644,1.0,0.3998411793664082,0.5712664895631261,1.1178377806264266
78,255,0cc81d32d5350288,aortic elongation,off,0.1833399119921641,1.0,0.4018416081142374,0.573252490247144,1.6381836540087045
78,255,0cc81d32d5350288,aortic elongation,on,0.1833399119921641,1.0,0.4075176486179164,0.5790586249401721,1.309441498022123
79,257,01fe59eca0982fc7,aortic elongation,off,0.1787056123269447,1.0,0.4152940988702762,0.5868390293498893,1.5758498884503618
79,257,01fe59eca0982fc7,aortic elongation,on,0.1787056123269447,1.0,0.4168841744637042,0.5884519062526425,1.231905462356522
80,263,426946625b31b4b6,aortic elongation,off,0.1894653743256874,1.0,0.3607234035073483,0.5298038123350256,1.355440692004152
80,263,426946625b31b4b6,aortic elongation,on,0.1894653743256874,1.0,0.3477136952430536,0.5160027219337491,1.0364529446045911
81,268,92d00ec883d9f857,aortic elongation,off,0.1911124755736834,0.0,0.3096008991668932,0.4725263001047359,1.450216331803574
81,268,92d00ec883d9f857,aortic elongation,on,0.1911124755736834,0.0,0.3074810901938809,0.4703390709047858,1.1747024163896194
82,275,47046c3aec848d4d,aortic elongation,off,0.1899380631453786,1.0,0.3316534546292139,0.4980630641214899,1.0262651545301762
82,275,47046c3aec848d4d,aortic elongation,on,0.1899380631453786,1.0,0.3375585450282348,0.5047383345063061,0.7479972807508515
83,281,5877943fcb6caedf,aortic elongation,off,0.1997183359404314,0.0,0.1891913584399999,0.3180283607602814,1.2843471746196442
83,281,5877943fcb6caedf,aortic elongation,on,0.1997183359404314,0.0,0.1952607835885345,0.3267248637906987,1.032490218078281
84,284,354eff7de62cf564,aortic elongation,off,0.1906300405927615,1.0,0.478765400276847,0.6470681997344345,1.9148611687522767
84,284,354eff7de62cf564,aortic elongation,on,0.1906300405927615,1.0,0.4812982538771163,0.6498322088337409,1.6361027172179454
85,285,fdd37ebb7c5238f3,aortic elongation,off,0.1913317642013751,1.0,0.3077475288852131,0.470643626288204,1.3251856948840617
85,285,fdd37ebb7c5238f3,aortic elongation,on,0.1913317642013751,1.0,0.3098782343129394,0.473140511849354,0.9229237074383084
86,288,bb507a0de0ae0301,aortic elongation,off,0.1936952082998309,1.0,0.3386185328324421,0.5058821807326241,1.4380268516825334
86,288,bb507a0de0ae0301,aortic elongation,on,0.1936952082998309,1.0,0.3378822040924081,0.5050999468901336,1.0843383112782523
87,290,7fb32bdbee67f55a,aortic elongation,off,0.1862491411195415,1.0,0.3570624372601513,0.52620572176743,1.5826265353839293
87,290,7fb32bdbee67f55a,aortic elongation,on,0.1862491411195415,1.0,0.3541553666298455,0.5230644188533919,1.1972178400922602
88,301,27445e3a73bb12f2,aortic elongation,off,0.1958247445287487,1.0,0.3392134619519499,0.5065514879466512,1.2617472076676362
88,301,27445e3a73bb12f2,aortic elongation,on,0.1958247445287487,1.0,0.3447206519945187,0.5127022480199903,0.8960279756681954
89,302,24b38217d36643ec,aortic elongation,off,0.1940655624265992,0.0,0.0359122547043021,0.0691913228445988,0.8474719163484941
89,302,24b38217d36643ec,aortic elongation,on,0.1940655624265992,0.0,0.0396025213844473,0.0761876361499465,0.4354935284343609
90,303,7fa41fd84372c5f0,aortic elongation,off,0.1860444717336959,0.0,0.3725250852381214,0.5378566131748937,1.3085718835749642
90,303,7fa41fd84372c5f0,aortic elongation,on,0.1860444717336959,0.0,0.4455682260596242,0.6164581824634068,0.9922285964075744
91,307,786281fa2cbe27cb,aortic elongation,off,0.2018624914111954,1.0,0.3690077031275709,0.5390550051018352,1.2011275478714456
91,307,786281fa2cbe27cb,aortic elongation,on,0.2018624914111954,1.0,0.3742028777292013,0.5446107404699919,0.9072563534704636
92,308,4fdbb59282082874,aortic elongation,off,0.1890609086346115,1.0,0.4696148426280008,0.6389524819168344,1.882618881000448
92,308,4fdbb59282082874,aortic elongation,on,0.1890609086346115,1.0,0.4827604678630542,0.6511641863000248,1.6908177367692587
93,309,6c7a5880b102eb17,aortic elongation,off,0.1716591377571159,1.0,0.2460998435318243,0.3947548079704482,1.349026828802207
93,309,6c7a5880b102eb17,aortic elongation,on,0.1716591377571159,1.0,0.2332559782392792,0.3782761639422528,0.9135142001787128
94,319,ca5b06714e75e653,aortic elongation,off,0.2058340521127241,0.0,0.2790400151566779,0.4362665735327333,1.506721125200156
94,319,ca5b06714e75e653,aortic elongation,on,0.2058340521127241,0.0,0.2842257897498111,0.4426414087859552,1.1234602179317463
95,321,ea6fcf47e434e5c0,aortic elongation,off,0.1907616137693766,0.0,0.3206686689537255,0.4853398011116381,1.3835113595472612
95,321,ea6fcf47e434e5c0,aortic elongation,on,0.1907616137693766,0.0,0.3349996487459339,0.501872263378131,1.0809384783182174
96,322,3cdc157fc57bca49,aortic elongation,off,0.1907616137693766,0.0,0.106372176107368,0.1911003737949731,0.8641569950481027
96,322,3cdc157fc57bca49,aortic elongation,on,0.1907616137693766,0.0,0.128249904548059,0.2273422635714792,0.4828052507644534
97,324,85b60300429551f4,aortic elongation,off,0.1994064587810476,1.0,0.2183090664892997,0.3579845738435195,1.264876708129994
97,324,85b60300429551f4,aortic elongation,on,0.1994064587810476,1.0,0.2141201663180816,0.3527157813548959,0.8927763765013786
98,325,52cbe466021acbb9,aortic elongation,off,0.1935587620426004,1.0,0.3840143526457636,0.5548035006265686,1.313502546752245
98,325,52cbe466021acbb9,aortic elongation,on,0.1935587620426004,1.0,0.3930760353302189,0.564328096501401,0.9851017616424688
99,333,eeeffb588fcfb308,aortic elongation,off,0.1811324064734003,1.0,0.3583131145397167,0.5271854460412246,1.5989133046210855
99,333,eeeffb588fcfb308,aortic elongation,on,0.1811324064734003,1.0,0.3322614994038427,0.4987916844876371,1.2188179942405004
100,335,2443d208248bb60c,aortic elongation,off,0.2069158760093368,1.0,0.2571963656127448,0.4087355011834092,1.6091097929868237
100,335,2443d208248bb60c,aortic elongation,on,0.2069158760093368,1.0,0.2744741987654008,0.4307243890594365,1.268505318316959
101,342,80afe05797663080,aortic elongation,off,0.1925256689521415,1.0,0.3179553829025728,0.4824746505842851,1.481574102416516
101,342,80afe05797663080,aortic elongation,on,0.1925256689521415,1.0,0.318210455291522,0.4827914526167401,1.1287525498302962
102,346,f4fbcd719489c025,aortic elongation,off,0.1833204196697025,1.0,0.4110000622411977,0.581601721064656,1.20555824983307
102,346,f4fbcd719489c025,aortic elongation,on,0.1833204196697025,1.0,0.443662700910748,0.6146343449799626,0.9872801935795718
103,349,2508e1281c5e4861,aortic elongation,off,0.1745732399651087,1.0,0.4995094960622303,0.6658614818136324,2.418444451217713
103,349,2508e1281c5e4861,aortic elongation,on,0.1745732399651087,1.0,0.4513469664125548,0.6219580205227672,2.9652111106286165
104,359,a6fb6eac39bcdb30,aortic elongation,off,0.2008781291268901,0.0,0.0183202390771851,0.0356428111240885,0.1893403671076693
104,359,a6fb6eac39bcdb30,aortic elongation,on,0.2008781291268901,0.0,0.0117059243837257,0.023140085003279,-0.2513310372581385
105,360,7d3a63dafaeb39ab,aortic elongation,off,0.193500285075216,1.0,0.4269999324489552,0.5983740068084769,1.399817356217684
105,360,7d3a63dafaeb39ab,aortic elongation,on,0.193500285075216,1.0,0.4168033804874215,0.5883696916516807,0.9296904134729356
106,364,312ef254f0cefc84,aortic elongation,off,0.1997768129078159,0.0,0.2927713525722177,0.4529259239476522,1.3364557962349803
106,364,312ef254f0cefc84,aortic elongation,on,0.1997768129078159,0.0,0.2958689268890109,0.4566340201860388,0.9807233111568924
107,365,ef4277bdd93833ac,aortic elongation,off,0.1879303539318451,1.0,0.4287517666749678,0.6001617037384636,1.692867814053269
107,365,ef4277bdd93833ac,aortic elongation,on,0.1879303539318451,1.0,0.4314393861300722,0.6028049300291375,1.2983783495491898
108,368,4eeb7e68dcafc52f,aortic elongation,off,0.1814783951970917,1.0,0.4082274856055244,0.5797015015477665,1.4986385289669757
108,368,4eeb7e68dcafc52f,aortic elongation,on,0.1814783951970917,1.0,0.4160502387090924,0.5876206886382894,1.0837821679056967
109,370,2857a8c6c79fccc6,aortic elongation,off,0.1990263584930485,1.0,0.5038539795497634,0.6695117877471394,1.730203021586108
109,370,2857a8c6c79fccc6,aortic elongation,on,0.1990263584930485,1.0,0.5077516846043817,0.6735205544722912,1.232840363784239
110,377,278df654823bf6ee,aortic elongation,off,0.1901865902567626,0.0,0.2698780310616139,0.4243048472252333,1.827175067561693
110,377,278df654823bf6ee,aortic elongation,on,0.1901865902567626,0.0,0.2767107648286145,0.4334736400028562,2.274590217613675
111,378,6090c609713b7751,aortic elongation,off,0.171464214532501,1.0,0.3786678824821892,0.5491729331126256,1.432020576412559
111,378,6090c609713b7751,aortic elongation,on,0.171464214532501,1.0,0.3724002489148397,0.5426965553932435,1.168972516083007
112,379,8ac8a6fe478e8bd6,aortic elongation,off,0.1870726917435395,1.0,0.4122848917810061,0.5837313064027247,1.1398778414640325
112,379,8ac8a6fe478e8bd6,aortic elongation,on,0.1870726917435395,1.0,0.4262291400658921,0.5977006929062555,0.9584541078250166
113,384,5d38483f79af4b3e,aortic elongation,off,0.1803429674137099,1.0,0.3542340892981961,0.5229870036104741,1.551710459313263
113,384,5d38483f79af4b3e,aortic elongation,on,0.1803429674137099,1.0,0.3319625990207934,0.4984547424788633,1.2772857656820058
114,391,c4a5dd3178e7793b,aortic elongation,off,0.1842121934223158,0.0,0.3153173438171905,0.4794146151755741,1.6127459990935766
114,391,c4a5dd3178e7793b,aortic elongation,on,0.1842121934223158,0.0,0.3191266183655118,0.4838451876902245,1.3384080992994705
115,393,d1717dead5c93e5d,aortic elongation,off,0.1919750108426043,0.0,0.3026366327990162,0.4646435432094444,1.260617838229633
115,393,d1717dead5c93e5d,aortic elongation,on,0.1919750108426043,0.0,0.305016517246661,0.4674522890529424,0.8945659224080103
116,395,6bc6af6646fd4f48,aortic elongation,off,0.2043575086862662,0.0,0.3058326577188744,0.4682057087427155,1.1653678910949747
116,395,6bc6af6646fd4f48,aortic elongation,on,0.2043575086862662,0.0,0.3159279927147039,0.4801599723983074,0.9238062511173616
117,399,cbcf1d839de55224,aortic elongation,off,0.1980858539342816,0.0,0.2443195888154281,0.3924971055908355,0.8951051398496719
117,399,cbcf1d839de55224,aortic elongation,on,0.1980858539342816,0.0,0.2517006634773479,0.4021736801015477,0.6902351315559512
118,404,601e9e006ca98961,aortic elongation,off,0.1747194323835699,1.0,0.3292563262772653,0.4953003036494439,1.724861424423586
118,404,601e9e006ca98961,aortic elongation,on,0.1747194323835699,1.0,0.3081102485768384,0.4710754876280071,1.4348032941512705
119,407,c4daa9055babb73c,aortic elongation,off,0.2094644971711767,1.0,0.2921639483767986,0.4516002392838377,1.1464772424046228
119,407,c4daa9055babb73c,aortic elongation,on,0.2094644971711767,1.0,0.3121914187129986,0.4758299588523512,0.8632298960216104
120,413,346b10be7977b4eb,aortic elongation,off,0.1995867627638164,1.0,0.3950871642593656,0.5653341218093658,1.826275248740021
120,413,346b10be7977b4eb,aortic elongation,on,0.1995867627638164,1.0,0.3991845088661755,0.5705928183013566,1.5503088106953606
121,414,4327ee7e4bb44f73,aortic elongation,off,0.1926816075318334,0.0,0.3184275220288735,0.4828925546936213,1.339195988502291
121,414,4327ee7e4bb44f73,aortic elongation,on,0.1926816075318334,0.0,0.3281782163055812,0.4941779580924744,0.942307382782195
122,417,ed79f0a53e4dee1d,aortic elongation,off,0.1942020086838296,1.0,0.3349434958384853,0.5008705609810902,1.655694413524357
122,417,ed79f0a53e4dee1d,aortic elongation,on,0.1942020086838296,1.0,0.3131383945025281,0.4769296495410652,1.2604103554260555
123,420,57cd46aa138100c3,aortic elongation,off,0.1884956312832283,0.0,0.2183942633677122,0.3582498511737472,1.1706434869660105
123,420,57cd46aa138100c3,aortic elongation,on,0.1884956312832283,0.0,0.2101954520224991,0.3473736899482335,0.8568659735092962
124,422,6c279a1587eaca01,aortic elongation,off,0.1883202003810749,1.0,0.3219096304117623,0.4863215552768192,0.8370249563811154
124,422,6c279a1587eaca01,aortic elongation,on,0.1883202003810749,1.0,0.3402954951175047,0.5077910460596978,0.6244524803553546
125,424,ce75e5a5db0bea48,aortic elongation,off,0.1888903508130735,0.0,0.3044661561718204,0.4667318613760106,1.286122234278097
125,424,ce75e5a5db0bea48,aortic elongation,on,0.1888903508130735,0.0,0.3097324531342079,0.4729702257308193,1.0110060776795922
126,432,ee28fa034bce1fda,aortic elongation,off,0.1969309338284383,1.0,0.2782254414069298,0.4345865764678324,1.6045998568666366
126,432,ee28fa034bce1fda,aortic elongation,on,0.1969309338284383,1.0,0.2744449906945433,0.4306872208164184,1.2804098108630455
127,443,b3a2874f69846176,aortic elongation,off,0.1931006924647554,1.0,0.4014917710602706,0.5729066779239416,1.454585399114631
127,443,b3a2874f69846176,aortic elongation,on,0.1931006924647554,1.0,0.4065186965050822,0.578049430984765,1.1432956183269962
128,454,787a2bfc5a2331c8,aortic elongation,off,0.185562036752774,1.0,0.4004088087648093,0.5713838977844767,2.087624701483861
128,454,787a2bfc5a2331c8,aortic elongation,on,0.185562036752774,1.0,0.3939366809065615,0.5652138788411117,2.4074779462149216
129,458,3181b6357a7323cd,aortic elongation,off,0.2057512097422627,0.0,0.273122288448933,0.4290022390785692,1.2116286039762054
129,458,3181b6357a7323cd,aortic elongation,on,0.2057512097422627,0.0,0.277365870971892,0.4342777435123161,0.8819228048296992
130,460,606c0187fa81c5f2,aortic elongation,off,0.1898698400167634,1.0,0.3964591194213888,0.5673221070414443,2.0446429046292263
130,460,606c0187fa81c5f2,aortic elongation,on,0.1898698400167634,1.0,0.4023261944981658,0.57379643464907,2.266520825602122
131,467,9def6ee814e1821d,aortic elongation,off,0.1831108772032415,1.0,0.5046591782989649,0.6695355469734098,1.8540264171357967
131,467,9def6ee814e1821d,aortic elongation,on,0.1831108772032415,1.0,0.5296180822932038,0.6924835013695165,1.3346247563959546
132,468,afb6b1bd651be214,aortic elongation,off,0.2087968851268706,1.0,0.2361147945165447,0.3816115568175383,1.1089911848605865
132,468,afb6b1bd651be214,aortic elongation,on,0.2087968851268706,1.0,0.2475627658139728,0.3968729201569294,0.7817414543252406
133,469,df31f174d30b0e6c,aortic elongation,off,0.1923648572918341,0.0,0.2263437851222862,0.3667119639746189,0.7764071521263163
133,469,df31f174d30b0e6c,aortic elongation,on,0.1923648572918341,0.0,0.2642769510901074,0.4180675663063056,0.642858276847688
134,479,bd2d25b1e77db40d,aortic elongation,off,0.2066283642530298,0.0,0.262465152663746,0.415720117249261,0.9941595830018736
134,479,bd2d25b1e77db40d,aortic elongation,on,0.2066283642530298,0.0,0.263079421842568,0.4165680565985291,0.6568088825688251
135,481,b55ee524bc14b7f1,aortic elongation,off,0.1833399119921641,1.0,0.2098983215216983,0.3462258486276281,1.479655007143596
135,481,b55ee524bc14b7f1,aortic elongation,on,0.1833399119921641,1.0,0.1787537706727918,0.3032916291294404,1.1335126290434516
136,484,e330df2c116f57e3,aortic elongation,off,0.1862442680389261,1.0,0.3557674602378618,0.5247507748197128,1.0602376735461772
136,484,e330df2c116f57e3,aortic elongation,on,0.1862442680389261,1.0,0.3642566510737554,0.533999647801871,0.920009601337083
137,485,8204907be397f49f,aortic elongation,off,0.190976029316453,1.0,0.4091169376859627,0.5805150992459108,1.5584900475654226
137,485,8204907be397f49f,aortic elongation,on,0.190976029316453,1.0,0.4179395249352372,0.5895024609783401,1.28127779982387
138,493,91ea06de1b4bdda4,aortic elongation,off,0.1862345218776954,0.0,0.3366267777569794,0.5033477320244557,1.2413685018722684
138,493,91ea06de1b4bdda4,aortic elongation,on,0.1862345218776954,0.0,0.3548592282308248,0.5238317374585895,0.9056131085026082
139,503,031e29dc2fe17f54,aortic elongation,off,0.1881886272044598,0.0,0.242882771110609,0.3904217241008499,1.306412260247785
139,503,031e29dc2fe17f54,aortic elongation,on,0.1881886272044598,0.0,0.2338684112018033,0.3790802517521693,1.0094636056116262
140,512,f60ef73b4eada56b,aortic elongation,off,0.1965800720241315,1.0,0.36495432065667,0.5344323941495152,1.0032489968441691
140,512,f60ef73b4eada56b,aortic elongation,on,0.1965800720241315,1.0,0.3706044113870126,0.5407892001718364,0.7353195540803096
141,515,50792ee23b969714,aortic elongation,off,0.17746784985064,1.0,0.3151594728748601,0.4786913067368387,1.846324117198228
141,515,50792ee23b969714,aortic elongation,on,0.17746784985064,1.0,0.2887019281364493,0.4480493788054036,1.6031728499616045
142,516,8f2fbdc225eeb4b7,aortic elongation,off,0.1779307925091005,1.0,0.4469094831811283,0.6176485260113287,1.9269240878363096
142,516,8f2fbdc225eeb4b7,aortic elongation,on,0.1779307925091005,1.0,0.4380442631657907,0.609220626421011,1.6188756202664891
143,520,fa66ba62408f5bb3,aortic elongation,off,0.1842852896315463,1.0,0.4403935770520454,0.6111091930592429,1.4442652176395598
143,520,fa66ba62408f5bb3,aortic elongation,on,0.1842852896315463,1.0,0.46365664702887,0.6335590486548139,1.0465283506668266
144,523,f97dbc0cf694169f,aortic elongation,off,0.1893094357459955,1.0,0.4106297238809574,0.5821110118158657,1.4699873268548282
144,523,f97dbc0cf694169f,aortic elongation,on,0.1893094357459955,1.0,0.4187494322918971,0.5903078016840444,1.0396335490457165
145,527,e4e74f812d6895b0,aortic elongation,off,0.1859762486050806,1.0,0.3829143446617257,0.553737383496179,1.3603479699399097
145,527,e4e74f812d6895b0,aortic elongation,on,0.1859762486050806,1.0,0.3886629322529734,0.5597656704452321,1.047726480965485
146,7,8e809b77e3a489ef,atelectasis,off,0.1761277526814126,1.0,0.4009789917720911,0.5696520354797288,1.6372351592245808
146,7,8e809b77e3a489ef,atelectasis,on,0.1761277526814126,1.0,0.336879214944311,0.503946484627426,1.318340887745142
147,11,6194b5ef08e1beaa,atelectasis,off,0.1909272985102992,0.0,0.0036494272895237,0.0072424932625671,0.6124410237880337
147,11,6194b5ef08e1beaa,atelectasis,on,0.1909272985102992,0.0,0.0067363296694991,0.0133823585887905,0.0750085382686864
148,15,8dde7c24f7c7854b,atelectasis,off,0.1932615041250627,0.0,0.0,0.0,-0.6805406143582708
148,15,8dde7c24f7c7854b,atelectasis,on,0.1932615041250627,0.0,0.0,0.0,-0.5032644298182013
149,19,c1fbe35407da1064,atelectasis,off,0.1997427013435083,0.0,0.0388976006825946,0.074631675215943,0.1649145544559805
149,19,c1fbe35407da1064,atelectasis,on,0.1997427013435083,0.0,0.0410117449685875,0.0787915045678295,-0.0844552546328501
150,20,7139216b1a7e91c5,atelectasis,off,0.2017162989927342,0.0,0.2142128473046251,0.3512408464521108,0.4617396310130378
150,20,7139216b1a7e91c5,atelectasis,on,0.2017162989927342,0.0,0.208963603880405,0.3456869352399144,0.2141226050464559
151,29,9eaa7389406cdcff,atelectasis,off,0.1817415415503218,0.0,0.0001488095238095,0.0002973977695167,0.0691162003927749
151,29,9eaa7389406cdcff,atelectasis,on,0.1817415415503218,0.0,0.0,0.0,-0.4921319561501302
152,78,d93941381e90eacf,atelectasis,off,0.1804501751872481,1.0,0.3270061948731505,0.4919297264926331,1.832484007145684
152,78,d93941381e90eacf,atelectasis,on,0.1804501751872481,1.0,0.246807901378759,0.3958998343595991,1.6879808515417332
153,86,2d81d6b510b24601,atelectasis,off,0.1844314820500075,0.0,0.1007888817839175,0.1822984627778002,0.9009876954598324
153,86,2d81d6b510b24601,atelectasis,on,0.1844314820500075,0.0,0.1293696945828112,0.2291003784495205,0.5912509090505516
154,90,076d2d1b5d8cb69f,atelectasis,off,0.1432783162531857,1.0,0.1319428447187865,0.2325619356286305,1.592737203683361
154,90,076d2d1b5d8cb69f,atelectasis,on,0.1432783162531857,1.0,0.1067675020340321,0.1929331665439455,1.4289759848609271
155,107,4569a1e88cb8719a,atelectasis,off,0.1831060041226262,0.0,0.0627068844146802,0.1177022556371303,0.2058533988033314
155,107,4569a1e88cb8719a,atelectasis,on,0.1831060041226262,0.0,0.0791278487468835,0.1466509095768663,0.0364432945198685
156,111,39af5dbb83f791bc,atelectasis,off,0.1707478716820412,0.0,0.0,0.0,-0.5780921458159742
156,111,39af5dbb83f791bc,atelectasis,on,0.1707478716820412,0.0,0.0,0.0,-0.473422400535868
157,127,149c31b9f0613a25,atelectasis,off,0.1893776588746107,1.0,0.2662474091851152,0.4204584293825589,1.3915731192059833
157,127,149c31b9f0613a25,atelectasis,on,0.1893776588746107,1.0,0.2665006164055873,0.420845068441856,1.054271458430798
158,134,2b4573785baf0a9b,atelectasis,off,0.187837765400153,0.0,0.1334008229027924,0.2331138128685121,0.4435878451206037
158,134,2b4573785baf0a9b,atelectasis,on,0.187837765400153,0.0,0.1328304198945473,0.2345045898043045,0.1870071176331082
159,145,5e6c67d898f729ed,atelectasis,off,0.1886028390567665,0.0,0.0595201300235357,0.11232411586691,1.265122343087925
159,145,5e6c67d898f729ed,atelectasis,on,0.1886028390567665,0.0,0.0550097061063885,0.1042827691532258,0.9108395037581316
160,147,78c800e6d13b76f5,atelectasis,off,0.1798556593521726,1.0,0.2367556997464998,0.3813736644528445,0.6349952305890952
160,147,78c800e6d13b76f5,atelectasis,on,0.1798556593521726,1.0,0.2750928065989995,0.4314849953385453,0.428867743851497
161,148,4946f596d88523e4,atelectasis,off,0.1798848978358649,0.0,0.0099192263283703,0.0195880808045594,0.2781129210135309
161,148,4946f596d88523e4,atelectasis,on,0.1798848978358649,0.0,0.0027819212166499,0.0055478124511833,-0.3024998594216679
162,154,7b885a0d0f4df9bd,atelectasis,off,0.1845922937103148,0.0,0.0985927493044389,0.1789903496847213,0.5691408086798198
162,154,7b885a0d0f4df9bd,atelectasis,on,0.1845922937103148,0.0,0.119584842572622,0.2136227035612061,0.2942311066796171
163,159,071f871817e15b2f,atelectasis,off,0.1855035597853895,0.0,0.1605060236888402,0.2764868823049914,1.3580224499028006
163,159,071f871817e15b2f,atelectasis,on,0.1855035597853895,0.0,0.1717862494799799,0.2932040161661813,1.0424292886529658
164,163,c995d00e2e8701bb,atelectasis,off,0.1634236315171361,0.0,0.0828621356274731,0.153011268074265,1.353208262911065
164,163,c995d00e2e8701bb,atelectasis,on,0.1634236315171361,0.0,0.0829276409765688,0.1531544705624755,1.0987419284131448
165,167,bf60f0a2a4af7b86,atelectasis,off,0.2075688688117967,0.0,0.0011860154331883,0.0023624751056372,-0.1270063879083698
165,167,bf60f0a2a4af7b86,atelectasis,on,0.2075688688117967,0.0,0.0,0.0,-0.5308131648265867
166,170,3937f3c02599f03e,atelectasis,off,0.1833642773952409,1.0,0.2213985473485586,0.3625269931197211,1.170424074486789
166,170,3937f3c02599f03e,atelectasis,on,0.1833642773952409,1.0,0.2200553246558388,0.3607299440541019,0.8414124362641342
167,172,81573fb3980b14e5,atelectasis,off,0.2025301034555014,0.0,0.1569852908967753,0.2712269708624446,1.2555724421086731
167,172,81573fb3980b14e5,atelectasis,on,0.2025301034555014,0.0,0.1569574584180352,0.27132645132048,0.9511700149537606
168,196,f7e942178d7ec4cd,atelectasis,off,0.1784034813287916,0.0,0.1045175560647722,0.1890112928857121,1.6065189826848238
168,196,f7e942178d7ec4cd,atelectasis,on,0.1784034813287916,0.0,0.1110247015250367,0.1998596835416684,1.843203281056676
169,200,1e9f434529b507c6,atelectasis,off,0.20434288944442,0.0,0.1586399947050285,0.2736353700919488,0.3446689900626863
169,200,1e9f434529b507c6,atelectasis,on,0.20434288944442,0.0,0.1585605811660077,0.2737195526038914,0.1912463455998811
170,207,0517b51af4dfbcfe,atelectasis,off,0.1889537008610733,0.0,0.1286437862574633,0.2277729297588298,1.3700713270872502
170,207,0517b51af4dfbcfe,atelectasis,on,0.1889537008610733,0.0,0.1383307516336326,0.2430413977338416,1.0998416759657113
171,228,cd6197499a3c5daf,atelectasis,off,0.1932761233669088,0.0,0.0277252208410922,0.0532992578780244,0.6138509151227987
171,228,cd6197499a3c5daf,atelectasis,on,0.1932761233669088,0.0,0.0264274402367126,0.0514926637525934,0.0744428716534152
172,258,a336d605250985d4,atelectasis,off,0.1915997836352206,0.0,0.0130256988634654,0.0254021682791864,0.5337819953209038
172,258,a336d605250985d4,atelectasis,on,0.1915997836352206,0.0,0.0231876708784584,0.045323405690913,0.0008324262977552
173,267,c1d8efe52179079f,atelectasis,off,0.1865756375207715,0.0,0.1792184595291271,0.303950046547405,0.8460321208939782
173,267,c1d8efe52179079f,atelectasis,on,0.1865756375207715,0.0,0.1820167618108004,0.3079766084867854,0.5886052496116184
174,274,e6b32442a596c0fd,atelectasis,off,0.1896651706309177,0.0,0.0,0.0,-0.2898000006038537
174,274,e6b32442a596c0fd,atelectasis,on,0.1896651706309177,0.0,0.0,0.0,-0.4998455564724968
175,292,964325708df1fe70,atelectasis,off,0.1730528388131124,0.0,0.0,0.0,0.1418963436578074
175,292,964325708df1fe70,atelectasis,on,0.1730528388131124,0.0,0.0,0.0,-0.4767482416978944
176,312,e1ef1a9ad7d81662,atelectasis,off,0.1912732872339907,0.0,0.1476613665031369,0.2565705548366461,0.7454923741926345
176,312,e1ef1a9ad7d81662,atelectasis,on,0.1912732872339907,0.0,0.1689740015339277,0.2890969779025069,0.4270896295023997
177,318,40c62c54dfec39c8,atelectasis,off,0.1907323752856843,0.0,0.0002784053307774,0.0005560366437263,0.5139545094824156
177,318,40c62c54dfec39c8,atelectasis,on,0.1907323752856843,0.0,0.000132781915359,0.0002655228515797,-0.4161571645786194
178,356,f94c06bd9718e97c,atelectasis,off,0.1802747442850947,0.0,0.1196468214997001,0.2135503849272118,1.2730357945389823
178,356,f94c06bd9718e97c,atelectasis,on,0.1802747442850947,0.0,0.1272057030060641,0.225700931891492,0.9703377887690386
179,380,60775c6db17d7d7a,atelectasis,off,0.1863758412155412,0.0,0.000307177406414,0.0006134126802471,0.4109365871879034
179,380,60775c6db17d7d7a,atelectasis,on,0.1863758412155412,0.0,0.0,0.0,-0.46756781524539
180,383,73a711ad4a6993d8,atelectasis,off,0.1740810588229561,1.0,0.1258239587690723,0.2211749546150097,2.526139353447473
180,383,73a711ad4a6993d8,atelectasis,on,0.1740810588229561,1.0,0.0847142227796843,0.1561942295487123,2.33707620070961
181,403,309b2ec41b2dc6f2,atelectasis,off,0.2000545785028921,0.0,0.066625629471841,0.1248839598976004,1.0047159884053265
181,403,309b2ec41b2dc6f2,atelectasis,on,0.2000545785028921,0.0,0.0683085400244714,0.1278816335980651,0.6184638508312792
182,415,33c5edd30f2457cd,atelectasis,off,0.1959027138185947,0.0,0.1351799306677881,0.238144389148729,1.0693458320877869
182,415,33c5edd30f2457cd,atelectasis,on,0.1959027138185947,0.0,0.1344714639319968,0.2370643889091541,0.7460124528258179
183,421,f2c5b10688fc1c16,atelectasis,off,0.1838418392955474,0.0,0.121567597085659,0.2166616437111606,1.4190578500338231
183,421,f2c5b10688fc1c16,atelectasis,on,0.1838418392955474,0.0,0.1051907833667339,0.1903574445229905,1.1150686312617948
184,437,9d8ed0c90eba51ae,atelectasis,off,0.1800164710124799,0.0,0.2139345168283609,0.3496792538258735,1.0504950515941562
184,437,9d8ed0c90eba51ae,atelectasis,on,0.1800164710124799,0.0,0.3198066267318741,0.4846206589601278,0.6896514402224619
185,446,3d7dc2d16d09f5be,atelectasis,off,0.191565672070913,1.0,0.2607021346167124,0.4131561180968328,2.002518475591504
185,446,3d7dc2d16d09f5be,atelectasis,on,0.191565672070913,1.0,0.2363870588967442,0.3823805323032182,2.218969850926049
186,465,a989c250bb6e5f01,atelectasis,off,0.1975059573410522,0.0,0.0017521001324828,0.0034852547887124,0.1737326835733513
186,465,a989c250bb6e5f01,atelectasis,on,0.1975059573410522,0.0,0.0,0.0,-0.5016299187134967
187,466,89b5a9f5b49f6471,atelectasis,off,0.200902494529967,0.0,0.0736945631834622,0.1372449453767909,0.9404230750113988
187,466,89b5a9f5b49f6471,atelectasis,on,0.200902494529967,0.0,0.076793137902637,0.1426329983963566,0.6057346178015085
188,491,04a9cb03fde0219d,atelectasis,off,0.2005175211613525,0.0,0.0879677090997666,0.1616718953803474,0.2014364185751464
188,491,04a9cb03fde0219d,atelectasis,on,0.2005175211613525,0.0,0.0892774741017182,0.1639204564650297,0.1256483077605329
189,509,e374f94a32b3bd15,atelectasis,off,0.1822775804180128,0.0,0.0,0.0,-0.9817989265373758
189,509,e374f94a32b3bd15,atelectasis,on,0.1822775804180128,0.0,0.0,0.0,-0.489182208755108
190,513,0ae6e1d4c1336eec,atelectasis,off,0.1843778781632384,1.0,0.148136670919645,0.2567850923817871,1.421511502179012
190,513,0ae6e1d4c1336eec,atelectasis,on,0.1843778781632384,1.0,0.116315575331318,0.2083916799425281,1.1173574223511191
191,518,40ea79f3caeb0477,atelectasis,off,0.1995331588770473,0.0,0.0037667246018714,0.007461722059294,0.5227900849206658
191,518,40ea79f3caeb0477,atelectasis,on,0.1995331588770473,0.0,0.0057614363274338,0.0114566154866573,-0.1760450146735535
192,522,f28dfcb73be60946,atelectasis,off,0.1714593414518856,0.0,0.0,0.0,-0.4333817329599382
192,522,f28dfcb73be60946,atelectasis,on,0.1714593414518856,0.0,0.0,0.0,-0.4745778633124502
193,526,db3fe04ce1b8f893,atelectasis,off,0.187681826820461,0.0,0.0672080497171697,0.1255382954987045,0.6887665674885481
193,526,db3fe04ce1b8f893,atelectasis,on,0.187681826820461,0.0,0.0804004617610892,0.1488341239274201,0.3750114152194091
194,8,093950c25a37efe4,cardiomegaly,off,0.1826869191897041,1.0,0.5769672221401823,0.7313391694415687,2.084330334536977
194,8,093950c25a37efe4,cardiomegaly,on,0.1826869191897041,1.0,0.6012590111580782,0.7509825011697194,1.6009500696500338
195,10,3e6de190da5a957a,cardiomegaly,off,0.1825894575773967,1.0,0.5411550354592249,0.6991376499803272,1.98392839497038
195,10,3e6de190da5a957a,cardiomegaly,on,0.1825894575773967,1.0,0.6214354923866102,0.7665237118374704,1.3991221228393078
196,12,96964da0020cd95f,cardiomegaly,off,0.1895141051318412,1.0,0.5025450382750243,0.6684136928352408,1.7079313158646396
196,12,96964da0020cd95f,cardiomegaly,on,0.1895141051318412,1.0,0.5064003064415733,0.6723276604913369,1.370523805163566
197,25,47feecb0340b2bd4,cardiomegaly,off,0.1864002066186181,1.0,0.3238051537104788,0.4883139176324624,1.409075087880144
197,25,47feecb0340b2bd4,cardiomegaly,on,0.1864002066186181,1.0,0.361435753376034,0.530961540880828,0.9475574362871722
198,27,c99a2a7dd0dd260f,cardiomegaly,off,0.2121446915096316,1.0,0.2133417521035805,0.348660035870675,0.6118533634817523
198,27,c99a2a7dd0dd260f,cardiomegaly,on,0.2121446915096316,1.0,0.217558499029184,0.3573628701809276,0.305598971723919
199,32,a70c06fbfcf2e58e,cardiomegaly,off,0.1822191034506284,1.0,0.4265361485835461,0.5972728173227732,1.5680907454490665
199,32,a70c06fbfcf2e58e,cardiomegaly,on,0.1822191034506284,1.0,0.4508668363999227,0.621513642272151,1.171158156346659
200,39,ec65e2415a2938e7,cardiomegaly,off,0.1973695110838218,1.0,0.3632165659976298,0.5317653897754206,1.324574825080243
200,39,ec65e2415a2938e7,cardiomegaly,on,0.1973695110838218,1.0,0.3858969138101535,0.5568897901655149,0.8403982527641242
201,42,c93ded9ee7245300,cardiomegaly,off,0.1836469160709325,1.0,0.4805868204655166,0.6480955596599653,1.6120845929436411
201,42,c93ded9ee7245300,cardiomegaly,on,0.1836469160709325,1.0,0.5268106672893867,0.6900791373595178,1.1693511058394763
202,50,a5d9ac7f9423be90,cardiomegaly,off,0.1928570384339868,1.0,0.3721585544097576,0.541609721378438,1.4709109442457498
202,50,a5d9ac7f9423be90,cardiomegaly,on,0.1928570384339868,1.0,0.4032006514230469,0.5746860486964647,0.9567387867400228
203,53,d7355520cf43cdff,cardiomegaly,off,0.185654625284466,1.0,0.6738572918574974,0.8007843513621676,2.5355263722140235
203,53,d7355520cf43cdff,cardiomegaly,on,0.185654625284466,1.0,0.7695653747622968,0.8697788756199409,2.492635324768324
204,56,9415a340a0044764,cardiomegaly,off,0.1968578376192077,1.0,0.4264283975878881,0.5977614849182598,1.4482731684803305
204,56,9415a340a0044764,cardiomegaly,on,0.1968578376192077,1.0,0.4348810504743173,0.6061560034596605,1.0076248920850852
205,61,088cc1d00621a300,cardiomegaly,off,0.1957029175133644,1.0,0.3310417573517767,0.495269140184284,1.3433974615607571
205,61,088cc1d00621a300,cardiomegaly,on,0.1957029175133644,1.0,0.3553691744982066,0.5243841787740907,0.8182703137207429
206,62,bebbf36be701621f,cardiomegaly,off,0.1883299465423056,1.0,0.377139112772363,0.5457629347901891,1.200608087184371
206,62,bebbf36be701621f,cardiomegaly,on,0.1883299465423056,1.0,0.4192071941355118,0.5907591232159153,0.8047879977358777
207,63,f8f084a045363fa5,cardiomegaly,off,0.1910003947195298,0.0,0.2404500144620489,0.3691617029354223,1.1869576712225904
207,63,f8f084a045363fa5,cardiomegaly,on,0.1910003947195298,0.0,0.3912253829520836,0.5624109222293965,0.8125660085527145
208,76,33d96918507e6883,cardiomegaly,off,0.1873504573386157,1.0,0.4866379975301239,0.6498059808583889,1.6342027940707538
208,76,33d96918507e6883,cardiomegaly,on,0.1873504573386157,1.0,0.5259185311231522,0.6893043610205314,1.0890864831554663
209,85,6ba230aaf07a840c,cardiomegaly,off,0.19028405186907,1.0,0.5379916512105476,0.6992562081480773,1.8848880320102428
209,85,6ba230aaf07a840c,cardiomegaly,on,0.19028405186907,1.0,0.5602444952641641,0.7181492617056892,1.3526373923516546
210,89,9c63e63de176518a,cardiomegaly,off,0.1878328923195376,1.0,0.6615769972604084,0.7943057307133884,2.4724267157787088
210,89,9c63e63de176518a,cardiomegaly,on,0.1878328923195376,1.0,0.7173842167456648,0.8354381187838815,2.094332554513433
211,105,fd053a38abc0cb49,cardiomegaly,off,0.1827600153989347,0.0,0.2521609738163468,0.400331939184,0.9394464266315709
211,105,fd053a38abc0cb49,cardiomegaly,on,0.1827600153989347,0.0,0.3157564748942585,0.4799592860640548,0.6345634637944614
212,113,c1a9fa9f21a10a44,cardiomegaly,off,0.1801577903503257,1.0,0.3667081952272752,0.5256961555752084,1.487425542283584
212,113,c1a9fa9f21a10a44,cardiomegaly,on,0.1801577903503257,1.0,0.5018917718785967,0.6683459002678962,1.1615791296865217
213,123,e0288a509cbbc07e,cardiomegaly,off,0.2132118961643982,1.0,0.3849616472872774,0.5553087952741271,1.2480790539618043
213,123,e0288a509cbbc07e,cardiomegaly,on,0.2132118961643982,1.0,0.3688569740218801,0.538924646779169,0.7810422065099641
214,124,985a9f7b2779d4f8,cardiomegaly,off,0.1907713599306073,1.0,0.4427609544761287,0.6136873318662592,1.564524050754505
214,124,985a9f7b2779d4f8,cardiomegaly,on,0.1907713599306073,1.0,0.4539173267828668,0.6244058593808369,1.1499481720959224
215,133,36dfae6f56c02e8b,cardiomegaly,off,0.2040358853656516,1.0,0.3310387244688674,0.4954988188204699,1.2683004916542533
215,133,36dfae6f56c02e8b,cardiomegaly,on,0.2040358853656516,1.0,0.3426904093638063,0.5104505865650463,0.7746440317481506
216,139,f201583ea32de232,cardiomegaly,off,0.1941825163613681,1.0,0.4171464570834088,0.587611164764737,1.413595293234374
216,139,f201583ea32de232,cardiomegaly,on,0.1941825163613681,1.0,0.438299312242356,0.6094670211300508,0.9291242610603706
217,155,9ac3c6ded1d4380c,cardiomegaly,off,0.174773036270339,1.0,0.2918830655001126,0.4491206940440672,1.0715356416590454
217,155,9ac3c6ded1d4380c,cardiomegaly,on,0.174773036270339,1.0,0.3790448576959078,0.5497156404415777,0.7085483593403495
218,162,79f3d753d8db8ce9,cardiomegaly,off,0.203348780998884,1.0,0.4273776820333462,0.5847139118520162,1.837975969748316
218,162,79f3d753d8db8ce9,cardiomegaly,on,0.203348780998884,1.0,0.518475227218041,0.6828750916716746,1.0683334230722246
219,166,846aafad319d9662,cardiomegaly,off,0.2006344750961215,1.0,0.4264977884054321,0.5968583051095997,1.2950292297872503
219,166,846aafad319d9662,cardiomegaly,on,0.2006344750961215,1.0,0.4518622846258079,0.6224574277553748,0.8808149985895661
220,177,5168c9958d9df995,cardiomegaly,off,0.1858446754284656,1.0,0.4409259096684308,0.6110292927894093,1.47713552491197
220,177,5168c9958d9df995,cardiomegaly,on,0.1858446754284656,1.0,0.4741501307853644,0.6432856252721693,0.9974902478110714
221,185,5e13bb7278b3f72d,cardiomegaly,off,0.1866536068106174,1.0,0.4687650937895631,0.6372488354332599,1.3448004163405864
221,185,5e13bb7278b3f72d,cardiomegaly,on,0.1866536068106174,1.0,0.5000225726255028,0.6666858415515888,1.0023078022881025
222,189,d236eae4a6bc1049,cardiomegaly,off,0.2050397399724183,1.0,0.4599710651936531,0.6266332234518984,1.2216701703167063
222,189,d236eae4a6bc1049,cardiomegaly,on,0.2050397399724183,1.0,0.4334836073264963,0.6047879207816763,0.8732681246131709
223,192,b7a20b8f260bba9f,cardiomegaly,off,0.2011802601250432,1.0,0.6257947099462884,0.7693878204832683,2.105918967378481
223,192,b7a20b8f260bba9f,cardiomegaly,on,0.2011802601250432,1.0,0.6391615781323312,0.7798635037444778,1.5282812009257385
224,195,13d982f2c79b1676,cardiomegaly,off,0.1761569911651048,1.0,0.4161241872868301,0.5851844999344648,1.6888636967050952
224,195,13d982f2c79b1676,cardiomegaly,on,0.1761569911651048,1.0,0.4907792534677305,0.6584196128289639,1.3077489247164518
225,198,2175b019a0091ef3,cardiomegaly,off,0.1831839734124721,1.0,0.4712579446786193,0.6313761489975848,1.9304436066152824
225,198,2175b019a0091ef3,cardiomegaly,on,0.1831839734124721,1.0,0.6193879587574492,0.7649608272866129,1.3485768151336532
226,204,cbcf65658f0dd7d8,cardiomegaly,off,0.2087676466431784,1.0,0.3751916797842515,0.5452752038010094,1.170617804570669
226,204,cbcf65658f0dd7d8,cardiomegaly,on,0.2087676466431784,1.0,0.3717687207721966,0.5420273284581307,0.7547013347839443
227,205,82f49a0c3d2dfe14,cardiomegaly,off,0.1884761389607668,1.0,0.2980739111392161,0.4541028869488269,1.067258491667424
227,205,82f49a0c3d2dfe14,cardiomegaly,on,0.1884761389607668,1.0,0.3769530434226612,0.5475138456312262,0.7335062507529629
228,206,0c9d26929987308b,cardiomegaly,off,0.1804891598321711,1.0,0.4316082621597885,0.6019528484276924,1.819407598209105
228,206,0c9d26929987308b,cardiomegaly,on,0.1804891598321711,1.0,0.4814065697047506,0.6499316743868359,1.4798285664290391
229,209,7162d21f7f020298,cardiomegaly,off,0.1889000969743042,1.0,0.4370190046472106,0.6067442860557295,1.5479076629153323
229,209,7162d21f7f020298,cardiomegaly,on,0.1889000969743042,1.0,0.4741139615318196,0.6432519356847081,1.0453774509444955
230,211,74122d99b9022819,cardiomegaly,off,0.2052151708745717,1.0,0.5435081400462395,0.7040061571727664,1.8621740635512507
230,211,74122d99b9022819,cardiomegaly,on,0.2052151708745717,1.0,0.5471608696751076,0.7073090520158435,1.2958785656664078
231,214,366858e6adbb8000,cardiomegaly,off,0.2067940489939525,1.0,0.5588823228007787,0.7153781211533455,1.7571100018623642
231,214,366858e6adbb8000,cardiomegaly,on,0.2067940489939525,1.0,0.5693172708782012,0.7255566904553046,1.177072951581073
232,236,84ac6bdd90a67b66,cardiomegaly,off,0.2080464307121032,1.0,0.5500285711185029,0.709463728033976,1.9537829963951827
232,236,84ac6bdd90a67b66,cardiomegaly,on,0.2080464307121032,1.0,0.5619850878086272,0.7195772469275215,1.58441865915518
233,242,07a10ffadf85aa63,cardiomegaly,off,0.202968680710885,1.0,0.5390487815126057,0.6948316300332315,1.9058643731089988
233,242,07a10ffadf85aa63,cardiomegaly,on,0.202968680710885,1.0,0.6167240594459245,0.7629270477065069,1.3353614063037815
234,246,0b14f7b64876536a,cardiomegaly,off,0.2053906017767252,1.0,0.3106798740419837,0.4727827587759874,0.9921243568282104
234,246,0b14f7b64876536a,cardiomegaly,on,0.2053906017767252,1.0,0.3142633537396188,0.478232376071378,0.5812308504020306
235,247,161c8b166c8ce7d6,cardiomegaly,off,0.1862637603613876,1.0,0.4573975755383253,0.6265987827014297,1.6533347802647125
235,247,161c8b166c8ce7d6,cardiomegaly,on,0.1862637603613876,1.0,0.4993986467471401,0.666131305599942,1.1106017966951884
236,249,f93a1c5e1000ca3e,cardiomegaly,off,0.1809033716844778,1.0,0.4922617766302321,0.6553226907417231,2.137715242291873
236,249,f93a1c5e1000ca3e,cardiomegaly,on,0.1809033716844778,1.0,0.5641133931553182,0.7213199401700858,2.039952546566569
237,251,a65421347ffb7936,cardiomegaly,off,0.1888026353619968,1.0,0.5839400220731968,0.7358765720880921,2.0956504043620847
237,251,a65421347ffb7936,cardiomegaly,on,0.1888026353619968,1.0,0.6286652599726532,0.7719998799586805,1.6683095088956648
238,256,459d9cc7e6454630,cardiomegaly,off,0.1986657505275109,1.0,0.5229071517345524,0.6864726769788847,1.7528032020251254
238,256,459d9cc7e6454630,cardiomegaly,on,0.1986657505275109,1.0,0.5303857575364899,0.6931394932587917,1.1908298823941408
239,259,9dea31c5bb3e5917,cardiomegaly,off,0.1920773455355272,1.0,0.3752948850682359,0.5453029088186688,1.1596721136374253
239,259,9dea31c5bb3e5917,cardiomegaly,on,0.1920773455355272,1.0,0.3810787988689521,0.5518558266972713,0.7685517754691908
240,261,83590772041a5a03,cardiomegaly,off,0.1946893167453669,1.0,0.4585456933535517,0.6276102015638859,1.7971647897092902
240,261,83590772041a5a03,cardiomegaly,on,0.1946893167453669,1.0,0.5016528556090185,0.6681329971344155,1.2591543866565775
241,266,fc7c567caa66ec88,cardiomegaly,off,0.1881837541238444,0.0,0.3299690725150106,0.4953121785306609,1.0742952957911067
241,266,fc7c567caa66ec88,cardiomegaly,on,0.1881837541238444,0.0,0.3509159113802874,0.5195221638495608,0.7445559834228497
242,273,7efbe29baee5c832,cardiomegaly,off,0.1816343337767836,1.0,0.4766856067119788,0.6431224320510139,1.6668658027519068
242,273,7efbe29baee5c832,cardiomegaly,on,0.1816343337767836,1.0,0.5417207713814953,0.7027473177934742,1.172562137978863
243,276,90391ae7b37e6f8e,cardiomegaly,off,0.20028848637243,0.0,0.1803601460787219,0.3055613650959302,1.130853435806192
243,276,90391ae7b37e6f8e,cardiomegaly,on,0.20028848637243,0.0,0.182346945338472,0.3084490513185459,0.7089315594953021
244,280,890ca06fc523c555,cardiomegaly,off,0.1923161264856804,1.0,0.4133712331440475,0.5844467648541831,1.7531050411356213
244,280,890ca06fc523c555,cardiomegaly,on,0.1923161264856804,1.0,0.4342509411935542,0.6055438606752015,1.3524380524328894
245,282,e2e5a8476ea2eba5,cardiomegaly,off,0.1924964304684492,1.0,0.5418135564385944,0.7001253536923778,1.7365387625211812
245,282,e2e5a8476ea2eba5,cardiomegaly,on,0.1924964304684492,1.0,0.5838083462557397,0.7372174382802361,1.2337933578398084
246,283,d68117bbfe183d95,cardiomegaly,off,0.1881057848339985,1.0,0.4194813445149877,0.5906825307483738,1.4224780847442302
246,283,d68117bbfe183d95,cardiomegaly,on,0.1881057848339985,1.0,0.4383876902688127,0.6095538015460373,0.977269762927728
247,286,66a74608d016ae2c,cardiomegaly,off,0.1974864650185908,1.0,0.6187068108963152,0.764196573775882,2.2940179654932464
247,286,66a74608d016ae2c,cardiomegaly,on,0.1974864650185908,1.0,0.6502509562779029,0.7880629096324887,2.201802273185625
248,291,e8e8a1f210ad58fd,cardiomegaly,off,0.1800067248512492,1.0,0.5786834062679576,0.7324412150809557,2.184736133809918
248,291,e8e8a1f210ad58fd,cardiomegaly,on,0.1800067248512492,1.0,0.6094227215342143,0.7573183863608366,1.818221572027805
249,297,c6eb3bdeddb04716,cardiomegaly,off,0.208343688629641,1.0,0.3493887601075126,0.5165233089818195,0.7544783223710625
249,297,c6eb3bdeddb04716,cardiomegaly,on,0.208343688629641,1.0,0.3377688116405561,0.5049687240652093,0.539990477242743
250,298,057d72fd8f724e9f,cardiomegaly,off,0.1780477464438694,1.0,0.4808083623883498,0.6484542252033434,1.885045106730871
250,298,057d72fd8f724e9f,cardiomegaly,on,0.1780477464438694,1.0,0.5239268072503279,0.6876001799707872,1.4295975065925135
251,320,3b5deb6b8277b2fc,cardiomegaly,off,0.1753675521054145,1.0,0.6020033425734146,0.7425906045631877,2.308504145381221
251,320,3b5deb6b8277b2fc,cardiomegaly,on,0.1753675521054145,1.0,0.7523109576903337,0.8586450948282346,2.0696756061100907
252,323,ac6ee2faa45f13ea,cardiomegaly,off,0.1980809808536662,1.0,0.3475494406926327,0.5151940600458749,0.9895705979501755
252,323,ac6ee2faa45f13ea,cardiomegaly,on,0.1980809808536662,1.0,0.3528098703046005,0.5215943614904412,0.6679329983848984
253,330,d914627fd7043b26,cardiomegaly,off,0.1786861200044832,1.0,0.5462297439558135,0.7036672074683875,1.9829579656046432
253,330,d914627fd7043b26,cardiomegaly,on,0.1786861200044832,1.0,0.6177635504667717,0.7637234504117187,1.4102673431739
254,331,2dcd061d752720b3,cardiomegaly,off,0.2042990317188817,1.0,0.4071864923239679,0.5687251748319018,1.4648571185715102
254,331,2dcd061d752720b3,cardiomegaly,on,0.2042990317188817,1.0,0.4835333018422296,0.6518466035929211,1.0214408617117066
255,334,3be03514cc889234,cardiomegaly,off,0.1979932654025895,1.0,0.4037475148396997,0.573166766940462,1.1529202107012126
255,334,3be03514cc889234,cardiomegaly,on,0.1979932654025895,1.0,0.4130296289236437,0.5845967683624143,0.7969402228771822
256,336,99498cee40a343d2,cardiomegaly,off,0.1841196048906237,1.0,0.331158006173925,0.4910938449588279,1.4033202282346284
256,336,99498cee40a343d2,cardiomegaly,on,0.1841196048906237,1.0,0.4591823163421975,0.6293633678910447,0.9061044266607304
257,337,afa5f1d02875ed9c,cardiomegaly,off,0.1870483263404626,1.0,0.5890738316787203,0.7375197749311102,2.190768395447768
257,337,afa5f1d02875ed9c,cardiomegaly,on,0.1870483263404626,1.0,0.6674077544987868,0.8005333397849345,1.8495826556041008
258,344,c8b8ed6ec32a0194,cardiomegaly,off,0.1908834407847609,1.0,0.5789298779100452,0.7329916284299255,1.9749841921347613
258,344,c8b8ed6ec32a0194,cardiomegaly,on,0.1908834407847609,1.0,0.5989798764670026,0.7492022740289908,1.5167861463665475
259,347,8fb7cd9284a2390b,cardiomegaly,off,0.1742711089669556,1.0,0.3406303257026586,0.5069144776654083,1.3386645412367626
259,347,8fb7cd9284a2390b,cardiomegaly,on,0.1742711089669556,1.0,0.3894498690280651,0.5605804245139411,0.8977291835784301
260,350,0eec7465b21851ca,cardiomegaly,off,0.1914925758616824,1.0,0.4754440219911705,0.641353412598582,1.6226410618065097
260,350,0eec7465b21851ca,cardiomegaly,on,0.1914925758616824,1.0,0.5197481452940156,0.6839864154833953,1.0601211918912197
261,355,2d1043b3ab978914,cardiomegaly,off,0.1951278940007504,1.0,0.5628977085416279,0.7202450696079777,1.871305941231433
261,355,2d1043b3ab978914,cardiomegaly,on,0.1951278940007504,1.0,0.5749013292137494,0.7300790241738351,1.440544173759109
262,357,17b1583a7369977f,cardiomegaly,off,0.1804550482678635,1.0,0.4636797744166069,0.6329418820017498,1.6922637423186884
262,357,17b1583a7369977f,cardiomegaly,on,0.1804550482678635,1.0,0.4937737118844527,0.6611087193572683,1.2816570755188434
263,358,2481059373ed3b95,cardiomegaly,off,0.1973110341164373,1.0,0.5992523216655968,0.7479578533433747,2.0185822630008103
263,358,2481059373ed3b95,cardiomegaly,on,0.1973110341164373,1.0,0.6320828331005325,0.7745701762811634,1.5280239103605928
264,362,1ae57b9c3f3c2647,cardiomegaly,off,0.1900940017250705,1.0,0.4296039405552405,0.5999909760300886,1.558828795610815
264,362,1ae57b9c3f3c2647,cardiomegaly,on,0.1900940017250705,1.0,0.4348335674567002,0.6061060275973909,1.181744691419294
265,363,b2049f03ac1c3bf0,cardiomegaly,off,0.1763519143897197,1.0,0.5564828257764324,0.7074536675795562,2.3311183460840024
265,363,b2049f03ac1c3bf0,cardiomegaly,on,0.1763519143897197,1.0,0.7168236392681202,0.835047549256376,1.7854114657702371
266,367,b23fb11991bb664d,cardiomegaly,off,0.1913073987982983,1.0,0.5590059224163527,0.7160087180652355,1.9472061118545787
266,367,b23fb11991bb664d,cardiomegaly,on,0.1913073987982983,1.0,0.5962370692419295,0.7470529033879274,1.3956180824157682
267,371,fe977ddea6753ea5,cardiomegaly,off,0.1923551111306034,1.0,0.5299033488308418,0.692623422461846,1.9919427160895404
267,371,fe977ddea6753ea5,cardiomegaly,on,0.1923551111306034,1.0,0.5296392745427815,0.6925013738693799,1.6176119906538005
268,374,3f426be3dbce8d45,cardiomegaly,off,0.19780321525859,1.0,0.5604517152420496,0.718215978377019,2.09364236357935
268,374,3f426be3dbce8d45,cardiomegaly,on,0.19780321525859,1.0,0.5769427265645998,0.731722904359908,1.7894177626648886
269,394,e155acf502336722,cardiomegaly,off,0.1947624129545975,1.0,0.463720185449528,0.6332521727494472,1.7199807581370588
269,394,e155acf502336722,cardiomegaly,on,0.1947624129545975,1.0,0.4833768875920847,0.651724505933429,1.1968484629069802
270,396,e1fd40062c7ab19a,cardiomegaly,off,0.1982369194333582,1.0,0.359807744396252,0.5287422822171702,1.3661702707375891
270,396,e1fd40062c7ab19a,cardiomegaly,on,0.1982369194333582,1.0,0.3724541774262875,0.5427556318031634,0.8858539084504263
271,398,58833757dee99e23,cardiomegaly,off,0.1959563177053638,1.0,0.3970442869402636,0.5672624130926828,1.1263793904537025
271,398,58833757dee99e23,cardiomegaly,on,0.1959563177053638,1.0,0.3951634678177763,0.5664734399782074,0.7378055685505107
272,401,bd494a54fa94017f,cardiomegaly,off,0.2001520401151996,1.0,0.4372299935095752,0.6055963907885016,1.5927018123451109
272,401,bd494a54fa94017f,cardiomegaly,on,0.2001520401151996,1.0,0.4816860901905351,0.6501840925011243,1.0486049508864546
273,416,4e6f8212f10d165e,cardiomegaly,off,0.1967555029262849,1.0,0.4939077948285668,0.6569890526343964,1.5949028086699957
273,416,4e6f8212f10d165e,cardiomegaly,on,0.1967555029262849,1.0,0.5393952521130564,0.7007825379400152,1.0988069486572745
274,418,8c69ef3783ae4d44,cardiomegaly,off,0.1900940017250705,1.0,0.6053023303162784,0.7501138330922599,2.249751164352916
274,418,8c69ef3783ae4d44,cardiomegaly,on,0.1900940017250705,1.0,0.6762983575706866,0.8068875882779871,1.5922844733279358
275,423,87a3f87cfabe7f9c,cardiomegaly,off,0.1906008021090693,1.0,0.3500457395391075,0.5176718678809368,1.1404918657953629
275,423,87a3f87cfabe7f9c,cardiomegaly,on,0.1906008021090693,1.0,0.3668390141415779,0.5367685987897686,0.7096723099369379
276,428,c896dee4d23f27f9,cardiomegaly,off,0.194245866409368,1.0,0.2661637284978889,0.4170464340338958,0.913755745405162
276,428,c896dee4d23f27f9,cardiomegaly,on,0.194245866409368,1.0,0.3271483597282268,0.4930064657807175,0.5721434836077395
277,433,fb0f65c1d50aa8a3,cardiomegaly,off,0.1999863553742769,1.0,0.4049364388602504,0.5673154982947511,1.4699045511418831
277,433,fb0f65c1d50aa8a3,cardiomegaly,on,0.1999863553742769,1.0,0.5095627808405137,0.6751029540183378,1.060402766894609
278,445,6b3b424c930e3c69,cardiomegaly,off,0.1860395986530805,1.0,0.5184704481454265,0.6816440792978483,1.588440460507892
278,445,6b3b424c930e3c69,cardiomegaly,on,0.1860395986530805,1.0,0.5529226560738982,0.7121048157031408,1.156633397464798
279,451,859c80b4cc1b7d6b,cardiomegaly,off,0.2031148731293461,1.0,0.5176845788135183,0.6768312662912983,1.7795635877775422
279,451,859c80b4cc1b7d6b,cardiomegaly,on,0.2031148731293461,1.0,0.5923247871008338,0.7439735519223064,1.2528525795928058
280,453,f8586b048fcc9d50,cardiomegaly,off,0.1659966180820529,1.0,0.2552876212185048,0.4053510591319085,1.2628613441349603
280,453,f8586b048fcc9d50,cardiomegaly,on,0.1659966180820529,1.0,0.337553582015884,0.5047308498298996,0.8352112396241195
281,478,35f23ba3e2874c45,cardiomegaly,off,0.1904935943355311,1.0,0.4427155236891673,0.6114492641863809,1.4258873894927186
281,478,35f23ba3e2874c45,cardiomegaly,on,0.1904935943355311,1.0,0.4797813956425174,0.648446580156971,0.9750256542167816
282,480,d45acc110431b7cc,cardiomegaly,off,0.1855035597853895,1.0,0.2749548651947898,0.4264914406605922,1.0529857414793702
282,480,d45acc110431b7cc,cardiomegaly,on,0.1855035597853895,1.0,0.3341709761102475,0.5009316781805501,0.583813145892425
283,482,6f9d68ac1e5c1f30,cardiomegaly,off,0.191395114249375,1.0,0.2587201964623379,0.4087802418726552,0.8131630291252102
283,482,6f9d68ac1e5c1f30,cardiomegaly,on,0.191395114249375,1.0,0.2649365816704205,0.418887528731361,0.432889037271692
284,487,7bf705c20a586dc0,cardiomegaly,off,0.1914048604106057,1.0,0.2934548936318397,0.4522840359136554,0.9554779669830064
284,487,7bf705c20a586dc0,cardiomegaly,on,0.1914048604106057,1.0,0.3068722199966204,0.4696241462898592,0.6618107647676156
285,494,3c1cf07a675d1898,cardiomegaly,off,0.1823165650629358,1.0,0.6464400312052297,0.7837695869363464,2.5314630095447845
285,494,3c1cf07a675d1898,cardiomegaly,on,0.1823165650629358,1.0,0.7045106313491869,0.8266419708140861,2.847546191233579
286,497,6391a90b95e3ec53,cardiomegaly,off,0.2082169885336413,1.0,0.5307182925242542,0.6931150175462071,1.478254332574667
286,497,6391a90b95e3ec53,cardiomegaly,on,0.2082169885336413,1.0,0.5295127983496671,0.6923932460470634,1.0664599969757762
287,504,baaade0d652588df,cardiomegaly,off,0.1902986711109162,1.0,0.5854102143414075,0.7312860026064877,2.326825520083533
287,504,baaade0d652588df,cardiomegaly,on,0.1902986711109162,1.0,0.6801107183332921,0.8095907992552147,1.5705187721479328
288,505,72d910c6519cd39e,cardiomegaly,off,0.1734816699072652,1.0,0.4120673639821542,0.582541217918869,1.7686986156974438
288,505,72d910c6519cd39e,cardiomegaly,on,0.1734816699072652,1.0,0.4703905757832646,0.6398166273930073,1.3117203347054829
289,511,1a9419899edfacb1,cardiomegaly,off,0.1911173486542987,1.0,0.5090335644955065,0.6736696232562327,1.7450701210519644
289,511,1a9419899edfacb1,cardiomegaly,on,0.1911173486542987,1.0,0.5330563179201518,0.6954154232430901,1.188194620795708
290,517,b999b82f377b197d,cardiomegaly,off,0.1816245876155529,1.0,0.4762834128824205,0.6434038931572222,1.725104289796838
290,517,b999b82f377b197d,cardiomegaly,on,0.1816245876155529,1.0,0.5126244837885612,0.6777920001681347,1.0885687723446602
291,519,966db46987810e93,cardiomegaly,off,0.1915851643933745,1.0,0.5128893687169903,0.6777413719077546,2.0831874446123777
291,519,966db46987810e93,cardiomegaly,on,0.1915851643933745,1.0,0.5371198427170878,0.6988648991128688,1.9290261012647063
292,529,dee75173b4711883,cardiomegaly,off,0.1913366372819905,1.0,0.4399434716488848,0.6071285907233201,1.5808163580570311
292,529,dee75173b4711883,cardiomegaly,on,0.1913366372819905,1.0,0.482408108181552,0.6508359717005618,0.9557875286642264
293,18,e9c6af6099408088,interstitial pattern,off,0.2178169573459253,0.0,0.1188276563483757,0.2114148949851533,0.2453290536996289
293,18,e9c6af6099408088,interstitial pattern,on,0.2178169573459253,0.0,0.1084761985932682,0.1957189005916353,0.0498684007833063
294,46,a1d99527701d5849,interstitial pattern,off,0.1955226135305956,0.0,0.2707864029407086,0.4213346405946677,0.9840710262753822
294,46,a1d99527701d5849,interstitial pattern,on,0.1955226135305956,0.0,0.2905675035354695,0.4502833698497809,0.490781176075763
295,55,cf6f75b020455153,interstitial pattern,off,0.2003615825816606,1.0,0.2262650770248778,0.3661634217113202,1.207997143360555
295,55,cf6f75b020455153,interstitial pattern,on,0.2003615825816606,1.0,0.2338270974332779,0.3790212064033306,0.5723332083247042
296,66,b38f8a63b1025b6b,interstitial pattern,off,0.1894410089226106,0.0,0.2025261282001661,0.3367767071116612,0.9038700652965688
296,66,b38f8a63b1025b6b,interstitial pattern,on,0.1894410089226106,0.0,0.2051310316608882,0.3404289977264442,0.6356825615179325
297,73,90318a9405c3be4a,interstitial pattern,off,0.216033409840699,0.0,0.1536879094525121,0.2662051145441528,1.5893706614850986
297,73,90318a9405c3be4a,interstitial pattern,on,0.216033409840699,0.0,0.1497244815011648,0.2604524872952082,1.288139527646141
298,94,90f3c92844fe7854,interstitial pattern,off,0.1788956624709442,0.0,0.2913310561219384,0.4452094690159265,1.2136670012899622
298,94,90f3c92844fe7854,interstitial pattern,on,0.1788956624709442,0.0,0.4151922069931458,0.5867525395576247,0.8060165074659611
299,144,a32a449182cc66e6,interstitial pattern,off,0.1814832682777071,1.0,0.3588487551412659,0.5279815312509767,1.9581112569520505
299,144,a32a449182cc66e6,interstitial pattern,on,0.1814832682777071,1.0,0.3663118731074378,0.5362029910571865,2.2230029829827864
300,169,d40002e75a46ce19,interstitial pattern,off,0.1407540604944227,0.0,0.0,0.0,-0.494438421001771
300,169,d40002e75a46ce19,interstitial pattern,on,0.1407540604944227,0.0,0.0,0.0,-0.4293222885324442
301,187,f9d1f5bfeb6e20bc,interstitial pattern,off,0.1951766248069041,0.0,0.2505490431068536,0.3988928943784459,1.1607110441651238
301,187,f9d1f5bfeb6e20bc,interstitial pattern,on,0.1951766248069041,0.0,0.2948791793771929,0.4554526807877304,0.7909449176582808
302,210,d04d05023f7c74ed,interstitial pattern,off,0.1948355091638281,0.0,0.0789606034221277,0.1454823541030719,0.5211737088199794
302,210,d04d05023f7c74ed,interstitial pattern,on,0.1948355091638281,0.0,0.0823598584161672,0.1521832314643099,0.1505365573560415
303,229,211047ec8fa23fdb,interstitial pattern,off,0.1731308081029584,1.0,0.2900155810453287,0.4417192587383848,2.89935272677782
303,229,211047ec8fa23fdb,interstitial pattern,on,0.1731308081029584,1.0,0.1296495804809517,0.2295295680941525,2.44421433924502
304,230,6699fd266091dac8,interstitial pattern,off,0.1902158287404548,1.0,0.2088851693014243,0.3411470788144998,0.9534600334727812
304,230,6699fd266091dac8,interstitial pattern,on,0.1902158287404548,1.0,0.2868106135468182,0.4457590852835274,0.4580019899366081
305,262,422fd65f92b19406,interstitial pattern,off,0.2082462270173335,1.0,0.4831290730435342,0.650122973378642,1.7210345865606285
305,262,422fd65f92b19406,interstitial pattern,on,0.2082462270173335,1.0,0.4986606640732083,0.6654728034748048,1.108065588265188
306,277,d517c7f3330a223f,interstitial pattern,off,0.2005906173705831,0.0,0.381559404362157,0.5452272880622003,1.5558450399421655
306,277,d517c7f3330a223f,interstitial pattern,on,0.2005906173705831,0.0,0.450523897453461,0.621184490406654,1.2911607858308465
307,295,63d56094353813df,interstitial pattern,off,0.2070571953471826,0.0,0.1182805127929034,0.2096350060804637,0.7440372071342366
307,295,63d56094353813df,interstitial pattern,on,0.2070571953471826,0.0,0.1103582005846849,0.1987732551084298,0.2346381267697992
308,310,c00225f5e8666d20,interstitial pattern,off,0.1973792572450526,1.0,0.5364113615002732,0.6938523562457036,1.8152586635599623
308,310,c00225f5e8666d20,interstitial pattern,on,0.1973792572450526,1.0,0.6103574132163666,0.7580352895686407,1.3037118642923198
309,311,5461f5f492d355f9,interstitial pattern,off,0.2076127265373351,0.0,0.1443992342540757,0.2520713774488158,0.5467709739096701
309,311,5461f5f492d355f9,interstitial pattern,on,0.2076127265373351,0.0,0.1265895286403734,0.2247286051808725,0.2647973376133664
310,315,0449a885c64c1338,interstitial pattern,off,0.1884907582026129,1.0,0.2171990500756106,0.3515430089416844,0.959194870019167
310,315,0449a885c64c1338,interstitial pattern,on,0.1884907582026129,1.0,0.3108831847644214,0.4743037590496702,0.5162425767706759
311,329,e1193f1b5d09f86a,interstitial pattern,off,0.2029345691465774,0.0,0.0836231447304168,0.1512595342485326,0.3396500773422213
311,329,e1193f1b5d09f86a,interstitial pattern,on,0.2029345691465774,0.0,0.0760607796311418,0.1413614689497969,-0.0982597122244717
312,389,bcdb44370d7eb1d4,interstitial pattern,off,0.1902401941435317,1.0,0.1848702318911101,0.3022210475555215,0.4510098478379631
312,389,bcdb44370d7eb1d4,interstitial pattern,on,0.1902401941435317,1.0,0.2051240944731508,0.3403770168734588,0.2162196304846933
313,402,87dcc15c2f19b537,interstitial pattern,off,0.2046986243293422,0.0,0.0518414090404121,0.097841886405627,0.1302142100494964
313,402,87dcc15c2f19b537,interstitial pattern,on,0.2046986243293422,0.0,0.0440450696093362,0.0843722756862666,-0.1596908141339619
314,405,7fd9d691815896db,interstitial pattern,off,0.2047278628130345,1.0,0.2958178566546072,0.4540090173210319,0.7885664130476275
314,405,7fd9d691815896db,interstitial pattern,on,0.2047278628130345,1.0,0.3003226127466308,0.4619139815031899,0.4795984973383073
315,429,9b6e215db52ea84a,interstitial pattern,off,0.2087968851268706,1.0,0.486346822619164,0.6431813674831933,1.9209382952576493
315,429,9b6e215db52ea84a,interstitial pattern,on,0.2087968851268706,1.0,0.5937691275503998,0.7451088711508022,1.284042928558122
316,430,f0a56bcd504f6ff8,interstitial pattern,off,0.1855279251884664,0.0,0.1294577029266953,0.2254258296516839,0.6197261048474539
316,430,f0a56bcd504f6ff8,interstitial pattern,on,0.1855279251884664,0.0,0.1839849455645672,0.3107797640570665,0.2051584989138215
317,441,b6d42511ef9b2567,interstitial pattern,off,0.1911904448635293,0.0,0.1135089205299313,0.2024959825181505,0.4385194212026231
317,441,b6d42511ef9b2567,interstitial pattern,on,0.1911904448635293,0.0,0.117992187693745,0.2110757617763632,0.1177798496987737
318,448,0c531bccfb44e11f,interstitial pattern,off,0.2108776905496347,1.0,0.1798107046473148,0.3036158318155789,0.6225669976079529
318,448,0c531bccfb44e11f,interstitial pattern,on,0.2108776905496347,1.0,0.1721810325145481,0.2937758669190104,0.2562531007679306
319,450,20664a317941438a,interstitial pattern,off,0.2305698093163555,0.0,0.2638896428517502,0.4159475528500785,0.5660447650886824
319,450,20664a317941438a,interstitial pattern,on,0.2305698093163555,0.0,0.1843946439235552,0.3113649346230983,0.1964995730212618
320,474,ef925bdd7a9847b9,interstitial pattern,off,0.1581071005657646,1.0,0.1702783217880513,0.2897961930140323,0.4730869234144184
320,474,ef925bdd7a9847b9,interstitial pattern,on,0.1581071005657646,1.0,0.2228083133143577,0.3644194557635587,0.3325981189754601
321,475,ec7abfbf765e1690,interstitial pattern,off,0.2009560984167361,1.0,0.201242892403531,0.329531348355203,0.7068211984315458
321,475,ec7abfbf765e1690,interstitial pattern,on,0.2009560984167361,1.0,0.2674431223246058,0.4220160064644124,0.4230869206958005
322,483,67bd3c74cf584ff0,interstitial pattern,off,0.1998450360364311,1.0,0.3026653675254539,0.4644552595493028,1.4624868085606466
322,483,67bd3c74cf584ff0,interstitial pattern,on,0.1998450360364311,1.0,0.3132765510369214,0.4770914141497662,1.136039877452398
323,496,262c886227014d4e,interstitial pattern,off,0.2078515074874883,1.0,0.2481064612780585,0.3971108905144,0.6077436860418707
323,496,262c886227014d4e,interstitial pattern,on,0.2078515074874883,1.0,0.2397904271617949,0.3868229329698274,0.3670492026829051
324,506,598bd23a0f437d3c,interstitial pattern,off,0.1772777997066405,1.0,0.2040549065492146,0.3341542443582178,1.046004503940771
324,506,598bd23a0f437d3c,interstitial pattern,on,0.1772777997066405,1.0,0.3067057568672323,0.4694210691035354,0.5282082177752978
325,507,fec6422c494e2973,interstitial pattern,off,0.1767027761940265,0.0,0.104228255198602,0.187066036712534,0.4786030739099625
325,507,fec6422c494e2973,interstitial pattern,on,0.1767027761940265,0.0,0.1612141729192526,0.2776568249105317,0.1394606422322474
326,2,5ba6a17e672673ac,nodule,off,0.202354672553348,0.0,9.420483270791791e-05,0.0001883209616923,0.2969945624174366
326,2,5ba6a17e672673ac,nodule,on,0.202354672553348,0.0,0.0,0.0,-0.5165563872436874
327,4,31cef6e4e32f976a,nodule,off,0.1816343337767836,0.0,0.0,0.0,-0.4709823961875052
327,4,31cef6e4e32f976a,nodule,on,0.1816343337767836,0.0,0.0,0.0,-0.4833786698100272
328,5,791df30f73b6bdce,nodule,off,0.1916387682801436,0.0,0.0,0.0,-0.5740017669786
328,5,791df30f73b6bdce,nodule,on,0.1916387682801436,0.0,0.0,0.0,-0.5016727431279008
329,16,c5382ff48d694b35,nodule,off,0.2161308714530064,0.0,0.0507361454199966,0.0965664104451208,0.9007872345007064
329,16,c5382ff48d694b35,nodule,on,0.2161308714530064,0.0,0.0502312686387868,0.0956573066692356,0.4474529925903699
330,17,d4d6c8a665a118fd,nodule,off,0.1776725192364857,0.0,0.0469973464105377,0.0894785476459973,1.4236147419074638
330,17,d4d6c8a665a118fd,nodule,on,0.1776725192364857,0.0,0.0590244204626611,0.1114691471986641,2.161020026072746
331,23,6a273e887e794c84,nodule,off,0.1829451924623189,0.0,0.0040265577921058,0.0079645211046829,0.95797324195167
331,23,6a273e887e794c84,nodule,on,0.1829451924623189,0.0,0.0120268465542151,0.0237675399538389,0.4868800759851996
332,26,2703456a007cdfd6,nodule,off,0.1842219395835465,0.0,0.0,0.0,-0.1619188291828794
332,26,2703456a007cdfd6,nodule,on,0.1842219395835465,0.0,0.0,0.0,-0.4877194354608463
333,30,15a9576ba2bd05d5,nodule,off,0.1846020398715455,1.0,0.4071484995292661,0.5669291696933417,1.6796543809015
333,30,15a9576ba2bd05d5,nodule,on,0.1846020398715455,1.0,0.5230252436063132,0.6868090520504776,1.094611463171116
334,35,6f70f0b7f328ad04,nodule,off,0.1901183671281474,0.0,0.0,0.0,-0.498362091106612
334,35,6f70f0b7f328ad04,nodule,on,0.1901183671281474,0.0,0.0,0.0,-0.4977263676679829
335,40,46f6e4be988ee1fe,nodule,off,0.220755424956995,0.0,0.0,0.0,0.0677156967373457
335,40,46f6e4be988ee1fe,nodule,on,0.220755424956995,0.0,0.0,0.0,-0.5481865548445622
336,51,dd36e0c7c263a696,nodule,off,0.1794755590641736,0.0,0.0879028393369558,0.1614851052495833,0.7032430446936679
336,51,dd36e0c7c263a696,nodule,on,0.1794755590641736,0.0,0.1132441201499368,0.2034437292854365,0.3930409124137188
337,57,529ec6d31cd9f947,nodule,off,0.2053272517287253,0.0,0.0043187343924161,0.0085197098807154,-0.0028632812516302
337,57,529ec6d31cd9f947,nodule,on,0.2053272517287253,0.0,0.0,0.0,-0.5311734499811742
338,58,e4874abd256cb5f3,nodule,off,0.2053272517287253,0.0,0.0002558660192481,0.0005110782007724,0.2438202272843038
338,58,e4874abd256cb5f3,nodule,on,0.2053272517287253,0.0,0.0,0.0,-0.523687839841092
339,67,136ada2e2567ad2d,nodule,off,0.1898211092106096,0.0,0.0064633608014163,0.012737165196682,0.0587676727675829
339,67,136ada2e2567ad2d,nodule,on,0.1898211092106096,0.0,0.0108189272445462,0.0214057213250942,-0.3017315700458839
340,71,627d7e9da9da4248,nodule,off,0.17746784985064,1.0,0.3785625280042642,0.5491165602763839,1.169677090600456
340,71,627d7e9da9da4248,nodule,on,0.17746784985064,1.0,0.3800576273642336,0.5507842447791295,0.8684611930958193
341,81,12921884d73c94c5,nodule,off,0.196443625766901,0.0,0.026584811682593,0.0512170920142556,0.5232282999748217
341,81,12921884d73c94c5,nodule,on,0.196443625766901,0.0,0.0361184478969248,0.0697169528700599,0.1222456276891104
342,95,c69c8f6cd26e7283,nodule,off,0.1704116291195805,0.0,0.0004809884365094,0.0009597641254678,-0.091216164641584
342,95,c69c8f6cd26e7283,nodule,on,0.1704116291195805,0.0,0.0,0.0,-0.4637619988077885
343,96,3c565fb2a9b98cd8,nodule,off,0.1704116291195805,0.0,0.0003767594454439,0.0007521020830692,-0.1725556782104992
343,96,3c565fb2a9b98cd8,nodule,on,0.1704116291195805,0.0,0.0,0.0,-0.4670400365028098
344,99,de8bae8c48874a29,nodule,off,0.1891534971663036,0.0,0.0010266438523588,0.0020428015564202,0.6298478248535945
344,99,de8bae8c48874a29,nodule,on,0.1891534971663036,0.0,0.0,0.0,-0.4849211163120111
345,100,4b5257cd5e0a6456,nodule,off,0.2012241178505816,0.0,0.028237620750589,0.0548717173764595,1.109880889473235
345,100,4b5257cd5e0a6456,nodule,on,0.2012241178505816,0.0,0.0301313570916243,0.0584995541367747,0.8719335141724286
346,101,62b654fbb6e1bf36,nodule,off,0.1538285357854675,0.0,0.0,0.0,0.5419862877274699
346,101,62b654fbb6e1bf36,nodule,on,0.1538285357854675,0.0,0.0,0.0,-0.4417192434719848
347,102,1e9da71c70d41927,nodule,off,0.1993284894912016,0.0,0.0092356680306758,0.0182361758276608,0.9715828747237554
347,102,1e9da71c70d41927,nodule,on,0.1993284894912016,0.0,0.0141659797629679,0.0279361510576142,0.5396225326819343
348,109,beec2434ff624b6b,nodule,off,0.2035485773041143,0.0,0.0675270775897216,0.1247783908853777,0.6627435105307576
348,109,beec2434ff624b6b,nodule,on,0.2035485773041143,0.0,0.0554837764303565,0.105128433534872,0.1182818507404113
349,110,53bf9055496e7700,nodule,off,0.1825261075293968,0.0,0.0013908783081927,0.0027686238245079,0.4803085296926806
349,110,53bf9055496e7700,nodule,on,0.1825261075293968,0.0,0.0020837011443083,0.0041586115775652,-0.2860440329235937
350,119,4b8172a7de453a27,nodule,off,0.1759084640537208,0.0,0.0690638276685321,0.1291671571171628,1.7073550926840158
350,119,4b8172a7de453a27,nodule,on,0.1759084640537208,0.0,0.0635156886172707,0.1194446176339111,2.042577330800244
351,122,388ba4ddcba88c63,nodule,off,0.1757379062321828,0.0,0.0575370982935092,0.1087295802874156,0.8961994736760633
351,122,388ba4ddcba88c63,nodule,on,0.1757379062321828,0.0,0.063825623523142,0.1199926000608297,0.6618451114292828
352,135,fcbe7d0e9937ca08,nodule,off,0.1902060825792241,0.0,0.0289730306391086,0.0560284373573107,1.5681255225143564
352,135,fcbe7d0e9937ca08,nodule,on,0.1902060825792241,0.0,0.0309557027125412,0.060052162845529,2.148038709398316
353,152,62eb41a49c59044c,nodule,off,0.1801285518666335,0.0,0.0,0.0,0.1311012849867982
353,152,62eb41a49c59044c,nodule,on,0.1801285518666335,0.0,0.0,0.0,-0.4794817343076651
354,160,9f3085bc1714fbfc,nodule,off,0.2017065528315035,1.0,0.2320196487775256,0.3763032397028639,0.8073539869664568
354,160,9f3085bc1714fbfc,nodule,on,0.2017065528315035,1.0,0.2352617554882206,0.3809090276012458,0.5580759560484282
355,179,af8b609a0d8420b6,nodule,off,0.1920773455355272,0.0,0.0,0.0,-0.0121720297966903
355,179,af8b609a0d8420b6,nodule,on,0.1920773455355272,0.0,0.0,0.0,-0.4980245800650735
356,181,46d32bdb4e0bfc6d,nodule,off,0.1943482011022908,0.0,0.0116549761213139,0.0228379084228367,0.3524933618541825
356,181,46d32bdb4e0bfc6d,nodule,on,0.1943482011022908,0.0,0.0095729733042803,0.0189637714474724,-0.211130904004857
357,188,178af366c915dc33,nodule,off,0.1818682416463215,0.0,0.0,0.0,-0.9491183812763332
357,188,178af366c915dc33,nodule,on,0.1818682416463215,0.0,0.0,0.0,-0.4890251586881158
358,194,1547ed2ca0dc7cf8,nodule,off,0.1808741332007855,0.0,0.0592124131377875,0.1116143742190084,1.4471748258109685
358,194,1547ed2ca0dc7cf8,nodule,on,0.1808741332007855,0.0,0.0697430728999995,0.1303921355506901,1.906165436766997
359,202,311cae76649c299c,nodule,off,0.2014092949139657,0.0,0.0011665645560796,0.0023240937412304,0.4074363030336596
359,202,311cae76649c299c,nodule,on,0.2014092949139657,0.0,0.0,0.0,-0.5157489189645997
360,203,7b3442fcfa554b56,nodule,off,0.1917849606986048,0.0,0.0838243107862991,0.1537891489245705,0.4043228530977371
360,203,7b3442fcfa554b56,nodule,on,0.1917849606986048,0.0,0.0776418061032848,0.1440908897991283,0.1569325563719971
361,208,fa45a0c99089f06d,nodule,off,0.1901476056118396,1.0,0.1977585636336197,0.3285697661789989,2.133816817774186
361,208,fa45a0c99089f06d,nodule,on,0.1901476056118396,1.0,0.1655535212463368,0.2840738328527826,2.3034973811335666
362,212,4a2cc7f50a322c9b,nodule,off,0.1819803225004751,1.0,0.0707747714462448,0.13158167867712,2.62042751556153
362,212,4a2cc7f50a322c9b,nodule,on,0.1819803225004751,1.0,0.0516048274781586,0.0981443732927265,2.2225234645901204
363,225,f6618661e9c11ab9,nodule,off,0.1868387838740016,0.0,0.0,0.0,-0.392767034649971
363,225,f6618661e9c11ab9,nodule,on,0.1868387838740016,0.0,0.0,0.0,-0.5127310802862507
364,226,dc3b1a2842b5bde9,nodule,off,0.1863124911675414,0.0,0.0051965484122582,0.0102999108459339,1.1818277943341249
364,226,dc3b1a2842b5bde9,nodule,on,0.1863124911675414,0.0,0.0103944834556286,0.0205750606127965,1.5048059329354544
365,231,e6a6edb9671f4997,nodule,off,0.1935490158813697,0.0,0.0196769094365766,0.0384279098666619,0.8730419967145613
365,231,e6a6edb9671f4997,nodule,on,0.1935490158813697,0.0,0.0175476321076279,0.0344896117339302,0.3387943863071803
366,237,1a56067563f9d98b,nodule,off,0.1977934690973593,0.0,0.1902796130332771,0.3195352553742794,1.3323886108479368
366,237,1a56067563f9d98b,nodule,on,0.1977934690973593,0.0,0.1961751088859141,0.3280035240759135,0.9804549569396964
367,243,7fd1d6abc4eb09b7,nodule,off,0.179153935743559,0.0,0.0,0.0,-0.8994733279122764
367,243,7fd1d6abc4eb09b7,nodule,on,0.179153935743559,0.0,0.0,0.0,-0.4784400100881477
368,244,10dd1cccf6713426,nodule,off,0.179153935743559,0.0,0.0002118154509743,0.0004231827187566,-0.441666695696132
368,244,10dd1cccf6713426,nodule,on,0.179153935743559,0.0,0.0,0.0,-0.4881283732367317
369,245,a4ca156bdc6f1e50,nodule,off,0.211077486854865,0.0,0.0,0.0,-0.1397874974449791
369,245,a4ca156bdc6f1e50,nodule,on,0.211077486854865,0.0,0.0,0.0,-0.5296954299731769
370,278,e49b9f94ea41c15c,nodule,off,0.2002982325336608,0.0,0.0,0.0,-0.9289984041087456
370,278,e49b9f94ea41c15c,nodule,on,0.2002982325336608,0.0,0.0,0.0,-0.5150367495140571
371,287,a434b5c1c1c293b7,nodule,off,0.1966775336364389,0.0,0.0009431502856502,0.0018786976639029,0.3509824969051736
371,287,a434b5c1c1c293b7,nodule,on,0.1966775336364389,0.0,0.0003976094327606,0.0007948586108765,-0.4436021142648914
372,299,f9333b96ded07222,nodule,off,0.2002446286468917,0.0,0.0,0.0,-0.0176450232935972
372,299,f9333b96ded07222,nodule,on,0.2002446286468917,0.0,0.0,0.0,-0.51388091362569
373,300,cb476906290891fc,nodule,off,0.2002446286468917,0.0,0.0047307625001691,0.0093934122715262,0.2853377864589128
373,300,cb476906290891fc,nodule,on,0.2002446286468917,0.0,0.0073206661256455,0.0145348976635219,0.01325740242448
374,304,454c77ff1a863eb0,nodule,off,0.171712741643885,1.0,0.1682282979272416,0.2855197007258438,2.3273356142089363
374,304,454c77ff1a863eb0,nodule,on,0.171712741643885,1.0,0.1255207608379192,0.2230412187040114,2.407179360187942
375,317,79b3a198942ba36e,nodule,off,0.1841439702937005,0.0,0.0,0.0,-0.1096969224312741
375,317,79b3a198942ba36e,nodule,on,0.1841439702937005,0.0,0.0,0.0,-0.4942095762609917
376,332,4616b3605893256b,nodule,off,0.1829939232684726,0.0,0.0576668196131874,0.108157731442966,0.6475640722700838
376,332,4616b3605893256b,nodule,on,0.1829939232684726,0.0,0.0603663095015151,0.1138578379970888,0.1849800832292688
377,341,4760706a91f4d806,nodule,off,0.18027961736571,0.0,0.0,0.0,-0.8458620947294593
377,341,4760706a91f4d806,nodule,on,0.18027961736571,0.0,0.0,0.0,-0.479634157984389
378,345,5c7d19c41a7a931a,nodule,off,0.2139379851760887,1.0,0.2007265596550499,0.3342126201670626,0.8014840398854484
378,345,5c7d19c41a7a931a,nodule,on,0.2139379851760887,1.0,0.1936622556476238,0.3244837807827965,0.4435285190020181
379,353,baba146980179c15,nodule,off,0.1798897709164802,0.0,0.0,0.0,-0.7646031348921116
379,353,baba146980179c15,nodule,on,0.1798897709164802,0.0,0.0,0.0,-0.4844498098264747
380,354,1ba64d275eacfef0,nodule,off,0.1798897709164802,0.0,0.0,0.0,-0.8092514553159246
380,354,1ba64d275eacfef0,nodule,on,0.1798897709164802,0.0,0.0,0.0,-0.4842490239093622
381,369,bcc6697081a43ebb,nodule,off,0.1960781447207481,0.0,0.0144062991328565,0.0283730817927107,0.4860447874694647
381,369,bcc6697081a43ebb,nodule,on,0.1960781447207481,0.0,0.0115831622405491,0.0229010160885859,0.4473352523881088
382,375,2fe0944b4d020733,nodule,off,0.1975498150665906,1.0,0.1983984764391759,0.3287763375977078,2.24004807148498
382,375,2fe0944b4d020733,nodule,on,0.1975498150665906,1.0,0.1733436965532752,0.2954655415499526,2.26514628497422
383,385,903704ca004bf410,nodule,off,0.1861857910715417,0.0,0.0050274019824125,0.0099707093402004,0.6461825210157743
383,385,903704ca004bf410,nodule,on,0.1861857910715417,0.0,0.0096280756721288,0.0190724619836448,0.3818566583309783
384,392,cdd145559ca14b6a,nodule,off,0.1851332056586212,0.0,0.0,0.0,0.4658952035951417
384,392,cdd145559ca14b6a,nodule,on,0.1851332056586212,0.0,0.0,0.0,-0.4883472317401271
385,406,4ac5bdc88a2f8372,nodule,off,0.1876525883367688,1.0,0.3751421008448164,0.5388219565911896,1.426289487867864
385,406,4ac5bdc88a2f8372,nodule,on,0.1876525883367688,1.0,0.4392111419405013,0.6103364888981443,0.950637140838432
386,409,29b9cb23329cf7cd,nodule,off,0.1930909463035247,0.0,0.0,0.0,-0.8141499809889454
386,409,29b9cb23329cf7cd,nodule,on,0.1930909463035247,0.0,0.0,0.0,-0.5226382031597372
387,419,47f29da1a3e01ce1,nodule,off,0.194494393520752,0.0,0.0679433185888507,0.126869493870526,1.1558898985895607
387,419,47f29da1a3e01ce1,nodule,on,0.194494393520752,0.0,0.0724200513808625,0.1350580423334287,0.8616783814246991
388,427,cc9b83b25564404d,nodule,off,0.1978665653065898,0.0,0.0015458769890637,0.0030707165334479,0.4416825914126575
388,427,cc9b83b25564404d,nodule,on,0.1978665653065898,0.0,0.0,0.0,-0.5129434753077992
389,434,b49f828065841b72,nodule,off,0.2108045943404041,1.0,0.1301687371608574,0.2303479074371106,0.997630340713563
389,434,b49f828065841b72,nodule,on,0.2108045943404041,1.0,0.1297651934709424,0.2297206066327807,0.5836856189367311
390,439,4b0c1be6f2fa0ae1,nodule,off,0.1974426072930524,0.0,0.2063931446810103,0.3418843865690846,1.401310596795685
390,439,4b0c1be6f2fa0ae1,nodule,on,0.1974426072930524,0.0,0.2289007305795969,0.3725290884327158,1.318494382406366
391,440,6a7040fd2005b413,nodule,off,0.1772631804647944,0.0,0.0144070561384207,0.028366553811718,1.6599245839411048
391,440,6a7040fd2005b413,nodule,on,0.1772631804647944,0.0,0.0145981273706298,0.0287761329499493,2.213200486764465
392,455,80701ea912c38968,nodule,off,0.1878133999970761,0.0,0.0,0.0,-0.293868124230315
392,455,80701ea912c38968,nodule,on,0.1878133999970761,0.0,0.0,0.0,-0.4952080244280007
393,470,7a85d34d4d0f8e20,nodule,off,0.1837541238444707,0.0,0.0,0.0,-0.6027829076460619
393,470,7a85d34d4d0f8e20,nodule,on,0.1837541238444707,0.0,0.0,0.0,-0.487638675820428
394,472,ab41a0f8182d4bc1,nodule,off,0.1837541238444707,0.0,0.0,0.0,-0.5561458498116492
394,472,ab41a0f8182d4bc1,nodule,on,0.1837541238444707,0.0,0.0,0.0,-0.4880439982541293
395,477,d5c1d9f7a116dfae,nodule,off,0.1732770005214196,0.0,0.0076663863384297,0.0150981183158612,0.821645163825835
395,477,d5c1d9f7a116dfae,nodule,on,0.1732770005214196,0.0,0.0071790904652394,0.0142553678993175,0.140789611527515
396,488,08e40ded6a91cb4d,nodule,off,0.2097520089274837,0.0,0.0072676747319521,0.0143355910342078,-0.1454469985033168
396,488,08e40ded6a91cb4d,nodule,on,0.2097520089274837,0.0,0.0006225868799094,0.0012442731524537,-0.4762880829953637
397,499,792effd3029389fb,nodule,off,0.1933102349312164,0.0,0.0958150137824329,0.1739949034989599,2.0082600380067768
397,499,792effd3029389fb,nodule,on,0.1933102349312164,0.0,0.0834676588544117,0.1540734913323569,2.184277714048296
398,501,c353462c47a4a7ba,nodule,off,0.1998157975527389,0.0,0.0152544209873216,0.0297967214137012,0.4925944535526003
398,501,c353462c47a4a7ba,nodule,on,0.1998157975527389,0.0,0.0121994514214528,0.0241043308310046,-0.1818206738351734
399,521,84c18c7af86041aa,nodule,off,0.2293953968880507,0.0,0.0001142706456291,0.0002284107880172,-0.3025114606826901
399,521,84c18c7af86041aa,nodule,on,0.2293953968880507,0.0,0.0,0.0,-0.5658742205338937
400,528,36f0ee298e099997,nodule,off,0.188870858490612,0.0,0.0,0.0,0.2041594218532686
400,528,36f0ee298e099997,nodule,on,0.188870858490612,0.0,0.0,0.0,-0.494235303220062
401,13,33b179d6a89a32f1,pleural effusion,off,0.2027445190025778,0.0,0.1481905516262816,0.2578555688740903,0.3705515249030339
401,13,33b179d6a89a32f1,pleural effusion,on,0.2027445190025778,0.0,0.1513289224853203,0.2628764168536692,0.2072901821742455
402,21,3cf6ce745b74e09f,pleural effusion,off,0.204630401200727,0.0,0.1580564227076671,0.2722832355011071,0.0506762720765182
402,21,3cf6ce745b74e09f,pleural effusion,on,0.204630401200727,0.0,0.1554907745282519,0.2691320113006548,0.0961501599583244
403,34,69ee306d0de8bd2d,pleural effusion,off,0.1993918395392015,0.0,0.0865728319447793,0.1589023781591974,0.6095020731560828
403,34,69ee306d0de8bd2d,pleural effusion,on,0.1993918395392015,0.0,0.0866165901619319,0.1594233319363286,0.2531057460835579
404,43,e3f6aeb0d6419151,pleural effusion,off,0.1956493136265953,0.0,0.0856712568344347,0.156836194477628,0.2204309279300144
404,43,e3f6aeb0d6419151,pleural effusion,on,0.1956493136265953,0.0,0.1049478547829328,0.1899587994186823,0.09586131991959
405,44,01f421ac2c8b7f23,pleural effusion,off,0.1956493136265953,0.0,0.0051208366890114,0.0101213351682977,0.1537448233881066
405,44,01f421ac2c8b7f23,pleural effusion,on,0.1956493136265953,0.0,0.0084866365013511,0.0168300784718269,-0.3010365875564462
406,47,46b5f3f2fe8fa92d,pleural effusion,off,0.2047424820548806,0.0,0.0001723969684155,0.0003444969856513,-0.073406501315296
406,47,46b5f3f2fe8fa92d,pleural effusion,on,0.2047424820548806,0.0,0.0,0.0,-0.523425697250175
407,49,c637f6b6fbc52aa6,pleural effusion,off,0.2039335506727287,0.0,0.0699993132961402,0.1306629098670972,0.6416520630980936
407,49,c637f6b6fbc52aa6,pleural effusion,on,0.2039335506727287,0.0,0.0630680234180573,0.1186521555440904,0.2688528961923669
408,52,ed2c6c44cda73bc0,pleural effusion,off,0.2033731464019609,0.0,0.0,0.0,-0.6552431348606721
408,52,ed2c6c44cda73bc0,pleural effusion,on,0.2033731464019609,0.0,0.0,0.0,-0.5203894362220943
409,64,c0bc1579b347c146,pleural effusion,off,0.2055026826308787,0.0,0.005143657421671,0.0101916527856324,0.0802325012093564
409,64,c0bc1579b347c146,pleural effusion,on,0.2055026826308787,0.0,0.0031204281277599,0.0062212608352803,-0.3798637580358436
410,65,b54f6faaa57c06df,pleural effusion,off,0.1820436725484749,0.0,0.0115086669403665,0.022551802840565,0.5661818446382172
410,65,b54f6faaa57c06df,pleural effusion,on,0.1820436725484749,0.0,0.0247363033779545,0.0482780908690879,0.1810664458684005
411,69,066ed6260c2c0c26,pleural effusion,off,0.1871165494690778,0.0,0.0100384767963879,0.0197576911943688,0.1668713630219105
411,69,066ed6260c2c0c26,pleural effusion,on,0.1871165494690778,0.0,0.0133677358303474,0.0263824147919942,-0.1200102835494427
412,74,d931503c9db08a1a,pleural effusion,off,0.198914277638895,0.0,0.0138626511028064,0.0272636709486044,0.5104480244350953
412,74,d931503c9db08a1a,pleural effusion,on,0.198914277638895,0.0,0.0153320019677069,0.0302007769278218,0.1393908406625851
413,75,a044fc0e6f3f828e,pleural effusion,off,0.1829841771072418,1.0,0.1895789453604361,0.3175276153304968,0.7688535729568192
413,75,a044fc0e6f3f828e,pleural effusion,on,0.1829841771072418,1.0,0.201990534354541,0.3360871370082343,0.3391917837307434
414,77,242ca5c078093efe,pleural effusion,off,0.2017211720733496,0.0,0.0319098731898535,0.0608389484399095,-0.159579782104055
414,77,242ca5c078093efe,pleural effusion,on,0.2017211720733496,0.0,0.0553040205893224,0.1048100271163295,-0.1640803564677295
415,82,1eb9d327943618ba,pleural effusion,off,0.1913268911207598,1.0,0.1804302859000888,0.3038612651115371,0.3326929734164893
415,82,1eb9d327943618ba,pleural effusion,on,0.1913268911207598,1.0,0.1799003145122073,0.3049370418314401,0.1718405337174992
416,84,566c7b943e935e9b,pleural effusion,off,0.2050835976979567,0.0,0.2334398342422526,0.3767746385625624,0.7395104444874326
416,84,566c7b943e935e9b,pleural effusion,on,0.2050835976979567,0.0,0.2146989688898534,0.353496966256697,0.3484123350011937
417,104,8b726f2a1de4c3eb,pleural effusion,off,0.1941922625225989,0.0,0.0816647806371854,0.1508481432946698,0.8928602167615084
417,104,8b726f2a1de4c3eb,pleural effusion,on,0.1941922625225989,0.0,0.0882078176068745,0.1621154721080543,0.5116956055780381
418,106,21a6d0636b3a01d4,pleural effusion,off,0.1917508491342972,0.0,0.0890465693584803,0.1631444470688467,0.1979499769692098
418,106,21a6d0636b3a01d4,pleural effusion,on,0.1917508491342972,0.0,0.1011922849664185,0.1837860592044524,0.0513732758783753
419,117,61fa68c77304b149,pleural effusion,off,0.2149028551379325,0.0,0.0273617457250305,0.0531846821678724,0.6161359679701748
419,117,61fa68c77304b149,pleural effusion,on,0.2149028551379325,0.0,0.0238552662693189,0.0465987220005101,0.1434872036261896
420,118,c79c49fa0c554cf5,pleural effusion,off,0.2149028551379325,0.0,0.0264496120706289,0.0514534633660338,0.6796858851858953
420,118,c79c49fa0c554cf5,pleural effusion,on,0.2149028551379325,0.0,0.0229251759436781,0.0448226056422796,0.1798487258710805
421,120,63e108cb88ff486f,pleural effusion,off,0.1749241017694155,0.0,0.0029395565636551,0.0058357268185109,0.171609943109433
421,120,63e108cb88ff486f,pleural effusion,on,0.1749241017694155,0.0,0.0083794533743526,0.0166194063705668,-0.2078613005712668
422,121,b938250b4ece76c7,pleural effusion,off,0.1749241017694155,0.0,0.058782555168132,0.108849298470021,0.3598613940958561
422,121,b938250b4ece76c7,pleural effusion,on,0.1749241017694155,0.0,0.1037167666514679,0.1879379257154038,0.1387564637601695
423,125,e5935687805a3671,pleural effusion,off,0.1694711245608136,0.0,0.0914356077924174,0.1670255019891939,0.8189895504703351
423,125,e5935687805a3671,pleural effusion,on,0.1694711245608136,0.0,0.1139139046748089,0.2045290422552539,0.5344050949790121
424,129,d4a6c3cdf04fa92c,pleural effusion,off,0.2027493920831932,1.0,0.1880243708545371,0.3163289069353154,0.1190458632505191
424,129,d4a6c3cdf04fa92c,pleural effusion,on,0.2027493920831932,1.0,0.1847501209028612,0.3118798257163098,0.1580986614370317
425,138,06efafe7ba8a9f72,pleural effusion,off,0.2135042810013206,0.0,0.135495945622975,0.2385789475940153,0.6718134336132563
425,138,06efafe7ba8a9f72,pleural effusion,on,0.2135042810013206,0.0,0.133019187023686,0.2348046665654045,0.3601932750774647
426,140,ae9dbadf1fd84520,pleural effusion,off,0.2076858227465657,1.0,0.1712513132472768,0.2923479185868559,0.9478082466045116
426,140,ae9dbadf1fd84520,pleural effusion,on,0.2076858227465657,1.0,0.1702471057127766,0.2909589535095558,0.5520451148296042
427,150,a043d03d2cd28921,pleural effusion,off,0.185235540351544,0.0,0.0,0.0,-1.19778367615185
427,150,a043d03d2cd28921,pleural effusion,on,0.185235540351544,0.0,0.0,0.0,-0.5178281374397696
428,151,2a0cd17299cb83b4,pleural effusion,off,0.1942409933287526,0.0,0.1591366848860158,0.2744846224168816,1.067717945789677
428,151,2a0cd17299cb83b4,pleural effusion,on,0.1942409933287526,0.0,0.1644545231359367,0.2824574458083609,0.6992405187434265
429,156,3a384669c19c2dfb,pleural effusion,off,0.1942409933287526,0.0,0.0948236407759937,0.1721410942180988,0.3361780807370775
429,156,3a384669c19c2dfb,pleural effusion,on,0.1942409933287526,0.0,0.1109044431326762,0.1996628856672316,0.1112190427106759
430,164,2ca3b8f5c4485ed5,pleural effusion,off,0.1942653587318295,0.0,0.0145240402945006,0.0283879585941743,0.4470169222336905
430,164,2ca3b8f5c4485ed5,pleural effusion,on,0.1942653587318295,0.0,0.020979380387508,0.0410963279134313,-0.1081343391546969
431,173,f7eb8b41524d2051,pleural effusion,off,0.1685696046469696,0.0,0.2455007652656866,0.3941060830856165,1.3841679441726322
431,173,f7eb8b41524d2051,pleural effusion,on,0.1685696046469696,0.0,0.2515746938716865,0.4020128170388193,1.0949798317700707
432,174,f1cb59f606d0cbc1,pleural effusion,off,0.2139574774985502,0.0,0.0,0.0,-0.7604390299646152
432,174,f1cb59f606d0cbc1,pleural effusion,on,0.2139574774985502,0.0,0.0,0.0,-0.5709544257914879
433,183,b0001c5493fecdb9,pleural effusion,off,0.2080269383896417,1.0,0.1170813070995246,0.209595961542741,0.4065703731050069
433,183,b0001c5493fecdb9,pleural effusion,on,0.2080269383896417,1.0,0.1151502595245297,0.2065196144006013,0.2261726084785146
434,184,36daff27d00b22df,pleural effusion,off,0.2080269383896417,0.0,0.0570196976874346,0.1078830196511751,0.9597538536962168
434,184,36daff27d00b22df,pleural effusion,on,0.2080269383896417,0.0,0.0585581237287755,0.1106374883694304,0.6213679994437141
435,191,cf9720eb47d12024,pleural effusion,off,0.1884712658801514,0.0,0.0201114681698595,0.0392764561557594,0.411682127517032
435,191,cf9720eb47d12024,pleural effusion,on,0.1884712658801514,0.0,0.0289690864164682,0.056306864331264,0.0640001261432174
436,201,f5361e372d0ecacb,pleural effusion,off,0.186190664152157,0.0,0.0299204988862867,0.0561110949855433,-0.0895826116657404
436,201,f5361e372d0ecacb,pleural effusion,on,0.186190664152157,0.0,0.0545617185454867,0.1034723713770045,-0.2109286621719182
437,213,d5f1991994ffa543,pleural effusion,off,0.1754260290727989,0.0,0.0004918628608791,0.0009818298583421,-0.2813649461061976
437,213,d5f1991994ffa543,pleural effusion,on,0.1754260290727989,0.0,0.0012457833583038,0.0024884325106087,-0.4459173088587196
438,215,ab272e3e0f1c8bfc,pleural effusion,off,0.1754260290727989,0.0,0.0445372642964716,0.0851150778639131,0.1397424659155483
438,215,ab272e3e0f1c8bfc,pleural effusion,on,0.1754260290727989,0.0,0.0542594977861989,0.1029337342092929,0.0405070864969889
439,217,d499df8f16b53c58,pleural effusion,off,0.198222300191512,0.0,0.0026816763741281,0.0053232665218444,0.3546574794539033
439,217,d499df8f16b53c58,pleural effusion,on,0.198222300191512,0.0,0.0004781898124805,0.0009558700473698,-0.4497865372650803
440,218,72f351da77e93850,pleural effusion,off,0.198222300191512,0.0,0.0736609497681941,0.1368492051055719,0.4313796599488328
440,218,72f351da77e93850,pleural effusion,on,0.198222300191512,0.0,0.0765806726578411,0.1422657773032323,0.1532340520638665
441,219,b7474324e13b9f32,pleural effusion,off,0.2047814666998036,0.0,0.0790521248107051,0.1464012480411224,0.9801223075717688
441,219,b7474324e13b9f32,pleural effusion,on,0.2047814666998036,0.0,0.07809924971367,0.144882888423118,0.5259752301892692
442,224,3b50628e2520b822,pleural effusion,off,0.2007221905471982,0.0,0.0903660564669077,0.1645333264139221,0.5476534885556947
442,224,3b50628e2520b822,pleural effusion,on,0.2007221905471982,0.0,0.0952651853730477,0.1739555529344266,0.1303234627544222
443,227,6a5adc67bfa17890,pleural effusion,off,0.1963023064290552,0.0,0.0,0.0,-0.4198456536875619
443,227,6a5adc67bfa17890,pleural effusion,on,0.1963023064290552,0.0,0.0,0.0,-0.5090717853908051
444,234,100c1a9328dd1f51,pleural effusion,off,0.1736132430838803,0.0,0.0141829076735618,0.0278436563175437,1.0745560261537923
444,234,100c1a9328dd1f51,pleural effusion,on,0.1736132430838803,0.0,0.0253921714175201,0.0495267107044284,0.716755963030784
445,239,f1c6e7f21fa3a466,pleural effusion,off,0.2015018834456578,0.0,0.0,0.0,-0.2508912645403632
445,239,f1c6e7f21fa3a466,pleural effusion,on,0.2015018834456578,0.0,0.0,0.0,-0.5206826268740186
446,260,99bfa90d3dae1e59,pleural effusion,off,0.1881301502370753,0.0,0.1969772304378765,0.328261237524886,0.8807727141741214
446,260,99bfa90d3dae1e59,pleural effusion,on,0.1881301502370753,0.0,0.2151197511578041,0.3540703835410104,0.5933786563404981
447,264,6a4dc10a30094a14,pleural effusion,off,0.2051323285041104,0.0,0.1030258438157765,0.1851643102275495,0.0885436315373543
447,264,6a4dc10a30094a14,pleural effusion,on,0.2051323285041104,0.0,0.0890730977571105,0.1635720354110427,-0.1256721973071355
448,265,861a33bee0885f1c,pleural effusion,off,0.2064529333508764,1.0,0.180610987101059,0.3059098209514639,0.983006767029557
448,265,861a33bee0885f1c,pleural effusion,on,0.2064529333508764,1.0,0.1821973881807582,0.3082350340058664,0.6101503301740533
449,270,f5a62f43c6502a22,pleural effusion,off,0.2086653119502556,0.0,0.1410494853490362,0.2469862503880281,0.630369696151558
449,270,f5a62f43c6502a22,pleural effusion,on,0.2086653119502556,0.0,0.1357313166335946,0.2390195436974281,0.3131167935646189
450,272,0f338054cbddc18d,pleural effusion,off,0.198548796592742,0.0,0.0417356931156085,0.07971899431945,0.174308336957814
450,272,0f338054cbddc18d,pleural effusion,on,0.198548796592742,0.0,0.0439456702510834,0.0841905458793467,-0.0557893866709634
451,279,41b0dfbcc6ffd34f,pleural effusion,off,0.1954397711601343,0.0,0.2381636774448809,0.3828213853964569,0.9863690587648132
451,279,41b0dfbcc6ffd34f,pleural effusion,on,0.1954397711601343,0.0,0.2817033529616727,0.4395757731749082,0.6516297939978646
452,296,b059249baf253a5b,pleural effusion,off,0.2004492980327373,0.0,0.1310649617734445,0.2317202690691731,0.1146051021881668
452,296,b059249baf253a5b,pleural effusion,on,0.2004492980327373,0.0,0.1327620840006607,0.2344041307889674,0.1107187374196755
453,305,88aab495bd0b6f9f,pleural effusion,off,0.1899721747096862,0.0,0.0805322547714458,0.1489720725852628,0.8654056743761382
453,305,88aab495bd0b6f9f,pleural effusion,on,0.1899721747096862,0.0,0.0834169970949609,0.1539886312832101,0.4920672735399743
454,306,172d42c3c93ebae0,pleural effusion,off,0.1899721747096862,0.0,0.0268606338040115,0.0501412741717531,0.0023789369225076
454,306,172d42c3c93ebae0,pleural effusion,on,0.1899721747096862,0.0,0.0346139901309991,0.0668902247148185,-0.283485670951811
455,313,009e8fe5a96ddd29,pleural effusion,off,0.1919945031650658,1.0,0.2305856779384669,0.3727535320142338,0.7275630480863015
455,313,009e8fe5a96ddd29,pleural effusion,on,0.1919945031650658,1.0,0.2560881912126785,0.4077519824213992,0.4377950237008448
456,316,7625018c3b194ddd,pleural effusion,off,0.1897772514850713,0.0,0.0,0.0,0.0504791125930234
456,316,7625018c3b194ddd,pleural effusion,on,0.1897772514850713,0.0,0.0,0.0,-0.5009095167530715
457,326,5b9e69685ace7e42,pleural effusion,off,0.1968432183773616,0.0,0.0034173751227537,0.0067619000513092,0.3072147326407972
457,326,5b9e69685ace7e42,pleural effusion,on,0.1968432183773616,0.0,0.0011006429901499,0.0021986373662619,-0.4494211804854001
458,328,ebbc8cfb50c45f2b,pleural effusion,off,0.1968432183773616,0.0,0.0013483108063891,0.0026789576024181,0.0073234813622796
458,328,ebbc8cfb50c45f2b,pleural effusion,on,0.1968432183773616,0.0,0.0,0.0,-0.5212990433209201
459,340,c80af72c8149fb46,pleural effusion,off,0.1993820933779707,0.0,0.1562336488580658,0.2696236935130078,0.7100347204162079
459,340,c80af72c8149fb46,pleural effusion,on,0.1993820933779707,0.0,0.1544455397892657,0.2675651599289289,0.3326132922737307
460,348,c16f985adfcfefa6,pleural effusion,off,0.2013556910271966,0.0,0.0,0.0,-0.8589329707258407
460,348,c16f985adfcfefa6,pleural effusion,on,0.2013556910271966,0.0,0.0,0.0,-0.5209686361593489
461,351,5c85e33bace856bb,pleural effusion,off,0.2221881106579146,0.0,0.0007315532451429,0.0014583801593255,-0.0055707735665524
461,351,5c85e33bace856bb,pleural effusion,on,0.2221881106579146,0.0,0.0,0.0,-0.5512442362282638
462,361,b8e83400d937ef41,pleural effusion,off,0.1694516322383521,0.0,0.0206286297269957,0.0401867731606869,0.0908501006909503
462,361,b8e83400d937ef41,pleural effusion,on,0.1694516322383521,0.0,0.0325126368604162,0.0629774375139005,0.0727895623673477
463,372,6a124967bba4ce54,pleural effusion,off,0.2032659386284227,0.0,0.0,0.0,-0.4591019374469436
463,372,6a124967bba4ce54,pleural effusion,on,0.2032659386284227,0.0,0.0,0.0,-0.5230656403062529
464,376,24119440056eeeb0,pleural effusion,off,0.1823360573853973,0.0,0.0001232001232001,0.0002462485571373,0.3845145036638294
464,376,24119440056eeeb0,pleural effusion,on,0.1823360573853973,0.0,0.0004496424740283,0.0008988196398137,-0.4022754609286927
465,382,c05ea04a9307c6ab,pleural effusion,off,0.2012679755761199,0.0,0.0689670422799725,0.1285192056675665,0.1066256743057247
465,382,c05ea04a9307c6ab,pleural effusion,on,0.2012679755761199,0.0,0.0754101986312867,0.1402436655367824,-0.0337568634017766
466,388,d02107f98da98bee,pleural effusion,off,0.194874493808751,0.0,0.0168453251736114,0.0329305316010721,0.3500240744739831
466,388,d02107f98da98bee,pleural effusion,on,0.194874493808751,0.0,0.0160439754619473,0.0315808556917311,-0.0756038640843385
467,390,f60975acebc82c6f,pleural effusion,off,0.1881886272044598,0.0,0.0,0.0,-0.3255941958251322
467,390,f60975acebc82c6f,pleural effusion,on,0.1881886272044598,0.0,0.0,0.0,-0.4979640227033881
468,411,d718a4a2872bb6ba,pleural effusion,off,0.1891047663601499,0.0,0.0120763226368449,0.0236162012096269,0.462031549138321
468,411,d718a4a2872bb6ba,pleural effusion,on,0.1891047663601499,0.0,0.0142032621452084,0.028007906900383,-0.1232866767586674
469,412,35f682b105677496,pleural effusion,off,0.1891047663601499,0.0,0.065856095652094,0.1233263203199622,0.584937612190277
469,412,35f682b105677496,pleural effusion,on,0.1891047663601499,0.0,0.0706942491003319,0.1320526877645003,0.2462841788084031
470,425,4a37cb0788653f87,pleural effusion,off,0.19937234721674,0.0,0.1355637690778771,0.2379771158562475,0.204902144155663
470,425,4a37cb0788653f87,pleural effusion,on,0.19937234721674,0.0,0.1391043690092189,0.2442330916245961,0.0804073773997636
471,435,7897237d1e375fa8,pleural effusion,off,0.1639011934174427,1.0,0.4603157119955928,0.6302244612513679,1.699414261982347
471,435,7897237d1e375fa8,pleural effusion,on,0.1639011934174427,1.0,0.4349391874273571,0.6062087690060475,1.3866619828483424
472,438,c358b8f1e7cb26a4,pleural effusion,off,0.1789785048414056,0.0,0.099105180893084,0.1799168243689246,0.9987164952066252
472,438,c358b8f1e7cb26a4,pleural effusion,on,0.1789785048414056,0.0,0.1286890764724121,0.2280326892896404,0.6441427836512995
473,444,f4374a3608e7ac2b,pleural effusion,off,0.18466051683893,0.0,0.0005258701368153,0.001048982131745,0.0501980256579501
473,444,f4374a3608e7ac2b,pleural effusion,on,0.18466051683893,0.0,0.0006609950258184,0.0013210284236719,-0.4506198789878901
474,452,5d3691006fcd5c24,pleural effusion,off,0.1745098899171089,0.0,0.0122107506587329,0.0240395334790656,0.3808648590060175
474,452,5d3691006fcd5c24,pleural effusion,on,0.1745098899171089,0.0,0.0202451644281802,0.0396867015095533,0.0568070747474157
475,456,46cd9bb1b8d268c2,pleural effusion,off,0.2187867003883845,0.0,0.151836101979165,0.2630533875376324,0.3355236042059409
475,456,46cd9bb1b8d268c2,pleural effusion,on,0.2187867003883845,0.0,0.139634563210707,0.2450498593028209,0.1331415139931246
476,459,aac8cdfd294823cb,pleural effusion,off,0.2005126480807372,0.0,0.0927416828912596,0.1696570367866553,0.8696799362684952
476,459,aac8cdfd294823cb,pleural effusion,on,0.2005126480807372,0.0,0.0953945406502088,0.1741737610718072,0.5303233060460002
477,463,2ea44fd3c7b3fb51,pleural effusion,off,0.1937975429927537,0.0,0.0143898641617512,0.0279253501044699,0.3815374219014952
477,463,2ea44fd3c7b3fb51,pleural effusion,on,0.1937975429927537,0.0,0.0178380973814135,0.0350467157959001,-0.2274897940146002
478,471,29098ce1fe0abac3,pleural effusion,off,0.1932468848832166,0.0,0.0,0.0,-1.4586043135462787
478,471,29098ce1fe0abac3,pleural effusion,on,0.1932468848832166,0.0,0.0,0.0,-0.5055846941722025
479,486,4dcd0faee18f03ad,pleural effusion,off,0.1980712346924355,0.0,0.0615586738401167,0.1159144892272457,0.5352811892905391
479,486,4dcd0faee18f03ad,pleural effusion,on,0.1980712346924355,0.0,0.0583338495854679,0.1102368774050673,0.2076578080893136
480,489,ac749d95bee079fc,pleural effusion,off,0.1829257001398574,0.0,0.0253930905874584,0.0492355169637224,0.3127526973564725
480,489,ac749d95bee079fc,pleural effusion,on,0.1829257001398574,0.0,0.0385311922791765,0.0742020907673628,-0.0563509660735166
481,495,e834a84e7179d95c,pleural effusion,off,0.2002007709213533,1.0,0.3252136127943585,0.490745288957097,1.2410014026332623
481,495,e834a84e7179d95c,pleural effusion,on,0.2002007709213533,1.0,0.3278247237091844,0.493776990057922,0.8570432915176315
482,498,58e8f400ed4fe605,pleural effusion,off,0.2003713287428914,0.0,0.0,0.0,-0.5239287669336535
482,498,58e8f400ed4fe605,pleural effusion,on,0.2003713287428914,0.0,0.0,0.0,-0.5186287873214774
483,500,1cb41e099a7d442d,pleural effusion,off,0.174407555224186,0.0,0.0,0.0,-0.1246506803462516
483,500,1cb41e099a7d442d,pleural effusion,on,0.174407555224186,0.0,0.0,0.0,-0.4775223755465919
484,508,e3709cfb45e658ba,pleural effusion,off,0.1869898493730781,0.0,0.0190121635436586,0.037170067237704,0.5517178639044028
484,508,e3709cfb45e658ba,pleural effusion,on,0.1869898493730781,0.0,0.0244539861417071,0.0477404560532011,0.2325356112247817
485,510,bf0437290069d1b0,pleural effusion,off,0.2111505830640956,0.0,0.0339951470306516,0.0654486872386983,0.3994550018201184
485,510,bf0437290069d1b0,pleural effusion,on,0.2111505830640956,0.0,0.0313890177671258,0.0608667489386097,-0.0514453471281152
486,524,bea3af175d3d0cd2,pleural effusion,off,0.1979347884352051,0.0,0.0760864270818204,0.1410484470843711,0.411201010330894
486,524,bea3af175d3d0cd2,pleural effusion,on,0.1979347884352051,0.0,0.082758414136139,0.1528652112027885,0.1316237476093786
487,525,5e4f459912b0e161,pleural effusion,off,0.1979347884352051,0.0,0.0881267672986838,0.1617604172389632,0.7597372446058972
487,525,5e4f459912b0e161,pleural effusion,on,0.1979347884352051,0.0,0.0934158166063658,0.1708692849598067,0.3699906203153666
488,1,afa00eaadc32bf1b,pleural thickening,off,0.2049032937151879,0.0,0.0,0.0,-0.5785597601932804
488,1,afa00eaadc32bf1b,pleural thickening,on,0.2049032937151879,0.0,0.0,0.0,-0.5232346053489783
489,3,98f03635c961630f,pleural thickening,off,0.1754114098309528,0.0,0.0028037514033332,0.0055513962517774,0.2092636951858953
489,3,98f03635c961630f,pleural thickening,on,0.1754114098309528,0.0,0.0055852666410166,0.011107742150014,-0.3464371403001382
490,37,b724ea6434c71097,pleural thickening,off,0.1654069753275928,0.0,0.0026340478237775,0.0052153160195324,-0.2705383207857608
490,37,b724ea6434c71097,pleural thickening,on,0.1654069753275928,0.0,0.0131446367144589,0.0259470182465864,-0.3568517377885178
491,38,9852a11a8db8c08d,pleural thickening,off,0.1905277058998387,0.0,0.0,0.0,-0.5524180715043258
491,38,9852a11a8db8c08d,pleural thickening,on,0.1905277058998387,0.0,0.0,0.0,-0.5202602561370878
492,60,90bedd88fee05974,pleural thickening,off,0.2193519777397677,0.0,0.0,0.0,-0.5784309319955867
492,60,90bedd88fee05974,pleural thickening,on,0.2193519777397677,0.0,0.0,0.0,-0.5497080501754783
493,80,f27d0623ad27d061,pleural thickening,off,0.1921504417447578,0.0,0.0,0.0,-0.6060284609126453
493,80,f27d0623ad27d061,pleural thickening,on,0.1921504417447578,0.0,0.0,0.0,-0.5003077458630584
494,92,2f70ccbbd805fd34,pleural thickening,off,0.1740372010974177,0.0,0.0,0.0,0.1199097757831272
494,92,2f70ccbbd805fd34,pleural thickening,on,0.1740372010974177,0.0,0.0,0.0,-0.4781210632292982
495,114,a4379da6806981ef,pleural thickening,off,0.1508608296907055,0.0,0.0,0.0,-0.0804772296549486
495,114,a4379da6806981ef,pleural thickening,on,0.1508608296907055,0.0,0.0,0.0,-0.4413902614954033
496,128,b5433ba64b0e525f,pleural thickening,off,0.1897723784044559,0.0,0.0,0.0,-0.7176995130444568
496,128,b5433ba64b0e525f,pleural thickening,on,0.1897723784044559,0.0,0.0,0.0,-0.5009800649959718
497,141,b6e3786ca16e5d0b,pleural thickening,off,0.1583556276771486,0.0,0.0,0.0,-0.043084183662019
497,141,b6e3786ca16e5d0b,pleural thickening,on,0.1583556276771486,0.0,0.0,0.0,-0.450144978155552
498,146,bbf49c1464082208,pleural thickening,off,0.1532047814666998,0.0,0.0,0.0,-0.6739444100027099
498,146,bbf49c1464082208,pleural thickening,on,0.1532047814666998,0.0,0.0,0.0,-0.4519641586537496
499,149,bd1e1e3213f30d74,pleural thickening,off,0.1826966653509349,0.0,0.0140132693982269,0.0276165915275367,0.706787687217586
499,149,bd1e1e3213f30d74,pleural thickening,on,0.1826966653509349,0.0,0.0131623706482867,0.0259826224879098,0.3278463382748536
500,158,2c30521979b0a2ea,pleural thickening,off,0.2029199499047312,0.0,0.0,0.0,-0.3426381105487439
500,158,2c30521979b0a2ea,pleural thickening,on,0.2029199499047312,0.0,0.0,0.0,-0.5330420900038606
501,171,19c89ed50a3f5796,pleural thickening,off,0.1757525254740289,0.0,0.0,0.0,-0.1391191200370179
501,171,19c89ed50a3f5796,pleural thickening,on,0.1757525254740289,0.0,0.0,0.0,-0.4744080705763865
502,178,252f7efe47fa6188,pleural thickening,off,0.1816635722604759,0.0,0.0,0.0,-0.1458643124997685
502,178,252f7efe47fa6188,pleural thickening,on,0.1816635722604759,0.0,0.0,0.0,-0.483789859991843
503,182,3af02da163e9e412,pleural thickening,off,0.1967603760069002,0.0,0.1596840181952586,0.2736217496265664,0.5532064878104528
503,182,3af02da163e9e412,pleural thickening,on,0.1967603760069002,0.0,0.1614448115139089,0.2780030391365932,0.2824922172169636
504,190,d7d08096469d872f,pleural thickening,off,0.2181288345053092,0.0,0.020226955843837,0.0392855212359275,0.3593930553438046
504,190,d7d08096469d872f,pleural thickening,on,0.2181288345053092,0.0,0.0045744967113908,0.0091066686885817,-0.3890497048016792
505,197,37c3f6c2a9c8b710,pleural thickening,off,0.2019453337816567,0.0,0.0261947676001083,0.0507049291999029,0.0316822231154035
505,197,37c3f6c2a9c8b710,pleural thickening,on,0.2019453337816567,0.0,0.0318728730655479,0.061776096710488,-0.1787669798518364
506,220,d5141885d31ea691,pleural thickening,off,0.2082316077754874,0.0,0.0,0.0,-0.3318836891775406
506,220,d5141885d31ea691,pleural thickening,on,0.2082316077754874,0.0,0.0,0.0,-0.5363055803220071
507,232,de408c679854aab2,pleural thickening,off,0.1701728481694272,0.0,0.0002680174747393,0.0005353175771526,0.2278285191710106
507,232,de408c679854aab2,pleural thickening,on,0.1701728481694272,0.0,0.0010187905595489,0.0020354089517287,-0.3792954203100009
508,238,d3821360a85a5e1c,pleural thickening,off,0.1895141051318412,0.0,0.0004820920977828,0.0009618656564052,0.3435252644630558
508,238,d3821360a85a5e1c,pleural thickening,on,0.1895141051318412,0.0,0.0001315867301139,0.0002631083639842,-0.4469417648597156
509,252,25e9744b21cac3c4,pleural thickening,off,0.195278959499827,0.0,0.0009001526721148,0.0017923181367962,-0.431216379060056
509,252,25e9744b21cac3c4,pleural thickening,on,0.195278959499827,0.0,0.0,0.0,-0.5261721991428349
510,269,bad386e3574a3d58,pleural thickening,off,0.1740225818555716,0.0,0.0,0.0,-0.4076902714700146
510,269,bad386e3574a3d58,pleural thickening,on,0.1740225818555716,0.0,0.0,0.0,-0.4747874933641573
511,293,79eac55aac8981d6,pleural thickening,off,0.1694565053189675,0.0,0.0,0.0,-0.8516100280389695
511,293,79eac55aac8981d6,pleural thickening,on,0.1694565053189675,0.0,0.0,0.0,-0.4910131190310041
512,338,b6972094364c75ff,pleural thickening,off,0.1720197457226535,0.0,0.0,0.0,-0.4437172516069766
512,338,b6972094364c75ff,pleural thickening,on,0.1720197457226535,0.0,0.0,0.0,-0.4688467807019607
513,343,48f16b8568f2c072,pleural thickening,off,0.1957029175133644,0.0,0.0,0.0,-0.6539737515911302
513,343,48f16b8568f2c072,pleural thickening,on,0.1957029175133644,0.0,0.0,0.0,-0.509753922800076
514,352,0e707aad753ae1f8,pleural thickening,off,0.1623954115072925,0.0,0.0003299183886091,0.000658750108347,-0.1691651660695856
514,352,0e707aad753ae1f8,pleural thickening,on,0.1623954115072925,0.0,7.29756848035763e-05,0.000145928573311,-0.4532758657225801
515,366,938fa8836653d1be,pleural thickening,off,0.193500285075216,0.0,0.0062944939012484,0.0123844466328476,-0.0780039556664291
515,366,938fa8836653d1be,pleural thickening,on,0.193500285075216,0.0,0.0,0.0,-0.5194005598413391
516,373,d86033ff9eb93d1f,pleural thickening,off,0.1843632589213923,0.0,0.1151393404906844,0.2045061623820009,0.5911576907839604
516,373,d86033ff9eb93d1f,pleural thickening,on,0.1843632589213923,0.0,0.137144274736018,0.2412040668595708,0.2190133820823427
517,386,51e438df88904e5f,pleural thickening,off,0.1845679283072379,0.0,0.0385767490695925,0.0736984369077311,0.7790752572129829
517,386,51e438df88904e5f,pleural thickening,on,0.1845679283072379,0.0,0.0594701591657531,0.112262986684458,0.418263266048746
518,397,17cdcca0c6de94f2,pleural thickening,off,0.1837638700057015,0.0,0.0,0.0,-0.784303797721096
518,397,17cdcca0c6de94f2,pleural thickening,on,0.1837638700057015,0.0,0.0,0.0,-0.495465071442808
519,408,c72d92ad39a4d241,pleural thickening,off,0.1873699496610772,0.0,0.0091941178081491,0.018012064036197,0.2679968540628173
519,408,c72d92ad39a4d241,pleural thickening,on,0.1873699496610772,0.0,0.0221523746188561,0.0433432575601792,-0.0990873361943068
520,431,bc9857f9c34b7ffa,pleural thickening,off,0.1836517891515479,1.0,0.2069276478901016,0.3397097864482897,0.7572071748130007
520,431,bc9857f9c34b7ffa,pleural thickening,on,0.1836517891515479,1.0,0.2545155369494796,0.4057510566383771,0.3637777881726463
521,442,a444535afc10ee60,pleural thickening,off,0.1972428109878221,0.0,0.0,0.0,0.0418722849975239
521,442,a444535afc10ee60,pleural thickening,on,0.1972428109878221,0.0,0.0,0.0,-0.5078768607053539
522,457,a1f55f4e2d064a69,pleural thickening,off,0.2233673961668348,0.0,0.0,0.0,-0.9578526495792592
522,457,a1f55f4e2d064a69,pleural thickening,on,0.2233673961668348,0.0,0.0,0.0,-0.5588586433188456
523,461,6db95ac0ab339c21,pleural thickening,off,0.1890560355539961,0.0,0.0,0.0,-0.488412221518668
523,461,6db95ac0ab339c21,pleural thickening,on,0.1890560355539961,0.0,0.0,0.0,-0.50300798056049
524,462,35ef78b4562f936d,pleural thickening,off,0.1988509275908951,0.0,0.0,0.0,-0.5284026582436134
524,462,35ef78b4562f936d,pleural thickening,on,0.1988509275908951,0.0,0.0,0.0,-0.5270231123979571
525,464,6e12baf437b8e995,pleural thickening,off,0.1801041864635566,1.0,0.5133524224352476,0.6763917438651121,1.8980529136337865
525,464,6e12baf437b8e995,pleural thickening,on,0.1801041864635566,1.0,0.5741892732631887,0.7295045144060542,1.5123201159168302
526,476,6a828656c7a22397,pleural thickening,off,0.1900988748056859,0.0,0.0593978823361169,0.1116125400590198,0.1792892442790568
526,476,6a828656c7a22397,pleural thickening,on,0.1900988748056859,0.0,0.0769100302686134,0.1428338238315145,-0.0008674433763455
527,490,29150e9ffbf9c5a0,pleural thickening,off,0.2263643407452889,0.0,0.0070279060203285,0.0138591880989736,-0.0881278238406629
527,490,29150e9ffbf9c5a0,pleural thickening,on,0.2263643407452889,0.0,0.000157639542773,0.0003151983137718,-0.5609578478387625
528,502,09688f49206e2887,pleural thickening,off,0.194533378165675,0.0,2.338770975852189e-05,4.67699503069278e-05,-0.0015222116517222
528,502,09688f49206e2887,pleural thickening,on,0.194533378165675,0.0,0.0,0.0,-0.5066563998946153
529,514,df69e3008bcd15b9,pleural thickening,off,0.1844802128561612,0.0,0.0,0.0,-0.3372623985899808
529,514,df69e3008bcd15b9,pleural thickening,on,0.1844802128561612,0.0,0.0,0.0,-0.5006163319732755
