idx,rank,pair_id,category,dhs,q,point,iou,dice,cnr
0,0,ccf54bcd24e260a2,alveolar pattern,off,0.1454224717239497,1.0,0.5532522808287874,0.7115696227911881,2.3729015483536786
0,0,ccf54bcd24e260a2,alveolar pattern,on,0.1454224717239497,1.0,0.4350636486315869,0.6062928994581664,2.664582177451301
1,6,985884ef56fc1bd4,alveolar pattern,off,0.1394529479701182,1.0,0.2668155659670137,0.4172043925007213,2.937588049366209
1,6,985884ef56fc1bd4,alveolar pattern,on,0.1394529479701182,1.0,0.1184419822389153,0.2117633736037558,2.804531271026527
2,9,199e69ccc49be76d,alveolar pattern,off,0.1677947848291254,1.0,0.3146153885911981,0.4758006796499053,2.178829444580377
2,9,199e69ccc49be76d,alveolar pattern,on,0.1677947848291254,1.0,0.2036875296571935,0.3384281516462683,2.572614163296832
3,33,77dd50b9c0471bf0,alveolar pattern,off,0.0928906626902328,1.0,0.3716978140304642,0.5382297062820477,1.2551904808902112
3,33,77dd50b9c0471bf0,alveolar pattern,on,0.0928906626902328,1.0,0.4615790741014637,0.6316166633079131,1.1661794302737614
4,48,a5ac519ee9edeeb2,alveolar pattern,off,0.1193173788673986,1.0,0.6517721783422219,0.788878467939188,3.0183927335541303
4,48,a5ac519ee9edeeb2,alveolar pattern,on,0.1193173788673986,1.0,0.4473227891873002,0.6181176221470934,3.664328926368908
5,72,cac35f19b4896262,alveolar pattern,off,0.154228128395928,1.0,0.3462883288276017,0.5131730988244649,2.003717883961221
5,72,cac35f19b4896262,alveolar pattern,on,0.154228128395928,1.0,0.2352983992979258,0.3809268930729831,1.941830186128287
6,83,a9c924550f7dbef7,alveolar pattern,off,0.1832132118961644,1.0,0.5509260721019832,0.7045431978602361,1.64086839491884
6,83,a9c924550f7dbef7,alveolar pattern,on,0.1832132118961644,1.0,0.53661918824852,0.6984238743866334,1.1356750570388796
7,87,5edf23c8792c14b7,alveolar pattern,off,0.1607678025817581,1.0,0.5013899448124224,0.6573942225219963,2.0244069307345174
7,87,5edf23c8792c14b7,alveolar pattern,on,0.1607678025817581,1.0,0.3904354923856716,0.5615384450170058,2.209925393632165
8,93,a188981b3ed526e3,alveolar pattern,off,0.1589988743183778,1.0,0.5535015307767667,0.7029174101334744,2.0845725694678694
8,93,a188981b3ed526e3,alveolar pattern,on,0.1589988743183778,1.0,0.7162485419498805,0.8346674126521144,2.0520201632953787
9,103,64d9172437438868,alveolar pattern,off,0.1505245871282448,1.0,0.4611417446487348,0.6311077937811154,2.340499317013624
9,103,64d9172437438868,alveolar pattern,on,0.1505245871282448,1.0,0.3634099999716062,0.5330743086310725,2.5912177012018
10,108,c03eafa9870883f7,alveolar pattern,off,0.1415727380378053,1.0,0.1659977010159425,0.2828757232885054,2.617260695206631
10,108,c03eafa9870883f7,alveolar pattern,on,0.1415727380378053,1.0,0.0893977612716785,0.1641185374696542,2.6743935373404524
11,112,9691f91b24d4dc49,alveolar pattern,off,0.1212373726298554,1.0,0.5734056435486091,0.7257973626287166,2.621845007615973
11,112,9691f91b24d4dc49,alveolar pattern,on,0.1212373726298554,1.0,0.6241221499500677,0.7685591571616325,3.616809223193473
12,126,25a454ef982d4a77,alveolar pattern,off,0.1246680213830777,1.0,0.293121039660889,0.4488108361234097,0.7953440649352354
12,126,25a454ef982d4a77,alveolar pattern,on,0.1246680213830777,1.0,0.3894887572296777,0.5606214998003171,0.8964615261221369
13,130,d8c7f0175a1d0c69,alveolar pattern,off,0.1170319040587888,1.0,0.2975633635513564,0.4536550842372033,1.2024118453904344
13,130,d8c7f0175a1d0c69,alveolar pattern,on,0.1170319040587888,1.0,0.4663492575788116,0.636057239456257,1.0088531872199429
14,131,752612af200cd226,alveolar pattern,off,0.1390874669239653,1.0,0.5294808894452643,0.6886596659457587,2.8834522150278445
14,131,752612af200cd226,alveolar pattern,on,0.1390874669239653,1.0,0.2789559153124729,0.4361869352690729,3.0575604258249496
15,136,aeef674719471a34,alveolar pattern,off,0.1558313719183856,0.0,0.38355104625489,0.5542358381045802,1.5056136134981972
15,136,aeef674719471a34,alveolar pattern,on,0.1558313719183856,0.0,0.345021339988828,0.5130334713633908,1.259310286275842
16,143,57097f629ce56b8d,alveolar pattern,off,0.1535410240291605,0.0,0.0,0.0,-0.6395013525940115
16,143,57097f629ce56b8d,alveolar pattern,on,0.1535410240291605,0.0,0.0,0.0,-0.4682313578688213
17,153,461d3abdb0059029,alveolar pattern,off,0.1625805885706767,1.0,0.3190842315404444,0.482779388659288,1.102128124515199
17,153,461d3abdb0059029,alveolar pattern,on,0.1625805885706767,1.0,0.2821948485373815,0.4401713323035703,1.037490224014449
18,193,5de02e6948fcbe29,alveolar pattern,off,0.1867461953423095,1.0,0.2164783774505857,0.3533628079790734,1.5217285224097288
18,193,5de02e6948fcbe29,alveolar pattern,on,0.1867461953423095,1.0,0.229656430318617,0.3735236332750113,1.3211093991955598
19,199,fc755cbf55712051,alveolar pattern,off,0.1530147313227002,1.0,0.3986048588598164,0.5680621673702185,2.0443124489117
19,199,fc755cbf55712051,alveolar pattern,on,0.1530147313227002,1.0,0.276682889334585,0.4334351800514603,1.913411339427421
20,222,e91f227ed7575144,alveolar pattern,off,0.1600319674088368,0.0,0.3092243578483614,0.4717508217415462,1.7565453227083134
20,222,e91f227ed7575144,alveolar pattern,on,0.1600319674088368,0.0,0.2544423545171598,0.4056582090882414,1.647442572694467
21,223,c7f14e4870b11bd2,alveolar pattern,off,0.1236787860181571,1.0,0.2169126828508794,0.3504646388175504,3.495775599287972
21,223,c7f14e4870b11bd2,alveolar pattern,on,0.1236787860181571,1.0,0.0832372294920621,0.1536773535413488,2.8812185252824025
22,253,69a583d5d50ece53,alveolar pattern,off,0.1296824213362961,1.0,0.4551055867083827,0.6189279954006899,1.7352104632724166
22,253,69a583d5d50ece53,alveolar pattern,on,0.1296824213362961,1.0,0.6613884433812471,0.7961854459900355,1.5769028040099478
23,271,75c190c8e407a0ec,alveolar pattern,off,0.1759961795047975,1.0,0.489606788460148,0.6513899312765493,1.7993571874452352
23,271,75c190c8e407a0ec,alveolar pattern,on,0.1759961795047975,1.0,0.6003619002383244,0.7502809919678939,1.362223319440095
24,289,9ed96b8997b4891a,alveolar pattern,off,0.0999809949856,1.0,0.661017042955745,0.7902060659031224,2.8585904320288416
24,289,9ed96b8997b4891a,alveolar pattern,on,0.0999809949856,1.0,0.4925032521265221,0.6599360357081263,3.9645355828863984
25,294,f8072c87034e48df,alveolar pattern,off,0.1778089654937161,1.0,0.5338437705244526,0.6945936051775929,1.5796025692508031
25,294,f8072c87034e48df,alveolar pattern,on,0.1778089654937161,1.0,0.5734749895549272,0.7289263242153614,1.3662248174513805
26,314,dcaa609134e79162,alveolar pattern,off,0.1583410084353025,1.0,0.1700955440583899,0.2761168271673465,0.9298025190742112
26,314,dcaa609134e79162,alveolar pattern,on,0.1583410084353025,1.0,0.3420426548987271,0.5096122867998403,0.7154519368832948
27,327,1b2c63d308f7428c,alveolar pattern,off,0.1613135876106798,1.0,0.5239610774064154,0.683772578349759,2.0213418629172786
27,327,1b2c63d308f7428c,alveolar pattern,on,0.1613135876106798,1.0,0.5867119098631212,0.7395305113673629,1.8033627044042004
28,339,1078017468e1d174,alveolar pattern,off,0.1716591377571159,1.0,0.4300888811975272,0.5976370976529506,1.4465649639200309
28,339,1078017468e1d174,alveolar pattern,on,0.1716591377571159,1.0,0.5002844909651663,0.666914439436286,1.0350826383458078
29,381,d1daa857e59f76de,alveolar pattern,off,0.1393262478741185,1.0,0.3377433543153322,0.5040922393196017,1.5612918406946148
29,381,d1daa857e59f76de,alveolar pattern,on,0.1393262478741185,1.0,0.3834777280386047,0.5543677490965769,1.255452634231859
30,387,868a4f2cb7300cde,alveolar pattern,off,0.1583263891934564,1.0,0.5189345439828555,0.6777459120415312,1.929830722816113
30,387,868a4f2cb7300cde,alveolar pattern,on,0.1583263891934564,1.0,0.605591035570316,0.7543524226969942,1.7085363159965508
31,400,59170f2348145e34,alveolar pattern,off,0.1704506137645035,1.0,0.2533506287454036,0.3970626515614063,1.4823235650520334
31,400,59170f2348145e34,alveolar pattern,on,0.1704506137645035,1.0,0.3619000653938101,0.5314273055963964,0.8078275713402561
32,410,dc378d8f41fb1f1e,alveolar pattern,off,0.1909175523490685,1.0,0.5800517783871616,0.7313674499422559,2.0732724955722395
32,410,dc378d8f41fb1f1e,alveolar pattern,on,0.1909175523490685,1.0,0.6457543758930768,0.7847508482834981,1.7029876688499488
33,426,e484f5f98f0c9752,alveolar pattern,off,0.1529806197583926,1.0,0.0957956909659187,0.1712580397525256,3.301412295783684
33,426,e484f5f98f0c9752,alveolar pattern,on,0.1529806197583926,1.0,0.0297194923004112,0.0577215803542472,2.5211919896948123
34,436,d889554187fddacc,alveolar pattern,off,0.1260276108747667,1.0,0.4847578547181639,0.64533982424375,2.0289129084986546
34,436,d889554187fddacc,alveolar pattern,on,0.1260276108747667,1.0,0.662449821122381,0.7969539411309744,1.993736112953908
35,447,0d5b377d638a93d1,alveolar pattern,off,0.1480052044500972,1.0,0.4877048292834646,0.6543662057977224,2.1014548478763
35,447,0d5b377d638a93d1,alveolar pattern,on,0.1480052044500972,1.0,0.4631908094857028,0.6331209282636074,2.0670757881192303
36,449,00fbfd1f9903998f,alveolar pattern,off,0.1457197296414874,1.0,0.176393654534911,0.2952414443513674,0.9855784530029686
36,449,00fbfd1f9903998f,alveolar pattern,on,0.1457197296414874,1.0,0.3659358612658527,0.5357907051251589,0.7732646001468114
37,473,a7ac899b88a10556,alveolar pattern,off,0.1368068651959709,1.0,0.1566741401012217,0.2696802563913075,0.3916221769337807
37,473,a7ac899b88a10556,alveolar pattern,on,0.1368068651959709,1.0,0.235834302125404,0.3816489821443718,0.4246443670531708
38,492,1c234f354df67ab3,alveolar pattern,off,0.1497059095848622,1.0,0.5491922181544032,0.7063298897549677,1.6641883902326595
38,492,1c234f354df67ab3,alveolar pattern,on,0.1497059095848622,1.0,0.6060610463805465,0.7547171724637047,1.5356171903592644
39,14,17ef4f68c1c49a9f,aortic elongation,off,0.1626488116992919,1.0,0.483333960630718,0.6460854762249444,2.1347752410699465
39,14,17ef4f68c1c49a9f,aortic elongation,on,0.1626488116992919,1.0,0.4987294726357024,0.6655243181883785,2.3958746931730484
40,22,fa3a19af60c0eaf1,aortic elongation,off,0.1569521804599213,1.0,0.5376342130282946,0.6928820410818751,2.054537085570315
40,22,fa3a19af60c0eaf1,aortic elongation,on,0.1569521804599213,1.0,0.5869333205255872,0.7397048268034043,1.9441806513283808
41,24,bfd5f6656b4678c1,aortic elongation,off,0.1587357279651477,1.0,0.4978672984589939,0.6627154552322997,2.075042557048228
41,24,bfd5f6656b4678c1,aortic elongation,on,0.1587357279651477,1.0,0.4141709913361933,0.5857199779776557,2.461047484607863
42,28,5f2f0b4c28987688,aortic elongation,off,0.1783498774420225,1.0,0.389342706646469,0.5586484923861205,1.4589036596394451
42,28,5f2f0b4c28987688,aortic elongation,on,0.1783498774420225,1.0,0.4223828841148951,0.5939083241216971,1.2232110281357482
43,31,e9625bd203f53a48,aortic elongation,off,0.1488433743159413,1.0,0.4418160375344353,0.6043963217584147,1.8427925277054749
43,31,e9625bd203f53a48,aortic elongation,on,0.1488433743159413,1.0,0.6627351220369571,0.7971614338305196,1.830787711573956
44,36,4da28936d6e2bece,aortic elongation,off,0.17903698180879,1.0,0.5658639018532403,0.7205305953118819,2.1363688882561287
44,36,4da28936d6e2bece,aortic elongation,on,0.17903698180879,1.0,0.568972680837381,0.7252301371620872,2.1809359466215104
45,41,19deb763c708d285,aortic elongation,off,0.1706601562309645,1.0,0.4379226707216577,0.5965699379112288,1.7665108436199193
45,41,19deb763c708d285,aortic elongation,on,0.1706601562309645,1.0,0.6159101969641186,0.7623058811092868,1.447336514318409
46,45,d40c7f5259a24598,aortic elongation,off,0.1552466022445409,1.0,0.5437618798236373,0.6945818239447357,2.2759394570647187
46,45,d40c7f5259a24598,aortic elongation,on,0.1552466022445409,1.0,0.6496513024911102,0.7876177332373813,2.51748096076212
47,54,cada1a2e8b3c3ab9,aortic elongation,off,0.1698073671232743,1.0,0.3898338497071593,0.5548038713450975,2.291676584764792
47,54,cada1a2e8b3c3ab9,aortic elongation,on,0.1698073671232743,1.0,0.2803475596019534,0.4379012368515197,2.57345294643668
48,59,3521c4cbb1034b4b,aortic elongation,off,0.1722341612697298,1.0,0.5249936150876333,0.6872974031615403,2.257121872592753
48,59,3521c4cbb1034b4b,aortic elongation,on,0.1722341612697298,1.0,0.5247107226300433,0.688255586234174,2.543318065460324
49,68,f48a6c960f0f31d0,aortic elongation,off,0.156216345287,1.0,0.4536112981727713,0.6193925980761824,2.04892943488106
49,68,f48a6c960f0f31d0,aortic elongation,on,0.156216345287,1.0,0.5063535131609791,0.6722852300486236,2.451228360753003
50,70,fed109739ed96c34,aortic elongation,off,0.1544474170236198,1.0,0.4792695710747643,0.6367000419680868,2.319450526969538
50,70,fed109739ed96c34,aortic elongation,on,0.1544474170236198,1.0,0.7668061173545186,0.8680134180415525,2.644536364579301
51,79,2597d1512ec90441,aortic elongation,off,0.1420551730187272,1.0,0.4472020913377581,0.6151134214285329,1.4993271619376898
51,79,2597d1512ec90441,aortic elongation,on,0.1420551730187272,1.0,0.5317168395099956,0.6942755443086716,1.2444376717351486
52,88,6db8c4ef4b75554d,aortic elongation,off,0.1345701211935149,1.0,0.6208500203112067,0.7642665844676676,2.3707538943762354
52,88,6db8c4ef4b75554d,aortic elongation,on,0.1345701211935149,1.0,0.5915099670145583,0.7433220702258061,2.4717036532179057
53,91,5ac36dced824d910,aortic elongation,off,0.1867218299392327,1.0,0.5337800367976948,0.6935828394143871,2.1564529746673355
53,91,5ac36dced824d910,aortic elongation,on,0.1867218299392327,1.0,0.4979157712172419,0.664789937366003,2.1683187634522305
54,97,46e2e197c942966c,aortic elongation,off,0.1714837068549625,1.0,0.5010757544749941,0.6670561473181926,1.9056423333685024
54,97,46e2e197c942966c,aortic elongation,on,0.1714837068549625,1.0,0.5153507391672101,0.6801720331865366,1.710701178609216
55,98,3957ad4026dfe112,aortic elongation,off,0.1734231929398808,0.0,0.1103837058962575,0.1986132087625746,1.4567019423436975
55,98,3957ad4026dfe112,aortic elongation,on,0.1734231929398808,0.0,0.1198669860357641,0.2140727877510682,1.5946740332219838
56,115,cbb83f9f17dd1c99,aortic elongation,off,0.1496669249399392,1.0,0.5233434862682607,0.6757567697419733,2.2437157723375383
56,115,cbb83f9f17dd1c99,aortic elongation,on,0.1496669249399392,1.0,0.5496366247900452,0.7093501599664421,2.4863615312468177
57,116,e1a2f29ccc110db4,aortic elongation,off,0.1573810115540741,1.0,0.5534231608595055,0.7072632641761132,2.129430793261625
57,116,e1a2f29ccc110db4,aortic elongation,on,0.1573810115540741,1.0,0.5900216327471958,0.7421234971517545,2.3340331053128653
58,132,f22151af3b3f2366,aortic elongation,off,0.1593351168808385,1.0,0.2903150867244447,0.4488239970536923,2.0664838339138654
58,132,f22151af3b3f2366,aortic elongation,on,0.1593351168808385,1.0,0.2408588294250386,0.3882091097257416,2.4156056377475084
59,137,cb65c58a6b14ee41,aortic elongation,off,0.1797679439010959,1.0,0.406760009394794,0.5689727816233947,1.7042817238127144
59,137,cb65c58a6b14ee41,aortic elongation,on,0.1797679439010959,1.0,0.5905201202242254,0.7425312330312757,1.3690203934757272
60,142,101df8794836549e,aortic elongation,off,0.1262468995024584,1.0,0.433912731511685,0.59957660060695,1.810324681169344
60,142,101df8794836549e,aortic elongation,on,0.1262468995024584,1.0,0.5586453142733829,0.7168304921207455,1.83421237881908
61,157,f4b3f50031c9ec61,aortic elongation,off,0.1540039666876209,1.0,0.3322053590879384,0.4862098091823502,1.8267887606415991
61,157,f4b3f50031c9ec61,aortic elongation,on,0.1540039666876209,1.0,0.657202997278162,0.7931455468440043,1.5443375212274086
62,161,4410bb1d2b0ea17f,aortic elongation,off,0.1711913220180401,1.0,0.4457532873185582,0.6157922012740794,1.6409101989279165
62,161,4410bb1d2b0ea17f,aortic elongation,on,0.1711913220180401,1.0,0.4848802585575377,0.6530888142040794,1.2858209713284174
63,165,2a152bea13130f22,aortic elongation,off,0.1749094825275694,1.0,0.3111774465338258,0.4652592659811428,1.2113095590955658
63,165,2a152bea13130f22,aortic elongation,on,0.1749094825275694,1.0,0.4548410431010353,0.6252793434722951,1.0815760778863373
64,168,23b3ccfd2a0fe4eb,aortic elongation,off,0.1687157970654308,1.0,0.4320773694285287,0.6027855281387293,2.051911768647327
64,168,23b3ccfd2a0fe4eb,aortic elongation,on,0.1687157970654308,1.0,0.4047699731938835,0.5762727403191484,2.3853305034346843
65,175,e8136a56fee26510,aortic elongation,off,0.1725996423158828,0.0,0.1074527243897649,0.1937588409283318,1.080009142657061
65,175,e8136a56fee26510,aortic elongation,on,0.1725996423158828,0.0,0.1167459477554714,0.2090821805678241,0.783301840946692
66,176,b287c43ee9bccb8b,aortic elongation,off,0.1496035748919394,1.0,0.5078153946608299,0.6655136205794816,1.9958860742864568
66,176,b287c43ee9bccb8b,aortic elongation,on,0.1496035748919394,1.0,0.6818002525975815,0.8107880155314909,2.1829322668595066
67,180,eeb67d234026f6f9,aortic elongation,off,0.157156849845767,1.0,0.5427324331357757,0.6960535839712703,2.3784116404318585
67,180,eeb67d234026f6f9,aortic elongation,on,0.157156849845767,1.0,0.5661279569797432,0.7229498747374057,3.097743336114464
68,186,0333891b0f71e1fb,aortic elongation,off,0.1645785516229795,1.0,0.5917260680218522,0.7416496299424609,2.420316601796333
68,186,0333891b0f71e1fb,aortic elongation,on,0.1645785516229795,1.0,0.5663083270470408,0.7230867124763392,2.691486210213744
69,216,f1e46cb81d878187,aortic elongation,off,0.1591401936562236,1.0,0.5731211511762343,0.7263577490492732,2.2145662178752668
69,216,f1e46cb81d878187,aortic elongation,on,0.1591401936562236,1.0,0.5375533576481922,0.6992216564597327,2.425555881638371
70,221,36e3930c195b1c39,aortic elongation,off,0.1777017577201779,1.0,0.4832709900241661,0.6488588064248625,2.2056477375975128
70,221,36e3930c195b1c39,aortic elongation,on,0.1777017577201779,1.0,0.4977210985667287,0.664632684903979,2.356647852835076
71,233,63bb0a08676392f3,aortic elongation,off,0.1423231924525727,1.0,0.4512213924688548,0.6208990856530404,2.1921109098322296
71,233,63bb0a08676392f3,aortic elongation,on,0.1423231924525727,1.0,0.4039067657513094,0.5753989970867068,2.315753341865054
72,235,dd4addda66584aeb,aortic elongation,off,0.1506561603048599,1.0,0.3634677619734806,0.5251857382399238,1.7407324951344052
72,235,dd4addda66584aeb,aortic elongation,on,0.1506561603048599,1.0,0.6417702773797236,0.7817904509426834,1.4588377607542056
73,240,db2b48fcaeaef282,aortic elongation,off,0.1257011144735367,1.0,0.599874627441548,0.7403679817198763,2.3122629314442067
73,240,db2b48fcaeaef282,aortic elongation,on,0.1257011144735367,1.0,0.7514575607467303,0.8580856047080683,2.827604531668316
74,241,909d9eee17f7ddd7,aortic elongation,off,0.163238454453752,1.0,0.3829150486463047,0.5449051736946936,1.5106893374220085
74,241,909d9eee17f7ddd7,aortic elongation,on,0.163238454453752,1.0,0.4992569849472446,0.6659921862978473,1.0569575895659944
75,248,4bd020cb73204921,aortic elongation,off,0.148565608720865,1.0,0.5203436176593172,0.6837278604048066,2.273474929147039
75,248,4bd020cb73204921,aortic elongation,on,0.148565608720865,1.0,0.5454705277567778,0.7058941965647569,2.19517529398831
76,250,fafc3cfe7014fa5d,aortic elongation,off,0.1696563016241977,1.0,0.4431507512315893,0.6081899903449641,1.8909291382864
76,250,fafc3cfe7014fa5d,aortic elongation,on,0.1696563016241977,1.0,0.5363041901048178,0.6981743793566071,1.9055413911351664
77,254,841cbc366556046e,aortic elongation,off,0.1556949256611552,1.0,0.4993835831952542,0.6577916852549957,2.0299062696714723
77,254,841cbc366556046e,aortic elongation,on,0.1556949256611552,1.0,0.6289263632950058,0.7721973515360924,1.972464407135758
78,255,0cc81d32d5350288,aortic elongation,off,0.1816586991798605,1.0,0.5206136993373714,0.6802475889956225,2.2553220689166915
78,255,0cc81d32d5350288,aortic elongation,on,0.1816586991798605,1.0,0.5498096460801958,0.7095172518517874,2.3955629651205896
79,257,01fe59eca0982fc7,aortic elongation,off,0.1488238819934798,1.0,0.5504674427423953,0.7028466497521297,2.093140170855649
79,257,01fe59eca0982fc7,aortic elongation,on,0.1488238819934798,1.0,0.6218994720527282,0.7668704266822421,2.069064060521133
80,263,426946625b31b4b6,aortic elongation,off,0.1719076648684999,1.0,0.4138759675108742,0.5852518999806492,1.6072539953776164
80,263,426946625b31b4b6,aortic elongation,on,0.1719076648684999,1.0,0.4197987300808337,0.5913486713065238,1.336707101606048
81,268,92d00ec883d9f857,aortic elongation,off,0.1543012246051586,1.0,0.5307287730274541,0.6913136265639144,2.1064966304425163
81,268,92d00ec883d9f857,aortic elongation,on,0.1543012246051586,1.0,0.4913208746640973,0.6588746127202116,2.3558742363462843
82,275,47046c3aec848d4d,aortic elongation,off,0.1699827980254277,1.0,0.466859481901751,0.6241164813584843,1.861616485261582
82,275,47046c3aec848d4d,aortic elongation,on,0.1699827980254277,1.0,0.61604329554406,0.7624077548327378,1.6799362526271835
83,281,5877943fcb6caedf,aortic elongation,off,0.1822385957730898,1.0,0.4306114886200362,0.595096852973198,2.3622299273429466
83,281,5877943fcb6caedf,aortic elongation,on,0.1822385957730898,1.0,0.3108402589208504,0.4742514907377776,2.605490414124722
84,284,354eff7de62cf564,aortic elongation,off,0.1450277521941045,1.0,0.5871457569455152,0.7324790817913245,2.0809886991518853
84,284,354eff7de62cf564,aortic elongation,on,0.1450277521941045,1.0,0.6530154744970693,0.7900718364763134,2.1483950257041493
85,285,fdd37ebb7c5238f3,aortic elongation,off,0.1622492190888314,1.0,0.4993883522816055,0.6644145274931776,2.033086359406313
85,285,fdd37ebb7c5238f3,aortic elongation,on,0.1622492190888314,1.0,0.539880339731995,0.7011950398457111,2.0210142875031694
86,288,bb507a0de0ae0301,aortic elongation,off,0.1351792562704364,1.0,0.5710671648191749,0.7201251700133074,2.479206811024304
86,288,bb507a0de0ae0301,aortic elongation,on,0.1351792562704364,1.0,0.7085349344646253,0.8293994250192351,3.272814952615384
87,290,7fb32bdbee67f55a,aortic elongation,off,0.1308227222002933,1.0,0.468071032104336,0.62924094710478,2.31867979579397
87,290,7fb32bdbee67f55a,aortic elongation,on,0.1308227222002933,1.0,0.6834814799966271,0.8119798206415083,3.052111334678049
88,301,27445e3a73bb12f2,aortic elongation,off,0.1487118011393262,1.0,0.5634583088719529,0.7148735078150916,2.228661541900512
88,301,27445e3a73bb12f2,aortic elongation,on,0.1487118011393262,1.0,0.7068233507295012,0.8282312250301667,2.5400375116597944
89,302,24b38217d36643ec,aortic elongation,off,0.1793878436130969,0.0,0.0222978182402972,0.0421281994633356,1.185780351089981
89,302,24b38217d36643ec,aortic elongation,on,0.1793878436130969,0.0,0.0763981742964336,0.1419504578164504,1.197658452819417
90,303,7fa41fd84372c5f0,aortic elongation,off,0.1687206701460462,1.0,0.3945636440582382,0.554824305939216,1.8815375459808317
90,303,7fa41fd84372c5f0,aortic elongation,on,0.1687206701460462,1.0,0.6688830224457649,0.8015828325326874,1.7393898721832162
91,307,786281fa2cbe27cb,aortic elongation,off,0.1834081351207793,1.0,0.4409302864686895,0.610414257308997,1.7444551799658583
91,307,786281fa2cbe27cb,aortic elongation,on,0.1834081351207793,1.0,0.4882373981255467,0.6561281002883999,1.2740655462043835
92,308,4fdbb59282082874,aortic elongation,off,0.1717468532081926,1.0,0.6117889978308862,0.7570767684172143,2.5488422166137195
92,308,4fdbb59282082874,aortic elongation,on,0.1717468532081926,1.0,0.635284258904412,0.7769673578933176,2.8224376051056868
93,309,6c7a5880b102eb17,aortic elongation,off,0.1533997046913147,1.0,0.5815907266191394,0.7321102333707448,2.5517218285813703
93,309,6c7a5880b102eb17,aortic elongation,on,0.1533997046913147,1.0,0.4509662212305442,0.621576215796091,2.861097419864556
94,319,ca5b06714e75e653,aortic elongation,off,0.1367922459541248,1.0,0.508367786151775,0.673302950167719,2.1854370418200846
94,319,ca5b06714e75e653,aortic elongation,on,0.1367922459541248,1.0,0.5085940272544573,0.6742607148529565,2.0666212808371327
95,321,ea6fcf47e434e5c0,aortic elongation,off,0.1704652330063496,1.0,0.4596091399449258,0.628721181118396,1.8287811184312253
95,321,ea6fcf47e434e5c0,aortic elongation,on,0.1704652330063496,1.0,0.4516213686005697,0.6222291299865651,1.6195604009594171
96,322,3cdc157fc57bca49,aortic elongation,off,0.1739446125657257,0.0,0.0939431835873504,0.1695600849271079,0.8487289854064556
96,322,3cdc157fc57bca49,aortic elongation,on,0.1739446125657257,0.0,0.1058849681243809,0.1914827567996732,0.3999584505790425
97,324,85b60300429551f4,aortic elongation,off,0.1548518827146957,1.0,0.5099301502797127,0.6736396729568482,2.368507299062446
97,324,85b60300429551f4,aortic elongation,on,0.1548518827146957,1.0,0.4570557634177978,0.6273282142559662,3.167637777250691
98,325,52cbe466021acbb9,aortic elongation,off,0.1484584009473268,1.0,0.3720942849213742,0.5360617910109315,1.7120787885862487
98,325,52cbe466021acbb9,aortic elongation,on,0.1484584009473268,1.0,0.5979252874524952,0.7483770019028293,1.5668530650344803
99,333,eeeffb588fcfb308,aortic elongation,off,0.1341023054544391,1.0,0.5234133637673297,0.6822064849906521,2.316577242701512
99,333,eeeffb588fcfb308,aortic elongation,on,0.1341023054544391,1.0,0.6088081436379131,0.7568372358178317,3.133829512295464
100,335,2443d208248bb60c,aortic elongation,off,0.1736912123737263,1.0,0.3695188829713449,0.5386846199053169,1.6791162234378851
100,335,2443d208248bb60c,aortic elongation,on,0.1736912123737263,1.0,0.348875120419661,0.517282017946654,1.638669255683646
101,342,80afe05797663080,aortic elongation,off,0.1562796953349999,1.0,0.4911245560805515,0.6530258335746516,2.0630608693929
101,342,80afe05797663080,aortic elongation,on,0.1562796953349999,1.0,0.5160129324040186,0.6807376244982589,2.1969790209008018
102,346,f4fbcd719489c025,aortic elongation,off,0.16406200507775,1.0,0.368258824613892,0.5277868925251926,1.6472109833418758
102,346,f4fbcd719489c025,aortic elongation,on,0.16406200507775,1.0,0.6214186709328781,0.7665109303982344,1.533908193355116
103,349,2508e1281c5e4861,aortic elongation,off,0.1278793815086083,1.0,0.5698227957407617,0.7257157726850328,2.228305932079291
103,349,2508e1281c5e4861,aortic elongation,on,0.1278793815086083,1.0,0.5249186256250363,0.688450985115468,2.3343520897967864
104,359,a6fb6eac39bcdb30,aortic elongation,off,0.2044549702985736,0.0,0.085376739272691,0.157199986624751,0.8058963432980463
104,359,a6fb6eac39bcdb30,aortic elongation,on,0.2044549702985736,0.0,0.0893051886001738,0.1639669306457668,0.5782292001130853
105,360,7d3a63dafaeb39ab,aortic elongation,off,0.1986901159305878,1.0,0.6146552877154604,0.7607040875202425,2.0924661115297742
105,360,7d3a63dafaeb39ab,aortic elongation,on,0.1986901159305878,1.0,0.6441808754253167,0.7835877314065728,1.8039036396349053
106,364,312ef254f0cefc84,aortic elongation,off,0.1672782382838959,1.0,0.5876537084598196,0.7352655545615031,2.4100609782666083
106,364,312ef254f0cefc84,aortic elongation,on,0.1672782382838959,1.0,0.5522545043918916,0.7115139818065683,2.644097060779688
107,365,ef4277bdd93833ac,aortic elongation,off,0.1440628822322607,1.0,0.5124549658887698,0.6713788945388346,2.0714768808483086
107,365,ef4277bdd93833ac,aortic elongation,on,0.1440628822322607,1.0,0.6273357353865968,0.7709943693065263,1.955760096846387
108,368,4eeb7e68dcafc52f,aortic elongation,off,0.164154593609442,1.0,0.5041255088074033,0.6628218637197307,2.0869287720016785
108,368,4eeb7e68dcafc52f,aortic elongation,on,0.164154593609442,1.0,0.6441812355743256,0.7835888415645693,2.038745079348344
109,370,2857a8c6c79fccc6,aortic elongation,off,0.1903279095946084,1.0,0.5092390238331026,0.6691941727554801,1.5416813330820656
109,370,2857a8c6c79fccc6,aortic elongation,on,0.1903279095946084,1.0,0.604317248335734,0.7533617132391065,1.5385252693000355
110,377,278df654823bf6ee,aortic elongation,off,0.1676485924106642,1.0,0.3978816718262086,0.5606726949304934,2.3807020775874053
110,377,278df654823bf6ee,aortic elongation,on,0.1676485924106642,1.0,0.3269838538257099,0.4927908548873915,2.644708886978827
111,378,6090c609713b7751,aortic elongation,off,0.1388438128931967,1.0,0.5940547144363859,0.7447264694792537,2.1986947145808213
111,378,6090c609713b7751,aortic elongation,on,0.1388438128931967,1.0,0.606104038645638,0.7547454732828719,2.2759790217016023
112,379,8ac8a6fe478e8bd6,aortic elongation,off,0.1560604067073081,1.0,0.3930119017309708,0.557122436123992,1.7273300562350968
112,379,8ac8a6fe478e8bd6,aortic elongation,on,0.1560604067073081,1.0,0.6200354203007056,0.7654586699771289,1.5100043406108743
113,384,5d38483f79af4b3e,aortic elongation,off,0.1524445808907016,1.0,0.602322298272655,0.7435544851810576,2.5901382269143216
113,384,5d38483f79af4b3e,aortic elongation,on,0.1524445808907016,1.0,0.5384892425994777,0.7000117335517991,3.1721241462172878
114,391,c4a5dd3178e7793b,aortic elongation,off,0.1380592469141217,1.0,0.5940068561996057,0.7441067174686845,2.631138345428094
114,391,c4a5dd3178e7793b,aortic elongation,on,0.1380592469141217,1.0,0.5582999180910752,0.7165378174687234,3.205870461743485
115,393,d1717dead5c93e5d,aortic elongation,off,0.1725850230740367,1.0,0.5316370458355012,0.6940496145966459,2.1169704868279093
115,393,d1717dead5c93e5d,aortic elongation,on,0.1725850230740367,1.0,0.520291049797106,0.6844608397764274,1.9642501819342568
116,395,6bc6af6646fd4f48,aortic elongation,off,0.1615133839159101,1.0,0.5513704782620119,0.7071168611850229,2.235998427449734
116,395,6bc6af6646fd4f48,aortic elongation,on,0.1615133839159101,1.0,0.6076449834313278,0.7559433137200634,2.4226035015493728
117,399,cbcf1d839de55224,aortic elongation,off,0.1898016168881481,1.0,0.4965985054340301,0.6591225464016636,2.110465527021665
117,399,cbcf1d839de55224,aortic elongation,on,0.1898016168881481,1.0,0.519587971872358,0.683848362418285,2.2103292202134046
118,404,601e9e006ca98961,aortic elongation,off,0.1569229419762291,1.0,0.654223978328051,0.7876464365300709,2.883098821361993
118,404,601e9e006ca98961,aortic elongation,on,0.1569229419762291,1.0,0.450276406557675,0.6209284922833752,3.2140591342098537
119,407,c4daa9055babb73c,aortic elongation,off,0.1565379686076146,1.0,0.619383034669654,0.7621508253016752,2.1154403650438383
119,407,c4daa9055babb73c,aortic elongation,on,0.1565379686076146,1.0,0.6137711465102405,0.7606537481945964,2.0373192351321934
120,413,346b10be7977b4eb,aortic elongation,off,0.1494963671184012,1.0,0.4021046936442057,0.5732070487974158,1.4488008754985042
120,413,346b10be7977b4eb,aortic elongation,on,0.1494963671184012,1.0,0.4053385278127639,0.576855140832014,1.2570023768558647
121,414,4327ee7e4bb44f73,aortic elongation,off,0.1771462265300254,1.0,0.4633829056756408,0.6272921133800006,2.023865202965207
121,414,4327ee7e4bb44f73,aortic elongation,on,0.1771462265300254,1.0,0.5493554478839421,0.7091327612695897,2.156839079697067
122,417,ed79f0a53e4dee1d,aortic elongation,off,0.1963364179933628,1.0,0.317519607311659,0.481412399829599,1.6765160209709005
122,417,ed79f0a53e4dee1d,aortic elongation,on,0.1963364179933628,1.0,0.3526474543113417,0.5214112898556676,1.682383428579855
123,420,57cd46aa138100c3,aortic elongation,off,0.1459731298334868,1.0,0.6721841419720354,0.8016081680612418,2.767523383835849
123,420,57cd46aa138100c3,aortic elongation,on,0.1459731298334868,1.0,0.4743533333191481,0.6434358335067476,3.399445050575745
124,422,6c279a1587eaca01,aortic elongation,off,0.1360661569424343,1.0,0.2298524220076515,0.3694589290870029,1.3070762110383811
124,422,6c279a1587eaca01,aortic elongation,on,0.1360661569424343,1.0,0.4898852658604393,0.6575735271600471,1.081067748366341
125,424,ce75e5a5db0bea48,aortic elongation,off,0.1458854143824101,1.0,0.5823211199327492,0.734700916420872,2.172463325094561
125,424,ce75e5a5db0bea48,aortic elongation,on,0.1458854143824101,1.0,0.5682542773426931,0.724689106723874,2.333679556737358
126,432,ee28fa034bce1fda,aortic elongation,off,0.152239911504856,1.0,0.6411636165995221,0.7782093128930685,2.9309237584307004
126,432,ee28fa034bce1fda,aortic elongation,on,0.152239911504856,1.0,0.4716597873899719,0.6409739225613932,3.3215767733209915
127,443,b3a2874f69846176,aortic elongation,off,0.1534630547393145,1.0,0.5330000180399922,0.6858389921963967,2.159127593388145
127,443,b3a2874f69846176,aortic elongation,on,0.1534630547393145,1.0,0.6387062646966416,0.7795246598287827,2.0307115625883
128,454,787a2bfc5a2331c8,aortic elongation,off,0.136402399504895,1.0,0.6598416572990942,0.7923292609345826,2.8304077781728743
128,454,787a2bfc5a2331c8,aortic elongation,on,0.136402399504895,1.0,0.5591251684159733,0.7172132788961607,3.576209339243956
129,458,3181b6357a7323cd,aortic elongation,off,0.167502399992203,1.0,0.614457858955576,0.7595227775727215,2.290001054996604
129,458,3181b6357a7323cd,aortic elongation,on,0.167502399992203,1.0,0.5478210122725797,0.7078322403823549,2.3728008564336416
130,460,606c0187fa81c5f2,aortic elongation,off,0.164520074655595,1.0,0.4540645216160662,0.6234596332256424,1.9634897103064053
130,460,606c0187fa81c5f2,aortic elongation,on,0.164520074655595,1.0,0.4055061381883978,0.5770217952030632,1.7681754013097222
131,467,9def6ee814e1821d,aortic elongation,off,0.1364511303110487,1.0,0.3563968175007497,0.5193869713599308,1.3729127583526894
131,467,9def6ee814e1821d,aortic elongation,on,0.1364511303110487,1.0,0.4965631921194638,0.6635956592876869,1.1242779684838091
132,468,afb6b1bd651be214,aortic elongation,off,0.1568206072833063,1.0,0.4901094709757599,0.6533680854524229,2.191604553811081
132,468,afb6b1bd651be214,aortic elongation,on,0.1568206072833063,1.0,0.559480932586045,0.7175142469587616,2.620013238295872
133,469,df31f174d30b0e6c,aortic elongation,off,0.1439702937005686,1.0,0.340678891509819,0.494512880101725,1.7774376084704964
133,469,df31f174d30b0e6c,aortic elongation,on,0.1439702937005686,1.0,0.6171805977677524,0.7632768209261018,1.7840203672344483
134,479,bd2d25b1e77db40d,aortic elongation,off,0.1665424031109746,1.0,0.2807735274706325,0.4357371373530403,1.3762621323365591
134,479,bd2d25b1e77db40d,aortic elongation,on,0.1665424031109746,1.0,0.3342427915881427,0.5010167629084606,0.9016430991095272
135,481,b55ee524bc14b7f1,aortic elongation,off,0.1627608925534455,0.0,0.300729909354708,0.4614163490309501,2.1865594639240293
135,481,b55ee524bc14b7f1,aortic elongation,on,0.1627608925534455,0.0,0.2739080984132006,0.4300213968226543,2.57167041673037
136,484,e330df2c116f57e3,aortic elongation,off,0.1402180216267317,1.0,0.3760955841523539,0.5416138433756238,1.509182400466767
136,484,e330df2c116f57e3,aortic elongation,on,0.1402180216267317,1.0,0.536355142337025,0.6982136352489373,1.442621523977995
137,485,8204907be397f49f,aortic elongation,off,0.1324941888513661,1.0,0.4439942699271132,0.6053788799241038,1.7301391334101963
137,485,8204907be397f49f,aortic elongation,on,0.1324941888513661,1.0,0.5851315185541954,0.7382737794767815,1.6402239043222386
138,493,91ea06de1b4bdda4,aortic elongation,off,0.1582630391454565,1.0,0.496247055700335,0.6540949457706258,1.9993242431931413
138,493,91ea06de1b4bdda4,aortic elongation,on,0.1582630391454565,1.0,0.6144300165744954,0.7611726212876954,1.8616697798643196
139,503,031e29dc2fe17f54,aortic elongation,off,0.1432783162531857,1.0,0.5016287717661002,0.6604185170297114,2.449387683281913
139,503,031e29dc2fe17f54,aortic elongation,on,0.1432783162531857,1.0,0.4816986125134407,0.6501449590782943,3.4327571553402034
140,512,f60ef73b4eada56b,aortic elongation,off,0.174904609446954,1.0,0.3932309352365426,0.5594048227821175,1.7596316939441123
140,512,f60ef73b4eada56b,aortic elongation,on,0.174904609446954,1.0,0.548168836666331,0.7081394987404223,1.2726446066083754
141,515,50792ee23b969714,aortic elongation,off,0.1595154208636073,1.0,0.6215252445656312,0.7652095595804836,2.816788236069081
141,515,50792ee23b969714,aortic elongation,on,0.1595154208636073,1.0,0.3950324009534718,0.5663148354317538,3.047857125000729
142,516,8f2fbdc225eeb4b7,aortic elongation,off,0.1407296950913459,1.0,0.4608113242862081,0.6288944855310893,1.895945493852488
142,516,8f2fbdc225eeb4b7,aortic elongation,on,0.1407296950913459,1.0,0.5272201998476707,0.6904289494104827,1.763694827176187
143,520,fa66ba62408f5bb3,aortic elongation,off,0.1497595134716313,1.0,0.5405087351872885,0.6968302806940921,1.9060171367053167
143,520,fa66ba62408f5bb3,aortic elongation,on,0.1497595134716313,1.0,0.6518094298964306,0.7892058713006544,1.5472118792201726
144,523,f97dbc0cf694169f,aortic elongation,off,0.1413534494101136,1.0,0.4092012255038949,0.5764755811384596,1.6548217211777645
144,523,f97dbc0cf694169f,aortic elongation,on,0.1413534494101136,1.0,0.5244018668633733,0.6880087313079551,1.2755924824249725
145,527,e4e74f812d6895b0,aortic elongation,off,0.1504661101608604,1.0,0.4721137001822507,0.6347199424558625,2.033569554672928
145,527,e4e74f812d6895b0,aortic elongation,on,0.1504661101608604,1.0,0.6289819544144082,0.772238902538627,1.9760137905654047
146,7,8e809b77e3a489ef,atelectasis,off,0.1257108606347674,1.0,0.4985749964682012,0.6642276046781186,1.9754768087598904
146,7,8e809b77e3a489ef,atelectasis,on,0.1257108606347674,1.0,0.513165439119429,0.678266406354495,2.107200253381281
147,11,6194b5ef08e1beaa,atelectasis,off,0.1257547183603058,0.0,0.1302928890958863,0.227391999438959,3.3077962799059635
147,11,6194b5ef08e1beaa,atelectasis,on,0.1257547183603058,0.0,0.051364522044291,0.0977072663258179,2.8265103882458225
148,15,8dde7c24f7c7854b,atelectasis,off,0.1688376240808151,1.0,0.113779790727349,0.1993983818215068,2.8365230132449524
148,15,8dde7c24f7c7854b,atelectasis,on,0.1688376240808151,1.0,0.0549392853031007,0.1041542073800846,2.371499721945592
149,19,c1fbe35407da1064,atelectasis,off,0.1726971039281903,1.0,0.1815894365184263,0.3063367108924202,1.0420913487886998
149,19,c1fbe35407da1064,atelectasis,on,0.1726971039281903,1.0,0.1862812973197653,0.3140536852147501,0.7096409909611927
150,20,7139216b1a7e91c5,atelectasis,off,0.1744416667884936,1.0,0.4431154166922113,0.611042895285612,1.522829097165046
150,20,7139216b1a7e91c5,atelectasis,on,0.1744416667884936,1.0,0.5066127163690433,0.672514789994232,1.0324369717763626
151,29,9eaa7389406cdcff,atelectasis,off,0.179114951098636,1.0,0.2917412416404396,0.4349711320258954,2.1699820609893026
151,29,9eaa7389406cdcff,atelectasis,on,0.179114951098636,1.0,0.2000803268323866,0.3334189792618114,2.4849061426976284
152,78,d93941381e90eacf,atelectasis,off,0.131314903342446,1.0,0.5679686687328742,0.7239412680364762,2.3762137905324883
152,78,d93941381e90eacf,atelectasis,on,0.131314903342446,1.0,0.3943159338862477,0.5655364809650839,3.0877109693664284
153,86,2d81d6b510b24601,atelectasis,off,0.1415581187959592,1.0,0.4040963102858155,0.5749800263019698,1.7903790530084966
153,86,2d81d6b510b24601,atelectasis,on,0.1415581187959592,1.0,0.292410996711925,0.4525021339735987,1.584348447049932
154,90,076d2d1b5d8cb69f,atelectasis,off,0.135749406702435,0.0,0.157714277072733,0.2720030324558727,1.854615500740572
154,90,076d2d1b5d8cb69f,atelectasis,on,0.135749406702435,0.0,0.1220384673278263,0.2175287974809189,1.8684061722934064
155,107,4569a1e88cb8719a,atelectasis,off,0.1431954738827244,1.0,0.3036692330920619,0.4641173120894032,1.2650138109005074
155,107,4569a1e88cb8719a,atelectasis,on,0.1431954738827244,1.0,0.3354629494811145,0.5023898380228138,0.8932514371545607
156,111,39af5dbb83f791bc,atelectasis,off,0.1862540142001569,1.0,0.0414044997828194,0.0787668428556426,2.3426948380504427
156,111,39af5dbb83f791bc,atelectasis,on,0.1862540142001569,1.0,0.0318039427945913,0.0616462000309755,2.230747520450595
157,127,149c31b9f0613a25,atelectasis,off,0.1214079304513934,1.0,0.525485959201624,0.6884150029585986,1.927164296557118
157,127,149c31b9f0613a25,atelectasis,on,0.1214079304513934,1.0,0.5047111860882426,0.6708259365258122,1.9645622948905477
158,134,2b4573785baf0a9b,atelectasis,off,0.1734426852623423,1.0,0.3719904453546883,0.5391934911969811,1.4075773915991143
158,134,2b4573785baf0a9b,atelectasis,on,0.1734426852623423,1.0,0.4534481467387922,0.6239618599991748,1.1466901882227083
159,145,5e6c67d898f729ed,atelectasis,off,0.0984849592366806,0.0,0.2519291288695147,0.4018915791055885,2.4358768207469312
159,145,5e6c67d898f729ed,atelectasis,on,0.0984849592366806,0.0,0.1588585853764072,0.2741485237860747,3.3959793703514585
160,147,78c800e6d13b76f5,atelectasis,off,0.1152922142791008,1.0,0.1679266965968466,0.2855092189853243,0.6024727146739481
160,147,78c800e6d13b76f5,atelectasis,on,0.1152922142791008,1.0,0.2872912522898147,0.4463379169251792,0.5965909954361966
161,148,4946f596d88523e4,atelectasis,off,0.1662159067097447,0.0,0.0359648456452558,0.0692676225066895,1.005420649233803
161,148,4946f596d88523e4,atelectasis,on,0.1662159067097447,0.0,0.0358537986708977,0.0692251014747564,0.5587240050146124
162,154,7b885a0d0f4df9bd,atelectasis,off,0.1724242114137294,1.0,0.4319302757895668,0.6010558830390049,1.724970322365739
162,154,7b885a0d0f4df9bd,atelectasis,on,0.1724242114137294,1.0,0.3550521870209463,0.5240370583503836,1.3570043631132986
163,159,071f871817e15b2f,atelectasis,off,0.1046152946508194,1.0,0.482233311347032,0.6466746613836853,1.7928642700324728
163,159,071f871817e15b2f,atelectasis,on,0.1046152946508194,1.0,0.3698934607926008,0.540003189718742,1.906693744180325
164,163,c995d00e2e8701bb,atelectasis,off,0.1864002066186181,0.0,0.0883672604101338,0.1616977703868817,1.5444308861983616
164,163,c995d00e2e8701bb,atelectasis,on,0.1864002066186181,0.0,0.0961024169005271,0.1753503221038185,1.873318788461175
165,167,bf60f0a2a4af7b86,atelectasis,off,0.1643933745595953,1.0,0.5071956312926054,0.647631332090044,2.4596306033126414
165,167,bf60f0a2a4af7b86,atelectasis,on,0.1643933745595953,1.0,0.1926798712105746,0.3230603786149104,2.660101580983524
166,170,3937f3c02599f03e,atelectasis,off,0.1897577591626098,1.0,0.2851663381961323,0.4392979266123483,1.3831225158927694
166,170,3937f3c02599f03e,atelectasis,on,0.1897577591626098,1.0,0.2640451180367175,0.4177608816578234,1.097270696679797
167,172,81573fb3980b14e5,atelectasis,off,0.1499398174544001,1.0,0.4966007960474792,0.6572647596955818,2.2930085131765154
167,172,81573fb3980b14e5,atelectasis,on,0.1499398174544001,1.0,0.3170625456521684,0.4814423881851032,2.4240315176996674
168,196,f7e942178d7ec4cd,atelectasis,off,0.1454224717239497,1.0,0.2961635754706213,0.4425442776734257,2.615506944613009
168,196,f7e942178d7ec4cd,atelectasis,on,0.1454224717239497,1.0,0.1550675141982389,0.2684642772754244,2.8004923352794906
169,200,1e9f434529b507c6,atelectasis,off,0.1809521024906315,1.0,0.5403807798039365,0.7009982754976042,1.7770205415969031
169,200,1e9f434529b507c6,atelectasis,on,0.1809521024906315,1.0,0.575615834996151,0.7306543524748607,1.4180053162075876
170,207,0517b51af4dfbcfe,atelectasis,off,0.1326355081892119,1.0,0.4840125115144903,0.6495594110549989,2.032762024504244
170,207,0517b51af4dfbcfe,atelectasis,on,0.1326355081892119,1.0,0.2645193939965758,0.4183469079920553,2.526060207821565
171,228,cd6197499a3c5daf,atelectasis,off,0.1410513184119605,1.0,0.3801858064177051,0.5356594781909026,2.6658380814508096
171,228,cd6197499a3c5daf,atelectasis,on,0.1410513184119605,1.0,0.1924000278446553,0.3226898482462285,2.856631119993509
172,258,a336d605250985d4,atelectasis,off,0.2193178661754601,0.0,0.111690140810347,0.200344590181384,1.718372595320257
172,258,a336d605250985d4,atelectasis,on,0.2193178661754601,0.0,0.128151166086966,0.227186017850911,2.038484858079334
173,267,c1d8efe52179079f,atelectasis,off,0.1595592785891457,1.0,0.6248647214828209,0.767653286043372,2.481404453222368
173,267,c1d8efe52179079f,atelectasis,on,0.1595592785891457,1.0,0.498902000036159,0.6656527522249138,2.9895055352579463
174,274,e6b32442a596c0fd,atelectasis,off,0.1632676929374442,1.0,0.216899767925796,0.3498964563975594,2.126005133366516
174,274,e6b32442a596c0fd,atelectasis,on,0.1632676929374442,1.0,0.1231997339866034,0.2193660703211153,2.00492394482211
175,292,964325708df1fe70,atelectasis,off,0.1944407896339829,1.0,0.2364879893542002,0.3764233655735032,2.064723059291562
175,292,964325708df1fe70,atelectasis,on,0.1944407896339829,1.0,0.1800297579401065,0.305120041938658,2.184184025891519
176,312,e1ef1a9ad7d81662,atelectasis,off,0.1827746346407808,1.0,0.5130709911964331,0.6728679489517612,1.8723610359799523
176,312,e1ef1a9ad7d81662,atelectasis,on,0.1827746346407808,1.0,0.4720593583769303,0.6413462430127592,1.9300920619200392
177,318,40c62c54dfec39c8,atelectasis,off,0.1321238347245978,1.0,0.1033424862699088,0.1859519620104854,3.356583953622173
177,318,40c62c54dfec39c8,atelectasis,on,0.1321238347245978,1.0,0.0266961127082361,0.0520016172809711,2.778648532182905
178,356,f94c06bd9718e97c,atelectasis,off,0.0980756204649893,1.0,0.6871525003773987,0.8125897183870485,2.9880277293915745
178,356,f94c06bd9718e97c,atelectasis,on,0.0980756204649893,1.0,0.379170566535466,0.5496247003069352,4.108871510987839
179,380,60775c6db17d7d7a,atelectasis,off,0.1641643397706728,1.0,0.1119611283280833,0.1958622177051824,2.54050470838299
179,380,60775c6db17d7d7a,atelectasis,on,0.1641643397706728,1.0,0.067805934593558,0.1269956349770102,2.423253262836489
180,383,73a711ad4a6993d8,atelectasis,off,0.1775896768660244,1.0,0.0934215314597682,0.1678982341074333,1.6989442859236874
180,383,73a711ad4a6993d8,atelectasis,on,0.1775896768660244,1.0,0.0744749113836749,0.1386231985659543,1.6593838049266656
181,403,309b2ec41b2dc6f2,atelectasis,off,0.1672051420746653,1.0,0.3667842101889538,0.5305283731142462,1.745594808919087
181,403,309b2ec41b2dc6f2,atelectasis,on,0.1672051420746653,1.0,0.1303524526464299,0.2306346750722905,1.4469378087546512
182,415,33c5edd30f2457cd,atelectasis,off,0.1330448469609032,1.0,0.2306017772640088,0.3746099782484617,1.1731578937565816
182,415,33c5edd30f2457cd,atelectasis,on,0.1330448469609032,1.0,0.2205318898579179,0.3613658816284527,1.095091561994237
183,421,f2c5b10688fc1c16,atelectasis,off,0.1296824213362961,1.0,0.4190062849092392,0.5845566164012672,2.2292288031441805
183,421,f2c5b10688fc1c16,atelectasis,on,0.1296824213362961,1.0,0.2009294970663279,0.334598246271828,2.6887505071213957
184,437,9d8ed0c90eba51ae,atelectasis,off,0.1093080712834232,1.0,0.4104522999863605,0.5728750805520708,1.332585211718788
184,437,9d8ed0c90eba51ae,atelectasis,on,0.1093080712834232,1.0,0.6219150474763808,0.7668795488891934,1.3810381546793729
185,446,3d7dc2d16d09f5be,atelectasis,off,0.1821167687577055,0.0,0.0857489074311896,0.1571823194247,0.4016831219871515
185,446,3d7dc2d16d09f5be,atelectasis,on,0.1821167687577055,0.0,0.0878910979121534,0.1615802986829171,0.3773226200763951
186,465,a989c250bb6e5f01,atelectasis,off,0.1607726756623735,1.0,0.137831359786573,0.2312403647098022,2.6426076249286963
186,465,a989c250bb6e5f01,atelectasis,on,0.1607726756623735,1.0,0.0581896620867121,0.1099724520333919,2.5224248869237025
187,466,89b5a9f5b49f6471,atelectasis,off,0.167619353926972,1.0,0.3029802719249578,0.4524775931021214,2.0675491958538657
187,466,89b5a9f5b49f6471,atelectasis,on,0.167619353926972,1.0,0.1717010804521552,0.2930579686084111,2.057792245368045
188,491,04a9cb03fde0219d,atelectasis,off,0.16406200507775,1.0,0.3658684777544154,0.535384233562165,1.5846452954735513
188,491,04a9cb03fde0219d,atelectasis,on,0.16406200507775,1.0,0.3876695533441595,0.5587329340150715,1.425515726198714
189,509,e374f94a32b3bd15,atelectasis,off,0.1793488589681739,1.0,0.0901616234874171,0.162739484279312,2.2147620395493743
189,509,e374f94a32b3bd15,atelectasis,on,0.1793488589681739,1.0,0.0721152964138514,0.1345269042974783,2.2770134580222634
190,513,0ae6e1d4c1336eec,atelectasis,off,0.1162570842409446,1.0,0.457480062453428,0.6266676445400216,2.180909103773808
190,513,0ae6e1d4c1336eec,atelectasis,on,0.1162570842409446,1.0,0.2467824391979773,0.3958428382114431,2.7511180995935063
191,518,40ea79f3caeb0477,atelectasis,off,0.1607775487429888,1.0,0.1637766099713821,0.2771031292057874,2.3305162829264003
191,518,40ea79f3caeb0477,atelectasis,on,0.1607775487429888,1.0,0.0780323838080235,0.1447646218561828,2.466205486940019
192,522,f28dfcb73be60946,atelectasis,off,0.1624782538777539,1.0,0.0529221903532492,0.0988595794599075,2.08541812662594
192,522,f28dfcb73be60946,atelectasis,on,0.1624782538777539,1.0,0.0447815017122578,0.0857200924521697,2.446867949432299
193,526,db3fe04ce1b8f893,atelectasis,off,0.1320020077092135,1.0,0.4186291584585684,0.5899160914740853,1.9862408336899844
193,526,db3fe04ce1b8f893,atelectasis,on,0.1320020077092135,1.0,0.3005809840613966,0.4621501750190123,2.0586894482158007
194,8,093950c25a37efe4,cardiomegaly,off,0.1517526034433187,1.0,0.3404084514859978,0.5018148818172701,1.2842099768908404
194,8,093950c25a37efe4,cardiomegaly,on,0.1517526034433187,1.0,0.4546851471693244,0.6251217621487154,1.0442178974005845
195,10,3e6de190da5a957a,cardiomegaly,off,0.1912781603146061,1.0,0.4133741719875702,0.5843492799732517,1.169724899820693
195,10,3e6de190da5a957a,cardiomegaly,on,0.1912781603146061,1.0,0.3904975738353167,0.5616646272493678,0.7811698565849517
196,12,96964da0020cd95f,cardiomegaly,off,0.216988533641312,0.0,0.2494994162617584,0.3984922293130123,0.8588390706010621
196,12,96964da0020cd95f,cardiomegaly,on,0.216988533641312,0.0,0.1921775026678014,0.3223955967933006,0.3740518645068829
197,25,47feecb0340b2bd4,cardiomegaly,off,0.1182160626483243,1.0,0.2323267751411641,0.3741583997383246,1.0108842041931982
197,25,47feecb0340b2bd4,cardiomegaly,on,0.1182160626483243,1.0,0.3622108275502859,0.5317935198030505,0.8563927474737086
198,27,c99a2a7dd0dd260f,cardiomegaly,off,0.1589647627540702,0.0,0.0698393356707867,0.1294676387645007,-0.4292650752780097
198,27,c99a2a7dd0dd260f,cardiomegaly,on,0.1589647627540702,0.0,0.019626752794457,0.0384950412494411,-0.3913188536027485
199,32,a70c06fbfcf2e58e,cardiomegaly,off,0.1485168779147113,1.0,0.297592815893163,0.4504622375175665,1.2030494650150196
199,32,a70c06fbfcf2e58e,cardiomegaly,on,0.1485168779147113,1.0,0.4436557937303922,0.6146275080303029,1.0632244371182602
200,39,ec65e2415a2938e7,cardiomegaly,off,0.1649635249915939,0.0,0.0357087004977762,0.0654747745438603,0.0364539166478558
200,39,ec65e2415a2938e7,cardiomegaly,on,0.1649635249915939,0.0,0.0259243229802056,0.050511109260621,-0.2479824752936131
201,42,c93ded9ee7245300,cardiomegaly,off,0.1680676773435863,1.0,0.3503541721479709,0.5147159806482196,1.093889303466666
201,42,c93ded9ee7245300,cardiomegaly,on,0.1680676773435863,1.0,0.4422708783447985,0.6132964637514424,0.9303257072741266
202,50,a5d9ac7f9423be90,cardiomegaly,off,0.1698268594457358,0.0,0.2395497621730706,0.3833091017500044,0.7175609256856362
202,50,a5d9ac7f9423be90,cardiomegaly,on,0.1698268594457358,0.0,0.1791068341657005,0.3036849626526824,0.3827197126932474
203,53,d7355520cf43cdff,cardiomegaly,off,0.1587454741263784,1.0,0.4311139791197064,0.5859604765384837,1.6839040742763511
203,53,d7355520cf43cdff,cardiomegaly,on,0.1587454741263784,1.0,0.6244045422332279,0.7687793301587682,1.4684453733762528
204,56,9415a340a0044764,cardiomegaly,off,0.1507341295947059,1.0,0.3937179061217934,0.5558828698997665,1.513026938836624
204,56,9415a340a0044764,cardiomegaly,on,0.1507341295947059,1.0,0.5349517357870325,0.6970272564310726,1.2293637381185205
205,61,088cc1d00621a300,cardiomegaly,off,0.1770780034014102,1.0,0.3210449535698815,0.4832372719651182,1.3441768337056552
205,61,088cc1d00621a300,cardiomegaly,on,0.1770780034014102,1.0,0.409234573266204,0.5807860526865917,0.9552274900286614
206,62,bebbf36be701621f,cardiomegaly,off,0.1747876555121851,1.0,0.3462296904708679,0.5040863914028131,1.5942794861772696
206,62,bebbf36be701621f,cardiomegaly,on,0.1747876555121851,1.0,0.5580894391569644,0.7163712595987356,1.1717092257099568
207,63,f8f084a045363fa5,cardiomegaly,off,0.1950937824364428,1.0,0.3753284559717275,0.5411423881917646,1.2832869225940438
207,63,f8f084a045363fa5,cardiomegaly,on,0.1950937824364428,1.0,0.4324745929870094,0.6038140913271066,0.9084565829489342
208,76,33d96918507e6883,cardiomegaly,off,0.1789687586801748,0.0,0.3182227013173048,0.4761905314656959,1.097462120046956
208,76,33d96918507e6883,cardiomegaly,on,0.1789687586801748,0.0,0.3658799995047935,0.5357276590439846,0.690121795940635
209,85,6ba230aaf07a840c,cardiomegaly,off,0.1605631331959124,1.0,0.4089286106764488,0.5743785222440196,1.4968421162909176
209,85,6ba230aaf07a840c,cardiomegaly,on,0.1605631331959124,1.0,0.5350904123071343,0.6971447027914307,1.1953393475597551
210,89,9c63e63de176518a,cardiomegaly,off,0.1810544371835543,0.0,0.0577067156719757,0.1061657769049503,-0.1294686155773974
210,89,9c63e63de176518a,cardiomegaly,on,0.1810544371835543,0.0,0.0162112643305877,0.0319037278352899,-0.3997441396432847
211,105,fd053a38abc0cb49,cardiomegaly,off,0.1872188841620007,1.0,0.2540796973625889,0.4000275444556149,1.020308704617501
211,105,fd053a38abc0cb49,cardiomegaly,on,0.1872188841620007,1.0,0.3542824211546281,0.5231747541478964,0.7669765194468302
212,113,c1a9fa9f21a10a44,cardiomegaly,off,0.1455637910617955,1.0,0.3183442636815,0.474323998933749,1.0892267930211117
212,113,c1a9fa9f21a10a44,cardiomegaly,on,0.1455637910617955,1.0,0.4175808655959526,0.589145352333903,0.8996873621181146
213,123,e0288a509cbbc07e,cardiomegaly,off,0.1726776116057287,1.0,0.3055817096417059,0.4594039776632038,1.5091028154191068
213,123,e0288a509cbbc07e,cardiomegaly,on,0.1726776116057287,1.0,0.4702833371462402,0.6397168237399138,1.0442127133349646
214,124,985a9f7b2779d4f8,cardiomegaly,off,0.1804453021066327,1.0,0.3859619745867941,0.5519708792049398,1.3576849548068417
214,124,985a9f7b2779d4f8,cardiomegaly,on,0.1804453021066327,1.0,0.4628198617850275,0.6327775898697985,1.1582367969305465
215,133,36dfae6f56c02e8b,cardiomegaly,off,0.1668445341091277,0.0,0.1190017935468948,0.2093012575903091,0.4720563244511648
215,133,36dfae6f56c02e8b,cardiomegaly,on,0.1668445341091277,0.0,0.110218064222733,0.1985483297507874,0.0870350479810916
216,139,f201583ea32de232,cardiomegaly,off,0.1562894414962306,1.0,0.2292377921528365,0.3665269318729843,1.1194203630802084
216,139,f201583ea32de232,cardiomegaly,on,0.1562894414962306,1.0,0.426566305921609,0.5980305726492956,0.878397901294433
217,155,9ac3c6ded1d4380c,cardiomegaly,off,0.18904141631215,1.0,0.3040456515089022,0.4657161717485231,0.5126075340161205
217,155,9ac3c6ded1d4380c,cardiomegaly,on,0.18904141631215,1.0,0.2071124540232234,0.3431271248287749,0.276409566410232
218,162,79f3d753d8db8ce9,cardiomegaly,off,0.1580632428402263,1.0,0.1686423625084999,0.2824724025758586,1.1241974955032663
218,162,79f3d753d8db8ce9,cardiomegaly,on,0.1580632428402263,1.0,0.4135807507980201,0.5851092528761853,0.8951988243429928
219,166,846aafad319d9662,cardiomegaly,off,0.1616400840119098,1.0,0.1940137454079098,0.3167826129221972,0.9566740353154876
219,166,846aafad319d9662,cardiomegaly,on,0.1616400840119098,1.0,0.4311870207347787,0.6025539795185905,0.8583946997616847
220,177,5168c9958d9df995,cardiomegaly,off,0.0932512706557704,1.0,0.1726438188494492,0.2919890150562897,0.8204464889488272
220,177,5168c9958d9df995,cardiomegaly,on,0.0932512706557704,1.0,0.3310088761651554,0.4973803556804047,0.6977511740132498
221,185,5e13bb7278b3f72d,cardiomegaly,off,0.1628047502789838,1.0,0.2765213683526793,0.4286751269998936,0.7642739498126668
221,185,5e13bb7278b3f72d,cardiomegaly,on,0.1628047502789838,1.0,0.3261359039195867,0.491856600283919,0.6135889136069427
222,189,d236eae4a6bc1049,cardiomegaly,off,0.1877110653041533,0.0,0.0460126547764266,0.0865796285247213,-0.4321032915810869
222,189,d236eae4a6bc1049,cardiomegaly,on,0.1877110653041533,0.0,0.0288600279003373,0.056099591228232,-0.5351401416666801
223,192,b7a20b8f260bba9f,cardiomegaly,off,0.1838369662149321,0.0,0.0382147116148669,0.0716607054555537,-0.0356773628227837
223,192,b7a20b8f260bba9f,cardiomegaly,on,0.1838369662149321,0.0,0.0729888723092717,0.1360440163322166,-0.1349854627555781
224,195,13d982f2c79b1676,cardiomegaly,off,0.1580145120340725,1.0,0.4038180088128608,0.5714421359322931,1.6859606931249709
224,195,13d982f2c79b1676,cardiomegaly,on,0.1580145120340725,1.0,0.509087349237373,0.6746912100891816,1.3268776540603078
225,198,2175b019a0091ef3,cardiomegaly,off,0.1309348030544469,1.0,0.204848480120018,0.3380351521195515,0.824615256654391
225,198,2175b019a0091ef3,cardiomegaly,on,0.1309348030544469,1.0,0.2693887309066826,0.424435131326503,0.5040741106550944
226,204,cbcf65658f0dd7d8,cardiomegaly,off,0.1424304002261109,1.0,0.3057396523231925,0.4618272718094946,0.8534384272085961
226,204,cbcf65658f0dd7d8,cardiomegaly,on,0.1424304002261109,1.0,0.4371579539082949,0.6083622663563786,0.8996950227727111
227,205,82f49a0c3d2dfe14,cardiomegaly,off,0.125194314089538,1.0,0.278978798284251,0.4181707465760877,1.3069118500868138
227,205,82f49a0c3d2dfe14,cardiomegaly,on,0.125194314089538,1.0,0.439940362840013,0.6109533017132847,1.0017049101649116
228,206,0c9d26929987308b,cardiomegaly,off,0.1874284266284617,1.0,0.2579153936289268,0.4079845290114786,1.2112041971205458
228,206,0c9d26929987308b,cardiomegaly,on,0.1874284266284617,1.0,0.2964248238249397,0.4572955317149757,0.7742933890370616
229,209,7162d21f7f020298,cardiomegaly,off,0.1571227382814594,1.0,0.2841400020924939,0.4388194439268009,0.9641320302402714
229,209,7162d21f7f020298,cardiomegaly,on,0.1571227382814594,1.0,0.3578551933403554,0.5270834288400542,0.7293095478555699
230,211,74122d99b9022819,cardiomegaly,off,0.1347796636599759,1.0,0.2801181892069445,0.4273748419744535,1.343749472826444
230,211,74122d99b9022819,cardiomegaly,on,0.1347796636599759,1.0,0.47999420474505,0.6486406722098383,1.0300711148010993
231,214,366858e6adbb8000,cardiomegaly,off,0.1908395830592225,1.0,0.4571596554129131,0.6209877599789305,1.345651546701344
231,214,366858e6adbb8000,cardiomegaly,on,0.1908395830592225,1.0,0.5317988120331247,0.6943407388576711,1.075555106893527
232,236,84ac6bdd90a67b66,cardiomegaly,off,0.1751092788327997,1.0,0.2888616552276221,0.4461237491718045,0.8958943080944718
232,236,84ac6bdd90a67b66,cardiomegaly,on,0.1751092788327997,1.0,0.2423501315418479,0.3901406660003153,0.5043035353397106
233,242,07a10ffadf85aa63,cardiomegaly,off,0.16059724476022,0.0,0.1293803686419197,0.2195658447393429,-0.1502094615069476
233,242,07a10ffadf85aa63,cardiomegaly,on,0.16059724476022,0.0,0.0,0.0,-0.5410991515829525
234,246,0b14f7b64876536a,cardiomegaly,off,0.1495158594408627,1.0,0.1956052312645838,0.3179320561527057,0.8805380819258778
234,246,0b14f7b64876536a,cardiomegaly,on,0.1495158594408627,1.0,0.4046382236987974,0.5761449106381435,0.8230277620799672
235,247,161c8b166c8ce7d6,cardiomegaly,off,0.1651145904906704,1.0,0.240104860959223,0.372822012049582,1.53567312665753
235,247,161c8b166c8ce7d6,cardiomegaly,on,0.1651145904906704,1.0,0.5721641970990835,0.7278670247602955,1.2976677474080442
236,249,f93a1c5e1000ca3e,cardiomegaly,off,0.1617765302691402,0.0,0.1981934131627638,0.3307816058591489,0.7259030398674243
236,249,f93a1c5e1000ca3e,cardiomegaly,on,0.1617765302691402,0.0,0.2010323748610925,0.3347648489987446,0.4591355800880374
237,251,a65421347ffb7936,cardiomegaly,off,0.1610504412574497,1.0,0.4145516442211296,0.5673338913351061,2.0534554487185344
237,251,a65421347ffb7936,cardiomegaly,on,0.1610504412574497,1.0,0.7174324652814257,0.8354703141140758,1.8848877014386116
238,256,459d9cc7e6454630,cardiomegaly,off,0.1666398647232821,1.0,0.3529211348769527,0.5114720181625849,1.3536755808781968
238,256,459d9cc7e6454630,cardiomegaly,on,0.1666398647232821,1.0,0.4566362488172548,0.6269719646515503,0.9857188816427116
239,259,9dea31c5bb3e5917,cardiomegaly,off,0.1552807138088485,1.0,0.2299517602262099,0.3717876485334078,0.8161051459100775
239,259,9dea31c5bb3e5917,cardiomegaly,on,0.1552807138088485,1.0,0.2940819027781035,0.4545001145555212,0.5707816720467234
240,261,83590772041a5a03,cardiomegaly,off,0.1590768436082238,1.0,0.2661395990497045,0.4121168275711545,1.216270932522764
240,261,83590772041a5a03,cardiomegaly,on,0.1590768436082238,1.0,0.4274311846331132,0.5988799992916036,0.9636169744968872
241,266,fc7c567caa66ec88,cardiomegaly,off,0.1596713594432992,0.0,0.1964993980837738,0.3231325926817386,0.7399571511537728
241,266,fc7c567caa66ec88,cardiomegaly,on,0.1596713594432992,0.0,0.32633044183387,0.4920764371323771,0.6804637170467428
242,273,7efbe29baee5c832,cardiomegaly,off,0.2129292574887066,1.0,0.3036141019066549,0.4621895880655071,0.911183678990623
242,273,7efbe29baee5c832,cardiomegaly,on,0.2129292574887066,1.0,0.3204744829797009,0.4853882106635274,0.6133817780562001
243,276,90391ae7b37e6f8e,cardiomegaly,off,0.117923677811402,1.0,0.3391496171042652,0.5033557904725601,1.3055655478975388
243,276,90391ae7b37e6f8e,cardiomegaly,on,0.117923677811402,1.0,0.3584432938038974,0.5277056656075534,1.212865103191465
244,280,890ca06fc523c555,cardiomegaly,off,0.1319678961449059,1.0,0.4651423943703845,0.6302654199340548,1.7593238925903314
244,280,890ca06fc523c555,cardiomegaly,on,0.1319678961449059,1.0,0.596867135822667,0.7475460747852785,1.7011556645312254
245,282,e2e5a8476ea2eba5,cardiomegaly,off,0.1383370125091979,1.0,0.3234318275129367,0.4757856434757062,0.7145919431743254
245,282,e2e5a8476ea2eba5,cardiomegaly,on,0.1383370125091979,1.0,0.4680117524980842,0.6376057992810977,0.951374090719714
246,283,d68117bbfe183d95,cardiomegaly,off,0.1761472450038741,1.0,0.3641523162151547,0.5251121867551649,1.2743435626781796
246,283,d68117bbfe183d95,cardiomegaly,on,0.1761472450038741,1.0,0.4296471183682916,0.6010361686956875,0.997067942350522
247,286,66a74608d016ae2c,cardiomegaly,off,0.1608896295971424,1.0,0.3644278892485388,0.5315228223592767,1.259749333259191
247,286,66a74608d016ae2c,cardiomegaly,on,0.1608896295971424,1.0,0.4225557256288116,0.5940501456300761,1.0217619590198623
248,291,e8e8a1f210ad58fd,cardiomegaly,off,0.1940168316204455,0.0,0.1395346974367659,0.2420858985279309,0.557863130855179
248,291,e8e8a1f210ad58fd,cardiomegaly,on,0.1940168316204455,0.0,0.0978405498268748,0.1782400077842963,0.0328561167536515
249,297,c6eb3bdeddb04716,cardiomegaly,off,0.1815417452450916,1.0,0.2637883204078738,0.4082370490315767,0.9643471916162164
249,297,c6eb3bdeddb04716,cardiomegaly,on,0.1815417452450916,1.0,0.3884257385701529,0.559513580361376,0.731394053863401
250,298,057d72fd8f724e9f,cardiomegaly,off,0.1457782066088719,1.0,0.4314633938604238,0.5989864568248826,1.4202082446142543
250,298,057d72fd8f724e9f,cardiomegaly,on,0.1457782066088719,1.0,0.5122154009522402,0.677436808997143,1.2397965391203671
251,320,3b5deb6b8277b2fc,cardiomegaly,off,0.1478346466285591,1.0,0.3769299922141741,0.5453139279479139,1.1518529584603954
251,320,3b5deb6b8277b2fc,cardiomegaly,on,0.1478346466285591,1.0,0.4168182255853832,0.588379259641301,0.8824407210533114
252,323,ac6ee2faa45f13ea,cardiomegaly,off,0.1369433114532013,1.0,0.2202622293589707,0.3513167866512811,1.0470037439688762
252,323,ac6ee2faa45f13ea,cardiomegaly,on,0.1369433114532013,1.0,0.4096496961696921,0.5811943792420777,0.8710300237601041
253,330,d914627fd7043b26,cardiomegaly,off,0.1322651540624436,1.0,0.3982897823544618,0.5625047487176548,1.2604366908115707
253,330,d914627fd7043b26,cardiomegaly,on,0.1322651540624436,1.0,0.492470804707337,0.6599291507865379,1.039318856484893
254,331,2dcd061d752720b3,cardiomegaly,off,0.1903815134813775,0.0,0.352559756085058,0.5148225938637797,0.473183947760993
254,331,2dcd061d752720b3,cardiomegaly,on,0.1903815134813775,0.0,0.2354181316488336,0.3810041923923516,0.3404778280115176
255,334,3be03514cc889234,cardiomegaly,off,0.1665765146752822,0.0,0.2779339249109649,0.4330477399855685,0.6548439314378383
255,334,3be03514cc889234,cardiomegaly,on,0.1665765146752822,0.0,0.2281792230836227,0.3715646133891299,0.3669711093985067
256,336,99498cee40a343d2,cardiomegaly,off,0.1629996735035987,1.0,0.2832885748963915,0.4387029655503153,0.5511922276351042
256,336,99498cee40a343d2,cardiomegaly,on,0.1629996735035987,1.0,0.2630750112943117,0.4165515370179527,0.4571946988124497
257,337,afa5f1d02875ed9c,cardiomegaly,off,0.1576100463429966,1.0,0.3372274758927474,0.4907836111673688,1.7611955313947785
257,337,afa5f1d02875ed9c,cardiomegaly,on,0.1576100463429966,1.0,0.6281727099553542,0.7716286127736373,1.513565087320906
258,344,c8b8ed6ec32a0194,cardiomegaly,off,0.1263833457596889,1.0,0.4361737274751535,0.6055384328783904,1.2418147322480084
258,344,c8b8ed6ec32a0194,cardiomegaly,on,0.1263833457596889,1.0,0.4977928982331224,0.6647009159981054,1.0634141477717565
259,347,8fb7cd9284a2390b,cardiomegaly,off,0.156752384154691,1.0,0.4396880624109868,0.6049722510140229,1.6999911165526178
259,347,8fb7cd9284a2390b,cardiomegaly,on,0.156752384154691,1.0,0.5655508802497344,0.7224937277591048,1.3982002668236806
260,350,0eec7465b21851ca,cardiomegaly,off,0.1617521648660634,1.0,0.1964046067974336,0.3193421002825798,1.2733613673768869
260,350,0eec7465b21851ca,cardiomegaly,on,0.1617521648660634,1.0,0.532667708689506,0.6950742001631753,1.1103826639824386
261,355,2d1043b3ab978914,cardiomegaly,off,0.1634041391946747,0.0,0.1808483782285484,0.2998872699717123,0.505622798409727
261,355,2d1043b3ab978914,cardiomegaly,on,0.1634041391946747,0.0,0.080486166034924,0.1489696089301478,-0.0202436828714355
262,357,17b1583a7369977f,cardiomegaly,off,0.1424888771934954,1.0,0.3641133515933364,0.5264102631872812,1.2316237672978188
262,357,17b1583a7369977f,cardiomegaly,on,0.1424888771934954,1.0,0.5036293148101879,0.6698848500922207,1.1731456009599617
263,358,2481059373ed3b95,cardiomegaly,off,0.1229526970064665,1.0,0.168395099332499,0.2833732197770521,0.9354648778250862
263,358,2481059373ed3b95,cardiomegaly,on,0.1229526970064665,1.0,0.3987719307336825,0.5701732768366231,0.8291290491717632
264,362,1ae57b9c3f3c2647,cardiomegaly,off,0.1417335496981126,1.0,0.1329262580225127,0.2340532415593815,0.5055899038174876
264,362,1ae57b9c3f3c2647,cardiomegaly,on,0.1417335496981126,1.0,0.178277279740554,0.3026061037694982,0.3462271038110444
265,363,b2049f03ac1c3bf0,cardiomegaly,off,0.1501006291147074,1.0,0.391600604750102,0.5482916701176623,1.3693271544375776
265,363,b2049f03ac1c3bf0,cardiomegaly,on,0.1501006291147074,1.0,0.5865646437379437,0.7393928694103142,1.283979836846051
266,367,b23fb11991bb664d,cardiomegaly,off,0.1622930768143697,1.0,0.3097463176679895,0.4538824109126705,1.7002610170586758
266,367,b23fb11991bb664d,cardiomegaly,on,0.1622930768143697,1.0,0.6350751236807408,0.7768134866230125,1.4617409272148167
267,371,fe977ddea6753ea5,cardiomegaly,off,0.1666154993202052,1.0,0.2049317188271614,0.3396522710732818,0.5974212251108009
267,371,fe977ddea6753ea5,cardiomegaly,on,0.1666154993202052,1.0,0.2222218995366304,0.3636358394347458,0.4769693802162432
268,374,3f426be3dbce8d45,cardiomegaly,off,0.1432929354950319,1.0,0.326525467524154,0.4766850162836133,1.726858202221846
268,374,3f426be3dbce8d45,cardiomegaly,on,0.1432929354950319,1.0,0.6107427368420253,0.7583362311867345,1.571065662039183
269,394,e155acf502336722,cardiomegaly,off,0.1315731766150607,1.0,0.2134759156791337,0.3468054225330452,1.2148242394024065
269,394,e155acf502336722,cardiomegaly,on,0.1315731766150607,1.0,0.5402279029659935,0.7014881857940694,1.2340066061947437
270,396,e1fd40062c7ab19a,cardiomegaly,off,0.1690764050309684,1.0,0.2496431156197049,0.3894575198823948,1.318097321470335
270,396,e1fd40062c7ab19a,cardiomegaly,on,0.1690764050309684,1.0,0.4508023425122632,0.6214514314073973,1.112928646148005
271,398,58833757dee99e23,cardiomegaly,off,0.137279554015662,1.0,0.2529939956589143,0.3956344527782931,0.982924866655781
271,398,58833757dee99e23,cardiomegaly,on,0.137279554015662,1.0,0.4297721916512539,0.6011539141361854,0.9030581678759616
272,401,bd494a54fa94017f,cardiomegaly,off,0.1615182569965255,1.0,0.2990996998860046,0.4577531291321226,1.0156312891315538
272,401,bd494a54fa94017f,cardiomegaly,on,0.1615182569965255,1.0,0.3311646716428255,0.4975529833460938,0.6602316344646189
273,416,4e6f8212f10d165e,cardiomegaly,off,0.1793098743232509,1.0,0.3074047328115071,0.4610418085129592,1.433059790886711
273,416,4e6f8212f10d165e,cardiomegaly,on,0.1793098743232509,1.0,0.4922060566584735,0.6596922083343879,0.9961476477079914
274,418,8c69ef3783ae4d44,cardiomegaly,off,0.1528003157756238,1.0,0.2033691608102522,0.3260781110334704,1.5320661498905122
274,418,8c69ef3783ae4d44,cardiomegaly,on,0.1528003157756238,1.0,0.6021310512374745,0.7516410686540833,1.3265893699797895
275,423,87a3f87cfabe7f9c,cardiomegaly,off,0.1512750415430122,0.0,0.1292674363927817,0.2235734347059576,-0.018339513652401
275,423,87a3f87cfabe7f9c,cardiomegaly,on,0.1512750415430122,0.0,0.0169012174501008,0.0332391169577441,-0.3707598722012117
276,428,c896dee4d23f27f9,cardiomegaly,off,0.1627998771983685,1.0,0.2685990676958542,0.4152671842451426,1.0888513773058552
276,428,c896dee4d23f27f9,cardiomegaly,on,0.1627998771983685,1.0,0.4571974930731196,0.6274967376159536,0.920813871159361
277,433,fb0f65c1d50aa8a3,cardiomegaly,off,0.1304767334766019,1.0,0.2212887428134517,0.3585696511558164,1.1258301344128483
277,433,fb0f65c1d50aa8a3,cardiomegaly,on,0.1304767334766019,1.0,0.4064624514263674,0.5779812854430423,0.8365654009878046
278,445,6b3b424c930e3c69,cardiomegaly,off,0.1224848812673908,1.0,0.1854608850777433,0.3080000200688144,0.8383514831585988
278,445,6b3b424c930e3c69,cardiomegaly,on,0.1224848812673908,1.0,0.4396269523177142,0.6107313036753431,0.9449532003969776
279,451,859c80b4cc1b7d6b,cardiomegaly,off,0.1571471036845362,1.0,0.2714998899727179,0.4165136618061231,1.1537034967783304
279,451,859c80b4cc1b7d6b,cardiomegaly,on,0.1571471036845362,1.0,0.4781597373670971,0.6469605607955156,0.9689839926158116
280,453,f8586b048fcc9d50,cardiomegaly,off,0.1453688678371806,1.0,0.4228011755929309,0.5877603273275517,1.5256607652862375
280,453,f8586b048fcc9d50,cardiomegaly,on,0.1453688678371806,1.0,0.5118589466082345,0.6771185615955282,1.3263840950868535
281,478,35f23ba3e2874c45,cardiomegaly,off,0.1372551886125852,1.0,0.3159836905164713,0.4761086460629024,1.2671319702249493
281,478,35f23ba3e2874c45,cardiomegaly,on,0.1372551886125852,1.0,0.4563271825130652,0.6266775821533889,0.9316270057858106
282,480,d45acc110431b7cc,cardiomegaly,off,0.1620640420254472,1.0,0.2447749164501048,0.3891458435604851,0.8864910830938575
282,480,d45acc110431b7cc,cardiomegaly,on,0.1620640420254472,1.0,0.3433903298833633,0.5112227421147606,0.6405498257365219
283,482,6f9d68ac1e5c1f30,cardiomegaly,off,0.1774532306087939,1.0,0.3236066793786372,0.4852264908859809,0.9666660188722368
283,482,6f9d68ac1e5c1f30,cardiomegaly,on,0.1774532306087939,1.0,0.339566185185145,0.5069749042462581,0.6303286909175613
284,487,7bf705c20a586dc0,cardiomegaly,off,0.1397940636131943,0.0,0.2418426280440387,0.3861062023292047,0.8509547947860272
284,487,7bf705c20a586dc0,cardiomegaly,on,0.1397940636131943,0.0,0.3162755924840083,0.4805542429886063,0.6808947757562068
285,494,3c1cf07a675d1898,cardiomegaly,off,0.1404909141411926,1.0,0.4497620183941503,0.614550126836459,1.4969864291283337
285,494,3c1cf07a675d1898,cardiomegaly,on,0.1404909141411926,1.0,0.5532037931495065,0.7123383320723448,1.3656031802835271
286,497,6391a90b95e3ec53,cardiomegaly,off,0.1595592785891457,1.0,0.2206967826158234,0.3514910025315402,1.158163388340005
286,497,6391a90b95e3ec53,cardiomegaly,on,0.1595592785891457,1.0,0.3900530904849053,0.5611891181438378,0.7921533339089163
287,504,baaade0d652588df,cardiomegaly,off,0.1512019453337816,1.0,0.3353414082570932,0.491772665434933,1.3264255626846768
287,504,baaade0d652588df,cardiomegaly,on,0.1512019453337816,1.0,0.5564091393607757,0.7149807231490273,1.1695006801260597
288,505,72d910c6519cd39e,cardiomegaly,off,0.1385465549756589,1.0,0.4236402898840653,0.5813884773603858,1.6528466839533158
288,505,72d910c6519cd39e,cardiomegaly,on,0.1385465549756589,1.0,0.5878523424373127,0.74043683914128,1.5645396291491964
289,511,1a9419899edfacb1,cardiomegaly,off,0.1779746502346388,0.0,0.227882938632471,0.3698111291064356,0.5836598091180684
289,511,1a9419899edfacb1,cardiomegaly,on,0.1779746502346388,0.0,0.2490738705338381,0.398811247970476,0.432576000027151
290,517,b999b82f377b197d,cardiomegaly,off,0.1267439537252264,1.0,0.2751491838981956,0.4277467618965853,0.896705295670575
290,517,b999b82f377b197d,cardiomegaly,on,0.1267439537252264,1.0,0.2640398129488241,0.4177414883800098,0.5468758280366978
291,519,966db46987810e93,cardiomegaly,off,0.1568547188476139,0.0,0.1470009430754645,0.2557303044836725,0.7168977181584767
291,519,966db46987810e93,cardiomegaly,on,0.1568547188476139,0.0,0.1545492723034292,0.2677213284885818,0.3048063213347914
292,529,dee75173b4711883,cardiomegaly,off,0.1653484983602083,0.0,0.3589227858296776,0.5274926855728115,0.7005338084462644
292,529,dee75173b4711883,cardiomegaly,on,0.1653484983602083,0.0,0.2282960157464573,0.3716897950876655,0.3824228808634273
293,18,e9c6af6099408088,interstitial pattern,off,0.1791734280660205,0.0,0.1353727123238314,0.2376652703437587,0.1908263344869658
293,18,e9c6af6099408088,interstitial pattern,on,0.1791734280660205,0.0,0.145912480654517,0.2546635943841109,0.211753348696486
294,46,a1d99527701d5849,interstitial pattern,off,0.1813175835367844,1.0,0.5112760584927966,0.6717933938201558,1.7180379102530634
294,46,a1d99527701d5849,interstitial pattern,on,0.1813175835367844,1.0,0.5904149728991704,0.7424625652428956,1.2591464790717912
295,55,cf6f75b020455153,interstitial pattern,off,0.1695149822863519,1.0,0.1343680709534368,0.233013218822753,0.8743172555074227
295,55,cf6f75b020455153,interstitial pattern,on,0.1695149822863519,1.0,0.1970617940353606,0.3292358538744799,0.5163952464634434
296,66,b38f8a63b1025b6b,interstitial pattern,off,0.1672100151552807,1.0,0.315025796362021,0.4789652836102401,1.2925151367370582
296,66,b38f8a63b1025b6b,interstitial pattern,on,0.1672100151552807,1.0,0.3210134215780729,0.4860094697210872,1.0600127445810712
297,73,90318a9405c3be4a,interstitial pattern,off,0.1382346778162751,1.0,0.3866369723257859,0.5559596648178607,2.3493231987617933
297,73,90318a9405c3be4a,interstitial pattern,on,0.1382346778162751,1.0,0.2708117795300183,0.4261959437803204,2.404879126400448
298,94,90f3c92844fe7854,interstitial pattern,off,0.1526443771959319,1.0,0.3258528635670006,0.4846133472113701,1.1413863731147986
298,94,90f3c92844fe7854,interstitial pattern,on,0.1526443771959319,1.0,0.4431428784294701,0.6141253860891346,0.8964618907458934
299,144,a32a449182cc66e6,interstitial pattern,off,0.1652997675540546,1.0,0.4394657561324721,0.6089530639673449,1.8426587744286376
299,144,a32a449182cc66e6,interstitial pattern,on,0.1652997675540546,1.0,0.3640524657267917,0.5337745915630023,1.7978321997956304
300,169,d40002e75a46ce19,interstitial pattern,off,0.146903888231023,1.0,0.4577447907908286,0.6226440907735319,1.920681480406368
300,169,d40002e75a46ce19,interstitial pattern,on,0.146903888231023,1.0,0.3752210289532506,0.545627752595067,2.050961927626449
301,187,f9d1f5bfeb6e20bc,interstitial pattern,off,0.1549006135208494,1.0,0.4731598734385512,0.631208297218339,1.9048948877898264
301,187,f9d1f5bfeb6e20bc,interstitial pattern,on,0.1549006135208494,1.0,0.6012645012695295,0.7509794278834129,1.9246966858985275
302,210,d04d05023f7c74ed,interstitial pattern,off,0.1534533085780838,1.0,0.3784586349819244,0.5413539012483761,1.8796687416121316
302,210,d04d05023f7c74ed,interstitial pattern,on,0.1534533085780838,1.0,0.4347329965190972,0.6060003836552827,1.980854021900407
303,229,211047ec8fa23fdb,interstitial pattern,off,0.1851526979810827,1.0,0.1942306888230425,0.3174369328618187,1.8697199990739688
303,229,211047ec8fa23fdb,interstitial pattern,on,0.1851526979810827,1.0,0.1122735729272283,0.2018710418500138,1.804771810801751
304,230,6699fd266091dac8,interstitial pattern,off,0.1703482790715806,1.0,0.2753245746408008,0.4260660001485751,1.0184217161836828
304,230,6699fd266091dac8,interstitial pattern,on,0.1703482790715806,1.0,0.3412516991320374,0.5088390541480835,0.7080152920537183
305,262,422fd65f92b19406,interstitial pattern,off,0.1645395669780565,0.0,0.309468972005975,0.4681126614036779,1.1222663738501248
305,262,422fd65f92b19406,interstitial pattern,on,0.1645395669780565,0.0,0.4247142038094816,0.5962052986382116,0.877641084715108
306,277,d517c7f3330a223f,interstitial pattern,off,0.1433221739787241,1.0,0.5039757831360887,0.6620614827700546,2.136141906148142
306,277,d517c7f3330a223f,interstitial pattern,on,0.1433221739787241,1.0,0.7133892684388851,0.8327217741267819,2.073785453462174
307,295,63d56094353813df,interstitial pattern,off,0.1595056747023766,1.0,0.2836944456592009,0.4410729168375131,1.2617476074076623
307,295,63d56094353813df,interstitial pattern,on,0.1595056747023766,1.0,0.3156201749743905,0.4798043468075782,0.9810087751168136
308,310,c00225f5e8666d20,interstitial pattern,off,0.1758694794087978,1.0,0.4344392885807358,0.5983006532774564,1.7961492189150852
308,310,c00225f5e8666d20,interstitial pattern,on,0.1758694794087978,1.0,0.5688269229705799,0.7251521838638895,1.2027881705639278
309,311,5461f5f492d355f9,interstitial pattern,off,0.1941727702001374,1.0,0.3893571899247424,0.5592386553464748,1.7677947978588533
309,311,5461f5f492d355f9,interstitial pattern,on,0.1941727702001374,1.0,0.4165287207626661,0.5880925757385649,1.59159510227592
310,315,0449a885c64c1338,interstitial pattern,off,0.1372503155319698,1.0,0.3320199350305142,0.483327404439827,1.2331602501361671
310,315,0449a885c64c1338,interstitial pattern,on,0.1372503155319698,1.0,0.3992270101899328,0.5705797125326126,0.8939097781203805
311,329,e1193f1b5d09f86a,interstitial pattern,off,0.1743198397731093,1.0,0.3070639334933688,0.4681827684045953,1.031686539570014
311,329,e1193f1b5d09f86a,interstitial pattern,on,0.1743198397731093,1.0,0.3716063321368271,0.5418548207237611,0.7853525738276511
312,389,bcdb44370d7eb1d4,interstitial pattern,off,0.1790418548894054,1.0,0.2958003314434863,0.4503845143417641,1.0641847684853625
312,389,bcdb44370d7eb1d4,interstitial pattern,on,0.1790418548894054,1.0,0.2877886091310183,0.4469374159065548,0.6689605968216144
313,402,87dcc15c2f19b537,interstitial pattern,off,0.1879547193349219,1.0,0.3755791239216144,0.5442685266290622,1.5934505245061692
313,402,87dcc15c2f19b537,interstitial pattern,on,0.1879547193349219,1.0,0.3841606243077245,0.5550795773313506,1.2911917078743331
314,405,7fd9d691815896db,interstitial pattern,off,0.1694223937546599,1.0,0.3976751321376769,0.5611143084266668,1.4131724570559978
314,405,7fd9d691815896db,interstitial pattern,on,0.1694223937546599,1.0,0.5041416224027631,0.6703248810730305,1.0416814216898078
315,429,9b6e215db52ea84a,interstitial pattern,off,0.167292857525742,1.0,0.4758822464353199,0.639769058547331,1.2325996510737645
315,429,9b6e215db52ea84a,interstitial pattern,on,0.167292857525742,1.0,0.5492682738120651,0.7090642654761533,1.1369354160251566
316,430,f0a56bcd504f6ff8,interstitial pattern,off,0.1755429830075679,1.0,0.3760760437158501,0.5424300726123021,1.250222535036049
316,430,f0a56bcd504f6ff8,interstitial pattern,on,0.1755429830075679,1.0,0.4726711267666877,0.6419206178503495,0.9342268382606232
317,441,b6d42511ef9b2567,interstitial pattern,off,0.166011237323899,0.0,0.1469815568946111,0.2543222816530194,0.6559695531149188
317,441,b6d42511ef9b2567,interstitial pattern,on,0.166011237323899,0.0,0.1853740492587281,0.3127644789307998,0.353700815702134
318,448,0c531bccfb44e11f,interstitial pattern,off,0.158399485402687,1.0,0.3017339621363387,0.4621605345398622,1.0790112465252903
318,448,0c531bccfb44e11f,interstitial pattern,on,0.158399485402687,1.0,0.3550113330487536,0.5239968811589295,0.7597833787532067
319,450,20664a317941438a,interstitial pattern,off,0.1520206228771642,1.0,0.3059863025701966,0.4628221453431816,1.329073647429198
319,450,20664a317941438a,interstitial pattern,on,0.1520206228771642,1.0,0.4676699458531656,0.6372878592975881,0.9611548366895796
320,474,ef925bdd7a9847b9,interstitial pattern,off,0.1546959441350038,1.0,0.2852625212648266,0.4383557058772032,0.8963927287113472
320,474,ef925bdd7a9847b9,interstitial pattern,on,0.1546959441350038,1.0,0.4005270404406412,0.5719609533471928,0.7857401896853528
321,475,ec7abfbf765e1690,interstitial pattern,off,0.1867169568586173,1.0,0.4389509883298462,0.6079806779007486,1.1400283880832196
321,475,ec7abfbf765e1690,interstitial pattern,on,0.1867169568586173,1.0,0.4776125367933417,0.6464638493661028,0.9533065282672318
322,483,67bd3c74cf584ff0,interstitial pattern,off,0.1446476519061054,1.0,0.3473524614241827,0.513877745835182,1.3095743009563356
322,483,67bd3c74cf584ff0,interstitial pattern,on,0.1446476519061054,1.0,0.3675683992815262,0.537548147467833,1.1192435001677368
323,496,262c886227014d4e,interstitial pattern,off,0.1825407267712429,1.0,0.2856883666642756,0.4429205529470056,0.6180665631252952
323,496,262c886227014d4e,interstitial pattern,on,0.1825407267712429,1.0,0.3166521340431688,0.4809934688121974,0.5895842159133341
324,506,598bd23a0f437d3c,interstitial pattern,off,0.1757427793127981,1.0,0.2466928024566935,0.3888809117861518,1.1287200107808373
324,506,598bd23a0f437d3c,interstitial pattern,on,0.1757427793127981,1.0,0.4061036296008449,0.5776204628626578,0.8032865011565236
325,507,fec6422c494e2973,interstitial pattern,off,0.1778430770580237,0.0,0.2571368626790066,0.4042653354881501,0.8121193492272712
325,507,fec6422c494e2973,interstitial pattern,on,0.1778430770580237,0.0,0.3242800658199804,0.4897387661740023,0.5691745569936452
326,2,5ba6a17e672673ac,nodule,off,0.1672977306063574,0.0,0.015058255095494,0.029555049694501,1.938405991718841
326,2,5ba6a17e672673ac,nodule,on,0.1672977306063574,0.0,0.0170067202942977,0.0334441857562926,2.3549442095153608
327,4,31cef6e4e32f976a,nodule,off,0.1428299928365715,0.0,0.0209757496293117,0.0410593977217097,1.1269216389390018
327,4,31cef6e4e32f976a,nodule,on,0.1428299928365715,0.0,0.0235712518036941,0.0460566613190805,0.9240828585685896
328,5,791df30f73b6bdce,nodule,off,0.166586260836513,0.0,0.0134592269299697,0.0264129781150325,0.8018725261753967
328,5,791df30f73b6bdce,nodule,on,0.166586260836513,0.0,0.0092469485862799,0.0183232260978986,0.2405679526043827
329,16,c5382ff48d694b35,nodule,off,0.1857374676549274,0.0,0.0063153627588392,0.0123072753141298,0.109185749101485
329,16,c5382ff48d694b35,nodule,on,0.1857374676549274,0.0,0.0,0.0,-0.4905633933258064
330,17,d4d6c8a665a118fd,nodule,off,0.1413290840070367,1.0,0.2922957024890252,0.4364894750495495,3.402541544960532
330,17,d4d6c8a665a118fd,nodule,on,0.1413290840070367,1.0,0.0774077997842837,0.1436875433827735,2.67336387462746
331,23,6a273e887e794c84,nodule,off,0.1617424187048326,0.0,0.0184860853856899,0.0362925210404129,1.11793258709343
331,23,6a273e887e794c84,nodule,on,0.1617424187048326,0.0,0.0208199725549311,0.0407906633907506,0.9244291645825452
332,26,2703456a007cdfd6,nodule,off,0.1806402253312476,0.0,0.0116624997069018,0.0230243194477488,1.737590359902902
332,26,2703456a007cdfd6,nodule,on,0.1806402253312476,0.0,0.0141437226745328,0.0278927840743201,2.2202562784408664
333,30,15a9576ba2bd05d5,nodule,off,0.1841098587293929,0.0,0.2509935081935223,0.3931028633425025,0.267930088501487
333,30,15a9576ba2bd05d5,nodule,on,0.1841098587293929,0.0,0.2410313328734489,0.3884033376835948,0.3624644638539845
334,35,6f70f0b7f328ad04,nodule,off,0.1663572260475905,0.0,0.0094456685848269,0.0187058178334191,1.6322727756196556
334,35,6f70f0b7f328ad04,nodule,on,0.1663572260475905,0.0,0.0273996720093038,0.053335451048587,2.4373175870021617
335,40,46f6e4be988ee1fe,nodule,off,0.2007173174665828,0.0,0.0101585480918532,0.0200896613943012,1.818550205736972
335,40,46f6e4be988ee1fe,nodule,on,0.2007173174665828,0.0,0.0122376891255726,0.0241793470481317,2.089727293524547
336,51,dd36e0c7c263a696,nodule,off,0.1217636653363156,1.0,0.4034818650010185,0.5742221165839547,1.4894432765333532
336,51,dd36e0c7c263a696,nodule,on,0.1217636653363156,1.0,0.3945048799226182,0.5657904895389186,1.5916313069527843
337,57,529ec6d31cd9f947,nodule,off,0.153521531706699,0.0,0.03000401352209,0.0580251264131324,0.3574201668830876
337,57,529ec6d31cd9f947,nodule,on,0.153521531706699,0.0,0.0014662008004905,0.002927486362746,-0.35846973290669
338,58,e4874abd256cb5f3,nodule,off,0.152371484681471,0.0,0.0005484799446578,0.0010939598142239,0.3053918400968409
338,58,e4874abd256cb5f3,nodule,on,0.152371484681471,0.0,0.0,0.0,-0.4469527803763754
339,67,136ada2e2567ad2d,nodule,off,0.1934028234629085,1.0,0.1082101981733215,0.1952551926948811,0.9321732767541172
339,67,136ada2e2567ad2d,nodule,on,0.1934028234629085,1.0,0.1117611095535238,0.201052324833321,0.5863672740878807
340,71,627d7e9da9da4248,nodule,off,0.1716298992734236,1.0,0.2676566828853479,0.4219843953175997,0.6335342688561322
340,71,627d7e9da9da4248,nodule,on,0.1716298992734236,1.0,0.2703815064179718,0.4256647662060117,0.5531031521763592
341,81,12921884d73c94c5,nodule,off,0.1462167838642554,1.0,0.1590746578170207,0.2720065405400734,1.3970688103237958
341,81,12921884d73c94c5,nodule,on,0.1462167838642554,1.0,0.1714355369365969,0.2926870993762869,1.3599534578417818
342,95,c69c8f6cd26e7283,nodule,off,0.1676096077657412,1.0,0.032245004726231,0.0623576654252882,1.366630784310981
342,95,c69c8f6cd26e7283,nodule,on,0.1676096077657412,1.0,0.0426969794259348,0.0818970735885414,1.139985383326834
343,96,3c565fb2a9b98cd8,nodule,off,0.1380884853978139,0.0,0.0838131643587365,0.1532024665109838,1.1538277421818752
343,96,3c565fb2a9b98cd8,nodule,on,0.1380884853978139,0.0,0.0520942334746755,0.0990265011788446,0.6649067699282375
344,99,de8bae8c48874a29,nodule,off,0.1468551574248693,1.0,0.0856730751664789,0.1530524083566937,2.9086831313139725
344,99,de8bae8c48874a29,nodule,on,0.1468551574248693,1.0,0.0293628153635635,0.0570494505088183,2.563682155720896
345,100,4b5257cd5e0a6456,nodule,off,0.1929739923687557,0.0,0.0424449226708889,0.0806799135835851,1.7495281907590887
345,100,4b5257cd5e0a6456,nodule,on,0.1929739923687557,0.0,0.0521668189840464,0.0991547334152659,2.228684313283685
346,101,62b654fbb6e1bf36,nodule,off,0.1473570847282526,0.0,0.0,0.0,-0.1231521411061865
346,101,62b654fbb6e1bf36,nodule,on,0.1473570847282526,0.0,0.0,0.0,-0.4456041773418697
347,102,1e9da71c70d41927,nodule,off,0.1470500806494842,1.0,0.0353508452181051,0.0672457213324239,2.2826154511637227
347,102,1e9da71c70d41927,nodule,on,0.1470500806494842,1.0,0.0414155432886786,0.0795319787340227,2.64326289179343
348,109,beec2434ff624b6b,nodule,off,0.1560019297399237,0.0,0.1694911530954468,0.2896076439059869,1.015267963821042
348,109,beec2434ff624b6b,nodule,on,0.1560019297399237,0.0,0.1666932724571271,0.2857504723973883,0.7084807050228236
349,110,53bf9055496e7700,nodule,off,0.1628534810851375,1.0,0.1268361416042367,0.219199081823837,2.834743088134339
349,110,53bf9055496e7700,nodule,on,0.1628534810851375,1.0,0.0552048794752423,0.10463275514535,2.3883854202010664
350,119,4b8172a7de453a27,nodule,off,0.1914243527330672,0.0,0.0082977873456919,0.0164448637818247,0.0513247391682693
350,119,4b8172a7de453a27,nodule,on,0.1914243527330672,0.0,0.0018178114639877,0.0036289870377642,-0.3763807904344424
351,122,388ba4ddcba88c63,nodule,off,0.1233133049720041,1.0,0.3182125627275201,0.4781877286264099,2.1449790961067547
351,122,388ba4ddcba88c63,nodule,on,0.1233133049720041,1.0,0.1778877855182637,0.3020316940257723,3.0338619888595324
352,135,fcbe7d0e9937ca08,nodule,off,0.1695101092057366,0.0,0.0396862102247243,0.0758424156783278,1.933081725149636
352,135,fcbe7d0e9937ca08,nodule,on,0.1695101092057366,0.0,0.035423816063524,0.0684226740123492,2.3449627435852984
353,152,62eb41a49c59044c,nodule,off,0.1940265777816762,0.0,0.004201043876024,0.0083650152605292,1.119807646615835
353,152,62eb41a49c59044c,nodule,on,0.1940265777816762,0.0,0.007842704113625,0.0155633257642357,1.3798673380836846
354,160,9f3085bc1714fbfc,nodule,off,0.1550224405362338,0.0,0.0052657457864742,0.0103473175285813,-1.1440996466738296
354,160,9f3085bc1714fbfc,nodule,on,0.1550224405362338,0.0,0.0,0.0,-0.5025868328726384
355,179,af8b609a0d8420b6,nodule,off,0.1859226447183115,0.0,0.0117240818908183,0.0231253004654423,2.203606455967084
355,179,af8b609a0d8420b6,nodule,on,0.1859226447183115,0.0,0.0122440263270836,0.0241917494973586,2.182985302943165
356,181,46d32bdb4e0bfc6d,nodule,off,0.1753383136217222,0.0,0.0463733930938493,0.0886149899762971,0.6948920438827518
356,181,46d32bdb4e0bfc6d,nodule,on,0.1753383136217222,0.0,0.0488763888667721,0.0931976052076515,0.3670644937115671
357,188,178af366c915dc33,nodule,off,0.1912927795564522,1.0,0.0486264422106049,0.0917772728363717,2.268164101953613
357,188,178af366c915dc33,nodule,on,0.1912927795564522,1.0,0.0456444888089651,0.0873025326770069,2.196271230075926
358,194,1547ed2ca0dc7cf8,nodule,off,0.1996549858924316,1.0,0.1559900007968523,0.2468979353881965,2.5203606000469234
358,194,1547ed2ca0dc7cf8,nodule,on,0.1996549858924316,1.0,0.0729711430892657,0.1359970487261967,2.282284810442696
359,202,311cae76649c299c,nodule,off,0.1996111281668932,0.0,0.0080382544393527,0.0159464891240607,1.2003780343341122
359,202,311cae76649c299c,nodule,on,0.1996111281668932,0.0,0.0095302053683187,0.0188804758904578,1.2797396154579233
360,203,7b3442fcfa554b56,nodule,off,0.2017747759601187,1.0,0.2775295271090805,0.4318605445721702,1.5999567682824387
360,203,7b3442fcfa554b56,nodule,on,0.2017747759601187,1.0,0.3099959763828668,0.4732606982882114,1.640976322761731
361,208,fa45a0c99089f06d,nodule,off,0.169568586173121,1.0,0.6122252558049023,0.7558443876184995,2.518339770908077
361,208,fa45a0c99089f06d,nodule,on,0.169568586173121,1.0,0.1912738858645871,0.321097002063257,2.595316507334994
362,212,4a2cc7f50a322c9b,nodule,off,0.1575808078593044,1.0,0.2621093034905932,0.4066975839056054,3.432371027003451
362,212,4a2cc7f50a322c9b,nodule,on,0.1575808078593044,1.0,0.0620512096659841,0.116845446822504,2.5248366292275914
363,225,f6618661e9c11ab9,nodule,off,0.1506415410630138,0.0,0.0678728464732541,0.1258861763116748,1.859554311217231
363,225,f6618661e9c11ab9,nodule,on,0.1506415410630138,0.0,0.0607512072223753,0.1145393815033463,2.540139465545128
364,226,dc3b1a2842b5bde9,nodule,off,0.1701484827663504,0.0,0.0142244423869703,0.0279479702132703,2.0706673377250224
364,226,dc3b1a2842b5bde9,nodule,on,0.1701484827663504,0.0,0.0137667620842966,0.0271594386008961,2.323179128608984
365,231,e6a6edb9671f4997,nodule,off,0.1716640108377312,0.0,0.0110109478420939,0.0217603289485758,0.3843459536519523
365,231,e6a6edb9671f4997,nodule,on,0.1716640108377312,0.0,0.0023194476666804,0.0046279631421838,-0.2620486508879527
366,237,1a56067563f9d98b,nodule,off,0.169320059061737,0.0,0.0224676369549577,0.0421107053057826,0.5978156943912983
366,237,1a56067563f9d98b,nodule,on,0.169320059061737,0.0,0.0922618488817614,0.168936902981327,0.3242469918806978
367,243,7fd1d6abc4eb09b7,nodule,off,0.1229916816513895,0.0,0.004699981934764,0.0093506531634404,1.6030049642747004
367,243,7fd1d6abc4eb09b7,nodule,on,0.1229916816513895,0.0,0.0203093797449253,0.0398090921314278,2.859098317916045
368,244,10dd1cccf6713426,nodule,off,0.1537944242211598,0.0,0.107044698375852,0.1923338356230785,1.091774536781654
368,244,10dd1cccf6713426,nodule,on,0.1537944242211598,0.0,0.1296120865499946,0.2294577810409202,0.9058840511932186
369,245,a4ca156bdc6f1e50,nodule,off,0.167502399992203,0.0,0.0076726110426124,0.0152183638572806,1.9062420143089984
369,245,a4ca156bdc6f1e50,nodule,on,0.167502399992203,0.0,0.0096742043345081,0.019162994153909,2.2820533552440367
370,278,e49b9f94ea41c15c,nodule,off,0.1579511619860727,1.0,0.0937933631819153,0.1670297012735213,3.0844320638902296
370,278,e49b9f94ea41c15c,nodule,on,0.1579511619860727,1.0,0.0366510133961407,0.0707096445572047,2.435298173618796
371,287,a434b5c1c1c293b7,nodule,off,0.1341510362605928,1.0,0.10302850248212,0.1798033668168954,2.318951369391726
371,287,a434b5c1c1c293b7,nodule,on,0.1341510362605928,1.0,0.0862893047596447,0.1588511947203683,2.828250334355942
372,299,f9333b96ded07222,nodule,off,0.1873065996130774,0.0,0.0188542672682699,0.0369687895947279,1.604006939508965
372,299,f9333b96ded07222,nodule,on,0.1873065996130774,0.0,0.0176146594402382,0.0346192663530236,2.174989114819998
373,300,cb476906290891fc,nodule,off,0.1449205444205663,0.0,0.0152138567760581,0.0299506510894009,0.9528872055558
373,300,cb476906290891fc,nodule,on,0.1449205444205663,0.0,0.0310017798697977,0.060137435117101,0.7341930507442013
374,304,454c77ff1a863eb0,nodule,off,0.2006783328216598,1.0,0.1102978252246299,0.1951369036265609,2.1959327345184083
374,304,454c77ff1a863eb0,nodule,on,0.2006783328216598,1.0,0.1092730371485718,0.1970092029313588,2.2133250724147966
375,317,79b3a198942ba36e,nodule,off,0.1883591850259978,0.0,0.0995485081122854,0.1801768738532325,1.6334301569955822
375,317,79b3a198942ba36e,nodule,on,0.1883591850259978,0.0,0.1270494776652269,0.2254535254328925,2.2189861290620563
376,332,4616b3605893256b,nodule,off,0.1623564268623696,1.0,0.1716662969761645,0.289701088818106,1.474231790727982
376,332,4616b3605893256b,nodule,on,0.1623564268623696,1.0,0.2158785379896118,0.3550986341634417,1.328846006611355
377,341,4760706a91f4d806,nodule,off,0.1585018200956098,0.0,0.0201984638816657,0.0394096113437245,2.499834790028169
377,341,4760706a91f4d806,nodule,on,0.1585018200956098,0.0,0.0215453949148092,0.042181429922803,2.4358818964229854
378,345,5c7d19c41a7a931a,nodule,off,0.1359297106852038,1.0,0.4561217038539554,0.6181900605942856,2.175563407842404
378,345,5c7d19c41a7a931a,nodule,on,0.1359297106852038,1.0,0.6876925153755846,0.8149496317909677,2.269755851838257
379,353,baba146980179c15,nodule,off,0.217695130330541,0.0,0.0216878767377468,0.0424037898189362,1.5361750798522391
379,353,baba146980179c15,nodule,on,0.217695130330541,0.0,0.0279431001363952,0.0543668966254759,1.688750767925301
380,354,1ba64d275eacfef0,nodule,off,0.1618934842039091,0.0,0.0004096145049278,0.0008175545987446,0.1764253468030689
380,354,1ba64d275eacfef0,nodule,on,0.1618934842039091,0.0,0.0,0.0,-0.4668005456365118
381,369,bcc6697081a43ebb,nodule,off,0.1389071629411965,0.0,0.0343352939267994,0.0660408444298022,1.8219607840198728
381,369,bcc6697081a43ebb,nodule,on,0.1389071629411965,0.0,0.0355367183133008,0.0686329695531718,2.599874608327377
382,375,2fe0944b4d020733,nodule,off,0.1274992812206092,1.0,0.2958224462207052,0.4564697864196291,1.8011878312856078
382,375,2fe0944b4d020733,nodule,on,0.1274992812206092,1.0,0.2531411424076765,0.4039782852597878,2.3556075905876632
383,385,903704ca004bf410,nodule,off,0.156255329931923,0.0,0.0122786367432976,0.0241178293727591,1.0644027179759343
383,385,903704ca004bf410,nodule,on,0.156255329931923,0.0,0.0153901118648499,0.0303134188423594,0.6464018569086227
384,392,cdd145559ca14b6a,nodule,off,0.1510606259959358,0.0,0.0031911180282646,0.0063316049563335,0.7263404216478251
384,392,cdd145559ca14b6a,nodule,on,0.1510606259959358,0.0,0.0,0.0,-0.4268580863281813
385,406,4ac5bdc88a2f8372,nodule,off,0.1165933268034053,1.0,0.2255773713212903,0.3646754733191065,1.0607083567286586
385,406,4ac5bdc88a2f8372,nodule,on,0.1165933268034053,1.0,0.4565016099489455,0.6268367769075974,0.9570460596598644
386,409,29b9cb23329cf7cd,nodule,off,0.1569521804599213,1.0,0.3151090205866796,0.4754020777397455,1.7946086397474246
386,409,29b9cb23329cf7cd,nodule,on,0.1569521804599213,1.0,0.3282641686763292,0.4942311080203003,1.6529365913932978
387,419,47f29da1a3e01ce1,nodule,off,0.1407881720587303,1.0,0.4032579647307371,0.5574326482822662,2.815561897840988
387,419,47f29da1a3e01ce1,nodule,on,0.1407881720587303,1.0,0.1673062404167932,0.286617363460278,2.862834143755856
388,427,cc9b83b25564404d,nodule,off,0.1272897387541482,1.0,0.473182309883921,0.6168920559766188,3.331549687913129
388,427,cc9b83b25564404d,nodule,on,0.1272897387541482,1.0,0.0800357536318836,0.148194084275948,2.903000915511984
389,434,b49f828065841b72,nodule,off,0.1041864635566666,1.0,0.5966112618692719,0.7394352289450439,2.4696920665865427
389,434,b49f828065841b72,nodule,on,0.1041864635566666,1.0,0.5308513797055605,0.6934959715402463,3.5466320096190773
390,439,4b0c1be6f2fa0ae1,nodule,off,0.138600158862428,1.0,0.5854340878639431,0.7347597161290486,2.4878419434202423
390,439,4b0c1be6f2fa0ae1,nodule,on,0.138600158862428,1.0,0.4050160499259069,0.5764991039772052,2.7738905305353243
391,440,6a7040fd2005b413,nodule,off,0.1681797581977398,1.0,0.0181173998767061,0.0353610502980469,2.440228866532218
391,440,6a7040fd2005b413,nodule,on,0.1681797581977398,1.0,0.0157342053300414,0.0309807325394934,2.328540886355449
392,455,80701ea912c38968,nodule,off,0.1683698083417394,0.0,0.001690348419497,0.0033661749446758,0.157758255550238
392,455,80701ea912c38968,nodule,on,0.1683698083417394,0.0,0.0,0.0,-0.4684777909555092
393,470,7a85d34d4d0f8e20,nodule,off,0.1413290840070367,0.0,0.0093493235554781,0.0185174336918298,0.6767173535432798
393,470,7a85d34d4d0f8e20,nodule,on,0.1413290840070367,0.0,0.0068679204899301,0.0136418954286489,0.1847994199730694
394,472,ab41a0f8182d4bc1,nodule,off,0.1544279247011583,0.0,0.0248054685029576,0.0483582423724497,1.2404691871332456
394,472,ab41a0f8182d4bc1,nodule,on,0.1544279247011583,0.0,0.0305375205910041,0.0592652144601697,1.2775061855812222
395,477,d5c1d9f7a116dfae,nodule,off,0.1747389247060314,0.0,0.0042058300810347,0.00836237860479,0.1241717886406918
395,477,d5c1d9f7a116dfae,nodule,on,0.1747389247060314,0.0,0.0,0.0,-0.4770485220323872
396,488,08e40ded6a91cb4d,nodule,off,0.1628924657300605,0.0,0.0985732818346531,0.1780612305438619,1.4511798271217786
396,488,08e40ded6a91cb4d,nodule,on,0.1628924657300605,0.0,0.118981934954291,0.2126575785845675,1.4439586296839229
397,499,792effd3029389fb,nodule,off,0.1153360720046391,1.0,0.4337899640600485,0.5860722404466088,3.592781406665604
397,499,792effd3029389fb,nodule,on,0.1153360720046391,1.0,0.1413617232195442,0.2476994669395134,3.078222541067225
398,501,c353462c47a4a7ba,nodule,off,0.1435122241227236,1.0,0.1491640216635638,0.2543410030562587,1.0482528436068344
398,501,c353462c47a4a7ba,nodule,on,0.1435122241227236,1.0,0.1080287284032748,0.1949849764569572,0.810052241931651
399,521,84c18c7af86041aa,nodule,off,0.1540624436550053,0.0,0.0108814764519328,0.0215203177764878,0.6356744036501034
399,521,84c18c7af86041aa,nodule,on,0.1540624436550053,0.0,0.0237383796740826,0.0463725536902091,0.5758014548390448
400,528,36f0ee298e099997,nodule,off,0.1876428421755381,0.0,0.0083404017319918,0.0165278884697518,1.1379126110441804
400,528,36f0ee298e099997,nodule,on,0.1876428421755381,0.0,0.0132121737725659,0.0260797290606478,1.910913727126808
401,13,33b179d6a89a32f1,pleural effusion,off,0.1312515532944461,1.0,0.3604198495799898,0.5250371508112206,1.5320757351087548
401,13,33b179d6a89a32f1,pleural effusion,on,0.1312515532944461,1.0,0.5842866908789845,0.7375969581142956,1.392113738513789
402,21,3cf6ce745b74e09f,pleural effusion,off,0.1705334561349648,1.0,0.2578182070032198,0.4085613907567243,0.7963415547979517
402,21,3cf6ce745b74e09f,pleural effusion,on,0.1705334561349648,1.0,0.3275136288406992,0.4934223539870997,0.5892678292565667
403,34,69ee306d0de8bd2d,pleural effusion,off,0.1228990931196974,0.0,0.2026196582437144,0.3338844495023348,1.140116771816822
403,34,69ee306d0de8bd2d,pleural effusion,on,0.1228990931196974,0.0,0.2703703083013171,0.4256522931834848,1.010155089852659
404,43,e3f6aeb0d6419151,pleural effusion,off,0.1892022279724573,0.0,0.0,0.0,-1.0748170128306396
404,43,e3f6aeb0d6419151,pleural effusion,on,0.1892022279724573,0.0,0.0,0.0,-0.5523059761790158
405,44,01f421ac2c8b7f23,pleural effusion,off,0.1884615197189207,1.0,0.3592592708267607,0.5184228892349143,2.3496504453988063
405,44,01f421ac2c8b7f23,pleural effusion,on,0.1884615197189207,1.0,0.1838721776065675,0.3106174335646229,2.3803741628740367
406,47,46b5f3f2fe8fa92d,pleural effusion,off,0.1480977929817893,0.0,0.0761429598318702,0.1398861525251527,2.448361000815545
406,47,46b5f3f2fe8fa92d,pleural effusion,on,0.1480977929817893,0.0,0.0726666737431771,0.1354779640444013,2.6167673820210893
407,49,c637f6b6fbc52aa6,pleural effusion,off,0.1739299933238795,1.0,0.351786330579784,0.5144510703617984,1.8440020055098807
407,49,c637f6b6fbc52aa6,pleural effusion,on,0.1739299933238795,1.0,0.2187048219380841,0.3588928963251447,1.7541050120295305
408,52,ed2c6c44cda73bc0,pleural effusion,off,0.1768928263380261,1.0,0.0964853246243936,0.1744267593977392,2.0972451852046
408,52,ed2c6c44cda73bc0,pleural effusion,on,0.1768928263380261,1.0,0.0651438875035809,0.1223178059388388,2.297049414994295
409,64,c0bc1579b347c146,pleural effusion,off,0.1603438445682207,0.0,0.1659246207466082,0.2831204051449744,1.9635242405084048
409,64,c0bc1579b347c146,pleural effusion,on,0.1603438445682207,0.0,0.1232763062005174,0.2194835685604242,2.509795750565655
410,65,b54f6faaa57c06df,pleural effusion,off,0.142771515869187,0.0,0.1612035999067617,0.2764632803519012,2.2440559920326564
410,65,b54f6faaa57c06df,pleural effusion,on,0.142771515869187,0.0,0.1253801727595766,0.2228199273560662,2.6773160641685565
411,69,066ed6260c2c0c26,pleural effusion,off,0.157536950133766,1.0,0.4077051715417529,0.5505128387569054,2.577668007849608
411,69,066ed6260c2c0c26,pleural effusion,on,0.157536950133766,1.0,0.1555414580620876,0.2691750918568044,2.6694177668978707
412,74,d931503c9db08a1a,pleural effusion,off,0.204839943667188,0.0,0.017166290859201,0.0334145973091222,0.7521487149257591
412,74,d931503c9db08a1a,pleural effusion,on,0.204839943667188,0.0,0.0018063331665063,0.00360594355827,-0.3284815010134715
413,75,a044fc0e6f3f828e,pleural effusion,off,0.1738276586309567,1.0,0.4545930872449671,0.6212940000270242,1.5488018263964514
413,75,a044fc0e6f3f828e,pleural effusion,on,0.1738276586309567,1.0,0.5229677664762098,0.6867728060244905,1.1936327026329958
414,77,242ca5c078093efe,pleural effusion,off,0.1685793508082004,1.0,0.2389369232758883,0.3854264881789018,0.7194354172477931
414,77,242ca5c078093efe,pleural effusion,on,0.1685793508082004,1.0,0.2507295966982342,0.4009327586063943,0.5410050223939403
415,82,1eb9d327943618ba,pleural effusion,off,0.1547787865054651,1.0,0.3325784625367899,0.496130336301157,0.7372805238994867
415,82,1eb9d327943618ba,pleural effusion,on,0.1547787865054651,1.0,0.3666489382266742,0.5365604909354488,0.7015140879329245
416,84,566c7b943e935e9b,pleural effusion,off,0.1589160319479165,1.0,0.3768111912835601,0.5413558341840624,1.4312078736388296
416,84,566c7b943e935e9b,pleural effusion,on,0.1589160319479165,1.0,0.512096102658412,0.6773280634089469,1.12733782351109
417,104,8b726f2a1de4c3eb,pleural effusion,off,0.1723170036401912,1.0,0.3416753892902531,0.5064847215724758,2.314220350989727
417,104,8b726f2a1de4c3eb,pleural effusion,on,0.1723170036401912,1.0,0.2272492445116499,0.3703330692229467,2.5132924229755518
418,106,21a6d0636b3a01d4,pleural effusion,off,0.0980756204649893,1.0,0.2969363949877516,0.4560439696219424,0.9826890099459974
418,106,21a6d0636b3a01d4,pleural effusion,on,0.0980756204649893,1.0,0.4367998751239302,0.6080161443526306,0.93923422622201
419,117,61fa68c77304b149,pleural effusion,off,0.0988065825572952,1.0,0.3024541597763999,0.4638206529739158,2.145664634572745
419,117,61fa68c77304b149,pleural effusion,on,0.0988065825572952,1.0,0.1991998446778476,0.3321695659852537,3.1650131129949663
420,118,c79c49fa0c554cf5,pleural effusion,off,0.1406955835270383,1.0,0.2674629781922623,0.4186100671962214,2.507628195859056
420,118,c79c49fa0c554cf5,pleural effusion,on,0.1406955835270383,1.0,0.1235457304546963,0.2199119977296108,2.7306944584581063
421,120,63e108cb88ff486f,pleural effusion,off,0.1530439698063925,1.0,0.2624066974532914,0.4090122943163711,2.244860333714992
421,120,63e108cb88ff486f,pleural effusion,on,0.1530439698063925,1.0,0.1513445359159363,0.2628659942118067,2.6943329528846856
422,121,b938250b4ece76c7,pleural effusion,off,0.13653397268151,1.0,0.4340688252034733,0.5966427399045455,1.7702238415213158
422,121,b938250b4ece76c7,pleural effusion,on,0.13653397268151,1.0,0.5781608125395505,0.7326815240065049,1.6677085446025073
423,125,e5935687805a3671,pleural effusion,off,0.128464151182453,0.0,0.20064751560933,0.3337687892845323,1.1266309132959107
423,125,e5935687805a3671,pleural effusion,on,0.128464151182453,0.0,0.2004473618200793,0.3339516958370169,0.9203163200720555
424,129,d4a6c3cdf04fa92c,pleural effusion,off,0.1425376079996491,1.0,0.2897248002222102,0.4471998499625829,1.0068555070662168
424,129,d4a6c3cdf04fa92c,pleural effusion,on,0.1425376079996491,1.0,0.3793161330505518,0.5500037563306633,0.7424802921627245
425,138,06efafe7ba8a9f72,pleural effusion,off,0.189328928068457,1.0,0.456808251511906,0.6250932826156431,1.8041707022199465
425,138,06efafe7ba8a9f72,pleural effusion,on,0.189328928068457,1.0,0.3676095946320938,0.5375787524225141,1.605593617757078
426,140,ae9dbadf1fd84520,pleural effusion,off,0.1548811211983879,1.0,0.3124555826568453,0.4740802658515131,1.260248548275636
426,140,ae9dbadf1fd84520,pleural effusion,on,0.1548811211983879,1.0,0.3136332352005103,0.4774834846845937,1.0527925934424256
427,150,a043d03d2cd28921,pleural effusion,off,0.18060611376694,0.0,0.0492768784192317,0.0938340951630367,0.8592136552408823
427,150,a043d03d2cd28921,pleural effusion,on,0.18060611376694,0.0,0.0548385052718794,0.1039751243064883,0.589951783478555
428,151,2a0cd17299cb83b4,pleural effusion,off,0.1251894410089226,1.0,0.6418202959024746,0.774003823404281,2.2829894643256146
428,151,2a0cd17299cb83b4,pleural effusion,on,0.1251894410089226,1.0,0.5123893052808173,0.677519283821234,3.760401142899088
429,156,3a384669c19c2dfb,pleural effusion,off,0.1327427159627501,1.0,0.2296791001142277,0.3694447506095991,0.7515517716488598
429,156,3a384669c19c2dfb,pleural effusion,on,0.1327427159627501,1.0,0.3080802313453511,0.4710417827525358,0.7054494623246005
430,164,2ca3b8f5c4485ed5,pleural effusion,off,0.1668835187540507,1.0,0.3727643567255504,0.540105347162026,2.1883774319940104
430,164,2ca3b8f5c4485ed5,pleural effusion,on,0.1668835187540507,1.0,0.2214181565028172,0.3625266505883525,2.5868767663849046
431,173,f7eb8b41524d2051,pleural effusion,off,0.1247849753178466,1.0,0.48490403929457,0.6505277557993857,2.0907725602374674
431,173,f7eb8b41524d2051,pleural effusion,on,0.1247849753178466,1.0,0.5069499149389605,0.6727754171351903,3.0933947872194514
432,174,f1cb59f606d0cbc1,pleural effusion,off,0.1698073671232743,0.0,0.0547235520032036,0.1035425589874521,0.148549763837914
432,174,f1cb59f606d0cbc1,pleural effusion,on,0.1698073671232743,0.0,0.0685112529386175,0.1282368142415287,0.0579313618950314
433,183,b0001c5493fecdb9,pleural effusion,off,0.1552368560833102,1.0,0.4428696817440423,0.6127309543728363,1.6980634405231063
433,183,b0001c5493fecdb9,pleural effusion,on,0.1552368560833102,1.0,0.4556786807217604,0.6260659763976368,1.6414220402888435
434,184,36daff27d00b22df,pleural effusion,off,0.1535069124648529,1.0,0.2959305706392556,0.4475409605022308,2.487571582652128
434,184,36daff27d00b22df,pleural effusion,on,0.1535069124648529,1.0,0.1475652918795317,0.2571571513888307,2.5283303516959386
435,191,cf9720eb47d12024,pleural effusion,off,0.1707478716820412,1.0,0.2346154210531771,0.3783306764215159,1.5424120849662857
435,191,cf9720eb47d12024,pleural effusion,on,0.1707478716820412,1.0,0.1337078723606713,0.2358688603261974,1.2969102887656885
436,201,f5361e372d0ecacb,pleural effusion,off,0.1464750571368702,1.0,0.4790972649356247,0.6405141287155257,1.7777434540186376
436,201,f5361e372d0ecacb,pleural effusion,on,0.1464750571368702,1.0,0.6451836437691049,0.7843241297794745,1.4594589202031092
437,213,d5f1991994ffa543,pleural effusion,off,0.14967667110117,1.0,0.2675292309847559,0.4217162328403928,2.181113036476539
437,213,d5f1991994ffa543,pleural effusion,on,0.14967667110117,1.0,0.2222772514011773,0.3637020346956486,2.6869926676156988
438,215,ab272e3e0f1c8bfc,pleural effusion,off,0.1603682099712975,0.0,0.0513213546867749,0.0974525886050998,0.0609938156956907
438,215,ab272e3e0f1c8bfc,pleural effusion,on,0.1603682099712975,0.0,0.0512659146004375,0.097530957591159,0.0324537764858312
439,217,d499df8f16b53c58,pleural effusion,off,0.156908322734383,1.0,0.2338527762120262,0.3584320448213392,2.72440196600965
439,217,d499df8f16b53c58,pleural effusion,on,0.156908322734383,1.0,0.0865308864268935,0.1592722617118874,2.528910289107136
440,218,72f351da77e93850,pleural effusion,off,0.1118761847677246,1.0,0.4772872427694233,0.645073084134135,2.0706159515003604
440,218,72f351da77e93850,pleural effusion,on,0.1118761847677246,1.0,0.5320594294451787,0.6945675856094873,2.5418431656421774
441,219,b7474324e13b9f32,pleural effusion,off,0.126071468600305,1.0,0.5483283240444933,0.7072657948789939,2.748394210681929
441,219,b7474324e13b9f32,pleural effusion,on,0.126071468600305,1.0,0.2875893792679383,0.4466332831333218,3.298531188422137
442,224,3b50628e2520b822,pleural effusion,off,0.1615669878026792,1.0,0.4531245501656337,0.6218052139548185,1.8486384710903243
442,224,3b50628e2520b822,pleural effusion,on,0.1615669878026792,1.0,0.4828940578529337,0.6512829277603813,1.72351887309396
443,227,6a5adc67bfa17890,pleural effusion,off,0.1421136499861117,0.0,0.0946259353793207,0.171727538658918,2.3424256336107305
443,227,6a5adc67bfa17890,pleural effusion,on,0.1421136499861117,0.0,0.0845643100133127,0.1559394597565799,2.617986206685289
444,234,100c1a9328dd1f51,pleural effusion,off,0.1782377965878689,0.0,0.050053486919744,0.0951953142162699,1.5480133718851568
444,234,100c1a9328dd1f51,pleural effusion,on,0.1782377965878689,0.0,0.0405582784713265,0.0779542471172512,1.7554974462634836
445,239,f1c6e7f21fa3a466,pleural effusion,off,0.1308665799258317,0.0,0.2806080060395628,0.4355833551683587,2.4093481666574914
445,239,f1c6e7f21fa3a466,pleural effusion,on,0.1308665799258317,0.0,0.1676878987346284,0.2872067259843914,2.893249433862575
446,260,99bfa90d3dae1e59,pleural effusion,off,0.1943969319084445,1.0,0.3275187692990194,0.4919654178095197,1.511272095334126
446,260,99bfa90d3dae1e59,pleural effusion,on,0.1943969319084445,1.0,0.3615633806023894,0.5310990753067164,1.2615337008036047
447,264,6a4dc10a30094a14,pleural effusion,off,0.1590963359306853,1.0,0.1341382446455276,0.2359114799126165,0.4112589812548405
447,264,6a4dc10a30094a14,pleural effusion,on,0.1590963359306853,1.0,0.2164604294207303,0.3558822383447049,0.3372180551353365
448,265,861a33bee0885f1c,pleural effusion,off,0.1106579146138814,1.0,0.539139305198511,0.6893919429542272,2.24545569449446
448,265,861a33bee0885f1c,pleural effusion,on,0.1106579146138814,1.0,0.6960134074758623,0.8207470926306186,3.5805033155865567
449,270,f5a62f43c6502a22,pleural effusion,off,0.1500372790667076,1.0,0.5556206078091759,0.7139820232725753,1.9790840089136963
449,270,f5a62f43c6502a22,pleural effusion,on,0.1500372790667076,1.0,0.528320423749326,0.6913689200450654,1.976780283594513
450,272,0f338054cbddc18d,pleural effusion,off,0.150748748836552,1.0,0.4816842667087406,0.6400244851845016,1.9781892904087883
450,272,0f338054cbddc18d,pleural effusion,on,0.150748748836552,1.0,0.3918246145886842,0.5629976891847188,1.913090567457511
451,279,41b0dfbcc6ffd34f,pleural effusion,off,0.121729553772008,1.0,0.3980288023291501,0.5643317880057558,1.4635846468882507
451,279,41b0dfbcc6ffd34f,pleural effusion,on,0.121729553772008,1.0,0.627536011656236,0.7711441509097441,1.551878234172456
452,296,b059249baf253a5b,pleural effusion,off,0.1677021962974333,1.0,0.4040917320988902,0.568813441845595,1.4310238776970483
452,296,b059249baf253a5b,pleural effusion,on,0.1677021962974333,1.0,0.5077125129267488,0.6734861292708991,1.1811987922682563
453,305,88aab495bd0b6f9f,pleural effusion,off,0.2069597337348751,1.0,0.28629265928011,0.4282068298098469,1.9479006370487209
453,305,88aab495bd0b6f9f,pleural effusion,on,0.2069597337348751,1.0,0.1751999137754347,0.2981530668465239,1.900937806543458
454,306,172d42c3c93ebae0,pleural effusion,off,0.1435853203319542,1.0,0.4265247378949509,0.5947613325019518,1.6609154497078826
454,306,172d42c3c93ebae0,pleural effusion,on,0.1435853203319542,1.0,0.5292040673354128,0.6921291251985204,1.206961627121441
455,313,009e8fe5a96ddd29,pleural effusion,off,0.1507243834334751,1.0,0.2929909876099764,0.4471532957811286,1.3282523851371606
455,313,009e8fe5a96ddd29,pleural effusion,on,0.1507243834334751,1.0,0.4899536580061883,0.6576712257712971,1.0276151444371546
456,316,7625018c3b194ddd,pleural effusion,off,0.1642471821411341,0.0,0.1010474869893206,0.1827630261357833,1.3459844998289765
456,316,7625018c3b194ddd,pleural effusion,on,0.1642471821411341,0.0,0.1102315307645064,0.1985723281774317,1.279993803517328
457,326,5b9e69685ace7e42,pleural effusion,off,0.1431321238347246,0.0,0.1615354884837502,0.277860359426051,1.728894332146223
457,326,5b9e69685ace7e42,pleural effusion,on,0.1431321238347246,0.0,0.1617941753464623,0.2785208308098937,1.9529639456866783
458,328,ebbc8cfb50c45f2b,pleural effusion,off,0.1438874513301073,0.0,0.108441127737155,0.19482839030995,0.7588305369494939
458,328,ebbc8cfb50c45f2b,pleural effusion,on,0.1438874513301073,0.0,0.1321261887397729,0.2334124401311159,0.5633178136853226
459,340,c80af72c8149fb46,pleural effusion,off,0.1663718452894366,0.0,0.2678328125598864,0.4217740771364499,0.9769946355221284
459,340,c80af72c8149fb46,pleural effusion,on,0.1663718452894366,0.0,0.2868292374956772,0.4457910109512411,0.7529340556427744
460,348,c16f985adfcfefa6,pleural effusion,off,0.1343021017596694,1.0,0.1819870014285554,0.3009053573077465,2.7024680218496626
460,348,c16f985adfcfefa6,pleural effusion,on,0.1343021017596694,1.0,0.096028175411381,0.1752230687327234,2.767621954786482
461,351,5c85e33bace856bb,pleural effusion,off,0.204381874089343,1.0,0.1047976704823672,0.1847048891688117,2.1824274466397493
461,351,5c85e33bace856bb,pleural effusion,on,0.204381874089343,1.0,0.0572383848585184,0.1082758785836962,2.12934769609186
462,361,b8e83400d937ef41,pleural effusion,off,0.1202676295873962,1.0,0.3385216405602319,0.4927191960144025,2.186378092886551
462,361,b8e83400d937ef41,pleural effusion,on,0.1202676295873962,1.0,0.2723810952528757,0.4281114228166768,3.273956808299266
463,372,6a124967bba4ce54,pleural effusion,off,0.2030027922751926,1.0,0.0751384043306573,0.1384727618782372,1.940409506324841
463,372,6a124967bba4ce54,pleural effusion,on,0.2030027922751926,1.0,0.0796102874353124,0.1474743094339736,2.153021408002065
464,376,24119440056eeeb0,pleural effusion,off,0.1291025247430668,0.0,0.1255990385250442,0.2226013202158986,2.232994962188976
464,376,24119440056eeeb0,pleural effusion,on,0.1291025247430668,0.0,0.0820868994183477,0.1517143546723461,2.8137544445804
465,382,c05ea04a9307c6ab,pleural effusion,off,0.1640766243195961,1.0,0.4789113106682423,0.6461983065851004,1.7986871793220445
465,382,c05ea04a9307c6ab,pleural effusion,on,0.1640766243195961,1.0,0.5192135024933238,0.6835268144851309,1.5053906462254711
466,388,d02107f98da98bee,pleural effusion,off,0.145217802338104,0.0,0.1965940556472879,0.3255344669718185,2.1151493610276626
466,388,d02107f98da98bee,pleural effusion,on,0.145217802338104,0.0,0.1660008317043476,0.2847242388155498,2.7299807839259174
467,390,f60975acebc82c6f,pleural effusion,off,0.1143322173978724,1.0,0.232938626823636,0.3775803749255365,1.9246795391313447
467,390,f60975acebc82c6f,pleural effusion,on,0.1143322173978724,1.0,0.1771564744517057,0.3009803272529582,2.8653247210483537
468,411,d718a4a2872bb6ba,pleural effusion,off,0.1836615353127786,0.0,0.0866670686324337,0.1593210131744358,1.0791115067251908
468,411,d718a4a2872bb6ba,pleural effusion,on,0.1836615353127786,0.0,0.0818674403826812,0.1513443463848965,0.7530195801410318
469,412,35f682b105677496,pleural effusion,off,0.1394675672119643,1.0,0.2520484519684153,0.4023711206858221,1.3407885152650496
469,412,35f682b105677496,pleural effusion,on,0.1394675672119643,1.0,0.222103408106824,0.3634763778565353,1.091234700420359
470,425,4a37cb0788653f87,pleural effusion,off,0.1321725655307515,1.0,0.2210928492421338,0.3601351989913311,0.8001958868674485
470,425,4a37cb0788653f87,pleural effusion,on,0.1321725655307515,1.0,0.3036462122639914,0.4658399007998323,0.5875866263485936
471,435,7897237d1e375fa8,pleural effusion,off,0.1006534801105214,1.0,0.4798878207114887,0.642431664962049,1.8635566402943209
471,435,7897237d1e375fa8,pleural effusion,on,0.1006534801105214,1.0,0.7126829141076028,0.8322411418759261,2.031168799041734
472,438,c358b8f1e7cb26a4,pleural effusion,off,0.1074660468108123,1.0,0.5473868638537958,0.7021169778425926,2.59425606916669
472,438,c358b8f1e7cb26a4,pleural effusion,on,0.1074660468108123,1.0,0.4468515848991888,0.6176668524505019,3.789381887549616
473,444,f4374a3608e7ac2b,pleural effusion,off,0.1770341456758719,1.0,0.1833144741874311,0.3015849634389563,1.974027098390896
473,444,f4374a3608e7ac2b,pleural effusion,on,0.1770341456758719,1.0,0.1394096322459566,0.2446853026350893,2.350197576001705
474,452,5d3691006fcd5c24,pleural effusion,off,0.1300917601079874,1.0,0.2543672388103537,0.399545048205396,2.850065337906406
474,452,5d3691006fcd5c24,pleural effusion,on,0.1300917601079874,1.0,0.1538768351726764,0.2667061288966678,2.8880939235794494
475,456,46cd9bb1b8d268c2,pleural effusion,off,0.1633749007109824,1.0,0.4856394662484684,0.6503556922804329,1.7888730675901483
475,456,46cd9bb1b8d268c2,pleural effusion,on,0.1633749007109824,1.0,0.5778885305253489,0.7324821286476834,1.3918817893416888
476,459,aac8cdfd294823cb,pleural effusion,off,0.2087189158370247,1.0,0.1766403027665837,0.2988473937704202,1.4923300408754423
476,459,aac8cdfd294823cb,pleural effusion,on,0.2087189158370247,1.0,0.202384435813979,0.3366209284842624,2.1277364133321286
477,463,2ea44fd3c7b3fb51,pleural effusion,off,0.1734329391011115,1.0,0.2109700437489972,0.344959737814854,1.1628694979058
477,463,2ea44fd3c7b3fb51,pleural effusion,on,0.1734329391011115,1.0,0.2085103780252994,0.345053755972057,0.95491673646329
478,471,29098ce1fe0abac3,pleural effusion,off,0.2010243215453513,0.0,0.0321895546289694,0.0619508571057222,1.0760747330170155
478,471,29098ce1fe0abac3,pleural effusion,on,0.2010243215453513,0.0,0.0444713994850912,0.0851525938790341,1.041661097057739
479,486,4dcd0faee18f03ad,pleural effusion,off,0.1296872944169115,1.0,0.5574271706861695,0.7153333454554318,2.781384349327531
479,486,4dcd0faee18f03ad,pleural effusion,on,0.1296872944169115,1.0,0.3422632139027877,0.5099140301785144,3.21855689825871
480,489,ac749d95bee079fc,pleural effusion,off,0.1439313090556457,1.0,0.3272202716179382,0.492845073563554,1.7003465755762426
480,489,ac749d95bee079fc,pleural effusion,on,0.1439313090556457,1.0,0.3365424622994963,0.5035986489786936,1.6495265909691712
481,495,e834a84e7179d95c,pleural effusion,off,0.1592717668328387,1.0,0.4974760081547394,0.6610210677547347,1.6727175641223355
481,495,e834a84e7179d95c,pleural effusion,on,0.1592717668328387,1.0,0.4967701833288896,0.6637783380691576,1.3439477552072951
482,498,58e8f400ed4fe605,pleural effusion,off,0.1960732716401327,1.0,0.1250209793125778,0.220610141420124,1.815399017049186
482,498,58e8f400ed4fe605,pleural effusion,on,0.1960732716401327,1.0,0.119268160928677,0.2131143475569964,2.1891722652712517
483,500,1cb41e099a7d442d,pleural effusion,off,0.1597883133780682,1.0,0.0959376187402509,0.1750233244240334,1.2813168589273607
483,500,1cb41e099a7d442d,pleural effusion,on,0.1597883133780682,1.0,0.097864020628693,0.1782806485421565,1.1555210186860627
484,508,e3709cfb45e658ba,pleural effusion,off,0.1252284256538456,1.0,0.3293620745248061,0.4920629750370177,2.525717601591737
484,508,e3709cfb45e658ba,pleural effusion,on,0.1252284256538456,1.0,0.1333284650244934,0.2352428729272315,3.022391543058053
485,510,bf0437290069d1b0,pleural effusion,off,0.1569034496537676,0.0,0.0870780102250182,0.157305616602363,0.8199402357124104
485,510,bf0437290069d1b0,pleural effusion,on,0.1569034496537676,0.0,0.1300007492312239,0.2300890715450921,0.6656204405756014
486,524,bea3af175d3d0cd2,pleural effusion,off,0.116028049452022,1.0,0.3942980051893229,0.5646330865289213,1.6100379761964447
486,524,bea3af175d3d0cd2,pleural effusion,on,0.116028049452022,1.0,0.4278563738112077,0.5992987946025443,1.3700090986664502
487,525,5e4f459912b0e161,pleural effusion,off,0.1452616600636424,1.0,0.5628486000909382,0.7175300356016534,2.501963136320529
487,525,5e4f459912b0e161,pleural effusion,on,0.1452616600636424,1.0,0.3784300454707073,0.5490233930953815,3.195953114233753
488,1,afa00eaadc32bf1b,pleural thickening,off,0.1231330009892353,0.0,0.0275086924850298,0.0533660035268626,0.8022336033907121
488,1,afa00eaadc32bf1b,pleural thickening,on,0.1231330009892353,0.0,0.0399447319471881,0.0768207289039684,0.7267943718976532
489,3,98f03635c961630f,pleural thickening,off,0.1246095444156932,1.0,0.3614817150440867,0.5226394156217691,2.0228105868964743
489,3,98f03635c961630f,pleural thickening,on,0.1246095444156932,1.0,0.3059655614983811,0.4685438452853249,2.405070324095372
490,37,b724ea6434c71097,pleural thickening,off,0.1468990151504076,1.0,0.2155035160828804,0.3544517654656823,0.7737665832456123
490,37,b724ea6434c71097,pleural thickening,on,0.1468990151504076,1.0,0.2285676632860906,0.3720873702846795,0.5462528141472648
491,38,9852a11a8db8c08d,pleural thickening,off,0.1555682255651555,0.0,0.104630626142745,0.1894043211592854,0.496352567756926
491,38,9852a11a8db8c08d,pleural thickening,on,0.1555682255651555,0.0,0.1012180460446379,0.1838290024996917,0.3210565361021488
492,60,90bedd88fee05974,pleural thickening,off,0.1786763738432525,0.0,0.0238403790960329,0.046562967674428,0.6259082329135293
492,60,90bedd88fee05974,pleural thickening,on,0.1786763738432525,0.0,0.0245178170153084,0.0478621544254426,0.276854435907993
493,80,f27d0623ad27d061,pleural thickening,off,0.1489115974445565,0.0,0.0473194127660147,0.0901814939514733,1.6363972253513124
493,80,f27d0623ad27d061,pleural thickening,on,0.1489115974445565,0.0,0.043448509645924,0.0832780972933546,2.153793388822458
494,92,2f70ccbbd805fd34,pleural thickening,off,0.1460462260427174,0.0,0.1658820696638126,0.2835854751513921,1.2712515712421506
494,92,2f70ccbbd805fd34,pleural thickening,on,0.1460462260427174,0.0,0.1204782284991587,0.2150363525952248,1.1896583628694035
495,114,a4379da6806981ef,pleural thickening,off,0.1526492502765473,0.0,0.0740823745305929,0.1366780205843511,1.3215971849801116
495,114,a4379da6806981ef,pleural thickening,on,0.1526492502765473,0.0,0.0699394336507391,0.1307292207133681,1.2383358899005157
496,128,b5433ba64b0e525f,pleural thickening,off,0.1728140578629592,0.0,0.0871029906047462,0.1583446086643753,1.6559559958608252
496,128,b5433ba64b0e525f,pleural thickening,on,0.1728140578629592,0.0,0.0794487732569061,0.1471973658673862,2.0134319373749183
497,141,b6e3786ca16e5d0b,pleural thickening,off,0.1537164549313139,1.0,0.1355768503757182,0.2355953838215517,1.196714628254935
497,141,b6e3786ca16e5d0b,pleural thickening,on,0.1537164549313139,1.0,0.1354816635760176,0.2386181285460663,1.1722566804691557
498,146,bbf49c1464082208,pleural thickening,off,0.1295557212402965,1.0,0.1780722136677642,0.2982964484401696,2.29418909536044
498,146,bbf49c1464082208,pleural thickening,on,0.1295557212402965,1.0,0.1475729506210847,0.2571772021747628,2.7669081454491384
499,149,bd1e1e3213f30d74,pleural thickening,off,0.1637939856439045,1.0,0.0273803193255818,0.0530263786243658,1.7204534528676687
499,149,bd1e1e3213f30d74,pleural thickening,on,0.1637939856439045,1.0,0.038877323117584,0.0748430439585871,1.6609543216874494
500,158,2c30521979b0a2ea,pleural thickening,off,0.1520254959577796,1.0,0.3286184870210343,0.4869962468170373,1.5528781144927752
500,158,2c30521979b0a2ea,pleural thickening,on,0.1520254959577796,1.0,0.278273240102161,0.4353423715988586,1.6116824493049964
501,171,19c89ed50a3f5796,pleural thickening,off,0.1436925281054924,0.0,0.0297460129665608,0.0576350236370509,1.1134828453964258
501,171,19c89ed50a3f5796,pleural thickening,on,0.1436925281054924,0.0,0.0297452029685377,0.0577704064930423,0.5745162811891156
502,178,252f7efe47fa6188,pleural thickening,off,0.1697440170752744,0.0,0.1450451818366808,0.2494241591465213,2.0818344057128595
502,178,252f7efe47fa6188,pleural thickening,on,0.1697440170752744,0.0,0.0532296330203126,0.1010776542237758,2.3293561434866934
503,182,3af02da163e9e412,pleural thickening,off,0.1888464930875351,1.0,0.5134779380546195,0.6773594438343886,1.7881485436607856
503,182,3af02da163e9e412,pleural thickening,on,0.1888464930875351,1.0,0.5573662390177312,0.7157756974971132,1.6640612060178346
504,190,d7d08096469d872f,pleural thickening,off,0.1587795856906861,0.0,0.2512820031750151,0.4008177284754312,1.8310230459826555
504,190,d7d08096469d872f,pleural thickening,on,0.1587795856906861,0.0,0.1859459255334813,0.3135625330898176,2.031766450340309
505,197,37c3f6c2a9c8b710,pleural thickening,off,0.1211642764206248,1.0,0.4012410967215161,0.5721490989844982,1.5425178240884354
505,197,37c3f6c2a9c8b710,pleural thickening,on,0.1211642764206248,1.0,0.4180344227916821,0.589593200151448,1.4726758975399343
506,220,d5141885d31ea691,pleural thickening,off,0.1287809014224522,1.0,0.23800734846156,0.3791427908519444,2.8619381192758686
506,220,d5141885d31ea691,pleural thickening,on,0.1287809014224522,1.0,0.1659080223500713,0.2845894674400514,2.9285738137131574
507,232,de408c679854aab2,pleural thickening,off,0.1241027440316945,1.0,0.2973801727345784,0.4537324475331844,2.7497867319668723
507,232,de408c679854aab2,pleural thickening,on,0.1241027440316945,1.0,0.1128450259774983,0.2027848682037915,2.9823235093710734
508,238,d3821360a85a5e1c,pleural thickening,off,0.1348040290630527,0.0,0.1993039680494279,0.3309023759273145,2.506839285619607
508,238,d3821360a85a5e1c,pleural thickening,on,0.1348040290630527,0.0,0.0985940078713606,0.1794862555764005,2.7482378674046912
509,252,25e9744b21cac3c4,pleural thickening,off,0.1365632111652023,1.0,0.2642380334991248,0.4099050498370887,1.2081191481106153
509,252,25e9744b21cac3c4,pleural thickening,on,0.1365632111652023,1.0,0.2446774989184387,0.3931285911335073,1.0953342080341593
510,269,bad386e3574a3d58,pleural thickening,off,0.1591304474949929,0.0,0.0710603548812641,0.1321616795596773,1.255056931370876
510,269,bad386e3574a3d58,pleural thickening,on,0.1591304474949929,0.0,0.0849739515169604,0.1566368320322944,1.1752537765812967
511,293,79eac55aac8981d6,pleural thickening,off,0.157288423022382,1.0,0.2361926658139315,0.3801667899617631,1.4214549421642504
511,293,79eac55aac8981d6,pleural thickening,on,0.157288423022382,1.0,0.2378622160625634,0.3843049010351799,1.378386207924492
512,338,b6972094364c75ff,pleural thickening,off,0.1426448157731873,0.0,0.0316658895283847,0.061107723504154,1.3430866133588415
512,338,b6972094364c75ff,pleural thickening,on,0.1426448157731873,0.0,0.0426545651908046,0.0818188339154599,1.67945938136411
513,343,48f16b8568f2c072,pleural thickening,off,0.1574833462469969,0.0,0.2135829070844077,0.3476027987241487,1.857698442836173
513,343,48f16b8568f2c072,pleural thickening,on,0.1574833462469969,0.0,0.1328414179582906,0.2345119486972557,2.3050727045014283
514,352,0e707aad753ae1f8,pleural thickening,off,0.1268657807406107,1.0,0.2920439336746453,0.4386274960408592,1.381937821950869
514,352,0e707aad753ae1f8,pleural thickening,on,0.1268657807406107,1.0,0.2987124393065731,0.4599834468338081,1.3303933995993276
515,366,938fa8836653d1be,pleural thickening,off,0.1646760132352869,0.0,0.0631721397696965,0.1186910942622429,0.7001716530647832
515,366,938fa8836653d1be,pleural thickening,on,0.1646760132352869,0.0,0.0859420619512459,0.158281080216302,0.510440683093727
516,373,d86033ff9eb93d1f,pleural thickening,off,0.1691202627565067,1.0,0.5915246424662399,0.7415592327057121,2.149139912412108
516,373,d86033ff9eb93d1f,pleural thickening,on,0.1691202627565067,1.0,0.6558530953581985,0.7921632919348143,2.3462999945614373
517,386,51e438df88904e5f,pleural thickening,off,0.1579706543085342,0.0,0.0437476118277312,0.0837480388156191,0.4589541284610199
517,386,51e438df88904e5f,pleural thickening,on,0.1579706543085342,0.0,0.0480531523937942,0.0916995885035115,0.2562977142344788
518,397,17cdcca0c6de94f2,pleural thickening,off,0.1627755117952916,1.0,0.14441636299208,0.2499711015491115,1.5179986044311515
518,397,17cdcca0c6de94f2,pleural thickening,on,0.1627755117952916,1.0,0.1480910513585371,0.2579710317525474,1.4333709074819343
519,408,c72d92ad39a4d241,pleural thickening,off,0.2040651238493438,0.0,0.1239839073776615,0.2193183373702937,1.32143556947838
519,408,c72d92ad39a4d241,pleural thickening,on,0.2040651238493438,0.0,0.1456004090810489,0.2541901145902652,1.2034530560097694
520,431,bc9857f9c34b7ffa,pleural thickening,off,0.1682187428426628,1.0,0.3612152412199249,0.5212611273932339,1.303253294417286
520,431,bc9857f9c34b7ffa,pleural thickening,on,0.1682187428426628,1.0,0.4037078253200566,0.5751812812908748,0.8616269284850442
521,442,a444535afc10ee60,pleural thickening,off,0.1693249321423524,0.0,0.0759119222143299,0.138967449418525,2.571697419636706
521,442,a444535afc10ee60,pleural thickening,on,0.1693249321423524,0.0,0.0290976112461484,0.0565490157044662,2.3448333405604105
522,457,a1f55f4e2d064a69,pleural thickening,off,0.1499885482605538,1.0,0.2053416642788164,0.3294240725575421,1.6565149972543862
522,457,a1f55f4e2d064a69,pleural thickening,on,0.1499885482605538,1.0,0.1565703540052551,0.2707242972827829,1.625162551847509
523,461,6db95ac0ab339c21,pleural thickening,off,0.1605436408734509,0.0,0.1439871971226677,0.2496317489143046,1.3313759588317886
523,461,6db95ac0ab339c21,pleural thickening,on,0.1605436408734509,0.0,0.1561286906473654,0.2700729532730622,1.2769266454467738
524,462,35ef78b4562f936d,pleural thickening,off,0.1390094976341193,1.0,0.4073686995363733,0.5755351834293282,1.6284115259642005
524,462,35ef78b4562f936d,pleural thickening,on,0.1390094976341193,1.0,0.2987752797763182,0.4600646841942625,1.567336369943854
525,464,6e12baf437b8e995,pleural thickening,off,0.1892704511010725,1.0,0.545835915143496,0.7052506607855029,1.793104823277583
525,464,6e12baf437b8e995,pleural thickening,on,0.1892704511010725,1.0,0.6011443201310158,0.7508731014378887,1.6504754967588118
526,476,6a828656c7a22397,pleural thickening,off,0.1822191034506284,1.0,0.5002040959855927,0.6622973067308339,1.942521132144717
526,476,6a828656c7a22397,pleural thickening,on,0.1822191034506284,1.0,0.556537072383765,0.7150865832663552,2.1149016243449967
527,490,29150e9ffbf9c5a0,pleural thickening,off,0.1664498145792826,1.0,0.3855186867497978,0.55135553100019,1.771297521240342
527,490,29150e9ffbf9c5a0,pleural thickening,on,0.1664498145792826,1.0,0.259214393126499,0.4116992620475031,1.6323087644150602
528,502,09688f49206e2887,pleural thickening,off,0.1351402716255135,0.0,0.1588854615998833,0.2732629460335268,1.9468995623234489
528,502,09688f49206e2887,pleural thickening,on,0.1351402716255135,0.0,0.1045422400465804,0.1892783178139018,2.763275557041033
529,514,df69e3008bcd15b9,pleural thickening,off,0.1538967589140827,1.0,0.2313995149006982,0.3671848952120147,1.3966742215646826
529,514,df69e3008bcd15b9,pleural thickening,on,0.1538967589140827,1.0,0.2298198660958662,0.373704280048839,1.373395727008152
