idx,rank,pair_id,category,dhs,q,point,iou,dice,cnr
0,0,ccf54bcd24e260a2,alveolar pattern,off,0.1446768903897977,1.0,0.5530282111510982,0.7113990958013152,2.357930858575698
0,0,ccf54bcd24e260a2,alveolar pattern,on,0.1446768903897977,1.0,0.4358625521214432,0.6070630884543926,2.6546363989625634
1,6,985884ef56fc1bd4,alveolar pattern,off,0.119088344078476,1.0,0.2711000291107021,0.4231386500848302,2.9767226067297843
1,6,985884ef56fc1bd4,alveolar pattern,on,0.119088344078476,1.0,0.1317349411381904,0.2327960111341148,2.978546706510917
2,9,199e69ccc49be76d,alveolar pattern,off,0.1658991564697454,1.0,0.3244629030234871,0.4860719609743326,2.1675120038572304
2,9,199e69ccc49be76d,alveolar pattern,on,0.1658991564697454,1.0,0.2041584246974284,0.3390819854625936,2.537918776248123
3,33,77dd50b9c0471bf0,alveolar pattern,off,0.1351743831898211,1.0,0.3743020007037502,0.5426081538092196,1.0468079719915917
3,33,77dd50b9c0471bf0,alveolar pattern,on,0.1351743831898211,1.0,0.3257185340900162,0.4912892720994721,0.8703991017315086
4,48,a5ac519ee9edeeb2,alveolar pattern,off,0.119492809769552,1.0,0.6503205696414525,0.7878844875317477,3.038616078557109
4,48,a5ac519ee9edeeb2,alveolar pattern,on,0.119492809769552,1.0,0.445953048861366,0.6168102655578583,3.640394620722657
5,72,cac35f19b4896262,alveolar pattern,off,0.1506610333854753,1.0,0.3523693683297775,0.5194679470368009,2.013954572262437
5,72,cac35f19b4896262,alveolar pattern,on,0.1506610333854753,1.0,0.2399798080714813,0.3870605028878051,1.9903837238568045
6,83,a9c924550f7dbef7,alveolar pattern,off,0.1837346315220092,1.0,0.5533654879274598,0.7056087705844077,1.679136140106969
6,83,a9c924550f7dbef7,alveolar pattern,on,0.1837346315220092,1.0,0.5480480626420464,0.7080341620208311,1.1660685123726389
7,87,5edf23c8792c14b7,alveolar pattern,off,0.1519280343454721,1.0,0.5148074476750181,0.6675993277553296,2.087784637104221
7,87,5edf23c8792c14b7,alveolar pattern,on,0.1519280343454721,1.0,0.4141961967079644,0.5857096619046048,2.337965189764536
8,93,a188981b3ed526e3,alveolar pattern,off,0.1614500338679102,1.0,0.5873824676600508,0.7346175703016918,2.108278585992596
8,93,a188981b3ed526e3,alveolar pattern,on,0.1614500338679102,1.0,0.6991268777119984,0.822924471542622,1.9827826085782645
9,103,64d9172437438868,alveolar pattern,off,0.1540039666876209,1.0,0.440473881152067,0.6114448766456767,2.297270520660496
9,103,64d9172437438868,alveolar pattern,on,0.1540039666876209,1.0,0.3553365253099981,0.5243373738193451,2.560839747842863
10,108,c03eafa9870883f7,alveolar pattern,off,0.1354570218655127,1.0,0.2036686282482639,0.3347211164813584,2.81041384623904
10,108,c03eafa9870883f7,alveolar pattern,on,0.1354570218655127,1.0,0.0936664557197164,0.1712831354709425,2.7533037727594283
11,112,9691f91b24d4dc49,alveolar pattern,off,0.1205453951824725,1.0,0.5743757414708288,0.7265851883226893,2.606527080924146
11,112,9691f91b24d4dc49,alveolar pattern,on,0.1205453951824725,1.0,0.6271328931129602,0.7708383939386659,3.63162826105126
12,126,25a454ef982d4a77,alveolar pattern,off,0.1409246183159608,1.0,0.2910860215858782,0.4470053835789785,0.7629846801606629
12,126,25a454ef982d4a77,alveolar pattern,on,0.1409246183159608,1.0,0.3629069310518207,0.5325480582640774,0.8467077429472446
13,130,d8c7f0175a1d0c69,alveolar pattern,off,0.1266708575159958,1.0,0.3132532758239745,0.4712281925676243,1.2705540097886117
13,130,d8c7f0175a1d0c69,alveolar pattern,on,0.1266708575159958,1.0,0.4959562346808702,0.6630471232363988,1.079284387060352
14,131,752612af200cd226,alveolar pattern,off,0.1470305883270227,1.0,0.5316965249850736,0.689352807058779,2.8994590233338973
14,131,752612af200cd226,alveolar pattern,on,0.1470305883270227,1.0,0.2626887554917568,0.4160469533767075,2.9267978959595435
15,136,aeef674719471a34,alveolar pattern,off,0.1502078368882456,0.0,0.3577594709155868,0.5268405556456841,1.4248301055031254
15,136,aeef674719471a34,alveolar pattern,on,0.1502078368882456,0.0,0.3311358492535762,0.4975229103804561,1.157454508100184
16,143,57097f629ce56b8d,alveolar pattern,off,0.1526102656316243,0.0,0.0,0.0,-0.5130079283741881
16,143,57097f629ce56b8d,alveolar pattern,on,0.1526102656316243,0.0,0.0,0.0,-0.4665592301280518
17,153,461d3abdb0059029,alveolar pattern,off,0.1642666744635956,1.0,0.270125834610678,0.4229158662313919,0.9697208083452694
17,153,461d3abdb0059029,alveolar pattern,on,0.1642666744635956,1.0,0.2430203531867194,0.3909871616266616,0.8301499290681091
18,193,5de02e6948fcbe29,alveolar pattern,off,0.184816455418622,0.0,0.2202701145131463,0.358457514574458,1.473233197274524
18,193,5de02e6948fcbe29,alveolar pattern,on,0.184816455418622,0.0,0.2284941592177852,0.3719862404744768,1.2954627842505575
19,199,fc755cbf55712051,alveolar pattern,off,0.1512409299787046,1.0,0.416946562512555,0.5854673261969342,1.988857803002276
19,199,fc755cbf55712051,alveolar pattern,on,0.1512409299787046,1.0,0.2733895593574983,0.4293832260823683,1.8145402032522897
20,222,e91f227ed7575144,alveolar pattern,off,0.1545643709583887,0.0,0.288569218231805,0.4458763180936271,1.6290453341712618
20,222,e91f227ed7575144,alveolar pattern,on,0.1545643709583887,0.0,0.2466129572255061,0.395642850902812,1.4687362023509902
21,223,c7f14e4870b11bd2,alveolar pattern,off,0.1219537154803152,1.0,0.2246580564506954,0.3606017040580074,3.544938004438197
21,223,c7f14e4870b11bd2,alveolar pattern,on,0.1219537154803152,1.0,0.0846338754220084,0.156054055760552,2.911702534740916
22,253,69a583d5d50ece53,alveolar pattern,off,0.1346188519996686,1.0,0.4771867034095158,0.639220179083505,1.724939270755493
22,253,69a583d5d50ece53,alveolar pattern,on,0.1346188519996686,1.0,0.6635180217726612,0.7977271051413976,1.6108928139941583
23,271,75c190c8e407a0ec,alveolar pattern,off,0.178369369764484,1.0,0.5181364512484342,0.6784696816911168,1.822043697274752
23,271,75c190c8e407a0ec,alveolar pattern,on,0.178369369764484,1.0,0.6017689643710893,0.7513786550557567,1.3726591051204424
24,289,9ed96b8997b4891a,alveolar pattern,off,0.1033190552071302,1.0,0.650641077542954,0.7837312097958263,2.8125008651466445
24,289,9ed96b8997b4891a,alveolar pattern,on,0.1033190552071302,1.0,0.4699756617764192,0.6393997049364033,3.6802375154897353
25,294,f8072c87034e48df,alveolar pattern,off,0.1781208426531,1.0,0.5401280585898165,0.7001473145874615,1.5700606915103046
25,294,f8072c87034e48df,alveolar pattern,on,0.1781208426531,1.0,0.5791140921995728,0.7334659028789768,1.3963668721028797
26,314,dcaa609134e79162,alveolar pattern,off,0.1552124906802333,1.0,0.1487334934373201,0.2462425781447236,0.8999136708821742
26,314,dcaa609134e79162,alveolar pattern,on,0.1552124906802333,1.0,0.3138227327305199,0.4776050176944936,0.662927520180518
27,327,1b2c63d308f7428c,alveolar pattern,off,0.1632676929374442,1.0,0.5041178985577327,0.6656984457423213,2.023888998207039
27,327,1b2c63d308f7428c,alveolar pattern,on,0.1632676929374442,1.0,0.5814335828329877,0.7353237274052736,1.7983369812384031
28,339,1078017468e1d174,alveolar pattern,off,0.1735401468746497,1.0,0.4760812977340881,0.6405378541710415,1.5510073507970863
28,339,1078017468e1d174,alveolar pattern,on,0.1735401468746497,1.0,0.5402059843535116,0.7014669055904583,1.1400383631904285
29,381,d1daa857e59f76de,alveolar pattern,off,0.1392726439873494,1.0,0.3273264324106075,0.4929986506664514,1.4646554299632064
29,381,d1daa857e59f76de,alveolar pattern,on,0.1392726439873494,1.0,0.3532489243710938,0.5220752618788652,1.109638494147046
30,387,868a4f2cb7300cde,alveolar pattern,off,0.1604754177448357,1.0,0.5224534686381779,0.6824327327076711,1.8892548133516196
30,387,868a4f2cb7300cde,alveolar pattern,on,0.1604754177448357,1.0,0.5877547728358639,0.7403588330155273,1.632788304034049
31,400,59170f2348145e34,alveolar pattern,off,0.1724388306555755,1.0,0.2624757453286307,0.4077856248512329,1.489829624150028
31,400,59170f2348145e34,alveolar pattern,on,0.1724388306555755,1.0,0.366357564777393,0.5362201209504002,0.8160260089478224
32,410,dc378d8f41fb1f1e,alveolar pattern,off,0.1890852740376884,1.0,0.5665403311419608,0.7197801928329945,2.0666730621349103
32,410,dc378d8f41fb1f1e,alveolar pattern,on,0.1890852740376884,1.0,0.6390101195877831,0.7797502528798648,1.666294073512098
33,426,e484f5f98f0c9752,alveolar pattern,off,0.1341705285830543,1.0,0.1024860884501039,0.1820713991490848,3.4315009699230523
33,426,e484f5f98f0c9752,alveolar pattern,on,0.1341705285830543,1.0,0.0329486563040072,0.0637947231698009,2.650221857388392
34,436,d889554187fddacc,alveolar pattern,off,0.1232255895209274,1.0,0.4592899749697491,0.6219529506188535,1.957468201750273
34,436,d889554187fddacc,alveolar pattern,on,0.1232255895209274,1.0,0.6562384755219144,0.7924432936590582,1.919623443967992
35,447,0d5b377d638a93d1,alveolar pattern,off,0.1472206384710222,1.0,0.4895812085640424,0.656344240714771,2.059775916670094
35,447,0d5b377d638a93d1,alveolar pattern,on,0.1472206384710222,1.0,0.4583455534508202,0.6285788803802812,1.999481233750102
36,449,00fbfd1f9903998f,alveolar pattern,off,0.1459000336242562,1.0,0.1762518654127136,0.2950981993839049,0.9675650641525656
36,449,00fbfd1f9903998f,alveolar pattern,on,0.1459000336242562,1.0,0.3641649001428163,0.5338886474013552,0.7713808484295467
37,473,a7ac899b88a10556,alveolar pattern,off,0.1245267020452319,1.0,0.1491489179281726,0.2580812991988326,0.4323244312302937
37,473,a7ac899b88a10556,alveolar pattern,on,0.1245267020452319,1.0,0.2193696676975678,0.3597676105732081,0.4199910335708164
38,492,1c234f354df67ab3,alveolar pattern,off,0.1510801183183973,1.0,0.5267560990803241,0.6879811289736352,1.533738791747698
38,492,1c234f354df67ab3,alveolar pattern,on,0.1510801183183973,1.0,0.5924408461951327,0.7440661337143701,1.4868536464712003
39,14,17ef4f68c1c49a9f,aortic elongation,off,0.162453888474677,1.0,0.5211087498918814,0.6828621977799914,2.1208335824967834
39,14,17ef4f68c1c49a9f,aortic elongation,on,0.162453888474677,1.0,0.507633569896439,0.6733992994074457,2.4797517204234936
40,22,fa3a19af60c0eaf1,aortic elongation,off,0.1628583541657529,1.0,0.5491172962359474,0.7060143584449493,2.023031626867033
40,22,fa3a19af60c0eaf1,aortic elongation,on,0.1628583541657529,1.0,0.5577557449733801,0.7160997322780899,1.829585653516561
41,24,bfd5f6656b4678c1,aortic elongation,off,0.1593204976389924,1.0,0.4700302234746166,0.6346976557629808,2.090758707076417
41,24,bfd5f6656b4678c1,aortic elongation,on,0.1593204976389924,1.0,0.4223766904109191,0.5938853531457519,2.699177707174167
42,28,5f2f0b4c28987688,aortic elongation,off,0.1735742584389573,1.0,0.4135955930464699,0.580567451829803,1.4905698223319166
42,28,5f2f0b4c28987688,aortic elongation,on,0.1735742584389573,1.0,0.4807787810906971,0.6493593244379763,1.4673797047268318
43,31,e9625bd203f53a48,aortic elongation,off,0.1462557685091784,1.0,0.4271450736669656,0.5902015921240993,1.8621235229233977
43,31,e9625bd203f53a48,aortic elongation,on,0.1462557685091784,1.0,0.6820114611105512,0.8109418268545406,1.9245399612544296
44,36,4da28936d6e2bece,aortic elongation,off,0.1827697615601655,1.0,0.5894432610285263,0.7388437984168477,2.210886077863868
44,36,4da28936d6e2bece,aortic elongation,on,0.1827697615601655,1.0,0.5954947617818774,0.7464131402340698,2.55964505549602
45,41,19deb763c708d285,aortic elongation,off,0.1708453332943487,1.0,0.4873194364826047,0.6428385332895259,1.814110764365648
45,41,19deb763c708d285,aortic elongation,on,0.1708453332943487,1.0,0.6407395867695614,0.78103723657746,1.5289978421207893
46,45,d40c7f5259a24598,aortic elongation,off,0.1591548128980697,1.0,0.5519894576603825,0.7011813476592252,2.268880316256661
46,45,d40c7f5259a24598,aortic elongation,on,0.1591548128980697,1.0,0.6371197068534801,0.7783351656212989,2.4758235093278
47,54,cada1a2e8b3c3ab9,aortic elongation,off,0.1818000185177063,1.0,0.3347127510600851,0.4932731159292995,2.146187752916661
47,54,cada1a2e8b3c3ab9,aortic elongation,on,0.1818000185177063,1.0,0.2571295806775476,0.409056791429355,2.2965659638877707
48,59,3521c4cbb1034b4b,aortic elongation,off,0.1752554712512609,1.0,0.5103440644406708,0.6750025493765758,2.2397869720237518
48,59,3521c4cbb1034b4b,aortic elongation,on,0.1752554712512609,1.0,0.5266745494895116,0.6899542131785112,2.75300045576336
49,68,f48a6c960f0f31d0,aortic elongation,off,0.1551442675516181,1.0,0.4867967055908067,0.6519884627499349,2.138582602818461
49,68,f48a6c960f0f31d0,aortic elongation,on,0.1551442675516181,1.0,0.5186450434831853,0.6830295703639568,2.5250908503560137
50,70,fed109739ed96c34,aortic elongation,off,0.1576977617940733,1.0,0.4495886375132008,0.6066713851566511,2.3311600754667854
50,70,fed109739ed96c34,aortic elongation,on,0.1576977617940733,1.0,0.761731895178421,0.8647526077926712,2.705964428813819
51,79,2597d1512ec90441,aortic elongation,off,0.1499593097768616,1.0,0.4686910350886902,0.6340044477628571,1.707681038300893
51,79,2597d1512ec90441,aortic elongation,on,0.1499593097768616,1.0,0.5561020641614974,0.7147372452125178,1.363470466322758
52,88,6db8c4ef4b75554d,aortic elongation,off,0.1398086828550404,1.0,0.5946852461484233,0.7448488814646957,2.3298144554050046
52,88,6db8c4ef4b75554d,aortic elongation,on,0.1398086828550404,1.0,0.5684602662840864,0.7248569748027925,2.408068793017319
53,91,5ac36dced824d910,aortic elongation,off,0.1925061766296799,1.0,0.5053145137835224,0.6692860030216019,2.0238333962071047
53,91,5ac36dced824d910,aortic elongation,on,0.1925061766296799,1.0,0.4645867713315516,0.634407938047103,1.912149605198584
54,97,46e2e197c942966c,aortic elongation,off,0.1737204508574185,1.0,0.5174877409846173,0.681475557357482,1.9438730430192093
54,97,46e2e197c942966c,aortic elongation,on,0.1737204508574185,1.0,0.5231976642431653,0.6869713180343673,1.7859443283229213
55,98,3957ad4026dfe112,aortic elongation,off,0.168652447017431,0.0,0.1239577954094783,0.2202835983185212,1.6028211922458668
55,98,3957ad4026dfe112,aortic elongation,on,0.168652447017431,0.0,0.130356320258302,0.2306447833319052,1.8515988050142664
56,115,cbb83f9f17dd1c99,aortic elongation,off,0.155967818175616,1.0,0.54042501748317,0.694875695087979,2.146674866261588
56,115,cbb83f9f17dd1c99,aortic elongation,on,0.155967818175616,1.0,0.511567031010693,0.6768523268493856,2.2140422952670997
57,116,e1a2f29ccc110db4,aortic elongation,off,0.158282531467918,1.0,0.5294756860122887,0.6866584523089211,2.0458907866955287
57,116,e1a2f29ccc110db4,aortic elongation,on,0.158282531467918,1.0,0.5716935427700773,0.7274672457814144,2.184307066303925
58,132,f22151af3b3f2366,aortic elongation,off,0.1604071946162205,0.0,0.281270223514352,0.438505149046577,2.0318974027491072
58,132,f22151af3b3f2366,aortic elongation,on,0.1604071946162205,0.0,0.2359466903316558,0.3818040715940455,2.2841071494298366
59,137,cb65c58a6b14ee41,aortic elongation,off,0.1823555497078588,1.0,0.3941982774134264,0.5549018598369552,1.7164848023873784
59,137,cb65c58a6b14ee41,aortic elongation,on,0.1823555497078588,1.0,0.5966372185906775,0.7473501473720788,1.3972279755217951
60,142,101df8794836549e,aortic elongation,off,0.1326306351085966,1.0,0.4586986634171943,0.6234270166471373,1.782087389309318
60,142,101df8794836549e,aortic elongation,on,0.1326306351085966,1.0,0.5530369085848919,0.7121934249458234,1.922440785203037
61,157,f4b3f50031c9ec61,aortic elongation,off,0.1617667841079094,1.0,0.3790768039116017,0.5351195147796879,1.85944895990027
61,157,f4b3f50031c9ec61,aortic elongation,on,0.1617667841079094,1.0,0.6660337637836746,0.7995437577292344,1.582992092172519
62,161,4410bb1d2b0ea17f,aortic elongation,off,0.1734621775848037,1.0,0.4583068567818611,0.6278563117054844,1.6620431801640974
62,161,4410bb1d2b0ea17f,aortic elongation,on,0.1734621775848037,1.0,0.4943030898991125,0.6615832567477102,1.34337410934456
63,165,2a152bea13130f22,aortic elongation,off,0.1741444088709559,1.0,0.3324533879833045,0.4855440418645388,1.2566887616609417
63,165,2a152bea13130f22,aortic elongation,on,0.1741444088709559,1.0,0.4731988262181351,0.6424096930554567,1.1396273030758737
64,168,23b3ccfd2a0fe4eb,aortic elongation,off,0.1645639323811333,1.0,0.3990262251928015,0.5700353583462627,1.9058094497027889
64,168,23b3ccfd2a0fe4eb,aortic elongation,on,0.1645639323811333,1.0,0.3875616563061992,0.5586205163966156,2.0786922405334853
65,175,e8136a56fee26510,aortic elongation,off,0.1542524937990049,0.0,0.1383393858075238,0.2420888080799065,1.3258333003697282
65,175,e8136a56fee26510,aortic elongation,on,0.1542524937990049,0.0,0.1697567415099743,0.2902421169874079,1.2406292669459182
66,176,b287c43ee9bccb8b,aortic elongation,off,0.1477225657744056,1.0,0.4816132694369867,0.6418608452974318,1.920679256826929
66,176,b287c43ee9bccb8b,aortic elongation,on,0.1477225657744056,1.0,0.6868757104098174,0.8143696373208922,2.1917887766303417
67,180,eeb67d234026f6f9,aortic elongation,off,0.1616741955762174,1.0,0.5465774851381471,0.7001637781210601,2.39854103943589
67,180,eeb67d234026f6f9,aortic elongation,on,0.1616741955762174,1.0,0.5422058256475148,0.7031428253890798,2.8898215221433063
68,186,0333891b0f71e1fb,aortic elongation,off,0.1657480909706689,1.0,0.6108071899402446,0.7576900629690406,2.465112396245867
68,186,0333891b0f71e1fb,aortic elongation,on,0.1657480909706689,1.0,0.5688546741391367,0.7251658201975587,2.778296597326501
69,216,f1e46cb81d878187,aortic elongation,off,0.1582971507097642,1.0,0.5794124213186558,0.7306485821937212,2.289968982888258
69,216,f1e46cb81d878187,aortic elongation,on,0.1582971507097642,1.0,0.5498940081674546,0.7095820664837121,2.5477517573881454
70,221,36e3930c195b1c39,aortic elongation,off,0.1810154525386313,1.0,0.4884195893551593,0.6553934932216954,2.1244950690797157
70,221,36e3930c195b1c39,aortic elongation,on,0.1810154525386313,1.0,0.4775145510596899,0.6463710214193167,2.151223751666494
71,233,63bb0a08676392f3,aortic elongation,off,0.1477664234999439,1.0,0.4490272670367485,0.6186889075139097,2.232786444322359
71,233,63bb0a08676392f3,aortic elongation,on,0.1477664234999439,1.0,0.3901428131748589,0.5612960816468215,2.292806368543251
72,235,dd4addda66584aeb,aortic elongation,off,0.1535507701903912,1.0,0.4043650217618886,0.56840177230791,1.7711222130859547
72,235,dd4addda66584aeb,aortic elongation,on,0.1535507701903912,1.0,0.6503549539343976,0.7881266239785754,1.4906762355987493
73,240,db2b48fcaeaef282,aortic elongation,off,0.12718253098061,1.0,0.5865835269611128,0.7303461424032742,2.3047725632353413
73,240,db2b48fcaeaef282,aortic elongation,on,0.12718253098061,1.0,0.737625283116176,0.8489956838079861,2.735853495081309
74,241,909d9eee17f7ddd7,aortic elongation,off,0.1696904131885054,1.0,0.4063735758964711,0.5681263537203187,1.4854903930595529
74,241,909d9eee17f7ddd7,aortic elongation,on,0.1696904131885054,1.0,0.4965414922050614,0.6635718121713556,1.0615010586011704
75,248,4bd020cb73204921,aortic elongation,off,0.1501591060820919,1.0,0.5145266409282263,0.6788899084090474,2.2351535860598357
75,248,4bd020cb73204921,aortic elongation,on,0.1501591060820919,1.0,0.5353032976866254,0.6973246061176548,2.1448260413743827
76,250,fafc3cfe7014fa5d,aortic elongation,off,0.1663426068057444,1.0,0.4732326556358332,0.6369899133343904,1.9234124711795917
76,250,fafc3cfe7014fa5d,aortic elongation,on,0.1663426068057444,1.0,0.5583872157421211,0.7166198169429329,1.9766769794023151
77,254,841cbc366556046e,aortic elongation,off,0.1562407106900769,1.0,0.4988610219311177,0.6577372114251023,1.9717846858361296
77,254,841cbc366556046e,aortic elongation,on,0.1562407106900769,1.0,0.622184005713996,0.767094174927019,1.9341702737384456
78,255,0cc81d32d5350288,aortic elongation,off,0.1807571792660166,1.0,0.4974797941997121,0.6566050129596921,2.226052840652053
78,255,0cc81d32d5350288,aortic elongation,on,0.1807571792660166,1.0,0.5525870487739658,0.7118241544605037,2.3790508790482296
79,257,01fe59eca0982fc7,aortic elongation,off,0.1528831581460852,1.0,0.5670139194254634,0.7190030035334232,2.0403048127274244
79,257,01fe59eca0982fc7,aortic elongation,on,0.1528831581460852,1.0,0.6013681595464537,0.7510573801337471,1.9903166278338624
80,263,426946625b31b4b6,aortic elongation,off,0.1796071322407886,1.0,0.4653903743182463,0.6342056578985882,1.7730656285950652
80,263,426946625b31b4b6,aortic elongation,on,0.1796071322407886,1.0,0.4529588334265518,0.6234954217320772,1.5428086522948028
81,268,92d00ec883d9f857,aortic elongation,off,0.1563527915442305,1.0,0.5245822315579105,0.6841300172759012,2.176428591566127
81,268,92d00ec883d9f857,aortic elongation,on,0.1563527915442305,1.0,0.5127063286306666,0.6777871022606028,2.6605439443244934
82,275,47046c3aec848d4d,aortic elongation,off,0.1785837853115604,1.0,0.5517037497838361,0.7075928964112702,1.9786604064945947
82,275,47046c3aec848d4d,aortic elongation,on,0.1785837853115604,1.0,0.6149548091017399,0.7615742220134508,1.7128289758948334
83,281,5877943fcb6caedf,aortic elongation,off,0.1866097490850791,1.0,0.3707579179997369,0.5362487950685846,2.264136694542728
83,281,5877943fcb6caedf,aortic elongation,on,0.1866097490850791,1.0,0.3015506668497977,0.4633621711659824,2.5127349913694785
84,284,354eff7de62cf564,aortic elongation,off,0.1491552514753251,1.0,0.5790926295847032,0.7275891486889562,2.078582494250797
84,284,354eff7de62cf564,aortic elongation,on,0.1491552514753251,1.0,0.6339135618547819,0.7759302621652836,2.1154527454455883
85,285,fdd37ebb7c5238f3,aortic elongation,off,0.1671710305103577,1.0,0.5149852483633574,0.6784621511365415,2.125096723852601
85,285,fdd37ebb7c5238f3,aortic elongation,on,0.1671710305103577,1.0,0.5516879262340634,0.7110794105967264,2.2219238770807945
86,288,bb507a0de0ae0301,aortic elongation,off,0.1381713277682752,1.0,0.5675681014665162,0.7160277607428325,2.4875567331906376
86,288,bb507a0de0ae0301,aortic elongation,on,0.1381713277682752,1.0,0.7018841366560024,0.8248243413234704,3.3234271245069
87,290,7fb32bdbee67f55a,aortic elongation,off,0.1346724558864377,1.0,0.5213117122272359,0.6759292275030817,2.4293703403067464
87,290,7fb32bdbee67f55a,aortic elongation,on,0.1346724558864377,1.0,0.6869424610615261,0.8144090412139215,3.356262223260903
88,301,27445e3a73bb12f2,aortic elongation,off,0.1535653894322373,1.0,0.5733671404379895,0.7208892665418093,2.252308459556011
88,301,27445e3a73bb12f2,aortic elongation,on,0.1535653894322373,1.0,0.7396678799075758,0.8503521865236179,2.8391110538809503
89,302,24b38217d36643ec,aortic elongation,off,0.1810008332967852,0.0,0.0246969900368285,0.0468557917372401,1.1539270028226265
89,302,24b38217d36643ec,aortic elongation,on,0.1810008332967852,0.0,0.0715624990211975,0.133565763566061,1.0822685765012254
90,303,7fa41fd84372c5f0,aortic elongation,off,0.1759279563761823,1.0,0.4754168205266681,0.6354494841436253,1.941521496703869
90,303,7fa41fd84372c5f0,aortic elongation,on,0.1759279563761823,1.0,0.6895236343428974,0.8162341062128498,1.8245897990239897
91,307,786281fa2cbe27cb,aortic elongation,off,0.1824676305620124,1.0,0.4169569390369426,0.5871043704503714,1.625836484993665
91,307,786281fa2cbe27cb,aortic elongation,on,0.1824676305620124,1.0,0.4568917955700688,0.6272140894014775,1.156276689617045
92,308,4fdbb59282082874,aortic elongation,off,0.1785204352635605,1.0,0.5829798275711778,0.7351331627162109,2.3840284576350035
92,308,4fdbb59282082874,aortic elongation,on,0.1785204352635605,1.0,0.6180263309112309,0.763922215905127,2.784426416082991
93,309,6c7a5880b102eb17,aortic elongation,off,0.1585018200956098,1.0,0.5481984978969887,0.7028808102336742,2.4374750329123707
93,309,6c7a5880b102eb17,aortic elongation,on,0.1585018200956098,1.0,0.4275865247806502,0.5990132475922811,2.61869552396831
94,319,ca5b06714e75e653,aortic elongation,off,0.1415532457153438,1.0,0.5203917314916471,0.683073685575412,2.3418559215801467
94,319,ca5b06714e75e653,aortic elongation,on,0.1415532457153438,1.0,0.5267586319192834,0.6900321251175916,2.3802580054513576
95,321,ea6fcf47e434e5c0,aortic elongation,off,0.1735206545521882,1.0,0.458533711639591,0.6281458566100936,1.837727205267553
95,321,ea6fcf47e434e5c0,aortic elongation,on,0.1735206545521882,1.0,0.470835913976885,0.6402252673604641,1.7525358468473675
96,322,3cdc157fc57bca49,aortic elongation,off,0.1759961795047975,0.0,0.0829784206195147,0.1516479113016569,0.7755215059789976
96,322,3cdc157fc57bca49,aortic elongation,on,0.1759961795047975,0.0,0.0954265982891127,0.1742267833026437,0.3239532789560616
97,324,85b60300429551f4,aortic elongation,off,0.1576587771491504,1.0,0.5182407134045721,0.680615807110871,2.4299926448505187
97,324,85b60300429551f4,aortic elongation,on,0.1576587771491504,1.0,0.4499959109046799,0.6206496963422596,3.1724721619412954
98,325,52cbe466021acbb9,aortic elongation,off,0.1549590904882339,1.0,0.3808116300926295,0.5448781182793913,1.8071662672580373
98,325,52cbe466021acbb9,aortic elongation,on,0.1549590904882339,1.0,0.6166326236571213,0.762860397624751,1.6985323143285866
99,333,eeeffb588fcfb308,aortic elongation,off,0.1387122397165816,1.0,0.5503544060934442,0.7058945559175129,2.3359905729832144
99,333,eeeffb588fcfb308,aortic elongation,on,0.1387122397165816,1.0,0.5864206193093515,0.7392879721575902,2.937081290561085
100,335,2443d208248bb60c,aortic elongation,off,0.1739251202432641,1.0,0.3558269459982196,0.5243084250418364,1.672864270938332
100,335,2443d208248bb60c,aortic elongation,on,0.1739251202432641,1.0,0.3290292680002663,0.4951413051107164,1.4844808388672182
101,342,80afe05797663080,aortic elongation,off,0.1563430453829997,1.0,0.5453662364261707,0.70306777663407,2.1768777510336967
101,342,80afe05797663080,aortic elongation,on,0.1563430453829997,1.0,0.5285474454880499,0.6915617745588604,2.339080376493303
102,346,f4fbcd719489c025,aortic elongation,off,0.1607726756623735,1.0,0.3749205562138029,0.5344598223504481,1.5282427274818708
102,346,f4fbcd719489c025,aortic elongation,on,0.1607726756623735,1.0,0.6114446385140921,0.7588770978655497,1.483268746448272
103,349,2508e1281c5e4861,aortic elongation,off,0.1264661881301502,1.0,0.5515023252514745,0.7102236479438514,2.149170003701662
103,349,2508e1281c5e4861,aortic elongation,on,0.1264661881301502,1.0,0.5182848789015604,0.6827205042165421,2.20345697806046
104,359,a6fb6eac39bcdb30,aortic elongation,off,0.2045621780721118,0.0,0.0897047700381997,0.1645790008335019,0.8571378341771931
104,359,a6fb6eac39bcdb30,aortic elongation,on,0.2045621780721118,0.0,0.0914806437901819,0.1676264864838958,0.615833908591258
105,360,7d3a63dafaeb39ab,aortic elongation,off,0.1989971200093563,1.0,0.6471373755005722,0.7849203384934509,2.181275838781931
105,360,7d3a63dafaeb39ab,aortic elongation,on,0.1989971200093563,1.0,0.6897257040454836,0.8163758542063299,2.050161492359857
106,364,312ef254f0cefc84,aortic elongation,off,0.1757379062321828,1.0,0.575610893401716,0.7277965345023327,2.288605726144733
106,364,312ef254f0cefc84,aortic elongation,on,0.1757379062321828,1.0,0.5090598835199485,0.6746638123691753,2.3112664600124715
107,365,ef4277bdd93833ac,aortic elongation,off,0.1493209362162478,1.0,0.5181153619918918,0.6769793008015068,2.094818440582197
107,365,ef4277bdd93833ac,aortic elongation,on,0.1493209362162478,1.0,0.6175738346595845,0.7635780585384436,1.9689640281047776
108,368,4eeb7e68dcafc52f,aortic elongation,off,0.1649147941854402,1.0,0.5165342455804997,0.673514772601964,2.1692077193899597
108,368,4eeb7e68dcafc52f,aortic elongation,on,0.1649147941854402,1.0,0.6544861483871022,0.7911644731339349,2.110796219189382
109,370,2857a8c6c79fccc6,aortic elongation,off,0.1921553148253731,1.0,0.507729470491099,0.6674131383468026,1.5142633639759544
109,370,2857a8c6c79fccc6,aortic elongation,on,0.1921553148253731,1.0,0.6032818284419003,0.7525570462645009,1.5382006629487577
110,377,278df654823bf6ee,aortic elongation,off,0.1668688995122046,1.0,0.3485170660378499,0.5094491517537187,2.241131613413231
110,377,278df654823bf6ee,aortic elongation,on,0.1668688995122046,1.0,0.3245303256531635,0.4900133058406817,2.5861586887563823
111,378,6090c609713b7751,aortic elongation,off,0.1396576173559639,1.0,0.5730396639811305,0.7280904925100139,2.1189928431135825
111,378,6090c609713b7751,aortic elongation,on,0.1396576173559639,1.0,0.5859545168851125,0.7389240851080434,2.0983123981321468
112,379,8ac8a6fe478e8bd6,aortic elongation,off,0.1561724875614617,1.0,0.3628187243206853,0.5264287173566725,1.656690985748809
112,379,8ac8a6fe478e8bd6,aortic elongation,on,0.1561724875614617,1.0,0.6197655081233371,0.7652533097399606,1.50696819250214
113,384,5d38483f79af4b3e,aortic elongation,off,0.1575418232143814,1.0,0.5995741884473471,0.7435880080156825,2.51215639466858
113,384,5d38483f79af4b3e,aortic elongation,on,0.1575418232143814,1.0,0.5186410444387588,0.6830181856441838,2.995458695936757
114,391,c4a5dd3178e7793b,aortic elongation,off,0.1371918385645853,1.0,0.6112337612404541,0.7577380057051705,2.669506921516214
114,391,c4a5dd3178e7793b,aortic elongation,on,0.1371918385645853,1.0,0.5653216807949015,0.7222946965505146,3.3111913976122613
115,393,d1717dead5c93e5d,aortic elongation,off,0.1748558786408003,1.0,0.5609418003257117,0.718298778033052,2.208088343798123
115,393,d1717dead5c93e5d,aortic elongation,on,0.1748558786408003,1.0,0.5288890510015756,0.6918583019254627,2.0796200991417804
116,395,6bc6af6646fd4f48,aortic elongation,off,0.1681115350691246,1.0,0.5694036741884914,0.7244287860678206,2.219637560495373
116,395,6bc6af6646fd4f48,aortic elongation,on,0.1681115350691246,1.0,0.5901881416800411,0.742285913954075,2.397190046043907
117,399,cbcf1d839de55224,aortic elongation,off,0.2016968066702727,1.0,0.4699664838235661,0.6368150164103833,2.0803397345516235
117,399,cbcf1d839de55224,aortic elongation,on,0.2016968066702727,1.0,0.5048553150682074,0.6709617812305112,2.1981795831552287
118,404,601e9e006ca98961,aortic elongation,off,0.1569911651048443,1.0,0.6476061621299876,0.7813241387953502,2.8932929573915134
118,404,601e9e006ca98961,aortic elongation,on,0.1569911651048443,1.0,0.4505980562449233,0.6212329936278687,3.224033446421592
119,407,c4daa9055babb73c,aortic elongation,off,0.1501444868402458,1.0,0.5743364306512616,0.7236638673386758,1.967588736038759
119,407,c4daa9055babb73c,aortic elongation,on,0.1501444868402458,1.0,0.6126558673743501,0.7598020497412457,1.9625127818930257
120,413,346b10be7977b4eb,aortic elongation,off,0.1499057058900925,1.0,0.4181299551311166,0.5889138462886443,1.4873260978462697
120,413,346b10be7977b4eb,aortic elongation,on,0.1499057058900925,1.0,0.4407454739143808,0.6118261484286815,1.395155247010923
121,414,4327ee7e4bb44f73,aortic elongation,off,0.1757720177964904,1.0,0.4914507498491168,0.6556734437841232,1.9409200592215907
121,414,4327ee7e4bb44f73,aortic elongation,on,0.1757720177964904,1.0,0.5247153364655756,0.6882701231350673,1.868563857865847
122,417,ed79f0a53e4dee1d,aortic elongation,off,0.2041918239453435,1.0,0.3100874159533401,0.4728138013105384,1.6112902839065364
122,417,ed79f0a53e4dee1d,aortic elongation,on,0.2041918239453435,1.0,0.3404831626149514,0.5080004517453817,1.6129040935407195
123,420,57cd46aa138100c3,aortic elongation,off,0.1467771881350233,1.0,0.6988744009021752,0.8199126743038707,2.821213649571642
123,420,57cd46aa138100c3,aortic elongation,on,0.1467771881350233,1.0,0.4695434417453829,0.6390007941275337,3.3275261931697497
124,422,6c279a1587eaca01,aortic elongation,off,0.1310956147147542,1.0,0.2743150182909526,0.4226288207646507,1.279893423946734
124,422,6c279a1587eaca01,aortic elongation,on,0.1310956147147542,1.0,0.4617664635907165,0.6317592621536023,1.0059606505909149
125,424,ce75e5a5db0bea48,aortic elongation,off,0.1546910710543884,1.0,0.5805891465829823,0.7333929143412907,2.190798120037427
125,424,ce75e5a5db0bea48,aortic elongation,on,0.1546910710543884,1.0,0.5470914774874134,0.7072453247842589,2.335860117077218
126,432,ee28fa034bce1fda,aortic elongation,off,0.1529903659196234,1.0,0.632391940888802,0.7713430724115143,2.8840283459001768
126,432,ee28fa034bce1fda,aortic elongation,on,0.1529903659196234,1.0,0.4685625378521887,0.638109365134756,3.291368143997615
127,443,b3a2874f69846176,aortic elongation,off,0.1585066931762252,1.0,0.5236066314062697,0.6783650759131084,2.1502446873844283
127,443,b3a2874f69846176,aortic elongation,on,0.1585066931762252,1.0,0.6301444096376451,0.7731143619263136,2.0457559724625205
128,454,787a2bfc5a2331c8,aortic elongation,off,0.1417725343430356,1.0,0.6575095107611786,0.7913020267514395,2.888491884116003
128,454,787a2bfc5a2331c8,aortic elongation,on,0.1417725343430356,1.0,0.5356492937031205,0.6976043844717948,3.338455981490709
129,458,3181b6357a7323cd,aortic elongation,off,0.167580369282049,1.0,0.6251504967047911,0.7678926214720662,2.333324409938637
129,458,3181b6357a7323cd,aortic elongation,on,0.167580369282049,1.0,0.5397205994034433,0.7010506928933766,2.311026791553807
130,460,606c0187fa81c5f2,aortic elongation,off,0.1616352109312944,1.0,0.429449319156671,0.599789488922793,1.8933188539048404
130,460,606c0187fa81c5f2,aortic elongation,on,0.1616352109312944,1.0,0.4052755442146868,0.5767875678901864,1.7196113573290857
131,467,9def6ee814e1821d,aortic elongation,off,0.1344824057424382,1.0,0.3411046940763125,0.5018510341632425,1.3915370537405676
131,467,9def6ee814e1821d,aortic elongation,on,0.1344824057424382,1.0,0.501344601030114,0.6678446289536486,1.1446374340299563
132,468,afb6b1bd651be214,aortic elongation,off,0.1541696514285435,1.0,0.6045737927380752,0.7515241746714454,2.4732527109182443
132,468,afb6b1bd651be214,aortic elongation,on,0.1541696514285435,1.0,0.6066737109962903,0.7551793141871771,3.33393436729388
133,469,df31f174d30b0e6c,aortic elongation,off,0.1449741483073354,1.0,0.3386447620834695,0.4899801410450741,1.9389899183670345
133,469,df31f174d30b0e6c,aortic elongation,on,0.1449741483073354,1.0,0.6700389827924879,0.8024175306492175,2.1060154444546235
134,479,bd2d25b1e77db40d,aortic elongation,off,0.1695783323343518,1.0,0.2841017155187013,0.4393175147809419,1.3633287371029243
134,479,bd2d25b1e77db40d,aortic elongation,on,0.1695783323343518,1.0,0.3507471757494461,0.5193353037591881,0.9541750764148684
135,481,b55ee524bc14b7f1,aortic elongation,off,0.1497059095848622,0.0,0.3283056685107957,0.4938932868652627,2.088578509658456
135,481,b55ee524bc14b7f1,aortic elongation,on,0.1497059095848622,0.0,0.2791609153559492,0.4364741572525196,2.286191616892544
136,484,e330df2c116f57e3,aortic elongation,off,0.1390923400045807,1.0,0.3629256373037944,0.5281201168750057,1.488215453622037
136,484,e330df2c116f57e3,aortic elongation,on,0.1390923400045807,1.0,0.51045586247859,0.6758863496828025,1.4123319025713783
137,485,8204907be397f49f,aortic elongation,off,0.1482439854002504,1.0,0.4461609235156984,0.6116441504635655,1.6400414471545224
137,485,8204907be397f49f,aortic elongation,on,0.1482439854002504,1.0,0.5114053040780935,0.6767184694815657,1.4500381984699913
138,493,91ea06de1b4bdda4,aortic elongation,off,0.1575223308919199,1.0,0.5553959458281333,0.7093043565865456,2.0867286602353468
138,493,91ea06de1b4bdda4,aortic elongation,on,0.1575223308919199,1.0,0.635938639256769,0.777458994879334,1.9603264227480048
139,503,031e29dc2fe17f54,aortic elongation,off,0.1517623496045495,1.0,0.512784516474731,0.6719382747504318,2.4240989596039886
139,503,031e29dc2fe17f54,aortic elongation,on,0.1517623496045495,1.0,0.4456028602738384,0.616467995988863,3.0831420459514223
140,512,f60ef73b4eada56b,aortic elongation,off,0.1612063798371416,1.0,0.3544730365331415,0.519019504862259,1.671642085299559
140,512,f60ef73b4eada56b,aortic elongation,on,0.1612063798371416,1.0,0.4938390828439017,0.6611531057332882,1.1188177226363458
141,515,50792ee23b969714,aortic elongation,off,0.1608652641940655,1.0,0.5852789531246345,0.7367361112099997,2.75068543215756
141,515,50792ee23b969714,aortic elongation,on,0.1608652641940655,1.0,0.3921147211076486,0.5633099790667286,3.0249061554779857
142,516,8f2fbdc225eeb4b7,aortic elongation,off,0.1427861351110331,1.0,0.4601293773513927,0.6289335185876794,1.7556712331580475
142,516,8f2fbdc225eeb4b7,aortic elongation,on,0.1427861351110331,1.0,0.5022433446425364,0.6686545901279263,1.626348205038319
143,520,fa66ba62408f5bb3,aortic elongation,off,0.1493355554580939,1.0,0.5176668658630167,0.6757045000491649,1.956060981375569
143,520,fa66ba62408f5bb3,aortic elongation,on,0.1493355554580939,1.0,0.664029856776008,0.7980974326322968,1.592485891977657
144,523,f97dbc0cf694169f,aortic elongation,off,0.1419772037288812,1.0,0.4232595365875043,0.5905147439149752,1.6230619593813944
144,523,f97dbc0cf694169f,aortic elongation,on,0.1419772037288812,1.0,0.5229657773520231,0.6867717894526482,1.2858884170847218
145,527,e4e74f812d6895b0,aortic elongation,off,0.1586187740303787,1.0,0.5367457248608802,0.691482612999739,2.2623489846681712
145,527,e4e74f812d6895b0,aortic elongation,on,0.1586187740303787,1.0,0.6500543973548364,0.7879186101172555,2.222952982256943
146,7,8e809b77e3a489ef,atelectasis,off,0.1314659688415225,1.0,0.5017429652001625,0.6664276173811102,1.9955704525496256
146,7,8e809b77e3a489ef,atelectasis,on,0.1314659688415225,1.0,0.5320461111321055,0.6945330902930098,2.248818219399239
147,11,6194b5ef08e1beaa,atelectasis,off,0.1274846619787631,0.0,0.1231032476511193,0.215833895720698,3.394188438483081
147,11,6194b5ef08e1beaa,atelectasis,on,0.1274846619787631,0.0,0.050529724644744,0.0961960888945908,2.796642972050178
148,15,8dde7c24f7c7854b,atelectasis,off,0.1606605948082199,1.0,0.1235264216935104,0.2150380424822429,2.9397584559269307
148,15,8dde7c24f7c7854b,atelectasis,on,0.1606605948082199,1.0,0.0579632606031007,0.1095723870513561,2.456633992146154
149,19,c1fbe35407da1064,atelectasis,off,0.1704603599257342,1.0,0.2550406493775016,0.4043366774593694,1.2392671539858846
149,19,c1fbe35407da1064,atelectasis,on,0.1704603599257342,1.0,0.2312066199573311,0.3755655738522738,0.9707402181089176
150,20,7139216b1a7e91c5,atelectasis,off,0.1758207486026441,1.0,0.4444557059579545,0.6122527095944286,1.5553497707223036
150,20,7139216b1a7e91c5,atelectasis,on,0.1758207486026441,1.0,0.5110192751432849,0.6763859910136365,1.042817818801837
151,29,9eaa7389406cdcff,atelectasis,off,0.1704798522481957,1.0,0.3145744527949066,0.4648629413143781,2.274086184920431
151,29,9eaa7389406cdcff,atelectasis,on,0.1704798522481957,1.0,0.2068963787394998,0.3428410680006082,2.502231932485377
152,78,d93941381e90eacf,atelectasis,off,0.1354472757042819,1.0,0.5250662421631203,0.6828266509243789,2.3515954593160364
152,78,d93941381e90eacf,atelectasis,on,0.1354472757042819,1.0,0.3770265011420304,0.5475047421493915,2.7612135205495894
153,86,2d81d6b510b24601,atelectasis,off,0.1435658280094927,1.0,0.3488292007496144,0.516403570121664,1.516398659610918
153,86,2d81d6b510b24601,atelectasis,on,0.1435658280094927,1.0,0.2565016996758746,0.4082777376184445,1.2719079537767983
154,90,076d2d1b5d8cb69f,atelectasis,off,0.1353498140919745,0.0,0.1601003400179544,0.2756555012512701,1.902737679195276
154,90,076d2d1b5d8cb69f,atelectasis,on,0.1353498140919745,0.0,0.1259106841678683,0.2236591378192546,2.061708319585412
155,107,4569a1e88cb8719a,atelectasis,off,0.1343605787270538,1.0,0.304179752986016,0.4647830917350878,1.2439704799553373
155,107,4569a1e88cb8719a,atelectasis,on,0.1343605787270538,1.0,0.3490551685964101,0.5174753065826107,0.9096741332064756
156,111,39af5dbb83f791bc,atelectasis,off,0.1788859163097135,1.0,0.0385109878212539,0.0735753414470476,2.242827967257637
156,111,39af5dbb83f791bc,atelectasis,on,0.1788859163097135,1.0,0.033153660362043,0.0641783131628607,2.285543944690779
157,127,149c31b9f0613a25,atelectasis,off,0.1173535273794034,1.0,0.5504570428900888,0.7092599271265683,2.036890584500954
157,127,149c31b9f0613a25,atelectasis,on,0.1173535273794034,1.0,0.5415440011140761,0.7025727280163284,2.156423433717739
158,134,2b4573785baf0a9b,atelectasis,off,0.1776140422691012,1.0,0.3679851551506458,0.5349973069118854,1.3806897679671586
158,134,2b4573785baf0a9b,atelectasis,on,0.1776140422691012,1.0,0.4437818974182138,0.6147491323865631,1.1255446867142436
159,145,5e6c67d898f729ed,atelectasis,off,0.1029194625966697,0.0,0.2591451605145468,0.4109743855154307,2.44398010801396
159,145,5e6c67d898f729ed,atelectasis,on,0.1029194625966697,0.0,0.1510740209667367,0.2624815865962244,3.288681953618786
160,147,78c800e6d13b76f5,atelectasis,off,0.1259788800686129,1.0,0.1684323429814749,0.2862868481612601,0.5519633617071643
160,147,78c800e6d13b76f5,atelectasis,on,0.1259788800686129,1.0,0.2638566119792162,0.4175340248013621,0.5192184686802351
161,148,4946f596d88523e4,atelectasis,off,0.1683454429386625,0.0,0.0305998012019497,0.0590910194535004,0.9576100622638922
161,148,4946f596d88523e4,atelectasis,on,0.1683454429386625,0.0,0.0283256772026552,0.0550899108988602,0.4137075649698377
162,154,7b885a0d0f4df9bd,atelectasis,off,0.1659771257595914,1.0,0.4163159409181635,0.5864294443708619,1.6773607351188422
162,154,7b885a0d0f4df9bd,atelectasis,on,0.1659771257595914,1.0,0.3575121420406842,0.5267133450838484,1.3260466636124213
163,159,071f871817e15b2f,atelectasis,off,0.1003172375480607,1.0,0.4953790524753899,0.660299029986124,1.809757611845899
163,159,071f871817e15b2f,atelectasis,on,0.1003172375480607,1.0,0.3867362127922326,0.5577323087874496,1.9588129817411224
164,163,c995d00e2e8701bb,atelectasis,off,0.1639986550297501,0.0,0.0650117485812561,0.1220408769111649,1.1525258137692316
164,163,c995d00e2e8701bb,atelectasis,on,0.1639986550297501,0.0,0.0691449310836662,0.1293461594887365,0.8406066306542663
165,167,bf60f0a2a4af7b86,atelectasis,off,0.1486240856882495,1.0,0.5376850037218617,0.6783450719115042,2.575203055897973
165,167,bf60f0a2a4af7b86,atelectasis,on,0.1486240856882495,1.0,0.2108316054496638,0.3482086748049239,2.827075982434679
166,170,3937f3c02599f03e,atelectasis,off,0.1793147474038663,1.0,0.2885392175152917,0.4433447543658107,1.441776822309668
166,170,3937f3c02599f03e,atelectasis,on,0.1793147474038663,1.0,0.2877900701967572,0.4469339308661721,1.1985690412720762
167,172,81573fb3980b14e5,atelectasis,off,0.1483999239799424,1.0,0.494034180979977,0.6534088377892024,2.208948668273877
167,172,81573fb3980b14e5,atelectasis,on,0.1483999239799424,1.0,0.3144127724016184,0.4783647245935318,2.2366024327154217
168,196,f7e942178d7ec4cd,atelectasis,off,0.1443893786334907,1.0,0.1668391556488614,0.2753282115608411,2.185619754662679
168,196,f7e942178d7ec4cd,atelectasis,on,0.1443893786334907,1.0,0.1537014122565093,0.2664229270595163,2.700714008105743
169,200,1e9f434529b507c6,atelectasis,off,0.1721269534961917,1.0,0.5644799548922679,0.7205788405242528,1.7979705128272931
169,200,1e9f434529b507c6,atelectasis,on,0.1721269534961917,1.0,0.6026363392530611,0.752056248766985,1.4940038363042123
170,207,0517b51af4dfbcfe,atelectasis,off,0.1369871691787397,1.0,0.4742535861822151,0.6410272540517384,1.9555749506148696
170,207,0517b51af4dfbcfe,atelectasis,on,0.1369871691787397,1.0,0.2518318101988009,0.4023079656313383,2.268993500335593
171,228,cd6197499a3c5daf,atelectasis,off,0.1288150129867598,1.0,0.3560994296176331,0.5169934968328128,2.5546525379005964
171,228,cd6197499a3c5daf,atelectasis,on,0.1288150129867598,1.0,0.2149298138337797,0.3537625954147519,3.0930151381918565
172,258,a336d605250985d4,atelectasis,off,0.2067696835908756,0.0,0.1148228334718983,0.2049817842626671,1.6161467991141154
172,258,a336d605250985d4,atelectasis,on,0.2067696835908756,0.0,0.1354741095607526,0.2386192119806968,2.0936538540598906
173,267,c1d8efe52179079f,atelectasis,off,0.1571665960069977,1.0,0.614288941473931,0.7600333679629722,2.448030644793258
173,267,c1d8efe52179079f,atelectasis,on,0.1571665960069977,1.0,0.5030443067619189,0.6693355888363803,2.965230125927898
174,274,e6b32442a596c0fd,atelectasis,off,0.1711961950986555,1.0,0.2381665557093193,0.3731827164567882,2.1736542879256544
174,274,e6b32442a596c0fd,atelectasis,on,0.1711961950986555,1.0,0.118917608126609,0.2125533617270329,2.0573355267752134
175,292,964325708df1fe70,atelectasis,off,0.1966970259589004,1.0,0.2600374210517393,0.4044962501520437,2.1520293399534123
175,292,964325708df1fe70,atelectasis,on,0.1966970259589004,1.0,0.1781017750517523,0.3023457008590867,2.16705992066794
176,312,e1ef1a9ad7d81662,atelectasis,off,0.143268570091955,1.0,0.6313065778660937,0.7704209041572837,2.110347122668589
176,312,e1ef1a9ad7d81662,atelectasis,on,0.143268570091955,1.0,0.6320244990707639,0.7744762326689664,2.6225418399612703
177,318,40c62c54dfec39c8,atelectasis,off,0.112758212359107,1.0,0.1091936614188627,0.1956874934610815,3.5704934865967277
177,318,40c62c54dfec39c8,atelectasis,on,0.112758212359107,1.0,0.0305492091643808,0.0592853626571408,2.9954079891085352
178,356,f94c06bd9718e97c,atelectasis,off,0.1118518193646477,1.0,0.687985305226911,0.8125998111926936,2.879977647900812
178,356,f94c06bd9718e97c,atelectasis,on,0.1118518193646477,1.0,0.3269248804621614,0.4926319807712577,3.672299666636959
179,380,60775c6db17d7d7a,atelectasis,off,0.166430322256821,1.0,0.1017186721277783,0.1807067960849451,2.4324734015660696
179,380,60775c6db17d7d7a,atelectasis,on,0.166430322256821,1.0,0.0664731308457518,0.1246560669563302,2.3975388533364006
180,383,73a711ad4a6993d8,atelectasis,off,0.176264198938643,1.0,0.0922508539423717,0.1651564547495924,1.6416978509034683
180,383,73a711ad4a6993d8,atelectasis,on,0.176264198938643,1.0,0.07319402843569,0.1364005099649399,1.5150253286888986
181,403,309b2ec41b2dc6f2,atelectasis,off,0.1681261543109707,1.0,0.3741056364366495,0.5371051452343546,1.7580272019430376
181,403,309b2ec41b2dc6f2,atelectasis,on,0.1681261543109707,1.0,0.1297540483528235,0.2296975216556866,1.4517346473955308
182,415,33c5edd30f2457cd,atelectasis,off,0.1413193378458059,1.0,0.2363408596833902,0.3821696011437044,1.143674458383126
182,415,33c5edd30f2457cd,atelectasis,on,0.1413193378458059,1.0,0.204244042944461,0.3392013720374437,1.0302404157281004
183,421,f2c5b10688fc1c16,atelectasis,off,0.1389997514728886,1.0,0.3546913620854829,0.5105031203959765,2.1010937472675058
183,421,f2c5b10688fc1c16,atelectasis,on,0.1389997514728886,1.0,0.1872312660509563,0.3153779267924627,2.51096838033852
184,437,9d8ed0c90eba51ae,atelectasis,off,0.1077194470028117,1.0,0.40053490638667,0.562850684727894,1.2557889258043384
184,437,9d8ed0c90eba51ae,atelectasis,on,0.1077194470028117,1.0,0.6060562185136174,0.7547037702114371,1.33377203126489
185,446,3d7dc2d16d09f5be,atelectasis,off,0.1810690564254004,0.0,0.0598863246346606,0.1127778126989443,0.4212445482227543
185,446,3d7dc2d16d09f5be,atelectasis,on,0.1810690564254004,0.0,0.0756889080090705,0.1407263595660485,0.2947129422672695
186,465,a989c250bb6e5f01,atelectasis,off,0.1518305727331647,1.0,0.117184682260479,0.2015810163844352,2.5498716536499937
186,465,a989c250bb6e5f01,atelectasis,on,0.1518305727331647,1.0,0.0620516508372582,0.1168442112889702,2.594196315856673
187,466,89b5a9f5b49f6471,atelectasis,off,0.1569473073793059,1.0,0.3709113059915087,0.5273680258980467,2.2337349621560625
187,466,89b5a9f5b49f6471,atelectasis,on,0.1569473073793059,1.0,0.188960173781571,0.3178364762719987,2.413047206669867
188,491,04a9cb03fde0219d,atelectasis,off,0.1573322807479204,1.0,0.3512013898334244,0.5185623076310439,1.5455127572003489
188,491,04a9cb03fde0219d,atelectasis,on,0.1573322807479204,1.0,0.3947131349368335,0.5660133034405843,1.4467250355436738
189,509,e374f94a32b3bd15,atelectasis,off,0.1879303539318451,0.0,0.0546759017736418,0.1032471300433447,1.75891274390301
189,509,e374f94a32b3bd15,atelectasis,on,0.1879303539318451,0.0,0.0660391304328232,0.1238950519905093,1.9304277553389104
190,513,0ae6e1d4c1336eec,atelectasis,off,0.1173778927824803,1.0,0.4475685063988508,0.6166040323061319,2.164464637484469
190,513,0ae6e1d4c1336eec,atelectasis,on,0.1173778927824803,1.0,0.2437269212205307,0.3918912599420539,2.5832533524719503
191,518,40ea79f3caeb0477,atelectasis,off,0.1667227070937434,1.0,0.1627189112329006,0.2751380814375909,2.281988617265128
191,518,40ea79f3caeb0477,atelectasis,on,0.1667227070937434,1.0,0.0760690292958981,0.1413779179033097,2.418345839858944
192,522,f28dfcb73be60946,atelectasis,off,0.1564989839626916,1.0,0.050892155488487,0.0952870517591987,2.109194581567798
192,522,f28dfcb73be60946,atelectasis,on,0.1564989839626916,1.0,0.0457425454452645,0.087480972154534,2.479192207136607
193,526,db3fe04ce1b8f893,atelectasis,off,0.1329425122679804,1.0,0.3659916426203994,0.5356068791932614,1.8256279278064544
193,526,db3fe04ce1b8f893,atelectasis,on,0.1329425122679804,1.0,0.2924066178593176,0.4523563418128249,1.8491724637632765
194,8,093950c25a37efe4,cardiomegaly,off,0.1511044837214742,1.0,0.374146510806351,0.5359600582824907,1.348355384750212
194,8,093950c25a37efe4,cardiomegaly,on,0.1511044837214742,1.0,0.5087039112529395,0.6743570075850972,1.1687864268203696
195,10,3e6de190da5a957a,cardiomegaly,off,0.1748510055601849,1.0,0.3679615326509097,0.5313336323331667,1.1665300807179748
195,10,3e6de190da5a957a,cardiomegaly,on,0.1748510055601849,1.0,0.3928157447671493,0.5640486534388838,0.8057548592560367
196,12,96964da0020cd95f,cardiomegaly,off,0.2105901787933277,0.0,0.164257380837317,0.2806863224242238,0.5339325747210926
196,12,96964da0020cd95f,cardiomegaly,on,0.2105901787933277,0.0,0.1083057660311546,0.1954398029614603,0.0805930750422767
197,25,47feecb0340b2bd4,cardiomegaly,off,0.1184694628403237,1.0,0.2254148259315135,0.3655565717526106,0.8877172532279591
197,25,47feecb0340b2bd4,cardiomegaly,on,0.1184694628403237,1.0,0.3300525426275253,0.4962957175305756,0.7626325596241637
198,27,c99a2a7dd0dd260f,cardiomegaly,off,0.1260373570359974,1.0,0.1086795016711113,0.1960248066312625,-0.307768420208755
198,27,c99a2a7dd0dd260f,cardiomegaly,on,0.1260373570359974,1.0,0.0979970559340734,0.1785008339973756,0.0365752800058998
199,32,a70c06fbfcf2e58e,cardiomegaly,off,0.1571324844426901,1.0,0.3678358792101777,0.5306403995936073,1.3141735097849565
199,32,a70c06fbfcf2e58e,cardiomegaly,on,0.1571324844426901,1.0,0.470850407606551,0.6402421699288674,1.169311468223303
200,39,ec65e2415a2938e7,cardiomegaly,off,0.1656652486002076,0.0,0.0299763327166922,0.0550216953766561,0.023125548146512
200,39,ec65e2415a2938e7,cardiomegaly,on,0.1656652486002076,0.0,0.0257053429382469,0.0501124823462188,-0.2560936160339063
201,42,c93ded9ee7245300,cardiomegaly,off,0.1600758251343752,1.0,0.3172317937281719,0.475755616663166,1.0242318724249626
201,42,c93ded9ee7245300,cardiomegaly,on,0.1600758251343752,1.0,0.4282409084017406,0.5996716145595273,0.8958697769326203
202,50,a5d9ac7f9423be90,cardiomegaly,off,0.1778382039774084,1.0,0.312249619731232,0.4746671569657411,0.9593622129315688
202,50,a5d9ac7f9423be90,cardiomegaly,on,0.1778382039774084,1.0,0.2465293271778502,0.3954998060631122,0.5883146916021934
203,53,d7355520cf43cdff,cardiomegaly,off,0.1635405854519051,1.0,0.4554105502563716,0.6162054277261236,1.5344198063678642
203,53,d7355520cf43cdff,cardiomegaly,on,0.1635405854519051,1.0,0.5759466468061135,0.7309210855555033,1.3255587903930772
204,56,9415a340a0044764,cardiomegaly,off,0.1461436876550249,1.0,0.4350243674539905,0.5975434367886182,1.505464971994013
204,56,9415a340a0044764,cardiomegaly,on,0.1461436876550249,1.0,0.5511575335239765,0.7106402460168036,1.2671562863052657
205,61,088cc1d00621a300,cardiomegaly,off,0.1744903975946474,1.0,0.3336496919450969,0.4956064385106464,1.347088780226203
205,61,088cc1d00621a300,cardiomegaly,on,0.1744903975946474,1.0,0.4323594843626694,0.6036980357631737,1.027617908530072
206,62,bebbf36be701621f,cardiomegaly,off,0.1728238040241899,1.0,0.3348025477979863,0.4918139735263001,1.586609555210981
206,62,bebbf36be701621f,cardiomegaly,on,0.1728238040241899,1.0,0.555122781492546,0.7139214434792766,1.1660779395214838
207,63,f8f084a045363fa5,cardiomegaly,off,0.1897528860819944,1.0,0.3908837179999072,0.5595157983633079,1.1615987769737328
207,63,f8f084a045363fa5,cardiomegaly,on,0.1897528860819944,1.0,0.4319101754914545,0.6032614068244724,0.9079678487489028
208,76,33d96918507e6883,cardiomegaly,off,0.1802893635269408,0.0,0.2891865105540371,0.4416154744324238,1.0855082965652805
208,76,33d96918507e6883,cardiomegaly,on,0.1802893635269408,0.0,0.3666166350797746,0.5365204639324719,0.6851355599108984
209,85,6ba230aaf07a840c,cardiomegaly,off,0.1617131802211404,1.0,0.4147404889225161,0.579441935986314,1.5266558763525062
209,85,6ba230aaf07a840c,cardiomegaly,on,0.1617131802211404,1.0,0.5391382801406561,0.7005712853877191,1.2107476421353065
210,89,9c63e63de176518a,cardiomegaly,off,0.175192121203261,0.0,0.0064891940281034,0.0126887770577942,-0.3946256648471831
210,89,9c63e63de176518a,cardiomegaly,on,0.175192121203261,0.0,0.0004970249320652,0.0009935469239507,-0.5347003089419716
211,105,fd053a38abc0cb49,cardiomegaly,off,0.1923746034530649,1.0,0.2660908254620087,0.4126489402716907,0.970781777408398
211,105,fd053a38abc0cb49,cardiomegaly,on,0.1923746034530649,1.0,0.3843759214148712,0.5552962756408223,0.8253908389372235
212,113,c1a9fa9f21a10a44,cardiomegaly,off,0.1413485763294982,1.0,0.2736208670532437,0.4213745305534318,1.0360999220274287
212,113,c1a9fa9f21a10a44,cardiomegaly,on,0.1413485763294982,1.0,0.4058844902880779,0.5774069673818575,0.8645049121071939
213,123,e0288a509cbbc07e,cardiomegaly,off,0.1680189465374325,1.0,0.2645760322964451,0.4128121257189248,1.4115411620392833
213,123,e0288a509cbbc07e,cardiomegaly,on,0.1680189465374325,1.0,0.4607652857461922,0.6308532625812353,1.014667448172494
214,124,985a9f7b2779d4f8,cardiomegaly,off,0.1805037790740172,1.0,0.4430541424407181,0.6129675539553469,1.3809223668758188
214,124,985a9f7b2779d4f8,cardiomegaly,on,0.1805037790740172,1.0,0.4653639558631794,0.6351503456166203,1.1592042647257448
215,133,36dfae6f56c02e8b,cardiomegaly,off,0.1657870756155919,0.0,0.1914097807001144,0.319875516230297,0.6870642373270015
215,133,36dfae6f56c02e8b,cardiomegaly,on,0.1657870756155919,0.0,0.1634821175848307,0.281020908974335,0.2717484402244524
216,139,f201583ea32de232,cardiomegaly,off,0.1557826411122319,1.0,0.2698468007209903,0.4177599052969265,1.125725993660277
216,139,f201583ea32de232,cardiomegaly,on,0.1557826411122319,1.0,0.4352898999193992,0.6065516468908474,0.8983199496184593
217,155,9ac3c6ded1d4380c,cardiomegaly,off,0.1715178184192701,1.0,0.2701658495352474,0.422717970478392,0.4315781145295154
217,155,9ac3c6ded1d4380c,cardiomegaly,on,0.1715178184192701,1.0,0.1640150016161761,0.2817852621192416,0.1846867607256981
218,162,79f3d753d8db8ce9,cardiomegaly,off,0.1587698395294553,1.0,0.2032639949435908,0.3272797773685382,1.113549974155606
218,162,79f3d753d8db8ce9,cardiomegaly,on,0.1587698395294553,1.0,0.4070822061443068,0.5785637498359563,0.8785873689698922
219,166,846aafad319d9662,cardiomegaly,off,0.1539308704783903,1.0,0.1888659591229552,0.3097427689915596,0.8799707261008956
219,166,846aafad319d9662,cardiomegaly,on,0.1539308704783903,1.0,0.4289966853047836,0.6004034152507572,0.86793847012548
220,177,5168c9958d9df995,cardiomegaly,off,0.0951371528539196,1.0,0.1715328123528857,0.2903231096550583,0.7859546612311636
220,177,5168c9958d9df995,cardiomegaly,on,0.0951371528539196,1.0,0.3261145997522496,0.4918336332169534,0.6959517085154456
221,185,5e13bb7278b3f72d,cardiomegaly,off,0.143556081848262,1.0,0.247766136563746,0.3906961516747012,0.7156284666440225
221,185,5e13bb7278b3f72d,cardiomegaly,on,0.143556081848262,1.0,0.3426911349488223,0.5104466021017234,0.6723752070737268
222,189,d236eae4a6bc1049,cardiomegaly,off,0.1883250734616902,0.0,0.0301884302390573,0.0577411945696682,-0.506561549929691
222,189,d236eae4a6bc1049,cardiomegaly,on,0.1883250734616902,0.0,0.035473480027252,0.0685145082517643,-0.4961188264884686
223,192,b7a20b8f260bba9f,cardiomegaly,off,0.1990214854124331,0.0,0.1490382212487611,0.2585660776480335,0.1313096209617015
223,192,b7a20b8f260bba9f,cardiomegaly,on,0.1990214854124331,0.0,0.1446147311223502,0.2526832340146873,0.107790486421009
224,195,13d982f2c79b1676,cardiomegaly,off,0.1621809959602161,1.0,0.4054138535197837,0.5740428988452896,1.6147547228579993
224,195,13d982f2c79b1676,cardiomegaly,on,0.1621809959602161,1.0,0.4757088362833748,0.6447180639305088,1.2201403140209583
225,198,2175b019a0091ef3,cardiomegaly,off,0.1406907104464229,1.0,0.2063984072806365,0.3403358287514316,0.8288056681789486
225,198,2175b019a0091ef3,cardiomegaly,on,0.1406907104464229,1.0,0.2665212146837722,0.4208695372416253,0.4831211165475996
226,204,cbcf65658f0dd7d8,cardiomegaly,off,0.1398866521448864,1.0,0.3045247761241335,0.4541889492710694,0.8987601404742168
226,204,cbcf65658f0dd7d8,cardiomegaly,on,0.1398866521448864,1.0,0.4676417145875911,0.6372695437820254,0.9673382792436416
227,205,82f49a0c3d2dfe14,cardiomegaly,off,0.1088256363025013,1.0,0.2438604270455522,0.3823936743119637,1.2773731273808415
227,205,82f49a0c3d2dfe14,cardiomegaly,on,0.1088256363025013,1.0,0.3802040280717977,0.5508675387648383,0.9266736701095812
228,206,0c9d26929987308b,cardiomegaly,off,0.181561237567553,1.0,0.2625646867930297,0.4135526674655095,1.2080084939760294
228,206,0c9d26929987308b,cardiomegaly,on,0.181561237567553,1.0,0.2994595408984905,0.4608984921639532,0.7807027507063187
229,209,7162d21f7f020298,cardiomegaly,off,0.1628875926494452,1.0,0.2509924337381507,0.3982914560294456,0.8058420592407904
229,209,7162d21f7f020298,cardiomegaly,on,0.1628875926494452,1.0,0.3014243262869411,0.4632206715462845,0.5937861973031288
230,211,74122d99b9022819,cardiomegaly,off,0.1366801650999712,1.0,0.2749737853818351,0.4221485540939899,1.3618031631725172
230,211,74122d99b9022819,cardiomegaly,on,0.1366801650999712,1.0,0.4748891869516363,0.6439615978351427,1.0238402442959482
231,214,366858e6adbb8000,cardiomegaly,off,0.1895872013410718,1.0,0.4408124299534052,0.6041718672274157,1.3234875874371217
231,214,366858e6adbb8000,cardiomegaly,on,0.1895872013410718,1.0,0.5293057470690326,0.6922145004390075,1.0672730909375363
232,236,84ac6bdd90a67b66,cardiomegaly,off,0.1674487961054339,1.0,0.2805217275058765,0.4347787442399802,0.973188589878222
232,236,84ac6bdd90a67b66,cardiomegaly,on,0.1674487961054339,1.0,0.2755565117441418,0.4320465569086848,0.5884404790031608
233,242,07a10ffadf85aa63,cardiomegaly,off,0.1536823433670063,0.0,0.0681432840394537,0.1199515179534431,-0.2579246324917465
233,242,07a10ffadf85aa63,cardiomegaly,on,0.1536823433670063,0.0,0.0001637437194281,0.0003274149562989,-0.5324567199843946
234,246,0b14f7b64876536a,cardiomegaly,off,0.1454712025301034,1.0,0.1695813635693649,0.2849242894044472,0.8054464190094851
234,246,0b14f7b64876536a,cardiomegaly,on,0.1454712025301034,1.0,0.3668867597485016,0.5368158019924463,0.7457184696504731
235,247,161c8b166c8ce7d6,cardiomegaly,off,0.1693492975454293,1.0,0.2782875714924401,0.4167399429561561,1.58594480898449
235,247,161c8b166c8ce7d6,cardiomegaly,on,0.1693492975454293,1.0,0.5720578499956921,0.727780747822729,1.304506711001335
236,249,f93a1c5e1000ca3e,cardiomegaly,off,0.1590768436082238,1.0,0.2604480105051028,0.4129108448855006,0.992797860863134
236,249,f93a1c5e1000ca3e,cardiomegaly,on,0.1590768436082238,1.0,0.2798713113726857,0.4373426660877176,0.698486544806769
237,251,a65421347ffb7936,cardiomegaly,off,0.1555048755171557,1.0,0.4361020056332556,0.5870759457514683,1.954126330768577
237,251,a65421347ffb7936,cardiomegaly,on,0.1555048755171557,1.0,0.7035543882088595,0.8259826889761545,1.786763413708298
238,256,459d9cc7e6454630,cardiomegaly,off,0.1686085892918926,1.0,0.3717198268163205,0.5336085981890286,1.3607200577581162
238,256,459d9cc7e6454630,cardiomegaly,on,0.1686085892918926,1.0,0.4692356832906705,0.6387437715907032,1.0208348979433155
239,259,9dea31c5bb3e5917,cardiomegaly,off,0.1512165645756277,1.0,0.2130727490410969,0.3488621013792155,0.7890473682466531
239,259,9dea31c5bb3e5917,cardiomegaly,on,0.1512165645756277,1.0,0.2876466987853823,0.4467761535332163,0.5555639008989732
240,261,83590772041a5a03,cardiomegaly,off,0.1571471036845362,1.0,0.2646633884375597,0.4116858817325263,1.1320162247302543
240,261,83590772041a5a03,cardiomegaly,on,0.1571471036845362,1.0,0.3941321279577135,0.5654093826377645,0.8930361642080791
241,266,fc7c567caa66ec88,cardiomegaly,off,0.1558167526765395,0.0,0.1834861699147668,0.304823191305611,0.7850232417367744
241,266,fc7c567caa66ec88,cardiomegaly,on,0.1558167526765395,0.0,0.3558746450296642,0.5249317753799899,0.7578022227139185
242,273,7efbe29baee5c832,cardiomegaly,off,0.2178803073939252,1.0,0.2977054005307536,0.4562830469591522,0.821569367828631
242,273,7efbe29baee5c832,cardiomegaly,on,0.2178803073939252,1.0,0.3244164256294501,0.4898952113515987,0.6107441308333351
243,276,90391ae7b37e6f8e,cardiomegaly,off,0.1133576012747979,1.0,0.332508594757821,0.4961500838822501,1.3270879813446683
243,276,90391ae7b37e6f8e,cardiomegaly,on,0.1133576012747979,1.0,0.3799400144683152,0.550625851291799,1.242130025223667
244,280,890ca06fc523c555,cardiomegaly,off,0.1453006447085654,1.0,0.4105181664031818,0.5775150023803638,1.765132921139026
244,280,890ca06fc523c555,cardiomegaly,on,0.1453006447085654,1.0,0.559873487803445,0.7178446030420303,1.6254132480718004
245,282,e2e5a8476ea2eba5,cardiomegaly,off,0.1481124122236354,1.0,0.3590242494901464,0.5228538808441783,0.6713856890269655
245,282,e2e5a8476ea2eba5,cardiomegaly,on,0.1481124122236354,1.0,0.4359304841358674,0.6071723920048626,0.8676258078585579
246,283,d68117bbfe183d95,cardiomegaly,off,0.1979883923219741,1.0,0.3698900442820748,0.5328294941943642,1.319770397763993
246,283,d68117bbfe183d95,cardiomegaly,on,0.1979883923219741,1.0,0.4491944260046642,0.6199226922629746,1.0422920119462031
247,286,66a74608d016ae2c,cardiomegaly,off,0.1558898488857701,1.0,0.3604326849164162,0.5218068105450484,1.3638400077503468
247,286,66a74608d016ae2c,cardiomegaly,on,0.1558898488857701,1.0,0.4790871147732124,0.6478121845690918,1.160033995338426
248,291,e8e8a1f210ad58fd,cardiomegaly,off,0.1887441583946123,0.0,0.1275296587607392,0.2231592738217033,0.399192071746962
248,291,e8e8a1f210ad58fd,cardiomegaly,on,0.1887441583946123,0.0,0.0866298770271148,0.1594457577766346,-0.0113824166496846
249,297,c6eb3bdeddb04716,cardiomegaly,off,0.1774142459638709,1.0,0.270507261784316,0.4149869502603714,0.9539254754130956
249,297,c6eb3bdeddb04716,cardiomegaly,on,0.1774142459638709,1.0,0.3789536459816077,0.5496160879782451,0.7204889262852419
250,298,057d72fd8f724e9f,cardiomegaly,off,0.1469916036820997,1.0,0.418978242082466,0.5871344329162679,1.291507170332772
250,298,057d72fd8f724e9f,cardiomegaly,on,0.1469916036820997,1.0,0.493135926291279,0.6605371209338625,1.1792011074195796
251,320,3b5deb6b8277b2fc,cardiomegaly,off,0.1654898176980541,1.0,0.3693830382468724,0.5373370220476633,1.190507274498462
251,320,3b5deb6b8277b2fc,cardiomegaly,on,0.1654898176980541,1.0,0.3990448796494067,0.5704521177116766,0.8414345072794851
252,323,ac6ee2faa45f13ea,cardiomegaly,off,0.146499422539947,1.0,0.185595225896247,0.3042236502575356,1.1466932827745815
252,323,ac6ee2faa45f13ea,cardiomegaly,on,0.146499422539947,1.0,0.4807210436427876,0.6492940450229069,1.0165295482982108
253,330,d914627fd7043b26,cardiomegaly,off,0.1387512243615046,1.0,0.3562127191859135,0.5226956015696815,1.038378182284795
253,330,d914627fd7043b26,cardiomegaly,on,0.1387512243615046,1.0,0.412391714173169,0.5839607943428666,0.8516016941335874
254,331,2dcd061d752720b3,cardiomegaly,off,0.1815563644869377,1.0,0.322816860748891,0.4770304551012795,0.5732480216353737
254,331,2dcd061d752720b3,cardiomegaly,on,0.1815563644869377,1.0,0.2711466419385435,0.426576163331425,0.4604606379271012
255,334,3be03514cc889234,cardiomegaly,off,0.1523812308427018,1.0,0.3103298150081599,0.4724770941734402,0.8030980932478856
255,334,3be03514cc889234,cardiomegaly,on,0.1523812308427018,1.0,0.288719462880123,0.4480660523841813,0.5450120666907858
256,336,99498cee40a343d2,cardiomegaly,off,0.149179616878402,1.0,0.234362871984413,0.3739034396920264,0.5793428355343518
256,336,99498cee40a343d2,cardiomegaly,on,0.149179616878402,1.0,0.2757903490622437,0.4323255912140918,0.5273403354061099
257,337,afa5f1d02875ed9c,cardiomegaly,off,0.1570057843466904,1.0,0.31736385904653,0.4682464239278406,1.725814099366207
257,337,afa5f1d02875ed9c,cardiomegaly,on,0.1570057843466904,1.0,0.632670445876878,0.7750128241983665,1.524623795291021
258,344,c8b8ed6ec32a0194,cardiomegaly,off,0.1316121612599837,1.0,0.3860382779556727,0.5548580903615511,1.163891909285201
258,344,c8b8ed6ec32a0194,cardiomegaly,on,0.1316121612599837,1.0,0.4457383352692535,0.6166228864068838,0.9608388734262734
259,347,8fb7cd9284a2390b,cardiomegaly,off,0.1559775643368468,1.0,0.4739108336964668,0.6399712085209455,1.6229051315234069
259,347,8fb7cd9284a2390b,cardiomegaly,on,0.1559775643368468,1.0,0.564066999090698,0.7212823854839728,1.377563693847074
260,350,0eec7465b21851ca,cardiomegaly,off,0.1548957404402341,1.0,0.2147678453682666,0.3415604334924396,1.214661115762308
260,350,0eec7465b21851ca,cardiomegaly,on,0.1548957404402341,1.0,0.5396781979681645,0.701018594784825,1.1265328063695694
261,355,2d1043b3ab978914,cardiomegaly,off,0.1607336910174505,0.0,0.215191877014517,0.3524349164925324,0.5815715340502915
261,355,2d1043b3ab978914,cardiomegaly,on,0.1607336910174505,0.0,0.1555811598349834,0.2692516764167247,0.2425086453788644
262,357,17b1583a7369977f,cardiomegaly,off,0.1377814813190454,1.0,0.3776023766720101,0.5406670520325322,1.2015312809324137
262,357,17b1583a7369977f,cardiomegaly,on,0.1377814813190454,1.0,0.5169857910043507,0.6815960334730725,1.1978080460239335
263,358,2481059373ed3b95,cardiomegaly,off,0.1120759810729548,1.0,0.1780686596384324,0.2975864432101837,0.7429704938501908
263,358,2481059373ed3b95,cardiomegaly,on,0.1120759810729548,1.0,0.2987938944162587,0.4601088572693131,0.6386044847725905
264,362,1ae57b9c3f3c2647,cardiomegaly,off,0.1447840981633359,1.0,0.1208626745639259,0.2153780704810863,0.2802420587410212
264,362,1ae57b9c3f3c2647,cardiomegaly,on,0.1447840981633359,1.0,0.1433242199716295,0.2507147457294513,0.2390513652303073
265,363,b2049f03ac1c3bf0,cardiomegaly,off,0.1628534810851375,1.0,0.4478654850850018,0.6110803443062323,1.2435686778460238
265,363,b2049f03ac1c3bf0,cardiomegaly,on,0.1628534810851375,1.0,0.543739457869786,0.7044439294146103,1.1601958962819894
266,367,b23fb11991bb664d,cardiomegaly,off,0.1551247752291566,1.0,0.331981589283377,0.4780442867892422,1.673878676317584
266,367,b23fb11991bb664d,cardiomegaly,on,0.1551247752291566,1.0,0.6299628582068715,0.7729769746896149,1.4197796836235643
267,371,fe977ddea6753ea5,cardiomegaly,off,0.163696524031597,0.0,0.1959329173299688,0.3274105723045168,0.4969370320376002
267,371,fe977ddea6753ea5,cardiomegaly,on,0.163696524031597,0.0,0.2061129951145691,0.3417805106339441,0.4315285550656517
268,374,3f426be3dbce8d45,cardiomegaly,off,0.1338732706655166,1.0,0.3225404515974652,0.4713393628565631,1.6924327737169351
268,374,3f426be3dbce8d45,cardiomegaly,on,0.1338732706655166,1.0,0.6275458560520331,0.7711522934960221,1.595094570848549
269,394,e155acf502336722,cardiomegaly,off,0.1278062852993777,1.0,0.2554001720918321,0.395146425254803,1.1919729732296829
269,394,e155acf502336722,cardiomegaly,on,0.1278062852993777,1.0,0.5724893972401548,0.7281291646870066,1.3099523926544585
270,396,e1fd40062c7ab19a,cardiomegaly,off,0.1650707327651321,1.0,0.2371454713143291,0.3754451135327795,1.307485687437349
270,396,e1fd40062c7ab19a,cardiomegaly,on,0.1650707327651321,1.0,0.4617217357711632,0.6317467419154565,1.1474318109557375
271,398,58833757dee99e23,cardiomegaly,off,0.1442967901017986,1.0,0.2700875709646181,0.4133322206266269,0.980224434819996
271,398,58833757dee99e23,cardiomegaly,on,0.1442967901017986,1.0,0.4620167707532463,0.6320065877344283,0.9668044504519758
272,401,bd494a54fa94017f,cardiomegaly,off,0.1482780969645581,1.0,0.3206604213346917,0.4815545567317756,1.059648406814628
272,401,bd494a54fa94017f,cardiomegaly,on,0.1482780969645581,1.0,0.3818499155499708,0.5526647403034557,0.7840227327060801
273,416,4e6f8212f10d165e,cardiomegaly,off,0.1700558942346583,1.0,0.264470911604964,0.4104560446615302,1.3846381525263896
273,416,4e6f8212f10d165e,cardiomegaly,on,0.1700558942346583,1.0,0.4698056281197845,0.639264136362423,0.95341111138156
274,418,8c69ef3783ae4d44,cardiomegaly,off,0.1509777836254745,1.0,0.2249028524183546,0.3526364221280421,1.5209681242735031
274,418,8c69ef3783ae4d44,cardiomegaly,on,0.1509777836254745,1.0,0.5948203142567786,0.7459270073634918,1.2959972800136972
275,423,87a3f87cfabe7f9c,cardiomegaly,off,0.1660453488882066,0.0,0.1594478544343625,0.2711639364576558,0.0771074583616958
275,423,87a3f87cfabe7f9c,cardiomegaly,on,0.1660453488882066,0.0,0.0443236054977141,0.084867268162303,-0.2181233239932546
276,428,c896dee4d23f27f9,cardiomegaly,off,0.1561919798839232,1.0,0.2609248625087232,0.4062261026982087,1.1000758174719336
276,428,c896dee4d23f27f9,cardiomegaly,on,0.1561919798839232,1.0,0.4595782591087431,0.6297335965038463,0.9321416695407214
277,433,fb0f65c1d50aa8a3,cardiomegaly,off,0.1232304626015428,1.0,0.2226170078369054,0.3606359409341976,1.157524928563441
277,433,fb0f65c1d50aa8a3,cardiomegaly,on,0.1232304626015428,1.0,0.4096448696065067,0.5811824694052048,0.8683784208171713
278,445,6b3b424c930e3c69,cardiomegaly,off,0.1134209513227977,1.0,0.1782561981795698,0.3002241702862134,0.7887920686006991
278,445,6b3b424c930e3c69,cardiomegaly,on,0.1134209513227977,1.0,0.4084889386172153,0.5800181111792908,0.8714505842513169
279,451,859c80b4cc1b7d6b,cardiomegaly,off,0.1548518827146957,1.0,0.2534683302016118,0.3938179206146514,1.1416366497508903
279,451,859c80b4cc1b7d6b,cardiomegaly,on,0.1548518827146957,1.0,0.4893972771040293,0.6571670987878642,1.0055357244186738
280,453,f8586b048fcc9d50,cardiomegaly,off,0.1314708419221379,1.0,0.3486431659508539,0.506772527414544,1.3994251956716162
280,453,f8586b048fcc9d50,cardiomegaly,on,0.1314708419221379,1.0,0.5098993593969926,0.6754077930902599,1.259692945595197
281,478,35f23ba3e2874c45,cardiomegaly,off,0.1344482941781306,1.0,0.2942247697696972,0.4499543135179262,1.2094157387799205
281,478,35f23ba3e2874c45,cardiomegaly,on,0.1344482941781306,1.0,0.4433697205012171,0.6143487875432296,0.9042654119187896
282,480,d45acc110431b7cc,cardiomegaly,off,0.1579170504217651,1.0,0.2644093934092602,0.4145520337007079,0.815382995259489
282,480,d45acc110431b7cc,cardiomegaly,on,0.1579170504217651,1.0,0.3282496266875758,0.4942519191008232,0.6077820808588659
283,482,6f9d68ac1e5c1f30,cardiomegaly,off,0.1832034657349336,1.0,0.3116924485776485,0.4702237019295201,0.9636337942290466
283,482,6f9d68ac1e5c1f30,cardiomegaly,on,0.1832034657349336,1.0,0.3189554645906539,0.4836432097425703,0.5823363344132828
284,487,7bf705c20a586dc0,cardiomegaly,off,0.1337270782470554,0.0,0.2315000887358683,0.3720436670077354,0.7562112681588249
284,487,7bf705c20a586dc0,cardiomegaly,on,0.1337270782470554,0.0,0.3111046943025466,0.474562231486669,0.6664485552640361
285,494,3c1cf07a675d1898,cardiomegaly,off,0.1539990936070055,1.0,0.430217108929159,0.6001230589729799,1.3133189043876314
285,494,3c1cf07a675d1898,cardiomegaly,on,0.1539990936070055,1.0,0.4653415753110757,0.6351305055806894,1.1318939074760646
286,497,6391a90b95e3ec53,cardiomegaly,off,0.1604364330999127,1.0,0.2197904334176993,0.349988308258198,1.0977407997239697
286,497,6391a90b95e3ec53,cardiomegaly,on,0.1604364330999127,1.0,0.3810206419562141,0.5517663569679848,0.7659832431204052
287,504,baaade0d652588df,cardiomegaly,off,0.1478882505153282,1.0,0.3644198558537319,0.524079838643136,1.2521415501220303
287,504,baaade0d652588df,cardiomegaly,on,0.1478882505153282,1.0,0.5439541935630373,0.7046183293990163,1.132826964840561
288,505,72d910c6519cd39e,cardiomegaly,off,0.1285762320366066,1.0,0.3785320521276471,0.5347005281027528,1.544661939806671
288,505,72d910c6519cd39e,cardiomegaly,on,0.1285762320366066,1.0,0.5896713044617111,0.7418758041995821,1.5202740998541902
289,511,1a9419899edfacb1,cardiomegaly,off,0.1935149043170621,0.0,0.1933263220095088,0.322608908418523,0.4170737448090311
289,511,1a9419899edfacb1,cardiomegaly,on,0.1935149043170621,0.0,0.184538734401754,0.3115733562763807,0.2517130238092493
290,517,b999b82f377b197d,cardiomegaly,off,0.13686046908274,1.0,0.2219057471357919,0.3596549340159597,0.7114372777715976
290,517,b999b82f377b197d,cardiomegaly,on,0.13686046908274,1.0,0.2782771761171149,0.4353929519462963,0.5275639345876355
291,519,966db46987810e93,cardiomegaly,off,0.1577952234063808,0.0,0.1604947435991897,0.2756562354263893,0.7876558496345861
291,519,966db46987810e93,cardiomegaly,on,0.1577952234063808,0.0,0.1595106088084671,0.2751332208636518,0.3221047845111006
292,529,dee75173b4711883,cardiomegaly,off,0.1559044681276162,1.0,0.2955849587875045,0.4541885308725194,0.5839348991380113
292,529,dee75173b4711883,cardiomegaly,on,0.1559044681276162,1.0,0.2110075999349729,0.3484816372647316,0.3198306911333395
293,18,e9c6af6099408088,interstitial pattern,off,0.1756696831035676,0.0,0.1413834470588766,0.247087365536299,0.1555428569730716
293,18,e9c6af6099408088,interstitial pattern,on,0.1756696831035676,0.0,0.1494491705966207,0.2600331690860122,0.2244882151818473
294,46,a1d99527701d5849,interstitial pattern,off,0.1822775804180128,1.0,0.5355533047022402,0.693187188215662,1.7567865816689283
294,46,a1d99527701d5849,interstitial pattern,on,0.1822775804180128,1.0,0.5994743035942927,0.7495851106470963,1.2866895718753295
295,55,cf6f75b020455153,interstitial pattern,off,0.1690910242728145,1.0,0.1443110713829651,0.248787235453065,0.8519263674160621
295,55,cf6f75b020455153,interstitial pattern,on,0.1690910242728145,1.0,0.1964883156684969,0.3284351737021586,0.5184901408622962
296,66,b38f8a63b1025b6b,interstitial pattern,off,0.1659186487922069,1.0,0.3016335586231121,0.463147425719473,1.2336715997734164
296,66,b38f8a63b1025b6b,interstitial pattern,on,0.1659186487922069,1.0,0.3119318399845127,0.47552925359092,1.0169818744849728
297,73,90318a9405c3be4a,interstitial pattern,off,0.1371967116452007,1.0,0.395479358163796,0.5645421679354737,2.2912618897053654
297,73,90318a9405c3be4a,interstitial pattern,on,0.1371967116452007,1.0,0.2732005910415487,0.4291482420199851,2.4409290200816502
298,94,90f3c92844fe7854,interstitial pattern,off,0.1459000336242562,1.0,0.3340632104160475,0.4943460016814131,1.166650419689054
298,94,90f3c92844fe7854,interstitial pattern,on,0.1459000336242562,1.0,0.4472669479783103,0.618076577188456,0.9103659424690644
299,144,a32a449182cc66e6,interstitial pattern,off,0.1614890185128332,1.0,0.4356375631301272,0.6060587187799946,1.8185785124601404
299,144,a32a449182cc66e6,interstitial pattern,on,0.1614890185128332,1.0,0.3646410825411172,0.5344060203254408,1.7463774211369931
300,169,d40002e75a46ce19,interstitial pattern,off,0.1493745401030169,1.0,0.4560463402117503,0.6206318456786529,1.946823267132557
300,169,d40002e75a46ce19,interstitial pattern,on,0.1493745401030169,1.0,0.3694081184073982,0.5394715636752179,2.053095770425911
301,187,f9d1f5bfeb6e20bc,interstitial pattern,off,0.1528100619368546,1.0,0.4562601465476104,0.6171474721216919,1.7469677866810345
301,187,f9d1f5bfeb6e20bc,interstitial pattern,on,0.1528100619368546,1.0,0.5711815790060033,0.7270670945115272,1.7234913454847396
302,210,d04d05023f7c74ed,interstitial pattern,off,0.153809043463006,1.0,0.3701714080652355,0.5321469143451124,1.839164412326863
302,210,d04d05023f7c74ed,interstitial pattern,on,0.153809043463006,1.0,0.4330796459921043,0.6043947636168883,1.9839654079501892
303,229,211047ec8fa23fdb,interstitial pattern,off,0.1875648728856921,1.0,0.1871879468229859,0.3067942306829944,1.8712904941131168
303,229,211047ec8fa23fdb,interstitial pattern,on,0.1875648728856921,1.0,0.1113455798305655,0.2003717359431174,1.8398770259721888
304,230,6699fd266091dac8,interstitial pattern,off,0.1737984201472645,1.0,0.3196196997648169,0.4780698869631541,1.0048385911194204
304,230,6699fd266091dac8,interstitial pattern,on,0.1737984201472645,1.0,0.3488763518496537,0.5172701301482661,0.7190816995145504
305,262,422fd65f92b19406,interstitial pattern,off,0.1531755429830075,1.0,0.315210510364013,0.4735094700426372,1.076491168107116
305,262,422fd65f92b19406,interstitial pattern,on,0.1531755429830075,1.0,0.4524643511066708,0.6230251548847854,0.9437750040922814
306,277,d517c7f3330a223f,interstitial pattern,off,0.1421087769054963,1.0,0.5163385063077814,0.6730902768557021,2.155425993737829
306,277,d517c7f3330a223f,interstitial pattern,on,0.1421087769054963,1.0,0.7167621228939767,0.835016163596505,2.1191246868218854
307,295,63d56094353813df,interstitial pattern,off,0.158072989001457,1.0,0.3016154995686816,0.4625862429690771,1.3238519940536773
307,295,63d56094353813df,interstitial pattern,on,0.158072989001457,1.0,0.3358142507337677,0.5027857626661958,1.056570454569996
308,310,c00225f5e8666d20,interstitial pattern,off,0.1749971979786461,1.0,0.450736624281521,0.6140298822341497,1.7557810042023627
308,310,c00225f5e8666d20,interstitial pattern,on,0.1749971979786461,1.0,0.5577180807383176,0.7160586834823277,1.176698130167021
309,311,5461f5f492d355f9,interstitial pattern,off,0.1859031523958501,1.0,0.35512285627453,0.5238788024941547,1.5798373283304643
309,311,5461f5f492d355f9,interstitial pattern,on,0.1859031523958501,1.0,0.3708177657289621,0.5410168135278518,1.2667787231591865
310,315,0449a885c64c1338,interstitial pattern,off,0.1493550477805554,1.0,0.3229093607057319,0.4743395447596438,1.204645133889524
310,315,0449a885c64c1338,interstitial pattern,on,0.1493550477805554,1.0,0.4133724306361179,0.5848988010296168,0.8852950369313364
311,329,e1193f1b5d09f86a,interstitial pattern,off,0.1770146533534104,1.0,0.3126523689615846,0.4748396802865845,1.0423275998623929
311,329,e1193f1b5d09f86a,interstitial pattern,on,0.1770146533534104,1.0,0.3722295151382951,0.5425170214517878,0.7881247979043485
312,389,bcdb44370d7eb1d4,interstitial pattern,off,0.1797971823847882,1.0,0.321736553376341,0.4806121298826408,1.0890646094198366
312,389,bcdb44370d7eb1d4,interstitial pattern,on,0.1797971823847882,1.0,0.2892641019665201,0.4487157377822784,0.6718453035458629
313,402,87dcc15c2f19b537,interstitial pattern,off,0.1909809023970683,1.0,0.3877725927222094,0.5580282051263848,1.61069660302909
313,402,87dcc15c2f19b537,interstitial pattern,on,0.1909809023970683,1.0,0.3866530463417521,0.5576766694483469,1.3244509879984456
314,405,7fd9d691815896db,interstitial pattern,off,0.1675365115565106,1.0,0.3738309741737893,0.5349741131414221,1.4007592892618514
314,405,7fd9d691815896db,interstitial pattern,on,0.1675365115565106,1.0,0.5034517737110411,0.6697145790302601,1.0416498926507096
315,429,9b6e215db52ea84a,interstitial pattern,off,0.1551735060353103,1.0,0.393330999617312,0.5607980174590231,0.817076109054901
315,429,9b6e215db52ea84a,interstitial pattern,on,0.1551735060353103,1.0,0.4401645477731629,0.6112672045192948,0.8827001621875974
316,430,f0a56bcd504f6ff8,interstitial pattern,off,0.170353152152196,1.0,0.3692582128095987,0.534911845070107,1.209076415701574
316,430,f0a56bcd504f6ff8,interstitial pattern,on,0.170353152152196,1.0,0.4720953127342232,0.6413887724408478,0.9391276879120496
317,441,b6d42511ef9b2567,interstitial pattern,off,0.1616205916894483,0.0,0.1246468916633812,0.2200626100027872,0.4958234549502862
317,441,b6d42511ef9b2567,interstitial pattern,on,0.1616205916894483,0.0,0.1469602626443381,0.256256347675669,0.2385697603724273
318,448,0c531bccfb44e11f,interstitial pattern,off,0.1574297423602278,1.0,0.3089899471190046,0.4711547857485768,1.047347459747053
318,448,0c531bccfb44e11f,interstitial pattern,on,0.1574297423602278,1.0,0.3431548944566981,0.5109679379854203,0.7293369728374097
319,450,20664a317941438a,interstitial pattern,off,0.1503150446617838,1.0,0.3351543946113657,0.4963168176647775,1.3169562096463243
319,450,20664a317941438a,interstitial pattern,on,0.1503150446617838,1.0,0.4583792345391408,0.6286050559909875,0.9448201828420896
320,474,ef925bdd7a9847b9,interstitial pattern,off,0.1532194007085459,1.0,0.2862274714715173,0.4403986690915976,0.8690698904045305
320,474,ef925bdd7a9847b9,interstitial pattern,on,0.1532194007085459,1.0,0.3895815880679486,0.5607130153642345,0.7600368495342846
321,475,ec7abfbf765e1690,interstitial pattern,off,0.1899819208709169,1.0,0.4292414290540461,0.5988235046904293,1.0599991503748272
321,475,ec7abfbf765e1690,interstitial pattern,on,0.1899819208709169,1.0,0.4610291655066234,0.6310961221638027,0.913956934067271
322,483,67bd3c74cf584ff0,interstitial pattern,off,0.1339171283910549,1.0,0.3626358273327046,0.5314348174823093,1.2402293055334448
322,483,67bd3c74cf584ff0,interstitial pattern,on,0.1339171283910549,1.0,0.3763912760671219,0.5469239118745792,1.109167658851851
323,496,262c886227014d4e,interstitial pattern,off,0.1867510684229249,1.0,0.2753281127305155,0.43095471869398,0.519269974949095
323,496,262c886227014d4e,interstitial pattern,on,0.1867510684229249,1.0,0.2928740638815289,0.4530547782162088,0.5261721600229292
324,506,598bd23a0f437d3c,interstitial pattern,off,0.1652510367479009,1.0,0.236650182265359,0.3776327708690775,0.9198916795740408
324,506,598bd23a0f437d3c,interstitial pattern,on,0.1652510367479009,1.0,0.3747290158939528,0.5451561271179717,0.7442589677110014
325,507,fec6422c494e2973,interstitial pattern,off,0.176054656472182,1.0,0.2880563169612398,0.4425776321239986,0.8043763068445389
325,507,fec6422c494e2973,interstitial pattern,on,0.176054656472182,1.0,0.3301817451680565,0.496438976263679,0.5884018033322738
326,2,5ba6a17e672673ac,nodule,off,0.1873504573386157,0.0,0.0140891977647523,0.0276823839080174,1.838784481469307
326,2,5ba6a17e672673ac,nodule,on,0.1873504573386157,0.0,0.0156966000856726,0.0309074416039397,2.243291290645463
327,4,31cef6e4e32f976a,nodule,off,0.14248400411288,0.0,0.0229841348355124,0.0449129527274278,1.1640126689426988
327,4,31cef6e4e32f976a,nodule,on,0.14248400411288,0.0,0.0239566960827148,0.0467923326518201,0.9613491173308576
328,5,791df30f73b6bdce,nodule,off,0.1725265461066522,0.0,0.0127165660956504,0.0250533060261511,0.7172429232638857
328,5,791df30f73b6bdce,nodule,on,0.1725265461066522,0.0,0.0098564932353801,0.0195203620143825,0.1698361702996728
329,16,c5382ff48d694b35,nodule,off,0.1888172546038429,0.0,0.0062917697037475,0.0122432254632885,0.1500749011477029
329,16,c5382ff48d694b35,nodule,on,0.1888172546038429,0.0,0.0,0.0,-0.5027778732755762
330,17,d4d6c8a665a118fd,nodule,off,0.1455101871750264,1.0,0.279043658872403,0.420941943814669,3.344828455716992
330,17,d4d6c8a665a118fd,nodule,on,0.1455101871750264,1.0,0.0751692069136448,0.139822534582464,2.628504734340804
331,23,6a273e887e794c84,nodule,off,0.1640132742715963,0.0,0.0128192801108652,0.0252993436449481,0.8872923241365102
331,23,6a273e887e794c84,nodule,on,0.1640132742715963,0.0,0.0131288297905232,0.0259173268006107,0.4851569755059829
332,26,2703456a007cdfd6,nodule,off,0.168784020194046,0.0,0.0131059091964156,0.0258311322802194,1.873176985330234
332,26,2703456a007cdfd6,nodule,on,0.168784020194046,0.0,0.0150754731578534,0.0297030398919104,2.3004353337294416
333,30,15a9576ba2bd05d5,nodule,off,0.1898698400167634,0.0,0.2712843065615894,0.4187884583644018,0.3217710840664983
333,30,15a9576ba2bd05d5,nodule,on,0.1898698400167634,0.0,0.2688757136436249,0.4237643906112947,0.4191900376076106
334,35,6f70f0b7f328ad04,nodule,off,0.1629411965362143,0.0,0.0109741515250487,0.0216848808265491,1.8105162783822344
334,35,6f70f0b7f328ad04,nodule,on,0.1629411965362143,0.0,0.0276498755012454,0.053809850175595,2.462427928341504
335,40,46f6e4be988ee1fe,nodule,off,0.1942945972155217,0.0,0.0118183984546192,0.0233190643532573,1.920839774957784
335,40,46f6e4be988ee1fe,nodule,on,0.1942945972155217,0.0,0.0127959551410138,0.0252683137140644,2.148651521553767
336,51,dd36e0c7c263a696,nodule,off,0.1253941103947682,1.0,0.4049215953908012,0.57598057135181,1.5259237809448438
336,51,dd36e0c7c263a696,nodule,on,0.1253941103947682,1.0,0.3900017039932416,0.5611355472792559,1.59940889610298
337,57,529ec6d31cd9f947,nodule,off,0.1559921835786929,0.0,0.0290924279158069,0.0564002035636063,0.4502748202367607
337,57,529ec6d31cd9f947,nodule,on,0.1559921835786929,0.0,0.0172456766266739,0.0339051715864134,-0.0535650618699022
338,58,e4874abd256cb5f3,nodule,off,0.15686933808946,0.0,0.0010188819289031,0.002027435272003,0.2837396793845324
338,58,e4874abd256cb5f3,nodule,on,0.15686933808946,0.0,0.0,0.0,-0.4562643970376736
339,67,136ada2e2567ad2d,nodule,off,0.1874040612253848,1.0,0.124148869643641,0.2207072213104822,1.0405933194085848
339,67,136ada2e2567ad2d,nodule,on,0.1874040612253848,1.0,0.1361849365755056,0.2397224986413721,0.7547833726675119
340,71,627d7e9da9da4248,nodule,off,0.1783401312807918,1.0,0.2455055659419638,0.3939541288413292,0.5614792347642966
340,71,627d7e9da9da4248,nodule,on,0.1783401312807918,1.0,0.2491378084654025,0.3988922805531628,0.498476985257862
341,81,12921884d73c94c5,nodule,off,0.1459926221559483,0.0,0.1347610806387248,0.2361112611294427,1.252814972576739
341,81,12921884d73c94c5,nodule,on,0.1459926221559483,0.0,0.1507106471101868,0.2619403319644466,1.1066186235448834
342,95,c69c8f6cd26e7283,nodule,off,0.1683405698580471,1.0,0.0329139737414471,0.0635806375461768,1.3851606493130963
342,95,c69c8f6cd26e7283,nodule,on,0.1683405698580471,1.0,0.0460832460039355,0.0881062093473564,1.2678658776060816
343,96,3c565fb2a9b98cd8,nodule,off,0.1465920110716391,0.0,0.0748923636279441,0.1382740126212632,1.2173657078073188
343,96,3c565fb2a9b98cd8,nodule,on,0.1465920110716391,0.0,0.0547261658942433,0.1037729121262798,0.7772805444513542
344,99,de8bae8c48874a29,nodule,off,0.1488482473965567,1.0,0.1064099216221071,0.1842390626433979,2.98454910825024
344,99,de8bae8c48874a29,nodule,on,0.1488482473965567,1.0,0.0289554138543389,0.0562801357753147,2.5451147291125022
345,100,4b5257cd5e0a6456,nodule,off,0.1712985297915783,0.0,0.0543040609953563,0.101489723091565,1.749389761198852
345,100,4b5257cd5e0a6456,nodule,on,0.1712985297915783,0.0,0.0589633571191131,0.1113520118865413,2.4008349883450864
346,101,62b654fbb6e1bf36,nodule,off,0.1602610021977593,0.0,7.822835777969514e-05,0.000156395542727,-0.0089178634108812
346,101,62b654fbb6e1bf36,nodule,on,0.1602610021977593,0.0,0.0,0.0,-0.4683262006483246
347,102,1e9da71c70d41927,nodule,off,0.1639011934174427,1.0,0.0299949580438109,0.0576553900496409,2.266428891372612
347,102,1e9da71c70d41927,nodule,on,0.1639011934174427,1.0,0.0366000953630902,0.0706131486631207,2.446827820759441
348,109,beec2434ff624b6b,nodule,off,0.1508364642876287,0.0,0.1597078365545574,0.2752359261746736,0.9583764720783012
348,109,beec2434ff624b6b,nodule,on,0.1508364642876287,0.0,0.164424024084612,0.2824094561751639,0.683810603497733
349,110,53bf9055496e7700,nodule,off,0.159642120959607,1.0,0.1052314642500511,0.1864435321006643,2.6413643783216
349,110,53bf9055496e7700,nodule,on,0.159642120959607,1.0,0.0565995639977093,0.1071342399753306,2.431145426566878
350,119,4b8172a7de453a27,nodule,off,0.1592327821879157,0.0,0.0083923759763224,0.016635122639484,-0.0637091087980557
350,119,4b8172a7de453a27,nodule,on,0.1592327821879157,0.0,0.0016782421049167,0.0033507809726205,-0.3466460198112794
351,122,388ba4ddcba88c63,nodule,off,0.1179529162950942,1.0,0.3179276417757066,0.4771511321607747,2.066310070086822
351,122,388ba4ddcba88c63,nodule,on,0.1179529162950942,1.0,0.1852611600995984,0.3125961035260144,3.0836183611084174
352,135,fcbe7d0e9937ca08,nodule,off,0.1608067872266811,0.0,0.0413703856876301,0.0789333881594471,1.949056912708209
352,135,fcbe7d0e9937ca08,nodule,on,0.1608067872266811,0.0,0.03742633911937,0.0721509852193449,2.417973513823168
353,152,62eb41a49c59044c,nodule,off,0.1842463049866234,0.0,0.0044410646523408,0.0088405416239941,1.405999526773141
353,152,62eb41a49c59044c,nodule,on,0.1842463049866234,0.0,0.0106411308767975,0.0210579992191447,2.2337012701619376
354,160,9f3085bc1714fbfc,nodule,off,0.1517915880882417,0.0,0.0088011274308569,0.017218936245413,-1.0981161520397391
354,160,9f3085bc1714fbfc,nodule,on,0.1517915880882417,0.0,0.0,0.0,-0.4811770125999511
355,179,af8b609a0d8420b6,nodule,off,0.1872383764844621,0.0,0.006861246375933,0.0136189139759599,1.88301130234858
355,179,af8b609a0d8420b6,nodule,on,0.1872383764844621,0.0,0.0122418078227175,0.0241873850014884,2.1818704466427925
356,181,46d32bdb4e0bfc6d,nodule,off,0.1864440643441564,0.0,0.0334348056687286,0.0646367824407075,0.4410219732378663
356,181,46d32bdb4e0bfc6d,nodule,on,0.1864440643441564,0.0,0.0153798032825406,0.030290550133253,-0.0769281923923645
357,188,178af366c915dc33,nodule,off,0.1575954271011505,1.0,0.0590945977346476,0.1100667995791681,2.3630157874223703
357,188,178af366c915dc33,nodule,on,0.1575954271011505,1.0,0.0566265963817235,0.1071784956646541,2.4983109066505302
358,194,1547ed2ca0dc7cf8,nodule,off,0.1968042337324386,1.0,0.1596804456346031,0.2499501397452389,2.5453149171387257
358,194,1547ed2ca0dc7cf8,nodule,on,0.1968042337324386,1.0,0.0735074199153711,0.1369312107626424,2.289685467905357
359,202,311cae76649c299c,nodule,off,0.2069110029287214,0.0,0.00666009923502,0.0132248843813322,1.0995209506913552
359,202,311cae76649c299c,nodule,on,0.2069110029287214,0.0,0.0076529319430232,0.0151895863327889,0.9486712894401534
360,203,7b3442fcfa554b56,nodule,off,0.1839344278272395,1.0,0.2481680798705999,0.3958783204917681,1.5014425717364257
360,203,7b3442fcfa554b56,nodule,on,0.1839344278272395,1.0,0.2978560665568254,0.4589865898825184,1.4813068620931538
361,208,fa45a0c99089f06d,nodule,off,0.1723949729300372,1.0,0.6201465296539148,0.7622664138523574,2.502270353507624
361,208,fa45a0c99089f06d,nodule,on,0.1723949729300372,1.0,0.1876386517609209,0.3159624161128481,2.5649210216981864
362,212,4a2cc7f50a322c9b,nodule,off,0.1400328445633476,1.0,0.265470863786729,0.4127735953713751,3.688459000666186
362,212,4a2cc7f50a322c9b,nodule,on,0.1400328445633476,1.0,0.070066244522346,0.1309485914747925,2.7113234697892645
363,225,f6618661e9c11ab9,nodule,off,0.164193578254365,0.0,0.0625642291258007,0.1166048455917229,1.814347015202328
363,225,f6618661e9c11ab9,nodule,on,0.164193578254365,0.0,0.056717023456959,0.1073372732339265,2.456730593488778
364,226,dc3b1a2842b5bde9,nodule,off,0.1785642929890989,0.0,0.0086304569080018,0.0170777118155196,1.7351363035497192
364,226,dc3b1a2842b5bde9,nodule,on,0.1785642929890989,0.0,0.013508118347522,0.0266556486935028,2.3159496355796274
365,231,e6a6edb9671f4997,nodule,off,0.1806792099761706,0.0,0.0062726464789374,0.01244116601704,0.1886636588991962
365,231,e6a6edb9671f4997,nodule,on,0.1806792099761706,0.0,0.0003624438111866,0.0007245940611851,-0.436519540450023
366,237,1a56067563f9d98b,nodule,off,0.1514894570900886,0.0,0.0,0.0,0.101439556806526
366,237,1a56067563f9d98b,nodule,on,0.1514894570900886,0.0,0.0,0.0,-0.4466178007050525
367,243,7fd1d6abc4eb09b7,nodule,off,0.1218367615455462,0.0,0.0042381671610264,0.0084374899294569,1.500635477900027
367,243,7fd1d6abc4eb09b7,nodule,on,0.1218367615455462,0.0,0.0202067816975563,0.0396123660286276,2.8535015048366983
368,244,10dd1cccf6713426,nodule,off,0.1396917289202715,0.0,0.0852239493054224,0.1564481652713499,0.9315528025933656
368,244,10dd1cccf6713426,nodule,on,0.1396917289202715,0.0,0.0686015322427137,0.1283851263090926,0.4368622508693638
369,245,a4ca156bdc6f1e50,nodule,off,0.158896539625455,0.0,0.0068596977112302,0.0136132544627536,1.685504490419259
369,245,a4ca156bdc6f1e50,nodule,on,0.158896539625455,0.0,0.0101873336199062,0.020169175446445,2.3523881717756105
370,278,e49b9f94ea41c15c,nodule,off,0.1614743992709871,1.0,0.0747515707724481,0.1354947381296344,2.908912351529446
370,278,e49b9f94ea41c15c,nodule,on,0.1614743992709871,1.0,0.0361446061482268,0.0697663838246094,2.41454103819782
371,287,a434b5c1c1c293b7,nodule,off,0.1544230516205429,1.0,0.0803701692376138,0.145299862320886,2.123420503930413
371,287,a434b5c1c1c293b7,nodule,on,0.1544230516205429,1.0,0.0729148581271671,0.1359136676760719,2.544001864683455
372,299,f9333b96ded07222,nodule,off,0.1935100312364467,0.0,0.0170758741816411,0.0335261648277732,1.5488194641203608
372,299,f9333b96ded07222,nodule,on,0.1935100312364467,0.0,0.017094589772797,0.0336142849958408,2.1166825427016565
373,300,cb476906290891fc,nodule,off,0.1538334088660828,0.0,0.0139633282812886,0.0275308867283346,0.8743484944500063
373,300,cb476906290891fc,nodule,on,0.1538334088660828,0.0,0.0290653643063281,0.0564871098530009,0.7083716580214872
374,304,454c77ff1a863eb0,nodule,off,0.194206881764445,1.0,0.1079150521154366,0.191221080374074,2.1490789517483053
374,304,454c77ff1a863eb0,nodule,on,0.194206881764445,1.0,0.1145789528517447,0.2055855347351264,2.2830411285997307
375,317,79b3a198942ba36e,nodule,off,0.1761277526814126,0.0,0.0827878447001003,0.1526805605510778,1.193773429621928
375,317,79b3a198942ba36e,nodule,on,0.1761277526814126,0.0,0.0948701924954636,0.1732994154838116,1.0463439514664516
376,332,4616b3605893256b,nodule,off,0.1580437505177648,1.0,0.13677733265722,0.2395428956548125,1.1576998654250106
376,332,4616b3605893256b,nodule,on,0.1580437505177648,1.0,0.174354010824671,0.2969339073301801,0.8746457447726317
377,341,4760706a91f4d806,nodule,off,0.1433611586236471,0.0,0.0213991228333624,0.041704264558476,2.523727003965911
377,341,4760706a91f4d806,nodule,on,0.1433611586236471,0.0,0.0241822707489784,0.0472215201155563,2.594780619177437
378,345,5c7d19c41a7a931a,nodule,off,0.1344239287750537,1.0,0.4646977687626775,0.6264837554234299,2.2075926258893364
378,345,5c7d19c41a7a931a,nodule,on,0.1344239287750537,1.0,0.7006028480899937,0.8239461079063075,2.336276915555136
379,353,baba146980179c15,nodule,off,0.2183042654074626,0.0,0.0243540449296002,0.0474624674813258,1.7523356865653503
379,353,baba146980179c15,nodule,on,0.2183042654074626,0.0,0.0296670795117042,0.0576242700045408,1.983929592231515
380,354,1ba64d275eacfef0,nodule,off,0.1525517886642398,0.0,0.0007804452722064,0.0015550738124617,0.2167257581438219
380,354,1ba64d275eacfef0,nodule,on,0.1525517886642398,0.0,0.0,0.0,-0.4603838682364432
381,369,bcc6697081a43ebb,nodule,off,0.1416701996501128,0.0,0.0374418150688761,0.0719000730605201,1.8493297826524449
381,369,bcc6697081a43ebb,nodule,on,0.1416701996501128,0.0,0.0347090796853734,0.0670883459201462,2.582786174117196
382,375,2fe0944b4d020733,nodule,off,0.1230940163443123,1.0,0.2724911033623295,0.4281554358316633,1.6682816080123135
382,375,2fe0944b4d020733,nodule,on,0.1230940163443123,1.0,0.2440022247508713,0.3922665607003128,1.990362760700428
383,385,903704ca004bf410,nodule,off,0.167711942458664,0.0,0.0046100415800059,0.0091232983770365,0.7951461888118022
383,385,903704ca004bf410,nodule,on,0.167711942458664,0.0,0.0124708944153359,0.0246345719989097,0.5004455374659302
384,392,cdd145559ca14b6a,nodule,off,0.153024477483931,0.0,0.003895334802625,0.0077144539983249,0.8210450525460051
384,392,cdd145559ca14b6a,nodule,on,0.153024477483931,0.0,0.0,0.0,-0.3206293541906672
385,406,4ac5bdc88a2f8372,nodule,off,0.1170903810261733,1.0,0.2145851183811493,0.3501819233348012,1.0377805134151066
385,406,4ac5bdc88a2f8372,nodule,on,0.1170903810261733,1.0,0.460461155644709,0.6305625812224707,0.9613565060385828
386,409,29b9cb23329cf7cd,nodule,off,0.1750264364623384,1.0,0.2977538280836196,0.4545402258045347,1.7084587824190645
386,409,29b9cb23329cf7cd,nodule,on,0.1750264364623384,1.0,0.2834154122040643,0.4416505466472957,1.4718637855130627
387,419,47f29da1a3e01ce1,nodule,off,0.1427666427885716,1.0,0.3733081942269057,0.5154096791395665,2.70778255929602
387,419,47f29da1a3e01ce1,nodule,on,0.1427666427885716,1.0,0.1640973708341249,0.2819062178512165,2.7996957998696463
388,427,cc9b83b25564404d,nodule,off,0.1345701211935149,1.0,0.4648637338350554,0.6075992625413263,3.285003179724346
388,427,cc9b83b25564404d,nodule,on,0.1345701211935149,1.0,0.0758553691352727,0.1409986719685244,2.8117951425463428
389,434,b49f828065841b72,nodule,off,0.1046250408120501,1.0,0.5894351711518926,0.7337481508327695,2.456804006734632
389,434,b49f828065841b72,nodule,on,0.1046250408120501,1.0,0.5316255741217273,0.6941385240719098,3.53423914024912
390,439,4b0c1be6f2fa0ae1,nodule,off,0.1377278774322763,1.0,0.5847140784422237,0.7340343177246614,2.488135417069044
390,439,4b0c1be6f2fa0ae1,nodule,on,0.1377278774322763,1.0,0.4060941712819891,0.5775904217650881,2.7511637610607185
391,440,6a7040fd2005b413,nodule,off,0.1934076965435239,1.0,0.0103337269401551,0.0204016820390264,2.031129013533948
391,440,6a7040fd2005b413,nodule,on,0.1934076965435239,1.0,0.0141189066762682,0.0278440940604476,2.215829934558393
392,455,80701ea912c38968,nodule,off,0.1536579779639294,0.0,0.0014892817425698,0.0029650861356792,0.1569317510375915
392,455,80701ea912c38968,nodule,on,0.1536579779639294,0.0,0.0,0.0,-0.4451252581942978
393,470,7a85d34d4d0f8e20,nodule,off,0.1341948939861312,0.0,0.0103312348048544,0.0204479759960762,0.7271279335035864
393,470,7a85d34d4d0f8e20,nodule,on,0.1341948939861312,0.0,0.0091541758625362,0.0181420842936011,0.2949687856755039
394,472,ab41a0f8182d4bc1,nodule,off,0.1526736156796241,0.0,0.027882228406644,0.0541770749966335,1.3214387331447937
394,472,ab41a0f8182d4bc1,nodule,on,0.1526736156796241,0.0,0.0339552876548424,0.065680363416849,1.5697855509997896
395,477,d5c1d9f7a116dfae,nodule,off,0.1774727229312554,0.0,0.0002292791887771,0.0004580332900484,-0.3342045654813206
395,477,d5c1d9f7a116dfae,nodule,on,0.1774727229312554,0.0,0.0,0.0,-0.4938833091672296
396,488,08e40ded6a91cb4d,nodule,off,0.1817366684697064,1.0,0.0674399210190197,0.1261894987017018,1.1364949384871312
396,488,08e40ded6a91cb4d,nodule,on,0.1817366684697064,1.0,0.0817833725849149,0.1511992025874103,0.8873160018079341
397,499,792effd3029389fb,nodule,off,0.138678128152274,1.0,0.313207953553854,0.4582249421007845,3.132481139219777
397,499,792effd3029389fb,nodule,on,0.138678128152274,1.0,0.119398110388381,0.2133126563272924,2.783327860466416
398,501,c353462c47a4a7ba,nodule,off,0.1680725504242016,1.0,0.1229882616065275,0.2160122182239919,1.0226029790389308
398,501,c353462c47a4a7ba,nodule,on,0.1680725504242016,1.0,0.092492863295781,0.1693223550119655,0.7632720932648125
399,521,84c18c7af86041aa,nodule,off,0.1475178963885599,0.0,0.0109489920631339,0.0216502822867937,0.6211410601011738
399,521,84c18c7af86041aa,nodule,on,0.1475178963885599,0.0,0.0250068940454043,0.0487902915288431,0.586590280512476
400,528,36f0ee298e099997,nodule,off,0.1812347411663231,0.0,0.0064995051539191,0.0129101369607703,1.0056165616613364
400,528,36f0ee298e099997,nodule,on,0.1812347411663231,0.0,0.0050381450016942,0.0100250917563977,0.6954306161035014
401,13,33b179d6a89a32f1,pleural effusion,off,0.1296239443689117,1.0,0.3603064343427717,0.5241989324042086,1.4826596633615456
401,13,33b179d6a89a32f1,pleural effusion,on,0.1296239443689117,1.0,0.5948939886718454,0.7459967894812551,1.4185726572409942
402,21,3cf6ce745b74e09f,pleural effusion,off,0.1714690876131163,1.0,0.2597940000089748,0.4112480893453374,0.7782952879569124
402,21,3cf6ce745b74e09f,pleural effusion,on,0.1714690876131163,1.0,0.322788592966828,0.4880412209806841,0.5757720171092011
403,34,69ee306d0de8bd2d,pleural effusion,off,0.1333615972009025,0.0,0.0390704690459044,0.0751719828950694,-0.1654498316440048
403,34,69ee306d0de8bd2d,pleural effusion,on,0.1333615972009025,0.0,0.0420007618724408,0.080615405357583,-0.0246897879739389
404,43,e3f6aeb0d6419151,pleural effusion,off,0.190113494047532,0.0,0.0,0.0,-1.0217481952035308
404,43,e3f6aeb0d6419151,pleural effusion,on,0.190113494047532,0.0,0.0,0.0,-0.5487267313858526
405,44,01f421ac2c8b7f23,pleural effusion,off,0.180893625523247,1.0,0.4004915643951088,0.560862615996168,2.449209254853739
405,44,01f421ac2c8b7f23,pleural effusion,on,0.180893625523247,1.0,0.1940750293655981,0.3250377287971366,2.497631952375219
406,47,46b5f3f2fe8fa92d,pleural effusion,off,0.1381225969621215,0.0,0.0813098600872377,0.1486866785512088,2.4601394587807657
406,47,46b5f3f2fe8fa92d,pleural effusion,on,0.1381225969621215,0.0,0.0776659162494197,0.1441292830632834,2.709944014298299
407,49,c637f6b6fbc52aa6,pleural effusion,off,0.175650190781106,1.0,0.3489931963944878,0.5103427353908545,1.8611918769494544
407,49,c637f6b6fbc52aa6,pleural effusion,on,0.175650190781106,1.0,0.2190100885991762,0.3593025893633054,1.8033817180687357
408,52,ed2c6c44cda73bc0,pleural effusion,off,0.1781841927010998,1.0,0.0897559982298709,0.1634326028028406,2.025684461626716
408,52,ed2c6c44cda73bc0,pleural effusion,on,0.1781841927010998,1.0,0.0649133887260804,0.1219108948973445,2.2979279098860323
409,64,c0bc1579b347c146,pleural effusion,off,0.1540283320906977,0.0,0.1651609048067177,0.2826188556136155,1.9077264131692624
409,64,c0bc1579b347c146,pleural effusion,on,0.1540283320906977,0.0,0.1276032731742792,0.2263097286845498,2.4676353120362307
410,65,b54f6faaa57c06df,pleural effusion,off,0.145753841205795,1.0,0.1527802974397173,0.2640442712986544,2.2092347500226053
410,65,b54f6faaa57c06df,pleural effusion,on,0.145753841205795,1.0,0.1225662567900741,0.2183658210715922,2.6348955525436857
411,69,066ed6260c2c0c26,pleural effusion,off,0.1464311994113318,1.0,0.4102700081699808,0.5563291355487764,2.581333078336673
411,69,066ed6260c2c0c26,pleural effusion,on,0.1464311994113318,1.0,0.1670360210437271,0.28621849187434,2.79316347052778
412,74,d931503c9db08a1a,pleural effusion,off,0.2165450833053131,0.0,0.0205828164281356,0.0400467050138086,0.8120840562327798
412,74,d931503c9db08a1a,pleural effusion,on,0.2165450833053131,0.0,0.0027882231946279,0.0055602739820882,-0.2361140541787494
413,75,a044fc0e6f3f828e,pleural effusion,off,0.1734767968266499,1.0,0.423523104720133,0.5904782161929496,1.504276557159493
413,75,a044fc0e6f3f828e,pleural effusion,on,0.1734767968266499,1.0,0.5015038870331618,0.6679995408142474,1.13382499146795
414,77,242ca5c078093efe,pleural effusion,off,0.1666691032069743,1.0,0.2579970328995926,0.4100625471357836,0.7808640509082807
414,77,242ca5c078093efe,pleural effusion,on,0.1666691032069743,1.0,0.2655874384127743,0.4197057879253984,0.5821846961956586
415,82,1eb9d327943618ba,pleural effusion,off,0.1616741955762174,1.0,0.2921004023900757,0.448149907036324,0.5939747024129238
415,82,1eb9d327943618ba,pleural effusion,on,0.1616741955762174,1.0,0.3291760563253586,0.4953025775327562,0.6071441481786083
416,84,566c7b943e935e9b,pleural effusion,off,0.1599101403934525,1.0,0.3879699756999896,0.5529073911903575,1.4350118805398748
416,84,566c7b943e935e9b,pleural effusion,on,0.1599101403934525,1.0,0.5196887926041139,0.6839368881663597,1.1479178400277
417,104,8b726f2a1de4c3eb,pleural effusion,off,0.1751482634777227,1.0,0.3176512644407044,0.4798948242451911,2.267047988854419
417,104,8b726f2a1de4c3eb,pleural effusion,on,0.1751482634777227,1.0,0.2244562704783504,0.3666161285855521,2.504016295322173
418,106,21a6d0636b3a01d4,pleural effusion,off,0.0993962253117553,1.0,0.2976874263275211,0.4567403161605695,1.0083484377653602
418,106,21a6d0636b3a01d4,pleural effusion,on,0.0993962253117553,1.0,0.4422780243643848,0.6133034556239794,0.9522362813188262
419,117,61fa68c77304b149,pleural effusion,off,0.0995326715689857,1.0,0.2761769736200894,0.4328164358127317,2.208763706564552
419,117,61fa68c77304b149,pleural effusion,on,0.0995326715689857,1.0,0.1963327211517743,0.3281992919546427,3.3458080559475416
420,118,c79c49fa0c554cf5,pleural effusion,off,0.1485120048340959,1.0,0.280862811334019,0.4335282551399729,2.6092216043338747
420,118,c79c49fa0c554cf5,pleural effusion,on,0.1485120048340959,1.0,0.117294304659158,0.2099520090999861,2.6493765150672792
421,120,63e108cb88ff486f,pleural effusion,off,0.1537895511405445,1.0,0.2537886885582739,0.3977652658376313,2.2074378781957167
421,120,63e108cb88ff486f,pleural effusion,on,0.1537895511405445,1.0,0.15037441336993,0.2613964939894317,2.6787211004341343
422,121,b938250b4ece76c7,pleural effusion,off,0.1329425122679804,1.0,0.445912004484618,0.6079607821227706,1.795376552227376
422,121,b938250b4ece76c7,pleural effusion,on,0.1329425122679804,1.0,0.5920066868710625,0.7437010133289711,1.697916106980357
423,125,e5935687805a3671,pleural effusion,off,0.1706260446666569,0.0,0.0882510259301113,0.1620747704760797,0.4297340256172781
423,125,e5935687805a3671,pleural effusion,on,0.1706260446666569,0.0,0.0829991894676038,0.1532760821279309,0.327363841375015
424,129,d4a6c3cdf04fa92c,pleural effusion,off,0.1433173008981087,1.0,0.2985374280293039,0.4576448591289138,1.0370059799702485
424,129,d4a6c3cdf04fa92c,pleural effusion,on,0.1433173008981087,1.0,0.3895506046165956,0.560682969461293,0.7665207695181677
425,138,06efafe7ba8a9f72,pleural effusion,off,0.1854791943823126,1.0,0.475014978083164,0.6417009829318944,1.843895823721559
425,138,06efafe7ba8a9f72,pleural effusion,on,0.1854791943823126,1.0,0.3861094721358296,0.5570763254301767,1.6966517940946189
426,140,ae9dbadf1fd84520,pleural effusion,off,0.1773411497546403,1.0,0.1069054666004565,0.1927132744150393,0.2789286632283099
426,140,ae9dbadf1fd84520,pleural effusion,on,0.1773411497546403,1.0,0.136386784200259,0.2400354300153819,0.3735084934532877
427,150,a043d03d2cd28921,pleural effusion,off,0.1758646063281825,0.0,0.0378805903290609,0.0729273026253374,0.7289054071405184
427,150,a043d03d2cd28921,pleural effusion,on,0.1758646063281825,0.0,0.0415606485336912,0.0798044306211525,0.3829933534669099
428,151,2a0cd17299cb83b4,pleural effusion,off,0.1367094035836634,1.0,0.6156603246473701,0.7498195879134669,2.2629878096971083
428,151,2a0cd17299cb83b4,pleural effusion,on,0.1367094035836634,1.0,0.4713699355476086,0.6406339981854046,3.4890986343496677
429,156,3a384669c19c2dfb,pleural effusion,off,0.149886213567631,0.0,0.084326839979241,0.1528561235219095,0.0019377683277015
429,156,3a384669c19c2dfb,pleural effusion,on,0.149886213567631,0.0,0.0423707302916155,0.081296847078216,-0.1747274848121037
430,164,2ca3b8f5c4485ed5,pleural effusion,off,0.16811640814974,1.0,0.3480200686210006,0.5135372377470462,2.0858619637996023
430,164,2ca3b8f5c4485ed5,pleural effusion,on,0.16811640814974,1.0,0.2159222030228894,0.355139368348263,2.470151664028758
431,173,f7eb8b41524d2051,pleural effusion,off,0.1231281279086199,1.0,0.4686658406130117,0.6359578138181032,2.0612114980105614
431,173,f7eb8b41524d2051,pleural effusion,on,0.1231281279086199,1.0,0.5013722830583373,0.6678600990944943,2.942456771855833
432,174,f1cb59f606d0cbc1,pleural effusion,off,0.1705480753768109,0.0,0.0493749008921176,0.0938592768359276,0.0818143349871951
432,174,f1cb59f606d0cbc1,pleural effusion,on,0.1705480753768109,0.0,0.0639277403318125,0.1201729365856708,0.0316255093677709
433,183,b0001c5493fecdb9,pleural effusion,off,0.1573127884254589,1.0,0.4460159410395695,0.6158727069143647,1.7118601527297364
433,183,b0001c5493fecdb9,pleural effusion,on,0.1573127884254589,1.0,0.4559578450036219,0.6263291836097431,1.6672487551037356
434,184,36daff27d00b22df,pleural effusion,off,0.1622102344439084,1.0,0.2982786834281807,0.4498286277447175,2.536556966989251
434,184,36daff27d00b22df,pleural effusion,on,0.1622102344439084,1.0,0.1398966335290799,0.2454352767887091,2.4685029013000555
435,191,cf9720eb47d12024,pleural effusion,off,0.1654264676500543,1.0,0.2577350286711902,0.4082404136632973,1.6037675096818325
435,191,cf9720eb47d12024,pleural effusion,on,0.1654264676500543,1.0,0.1429754516066037,0.2501674719311189,1.3911897753569842
436,201,f5361e372d0ecacb,pleural effusion,off,0.147361957808868,1.0,0.4835856593946152,0.6450598428460067,1.7557748631929124
436,201,f5361e372d0ecacb,pleural effusion,on,0.147361957808868,1.0,0.6367593894684415,0.7780675120753857,1.4240305906098734
437,213,d5f1991994ffa543,pleural effusion,off,0.1625221116032922,1.0,0.2329904271799631,0.3771380901747331,2.0072114545648305
437,213,d5f1991994ffa543,pleural effusion,on,0.1625221116032922,1.0,0.202603508643383,0.3369320043561896,2.4081135621586465
438,215,ab272e3e0f1c8bfc,pleural effusion,off,0.1544327977817737,0.0,0.0245619010131269,0.0474812471017866,-0.1735399674957989
438,215,ab272e3e0f1c8bfc,pleural effusion,on,0.1544327977817737,0.0,0.0223209996130498,0.0436656155469466,-0.1821764731954999
439,217,d499df8f16b53c58,pleural effusion,off,0.1647003786383638,1.0,0.2301155998808043,0.3555453846520819,2.779191862496459
439,217,d499df8f16b53c58,pleural effusion,on,0.1647003786383638,1.0,0.0830604450065037,0.1533714128067622,2.47450490141848
440,218,72f351da77e93850,pleural effusion,off,0.1115691806889561,1.0,0.4852042065428878,0.6521964285799053,2.124338294287286
440,218,72f351da77e93850,pleural effusion,on,0.1115691806889561,1.0,0.5441472457215989,0.7047866491251791,2.6972719971190613
441,219,b7474324e13b9f32,pleural effusion,off,0.1182453011320166,1.0,0.5512822786262126,0.7093712254413125,2.7530193213718563
441,219,b7474324e13b9f32,pleural effusion,on,0.1182453011320166,1.0,0.3075541518395699,0.4703340513814099,3.474994478845438
442,224,3b50628e2520b822,pleural effusion,off,0.1599442519577601,1.0,0.4532155800454401,0.6216217004885288,1.8410737343888768
442,224,3b50628e2520b822,pleural effusion,on,0.1599442519577601,1.0,0.4878345620502596,0.6557610626644704,1.7367235347398169
443,227,6a5adc67bfa17890,pleural effusion,off,0.1399548752735016,0.0,0.1061841205131439,0.1905486726171147,2.4066229633546823
443,227,6a5adc67bfa17890,pleural effusion,on,0.1399548752735016,0.0,0.085773124792111,0.1579928842633817,2.6456094729178488
444,234,100c1a9328dd1f51,pleural effusion,off,0.1473911962925602,0.0,0.045116453022907,0.0863107935007187,1.3353955426579274
444,234,100c1a9328dd1f51,pleural effusion,on,0.1473911962925602,0.0,0.037679713443542,0.0726227180806862,1.088468778242798
445,239,f1c6e7f21fa3a466,pleural effusion,off,0.1286883128907601,0.0,0.2853565093456441,0.4408611155064329,2.462767660513133
445,239,f1c6e7f21fa3a466,pleural effusion,on,0.1286883128907601,0.0,0.1706128352622701,0.2914857728793318,2.930714367430683
446,260,99bfa90d3dae1e59,pleural effusion,off,0.1862199026358493,1.0,0.3114319561455483,0.4727598613496783,1.4403468513347844
446,260,99bfa90d3dae1e59,pleural effusion,on,0.1862199026358493,1.0,0.3554500843490015,0.5244582068239189,1.178635894049677
447,264,6a4dc10a30094a14,pleural effusion,off,0.1498813404870156,1.0,0.1402154966443245,0.2452187901094531,0.3583583656110783
447,264,6a4dc10a30094a14,pleural effusion,on,0.1498813404870156,1.0,0.1987935479260303,0.3316450966618376,0.3043511981797306
448,265,861a33bee0885f1c,pleural effusion,off,0.1185328128883236,1.0,0.5369708492804135,0.6902903854439125,2.1865637974406678
448,265,861a33bee0885f1c,pleural effusion,on,0.1185328128883236,1.0,0.6327265140847085,0.7750452109320751,3.1779732006949915
449,270,f5a62f43c6502a22,pleural effusion,off,0.1487848973485568,1.0,0.5540856435806799,0.712345098610542,1.982605130411692
449,270,f5a62f43c6502a22,pleural effusion,on,0.1487848973485568,1.0,0.5394220891279103,0.7007994116019108,2.033012665273582
450,272,0f338054cbddc18d,pleural effusion,off,0.1487995165904029,1.0,0.4674988362067143,0.6262424874385364,1.9542757288619417
450,272,0f338054cbddc18d,pleural effusion,on,0.1487995165904029,1.0,0.3991156861726876,0.5704799295005373,1.9371832404676
451,279,41b0dfbcc6ffd34f,pleural effusion,off,0.1193368711898601,1.0,0.4019736180913219,0.5682677265213677,1.435245379226385
451,279,41b0dfbcc6ffd34f,pleural effusion,on,0.1193368711898601,1.0,0.6293765719988678,0.7725293751121118,1.5455073417181135
452,296,b059249baf253a5b,pleural effusion,off,0.1697586363171206,1.0,0.4062120342956787,0.5718476218688721,1.3848325366277177
452,296,b059249baf253a5b,pleural effusion,on,0.1697586363171206,1.0,0.499333568413688,0.6660736311460453,1.1506438101009937
453,305,88aab495bd0b6f9f,pleural effusion,off,0.2073641994259511,1.0,0.2670608701824618,0.4072128594873037,1.914138071588484
453,305,88aab495bd0b6f9f,pleural effusion,on,0.2073641994259511,1.0,0.1746893321149164,0.2974134087311196,1.8878242536860503
454,306,172d42c3c93ebae0,pleural effusion,off,0.1413631955713443,1.0,0.4287697307847219,0.5965870601399558,1.692394556044829
454,306,172d42c3c93ebae0,pleural effusion,on,0.1413631955713443,1.0,0.5421445936931306,0.7031035998175177,1.2381427759634758
455,313,009e8fe5a96ddd29,pleural effusion,off,0.1512506761399353,1.0,0.3011114282761319,0.4562280220337932,1.3586471464333163
455,313,009e8fe5a96ddd29,pleural effusion,on,0.1512506761399353,1.0,0.4993013468847737,0.6660398086831967,1.0531476719418549
456,316,7625018c3b194ddd,pleural effusion,off,0.1539065050753134,0.0,0.0554967271586536,0.1048223632910603,0.8066345905438798
456,316,7625018c3b194ddd,pleural effusion,on,0.1539065050753134,0.0,0.0674416423471924,0.1263609072639544,0.6006048466733702
457,326,5b9e69685ace7e42,pleural effusion,off,0.1502370753719378,0.0,0.1305830822834127,0.2308442833720651,1.4925785564580067
457,326,5b9e69685ace7e42,pleural effusion,on,0.1502370753719378,0.0,0.1406968537933781,0.2466851209092351,1.5600327750420755
458,328,ebbc8cfb50c45f2b,pleural effusion,off,0.1547787865054651,0.0,0.0863136464499974,0.1578211021162114,0.7006225136494126
458,328,ebbc8cfb50c45f2b,pleural effusion,on,0.1547787865054651,0.0,0.1154193768459836,0.2069520819856169,0.4894453617495611
459,340,c80af72c8149fb46,pleural effusion,off,0.1733939544561885,0.0,0.1226945338421945,0.2185491475695236,0.2979701408085229
459,340,c80af72c8149fb46,pleural effusion,on,0.1733939544561885,0.0,0.1187590937164785,0.2123049341643596,0.1945638725575489
460,348,c16f985adfcfefa6,pleural effusion,off,0.1324844426901354,1.0,0.1696086544865859,0.2850771163147939,2.6720200120956044
460,348,c16f985adfcfefa6,pleural effusion,on,0.1324844426901354,1.0,0.0978755164481813,0.1782929302778218,2.7963345496655907
461,351,5c85e33bace856bb,pleural effusion,off,0.1970089031182842,1.0,0.1159117226642831,0.2010401541253923,2.2225114475770207
461,351,5c85e33bace856bb,pleural effusion,on,0.1970089031182842,1.0,0.0593189160990762,0.1119910840249115,2.185233875812973
462,361,b8e83400d937ef41,pleural effusion,off,0.1225872159603136,1.0,0.3340253377503481,0.4890432812161595,2.139638054425729
462,361,b8e83400d937ef41,pleural effusion,on,0.1225872159603136,1.0,0.2722865775407806,0.42794382473966,3.300042980595682
463,372,6a124967bba4ce54,pleural effusion,off,0.2005029019195064,1.0,0.0779465964191391,0.1432687766595018,1.9672511519405091
463,372,6a124967bba4ce54,pleural effusion,on,0.2005029019195064,1.0,0.0804325072468016,0.1488844467049078,2.169330434332428
464,376,24119440056eeeb0,pleural effusion,off,0.1231671125535429,0.0,0.1163249473071788,0.2080381890876017,2.136356843917976
464,376,24119440056eeeb0,pleural effusion,on,0.1231671125535429,0.0,0.0850002251062692,0.1566787895196312,2.86395621431493
465,382,c05ea04a9307c6ab,pleural effusion,off,0.1632579467762135,1.0,0.4929324066605712,0.6593469035213027,1.8234804578330088
465,382,c05ea04a9307c6ab,pleural effusion,on,0.1632579467762135,1.0,0.5216649755443296,0.6856493988935288,1.5145805271366712
466,388,d02107f98da98bee,pleural effusion,off,0.1402131485461164,0.0,0.2051632051123358,0.3384539383498378,2.2015670681603248
466,388,d02107f98da98bee,pleural effusion,on,0.1402131485461164,0.0,0.1698457205998377,0.290368368490718,2.774223115645255
467,390,f60975acebc82c6f,pleural effusion,off,0.1247362445116929,1.0,0.2357415403965539,0.3810411482396468,1.9491997615019403
467,390,f60975acebc82c6f,pleural effusion,on,0.1247362445116929,1.0,0.1605239381946394,0.2766336161884141,2.61469742571812
468,411,d718a4a2872bb6ba,pleural effusion,off,0.1805525098801709,0.0,0.0876719358007922,0.1610729166001775,1.0786221350144645
468,411,d718a4a2872bb6ba,pleural effusion,on,0.1805525098801709,0.0,0.0838699744058887,0.1547598750159571,0.7680126755834705
469,412,35f682b105677496,pleural effusion,off,0.1248337061240004,1.0,0.3044066603298204,0.4666420764206532,1.4522729718023422
469,412,35f682b105677496,pleural effusion,on,0.1248337061240004,1.0,0.2654268076758778,0.4194954602817996,1.2615440429064737
470,425,4a37cb0788653f87,pleural effusion,off,0.133054593122134,1.0,0.236565628205199,0.3810014818072653,0.8847504996011556
470,425,4a37cb0788653f87,pleural effusion,on,0.133054593122134,1.0,0.3064008992657315,0.4690746840025506,0.5928155315442578
471,435,7897237d1e375fa8,pleural effusion,off,0.1024516468575939,1.0,0.4915623668623315,0.6529814612487376,1.9206720576572005
471,435,7897237d1e375fa8,pleural effusion,on,0.1024516468575939,1.0,0.7130112119423722,0.832464953566354,2.070347878348638
472,438,c358b8f1e7cb26a4,pleural effusion,off,0.09716922747053,1.0,0.5585564986580585,0.7083871896654018,2.532391575801201
472,438,c358b8f1e7cb26a4,pleural effusion,on,0.09716922747053,1.0,0.4947895223843057,0.6619916881401257,4.1511051907620775
473,444,f4374a3608e7ac2b,pleural effusion,off,0.183130369525703,1.0,0.1666045558167877,0.2784692190038224,1.9189982543302155
473,444,f4374a3608e7ac2b,pleural effusion,on,0.183130369525703,1.0,0.1338054709272814,0.2360122480623372,2.2609361261015706
474,452,5d3691006fcd5c24,pleural effusion,off,0.134872252191668,1.0,0.236977191567534,0.3772984884906513,2.8423922391861733
474,452,5d3691006fcd5c24,pleural effusion,on,0.134872252191668,1.0,0.148108817736931,0.2579990824035213,2.812994289229217
475,456,46cd9bb1b8d268c2,pleural effusion,off,0.1621615036377546,1.0,0.4788293813553547,0.643829412162568,1.7604215631751228
475,456,46cd9bb1b8d268c2,pleural effusion,on,0.1621615036377546,1.0,0.5791580736429184,0.7335011068201102,1.3924371655696552
476,459,aac8cdfd294823cb,pleural effusion,off,0.2022864494247328,1.0,0.1744734304049337,0.2959444826729416,1.4650443432487956
476,459,aac8cdfd294823cb,pleural effusion,on,0.2022864494247328,1.0,0.193098536845309,0.323690168913286,1.877063499352198
477,463,2ea44fd3c7b3fb51,pleural effusion,off,0.1681407735528169,1.0,0.1973506541735215,0.3263331236263731,1.176128820324048
477,463,2ea44fd3c7b3fb51,pleural effusion,on,0.1681407735528169,1.0,0.2150201057526756,0.353918641086746,0.9752855680807676
478,471,29098ce1fe0abac3,pleural effusion,off,0.2000497054222768,0.0,0.0345018727425743,0.0662376478791144,1.1155301765620869
478,471,29098ce1fe0abac3,pleural effusion,on,0.2000497054222768,0.0,0.0501346574969678,0.0954805455372466,1.2333531430986686
479,486,4dcd0faee18f03ad,pleural effusion,off,0.1306083066532169,1.0,0.5503042718930856,0.7092201364884282,2.7209834135067403
479,486,4dcd0faee18f03ad,pleural effusion,on,0.1306083066532169,1.0,0.3352828693146418,0.5021371429255186,3.0801710240761846
480,489,ac749d95bee079fc,pleural effusion,off,0.1567426379934603,1.0,0.2915586776055631,0.4511681874996063,1.5202087747910966
480,489,ac749d95bee079fc,pleural effusion,on,0.1567426379934603,1.0,0.2854376977050677,0.4441057523033069,1.352040409718199
481,495,e834a84e7179d95c,pleural effusion,off,0.1365144803590486,1.0,0.5239868410554825,0.6819780873332649,1.7380698726180344
481,495,e834a84e7179d95c,pleural effusion,on,0.1365144803590486,1.0,0.6001473301164308,0.7501023058476833,1.5915431641061868
482,498,58e8f400ed4fe605,pleural effusion,off,0.1973256533582835,1.0,0.1318734255021242,0.2308363314443097,1.86260625598166
482,498,58e8f400ed4fe605,pleural effusion,on,0.1973256533582835,1.0,0.1182321284704101,0.2114580551141925,2.161246384058063
483,500,1cb41e099a7d442d,pleural effusion,off,0.167044330414358,1.0,0.0640495377426563,0.1203553877316916,0.9724443603015964
483,500,1cb41e099a7d442d,pleural effusion,on,0.167044330414358,1.0,0.0711741055137244,0.1328898805894681,0.7404410840532711
484,508,e3709cfb45e658ba,pleural effusion,off,0.1224507697030832,1.0,0.3103315988926272,0.470352628221229,2.494678890475896
484,508,e3709cfb45e658ba,pleural effusion,on,0.1224507697030832,1.0,0.132706261544479,0.2342939171200947,3.026455782236372
485,510,bf0437290069d1b0,pleural effusion,off,0.1655385485042079,0.0,0.0578545915310971,0.1073531804970041,0.761752226022494
485,510,bf0437290069d1b0,pleural effusion,on,0.1655385485042079,0.0,0.1043696531296997,0.1890107287631853,0.523700307948879
486,524,bea3af175d3d0cd2,pleural effusion,off,0.1114181151898795,1.0,0.4146151265292405,0.5856028310551651,1.6606284264467406
486,524,bea3af175d3d0cd2,pleural effusion,on,0.1114181151898795,1.0,0.4520422637958798,0.6226291662601687,1.4445016616166604
487,525,5e4f459912b0e161,pleural effusion,off,0.1457392219639489,1.0,0.5459585256534669,0.7031410631320977,2.4888592108729344
487,525,5e4f459912b0e161,pleural effusion,on,0.1457392219639489,1.0,0.3782701307055433,0.548850915096166,3.1877661082094897
488,1,afa00eaadc32bf1b,pleural thickening,off,0.1342874825178233,0.0,0.0191387013022073,0.0375046164442311,0.7792927618583563
488,1,afa00eaadc32bf1b,pleural thickening,on,0.1342874825178233,0.0,0.0343577980905733,0.0664327741239695,0.6389144583967853
489,3,98f03635c961630f,pleural thickening,off,0.1242489364501557,1.0,0.3876296821957158,0.5520162402813347,2.088553388333388
489,3,98f03635c961630f,pleural thickening,on,0.1242489364501557,1.0,0.3124857475500567,0.4761226406822015,2.460335522903942
490,37,b724ea6434c71097,pleural thickening,off,0.1563089338186921,1.0,0.1937210791686908,0.3244256261397695,0.686456122629483
490,37,b724ea6434c71097,pleural thickening,on,0.1563089338186921,1.0,0.2077466694507562,0.3440235229909346,0.4888936690201063
491,38,9852a11a8db8c08d,pleural thickening,off,0.1568742111700753,0.0,0.1097522863501342,0.1976336344451472,0.4943280132883966
491,38,9852a11a8db8c08d,pleural thickening,on,0.1568742111700753,0.0,0.1084261295797481,0.1956339285250799,0.3778238284699493
492,60,90bedd88fee05974,pleural thickening,off,0.1653679906826698,0.0,0.0190838017367424,0.0374387069956184,0.461232247505824
492,60,90bedd88fee05974,pleural thickening,on,0.1653679906826698,0.0,0.0261233102521296,0.0509163487958428,0.2887965102073537
493,80,f27d0623ad27d061,pleural thickening,off,0.1489359628476333,0.0,0.0467770664127318,0.0891706638325819,1.6456911977257973
493,80,f27d0623ad27d061,pleural thickening,on,0.1489359628476333,0.0,0.0445027339842513,0.0852119663804669,2.259952208213589
494,92,2f70ccbbd805fd34,pleural thickening,off,0.1419918229707274,0.0,0.1468179467729248,0.2539686325939506,1.208037622021711
494,92,2f70ccbbd805fd34,pleural thickening,on,0.1419918229707274,0.0,0.1200089168479679,0.214278109451282,1.1214169766548363
495,114,a4379da6806981ef,pleural thickening,off,0.1555584794039247,0.0,0.0636954343238289,0.1188263847611406,1.2070899193994074
495,114,a4379da6806981ef,pleural thickening,on,0.1555584794039247,0.0,0.0613778275655869,0.1156541548408256,1.0392591275012362
496,128,b5433ba64b0e525f,pleural thickening,off,0.1815563644869377,0.0,0.0794035769228618,0.1453661632225767,1.591515537126122
496,128,b5433ba64b0e525f,pleural thickening,on,0.1815563644869377,0.0,0.0734925265768847,0.1369186678169442,1.8105252372688263
497,141,b6e3786ca16e5d0b,pleural thickening,off,0.1547105633768499,1.0,0.1371097073201729,0.2382580962408504,1.172278421547156
497,141,b6e3786ca16e5d0b,pleural thickening,on,0.1547105633768499,1.0,0.1302179777490087,0.230420687867244,1.1353037050355537
498,146,bbf49c1464082208,pleural thickening,off,0.1292194786778357,1.0,0.1788266664931,0.2993681066339531,2.2648351565860128
498,146,bbf49c1464082208,pleural thickening,on,0.1292194786778357,1.0,0.1482939263992899,0.2582681058154941,2.757751813624992
499,149,bd1e1e3213f30d74,pleural thickening,off,0.1782036850235613,1.0,0.0328995354196653,0.0631733771053741,1.789071946606938
499,149,bd1e1e3213f30d74,pleural thickening,on,0.1782036850235613,1.0,0.0372340905775922,0.0717929065532854,1.8055629330248493
500,158,2c30521979b0a2ea,pleural thickening,off,0.1393262478741185,1.0,0.2846256126710385,0.4360813791524732,1.4044370888310238
500,158,2c30521979b0a2ea,pleural thickening,on,0.1393262478741185,1.0,0.2771003656445723,0.433907416995178,1.4174828881881765
501,171,19c89ed50a3f5796,pleural thickening,off,0.1478833774347129,0.0,0.0249537487430077,0.04860343789001,0.9828435359503344
501,171,19c89ed50a3f5796,pleural thickening,on,0.1478833774347129,0.0,0.0289062573643704,0.0561870498108914,0.536566237883378
502,178,252f7efe47fa6188,pleural thickening,off,0.1630727697128293,0.0,0.1540955142449988,0.2640617650745502,2.1271680356000675
502,178,252f7efe47fa6188,pleural thickening,on,0.1630727697128293,0.0,0.0555642627624332,0.1052772312021507,2.397372568124476
503,182,3af02da163e9e412,pleural thickening,off,0.1930617078198324,1.0,0.5421692490122378,0.7024163060580759,1.8362550166471132
503,182,3af02da163e9e412,pleural thickening,on,0.1930617078198324,1.0,0.5564388401595097,0.7150115165090611,1.6925026951459166
504,190,d7d08096469d872f,pleural thickening,off,0.1686232085337387,0.0,0.237908259001967,0.3831213008113756,1.784705598179622
504,190,d7d08096469d872f,pleural thickening,on,0.1686232085337387,0.0,0.1733170356932125,0.295416053745601,1.9377068687287056
505,197,37c3f6c2a9c8b710,pleural thickening,off,0.127143546335687,1.0,0.4026203554364751,0.5737051860353176,1.552576162272738
505,197,37c3f6c2a9c8b710,pleural thickening,on,0.127143546335687,1.0,0.4078204543293642,0.5793590826648238,1.477078178340242
506,220,d5141885d31ea691,pleural thickening,off,0.1308519606839856,1.0,0.2601374919913976,0.4070050851291098,2.9317840462204448
506,220,d5141885d31ea691,pleural thickening,on,0.1308519606839856,1.0,0.1643387328242084,0.2822732099433418,2.922610375560956
507,232,de408c679854aab2,pleural thickening,off,0.1228844738778513,1.0,0.3087176097705167,0.4665114216043683,2.8096794745113995
507,232,de408c679854aab2,pleural thickening,on,0.1228844738778513,1.0,0.1153096238866369,0.2067481468018293,3.011180570343152
508,238,d3821360a85a5e1c,pleural thickening,off,0.1268706538212261,0.0,0.2163614237083061,0.354704387509552,2.656511779966624
508,238,d3821360a85a5e1c,pleural thickening,on,0.1268706538212261,0.0,0.1045622363289578,0.1893227912753456,2.855146756718181
509,252,25e9744b21cac3c4,pleural thickening,off,0.1717955840143463,1.0,0.1128163074168891,0.2020289250736845,0.8846171390240106
509,252,25e9744b21cac3c4,pleural thickening,on,0.1717955840143463,1.0,0.1522611417966802,0.2642775962376367,0.6992701093851247
510,269,bad386e3574a3d58,pleural thickening,off,0.1609822181288345,1.0,0.0680657783678444,0.1267836116031117,1.2651277316530236
510,269,bad386e3574a3d58,pleural thickening,on,0.1609822181288345,1.0,0.0837992014184365,0.1546368762393646,1.139652423038743
511,293,79eac55aac8981d6,pleural thickening,off,0.1661623028229756,1.0,0.228097808344849,0.3693515289577763,1.4795421850353745
511,293,79eac55aac8981d6,pleural thickening,on,0.1661623028229756,1.0,0.2321470749882749,0.376812061758917,1.4164571167671036
512,338,b6972094364c75ff,pleural thickening,off,0.1354960065104357,0.0,0.0394441935738493,0.0754217902772797,1.4615503648177464
512,338,b6972094364c75ff,pleural thickening,on,0.1354960065104357,0.0,0.0479923392170901,0.0915876527034546,1.977561848778876
513,343,48f16b8568f2c072,pleural thickening,off,0.1542330014765434,0.0,0.2136062384468349,0.3476117911923418,1.85569871179965
513,343,48f16b8568f2c072,pleural thickening,on,0.1542330014765434,0.0,0.1331063367704053,0.2349287934694778,2.2319480041666395
514,352,0e707aad753ae1f8,pleural thickening,off,0.1311882032464463,1.0,0.3102074613249037,0.4638377437751247,1.3153953222097583
514,352,0e707aad753ae1f8,pleural thickening,on,0.1311882032464463,1.0,0.282290139601312,0.4402585388822534,1.2590071741454631
515,366,938fa8836653d1be,pleural thickening,off,0.1896700437115331,0.0,0.0570354685374047,0.1079089373980618,0.5543025462991014
515,366,938fa8836653d1be,pleural thickening,on,0.1896700437115331,0.0,0.04592306656081,0.0878041834888917,0.2237023812119665
516,373,d86033ff9eb93d1f,pleural thickening,off,0.1686329546949695,1.0,0.5468488159434147,0.7053918189541797,2.0153158775621813
516,373,d86033ff9eb93d1f,pleural thickening,on,0.1686329546949695,1.0,0.6013771422042925,0.751074563717567,1.9016727426485611
517,386,51e438df88904e5f,pleural thickening,off,0.1568742111700753,0.0,0.0347480236459234,0.0669213535976655,0.425750344771152
517,386,51e438df88904e5f,pleural thickening,on,0.1568742111700753,0.0,0.0427262510086628,0.0819510168529346,0.2091450913608558
518,397,17cdcca0c6de94f2,pleural thickening,off,0.1636088085805203,0.0,0.125982449142448,0.2219603926670776,1.4095181310524976
518,397,17cdcca0c6de94f2,pleural thickening,on,0.1636088085805203,0.0,0.1402720281602092,0.2460267280614864,1.2955394382271417
519,408,c72d92ad39a4d241,pleural thickening,off,0.2004151864684297,0.0,0.1213330900031118,0.2149661849674021,1.2952592704718828
519,408,c72d92ad39a4d241,pleural thickening,on,0.2004151864684297,0.0,0.1463365388081184,0.2553113221492302,1.1881653843249071
520,431,bc9857f9c34b7ffa,pleural thickening,off,0.1702800559429654,1.0,0.3876329432398673,0.5514177078868605,1.2883609755966203
520,431,bc9857f9c34b7ffa,pleural thickening,on,0.1702800559429654,1.0,0.4073086065778374,0.578830708503109,0.8619418811355952
521,442,a444535afc10ee60,pleural thickening,off,0.1726971039281903,0.0,0.0764028365339119,0.1396991912241203,2.582798134773032
521,442,a444535afc10ee60,pleural thickening,on,0.1726971039281903,0.0,0.0286024855671223,0.0556134895664857,2.32342486603992
522,457,a1f55f4e2d064a69,pleural thickening,off,0.1487702781067107,1.0,0.2028335500352079,0.3245364997208865,1.532636794908325
522,457,a1f55f4e2d064a69,pleural thickening,on,0.1487702781067107,1.0,0.1510772462242369,0.2624719540811295,1.4725511509236755
523,461,6db95ac0ab339c21,pleural thickening,off,0.1684721430346622,0.0,0.1391917254421219,0.2425423042175066,1.2770914818975552
523,461,6db95ac0ab339c21,pleural thickening,on,0.1684721430346622,0.0,0.1434063625527907,0.2508243536788594,1.1681389458233082
524,462,35ef78b4562f936d,pleural thickening,off,0.1390631015208884,1.0,0.4020312262682312,0.5708631904864836,1.550254179581258
524,462,35ef78b4562f936d,pleural thickening,on,0.1390631015208884,1.0,0.288766764001137,0.4481051474040323,1.4653288766236523
525,464,6e12baf437b8e995,pleural thickening,off,0.174524509158955,1.0,0.535745858100873,0.6954546213116201,1.7419613874083304
525,464,6e12baf437b8e995,pleural thickening,on,0.174524509158955,1.0,0.6116111538845784,0.7589577857059095,1.5486880163077543
526,476,6a828656c7a22397,pleural thickening,off,0.1762398335355662,1.0,0.510874466921362,0.6723497655892288,1.9517983160669985
526,476,6a828656c7a22397,pleural thickening,on,0.1762398335355662,1.0,0.5602672669056916,0.718161292547143,2.053221326019829
527,490,29150e9ffbf9c5a0,pleural thickening,off,0.17373994317988,1.0,0.3842895164042031,0.5503026430859375,1.7754660827557296
527,490,29150e9ffbf9c5a0,pleural thickening,on,0.17373994317988,1.0,0.2473246033671277,0.3965619198437655,1.579347790257309
528,502,09688f49206e2887,pleural thickening,off,0.1489262166864026,0.0,0.1523334058867645,0.263064302330072,1.957975274565796
528,502,09688f49206e2887,pleural thickening,on,0.1489262166864026,0.0,0.0928622372994658,0.1699368040859751,2.532019490869774
529,514,df69e3008bcd15b9,pleural thickening,off,0.1505245871282448,1.0,0.2439674991047341,0.3844761619928653,1.431851548979034
529,514,df69e3008bcd15b9,pleural thickening,on,0.1505245871282448,1.0,0.2384491225171988,0.3850414119327928,1.429661841914266
