idx,rank,pair_id,category,dhs,q,point,iou,dice,cnr
0,133,a69b6f1a4d61d8b1,Pneumonia,off,0.1861029487010803,1.0,0.3990030814375884,0.5692961875230804,1.7205373027441226
0,133,a69b6f1a4d61d8b1,Pneumonia,on,0.1861029487010803,1.0,0.4333454739350768,0.6046627668465298,1.5158528367690989
1,64,3dfe8fee5bd1ceed,Pneumonia,off,0.1144784098163335,1.0,0.2194767724506815,0.3582754923923527,0.8350278126131825
1,64,3dfe8fee5bd1ceed,Pneumonia,on,0.1144784098163335,1.0,0.3117854081299113,0.4753603827681255,0.6726160025469423
2,287,d736b1fc6877512b,Pneumothorax,off,0.2073154686197973,1.0,0.3036669116804136,0.4623644945639276,0.9435887216088752
2,287,d736b1fc6877512b,Pneumothorax,on,0.2073154686197973,1.0,0.3532563689512868,0.5220799170720627,0.6126839377548464
3,221,4b1efc03403cd73c,Pneumonia,off,0.1290879055012207,1.0,0.4541664814401215,0.6223988219480007,2.891635092490932
3,221,4b1efc03403cd73c,Pneumonia,on,0.1290879055012207,1.0,0.2767256495144082,0.4334833901532295,3.121052976088602
4,99,930f9bd2d8c63458,Pneumothorax,off,0.1897041552758407,1.0,0.3650271583694869,0.5266523666734892,1.3173347999685965
4,99,930f9bd2d8c63458,Pneumothorax,on,0.1897041552758407,1.0,0.4929048226074684,0.6603280628213961,0.9810874211527784
5,258,185d65aeccbfa70b,Pneumonia,off,0.1328109390913653,1.0,0.4199826121563246,0.5889955475667619,2.7390687551802024
5,258,185d65aeccbfa70b,Pneumonia,on,0.1328109390913653,1.0,0.3067216051801975,0.4694434284415986,3.126562175440188
6,232,dde31d4452de3e39,Pneumonia,off,0.122762646862467,1.0,0.6313930497072946,0.7705970412152766,3.636965838357332
6,232,dde31d4452de3e39,Pneumonia,on,0.122762646862467,1.0,0.3235668440498157,0.4889179580492399,3.329053194875629
7,267,96238c9f05e3b238,Pneumothorax,off,0.1444819671651828,0.0,0.0035149418526955,0.0069193186900971,0.8503831998827363
7,267,96238c9f05e3b238,Pneumothorax,on,0.1444819671651828,0.0,0.0869702245060612,0.1600189318073975,0.4570366015472341
8,366,adfa39118b9e3489,Pneumothorax,off,0.1706211715860415,0.0,0.0117943724345466,0.0226676244804517,0.5602298039652766
8,366,adfa39118b9e3489,Pneumothorax,on,0.1706211715860415,0.0,0.0510016171576936,0.0970434802465288,0.1811904213464663
9,134,e09c63979aec3355,Pneumothorax,off,0.1310956147147542,0.0,0.0043683699971837,0.0085499923442045,0.4977433118060416
9,134,e09c63979aec3355,Pneumothorax,on,0.1310956147147542,0.0,0.0220260129734485,0.0430964203520398,-0.0046105885243318
10,89,944a3ee8201c0f57,Pneumothorax,off,0.1012869805905199,1.0,0.297671979831811,0.4564560585059444,2.1076540606709604
10,89,944a3ee8201c0f57,Pneumothorax,on,0.1012869805905199,1.0,0.2229259675053693,0.364558418505665,2.6166646446986106
11,352,f927f7fc0016cedd,Pneumonia,off,0.1368361036796631,1.0,0.4874048570109788,0.6548658077489734,2.1035617981339603
11,352,f927f7fc0016cedd,Pneumonia,on,0.1368361036796631,1.0,0.5190059141445653,0.6833488147297652,2.1734291486224677
12,371,7e6b1ef08113cdd8,Pneumothorax,off,0.1300966331886028,1.0,0.3191990793214825,0.4823940382993257,3.045206510269343
12,371,7e6b1ef08113cdd8,Pneumothorax,on,0.1300966331886028,1.0,0.1705165220259964,0.2913489375370356,2.892573541569956
13,277,9e284dd7868db308,Pneumothorax,off,0.1708307140525025,0.0,0.0215139161028228,0.0405820921796884,0.7357004213045706
13,277,9e284dd7868db308,Pneumothorax,on,0.1708307140525025,0.0,0.1030629807591504,0.186856695904095,0.3672145861115379
14,358,ffe388efa401e2c7,Pneumonia,off,0.156294314576846,1.0,0.1859052498099639,0.3132776913739846,1.4555617215739691
14,358,ffe388efa401e2c7,Pneumonia,on,0.156294314576846,1.0,0.4040952779543817,0.5755911142979585,1.4044206230576315
15,336,a2552a9bae4a584f,Pneumonia,off,0.1481611430297891,1.0,0.4349780679800793,0.6059626086617393,2.243499041700346
15,336,a2552a9bae4a584f,Pneumonia,on,0.1481611430297891,1.0,0.4263904728722846,0.5978551655660403,2.5246768083077566
16,388,5e0eb35c22d224fb,Pneumothorax,off,0.1751044057521843,1.0,0.218688448751415,0.3576640132978405,0.7508910470553142
16,388,5e0eb35c22d224fb,Pneumothorax,on,0.1751044057521843,1.0,0.2588027497093915,0.4111883219286058,0.6058010184513245
17,383,ce476f54355d544d,Pneumonia,off,0.1141519134151036,1.0,0.2440338025143913,0.3880510389756439,1.3549789493768674
17,383,ce476f54355d544d,Pneumonia,on,0.1141519134151036,1.0,0.4452605978907252,0.6161535555406712,0.9844554290870212
18,1,f464ffe0f4bdeed5,Pneumothorax,off,0.1506610333854753,0.0,0.0097139789144865,0.0186262554803637,1.2890054463610887
18,1,f464ffe0f4bdeed5,Pneumothorax,on,0.1506610333854753,0.0,0.1060592369414623,0.1917783757179255,1.7424057967342743
19,52,c6b1ec5d0007bcc8,Pneumothorax,off,0.1754260290727989,1.0,0.2604377196950344,0.4124994978101099,0.8302193960342323
19,52,c6b1ec5d0007bcc8,Pneumothorax,on,0.1754260290727989,1.0,0.2887100675666735,0.4480604772876391,0.6647845705966292
20,66,4a3abb70e8c0334e,Pneumonia,off,0.1553684292599252,1.0,0.5238373236574734,0.6863326961137843,2.0829986550883515
20,66,4a3abb70e8c0334e,Pneumonia,on,0.1553684292599252,1.0,0.5587254170781538,0.7168992786249687,2.3169181147620224
21,310,8adf4fbea2355342,Pneumothorax,off,0.1471670345842531,0.0,0.08133834481098,0.1485446918691647,0.3397124099230112
21,310,8adf4fbea2355342,Pneumothorax,on,0.1471670345842531,0.0,0.1576979726798095,0.2724270331103931,0.234573380120608
22,57,2f30a42db1b214d2,Pneumothorax,off,0.2225682109459136,1.0,0.0948818435131808,0.1730547056965146,0.4460219860247381
22,57,2f30a42db1b214d2,Pneumothorax,on,0.2225682109459136,1.0,0.097730655345451,0.1780589338952777,0.2221159078756384
23,75,9d40b4647d175c1d,Pneumothorax,off,0.1527856965337777,0.0,2.077778162551512e-05,4.155124653739612e-05,0.085641922797226
23,75,9d40b4647d175c1d,Pneumothorax,on,0.1527856965337777,0.0,0.0049542362477894,0.0098591576683161,-0.2948036818735963
24,294,796252c659a6d63b,Pneumothorax,off,0.13718696548397,0.0,0.0,0.0,0.0745893894647405
24,294,796252c659a6d63b,Pneumothorax,on,0.13718696548397,0.0,1.7176719819071885e-05,3.4350489494475296e-05,-0.3950005905105579
25,236,308f2b9dd5d34af9,Pneumothorax,off,0.1514261070420888,0.0,0.0380865800319973,0.0733122949285852,1.0752503039446424
25,236,308f2b9dd5d34af9,Pneumothorax,on,0.1514261070420888,0.0,0.0421274277736281,0.0808487153066163,0.9161270353245948
26,13,b43760d8864b67dc,Pneumothorax,off,0.1724437037361909,0.0,0.0426422032131537,0.0806877572305278,0.8849347975240545
26,13,b43760d8864b67dc,Pneumothorax,on,0.1724437037361909,0.0,0.0527745324188796,0.1002542738530503,0.5153131114304316
27,215,61d50fd13c3afc43,Pneumothorax,off,0.1388145744095044,0.0,0.0675071717611598,0.1263590850919058,0.8705541227406424
27,215,61d50fd13c3afc43,Pneumothorax,on,0.1388145744095044,0.0,0.0794569478701154,0.1472164712872403,0.6984090823460911
28,147,6b63c94e8cfd8324,Pneumothorax,off,0.1946064743749055,0.0,0.1785549633296942,0.3029755054570373,1.1783032444614538
28,147,6b63c94e8cfd8324,Pneumothorax,on,0.1946064743749055,0.0,0.1816060983863492,0.3073885466579164,0.8289369724340178
29,301,8392c5876fbbed46,Pneumothorax,off,0.1954056595958267,0.0,0.0130780525162454,0.0253870914107625,0.8691764222699416
29,301,8392c5876fbbed46,Pneumothorax,on,0.1954056595958267,0.0,0.0268722901963112,0.052335596468049,0.2745107344079884
30,153,8374c5eceb0bdd93,Pneumonia,off,0.2053613632930329,1.0,0.1077666765368758,0.1929923343272014,1.2349371086864456
30,153,8374c5eceb0bdd93,Pneumonia,on,0.2053613632930329,1.0,0.0914434729248124,0.1675628687716607,0.8891030842248002
31,152,d854ccc3473ae1c9,Pneumonia,off,0.1051415873572796,1.0,0.3272834646101179,0.4930879981243005,1.2735755205106454
31,152,d854ccc3473ae1c9,Pneumonia,on,0.1051415873572796,1.0,0.3091996187359532,0.4723209222219718,1.2843323088790704
32,429,2d400ff20632a25f,Pneumothorax,off,0.1534191970137762,0.0,0.0,0.0,0.5735738212677973
32,429,2d400ff20632a25f,Pneumothorax,on,0.1534191970137762,0.0,0.0008136771900424,0.0016227031750446,-0.2405569260932744
33,204,e96c049804f0df2f,Pneumothorax,off,0.1737886739860337,0.0,0.0015939904727006,0.0031627737889666,0.8193140873431486
33,204,e96c049804f0df2f,Pneumothorax,on,0.1737886739860337,0.0,0.0181867799257852,0.0357220075765182,0.2273602065177458
34,124,767135fe43de9223,Pneumonia,off,0.1571763421682284,1.0,0.337459157896058,0.4959102194944925,3.180720743153957
34,124,767135fe43de9223,Pneumonia,on,0.1571763421682284,1.0,0.1703078782450494,0.291042711544219,2.602460317104568
35,169,1cff8384b9f1223b,Pneumonia,off,0.1282546087159919,1.0,0.5957821362374844,0.7426715008006857,2.347357516031084
35,169,1cff8384b9f1223b,Pneumonia,on,0.1282546087159919,1.0,0.6487827018882759,0.7869798644781201,2.9789201792296125
36,170,a6a7caa06b6c0b26,Pneumonia,off,0.1783888620869455,0.0,0.222383200795156,0.3637903826091457,0.7058622875088585
36,170,a6a7caa06b6c0b26,Pneumonia,on,0.1783888620869455,0.0,0.2303519181858216,0.3744486522648672,0.5291668473014886
37,326,de9f6d015fd908b7,Pneumonia,off,0.1719027917878845,1.0,0.5303082104021173,0.6893601931796605,2.0136361084102496
37,326,de9f6d015fd908b7,Pneumonia,on,0.1719027917878845,1.0,0.5912533238447155,0.7431286250955502,1.827110187241173
38,33,7bc33684e2eedab2,Pneumonia,off,0.1343410864045923,1.0,0.5802967486007294,0.7336062742455608,2.46767057049002
38,33,7bc33684e2eedab2,Pneumonia,on,0.1343410864045923,1.0,0.5589854515719119,0.7171079690641298,2.809029499043542
39,345,f7e574ed970b6fa4,Pneumonia,off,0.0935826401376158,0.0,0.0319708573476507,0.0614866920003066,-0.1819842757089081
39,345,f7e574ed970b6fa4,Pneumonia,on,0.0935826401376158,0.0,0.062209605781989,0.1171318753308259,0.1400285554370569
40,307,5b973b2a2b5d74e1,Pneumothorax,off,0.1453445024341037,1.0,0.6130995577932532,0.7582585515433861,2.559378117654584
40,307,5b973b2a2b5d74e1,Pneumothorax,on,0.1453445024341037,1.0,0.4676633369271622,0.6372412645048083,3.0729891852785447
41,162,aef22881da576d57,Pneumonia,off,0.1667811840611279,1.0,0.2882738226467158,0.4382602727797984,1.2892873872639634
41,162,aef22881da576d57,Pneumonia,on,0.1667811840611279,1.0,0.4254324514518678,0.5969008053145576,0.8792309087105347
42,165,781f704802f75a3c,Pneumonia,off,0.1278209045412238,0.0,0.177784894295934,0.3008299327155282,1.115205742945373
42,165,781f704802f75a3c,Pneumonia,on,0.1278209045412238,0.0,0.2346574302922203,0.3801164435194993,0.958170593940213
43,250,d8d641a44a6f4ff4,Pneumonia,off,0.1643007860279032,1.0,0.5207574155054314,0.6836745337332093,2.059807654769528
43,250,d8d641a44a6f4ff4,Pneumonia,on,0.1643007860279032,1.0,0.5718830913172629,0.7276406824715819,1.9106767672060148
44,251,7145c5e140005d8c,Pneumothorax,off,0.1915949105546053,0.0,0.0750994853714927,0.1391853210838102,1.6612780606868651
44,251,7145c5e140005d8c,Pneumothorax,on,0.1915949105546053,0.0,0.0838369341232766,0.1547020264911544,1.882488904668802
45,353,d44232b5d5172511,Pneumonia,off,0.1783644966838686,1.0,0.5107358070746938,0.6756266263816656,1.5372947037175737
45,353,d44232b5d5172511,Pneumonia,on,0.1783644966838686,1.0,0.51985510679545,0.6840837558554544,1.2713784020793355
46,293,4f55b0639e04180f,Pneumonia,off,0.1226992968144672,1.0,0.4905302016997629,0.6580233503642956,2.4216325339268114
46,293,4f55b0639e04180f,Pneumonia,on,0.1226992968144672,1.0,0.3935160432464982,0.5647715993993419,2.8112811532302278
47,247,ac0638d531d07d35,Pneumonia,off,0.1731356811835738,1.0,0.6610120227746499,0.7928957746433584,2.5683104262106027
47,247,ac0638d531d07d35,Pneumonia,on,0.1731356811835738,1.0,0.6521397142815647,0.789429911433049,3.2234996265540863
48,380,1840d844a60aab1f,Pneumothorax,off,0.1608360257103733,0.0,0.0155650897897552,0.0299527360565529,0.585561878119667
48,380,1840d844a60aab1f,Pneumothorax,on,0.1608360257103733,0.0,0.0445043166464403,0.0852161372756229,0.4967276048647082
49,214,d70bd304d57bf5ad,Pneumothorax,off,0.1585456778211482,0.0,0.0,0.0,0.2706808644275871
49,214,d70bd304d57bf5ad,Pneumothorax,on,0.1585456778211482,0.0,0.0007244468398963,0.0014472565280011,-0.3804799461528194
50,101,005caf71e328e791,Pneumothorax,off,0.2062044062394924,0.0,0.0003070119332614,0.0006130827479244,0.174283037585042
50,101,005caf71e328e791,Pneumothorax,on,0.2062044062394924,0.0,0.0,0.0,-0.5281440533727737
51,370,1be3d80fc96adf0b,Pneumothorax,off,0.1668201687060509,0.0,0.0170779508927004,0.0327737874889947,0.9584168846212398
51,370,1be3d80fc96adf0b,Pneumothorax,on,0.1668201687060509,0.0,0.0723312916223838,0.1349036605936523,0.661981389947616
52,315,c33da9bc26f0918b,Pneumothorax,off,0.1364657495528948,0.0,0.1446660887246913,0.2525042886290052,1.3670189210968635
52,315,c33da9bc26f0918b,Pneumothorax,on,0.1364657495528948,0.0,0.1315463745866905,0.232505688585794,1.2044988715578304
53,119,fce19ecb366cd804,Pneumothorax,off,0.1399012713867325,0.0,0.0201488187381849,0.0390805013657016,1.4838294289168756
53,119,fce19ecb366cd804,Pneumothorax,on,0.1399012713867325,0.0,0.0342640866393482,0.0662575937763408,2.5702481799271237
54,180,e9021db9e47370af,Pneumothorax,off,0.1930422154973709,1.0,0.6145045139354955,0.7610639813759358,2.30787079749072
54,180,e9021db9e47370af,Pneumothorax,on,0.1930422154973709,1.0,0.6333267345071016,0.7755048867827629,2.2019581720636943
55,29,0561f662526d7d95,Pneumonia,off,0.1261543109707663,1.0,0.626239204280574,0.767205769476357,2.4912246897047963
55,29,0561f662526d7d95,Pneumonia,on,0.1261543109707663,1.0,0.6051651554859839,0.754005611331783,3.0564729737981744
56,25,ec993e4f0023f70c,Pneumonia,off,0.1911368409767602,1.0,0.2042605143284795,0.3371888953738936,1.2621521123033437
56,25,ec993e4f0023f70c,Pneumonia,on,0.1911368409767602,1.0,0.3001765917490525,0.4617385024579766,1.132433058221627
57,26,e4f5c835b82b6a0a,Pneumonia,off,0.1787348508106369,1.0,0.1451541365529252,0.2492965735523955,1.5075946764478252
57,26,e4f5c835b82b6a0a,Pneumonia,on,0.1787348508106369,1.0,0.2081339134208989,0.3445086525078025,1.4466021669495954
58,302,8d4f655ab28f5771,Pneumothorax,off,0.1779454117509466,0.0,0.0332362418049227,0.0626221220518717,0.7319784370025249
58,302,8d4f655ab28f5771,Pneumothorax,on,0.1779454117509466,0.0,0.1020042482279618,0.1851238097953492,0.3795662775831033
59,9,97992e6c1c70eb7a,Pneumonia,off,0.163160485163906,0.0,0.0328258547219988,0.062935171827743,0.4180467354029464
59,9,97992e6c1c70eb7a,Pneumonia,on,0.163160485163906,0.0,0.0522779310696157,0.0993613281410104,0.1775808186363254
60,433,538b8f9490cbc12f,Pneumothorax,off,0.1757866370383365,0.0,0.0947274870595332,0.1640913123938728,0.916022091838586
60,433,538b8f9490cbc12f,Pneumothorax,on,0.1757866370383365,0.0,0.2687028561223147,0.4235839682263442,0.6926828142654465
61,61,e8b3fb4529ac1ed6,Pneumonia,off,0.1112719227714184,1.0,0.6667336204599157,0.7991116018446007,3.2808261336872797
61,61,e8b3fb4529ac1ed6,Pneumonia,on,0.1112719227714184,1.0,0.4260066429892976,0.5974678109019885,3.81579444381584
62,127,731d6cd9a8a29ce2,Pneumonia,off,0.1955810904979801,1.0,0.6229902016725213,0.7658984708386372,2.0561401625759914
62,127,731d6cd9a8a29ce2,Pneumonia,on,0.1955810904979801,1.0,0.6630334539732096,0.7973741017284797,1.5910842001696124
63,126,bc970cf63214290c,Pneumothorax,off,0.1249409138975386,1.0,0.2850273085143452,0.4435641420067563,2.445884703601504
63,126,bc970cf63214290c,Pneumothorax,on,0.1249409138975386,1.0,0.209732748361364,0.346723886459232,3.062668039556484
64,328,2d6e3f681ea5bbaf,Pneumonia,off,0.1218123961424693,1.0,0.6010721048950713,0.749507559227464,3.108890256713624
64,328,2d6e3f681ea5bbaf,Pneumonia,on,0.1218123961424693,1.0,0.418266073159334,0.5898075441177577,3.612019834238296
65,355,724402cd96172832,Pneumonia,off,0.1629265772943681,1.0,0.3560261894850839,0.5241486238601105,0.4278549294237796
65,355,724402cd96172832,Pneumonia,on,0.1629265772943681,1.0,0.3838051251071179,0.5547096561549804,0.7746979506463806
66,176,2866eb95dd89335c,Pneumothorax,off,0.1769513033054106,0.0,0.2206131625241825,0.3578308583552007,1.1762653228994062
66,176,2866eb95dd89335c,Pneumothorax,on,0.1769513033054106,0.0,0.3322259555583364,0.4987444565843401,0.8437006048637683
67,281,235e3976089eb09b,Pneumonia,off,0.1895628359379949,1.0,0.5014356442764856,0.664821642588341,1.979119451699367
67,281,235e3976089eb09b,Pneumonia,on,0.1895628359379949,1.0,0.5788202554959648,0.7332261451296389,1.6189655277416195
68,194,22d968a4cf24a2ef,Pneumonia,off,0.1549639635688493,1.0,0.4817459980074782,0.6474758222291193,2.0983070486104825
68,194,22d968a4cf24a2ef,Pneumonia,on,0.1549639635688493,1.0,0.3604393266016514,0.5298661014626449,2.1088530080063115
69,377,b3cf935ab991f9c3,Pneumothorax,off,0.1645639323811333,0.0,0.042023731911444,0.08019484207674,1.2779557766433074
69,377,b3cf935ab991f9c3,Pneumothorax,on,0.1645639323811333,0.0,0.0683492154880014,0.127952874400507,1.540132782783607
70,330,2869d91524dd1960,Pneumonia,off,0.1585115662568406,0.0,0.3958720179423898,0.5599073860380382,1.8127433030653328
70,330,2869d91524dd1960,Pneumonia,on,0.1585115662568406,0.0,0.5755323015781064,0.7305858724890164,1.7006835662047268
71,270,78f06abe92b60498,Pneumothorax,off,0.1799823594481723,0.0,0.0025194752541194,0.0049762626551507,0.9484182213737036
71,270,78f06abe92b60498,Pneumothorax,on,0.1799823594481723,0.0,0.0231330585667614,0.0452160408036987,0.4266362181607872
72,109,b20274fc29ca9b68,Pneumonia,off,0.1487995165904029,1.0,0.5608859369520353,0.7158177884894041,2.53032338325732
72,109,b20274fc29ca9b68,Pneumonia,on,0.1487995165904029,1.0,0.6365009076759738,0.7778741800244783,3.265035922639423
73,110,c987ef8a69ec7d0c,Pneumonia,off,0.1459243990273331,0.0,0.0785051103302078,0.145446596573359,0.5928348301605422
73,110,c987ef8a69ec7d0c,Pneumonia,on,0.1459243990273331,0.0,0.0496452824581318,0.0941970432655317,0.2274276805714002
74,181,b2cd57f216938986,Pneumonia,off,0.1626731771023688,1.0,0.5356363625710776,0.6966946593224607,2.300136629067979
74,181,b2cd57f216938986,Pneumonia,on,0.1626731771023688,1.0,0.539923255444918,0.7012264743263985,3.128314270823258
75,297,8293af30dcb2b692,Pneumothorax,off,0.1899673016290708,0.0,0.1585240223148834,0.2736272439290373,1.0761856759272934
75,297,8293af30dcb2b692,Pneumothorax,on,0.1899673016290708,0.0,0.1576631660199138,0.2723817383826725,0.8228252137332294
76,296,159c7db7f927dc98,Pneumonia,off,0.133931747632901,1.0,0.6048796808922757,0.7534469943254714,2.638052492439893
76,296,159c7db7f927dc98,Pneumonia,on,0.133931747632901,1.0,0.5052784844305896,0.6713233838286486,3.3633990229125383
77,229,9412b8e65f6f6840,Pneumonia,off,0.192062726293681,1.0,0.6767500224135471,0.8041537054855808,2.2721947031878567
77,229,9412b8e65f6f6840,Pneumonia,on,0.192062726293681,1.0,0.755398607481039,0.860656290273972,2.143193717422327
78,327,fbc302de04f21e52,Pneumonia,off,0.1498959597288618,1.0,0.562927321272499,0.7166706631479544,2.654041125223092
78,327,fbc302de04f21e52,Pneumonia,on,0.1498959597288618,1.0,0.4412225145987898,0.6122695066001663,3.083991044863827
79,319,790472400a863083,Pneumonia,off,0.1484291624636346,1.0,0.432113445458359,0.6032502395670363,2.0989500214032737
79,319,790472400a863083,Pneumonia,on,0.1484291624636346,1.0,0.4187861343634539,0.5903382746028657,2.415386652568119
80,68,818b471b2f6a5f3e,Pneumothorax,off,0.182214230370013,0.0,0.0053929771509442,0.0106631964744635,0.2573632462475937
80,68,818b471b2f6a5f3e,Pneumothorax,on,0.182214230370013,0.0,0.0055154404494148,0.010970156045575,-0.3243995312604668
81,308,dfaedb6f55819466,Pneumonia,off,0.1074660468108123,1.0,0.3246814616047134,0.4882712365808762,0.764659637114684
81,308,dfaedb6f55819466,Pneumonia,on,0.1074660468108123,1.0,0.3385432671394189,0.5058130871533764,1.0481967119940137
82,389,022cf70a01eb4a97,Pneumothorax,off,0.1821508803220131,1.0,0.4136709348884985,0.5849986355464126,1.3991138729038204
82,389,022cf70a01eb4a97,Pneumothorax,on,0.1821508803220131,1.0,0.4303755491024187,0.6017656650845371,1.085112453509525
83,202,95ba87c7792a6caa,Pneumonia,off,0.1312369340526,1.0,0.4298349952845728,0.5985791385977078,1.873340202326681
83,202,95ba87c7792a6caa,Pneumonia,on,0.1312369340526,1.0,0.5639115708165371,0.7211552827590185,1.669313374162489
84,65,1a59056f0e47b4b4,Pneumothorax,off,0.16406200507775,0.0,0.2178725344780817,0.3553819641044179,2.538194757894233
84,65,1a59056f0e47b4b4,Pneumothorax,on,0.16406200507775,0.0,0.1326869576240835,0.2342841201661207,2.475591409588696
85,15,b63a0f6302a22e69,Pneumothorax,off,0.1326403812698273,0.0,0.0,0.0,0.5143138607970436
85,15,b63a0f6302a22e69,Pneumothorax,on,0.1326403812698273,0.0,0.0006634253698962,0.0013246539520802,-0.2216543370244312
86,187,99c15493b7dcd579,Pneumonia,off,0.1447889712439513,1.0,0.6387883276216927,0.7783203576782979,2.4359451712961007
86,187,99c15493b7dcd579,Pneumonia,on,0.1447889712439513,1.0,0.6207668427872843,0.766009548046579,2.646318658671648
87,142,3a1726fd39c92115,Pneumonia,off,0.1354911334298203,1.0,0.295084322485361,0.452788338862063,1.3123504404991897
87,142,3a1726fd39c92115,Pneumonia,on,0.1354911334298203,1.0,0.3515316859320397,0.5201972987194736,1.0397596728046556
88,350,868b49c7c091d006,Pneumonia,off,0.1427812620304177,1.0,0.2184506329585981,0.3495236633273519,0.8670753919482201
88,350,868b49c7c091d006,Pneumonia,on,0.1427812620304177,1.0,0.37281610019334,0.543130091596462,0.7539850465991539
89,417,2cae18047a4fd0de,Pneumothorax,off,0.1921553148253731,0.0,0.1884780263036284,0.3102943379921787,0.7296587175714186
89,417,2cae18047a4fd0de,Pneumothorax,on,0.1921553148253731,0.0,0.2222480149540522,0.3625413863343596,0.4571158657273443
90,192,d3b1c0df71d64c6e,Pneumothorax,off,0.1780331272020233,0.0,0.0,0.0,0.2218783311875009
90,192,d3b1c0df71d64c6e,Pneumothorax,on,0.1780331272020233,0.0,0.0,0.0,-0.4788537224128388
91,163,ff6c0b345508b50e,Pneumonia,off,0.1370992500328933,1.0,0.2008935786801847,0.3324591544966099,0.9274798400303697
91,163,ff6c0b345508b50e,Pneumonia,on,0.1370992500328933,1.0,0.2965237846304256,0.457412129474302,0.5537889021971515
92,35,9ef65ccd2ea2538e,Pneumothorax,off,0.1862442680389261,1.0,0.4398416125671144,0.6086020512510313,1.1361493143174377
92,35,9ef65ccd2ea2538e,Pneumothorax,on,0.1862442680389261,1.0,0.4744065132992322,0.6435195857636818,0.9299920495485968
93,36,25e07c942bb51e7b,Pneumonia,off,0.157117865200844,1.0,0.468983347122315,0.6341053554681869,1.8900475898917224
93,36,25e07c942bb51e7b,Pneumonia,on,0.157117865200844,1.0,0.6031565537646334,0.7524581934035769,1.5148109368369014
94,226,0abf7661fc925447,Pneumonia,off,0.1091959904292696,1.0,0.5303328905114397,0.69241073968179,2.1709174266628324
94,226,0abf7661fc925447,Pneumonia,on,0.1091959904292696,1.0,0.5128360146425873,0.6779733724495417,2.491832304318184
95,150,791e671c4f33e5f0,Pneumothorax,off,0.1173389081375573,0.0,0.0947919286698764,0.1713009977021043,2.415691893170024
95,150,791e671c4f33e5f0,Pneumothorax,on,0.1173389081375573,0.0,0.0844935210322538,0.1558196536632796,2.924736273697277
96,222,077ba979b42b2e06,Pneumonia,off,0.1551929983577718,1.0,0.3760262568639098,0.5450505676685223,1.5008854073422204
96,222,077ba979b42b2e06,Pneumonia,on,0.1551929983577718,1.0,0.4839075020958244,0.6522059570194354,1.2052744878585098
97,367,e392c9fcacb26e80,Pneumonia,off,0.1462947531541014,1.0,0.3666901181904108,0.5361363698445577,1.618962687719056
97,367,e392c9fcacb26e80,Pneumonia,on,0.1462947531541014,1.0,0.3635210199581972,0.5332088958475795,1.4992986563457478
98,14,dc0b7cc379d0fccd,Pneumonia,off,0.144092120715953,1.0,0.5870947218785607,0.739552802363586,2.9955427321421118
98,14,dc0b7cc379d0fccd,Pneumonia,on,0.144092120715953,1.0,0.4569693224471484,0.6272760736681733,3.369565295913853
99,453,6a7ae10cef5405cd,Pneumothorax,off,0.1396771096784254,0.0,0.0033175432584882,0.0065424920170702,0.5420847244373198
99,453,6a7ae10cef5405cd,Pneumothorax,on,0.1396771096784254,0.0,0.0,0.0,-0.4020531906322495
100,340,df9d2cb9cfb59860,Pneumothorax,off,0.1743636974986477,0.0,0.2787692027373677,0.435563230064292,1.546869484173066
100,340,df9d2cb9cfb59860,Pneumothorax,on,0.1743636974986477,0.0,0.2977225942400339,0.4588385303775488,1.366369742212412
101,322,892a1f178fe73ab6,Pneumonia,off,0.1854304635761589,1.0,0.5047627009556769,0.6625655406577458,2.075278915098544
101,322,892a1f178fe73ab6,Pneumonia,on,0.1854304635761589,1.0,0.655507959877803,0.7919103592408117,1.5893597355135505
102,146,0abcdb1524aed62c,Pneumonia,off,0.1497400211491698,1.0,0.2087525985420981,0.3451801197503215,0.5002222018679686
102,146,0abcdb1524aed62c,Pneumonia,on,0.1497400211491698,1.0,0.223704683709114,0.3656187410959343,0.5589415259988997
103,196,9cd672e6f6df4fad,Pneumothorax,off,0.2050592322948798,0.0,0.0500001974858064,0.0951517107309864,1.101978727922862
103,196,9cd672e6f6df4fad,Pneumothorax,on,0.2050592322948798,0.0,0.0553771649472768,0.1049427823089776,0.7790677907843824
104,269,8f693755259e29e4,Pneumothorax,off,0.1748656248020311,1.0,0.4735024533849722,0.6317344886094677,2.303042129174372
104,269,8f693755259e29e4,Pneumothorax,on,0.1748656248020311,1.0,0.6938071870285251,0.8192080634298774,1.716627811709334
105,273,3baee050c883a811,Pneumonia,off,0.1405737565116539,1.0,0.5312422582627584,0.6922593984478809,2.080456748129324
105,273,3baee050c883a811,Pneumonia,on,0.1405737565116539,1.0,0.5005238287433598,0.6671277036639236,2.3235570143825743
106,362,530e2b83ccfd49fe,Pneumothorax,off,0.1421282692279578,0.0,0.0032960800667222,0.0064852801207784,0.6413348102392681
106,362,530e2b83ccfd49fe,Pneumothorax,on,0.1421282692279578,0.0,0.0220555447540659,0.043154258780765,0.1021558615584459
107,364,179927b58fab7ee0,Pneumothorax,off,0.1220804155763148,0.0,0.0,0.0,-0.0268739879427269
107,364,179927b58fab7ee0,Pneumothorax,on,0.1220804155763148,0.0,0.0,0.0,-0.3866470642560546
108,374,8fc340074e3658f5,Pneumonia,off,0.1229137123615436,1.0,0.6110409156205001,0.7579576427277194,2.804324936077601
108,374,8fc340074e3658f5,Pneumonia,on,0.1229137123615436,1.0,0.460736346474931,0.6308117428261191,3.4199238878040115
109,311,7a80693a8ceb051b,Pneumothorax,off,0.1661086989362065,0.0,0.1812572581143249,0.305907369233693,1.456411795768933
109,311,7a80693a8ceb051b,Pneumothorax,on,0.1661086989362065,0.0,0.2197652521030903,0.3603394065440648,1.3093089505002318
110,235,6209aa50dc0a8a4a,Pneumonia,off,0.1574784731663815,1.0,0.4489578375376789,0.6188126606539571,1.4537561416637843
110,235,6209aa50dc0a8a4a,Pneumonia,on,0.1574784731663815,1.0,0.4533887598215624,0.6238996235181526,1.255466322927814
111,272,2588627431774c44,Pneumothorax,off,0.1794268282580198,0.0,0.0733893567615536,0.1367367319747416,1.755310971663776
111,272,2588627431774c44,Pneumothorax,on,0.1794268282580198,0.0,0.0738053021586393,0.1374648575137448,2.1345257244173945
112,313,8e5a6f1a03e3ba73,Pneumothorax,off,0.1452908985473346,1.0,0.5314091048807504,0.6933497039033606,2.592872314792714
112,313,8e5a6f1a03e3ba73,Pneumothorax,on,0.1452908985473346,1.0,0.4108760570223609,0.582427267805903,2.7979374180093304
113,106,54bd710f5acd0e34,Pneumonia,off,0.1324844426901354,1.0,0.588073466388433,0.7399411094516032,2.5294686775005424
113,106,54bd710f5acd0e34,Pneumonia,on,0.1324844426901354,1.0,0.5072743661538246,0.6730884245542439,3.036833482254804
114,136,b7a475c159e17b96,Pneumothorax,off,0.1474740386630216,0.0,0.0,0.0,0.4707062669987616
114,136,b7a475c159e17b96,Pneumothorax,on,0.1474740386630216,0.0,0.0,0.0,-0.3934979070326927
115,129,025d0c502d76dbd1,Pneumothorax,off,0.1709622872291176,0.0,0.0410020463852459,0.0779933140491758,0.8652607713993058
115,129,025d0c502d76dbd1,Pneumothorax,on,0.1709622872291176,0.0,0.0624174627959016,0.1174998844229113,0.4420581623380601
116,171,de0f216f69af3aa4,Pneumonia,off,0.122436150461237,1.0,0.3540620985854076,0.5180178127442981,1.3683203721044075
116,171,de0f216f69af3aa4,Pneumonia,on,0.122436150461237,1.0,0.5634203529917923,0.720748832996116,1.2615262341816864
117,49,b2b99029ccdf9b1a,Pneumothorax,off,0.137318538660585,0.0,0.2002974955907219,0.3336967517554542,1.2734806296201586
117,49,b2b99029ccdf9b1a,Pneumothorax,on,0.137318538660585,0.0,0.1755825789057662,0.2987152181069261,1.113750703996797
118,117,0f16ab8a0a186e36,Pneumonia,off,0.1285275012304528,1.0,0.6699185419572404,0.8018398728725735,2.8946536261091618
118,117,0f16ab8a0a186e36,Pneumonia,on,0.1285275012304528,1.0,0.5270464144412418,0.6902638433205075,3.76947654385369
119,193,db5f9901a838ad41,Pneumonia,off,0.1307301336686012,1.0,0.3213572370145797,0.4844958825171777,1.6703540753172748
119,193,db5f9901a838ad41,Pneumonia,on,0.1307301336686012,1.0,0.4697932689005243,0.6392615608015983,1.483665024802785
120,19,89a55b0c6e16ccee,Pneumothorax,off,0.1560701528685389,0.0,0.0294216741167018,0.0548411804627403,0.4016276478077242
120,19,89a55b0c6e16ccee,Pneumothorax,on,0.1560701528685389,0.0,0.1068379206932545,0.1930381653876739,0.1481736750592149
121,18,68d594554781daaf,Pneumothorax,off,0.1872968534518466,0.0,0.3774290078426735,0.5472591366591874,1.7308054699855675
121,18,68d594554781daaf,Pneumothorax,on,0.1872968534518466,0.0,0.3865074727238194,0.5575195421177008,1.6080857530628707
122,363,bf3a47063dba61d7,Pneumothorax,off,0.1050148872612799,0.0,0.0,0.0,0.5457251715387351
122,363,bf3a47063dba61d7,Pneumothorax,on,0.1050148872612799,0.0,0.0236354174592115,0.0461527494009865,-0.0931283419274486
123,31,03100f6839353a88,Pneumonia,off,0.1368555960021246,1.0,0.5775454368922653,0.7222162365625691,3.031321183205379
123,31,03100f6839353a88,Pneumonia,on,0.1368555960021246,1.0,0.3549364323171676,0.5238860267591325,3.2371236369407863
124,30,d3484e6204746059,Pneumonia,off,0.1640327665940577,0.0,0.1682436560988077,0.2878719429061656,0.9450096121125808
124,30,d3484e6204746059,Pneumonia,on,0.1640327665940577,0.0,0.1743835063944965,0.2969788019685068,0.7189513928142943
125,397,f65b542b3dc69a6a,Pneumothorax,off,0.1464701840562548,1.0,0.3564643343745474,0.5182459549918759,2.54763587226817
125,397,f65b542b3dc69a6a,Pneumothorax,on,0.1464701840562548,1.0,0.2435653662261745,0.3916936872475527,2.8853445386381784
126,338,d4643b9bd661e0f1,Pneumonia,off,0.1297798829486036,1.0,0.4984807887856569,0.6622835679670654,2.986090865408882
126,338,d4643b9bd661e0f1,Pneumonia,on,0.1297798829486036,1.0,0.26993575225251,0.4250808338504206,3.162757197649826
127,255,90debafa186291f2,Pneumothorax,off,0.1444234901977983,1.0,0.4294180397496907,0.6006434331010833,2.308035053848001
127,255,90debafa186291f2,Pneumothorax,on,0.1444234901977983,1.0,0.3702738360530793,0.5404305866143326,2.551737691203202
128,256,d500d2d19615d254,Pneumothorax,off,0.2079635883416419,0.0,0.0,0.0,-0.3133263552971156
128,256,d500d2d19615d254,Pneumothorax,on,0.2079635883416419,0.0,0.0,0.0,-0.5323868233278397
129,284,ad5c2e4baa04ebef,Pneumonia,off,0.1435901934125696,1.0,0.5673156184054349,0.7173456502419423,2.610635386717257
129,284,ad5c2e4baa04ebef,Pneumonia,on,0.1435901934125696,1.0,0.6455023325707006,0.7845563248023739,3.08539937660199
130,329,a13a3c52d890e41c,Pneumonia,off,0.1782572889103304,1.0,0.411573864844253,0.5815222927143012,1.4143570881544212
130,329,a13a3c52d890e41c,Pneumonia,on,0.1782572889103304,1.0,0.4470813172806642,0.6179050439137624,1.1821288683500817
131,98,56da5643e7a2b4a6,Pneumothorax,off,0.181142152634631,0.0,0.0159711354708823,0.0310749782186585,1.0340964037776148
131,98,56da5643e7a2b4a6,Pneumothorax,on,0.181142152634631,0.0,0.0371378694993169,0.0716156441198839,0.669436516873581
132,208,6ecfeeee8a984695,Pneumonia,off,0.1710792411638865,1.0,0.4423694925182525,0.6133698028641353,1.7813743607206691
132,208,6ecfeeee8a984695,Pneumonia,on,0.1710792411638865,1.0,0.4252673611946884,0.5967536680125959,1.4204629277160783
133,292,439f83b97f776b7e,Pneumonia,off,0.1273384695603019,1.0,0.5705584445192622,0.7237626564802058,2.874766373470551
133,292,439f83b97f776b7e,Pneumonia,on,0.1273384695603019,1.0,0.3720433767804127,0.5422964026545306,3.4008334381236134
134,233,99dd658ed527a4a3,Pneumonia,off,0.1123976043935694,1.0,0.1791382119961435,0.3021778302545321,0.9044941276109796
134,233,99dd658ed527a4a3,Pneumonia,on,0.1123976043935694,1.0,0.2861126725516872,0.4449059482669875,0.6090555497411761
135,178,67064801bb33c533,Pneumothorax,off,0.1823701689497049,0.0,0.0183665750356148,0.0356095518821849,1.0136845809712154
135,178,67064801bb33c533,Pneumothorax,on,0.1823701689497049,0.0,0.039210596037375,0.0754610771156537,0.6179981408420342
136,90,b39ee401f01fc11c,Pneumothorax,off,0.1491065206691714,0.0,0.0008952851106555,0.0017825905872553,0.9363378497033208
136,90,b39ee401f01fc11c,Pneumothorax,on,0.1491065206691714,0.0,0.0353501298397936,0.0682849174103184,0.5661717920118694
137,423,0b407bb0207960fa,Pneumothorax,off,0.1871019302272317,0.0,0.108544269988747,0.1958061966187535,0.9990181402147568
137,423,0b407bb0207960fa,Pneumothorax,on,0.1871019302272317,0.0,0.1094652728835502,0.1973295347596674,0.705907152489862
138,268,b1a4805d5709bd1f,Pneumothorax,off,0.1418407574716508,0.0,0.0,0.0,0.4391242039991024
138,268,b1a4805d5709bd1f,Pneumothorax,on,0.1418407574716508,0.0,0.0033217758750558,0.0066192318854545,-0.2999624653859463
139,444,c97c679d5ab523d8,Pneumothorax,off,0.1635064738875975,1.0,0.383159430816833,0.5532323224672931,1.417976222434305
139,444,c97c679d5ab523d8,Pneumothorax,on,0.1635064738875975,1.0,0.4080448626459561,0.5795903622429468,1.0653278654869351
140,414,8b08482972e09a3c,Pneumonia,off,0.1304767334766019,1.0,0.6699474629786367,0.8010964213387226,3.0668550704216333
140,414,8b08482972e09a3c,Pneumonia,on,0.1304767334766019,1.0,0.5024623806844157,0.668827389371283,3.762581628953445
141,415,75725f616cc29fbf,Pneumonia,off,0.1643641360759031,1.0,0.2493317359746828,0.3963975875587331,2.252312741771989
141,415,75725f616cc29fbf,Pneumonia,on,0.1643641360759031,1.0,0.1559294839060853,0.26978409860521,2.5217046058986536
142,372,afe0b97320465cbb,Pneumonia,off,0.1231622394729276,1.0,0.4058243691618234,0.5772008858570529,2.4462372627122693
142,372,afe0b97320465cbb,Pneumonia,on,0.1231622394729276,1.0,0.3081980311052844,0.4711697436707689,2.9515200543370392
143,78,30032890ee6eaef2,Pneumothorax,off,0.1856448791232353,0.0,0.2535804514941108,0.404424354949659,1.2012011429189058
143,78,30032890ee6eaef2,Pneumothorax,on,0.1856448791232353,0.0,0.2489063724369951,0.3985982267920104,0.93383916198618
144,46,40849f8f4588d1e3,Pneumonia,off,0.1880424347859986,0.0,0.4160753882698455,0.584794935436656,2.065624077210145
144,46,40849f8f4588d1e3,Pneumonia,on,0.1880424347859986,0.0,0.4037176594878797,0.5752015966375217,2.689878200371297
145,96,857b3bc9b7ac72d7,Pneumothorax,off,0.1884420273964592,0.0,0.1129306747103483,0.2028217961077202,1.121201706470751
145,96,857b3bc9b7ac72d7,Pneumothorax,on,0.1884420273964592,0.0,0.1087979129955965,0.1962447226948661,0.8692312782925246
146,454,358aad16166fb6c3,Pneumothorax,off,0.136611941971356,0.0,0.0,0.0,0.6103786645770706
146,454,358aad16166fb6c3,Pneumothorax,on,0.136611941971356,0.0,0.0,0.0,-0.2656282628076875
147,274,3ca26b9b28c3dc4d,Pneumonia,off,0.1413242109264213,1.0,0.4498147241867027,0.6194634626359738,1.9451961048048725
147,274,3ca26b9b28c3dc4d,Pneumonia,on,0.1413242109264213,1.0,0.4890336856790459,0.6568453125713222,1.9139684023931411
148,324,1a2e21229d1c588a,Pneumothorax,off,0.1280645585719924,0.0,0.0,0.0,0.361184186112648
148,324,1a2e21229d1c588a,Pneumothorax,on,0.1280645585719924,0.0,0.0,0.0,-0.3990640038942349
149,184,b41834be3e29c44f,Pneumothorax,off,0.1663523529669751,0.0,0.0,0.0,0.4387624959386585
149,184,b41834be3e29c44f,Pneumothorax,on,0.1663523529669751,0.0,0.0233235180634498,0.0455647341928178,-0.0472970723073222
150,20,366f1766916dfa75,Pneumothorax,off,0.1588624280611474,0.0,0.0001128668171557,0.0002256063169768,-0.0866607425194103
150,20,366f1766916dfa75,Pneumothorax,on,0.1588624280611474,0.0,0.0,0.0,-0.4533175098280262
151,361,b1c8137ad484eac1,Pneumonia,off,0.1433319201399548,1.0,0.4475567884233511,0.6163913183936114,1.9905820382494532
151,361,b1c8137ad484eac1,Pneumonia,on,0.1433319201399548,1.0,0.5576595963642171,0.7160212003826738,1.7483578926779644
152,401,c46bd3cf28d24372,Pneumothorax,off,0.1396673635171946,0.0,0.0,0.0,-0.021937489638539
152,401,c46bd3cf28d24372,Pneumothorax,on,0.1396673635171946,0.0,0.0,0.0,-0.4289860997841916
153,400,c4ab7b3220d45f3d,Pneumonia,off,0.1583410084353025,1.0,0.5423469617186483,0.701568554296857,2.3850895024735044
153,400,c4ab7b3220d45f3d,Pneumonia,on,0.1583410084353025,1.0,0.4726193440888456,0.6418705104825992,2.30591860858329
154,351,cee781693007010c,Pneumonia,off,0.1255597951356909,1.0,0.5269577933458269,0.688386591000292,2.581168662412967
154,351,cee781693007010c,Pneumonia,on,0.1255597951356909,1.0,0.5204619662706306,0.6846018314755777,3.338582743081346
155,332,8c9146cd6f056c49,Pneumonia,off,0.1212081341461631,1.0,0.5476931721451189,0.7066692570273753,3.0914182549136866
155,332,8c9146cd6f056c49,Pneumonia,on,0.1212081341461631,1.0,0.3442855361221738,0.5122070530780074,3.403938283411388
156,418,16feb1569a29f5a0,Pneumothorax,off,0.162624446296215,0.0,0.0466791235831273,0.0890063581788107,0.4079731976393997
156,418,16feb1569a29f5a0,Pneumothorax,on,0.162624446296215,0.0,0.058877497320466,0.1112072478004095,0.1353141005585404
157,103,a640eeb65f3ac9d2,Pneumothorax,off,0.1858885331540039,0.0,0.0473668370048746,0.0898821423079238,1.1526129786163373
157,103,a640eeb65f3ac9d2,Pneumothorax,on,0.1858885331540039,0.0,0.0758483893854739,0.141001631101625,0.8921627891138104
158,139,1a868aa2c2a7ab1b,Pneumonia,off,0.1632628198568289,1.0,0.422790941049907,0.583716391469568,2.560841678292108
158,139,1a868aa2c2a7ab1b,Pneumonia,on,0.1632628198568289,1.0,0.2828632004822603,0.440969315968545,2.7416789261540955
159,42,6a382312bfef556a,Pneumothorax,off,0.1857277214936966,0.0,0.1275511052021519,0.225549288041877,0.6215837772587113
159,42,6a382312bfef556a,Pneumothorax,on,0.1857277214936966,0.0,0.1608827462627766,0.2771718913801285,0.3170155819002097
160,246,ac9879b3bcc1d5b9,Pneumothorax,off,0.13686046908274,1.0,0.3591799665322497,0.5217645666940243,1.2066160778533188
160,246,ac9879b3bcc1d5b9,Pneumothorax,on,0.13686046908274,1.0,0.5004096377644278,0.667029705886973,1.1508891561003731
161,166,07f6d43ff7442163,Pneumonia,off,0.1746804477386469,1.0,0.5773409241234572,0.7263754566710164,2.929060067224327
161,166,07f6d43ff7442163,Pneumonia,on,0.1746804477386469,1.0,0.4825433203973113,0.6509543824496691,3.043465775106504
162,195,94310590493db21b,Pneumothorax,off,0.1717176147245004,0.0,0.0,0.0,0.1566088749874398
162,195,94310590493db21b,Pneumothorax,on,0.1717176147245004,0.0,0.0,0.0,-0.4747730978770925
163,262,421b40d76dc65ae9,Pneumothorax,off,0.1753188212992607,1.0,0.3332829607785839,0.4947423946496273,1.699990731976082
163,262,421b40d76dc65ae9,Pneumothorax,on,0.1753188212992607,1.0,0.5097153849547962,0.6752357311349767,1.0768503801707268
164,342,9981e0f0e8d3ad3b,Pneumonia,off,0.1758499870863363,0.0,0.0,0.0,-0.7414419755708522
164,342,9981e0f0e8d3ad3b,Pneumonia,on,0.1758499870863363,0.0,0.0,0.0,-0.4915404470832075
165,199,5db9065ecfba6f94,Pneumonia,off,0.1722731459146528,1.0,0.3953821387163864,0.5659206722897381,1.5020681975543204
165,199,5db9065ecfba6f94,Pneumonia,on,0.1722731459146528,1.0,0.4372567027256545,0.6084600260009335,1.136635233210676
166,177,c1d43e09d7d9bec7,Pneumonia,off,0.1652510367479009,1.0,0.5496941696821958,0.7063974305644211,1.8661006952066037
166,177,c1d43e09d7d9bec7,Pneumonia,on,0.1652510367479009,1.0,0.6318848458302295,0.7744225814671918,1.5811958992356032
167,74,a95e5c78f29d3c6f,Pneumothorax,off,0.1227675199430824,0.0,0.0,0.0,0.1813487472473295
167,74,a95e5c78f29d3c6f,Pneumothorax,on,0.1227675199430824,0.0,0.0,0.0,-0.3873313308449828
168,73,6376c511055a284e,Pneumonia,off,0.115530995229254,1.0,0.3920615665883219,0.5625117149490872,1.592065163581325
168,73,6376c511055a284e,Pneumonia,on,0.115530995229254,1.0,0.4203459268048035,0.5918905059081695,1.4902761236668332
169,72,b94add6384c3c56b,Pneumonia,off,0.1380933584784293,1.0,0.4781074764513445,0.6461139989934439,2.266045564555624
169,72,b94add6384c3c56b,Pneumonia,on,0.1380933584784293,1.0,0.4354114353584843,0.6066653908655946,2.5590568434262497
170,240,04541ecb15f3ec4a,Pneumonia,off,0.1413973071356519,1.0,0.561001269170643,0.7154630092007797,2.269953264179117
170,240,04541ecb15f3ec4a,Pneumonia,on,0.1413973071356519,1.0,0.6275466203407098,0.7711558223913701,2.462950434120244
171,254,36e588acb178eced,Pneumothorax,off,0.1415532457153438,0.0,0.0271415826680842,0.0516543549762465,0.6910896330699157
171,254,36e588acb178eced,Pneumothorax,on,0.1415532457153438,0.0,0.0876719302206303,0.1612046096274869,0.3334478386476341
172,320,75bba632288ce1d3,Pneumonia,off,0.1260422301166128,1.0,0.3114810188289666,0.4684928203547532,1.2859045751376856
172,320,75bba632288ce1d3,Pneumonia,on,0.1260422301166128,1.0,0.3716730852711932,0.5419214106631263,1.1271565311455374
173,128,48d3207f19c2ee8f,Pneumonia,off,0.1313831264710612,1.0,0.4403732165297992,0.6111180273851807,1.9549405806184377
173,128,48d3207f19c2ee8f,Pneumonia,on,0.1313831264710612,1.0,0.4634122545066347,0.6333302500726183,2.086367962662098
174,93,8bfe346954ca2a54,Pneumothorax,off,0.1205112836181648,0.0,0.1979750781503374,0.3295248391533927,1.5358947805128618
174,93,8bfe346954ca2a54,Pneumothorax,on,0.1205112836181648,0.0,0.2267005886085461,0.3696096677575501,1.457773918638311
175,190,18ade169c0e38f1b,Pneumonia,off,0.1277039506064548,1.0,0.5246930641352505,0.6831807476774706,2.4716890367488773
175,190,18ade169c0e38f1b,Pneumonia,on,0.1277039506064548,1.0,0.637619012776944,0.7787129347697291,2.94205677649922
176,191,b6743168ef9bbb93,Pneumonia,off,0.1669614880438967,0.0,0.0067047963175276,0.0131492404877613,0.4686744526112726
176,191,b6743168ef9bbb93,Pneumonia,on,0.1669614880438967,0.0,0.0278544144779796,0.0541978665324102,0.1095087450065857
177,435,8065b42d7d8e8e46,Pneumothorax,off,0.1637452548377508,0.0,0.0623979473491461,0.1167733854000087,1.1525754152190286
177,435,8065b42d7d8e8e46,Pneumothorax,on,0.1637452548377508,0.0,0.0844462989527094,0.155740850009077,0.905183592628838
178,132,b3b7784bd1c963b0,Pneumonia,off,0.1774922152537169,1.0,0.5834563093757442,0.7354476618570128,2.3109317505211275
178,132,b3b7784bd1c963b0,Pneumonia,on,0.1774922152537169,1.0,0.63450045893536,0.7763837817158032,2.422950787208585
179,442,ba6337453bd8fbe2,Pneumothorax,off,0.1754260290727989,0.0,0.0371425685450759,0.0692609819279574,1.112736646755829
179,442,ba6337453bd8fbe2,Pneumothorax,on,0.1754260290727989,0.0,0.1023200159290093,0.185644583149872,0.8624972726088591
180,198,2cf513fbcdcd7d1d,Pneumonia,off,0.1646808863159023,0.0,0.0034187407950523,0.0067341361442707,0.2724152128154383
180,198,2cf513fbcdcd7d1d,Pneumonia,on,0.1646808863159023,0.0,0.0265810745076766,0.0517824911692612,-0.0926131764236183
181,107,c5ba0875d8eeea25,Pneumonia,off,0.1494720017153243,1.0,0.3093125086163296,0.4673512299563784,1.4039637229055235
181,107,c5ba0875d8eeea25,Pneumonia,on,0.1494720017153243,1.0,0.4714701247391607,0.6408150600194643,1.241067972375126
182,108,61aef6e6626a971f,Pneumonia,off,0.1816538260992451,1.0,0.1779374346172186,0.3014205520316803,1.3687910327658914
182,108,61aef6e6626a971f,Pneumonia,on,0.1816538260992451,1.0,0.1891777919683519,0.3181636339432502,1.111443685487562
183,416,a9e2cbe7c06e2ec5,Pneumothorax,off,0.1738374047921874,0.0,0.0749341694160827,0.1384920491800268,0.7579214018884433
183,416,a9e2cbe7c06e2ec5,Pneumothorax,on,0.1738374047921874,0.0,0.0993617557966468,0.1807626139697065,0.5058675722039518
184,404,52ccf86e7ccceedc,Pneumothorax,off,0.160504656228528,1.0,0.5366864980244335,0.6863732813241983,2.127335317492274
184,404,52ccf86e7ccceedc,Pneumothorax,on,0.160504656228528,1.0,0.731981470548163,0.845228353294225,1.8399873163440152
185,278,edde383473e98087,Pneumothorax,off,0.1272166425449176,1.0,0.3308240014192167,0.4960514341975221,0.7789832844976401
185,278,edde383473e98087,Pneumothorax,on,0.1272166425449176,1.0,0.3157779414357908,0.4799815905425055,0.8062133274611848
186,263,7c7dd650c6019dc0,Pneumothorax,off,0.1381713277682752,1.0,0.2285597993089263,0.3719406220075764,1.1185883683422797
186,263,7c7dd650c6019dc0,Pneumothorax,on,0.1381713277682752,1.0,0.2263558199688279,0.3691514258160736,0.6475944840678347
187,223,d48d2e3b0dc01ccf,Pneumonia,off,0.1275041543012246,1.0,0.3142393691338413,0.4760592966809708,1.3229069096991368
187,223,d48d2e3b0dc01ccf,Pneumonia,on,0.1275041543012246,1.0,0.4313211923796808,0.6026892041868613,1.0846258032694915
188,344,3b0617fc4bf3f405,Pneumonia,off,0.1086063476748095,1.0,0.6630901589039736,0.7961265322297313,2.582233057755069
188,344,3b0617fc4bf3f405,Pneumonia,on,0.1086063476748095,1.0,0.6003203603355407,0.7502300198741105,4.001221093440826
189,343,f74f3a36930f15e4,Pneumonia,off,0.2001228016315074,0.0,0.4782669582485883,0.6466431194822231,1.9810769104527444
189,343,f74f3a36930f15e4,Pneumonia,on,0.2001228016315074,0.0,0.4880496535748171,0.6559558265504027,2.091509856966458
190,334,121f00b6460da473,Pneumonia,off,0.171712741643885,1.0,0.2451896241068382,0.3904128843269426,1.5704717747024308
190,334,121f00b6460da473,Pneumonia,on,0.171712741643885,1.0,0.2214114089605106,0.3625410699359154,1.3365685764879522
191,289,c47ec9ec3990eaf3,Pneumonia,off,0.1346919482088992,1.0,0.507275041355628,0.6688537944288846,2.035403186602076
191,289,c47ec9ec3990eaf3,Pneumonia,on,0.1346919482088992,1.0,0.6256502014177058,0.7697223715031324,2.1050335197479275
192,288,d7bb30eed043ee33,Pneumonia,off,0.1360125530556652,1.0,0.682760809583292,0.8102708552480117,3.0303579171838835
192,288,d7bb30eed043ee33,Pneumonia,on,0.1360125530556652,1.0,0.562770558307707,0.7202099462722654,3.6814118361860086
193,431,9f93ab8d1df09a76,Pneumothorax,off,0.1655336754235925,0.0,0.0084704748814608,0.0165035685400418,0.2819218831732704
193,431,9f93ab8d1df09a76,Pneumothorax,on,0.1655336754235925,0.0,0.0302509719259358,0.0587214148184008,-0.0923855197326263
194,430,14db6ee01e29879b,Pneumothorax,off,0.168652447017431,0.0,0.0981958016557347,0.1784445741108319,1.5375581162531309
194,430,14db6ee01e29879b,Pneumothorax,on,0.168652447017431,0.0,0.1110016192963221,0.1998226016299354,1.6607341622825165
195,45,d81040617f1c56b9,Pneumothorax,off,0.1627316540697532,1.0,0.3190849436677853,0.4832288974408247,1.638971235977283
195,45,d81040617f1c56b9,Pneumothorax,on,0.1627316540697532,1.0,0.2614080577228999,0.4144415864981545,1.363349930191425
196,206,1cf185c35f8ce322,Pneumothorax,off,0.183627423748471,1.0,0.2675028363416431,0.417797814993156,2.5350163682628395
196,206,1cf185c35f8ce322,Pneumothorax,on,0.183627423748471,1.0,0.2061279030360064,0.3417951661899515,2.4197429067139105
197,207,fe64161a616d5561,Pneumonia,off,0.1625903347319074,1.0,0.4276419458491605,0.591052212466266,1.873714767219212
197,207,fe64161a616d5561,Pneumonia,on,0.1625903347319074,1.0,0.5701670822209033,0.7262318694214178,1.2665990975835657
198,398,c3a8a9bbdf1983ae,Pneumothorax,off,0.1647344902026714,0.0,0.1471278964383259,0.2554490253155991,1.6090979926694955
198,398,c3a8a9bbdf1983ae,Pneumothorax,on,0.1647344902026714,0.0,0.1303637815496879,0.2306554386289541,1.4894474452159163
199,67,8bcac9f76ba883ad,Pneumothorax,off,0.1345116442261304,0.0,0.0,0.0,-0.1903330926702639
199,67,8bcac9f76ba883ad,Pneumothorax,on,0.1345116442261304,0.0,0.0,0.0,-0.4108287916668999
200,100,5ba3a4ec085622eb,Pneumothorax,off,0.2004395518715066,0.0,0.004301393520591,0.0084938676202285,0.417312911971888
200,100,5ba3a4ec085622eb,Pneumothorax,on,0.2004395518715066,0.0,0.0054558722017475,0.0108519421520754,-0.282215396590863
201,412,6adfce3be1051462,Pneumothorax,off,0.169437012996506,0.0,0.0,0.0,-0.0951182458913471
201,412,6adfce3be1051462,Pneumothorax,on,0.169437012996506,0.0,0.0,0.0,-0.4777483544043534
202,407,2d2ee9d090034632,Pneumothorax,off,0.1725606576709598,0.0,0.0187702545884969,0.0362631050158089,0.8881798081485577
202,407,2d2ee9d090034632,Pneumothorax,on,0.1725606576709598,0.0,0.0425985764470732,0.0817159213410277,0.5105318188812342
203,138,b6372b688f2df234,Pneumothorax,off,0.1547982788279266,1.0,0.2996550137643387,0.4595166843436973,2.5280052096754675
203,138,b6372b688f2df234,Pneumothorax,on,0.1547982788279266,1.0,0.2172475255837992,0.356943415481801,2.6928022116963417
204,137,b1e72898c89b15bd,Pneumonia,off,0.1679409772475866,1.0,0.3601660011812923,0.5294610987699058,1.1501869755940952
204,137,b1e72898c89b15bd,Pneumonia,on,0.1679409772475866,1.0,0.3345580603573106,0.5013737944805444,0.9444972461886172
205,238,b346774a4dbee0ea,Pneumonia,off,0.144340647827337,1.0,0.597847818698484,0.7476967003461616,2.6939297117036345
205,238,b346774a4dbee0ea,Pneumonia,on,0.144340647827337,1.0,0.4640293146498344,0.6339025646327152,2.8379866428745704
206,426,4120f29e59ccdaf6,Pneumothorax,off,0.1483463200931733,0.0,0.0,0.0,0.7266314815162708
206,426,4120f29e59ccdaf6,Pneumothorax,on,0.1483463200931733,0.0,0.0415197853682403,0.0797263890680015,0.342662232737529
207,427,db25433da7613cdf,Pneumothorax,off,0.1233425434556963,0.0,0.0374802645859217,0.0717402685259692,1.2164181026455254
207,427,db25433da7613cdf,Pneumothorax,on,0.1233425434556963,0.0,0.0756003191926939,0.1405732441814259,1.024473837763573
208,280,96d3da5e8964b6d6,Pneumothorax,off,0.1402034023848856,1.0,0.2851116826110313,0.4417814487889432,1.199560809566673
208,280,96d3da5e8964b6d6,Pneumothorax,on,0.1402034023848856,1.0,0.3790560025864913,0.5497324049942481,1.0758230906737976
209,378,b4acace0017c25d0,Pneumonia,off,0.1303451602999868,1.0,0.408317421457469,0.5704993627749539,2.4259742488827976
209,378,b4acace0017c25d0,Pneumonia,on,0.1303451602999868,1.0,0.2679126907089496,0.4225771231064035,2.934505877898786
210,396,7d354e4232c4250f,Pneumonia,off,0.1448669405337972,1.0,0.2899685986037898,0.4406631552213653,1.5940152336465072
210,396,7d354e4232c4250f,Pneumonia,on,0.1448669405337972,1.0,0.5624948688581635,0.7199754855469693,1.2354539630396286
211,69,53d456a7677f9d60,Pneumothorax,off,0.170065640395889,0.0,0.0021877317512448,0.0043281196782729,0.8302154370125526
211,69,53d456a7677f9d60,Pneumothorax,on,0.170065640395889,0.0,0.0491013200954657,0.0935573540984442,0.261040195582726
212,125,80eec41176dc56fd,Pneumothorax,off,0.1357640259442812,0.0,0.0,0.0,0.2819013881513794
212,125,80eec41176dc56fd,Pneumothorax,on,0.1357640259442812,0.0,0.0,0.0,-0.4319876211382744
213,16,b193933781c53116,Pneumothorax,off,0.1981053462567431,0.0,0.0099198985089971,0.0194816566418788,0.217174361682013
213,16,b193933781c53116,Pneumothorax,on,0.1981053462567431,0.0,0.0124233684772605,0.0245413412707658,-0.1398466172421557
214,325,a5bdd073b780ec4a,Pneumonia,off,0.1369628037756628,1.0,0.5163567893512477,0.680871877623478,2.7233876680056657
214,325,a5bdd073b780ec4a,Pneumonia,on,0.1369628037756628,1.0,0.3842759403057897,0.555190166056658,3.243365245307876
215,11,175d85705c27b3df,Pneumonia,off,0.2104050017299436,0.0,0.1672467985588178,0.2845481223773705,0.844499061951268
215,11,175d85705c27b3df,Pneumonia,on,0.2104050017299436,0.0,0.1639713550713309,0.2817325232686508,0.7154597742002456
216,457,b47768dffffa9beb,Pneumothorax,off,0.1727507078149593,0.0,0.0264719197164268,0.0507578313660757,0.6798092678011745
216,457,b47768dffffa9beb,Pneumothorax,on,0.1727507078149593,0.0,0.0657547384879527,0.1233954000646639,0.3640891227596015
217,413,be051a60e9c8a365,Pneumothorax,off,0.1916241490382975,0.0,0.4453748885182419,0.6150771830116453,1.508937693861273
217,413,be051a60e9c8a365,Pneumothorax,on,0.1916241490382975,0.0,0.4829377711529241,0.6513257391609218,1.3340297747578629
218,385,7ccf19b06023b219,Pneumothorax,off,0.1739592318075717,0.0,0.0,0.0,0.016316595803245
218,385,7ccf19b06023b219,Pneumothorax,on,0.1739592318075717,0.0,0.0,0.0,-0.4846452608446602
219,248,b968112f0bbfbd97,Pneumonia,off,0.174812020915262,1.0,0.5570789454132099,0.7146549179711521,2.078563775367381
219,248,b968112f0bbfbd97,Pneumonia,on,0.174812020915262,1.0,0.5899254709119496,0.7420769401781189,1.8862551920368316
220,357,e7127915e33fe1cd,Pneumothorax,off,0.1845191975010842,1.0,0.1783788918277106,0.3018111746885673,0.9789929475667558
220,357,e7127915e33fe1cd,Pneumothorax,on,0.1845191975010842,1.0,0.1424116375926178,0.249312915887771,0.7654337332559704
221,356,04c74a41b993bc82,Pneumothorax,off,0.2140159544659347,0.0,0.0170994449985864,0.033065559024763,0.2709263592611609
221,356,04c74a41b993bc82,Pneumothorax,on,0.2140159544659347,0.0,0.0,0.0,-0.5498739104946899
222,260,d73038ab9e48f2c0,Pneumonia,off,0.1192394095775526,1.0,0.6167982257060193,0.7619384538663865,3.2609077561604347
222,260,d73038ab9e48f2c0,Pneumonia,on,0.1192394095775526,1.0,0.39001105943323,0.5611468111434966,3.5638826207946965
223,32,62eada75bf2837e8,Pneumonia,off,0.1431418699959553,1.0,0.560833321560301,0.7148276441897197,2.3497898951639304
223,32,62eada75bf2837e8,Pneumonia,on,0.1431418699959553,1.0,0.4774662076400376,0.6462928002311693,2.848284863092963
224,70,e3504747c728649b,Pneumothorax,off,0.1379861507048911,0.0,0.0,0.0,-0.3385839025540688
224,70,e3504747c728649b,Pneumothorax,on,0.1379861507048911,0.0,0.0,0.0,-0.4182590017829636
225,79,8a8c5bb34a6b86f0,Pneumothorax,off,0.1641351012869805,0.0,0.2408374519635876,0.3880706237862975,1.32166957635916
225,79,8a8c5bb34a6b86f0,Pneumothorax,on,0.1641351012869805,0.0,0.2507189183272428,0.4009196329895765,1.122966224326686
226,135,8f7cd7675aaf7c8c,Pneumothorax,off,0.1592279091073003,1.0,0.3052044262843512,0.4636010495673965,2.4486407286433125
226,135,8f7cd7675aaf7c8c,Pneumothorax,on,0.1592279091073003,1.0,0.1763637329887016,0.2998353723096417,2.616560741720216
227,144,ef34d81df7c0b493,Pneumonia,off,0.1908152176561456,1.0,0.3585705875725775,0.5276760049996614,1.609786307609942
227,144,ef34d81df7c0b493,Pneumonia,on,0.1908152176561456,1.0,0.3629602380545435,0.5326056735897473,1.2430543095895723
228,145,9d58e7f871787719,Pneumonia,off,0.1664790530629748,0.0,0.0080937747819191,0.0155579373585804,0.6161633664108205
228,145,9d58e7f871787719,Pneumonia,on,0.1664790530629748,0.0,0.0612778590657447,0.1154677991164262,0.1203530577362292
229,37,f4555291d75fe507,Pneumothorax,off,0.1305790681695247,0.0,0.1199105423632754,0.213140034339781,0.5441142604849679
229,37,f4555291d75fe507,Pneumothorax,on,0.1305790681695247,0.0,0.1836002038198943,0.3102392337651623,0.4180358782266178
230,172,9e8b2f979cd78f75,Pneumonia,off,0.147688454210098,1.0,0.5429098592210855,0.702389901698093,1.9109296591141784
230,172,9e8b2f979cd78f75,Pneumonia,on,0.147688454210098,1.0,0.5697500349936491,0.725908553548921,1.8727585190797524
231,399,2530a1d7ac18389f,Pneumothorax,off,0.1209937185990867,1.0,0.3801412591944605,0.550549475579599,1.196675647827179
231,399,2530a1d7ac18389f,Pneumothorax,on,0.1209937185990867,1.0,0.2986724079078091,0.4599613993864327,0.9005690843078927
232,382,c62c43b5231675b0,Pneumothorax,off,0.1746414630937239,0.0,0.0,0.0,-0.3433813699601503
232,382,c62c43b5231675b0,Pneumothorax,on,0.1746414630937239,0.0,0.0,0.0,-0.4878274427231107
233,394,e1ee24695381078c,Pneumothorax,off,0.1596957248463761,0.0,0.0,0.0,0.1417029463038293
233,394,e1ee24695381078c,Pneumothorax,on,0.1596957248463761,0.0,0.0,0.0,-0.4538255689238698
234,201,885246ee6a0cbe93,Pneumothorax,off,0.1364852418753563,0.0,0.0,0.0,0.1088284628216912
234,201,885246ee6a0cbe93,Pneumothorax,on,0.1364852418753563,0.0,0.0,0.0,-0.4133232385543531
235,116,0534d639197316e3,Pneumonia,off,0.1814978875195532,1.0,0.4229358418485649,0.5915058025730032,1.6010914696119387
235,116,0534d639197316e3,Pneumonia,on,0.1814978875195532,1.0,0.4429849348185164,0.6139829042187357,1.247348875138712
236,118,597abd2b1fb4b28c,Pneumonia,off,0.1384539664439668,1.0,0.4944693743308747,0.6570676571781765,2.4865462505623808
236,118,597abd2b1fb4b28c,Pneumonia,on,0.1384539664439668,1.0,0.4752426367982701,0.644227753480276,3.613158603053045
237,230,e6689043e54e49db,Pneumothorax,off,0.1683698083417394,1.0,0.3502340962977678,0.5183300795030357,1.3566036787721425
237,230,e6689043e54e49db,Pneumothorax,on,0.1683698083417394,1.0,0.3708128183081914,0.5410114631646245,1.0592533661413766
238,231,87e1e30b9906f02d,Pneumothorax,off,0.1973841303256679,0.0,0.1181313538169825,0.2110715542401331,0.3537725190727981
238,231,87e1e30b9906f02d,Pneumothorax,on,0.1973841303256679,0.0,0.1280171866883557,0.226977059811748,0.2585308534304862
239,159,ec1c1b6a957bd691,Pneumonia,off,0.1736424815675725,1.0,0.3605998406440031,0.5202662017708983,1.7581727221860024
239,159,ec1c1b6a957bd691,Pneumonia,on,0.1736424815675725,1.0,0.5716108927939001,0.7274175644381174,1.3556526516585825
240,411,d4c0f96bcd7c42a0,Pneumothorax,off,0.1633359160660595,0.0,0.0,0.0,0.3755001276480437
240,411,d4c0f96bcd7c42a0,Pneumothorax,on,0.1633359160660595,0.0,0.0074708961669106,0.01482736567726,-0.2397872096126244
241,91,5a5ab9e7fc7ac9c1,Pneumonia,off,0.125038375509846,1.0,0.293827091797099,0.4532683308544529,1.324296062222959
241,91,5a5ab9e7fc7ac9c1,Pneumonia,on,0.125038375509846,1.0,0.3530185657955152,0.5218235797590051,1.1231784691426092
242,387,0fc1bd6976bca990,Pneumothorax,off,0.1954592634825958,0.0,0.2016221444693765,0.3354758907653676,1.4670042998818893
242,387,0fc1bd6976bca990,Pneumothorax,on,0.1954592634825958,0.0,0.2122805824565168,0.3502169016829584,1.2836482701918257
243,71,ef6749004f2f4cc3,Pneumonia,off,0.1347650444181298,1.0,0.3721464580188665,0.5413597389761453,2.557867524629032
243,71,ef6749004f2f4cc3,Pneumonia,on,0.1347650444181298,1.0,0.2638938331766664,0.4175804447330117,3.011572188104279
244,160,b49bdd3279bc0b27,Pneumonia,off,0.1466651072808697,1.0,0.4841711121024604,0.6519276182939614,1.833396865266424
244,160,b49bdd3279bc0b27,Pneumonia,on,0.1466651072808697,1.0,0.4937542400620562,0.6610872392677128,1.7154952671084651
245,156,b6bb19f178bd17d9,Pneumonia,off,0.1628193695208299,1.0,0.3706935586265447,0.5275055720774107,1.664028188710728
245,156,b6bb19f178bd17d9,Pneumonia,on,0.1628193695208299,1.0,0.5550194619415405,0.7138415320661914,1.281501425316402
246,179,2a8d2dfcfc83516d,Pneumothorax,off,0.1600076020057599,1.0,0.5169758389102647,0.6814643250113606,2.072348717530044
246,179,2a8d2dfcfc83516d,Pneumothorax,on,0.1600076020057599,1.0,0.4582693330014445,0.6285097883997793,1.6833764583750723
247,314,edc87ee173bd5f41,Pneumonia,off,0.1216174729178544,1.0,0.1928918526709939,0.3202281722903643,1.0446994710014743
247,314,edc87ee173bd5f41,Pneumonia,on,0.1216174729178544,1.0,0.3650903484650616,0.5348890075396714,0.7580090464319577
248,237,620d12ad6a1b20b4,Pneumonia,off,0.1441554707639528,1.0,0.6146942475982607,0.7603832669215891,3.0959793958463515
248,237,620d12ad6a1b20b4,Pneumonia,on,0.1441554707639528,1.0,0.4245252554407508,0.5960118086344606,3.2669223140919743
249,3,ffb56bf454825a08,Pneumonia,off,0.1684087929866623,1.0,0.6303221680644198,0.7706337399231812,2.8107450864321017
249,3,ffb56bf454825a08,Pneumonia,on,0.1684087929866623,1.0,0.4872388779844071,0.6552073261810188,3.184909700714895
250,175,6bcddd6d8e8c8a7e,Pneumothorax,off,0.1659137757115916,0.0,0.1274826392660679,0.2254362711328323,0.9165827478575178
250,175,6bcddd6d8e8c8a7e,Pneumothorax,on,0.1659137757115916,0.0,0.1472102792171842,0.2566404369061613,0.6871803706296713
251,216,811bd9a2d86b8853,Pneumonia,off,0.1596762325239146,1.0,0.4035221630299799,0.569265375813028,1.7795301014910805
251,216,811bd9a2d86b8853,Pneumonia,on,0.1596762325239146,1.0,0.5234707740299454,0.6872079941287871,1.4883558326698645
252,17,6dd0d0da8c7f6300,Pneumothorax,off,0.120983972437856,1.0,0.4136829303174908,0.585064242084122,1.73864680017384
252,17,6dd0d0da8c7f6300,Pneumothorax,on,0.120983972437856,1.0,0.3711965661031765,0.541402944276404,1.6204188860425934
253,285,598076fbf61dbe60,Pneumonia,off,0.1401887831430395,1.0,0.6025982528245832,0.7510172865878625,2.2243952255422315
253,285,598076fbf61dbe60,Pneumonia,on,0.1401887831430395,1.0,0.6088548145233501,0.7568687843769365,2.3329210397874505
254,241,a670c2be27314d9a,Pneumothorax,off,0.1585213124180713,0.0,0.0190669081606918,0.0368242665300755,1.214409529792582
254,241,a670c2be27314d9a,Pneumothorax,on,0.1585213124180713,0.0,0.043908472176254,0.0841232184161022,1.1178807058783184
255,384,7bc902cd7893af5d,Pneumothorax,off,0.1900550170801475,0.0,3.73614512848188e-05,7.470894639633096e-05,0.1240456649411246
255,384,7bc902cd7893af5d,Pneumothorax,on,0.1900550170801475,0.0,0.0,0.0,-0.5018229709337105
256,440,4e0539034217998c,Pneumothorax,off,0.1648611902986711,0.0,0.0635690688204147,0.1189196127006081,0.2749008478458228
256,440,4e0539034217998c,Pneumothorax,on,0.1648611902986711,0.0,0.0661074442084905,0.1240152181601776,0.0694605736637002
257,203,f78528ae0274616b,Pneumonia,off,0.1215882344341622,1.0,0.5776351418157272,0.7284334407200366,2.689568323037946
257,203,f78528ae0274616b,Pneumonia,on,0.1215882344341622,1.0,0.5432974272597235,0.7040599361440273,3.371155073326139
258,50,0aa92d922a58e312,Pneumothorax,off,0.1605436408734509,1.0,0.205909987580166,0.339522127013158,1.112139426107882
258,50,0aa92d922a58e312,Pneumothorax,on,0.1605436408734509,1.0,0.1921522997331425,0.3223553234549768,0.8660010859455844
259,375,a94f884b732e3bcd,Pneumothorax,off,0.2023108148278097,0.0,0.1106115504454241,0.1952071425896721,0.6207995666649223
259,375,a94f884b732e3bcd,Pneumothorax,on,0.2023108148278097,0.0,0.1784770141850113,0.3028940923482065,0.4468718806632016
260,299,5567de030f328352,Pneumothorax,off,0.179743578498019,0.0,0.0295711563470467,0.05586433170329,0.6970307837225239
260,299,5567de030f328352,Pneumothorax,on,0.179743578498019,0.0,0.1037188168535866,0.1879414418437389,0.3750128997064951
261,300,a9b8cc2d0d94d723,Pneumonia,off,0.1141129287701806,1.0,0.6528761413304712,0.7862094558541981,3.04734421680839
261,300,a9b8cc2d0d94d723,Pneumonia,on,0.1141129287701806,1.0,0.5471385792132831,0.7072710463265628,4.142917506770781
262,438,33572e77c0536600,Pneumothorax,off,0.1371236154359701,1.0,0.214278397081273,0.3528396299841493,0.9404504051034231
262,438,33572e77c0536600,Pneumothorax,on,0.1371236154359701,1.0,0.1945401086409784,0.3257147534961535,0.8665522223007854
263,200,c930d55d4bb7581b,Pneumothorax,off,0.1402813716747316,0.0,0.0077141509155579,0.0148570604803148,0.6530127777576703
263,200,c930d55d4bb7581b,Pneumothorax,on,0.1402813716747316,0.0,0.0069340927682295,0.0137636713274608,-0.1990286829003374
264,360,12e5aab946d1ee7e,Pneumonia,off,0.1358955991208962,1.0,0.669676736032339,0.8011846807189823,3.3823386423002213
264,360,12e5aab946d1ee7e,Pneumonia,on,0.1358955991208962,1.0,0.4145917733910112,0.5861496081784644,3.371092016840525
265,333,b1769427b211c108,Pneumonia,off,0.1435122241227236,1.0,0.3061496866128272,0.4663196349697397,1.405335802198467
265,333,b1769427b211c108,Pneumonia,on,0.1435122241227236,1.0,0.4654013067331127,0.6351716543081267,1.0381133436310477
266,167,0ff3d1e08ba008d3,Pneumonia,off,0.1866974645361558,1.0,0.3053630701862615,0.4677491905928093,0.7890237381808949
266,167,0ff3d1e08ba008d3,Pneumonia,on,0.1866974645361558,1.0,0.3202104739866375,0.4850899833469124,0.6633428058640457
267,197,35f82d500ee2a3fd,Pneumonia,off,0.135252352479667,1.0,0.4181871708836091,0.5895146808555866,2.169470155136585
267,197,35f82d500ee2a3fd,Pneumonia,on,0.135252352479667,1.0,0.3690968213549719,0.5391730790947002,2.486967246711685
268,266,999591b2d12b3d78,Pneumothorax,off,0.131485461163984,1.0,0.3497669558753651,0.5140398467586289,1.3512199764279509
268,266,999591b2d12b3d78,Pneumothorax,on,0.131485461163984,1.0,0.4693160793666244,0.638822011204666,0.9731180781656996
269,54,d6ee87b326190f6d,Pneumothorax,off,0.1308178491196779,0.0,0.0,0.0,-0.0466840707094805
269,54,d6ee87b326190f6d,Pneumothorax,on,0.1308178491196779,0.0,0.0,0.0,-0.4016340628023209
270,102,e750eb553f2a9a6e,Pneumothorax,off,0.1654118484082082,0.0,0.0,0.0,-0.0372750066947792
270,102,e750eb553f2a9a6e,Pneumothorax,on,0.1654118484082082,0.0,0.0,0.0,-0.4760034356906127
271,55,ba571a0593f57813,Pneumonia,off,0.1165933268034053,1.0,0.7126195270249306,0.828414482520244,4.049432470264215
271,55,ba571a0593f57813,Pneumonia,on,0.1165933268034053,1.0,0.3455499006226509,0.5136060467186627,3.480938937367701
272,346,c892bb0055c22cd0,Pneumonia,off,0.1841147318100083,0.0,0.1441948200029114,0.2518007036063118,1.0547011241266913
272,346,c892bb0055c22cd0,Pneumonia,on,0.1841147318100083,0.0,0.1532643049665565,0.2657921546575498,0.7668530751276728
273,84,5f39db396249a1f2,Pneumonia,off,0.1339220014716703,0.0,0.0451216569571033,0.0858932210686365,0.6336717173537463
273,84,5f39db396249a1f2,Pneumonia,on,0.1339220014716703,0.0,0.0674801173120718,0.1264286118272897,0.471023002579534
274,265,68cb4910636dcabb,Pneumothorax,off,0.1138010516107968,0.0,0.0,0.0,0.3151761385142959
274,265,68cb4910636dcabb,Pneumothorax,on,0.1138010516107968,0.0,0.0,0.0,-0.3734490497268316
275,306,49a6faf066875f4a,Pneumothorax,off,0.1859713755244653,0.0,0.1165783731930244,0.2086291889509505,0.700999356868014
275,306,49a6faf066875f4a,Pneumothorax,on,0.1859713755244653,0.0,0.1255329190420053,0.2230638420772468,0.3737453033754969
276,305,fa851a693e873d99,Pneumothorax,off,0.1720879688512687,1.0,0.3490293648262772,0.5170280821541351,1.2889134285587611
276,305,fa851a693e873d99,Pneumothorax,on,0.1720879688512687,1.0,0.3750855851428335,0.545545067006699,1.0358068308614488
277,275,1626d35d84c0d1b3,Pneumonia,off,0.1265441574199962,1.0,0.4127682836590917,0.5806057139035351,2.719447670623973
277,275,1626d35d84c0d1b3,Pneumonia,on,0.1265441574199962,1.0,0.2869724583755195,0.4459534340658736,3.122719151667884
278,97,d486789ebff1ab61,Pneumothorax,off,0.1791783011466358,0.0,0.1719476679821294,0.2927799719745802,0.7511613025362475
278,97,d486789ebff1ab61,Pneumothorax,on,0.1791783011466358,0.0,0.2048729548639735,0.3400735849074702,0.4924451700885842
279,43,40930f98f262039d,Pneumonia,off,0.1818731147269369,1.0,0.4085197172522871,0.5643741788120856,2.0114012923465032
279,43,40930f98f262039d,Pneumonia,on,0.1818731147269369,1.0,0.6643806693282218,0.7983510365679403,1.88906384437342
280,318,ced43a28077174f6,Pneumothorax,off,0.1215005189830855,0.0,0.4132220525073681,0.5839029101745933,2.383155412772972
280,318,ced43a28077174f6,Pneumothorax,on,0.1215005189830855,0.0,0.364996887680568,0.5347638506773065,3.3181707133687377
281,225,9ea7c3106d11cc69,Pneumothorax,off,0.1954543904019804,0.0,0.0004152505388999,0.0008287803204265,-0.7058857940735083
281,225,9ea7c3106d11cc69,Pneumothorax,on,0.1954543904019804,0.0,0.0,0.0,-0.5309229761214244
282,405,96eed73623de6a68,Pneumothorax,off,0.1949865746629046,0.0,0.1638293522163242,0.2814724854786531,0.7560374078311957
282,405,96eed73623de6a68,Pneumothorax,on,0.1949865746629046,0.0,0.1685836770493647,0.2885264047436345,0.533389849003212
283,40,191a1b3130859e8b,Pneumonia,off,0.1447110019541053,1.0,0.3994091736932694,0.5651345517744467,1.7516468269230152
283,40,191a1b3130859e8b,Pneumonia,on,0.1447110019541053,1.0,0.6322096214594989,0.7746651740592887,1.4567063875011212
284,41,329aca38ff02024a,Pneumonia,off,0.1340779400513622,1.0,0.3616081337469448,0.530134697571248,1.2858798889408196
284,41,329aca38ff02024a,Pneumonia,on,0.1340779400513622,1.0,0.4045608694245352,0.5760673973207181,1.137976959114044
285,185,73562db6efa6210f,Pneumonia,off,0.1393895979221184,1.0,0.4453632536761569,0.6146143498909193,2.7356037150838595
285,185,73562db6efa6210f,Pneumonia,on,0.1393895979221184,1.0,0.3118531062933565,0.4754266345884052,3.0691058776118565
286,77,e288c9756beb2cef,Pneumothorax,off,0.1881398963983061,0.0,0.0067734595089786,0.0133123021629787,1.0875312622513316
286,77,e288c9756beb2cef,Pneumothorax,on,0.1881398963983061,0.0,0.0253906196807829,0.049522837997728,0.8488528073484127
287,337,6688f90e8260bfea,Pneumothorax,off,0.1512799146236276,0.0,0.0,0.0,0.0951101235843479
287,337,6688f90e8260bfea,Pneumothorax,on,0.1512799146236276,0.0,0.0,0.0,-0.4380666996194275
288,253,ae0ac7c7b7034072,Pneumothorax,off,0.1384149817990439,0.0,0.1880644256512307,0.3149262493426558,1.301002800383934
288,253,ae0ac7c7b7034072,Pneumothorax,on,0.1384149817990439,0.0,0.2614660030949244,0.4145427556618847,1.112323494114292
289,95,1099b54355b5823b,Pneumothorax,off,0.194128912474599,1.0,0.3036596327533956,0.4622650753820806,0.8784351143392153
289,95,1099b54355b5823b,Pneumothorax,on,0.194128912474599,1.0,0.3414108604028934,0.5090278352463076,0.5959134777528904
290,112,1032f70bdb2e9251,Pneumothorax,off,0.160178159827298,0.0,0.0667671210156937,0.1203007024623035,0.410099105162215
290,112,1032f70bdb2e9251,Pneumothorax,on,0.160178159827298,0.0,0.1602841250658157,0.2762834754817769,0.33544577929038
291,252,423b0dd1b9cc0017,Pneumonia,off,0.1310371377473697,1.0,0.1844719081357927,0.3101785534218736,0.672078594163558
291,252,423b0dd1b9cc0017,Pneumonia,on,0.1310371377473697,1.0,0.2485411175342732,0.3981304088544707,0.4717689723097509
292,24,e901609118d83284,Pneumonia,off,0.1365144803590486,1.0,0.4664514690259078,0.635710662119001,1.824017909346758
292,24,e901609118d83284,Pneumonia,on,0.1365144803590486,1.0,0.375979361481264,0.5464863656321187,1.571535557564251
293,48,4ffb5060113e379b,Pneumothorax,off,0.1287662821806061,0.0,0.01061823899011,0.0201962437211235,0.7741975407035186
293,48,4ffb5060113e379b,Pneumothorax,on,0.1287662821806061,0.0,0.0958963447177761,0.1750007949046174,0.5206199278408018
294,331,0ed0789928a2b1d8,Pneumonia,off,0.1573858846346895,1.0,0.2987100269779191,0.4540970865004893,0.9779547074279908
294,331,0ed0789928a2b1d8,Pneumonia,on,0.1573858846346895,1.0,0.4435126556316529,0.6144863647254899,0.8839692547948755
295,276,62ad2c96692ed14a,Pneumonia,off,0.1344093095332076,1.0,0.3655634687699939,0.5273399946269091,3.133715270041016
295,276,62ad2c96692ed14a,Pneumonia,on,0.1344093095332076,1.0,0.2221410398023238,0.3635203202484255,2.9422713457726024
296,12,a6abcbfc061442d5,Pneumothorax,off,0.1265539035812269,0.0,0.0,0.0,-0.2887257615992212
296,12,a6abcbfc061442d5,Pneumothorax,on,0.1265539035812269,0.0,0.0,0.0,-0.3969827620018873
297,449,98bf201558bb09ad,Pneumothorax,off,0.1851234594973904,0.0,0.056001102588353,0.1058345327058215,1.5672349096514868
297,449,98bf201558bb09ad,Pneumothorax,on,0.1851234594973904,0.0,0.0612098652095633,0.1153577137903269,2.2083051022772384
298,83,e2544b85fe79e487,Pneumothorax,off,0.176761253161411,0.0,0.084555700843193,0.1521761665698984,0.2979956031362526
298,83,e2544b85fe79e487,Pneumothorax,on,0.176761253161411,0.0,0.1279643824826344,0.2268939504161061,0.2947400409239664
299,82,0c4238b2f5c4388b,Pneumothorax,off,0.1920091224069119,0.0,0.0,0.0,-0.0412525904101963
299,82,0c4238b2f5c4388b,Pneumothorax,on,0.1920091224069119,0.0,0.0,0.0,-0.5111120529315235
300,63,246bf9a8cfbb0c68,Pneumonia,off,0.1368799614052015,1.0,0.5124555289808684,0.6672130463358177,2.428497599824208
300,63,246bf9a8cfbb0c68,Pneumonia,on,0.1368799614052015,1.0,0.7942274227337259,0.8853139424383294,2.76894184012372
301,62,ba0d34c73de98ddb,Pneumonia,off,0.1184938282434006,1.0,0.5386571962460321,0.6994707109145788,1.962155915334147
301,62,ba0d34c73de98ddb,Pneumonia,on,0.1184938282434006,1.0,0.5231748192148439,0.6869498056582592,1.8628933327498016
302,271,2e657ea72ea7deff,Pneumothorax,off,0.1411292877018064,0.0,0.0,0.0,0.6201194096616057
302,271,2e657ea72ea7deff,Pneumothorax,on,0.1411292877018064,0.0,0.0019371160864585,0.0038621746190726,-0.214979541608061
303,227,9e1bcaf497d1a364,Pneumonia,off,0.1154822644231003,1.0,0.3647951300736982,0.532223025587249,1.5990796690764957
303,227,9e1bcaf497d1a364,Pneumonia,on,0.1154822644231003,1.0,0.4631381453436947,0.6330749611501301,1.477487740450769
304,111,9a9f1ec1bf6c1e2a,Pneumothorax,off,0.1765955684204883,0.0,0.1694156124048763,0.2800184619568754,0.5677502279736348
304,111,9a9f1ec1bf6c1e2a,Pneumothorax,on,0.1765955684204883,0.0,0.2119107802442389,0.340572271167156,0.3316910702395151
305,369,8dbb7830188b30a1,Pneumothorax,off,0.1209254954704715,0.0,0.0,0.0,0.5647010020363129
305,369,8dbb7830188b30a1,Pneumothorax,on,0.1209254954704715,0.0,0.0036040577941616,0.007180822532984,-0.130528998965211
306,368,88b21b07728d1294,Pneumonia,off,0.1385709203787358,1.0,0.4089678876998018,0.5802865183554914,2.532069096153985
306,368,88b21b07728d1294,Pneumonia,on,0.1385709203787358,1.0,0.2856020781894931,0.4442965794497459,3.021274598558952
307,295,81e0c859cc208433,Pneumonia,off,0.1623905384266772,1.0,0.6131981345081214,0.7580973914780695,2.023375185465412
307,295,81e0c859cc208433,Pneumonia,on,0.1623905384266772,1.0,0.6715563541031251,0.8035102302398143,1.8122268136135653
308,130,7320038e0603d2e2,Pneumothorax,off,0.1905325789804541,0.0,0.010512533606228,0.0206077560549893,0.9149345158157052
308,130,7320038e0603d2e2,Pneumothorax,on,0.1905325789804541,0.0,0.0187673498612611,0.0368427454497587,0.3994389513295811
309,6,d2d092a91fc0eca9,Pneumothorax,off,0.181678191502322,0.0,0.0102731813436911,0.0200604677777775,0.8857394465348587
309,6,d2d092a91fc0eca9,Pneumothorax,on,0.181678191502322,0.0,0.0265485126496464,0.0517226019261462,0.4039005066539105
310,113,3a3bfb40eb6e865c,Pneumothorax,off,0.1821313879995516,0.0,0.107776466458999,0.1890782243110202,0.8284549898852107
310,113,3a3bfb40eb6e865c,Pneumothorax,on,0.1821313879995516,0.0,0.141563447860788,0.2480123170670745,0.5148264570346901
311,115,e059a2b12b2f8a9d,Pneumothorax,off,0.1517282380402419,0.0,0.0,0.0,0.7577117605227391
311,115,e059a2b12b2f8a9d,Pneumothorax,on,0.1517282380402419,0.0,0.0246013304678528,0.0480142542715642,0.1279716939519214
312,114,02d1b5cb5d840174,Pneumothorax,off,0.1624392692328309,0.0,0.0,0.0,0.118520403787746
312,114,02d1b5cb5d840174,Pneumothorax,on,0.1624392692328309,0.0,0.0,0.0,-0.4854953868687414
313,85,af1c5742d0805ffb,Pneumothorax,off,0.1627316540697532,0.0,0.1936889221229835,0.3240447091308319,1.3556670483966269
313,85,af1c5742d0805ffb,Pneumothorax,on,0.1627316540697532,0.0,0.2269799998040089,0.3699812533786347,1.029262955464066
314,76,2117e37867972f29,Pneumonia,off,0.1736522277288033,1.0,0.2714072742980049,0.417177986733876,1.3331523661201778
314,76,2117e37867972f29,Pneumonia,on,0.1736522277288033,1.0,0.460207378355361,0.6303067821202267,0.9479408759314796
315,105,03309e7059c9e1aa,Pneumothorax,off,0.1334785511356714,0.0,0.0,0.0,-0.5456477663589079
315,105,03309e7059c9e1aa,Pneumothorax,on,0.1334785511356714,0.0,0.0,0.0,-0.40614616652427
316,425,2a5f54f58033adc0,Pneumothorax,off,0.1808254023946318,0.0,0.1537987129201082,0.2664828681963915,0.8239309651054437
316,425,2a5f54f58033adc0,Pneumothorax,on,0.1808254023946318,0.0,0.1498896124295948,0.2607019527568454,0.6664023144691044
317,242,adefe62649625a81,Pneumothorax,off,0.1792660165977125,0.0,0.2811307015466454,0.4383223398604126,1.5261314458915525
317,242,adefe62649625a81,Pneumothorax,on,0.1792660165977125,0.0,0.3100875391988738,0.4733842389628176,1.2147092561869794
318,243,cb9183bb73f82ec1,Pneumonia,off,0.1998157975527389,1.0,0.3613863915949474,0.5305396590361106,1.651786153175724
318,243,cb9183bb73f82ec1,Pneumonia,on,0.1998157975527389,1.0,0.3768374236666392,0.547394921507288,1.4308712823857284
319,92,751bb22cbcb548d1,Pneumothorax,off,0.1706504100697337,0.0,0.1158946635086327,0.207608817841039,1.240448564443416
319,92,751bb22cbcb548d1,Pneumothorax,on,0.1706504100697337,0.0,0.0923145209885761,0.1690239555000098,1.0052957089027723
320,56,58c0774016deff7f,Pneumothorax,off,0.1773557689964865,0.0,0.0238011917693091,0.0445317839981994,0.7170441919035326
320,56,58c0774016deff7f,Pneumothorax,on,0.1773557689964865,0.0,0.0928299826488257,0.1698871928846253,0.3703984238334553
321,244,e2372b2d3608f078,Pneumothorax,off,0.1489798205731717,0.0,0.0,0.0,-0.1256918787019607
321,244,e2372b2d3608f078,Pneumothorax,on,0.1489798205731717,0.0,0.0,0.0,-0.4617935169454301
322,298,4870c4448aaec7b1,Pneumonia,off,0.1209790993572406,0.0,0.2808595539627991,0.4380536453776644,2.596498854265449
322,298,4870c4448aaec7b1,Pneumonia,on,0.1209790993572406,0.0,0.2018046590280085,0.3358315672058346,3.0715152283661684
323,376,5b02f529850ec43a,Pneumonia,off,0.1528100619368546,1.0,0.5319037603941272,0.6910010259059275,1.8971843619762687
323,376,5b02f529850ec43a,Pneumonia,on,0.1528100619368546,1.0,0.5431061139852175,0.703905159626129,1.668720608867826
324,22,c471fb69beaa4fad,Pneumothorax,off,0.1774044998026402,1.0,0.3868871978236959,0.554539541076841,2.504213948549673
324,22,c471fb69beaa4fad,Pneumothorax,on,0.1774044998026402,1.0,0.2761152625073949,0.4327346275080364,2.5697422726244423
325,21,6756182e25db6216,Pneumothorax,off,0.1356860566544352,0.0,0.0,0.0,0.1796513387075523
325,21,6756182e25db6216,Pneumothorax,on,0.1356860566544352,0.0,0.0,0.0,-0.4103009131456846
326,88,b717e0e9f48ec793,Pneumonia,off,0.1695393476894288,1.0,0.1937718090298208,0.3235710811453535,1.127388930557425
326,88,b717e0e9f48ec793,Pneumonia,on,0.1695393476894288,1.0,0.1843004833542472,0.3112339654080424,0.8902011639492329
327,249,089ce8d3c9aa17ec,Pneumothorax,off,0.1574687270051508,0.0,0.0316080220511031,0.0602390323032158,1.3612117075454089
327,249,089ce8d3c9aa17ec,Pneumothorax,on,0.1574687270051508,0.0,0.0692801809409495,0.1295828338525123,1.557671103132547
328,8,b845911f4dc57432,Pneumonia,off,0.1418651228747277,1.0,0.6412385061971226,0.7801564966932244,2.7723315975505085
328,8,b845911f4dc57432,Pneumonia,on,0.1418651228747277,1.0,0.5602412691711196,0.7181345018041428,3.150479301395795
329,403,779d0f06242503f4,Pneumothorax,off,0.1684380314703546,0.0,0.0,0.0,0.5795391370436923
329,403,779d0f06242503f4,Pneumothorax,on,0.1684380314703546,0.0,0.0175959853014694,0.0345784167715888,-0.0059479565442643
330,402,4bb674f158c41a32,Pneumonia,off,0.1464653109756394,1.0,0.6093439183014299,0.7513380615921841,3.446138124525328
330,402,4bb674f158c41a32,Pneumonia,on,0.1464653109756394,1.0,0.3167080227826843,0.4810494805500182,2.987458129898823
331,141,ca20960c58c911d2,Pneumonia,off,0.1455394256587186,1.0,0.5259754314558108,0.6862758817643657,2.2847742936390705
331,141,ca20960c58c911d2,Pneumonia,on,0.1455394256587186,1.0,0.62167693763986,0.7667082866878843,2.344929339747695
332,174,bd6813023681f3ff,Pneumothorax,off,0.1841829549386235,0.0,0.005401329999291,0.0106357977282162,0.651454901108388
332,174,bd6813023681f3ff,Pneumothorax,on,0.1841829549386235,0.0,0.0185162836833037,0.0363577981691075,-0.07078487218373
333,239,1d11168139d68001,Pneumonia,off,0.145753841205795,1.0,0.6498742124124869,0.7864543363988513,2.9192192427101444
333,239,1d11168139d68001,Pneumonia,on,0.145753841205795,1.0,0.484474146904012,0.6527000177112389,3.4470213790809754
334,282,654c34f32a0119be,Pneumonia,off,0.1190785979172453,1.0,0.5642157618449528,0.7193763932637323,2.4335860763281154
334,282,654c34f32a0119be,Pneumonia,on,0.1190785979172453,1.0,0.5657472632823813,0.7226474824153977,3.026405184431538
335,335,fa2be29d6e38c9f5,Pneumonia,off,0.1570106574273058,1.0,0.452729498442168,0.6197892179630591,1.9698544481947384
335,335,fa2be29d6e38c9f5,Pneumonia,on,0.1570106574273058,1.0,0.5943113925846861,0.7455387583924106,1.5675646015727367
336,304,bf2ac14fa2df62e6,Pneumothorax,off,0.1387024935553509,1.0,0.5929480531032914,0.7431954579804279,2.5426819357520984
336,304,bf2ac14fa2df62e6,Pneumothorax,on,0.1387024935553509,1.0,0.5360744360654046,0.6979400887125345,2.8512201938639703
337,224,adbb1682ee33ffa6,Pneumothorax,off,0.2021743685705792,0.0,0.0002327307746323,0.0004649205426744,0.5773902082868504
337,224,adbb1682ee33ffa6,Pneumothorax,on,0.2021743685705792,0.0,0.0,0.0,-0.5118843772008383
338,94,cb50623d468b9c03,Pneumothorax,off,0.1770780034014102,1.0,0.3614756180508646,0.5268805380743327,1.183947905762663
338,94,cb50623d468b9c03,Pneumothorax,on,0.1770780034014102,1.0,0.4559023800240701,0.6262789057324852,0.8964296923680752
339,60,cea6127ed387cbd4,Pneumonia,off,0.1322066770950591,1.0,0.5990536788896376,0.7461182902125424,2.6993377853814597
339,60,cea6127ed387cbd4,Pneumonia,on,0.1322066770950591,1.0,0.5911382247842052,0.7430258906073055,3.5268938037306032
340,59,d70d2b1a08b95126,Pneumonia,off,0.1583361353546871,1.0,0.332681638681129,0.4972259324286067,2.3148487959398736
340,59,d70d2b1a08b95126,Pneumonia,on,0.1583361353546871,1.0,0.2289466427179309,0.3725777923353308,2.6947248133630715
341,51,73425dc64d11db07,Pneumothorax,off,0.1957516483195181,0.0,0.0793205290636603,0.1469469134600011,1.1171895700944336
341,51,73425dc64d11db07,Pneumothorax,on,0.1957516483195181,0.0,0.0799295544434287,0.1480269757007515,0.8401742697255113
342,81,9a547d8892dea3a6,Pneumothorax,off,0.211613525722556,0.0,0.0,0.0,-0.4971762289829831
342,81,9a547d8892dea3a6,Pneumothorax,on,0.211613525722556,0.0,0.0,0.0,-0.5447300611659996
343,161,47cb5b42f2159764,Pneumonia,off,0.1457197296414874,1.0,0.1597275166868002,0.2742973892307879,0.8772608682518906
343,161,47cb5b42f2159764,Pneumonia,on,0.1457197296414874,1.0,0.2840178541763903,0.4423708201486261,0.5355112783706606
344,456,4663d942b5ea9757,Pneumothorax,off,0.1751580096389534,0.0,0.0873979888493724,0.1479448293321029,1.105828278678735
344,456,4663d942b5ea9757,Pneumothorax,on,0.1751580096389534,0.0,0.2380701076699141,0.3845823277136698,0.7576405826008434
345,149,9a3f950f149d0f37,Pneumonia,off,0.1588478088193013,1.0,0.2495876102364332,0.3948969593731478,1.134013869321345
345,149,9a3f950f149d0f37,Pneumonia,on,0.1588478088193013,1.0,0.4064703154231508,0.5779892231915316,0.8032368914482565
346,123,72b342a7bd6092eb,Pneumothorax,off,0.1788810432290981,0.0,0.1040475531032819,0.1884638774647798,1.2780387030912816
346,123,72b342a7bd6092eb,Pneumothorax,on,0.1788810432290981,0.0,0.1051337361871671,0.1902641317330666,1.015164167637773
347,257,be37ee4fa4a100ff,Pneumothorax,off,0.1672148882358961,0.0,0.2783522910703789,0.4351912548085642,1.4394003663068369
347,257,be37ee4fa4a100ff,Pneumothorax,on,0.1672148882358961,0.0,0.2943437869550689,0.4548153090608448,1.2096699013057406
348,312,b5505e5ca319f34d,Pneumothorax,off,0.1586382663528402,0.0,0.2225291344349063,0.3610341477379181,1.0947528079115605
348,312,b5505e5ca319f34d,Pneumothorax,on,0.1586382663528402,0.0,0.3012559829966168,0.4630232670400847,0.8684280098117968
349,131,053e5b78358a568a,Pneumothorax,off,0.1368166113572017,0.0,0.0,0.0,-0.0488873185412172
349,131,053e5b78358a568a,Pneumothorax,on,0.1368166113572017,0.0,0.0,0.0,-0.4268030483420337
350,164,be278530fe2c952e,Pneumonia,off,0.1352572255602824,1.0,0.4885170119300349,0.6557022216149601,2.230825641336262
350,164,be278530fe2c952e,Pneumonia,on,0.1352572255602824,1.0,0.4508001946773853,0.6214347920739829,2.43907569833235
351,189,36a4c529abcad2c7,Pneumothorax,off,0.192428207339834,0.0,0.0528704481946248,0.1004281353751626,0.969221131588506
351,189,36a4c529abcad2c7,Pneumothorax,on,0.192428207339834,0.0,0.0523273454270803,0.0994506679783186,0.6355991438410382
352,317,e9899fb1ecd89dfc,Pneumonia,off,0.137723004351661,1.0,0.4467783339845776,0.614669986432565,1.917867678844357
352,317,e9899fb1ecd89dfc,Pneumonia,on,0.137723004351661,1.0,0.3899379964713675,0.5610388949186123,1.877243697253626
353,316,375552a7cb5dab94,Pneumonia,off,0.1365047341978178,1.0,0.5821163046511831,0.7297917002878854,2.3453559214927875
353,316,375552a7cb5dab94,Pneumonia,on,0.1365047341978178,1.0,0.7016839583608666,0.8246916356699611,2.6769307423089184
354,395,efd7cf52bf8c2702,Pneumothorax,off,0.1293656710962969,0.0,0.0,0.0,0.152972316837244
354,395,efd7cf52bf8c2702,Pneumothorax,on,0.1293656710962969,0.0,0.0,0.0,-0.4011115735339799
355,182,1fdb91e38cc9a33d,Pneumonia,off,0.1216223459984698,1.0,0.6521537763522363,0.7887813385459983,3.345659242008954
355,182,1fdb91e38cc9a33d,Pneumonia,on,0.1216223459984698,1.0,0.3960984678937884,0.5674205577240369,3.5401308152710094
356,432,5ecd815629cef624,Pneumothorax,off,0.1745342553201857,0.0,0.0558324008286079,0.1030050601613239,0.7414045749261083
356,432,5ecd815629cef624,Pneumothorax,on,0.1745342553201857,0.0,0.1465274030953151,0.2556005976205123,0.465887899188621
357,86,22ff98b072fd30e7,Pneumonia,off,0.1852891442383131,1.0,0.2536144142016449,0.4045519365444467,1.242576834732012
357,86,22ff98b072fd30e7,Pneumonia,on,0.1852891442383131,1.0,0.2545963331056685,0.4058612481165755,0.8296824515144922
358,80,65fa96e941804d66,Pneumonia,off,0.1661330643392833,0.0,0.2357900403933079,0.3773308504296502,1.8663426709430464
358,80,65fa96e941804d66,Pneumonia,on,0.1661330643392833,0.0,0.2272192295051228,0.3702833546836529,2.546279449121344
359,348,8c844aa281c46dd8,Pneumonia,off,0.1211301648563172,1.0,0.6695964833300364,0.7986672111043074,3.123780136611299
359,348,8c844aa281c46dd8,Pneumonia,on,0.1211301648563172,1.0,0.5338839683702186,0.696098458334369,4.019537220337006
360,437,1d9fab51249e7082,Pneumothorax,off,0.1572543114580744,0.0,1.5470895378070006e-05,3.093939745523456e-05,0.6227534585748105
360,437,1d9fab51249e7082,Pneumothorax,on,0.1572543114580744,0.0,0.0779275861191757,0.1445845517732297,0.4191831657431953
361,436,b60a8fdd4ab9eda7,Pneumothorax,off,0.1764688683244887,0.0,0.0,0.0,-0.0978645070694528
361,436,b60a8fdd4ab9eda7,Pneumothorax,on,0.1764688683244887,0.0,0.0,0.0,-0.48158327415209
362,5,b6854428fb77d4cc,Pneumothorax,off,0.1658065679380534,0.0,0.0,0.0,-0.080731022182802
362,5,b6854428fb77d4cc,Pneumothorax,on,0.1658065679380534,0.0,0.0,0.0,-0.4599990070719489
363,441,9dfd111947ef84b1,Pneumothorax,off,0.1432636970113396,0.0,0.0,0.0,-0.020885291947973
363,441,9dfd111947ef84b1,Pneumothorax,on,0.1432636970113396,0.0,0.0,0.0,-0.4418542952178981
364,87,34a2adb99ed3a090,Pneumothorax,off,0.214805393525625,1.0,0.09383915072309,0.1715337620798954,0.8949102691902698
364,87,34a2adb99ed3a090,Pneumothorax,on,0.214805393525625,1.0,0.095076058336307,0.1736426670756047,0.5524348685759376
365,321,35bd34fcc0fac2f4,Pneumonia,off,0.1694272668352752,1.0,0.3577371779078615,0.5237594054278742,1.4237481952239774
365,321,35bd34fcc0fac2f4,Pneumonia,on,0.1694272668352752,1.0,0.4039494434107357,0.5754466954172248,1.1542409235517903
366,188,962712d312f31d26,Pneumonia,off,0.1838028546506245,0.0,0.2973621998948473,0.458122389243438,1.6594416718007277
366,188,962712d312f31d26,Pneumonia,on,0.1838028546506245,0.0,0.2845042844277944,0.4429771040883958,1.5829020472101014
367,39,392da982c2571312,Pneumothorax,off,0.1432978085756472,1.0,0.2593755864171059,0.4053693912104553,0.985093670417968
367,39,392da982c2571312,Pneumothorax,on,0.1432978085756472,1.0,0.3430745037944354,0.5064207377429557,0.7554891434607713
368,38,2528a87ecbcb8e80,Pneumonia,off,0.19309581938414,1.0,0.4310520437918356,0.5915686077498095,1.5210454666588715
368,38,2528a87ecbcb8e80,Pneumonia,on,0.19309581938414,1.0,0.5056882929114844,0.671686635472407,1.0333063662024309
369,354,24a6a56c28991f2a,Pneumonia,off,0.1400961946113474,1.0,0.6724446828211501,0.7974545960855325,2.8026711083488545
369,354,24a6a56c28991f2a,Pneumonia,on,0.1400961946113474,1.0,0.761151238446754,0.8643742705528036,3.5692568413454864
370,218,d0f2019aff34b8f9,Pneumonia,off,0.1282204971516843,1.0,0.3609721982013583,0.5290660168332191,1.2744962320587316
370,218,d0f2019aff34b8f9,Pneumonia,on,0.1282204971516843,1.0,0.3690703573605856,0.5391468075731114,0.893173345456675
371,261,293489b2b3df5a77,Pneumothorax,off,0.1291025247430668,0.0,0.0,0.0,0.0637594125517544
371,261,293489b2b3df5a77,Pneumothorax,on,0.1291025247430668,0.0,0.0,0.0,-0.3967221026881555
372,173,5d44fb526b0dd8f4,Pneumothorax,off,0.1364560033916641,0.0,0.0,0.0,0.4743900351059025
372,173,5d44fb526b0dd8f4,Pneumothorax,on,0.1364560033916641,0.0,0.0,0.0,-0.3901209313429923
373,439,6f154ecc10690653,Pneumothorax,off,0.1455784103036416,0.0,0.0,0.0,0.2404657848424202
373,439,6f154ecc10690653,Pneumothorax,on,0.1455784103036416,0.0,0.0004007841078805,0.0008004662424463,-0.3352428695536256
374,339,828eee7606ce796f,Pneumonia,off,0.1649537788303632,1.0,0.2412634584123942,0.3866906287187891,0.6902404948814075
374,339,828eee7606ce796f,Pneumonia,on,0.1649537788303632,1.0,0.3152988915920424,0.4794303497733604,0.5587444618810473
375,245,b95212d56694ca87,Pneumothorax,off,0.1921991725509115,0.0,0.0577505459194438,0.1083000844497003,0.9303637162327608
375,245,b95212d56694ca87,Pneumothorax,on,0.1921991725509115,0.0,0.0678083596372982,0.1270033469716736,0.482464564399592
376,210,7118ed64529a1dc7,Pneumonia,off,0.1631458659220599,0.0,0.0212156840370892,0.0398067804601238,1.159277317243622
376,210,7118ed64529a1dc7,Pneumonia,on,0.1631458659220599,0.0,0.1292492919153905,0.2288446504789367,1.0783290269986756
377,209,afc095ddf95dd697,Pneumonia,off,0.1785691660697143,1.0,0.4829376681511326,0.6458534658118074,1.9204495926310108
377,209,afc095ddf95dd697,Pneumonia,on,0.1785691660697143,1.0,0.5042049980336876,0.6703907585161938,1.705453697297978
378,148,cd99854e5dbf77e1,Pneumonia,off,0.1200044832341661,1.0,0.5176807457234835,0.6816842086442,2.369939059007158
378,148,cd99854e5dbf77e1,Pneumonia,on,0.1200044832341661,1.0,0.4413682888338043,0.6124283926623484,2.64120189818312
379,365,dfb3222308242762,Pneumothorax,off,0.1498521020033234,0.0,0.0703820155348986,0.1312061285488119,1.3350758482819391
379,365,dfb3222308242762,Pneumothorax,on,0.1498521020033234,0.0,0.0717712927221723,0.1339294359566295,1.1898646618512396
380,23,fdefe57d4a82f518,Pneumothorax,off,0.1077974162926577,0.0,0.0,0.0,0.0158771958893174
380,23,fdefe57d4a82f518,Pneumothorax,on,0.1077974162926577,0.0,0.0,0.0,-0.3631357001864638
381,120,f4a30a69ad17c9f1,Pneumothorax,off,0.171961268755269,0.0,0.0791938844466176,0.1466248116952985,1.316902686663622
381,120,f4a30a69ad17c9f1,Pneumothorax,on,0.171961268755269,0.0,0.0868423458132711,0.1598066722986957,1.1279063172170485
382,53,1988dd7e9ecd3c9b,Pneumothorax,off,0.1734231929398808,0.0,0.1087597440987234,0.195498643168678,1.5745124356215077
382,53,1988dd7e9ecd3c9b,Pneumothorax,on,0.1734231929398808,0.0,0.0988848673694478,0.1799703532581699,1.6838868085358167
383,219,aeffa36739cd1fe7,Pneumothorax,off,0.1320166269510596,0.0,0.369377568871759,0.5393008465960236,2.7936234566308853
383,219,aeffa36739cd1fe7,Pneumothorax,on,0.1320166269510596,0.0,0.237929948974909,0.3843934473229332,2.9955028538931803
384,217,6e185d6966366df4,Pneumothorax,off,0.1835981852647788,0.0,0.1925132184504962,0.3225420602600882,0.881837194763408
384,217,6e185d6966366df4,Pneumothorax,on,0.1835981852647788,0.0,0.2037948879112537,0.3385872903925241,0.6903169123816562
385,291,531b825349b69626,Pneumonia,off,0.1227918853461592,0.0,0.2572353995725162,0.4078985805795743,2.4052000741209363
385,291,531b825349b69626,Pneumonia,on,0.1227918853461592,0.0,0.1703481547491818,0.2910984044640024,3.012498362885912
386,0,8da0678acd714b9a,Pneumonia,off,0.177087749562641,1.0,0.4701288223485446,0.6376536768568071,1.3147481075084957
386,0,8da0678acd714b9a,Pneumonia,on,0.177087749562641,1.0,0.514131426623739,0.6791102978478251,1.1827747707097536
387,428,4adcc53030271f8d,Pneumothorax,off,0.1401254330950397,1.0,0.2725608826319662,0.4282108846691922,1.2671562969274437
387,428,4adcc53030271f8d,Pneumothorax,on,0.1401254330950397,1.0,0.1698112678704605,0.2903159887770528,0.732585934583392
388,47,d95c4630fe47b10c,Pneumothorax,off,0.1423573040168803,0.0,0.0913748102525688,0.1565751061171877,1.3275731568974962
388,47,d95c4630fe47b10c,Pneumothorax,on,0.1423573040168803,0.0,0.3741811406565271,0.5445865467219205,1.345327596354065
389,386,91d6999fc87d4e27,Pneumothorax,off,0.1785204352635605,0.0,0.0186210750989669,0.0362981515360722,0.7754251965374063
389,386,91d6999fc87d4e27,Pneumothorax,on,0.1785204352635605,0.0,0.0208535449701873,0.0408542827476589,0.3445694775923735
390,459,75c72eb210b86249,Pneumothorax,off,0.1702946751848116,0.0,0.1965428692784768,0.3283735567225095,1.4617384250554295
390,459,75c72eb210b86249,Pneumothorax,on,0.1702946751848116,0.0,0.2083912626430235,0.3449067381487728,1.3030132852182374
391,480,bd80adc504f70e0c,Pneumothorax,off,0.1585505509017635,0.0,0.0039198117331603,0.0077232470251516,0.5325963562865972
391,480,bd80adc504f70e0c,Pneumothorax,on,0.1585505509017635,0.0,0.0375459399690609,0.072371568760047,0.0860072360268504
392,505,083150264aaf7e8a,Pneumothorax,off,0.1612989683688337,1.0,0.5098422963344542,0.6747217568025199,2.2080765107333797
392,505,083150264aaf7e8a,Pneumothorax,on,0.1612989683688337,1.0,0.412191213862439,0.5837570726519556,2.007346288709323
393,541,4bd35cb23907f01a,Pneumothorax,off,0.185484067462928,0.0,0.0650472389862004,0.1218337514609775,0.8082195985747161
393,541,4bd35cb23907f01a,Pneumothorax,on,0.185484067462928,0.0,0.0742431369459851,0.13822338581572,0.4703797281163268
394,549,5b9725714acf0d0d,Pneumothorax,off,0.1704554868451188,0.0,0.0709932099882163,0.131825969494673,0.9821073351571376
394,549,5b9725714acf0d0d,Pneumothorax,on,0.1704554868451188,0.0,0.1047749149227626,0.1896751188334825,0.5879378448571387
395,594,72f534e34c7697a5,Pneumothorax,off,0.2030515230813463,1.0,0.0659256635224903,0.1234595752054794,2.191904423358646
395,594,72f534e34c7697a5,Pneumothorax,on,0.2030515230813463,1.0,0.0595279171341025,0.1123665153095739,2.074929136557011
396,604,dbd9a729c36f7908,Pneumothorax,off,0.1388827975381196,0.0,0.0,0.0,-0.059025018859083
396,604,dbd9a729c36f7908,Pneumothorax,on,0.1388827975381196,0.0,0.0,0.0,-0.4139050669768586
397,654,3b135865c9bd3209,Pneumothorax,off,0.1893435473103031,0.0,0.0793593451002205,0.1460911186353222,0.8323370075574656
397,654,3b135865c9bd3209,Pneumothorax,on,0.1893435473103031,0.0,0.1140262723335572,0.2047090927491976,0.481302768857712
398,676,680cec365dfd5521,Pneumothorax,off,0.151206818414397,0.0,0.0103228325721319,0.0202116053804773,0.8835754390991188
398,676,680cec365dfd5521,Pneumothorax,on,0.151206818414397,0.0,0.0316831780059902,0.0614195517956585,0.6073147220619044
399,681,2b05e8dc83f32556,Pneumothorax,off,0.190688517560146,0.0,0.1193852261055532,0.2128574170170304,1.0728815428306178
399,681,2b05e8dc83f32556,Pneumothorax,on,0.190688517560146,0.0,0.1266072904206115,0.2247413487744411,0.7517623496848783
400,685,54b647e0838ab12b,Pneumothorax,off,0.1428933428845713,0.0,0.0,0.0,0.0361769520339856
400,685,54b647e0838ab12b,Pneumothorax,on,0.1428933428845713,0.0,0.0,0.0,-0.4287694326091143
401,693,ce907c9fb434e83e,Pneumothorax,off,0.1647783479282097,1.0,0.5531551279024847,0.7119995047464629,2.4241615243479573
401,693,ce907c9fb434e83e,Pneumothorax,on,0.1647783479282097,1.0,0.4676670564975705,0.6372872216405743,2.2826632254882706
402,694,863b09154d53ef8c,Pneumothorax,off,0.1744173013854168,1.0,0.4961775506145355,0.6626168606534488,2.249230944966451
402,694,863b09154d53ef8c,Pneumothorax,on,0.1744173013854168,1.0,0.4696381923165464,0.6391168968051056,2.26505652850892
403,696,dca7b95062e41fc2,Pneumothorax,off,0.1569619266211521,0.0,0.2629030449533865,0.394228854926819,1.3263992325813392
403,696,dca7b95062e41fc2,Pneumothorax,on,0.1569619266211521,0.0,0.3608004091521159,0.5115541200808725,1.0561959577888027
404,785,cd055a12d0f444bd,Pneumothorax,off,0.2078027766813346,0.0,0.067698690251945,0.1268058601369804,1.456251291828084
404,785,cd055a12d0f444bd,Pneumothorax,on,0.2078027766813346,0.0,0.0679626365603397,0.127275253512811,1.3483286664500924
405,819,486450c9693f6c41,Pneumothorax,off,0.1432929354950319,1.0,0.1918336906579021,0.3214606103757512,0.9269508898682636
405,819,486450c9693f6c41,Pneumothorax,on,0.1432929354950319,1.0,0.2457842169550869,0.3945855225708455,0.6155766402157211
406,822,787ac5e42fd1ee38,Pneumothorax,off,0.1749484671724924,0.0,0.0,0.0,0.0471300296577556
406,822,787ac5e42fd1ee38,Pneumothorax,on,0.1749484671724924,0.0,0.0,0.0,-0.4762173921190022
407,850,515b071541fd8afb,Pneumothorax,off,0.1568742111700753,0.0,0.0659826229088404,0.1215284982192177,0.8196950585047308
407,850,515b071541fd8afb,Pneumothorax,on,0.1568742111700753,0.0,0.0846534485463456,0.1560899491283687,0.4883806607856173
408,866,7f7981c486c13785,Pneumothorax,off,0.1140154671578732,0.0,0.0,0.0,0.0961760319622646
408,866,7f7981c486c13785,Pneumothorax,on,0.1140154671578732,0.0,0.0,0.0,-0.3788010947647353
409,884,c12602e668a07ed2,Pneumothorax,off,0.1504807294027065,0.0,0.0,0.0,0.1794010772941323
409,884,c12602e668a07ed2,Pneumothorax,on,0.1504807294027065,0.0,0.0,0.0,-0.421434183395584
410,889,debf8fe52669bd1f,Pneumothorax,off,0.1816099683737068,0.0,0.0058878267737794,0.011571601924938,0.4121675731132979
410,889,debf8fe52669bd1f,Pneumothorax,on,0.1816099683737068,0.0,0.0030509646605905,0.006082606218377,-0.3246524928072452
411,916,481cbda5ec11e46c,Pneumothorax,off,0.1492527130876326,0.0,0.0964433457942452,0.1754934671660883,1.9662679912614367
411,916,481cbda5ec11e46c,Pneumothorax,on,0.1492527130876326,0.0,0.0919629940518154,0.1684323904406543,2.575466729476128
412,925,39c315cbbe298bb1,Pneumothorax,off,0.1495694633276318,0.0,0.1443774356097031,0.2521284259578756,1.9761883452988216
412,925,39c315cbbe298bb1,Pneumothorax,on,0.1495694633276318,0.0,0.1182128940523563,0.2114294662445317,2.3376678291023607
413,940,193ba2b929433519,Pneumothorax,off,0.1705139638125033,1.0,0.2938792672574544,0.4519855534382616,2.095735659785413
413,940,193ba2b929433519,Pneumothorax,on,0.1705139638125033,1.0,0.2499905217125848,0.3999828058878157,2.281431200629871
414,981,f15cb57b356991a4,Pneumothorax,off,0.1617424187048326,0.0,0.1281830862479616,0.2266659964046476,1.1046771293487452
414,981,f15cb57b356991a4,Pneumothorax,on,0.1617424187048326,0.0,0.1172947081582664,0.2099607659176069,0.8646618266124843
415,988,009742263c8e7733,Pneumothorax,off,0.1322554079012129,0.0,0.0271027350956384,0.052744520827816,0.1523135684390432
415,988,009742263c8e7733,Pneumothorax,on,0.1322554079012129,0.0,0.0166200664746412,0.0326966154749125,-0.2167000150070122
416,991,555d178e00bc7c1e,Pneumothorax,off,0.1131967896144905,0.0,0.0,0.0,-0.3221599224524555
416,991,555d178e00bc7c1e,Pneumothorax,on,0.1131967896144905,0.0,0.0,0.0,-0.3664461891441447
417,1036,ca6f95a119b85590,Pneumothorax,off,0.1402375139491932,0.0,0.2020158874354813,0.3329763374263434,2.828026291564604
417,1036,ca6f95a119b85590,Pneumothorax,on,0.1402375139491932,0.0,0.1033020633661621,0.1872559252142056,2.686943772541781
418,1046,aad8f99bada1cb5d,Pneumothorax,off,0.2037288812868831,0.0,0.144194395429652,0.2515639865468255,0.6223519274341422
418,1046,aad8f99bada1cb5d,Pneumothorax,on,0.2037288812868831,0.0,0.1493470145662618,0.2598805467804066,0.3422671522800469
419,1047,4d393cd50c54b936,Pneumothorax,off,0.1114473536735718,0.0,0.0,0.0,-0.1792506316017223
419,1047,4d393cd50c54b936,Pneumothorax,on,0.1114473536735718,0.0,0.0,0.0,-0.367284324335888
420,1049,6634689c6ead98e8,Pneumothorax,off,0.1889585739416887,0.0,0.1316639611457697,0.2293679663976234,0.6978759608303822
420,1049,6634689c6ead98e8,Pneumothorax,on,0.1889585739416887,0.0,0.1707925521924052,0.2917523895641968,0.4132261346203387
421,1055,0748d125d669cd46,Pneumothorax,off,0.1818682416463215,0.0,0.0190899133338156,0.0374309342696433,1.540823692935292
421,1055,0748d125d669cd46,Pneumothorax,on,0.1818682416463215,0.0,0.020210019672059,0.0396191482241072,2.204758418179712
422,1104,2f16e873dc93d803,Pneumothorax,off,0.1509290528193207,0.0,0.0652553668197847,0.1223946801819956,1.5064988978822502
422,1104,2f16e873dc93d803,Pneumothorax,on,0.1509290528193207,0.0,0.0658412549838931,0.1235472400498758,1.6576290227303212
423,1127,d907b10e78a3c460,Pneumothorax,off,0.1232304626015428,0.0,0.0,0.0,0.4837033347222069
423,1127,d907b10e78a3c460,Pneumothorax,on,0.1232304626015428,0.0,0.0,0.0,-0.385059348003623
424,1135,3485119c4592cd19,Pneumothorax,off,0.1737058316155724,1.0,0.2000614194854663,0.3328781781418156,1.1849640660484524
424,1135,3485119c4592cd19,Pneumothorax,on,0.1737058316155724,1.0,0.1811694943241206,0.30676136579912,0.867997222225362
425,1152,15731a6cde76fdc2,Pneumothorax,off,0.1689350856931226,0.0,0.2320920549416401,0.3754546500466388,1.1452585263530664
425,1152,15731a6cde76fdc2,Pneumothorax,on,0.1689350856931226,0.0,0.2932350063079846,0.4534903401126995,0.8257733091043097
426,1158,794c32900dac02b8,Pneumothorax,off,0.1817123030666296,0.0,0.1134659647009595,0.2031842264557028,0.5383216290699983
426,1158,794c32900dac02b8,Pneumothorax,on,0.1817123030666296,0.0,0.1377299891406933,0.2421129988170524,0.3478190012856065
427,28,a570482c949ce5cf,Consolidation,off,0.1963023064290552,1.0,0.3723695785212597,0.5334614579997989,1.4148856611584963
427,28,a570482c949ce5cf,Consolidation,on,0.1963023064290552,1.0,0.4795651177790264,0.6482458014663226,0.9759391211702264
428,155,ba67098ed4462110,Consolidation,off,0.1888952238936888,1.0,0.4177463138611198,0.580432737725145,1.747359779066109
428,155,ba67098ed4462110,Consolidation,on,0.1888952238936888,1.0,0.5622668365786472,0.7198082447101961,1.5021835938900745
429,264,0c2af963db3db5b3,Consolidation,off,0.1462362761867169,1.0,0.3023471096619926,0.4586010678227913,3.237636335711009
429,264,0c2af963db3db5b3,Consolidation,on,0.1462362761867169,1.0,0.1446295830195772,0.252704915842203,2.676124704296053
430,290,cc44c54a66347671,Consolidation,off,0.1271484194163024,1.0,0.4460783507838243,0.6116287806192429,2.111597680554468
430,290,cc44c54a66347671,Consolidation,on,0.1271484194163024,1.0,0.6166519947099888,0.7628750827699794,2.2944488554684472
431,390,7d3c20f80e870ec2,Consolidation,off,0.1643690091565184,1.0,0.1642294909006655,0.282044868698225,1.2596257125352155
431,390,7d3c20f80e870ec2,Consolidation,on,0.1643690091565184,1.0,0.1996069521864793,0.3327868415803438,0.9813941537149108
432,391,9958d21d8d9fe67b,Consolidation,off,0.1479905852082511,1.0,0.2942322242967458,0.4504555091024239,1.1316209683588208
432,391,9958d21d8d9fe67b,Consolidation,on,0.1479905852082511,1.0,0.4240702187744103,0.5955679715788693,0.8603293521148271
433,462,eaf68dbfa68ef84c,Consolidation,off,0.1706162985054261,1.0,0.1126224354385918,0.20218692284274,0.4974820034655015
433,462,eaf68dbfa68ef84c,Consolidation,on,0.1706162985054261,1.0,0.1097800378474579,0.1978396993035379,0.2056631195766957
434,467,9204afd0723591d5,Consolidation,off,0.1393262478741185,1.0,0.4622532392886718,0.6301157447442647,1.9787980249386063
434,467,9204afd0723591d5,Consolidation,on,0.1393262478741185,1.0,0.4965092516003631,0.6635550976223049,1.8408810949905376
435,481,8c96285409af9413,Consolidation,off,0.1758694794087978,1.0,0.4077934578421141,0.5678361316424319,2.1376292133272563
435,481,8c96285409af9413,Consolidation,on,0.1758694794087978,1.0,0.6484019059290916,0.7867003838787132,1.6816834381617174
436,493,9c731e6925e3a373,Consolidation,off,0.1959758100278253,1.0,0.3902609709096636,0.5427555999613622,1.3388594868033274
436,493,9c731e6925e3a373,Consolidation,on,0.1959758100278253,1.0,0.4126152395490765,0.5719554058451399,0.8451920764491896
437,515,566905aac57a9887,Consolidation,off,0.1148341447012557,1.0,0.2613127795088346,0.4079106904851736,3.589025022421968
437,515,566905aac57a9887,Consolidation,on,0.1148341447012557,1.0,0.1281226592055266,0.2271376055281059,3.054716212562412
438,517,6ec825316e840dc6,Consolidation,off,0.152371484681471,1.0,0.1674078462384204,0.2811288167608998,1.1710472109942416
438,517,6ec825316e840dc6,Consolidation,on,0.152371484681471,1.0,0.3930647438422172,0.5643018975137696,0.8081097876900164
439,522,e2775a9e9b9b05d3,Consolidation,off,0.1455199333362571,1.0,0.5282764649770819,0.6907918231059026,2.488876197315489
439,522,e2775a9e9b9b05d3,Consolidation,on,0.1455199333362571,1.0,0.4938048595677181,0.6611278324146793,2.86824147139291
440,535,6a0296c529692b25,Consolidation,off,0.181717176147245,0.0,0.1633217381483704,0.2768263457294833,1.6223904984052442
440,535,6a0296c529692b25,Consolidation,on,0.181717176147245,0.0,0.224312560852392,0.3664292189148581,1.698060858139696
441,560,5d2d21a971eb5670,Consolidation,off,0.1788907893903288,1.0,0.2976571078763111,0.4556018827731199,0.9601005552214508
441,560,5d2d21a971eb5670,Consolidation,on,0.1788907893903288,1.0,0.3671502758971289,0.5371003608684839,0.6707162318930006
442,561,fbc80b00ea93a76d,Consolidation,off,0.1503735216291683,1.0,0.4074534697982167,0.5779379022451907,2.240875497010486
442,561,fbc80b00ea93a76d,Consolidation,on,0.1503735216291683,1.0,0.2826521298032998,0.4407095161367684,2.627502099631234
443,569,0bfd45dece853b5b,Consolidation,off,0.1395601557436564,1.0,0.583574664116435,0.7314939037534224,2.7007646476446947
443,569,0bfd45dece853b5b,Consolidation,on,0.1395601557436564,1.0,0.6583313145068553,0.7939593842863217,3.2345774390834805
444,570,fd4f48c668b17706,Consolidation,off,0.1047127562631268,0.0,0.2361457788995487,0.3809968498109047,1.826339765297119
444,570,fd4f48c668b17706,Consolidation,on,0.1047127562631268,0.0,0.2563005451233211,0.4080241616499941,2.344601367255046
445,574,a8e3c4f43e541154,Consolidation,off,0.1532486391922381,1.0,0.3681967908030453,0.5353673403525682,1.0641367382396154
445,574,a8e3c4f43e541154,Consolidation,on,0.1532486391922381,1.0,0.447873669120006,0.6186640008243531,0.920270463667724
446,584,b2c46c4046f49e51,Consolidation,off,0.1540868090580822,1.0,0.1050407999726827,0.189969913634797,-0.0191669502193681
446,584,b2c46c4046f49e51,Consolidation,on,0.1540868090580822,1.0,0.1150430907177071,0.2063464782299378,0.0792142682646628
447,608,225e15fe6310d743,Consolidation,off,0.1312905379393691,1.0,0.281683035922789,0.4339829413527781,3.548488362930688
447,608,225e15fe6310d743,Consolidation,on,0.1312905379393691,1.0,0.1297017288876321,0.2296185262777576,2.8113918181745987
448,615,366cb9cb3bb951f1,Consolidation,off,0.1544084323786968,1.0,0.6460680716239395,0.7842618551361732,2.8867128890846563
448,615,366cb9cb3bb951f1,Consolidation,on,0.1544084323786968,1.0,0.5527244087989868,0.711918753510248,3.598644562697251
449,616,e22c3e000c4e88fe,Consolidation,off,0.1595251670248381,1.0,0.3268602766285068,0.4888300925874299,1.2892492845665984
449,616,e22c3e000c4e88fe,Consolidation,on,0.1595251670248381,1.0,0.4312324422638177,0.6025978598241133,0.8524028477268861
450,633,b9ced1f944e75887,Consolidation,off,0.1721464458186531,0.0,0.2225780066738135,0.3596912229047218,2.10488225324144
450,633,b9ced1f944e75887,Consolidation,on,0.1721464458186531,0.0,0.2033097679228241,0.3379071479281751,2.528484530359321
451,636,b01b91f217819dee,Consolidation,off,0.1228601084747745,1.0,0.5727225303506516,0.7192285698914772,4.1347315625985175
451,636,b01b91f217819dee,Consolidation,on,0.1228601084747745,1.0,0.2778232781093481,0.4348304108424222,3.208243001416608
452,643,6afdc26213cbad6c,Consolidation,off,0.1882373580106135,1.0,0.5536438643081192,0.7089142872937916,2.3164499370925955
452,643,6afdc26213cbad6c,Consolidation,on,0.1882373580106135,1.0,0.6478358180826623,0.7862865851843994,1.8920129526099392
453,645,3b0cd1a00fe5ab83,Consolidation,off,0.1253746180723067,0.0,0.1760695592418919,0.2981544163349383,1.4406417543489365
453,645,3b0cd1a00fe5ab83,Consolidation,on,0.1253746180723067,0.0,0.230752342014494,0.3749775524050854,1.3610838723703476
454,646,9523a52edd5e2cb2,Consolidation,off,0.1410951761374988,0.0,0.306843164661115,0.4692292232955874,1.488875753765574
454,646,9523a52edd5e2cb2,Consolidation,on,0.1410951761374988,0.0,0.3232428877698514,0.4885616803433884,1.3021355879154972
455,655,57cc42476bc58a45,Consolidation,off,0.1305400835246017,1.0,0.3450366949348368,0.5087398014869011,3.1284881570272383
455,655,57cc42476bc58a45,Consolidation,on,0.1305400835246017,1.0,0.1788328674397022,0.303399806869065,2.9181960531862616
456,663,318d6d46d9b1cbfe,Consolidation,off,0.1187715938384768,1.0,0.1472328999434708,0.2548734757634076,0.725301303921156
456,663,318d6d46d9b1cbfe,Consolidation,on,0.1187715938384768,1.0,0.2997436049951564,0.4612229659350104,0.6468247698291217
457,664,a77657cf1d66efeb,Consolidation,off,0.1674146845411263,1.0,0.3606981977991397,0.5299812986792969,1.8060666389259568
457,664,a77657cf1d66efeb,Consolidation,on,0.1674146845411263,1.0,0.34269460120978,0.510453966066961,1.6744795364395484
458,665,f882c58f4f53f944,Consolidation,off,0.1730187272488048,1.0,0.5491946093630864,0.7021712137267111,2.229200483193429
458,665,f882c58f4f53f944,Consolidation,on,0.1730187272488048,1.0,0.688230520389556,0.8153271849072787,1.8211749704504168
459,666,3a2942da2da9a581,Consolidation,off,0.1647783479282097,1.0,0.4165261845445136,0.5824503438341287,1.756124415365273
459,666,3a2942da2da9a581,Consolidation,on,0.1647783479282097,1.0,0.5658883200330905,0.7227686923413129,1.4394920625765817
460,672,b981be74894de22a,Consolidation,off,0.1179724086175557,1.0,0.4192506813962208,0.5877199742000941,1.304847534429625
460,672,b981be74894de22a,Consolidation,on,0.1179724086175557,1.0,0.476495425406284,0.6454407160256033,1.1111129847186696
461,697,6c78ef6d944d3f83,Consolidation,off,0.1421867461953423,1.0,0.3803828274397146,0.5504024994881532,1.4319663101281732
461,697,6c78ef6d944d3f83,Consolidation,on,0.1421867461953423,1.0,0.4291417601164341,0.6005583435005313,1.1342574545574615
462,700,e54914530f4e5858,Consolidation,off,0.144589174938721,0.0,0.2178217570797659,0.3575146450411719,2.082947704532464
462,700,e54914530f4e5858,Consolidation,on,0.144589174938721,0.0,0.1705588397947177,0.2914103867988357,2.5061248589734557
463,702,25a61b8420e7fe65,Consolidation,off,0.1426058311282643,0.0,0.2866197674219096,0.4424958303996405,1.215524565306936
463,702,25a61b8420e7fe65,Consolidation,on,0.1426058311282643,0.0,0.360925412126779,0.5304099275942166,1.1831008982036724
464,708,96f41434652764ac,Consolidation,off,0.1436389242187233,1.0,0.5621554010459302,0.7190932447050964,2.779554973520243
464,708,96f41434652764ac,Consolidation,on,0.1436389242187233,1.0,0.4429097114535888,0.6138979914315266,3.292395521006086
465,713,9febde28b37da9ca,Consolidation,off,0.1065157960908147,1.0,0.1911790798867812,0.3176147035078802,0.8191023798798013
465,713,9febde28b37da9ca,Consolidation,on,0.1065157960908147,1.0,0.43284072339141,0.6041660885150002,0.8977325908579522
466,723,16b3c75128d0e2b7,Consolidation,off,0.1278306507024545,0.0,0.3556058930976115,0.5149471971676384,1.1137602396422344
466,723,16b3c75128d0e2b7,Consolidation,on,0.1278306507024545,0.0,0.3819571635276789,0.5458395452958509,1.137776290653693
467,726,34b6451794687173,Consolidation,off,0.1599198865546832,1.0,0.5916249400670771,0.7417748782027201,2.4011577752563893
467,726,34b6451794687173,Consolidation,on,0.1599198865546832,1.0,0.5564945725593052,0.7150488208377915,2.6785122632250395
468,746,1858786fb0104114,Consolidation,off,0.1427179119824179,1.0,0.5652292827947649,0.7208670905129422,2.546293948514156
468,746,1858786fb0104114,Consolidation,on,0.1427179119824179,1.0,0.5255443672313465,0.6889895891428799,2.739504764984812
469,747,9edfec1897db1848,Consolidation,off,0.1468161727799463,1.0,0.5877224097350577,0.7287861906483671,3.14619497630653
469,747,9edfec1897db1848,Consolidation,on,0.1468161727799463,1.0,0.3000395338667277,0.4615608977641864,2.982414189199595
470,753,4234a6fc45a40e5f,Consolidation,off,0.146996476762715,1.0,0.2797137979867812,0.4308324281473095,3.2189770659325103
470,753,4234a6fc45a40e5f,Consolidation,on,0.146996476762715,1.0,0.1251506956388581,0.2224544449420419,2.654607391671431
471,767,8d02fb4e96fdfef7,Consolidation,off,0.1408125374618072,1.0,0.2700370347524884,0.4191940871266921,3.418435428493891
471,767,8d02fb4e96fdfef7,Consolidation,on,0.1408125374618072,1.0,0.1447821035704786,0.2529381507572655,2.73297512921575
472,771,62f1a81c8f18443c,Consolidation,off,0.1208085415357026,1.0,0.3157703006623731,0.4731421414513657,0.9296972859460968
472,771,62f1a81c8f18443c,Consolidation,on,0.1208085415357026,1.0,0.391831585993463,0.563026778564781,0.8247165427473281
473,781,401672585661dd1d,Consolidation,off,0.1660550950494374,1.0,0.3820408948720087,0.5464930542106787,1.6482168225335665
473,781,401672585661dd1d,Consolidation,on,0.1660550950494374,1.0,0.5110356366201286,0.6763893519666221,1.07527139565146
474,795,5029aee0e9c572fa,Consolidation,off,0.1359833145719729,1.0,0.5131570669493528,0.6776239757061693,1.0948675423052656
474,795,5029aee0e9c572fa,Consolidation,on,0.1359833145719729,1.0,0.3890008898494446,0.5601049089700464,1.275507520436122
475,805,2e8aac35ec38a7ab,Consolidation,off,0.1679555964894327,1.0,0.3971575340729781,0.5602783021269776,1.7387099321125123
475,805,2e8aac35ec38a7ab,Consolidation,on,0.1679555964894327,1.0,0.5759303111933417,0.730904699022662,1.3630806932249893
476,809,a261584c8fbb576f,Consolidation,off,0.177219322739256,1.0,0.3350856487174311,0.4920205523667008,1.6390283742839284
476,809,a261584c8fbb576f,Consolidation,on,0.177219322739256,1.0,0.4878473432365478,0.6557558161925481,1.0307214211789495
477,828,412bc3003e46d430,Consolidation,off,0.108494266820656,1.0,0.3324097117495513,0.4896534667940344,3.496403205231659
477,828,412bc3003e46d430,Consolidation,on,0.108494266820656,1.0,0.1844450781009173,0.3114329661903938,3.266364466806905
478,831,d9f965aa6ea5cf7f,Consolidation,off,0.1268706538212261,1.0,0.3121643996172712,0.4693372756249429,1.5192466616366185
478,831,d9f965aa6ea5cf7f,Consolidation,on,0.1268706538212261,1.0,0.4862081693053806,0.6542758198873184,1.0368918876519475
479,834,0883fbcd6ee1ea30,Consolidation,off,0.1571276113620747,1.0,0.2419391793007523,0.3842436455359576,0.7012086183408723
479,834,0883fbcd6ee1ea30,Consolidation,on,0.1571276113620747,1.0,0.4265178863617215,0.5979613519860703,0.8802827183898808
480,839,faa9569ebbe0f9c1,Consolidation,off,0.1305790681695247,1.0,0.4914356097636178,0.6440875213539593,2.193423113198189
480,839,faa9569ebbe0f9c1,Consolidation,on,0.1305790681695247,1.0,0.6755148983597234,0.8063163328091797,3.2398922561852808
481,845,4342545b77359fb5,Consolidation,off,0.1612940952882183,1.0,0.3452861731293474,0.5055022902831763,2.891388521945617
481,845,4342545b77359fb5,Consolidation,on,0.1612940952882183,1.0,0.1613722193008171,0.2778900160803447,2.567943456773677
482,859,d8cc11c0d6fc40a9,Consolidation,off,0.1466407418777928,1.0,0.3249455684006396,0.4875005433255534,1.3535985264921535
482,859,d8cc11c0d6fc40a9,Consolidation,on,0.1466407418777928,1.0,0.4545608037926711,0.6250126976942184,1.1565980271884322
483,862,5c3c4c028b21c939,Consolidation,off,0.1552904599700793,1.0,0.5729473910512833,0.7276276668790403,2.6724020108942352
483,862,5c3c4c028b21c939,Consolidation,on,0.1552904599700793,1.0,0.5197142795032443,0.6839562084616871,3.005747977059971
484,864,bdacdcb26faebfe0,Consolidation,off,0.1291512555492205,1.0,0.5910327624198988,0.7379659915834337,3.80488321101893
484,864,bdacdcb26faebfe0,Consolidation,on,0.1291512555492205,1.0,0.2564822480719854,0.4082445622543968,3.081963858302029
485,873,fcc6cf25e734d353,Consolidation,off,0.1456758719159491,1.0,0.3348638488301837,0.4971086806936092,1.2266964696092966
485,873,fcc6cf25e734d353,Consolidation,on,0.1456758719159491,1.0,0.4712927926151179,0.6406423696803973,0.9796668246281488
486,874,2f8c1ad1a08b33f0,Consolidation,off,0.1893581665521492,1.0,0.3432265174509676,0.5106189689898558,1.9578081369101052
486,874,2f8c1ad1a08b33f0,Consolidation,on,0.1893581665521492,1.0,0.358017219665986,0.5272639525956421,2.060702268611247
487,875,13914e356156cdbc,Consolidation,off,0.1526346310347012,1.0,0.3951962824158543,0.5638533219053482,1.938357477435216
487,875,13914e356156cdbc,Consolidation,on,0.1526346310347012,1.0,0.4905525933864658,0.6582077418641197,2.1124224544407717
488,876,8f6bc0764cb909a2,Consolidation,off,0.117100127187404,1.0,0.3497374187678573,0.518138165192868,2.2854094827642184
488,876,8f6bc0764cb909a2,Consolidation,on,0.117100127187404,1.0,0.2891659520436496,0.4486029225396201,3.092827928396117
489,883,2a297ecb96cbdf5e,Consolidation,off,0.1289368400021441,1.0,0.4728905174368816,0.6417489139745556,1.862990925761264
489,883,2a297ecb96cbdf5e,Consolidation,on,0.1289368400021441,1.0,0.4037991084307363,0.5752900743596465,1.3430527589539163
490,885,ecc8fa1a45887b14,Consolidation,off,0.1808205293140164,1.0,0.476660301643412,0.6421724566842538,1.680913675907105
490,885,ecc8fa1a45887b14,Consolidation,on,0.1808205293140164,1.0,0.552337168454816,0.7116200613059618,1.563968171227253
491,886,0e6c4727d672f341,Consolidation,off,0.1830524002358571,1.0,0.4219703915517273,0.5925861952971176,1.6092590146180388
491,886,0e6c4727d672f341,Consolidation,on,0.1830524002358571,1.0,0.4381691531957886,0.6093404955076316,1.2726916318568542
492,899,1e0761e8352e8e7a,Consolidation,off,0.1438143551208767,1.0,0.4958540805304637,0.6584934159956839,2.274538427362607
492,899,1e0761e8352e8e7a,Consolidation,on,0.1438143551208767,1.0,0.6655125511553365,0.7991682715737539,2.4655313481860373
493,923,9e0f921c7684ff3a,Consolidation,off,0.1460754645264096,1.0,0.4050782064983563,0.57031663440463,2.7255520990271367
493,923,9e0f921c7684ff3a,Consolidation,on,0.1460754645264096,1.0,0.2803852600952577,0.4379561610359969,2.923374297944222
494,931,51a3708674a10295,Consolidation,off,0.1480588083368663,1.0,0.5593093399162831,0.7130478408958963,3.243850002275947
494,931,51a3708674a10295,Consolidation,on,0.1480588083368663,1.0,0.3676216296579507,0.5375953375136477,3.0836856709710894
495,935,ba3866d683193aa0,Consolidation,off,0.1785350545054067,0.0,0.1697261407247783,0.2892694270651942,2.044960910643297
495,935,ba3866d683193aa0,Consolidation,on,0.1785350545054067,0.0,0.1509594649624043,0.2623171702152394,2.169078448416032
496,942,82c85fc4dd874b40,Consolidation,off,0.1311638378433694,1.0,0.522835885546937,0.6827231750816101,2.276777228914629
496,942,82c85fc4dd874b40,Consolidation,on,0.1311638378433694,1.0,0.6095607430672836,0.7574192117876416,2.596547701221099
497,946,a677aa1f5b36b700,Consolidation,off,0.1187959592415537,1.0,0.1792789065520903,0.3015561525845761,1.0237530312693242
497,946,a677aa1f5b36b700,Consolidation,on,0.1187959592415537,1.0,0.2907099122645241,0.4504650496243821,0.564486320146753
498,948,86e3166f932d743b,Consolidation,off,0.1412170031528831,1.0,0.2620407302630423,0.4110811313848755,1.0079894268044889
498,948,86e3166f932d743b,Consolidation,on,0.1412170031528831,1.0,0.4598968194604939,0.630036143183819,0.933398308773744
499,958,18a81f0eb7e51290,Consolidation,off,0.1588819203836089,1.0,0.2080455750107816,0.3443894395471042,0.9366030400749804
499,958,18a81f0eb7e51290,Consolidation,on,0.1588819203836089,1.0,0.2149347987972475,0.3538209626266044,0.8036783755940607
500,964,8397370f06feee51,Consolidation,off,0.1327329698015194,1.0,0.3320571347583847,0.4957589045404502,0.9481898357985932
500,964,8397370f06feee51,Consolidation,on,0.1327329698015194,1.0,0.4018725360784952,0.5733363642705938,0.8196564282961092
501,965,8377ec046dff9195,Consolidation,off,0.1159257147590992,1.0,0.512143004689308,0.6751365819936408,3.627766816880981
501,965,8377ec046dff9195,Consolidation,on,0.1159257147590992,1.0,0.238993862990143,0.3857786731070661,3.233987445037131
502,968,82dc03895b02069c,Consolidation,off,0.150631794901783,1.0,0.4361471838001494,0.5990078535028247,2.8519625969415903
502,968,82dc03895b02069c,Consolidation,on,0.150631794901783,1.0,0.2833749267706752,0.4415964165416032,2.877475304833211
503,986,704c28a31e97e69f,Consolidation,off,0.1534922932230067,1.0,0.6315019566549745,0.7724593500576147,2.249006078152654
503,986,704c28a31e97e69f,Consolidation,on,0.1534922932230067,1.0,0.6811431207147548,0.8103315482800368,2.618148296232582
504,990,5d20a85044d09721,Consolidation,off,0.1408369028648841,1.0,0.2497622539088942,0.3937295054895675,3.104007696907458
504,990,5d20a85044d09721,Consolidation,on,0.1408369028648841,1.0,0.1674457893146198,0.2868515658434613,2.777131618301208
505,993,80ce437091158308,Consolidation,off,0.1760010525854129,1.0,0.2980649582565516,0.4540171829387144,1.0456869074346675
505,993,80ce437091158308,Consolidation,on,0.1760010525854129,1.0,0.4121749166702969,0.5837399547243457,0.7903507251743238
506,1009,433b8e95e8312da9,Consolidation,off,0.1239224400489257,1.0,0.3807001827584789,0.5482557739020943,1.279951792117267
506,1009,433b8e95e8312da9,Consolidation,on,0.1239224400489257,1.0,0.3577496026579647,0.5269475483497192,1.2610550499964637
507,1015,3c0096e17cc2688d,Consolidation,off,0.1982564117558196,1.0,0.300445776758027,0.4539929706651104,1.1656211155530989
507,1015,3c0096e17cc2688d,Consolidation,on,0.1982564117558196,1.0,0.3674918794987014,0.5374558167452129,0.7085206165905654
508,1030,838d7b8777c24cdc,Consolidation,off,0.1196536214298593,1.0,0.3578503198534691,0.5258762662889618,1.895563642021111
508,1030,838d7b8777c24cdc,Consolidation,on,0.1196536214298593,1.0,0.4437161029568573,0.6146856310269104,2.166135236584455
509,1033,cdc87877c8b61123,Consolidation,off,0.1285421204722989,1.0,0.5452734262594514,0.6952205784045388,4.141853823707314
509,1033,cdc87877c8b61123,Consolidation,on,0.1285421204722989,1.0,0.2312806403355485,0.3756674967615366,3.033986838066021
510,1037,4843d8df6c691692,Consolidation,off,0.1584969470149944,1.0,0.4398629653949147,0.6080841712213199,1.5159733609457895
510,1037,4843d8df6c691692,Consolidation,on,0.1584969470149944,1.0,0.5257781936741738,0.6891933902242006,1.2398432493565943
511,1063,4e355df0db0e824f,Consolidation,off,0.1533363546433148,0.0,0.3871794337818214,0.557918912897164,2.270804610654295
511,1063,4e355df0db0e824f,Consolidation,on,0.1533363546433148,0.0,0.3110878978599659,0.4745346667346813,2.748614693959563
512,1072,2b4752466d7dbab3,Consolidation,off,0.1503247908230146,1.0,0.5447127971168825,0.7003189928039453,2.2790229151419354
512,1072,2b4752466d7dbab3,Consolidation,on,0.1503247908230146,1.0,0.6622184137026054,0.7967883167255725,2.2692732950745222
513,1073,77a9f576918dc347,Consolidation,off,0.1454906948525649,1.0,0.5892298965259454,0.7401966110047903,2.214217150030977
513,1073,77a9f576918dc347,Consolidation,on,0.1454906948525649,1.0,0.6418029443304903,0.781826816094723,2.1568106484979874
514,1074,6499d2e766d3c4db,Consolidation,off,0.1754650137177219,1.0,0.2819003092849145,0.4285687378029726,1.676317820603558
514,1074,6499d2e766d3c4db,Consolidation,on,0.1754650137177219,1.0,0.512016724248894,0.6772390017277695,1.088817338026216
515,1076,8807b14d7d5f1828,Consolidation,off,0.171137718131271,1.0,0.6076199431632763,0.7556044024553075,2.606255029430739
515,1076,8807b14d7d5f1828,Consolidation,on,0.171137718131271,1.0,0.5533869405884001,0.7124840837192438,2.9732537739744638
516,1098,d1599ddf61852654,Consolidation,off,0.1938706392019843,1.0,0.341176088480437,0.4972279336729965,1.3434893498118223
516,1098,d1599ddf61852654,Consolidation,on,0.1938706392019843,1.0,0.4327887492749566,0.6041031976702667,0.9103260905990684
517,1121,3802c59c7fb1822d,Consolidation,off,0.127275119512302,1.0,0.232001855959386,0.3765483828896411,2.154085505894953
517,1121,3802c59c7fb1822d,Consolidation,on,0.127275119512302,1.0,0.1909937561445282,0.3207252518254327,2.895523096487283
518,1123,c32e7ffef11280ca,Consolidation,off,0.1140739441252576,1.0,0.4829269653032527,0.6472802824341854,3.2890126391941013
518,1123,c32e7ffef11280ca,Consolidation,on,0.1140739441252576,1.0,0.2617198715181162,0.4148483478453927,3.3251049447228573
519,1131,252929b7917291e3,Consolidation,off,0.1517574765239341,1.0,0.523905941833446,0.680961659706772,2.8479972967274456
519,1131,252929b7917291e3,Consolidation,on,0.1517574765239341,1.0,0.4053989172224844,0.5768986464586995,3.1475780115005025
520,1137,48f46950c6af780a,Consolidation,off,0.1623320614592927,1.0,0.451595043582996,0.6206657159200798,1.4586034120816551
520,1137,48f46950c6af780a,Consolidation,on,0.1623320614592927,1.0,0.5017994869048817,0.6682636810149292,1.1639165815043475
521,1156,41875f28d1a6bb51,Consolidation,off,0.206067959982262,1.0,0.3844716927632977,0.5501310187209663,1.0673539990028231
521,1156,41875f28d1a6bb51,Consolidation,on,0.206067959982262,1.0,0.4163240458279967,0.5878838290170217,0.8020315338003459
522,4,b4cdf6d04b4a2062,Atelectasis,off,0.1448523212919511,1.0,0.287718544775491,0.4461946200842969,1.5297987882550543
522,4,b4cdf6d04b4a2062,Atelectasis,on,0.1448523212919511,1.0,0.3340267035642257,0.50077572175113,1.6501262916074628
523,186,377c879691fc477e,Atelectasis,off,0.1704506137645035,1.0,0.529168569402733,0.6884249237023173,2.1644984369122446
523,186,377c879691fc477e,Atelectasis,on,0.1704506137645035,1.0,0.532263708270675,0.6947362234612364,1.9507452819753
524,205,defa3fe8fbd3bc01,Atelectasis,off,0.1565379686076146,1.0,0.4284801219518878,0.5944434939256684,1.8407191818168456
524,205,defa3fe8fbd3bc01,Atelectasis,on,0.1565379686076146,1.0,0.5709535141108731,0.7268869867459866,1.3967951708855004
525,286,b1c55e29c4405de2,Atelectasis,off,0.1635162200488282,1.0,0.5568619245754227,0.7150524373044898,2.057434154329487
525,286,b1c55e29c4405de2,Atelectasis,on,0.1635162200488282,1.0,0.5264748280324791,0.6897885851763801,1.7467287458496097
526,347,0d910e15cf3df18e,Atelectasis,off,0.1853719866087744,1.0,0.3629288549418441,0.5279976725639361,1.3231565885033134
526,347,0d910e15cf3df18e,Atelectasis,on,0.1853719866087744,1.0,0.4466950348568755,0.6175337838667584,0.8804853367451301
527,434,08de60a4a7687ffe,Atelectasis,off,0.1744221744660322,1.0,0.6288375174684153,0.7694827206193006,2.671552009502978
527,434,08de60a4a7687ffe,Atelectasis,on,0.1744221744660322,1.0,0.508195970235161,0.6738927450815384,3.114277395098803
528,445,06ba8137b7b55507,Atelectasis,off,0.1784863236992529,0.0,0.1611108007445891,0.2773173804339361,0.9503764495475306
528,445,06ba8137b7b55507,Atelectasis,on,0.1784863236992529,0.0,0.1762791110351936,0.2997230951935538,0.6489252913534317
529,451,3f66ef83bae0f84d,Atelectasis,off,0.1031679897080537,1.0,0.2532567419419755,0.4001704048563767,0.7986919279300806
529,451,3f66ef83bae0f84d,Atelectasis,on,0.1031679897080537,1.0,0.1933125632745988,0.3239628282509402,0.7183182415883694
530,460,0d8a5ccd0a4db0f8,Atelectasis,off,0.1594374515737613,1.0,0.1659932455793005,0.2820296685648837,1.112481671604978
530,460,0d8a5ccd0a4db0f8,Atelectasis,on,0.1594374515737613,1.0,0.3063403816595037,0.4689951766449171,0.866574776734134
531,470,92fcdf6ded710162,Atelectasis,off,0.1542573668796203,1.0,0.2673577831203392,0.4214083174713484,1.651643418676493
531,470,92fcdf6ded710162,Atelectasis,on,0.1542573668796203,1.0,0.2845629987652279,0.4430479282534955,1.826944560354974
532,478,51426c9cde48119b,Atelectasis,off,0.1673562075737419,1.0,0.2425236989303279,0.3797541284527486,1.454595564384248
532,478,51426c9cde48119b,Atelectasis,on,0.1673562075737419,1.0,0.5043448249216246,0.6704978412285341,1.0572029409368575
533,494,1db4456ab63d12f3,Atelectasis,off,0.153560516351622,1.0,0.6274506655327485,0.7701379330663116,3.025381722518695
533,494,1db4456ab63d12f3,Atelectasis,on,0.153560516351622,1.0,0.4350482162458385,0.6062971465738903,3.207644803971354
534,499,c8db963e82f7c785,Atelectasis,off,0.1802747442850947,1.0,0.5003650454731787,0.6523523223897169,2.334915999777784
534,499,c8db963e82f7c785,Atelectasis,on,0.1802747442850947,1.0,0.6528298696541992,0.7899513902264289,2.2638000637964035
535,508,b6cd6a1cabc0249f,Atelectasis,off,0.1693492975454293,1.0,0.3420796444216294,0.5026824907872208,1.3757142667038624
535,508,b6cd6a1cabc0249f,Atelectasis,on,0.1693492975454293,1.0,0.4734178215681172,0.6426049267495257,0.977182354123054
536,512,ecc77d5112e864b4,Atelectasis,off,0.1270899424489179,1.0,0.2082756624344357,0.3433133058166951,1.1045242269266144
536,512,ecc77d5112e864b4,Atelectasis,on,0.1270899424489179,1.0,0.355060387072999,0.524020526035966,0.7492152052442528
537,518,1c10dc1ba26ea979,Atelectasis,off,0.1252089333313841,1.0,0.6287983706017123,0.7705482385249693,2.549764149700253
537,518,1c10dc1ba26ea979,Atelectasis,on,0.1252089333313841,1.0,0.5971724437799298,0.7477782429196056,2.981870490412613
538,565,86181433d554299d,Atelectasis,off,0.1976277843564366,1.0,0.4843837862054928,0.6519367503620929,1.830580510826786
538,565,86181433d554299d,Atelectasis,on,0.1976277843564366,1.0,0.5185068738325254,0.682909302614085,1.7037554974418627
539,587,167f02788875e917,Atelectasis,off,0.1506025564180908,1.0,0.2830346477665421,0.4401386557164494,1.5168487160605173
539,587,167f02788875e917,Atelectasis,on,0.1506025564180908,1.0,0.2458158192559219,0.3946251204203505,1.25387534205123
540,588,c0e12f25e6c003f9,Atelectasis,off,0.1547008172156192,1.0,0.3728129303726646,0.5354858860212802,1.6090313751317729
540,588,c0e12f25e6c003f9,Atelectasis,on,0.1547008172156192,1.0,0.5547056076820024,0.713582100609454,1.2810790884606893
541,592,e7b6ae7af6d75ad6,Atelectasis,off,0.1424693848710339,1.0,0.4889158494595929,0.6517638135243355,2.240058694349668
541,592,e7b6ae7af6d75ad6,Atelectasis,on,0.1424693848710339,1.0,0.5897016736549668,0.7418970064927206,2.75660568088735
542,597,11d809a52453db0a,Atelectasis,off,0.1337027128439785,1.0,0.2239248444790693,0.3644890487827185,0.8387378218965883
542,597,11d809a52453db0a,Atelectasis,on,0.1337027128439785,1.0,0.3035509314971706,0.4657275740313465,0.6259348050506852
543,603,1f38204277c319ea,Atelectasis,off,0.1250237562679999,1.0,0.4377466315561334,0.6075311509596956,1.5612532898363305
543,603,1f38204277c319ea,Atelectasis,on,0.1250237562679999,1.0,0.2252539961497339,0.3676797820324197,1.1628929025742134
544,606,869cfbde90c5be3f,Atelectasis,off,0.1115789268501868,1.0,0.3656326516256429,0.5267772820114114,4.407640908723324
544,606,869cfbde90c5be3f,Atelectasis,on,0.1115789268501868,1.0,0.1249461400027307,0.2221340032960004,3.0788470962328875
545,612,0a51eadd62ea7d37,Atelectasis,off,0.1319678961449059,1.0,0.5347068122484797,0.6921171410647098,2.051113896606324
545,612,0a51eadd62ea7d37,Atelectasis,on,0.1319678961449059,1.0,0.6434742752720621,0.7830649292672545,2.0210045861686745
546,621,9a42d6a21dfeba0c,Atelectasis,off,0.1315146996476762,0.0,0.153691550098092,0.2647371562599875,2.530647241435054
546,621,9a42d6a21dfeba0c,Atelectasis,on,0.1315146996476762,0.0,0.1046086856686406,0.1894021158781996,2.7705128894555533
547,634,5b3115c94b2fd4f5,Atelectasis,off,0.1197462099615514,1.0,0.4345308718212012,0.6056609804525888,1.7931878536963288
547,634,5b3115c94b2fd4f5,Atelectasis,on,0.1197462099615514,1.0,0.3528174095931974,0.5216036684232562,1.8733435266177865
548,678,8839052d4b213766,Atelectasis,off,0.1780769849275616,1.0,0.325514942766992,0.4881734950459678,1.4110281160944511
548,678,8839052d4b213766,Atelectasis,on,0.1780769849275616,1.0,0.4400121402736645,0.6111216947087221,1.028682526892404
549,683,f0f9f475b6f58c7a,Atelectasis,off,0.1359150914433577,1.0,0.2335635847760521,0.377607125170308,0.5292894205486506
549,683,f0f9f475b6f58c7a,Atelectasis,on,0.1359150914433577,1.0,0.3034453171568541,0.4656049439386668,0.6029628572087837
550,695,3ea211b9320b58ab,Atelectasis,off,0.142274461646419,1.0,0.4427738161223867,0.613610333310133,2.6189710503361763
550,695,3ea211b9320b58ab,Atelectasis,on,0.142274461646419,1.0,0.3442473584760486,0.5121712795426074,3.0475539874902253
551,748,a541f9ed0bf11bb3,Atelectasis,off,0.1667373263355895,1.0,0.4370891956307094,0.6060716109271775,2.2675262051225227
551,748,a541f9ed0bf11bb3,Atelectasis,on,0.1667373263355895,1.0,0.3024562078404983,0.4644358499400124,1.975265684968883
552,752,f0176f93c5b15c7a,Atelectasis,off,0.1199167677830894,1.0,0.5129104734882933,0.6769132625184988,2.3999332016070394
552,752,f0176f93c5b15c7a,Atelectasis,on,0.1199167677830894,1.0,0.4750040725609323,0.64406304011781,2.995450155227421
553,762,9ccf55673ed4000d,Atelectasis,off,0.1277867929769162,1.0,0.6025062957580498,0.7512991315225733,3.3756194223869143
553,762,9ccf55673ed4000d,Atelectasis,on,0.1277867929769162,1.0,0.347637734945865,0.5159103909434053,3.3046469803674223
554,787,ae3f08592ef8ad5e,Atelectasis,off,0.1968188529742847,0.0,0.2407083561881724,0.3877234838682374,1.7959629165753204
554,787,ae3f08592ef8ad5e,Atelectasis,on,0.1968188529742847,0.0,0.2273353400425173,0.3704502072334266,2.009672899309512
555,789,318d8e445e8ecf5e,Atelectasis,off,0.0892407253093187,1.0,0.1355315373841902,0.2386563882531167,0.6091352424643238
555,789,318d8e445e8ecf5e,Atelectasis,on,0.0892407253093187,1.0,0.1412374477144086,0.2475152678400767,0.3187170016780433
556,797,a9dfbf9d846f90fd,Atelectasis,off,0.1425473541608798,1.0,0.2649918255387409,0.4167750578591548,1.0304413040723024
556,797,a9dfbf9d846f90fd,Atelectasis,on,0.1425473541608798,1.0,0.3277658495047436,0.493708190852944,0.8107491255354575
557,803,984b40c082cd3573,Atelectasis,off,0.1448084635664127,1.0,0.5084635512543179,0.6640162596157368,2.3940161399687385
557,803,984b40c082cd3573,Atelectasis,on,0.1448084635664127,1.0,0.759462431218683,0.8632888894753743,2.5939160922494744
558,824,385b8a59b4f6e451,Atelectasis,off,0.1601489213436057,1.0,0.3650757924535263,0.52716174895527,1.2672847702505514
558,824,385b8a59b4f6e451,Atelectasis,on,0.1601489213436057,1.0,0.4780612821350849,0.6468641773111875,0.995992465645809
559,837,0e7903057b618889,Atelectasis,off,0.1411731454273448,1.0,0.38481383893547,0.5539746983599183,1.9889218050236328
559,837,0e7903057b618889,Atelectasis,on,0.1411731454273448,1.0,0.4996746628365708,0.6663734503152561,2.53464256078276
560,841,77941632e67bb3a4,Atelectasis,off,0.1581168467269954,1.0,0.229317463915469,0.371373263590003,1.568022742665688
560,841,77941632e67bb3a4,Atelectasis,on,0.1581168467269954,1.0,0.1987637159924457,0.331611762927354,1.3596651281689796
561,847,ca5639aa02e0db66,Atelectasis,off,0.1237518822273876,1.0,0.1541633840057035,0.26683545797429,0.7086794325986048
561,847,ca5639aa02e0db66,Atelectasis,on,0.1237518822273876,1.0,0.0863637057746974,0.158992057912099,0.6126323167785913
562,852,dac1670e41cf55a3,Atelectasis,off,0.1851185864167751,1.0,0.3788919160215657,0.5417248075370245,0.930223877454127
562,852,dac1670e41cf55a3,Atelectasis,on,0.1851185864167751,1.0,0.4562703560520994,0.6266245777865285,0.9196847554482968
563,869,09c4bd6ce78609be,Atelectasis,off,0.1613720645780643,1.0,0.3416989621378263,0.5007990742814312,1.857925214480342
563,869,09c4bd6ce78609be,Atelectasis,on,0.1613720645780643,1.0,0.5510342386370073,0.7105367913851017,1.8113940608684331
564,897,02cb75ca53972049,Atelectasis,off,0.1659868719208221,1.0,0.5985034009612649,0.7475551103535292,2.3558782647719063
564,897,02cb75ca53972049,Atelectasis,on,0.1659868719208221,1.0,0.5628018879803867,0.7202376869007404,2.273153993999568
565,920,5d253bd0d0de6db4,Atelectasis,off,0.1497302749879391,1.0,0.3619948739364399,0.5221854582337089,1.5552498896160012
565,920,5d253bd0d0de6db4,Atelectasis,on,0.1497302749879391,1.0,0.5643614941234154,0.7215220193016105,1.2933488972935725
566,927,2d5108c8eff2ee69,Atelectasis,off,0.1788469316647905,1.0,0.5186738501288343,0.6812386529762609,2.1766368412114847
566,927,2d5108c8eff2ee69,Atelectasis,on,0.1788469316647905,1.0,0.519236367311881,0.6835435504708014,2.169373589515636
567,960,531cd21c479c115f,Atelectasis,off,0.1456709988353337,1.0,0.2822922962613302,0.4401865128945837,1.2829367749251428
567,960,531cd21c479c115f,Atelectasis,on,0.1456709988353337,1.0,0.3254912952362563,0.4910919627418064,0.7934125983874865
568,961,4eaaeffa43a63aa2,Atelectasis,off,0.1466651072808697,1.0,0.4700391180900274,0.6379655569320493,2.3844758824208454
568,961,4eaaeffa43a63aa2,Atelectasis,on,0.1466651072808697,1.0,0.3095498185654654,0.4727428356074157,2.707509563269611
569,1006,aa5d7467210b16f2,Atelectasis,off,0.1731454273448045,1.0,0.2956488613751387,0.4548653680764404,1.0994903493539228
569,1006,aa5d7467210b16f2,Atelectasis,on,0.1731454273448045,1.0,0.3258553258768927,0.4915377228048179,0.689310965776444
570,1011,25a9407a69b30806,Atelectasis,off,0.1444381094396444,1.0,0.4120392616003213,0.579395341953235,3.068565316888737
570,1011,25a9407a69b30806,Atelectasis,on,0.1444381094396444,1.0,0.2346279666873341,0.3800703797902284,2.846961784677112
571,1021,a177681245ed41a8,Atelectasis,off,0.126358980356612,0.0,0.3728540775359931,0.5421897007553337,2.102499250966024
571,1021,a177681245ed41a8,Atelectasis,on,0.126358980356612,0.0,0.369967662544129,0.540105133010391,2.653707727972213
572,1057,1939319edcfe6817,Atelectasis,off,0.1248921830913848,1.0,0.3017063413887826,0.4617570953143023,1.0366830559166822
572,1057,1939319edcfe6817,Atelectasis,on,0.1248921830913848,1.0,0.346903988125406,0.5151128661269928,0.8515188474825489
573,1068,6a9cebc92a2e4ea8,Atelectasis,off,0.122840616152313,1.0,0.3377627363793255,0.5005630742437999,1.17718908844464
573,1068,6a9cebc92a2e4ea8,Atelectasis,on,0.122840616152313,1.0,0.4082062602415761,0.5797510636802685,0.8832159893379887
574,1077,2252811e46d42f53,Atelectasis,off,0.157039895910998,1.0,0.4613881996543995,0.6308471173285228,1.9555786824047616
574,1077,2252811e46d42f53,Atelectasis,on,0.157039895910998,1.0,0.455150936368312,0.625566406028083,2.1776014929748806
575,1084,c0dd49da98159e6d,Atelectasis,off,0.16687377259282,0.0,0.0,0.0,-1.134224318071514
575,1084,c0dd49da98159e6d,Atelectasis,on,0.16687377259282,0.0,0.0,0.0,-0.4744393547343421
576,1088,7dbf2987649f260e,Atelectasis,off,0.1221388925436993,1.0,0.3783316095617582,0.5485969134189541,1.022161830296454
576,1088,7dbf2987649f260e,Atelectasis,on,0.1221388925436993,1.0,0.3038840345992996,0.4661127598661874,0.9958342884125202
577,1091,6562e982e1ab1185,Atelectasis,off,0.12404426706431,1.0,0.3432159466985664,0.5093598542942177,1.6240627012892883
577,1091,6562e982e1ab1185,Atelectasis,on,0.12404426706431,1.0,0.5072996277471699,0.6730952535613377,1.4960222260137506
578,1124,190bb860bd0fd26b,Atelectasis,off,0.1493989055060937,1.0,0.4715857496030356,0.6399979712843258,2.674014188292607
578,1124,190bb860bd0fd26b,Atelectasis,on,0.1493989055060937,1.0,0.3449140023957626,0.5129040876035406,2.997692742753638
579,1147,b0c764398f5f135b,Atelectasis,off,0.1211886418237016,1.0,0.5660296957450086,0.7153348144081388,2.5446118554273776
579,1147,b0c764398f5f135b,Atelectasis,on,0.1211886418237016,1.0,0.4429321666698074,0.6138510611981413,3.7386548117430474
580,1150,56305bd94b986e35,Atelectasis,off,0.1304572411541404,1.0,0.4518683087281804,0.6141408903641847,2.5893171665218526
580,1150,56305bd94b986e35,Atelectasis,on,0.1304572411541404,1.0,0.3600126778106294,0.5293844219962918,3.320263840260709
581,1151,8eb936b0cfda32f5,Atelectasis,off,0.1553196984537715,1.0,0.5354734844298821,0.6967621563349804,1.8949591702853752
581,1151,8eb936b0cfda32f5,Atelectasis,on,0.1553196984537715,1.0,0.5551193797499133,0.7139240060266622,1.534716926386975
582,1154,3fb3afa6fbb4c602,Atelectasis,off,0.1630240389066756,1.0,0.599912838829753,0.7461653002979693,2.049669387774821
582,1154,3fb3afa6fbb4c602,Atelectasis,on,0.1630240389066756,1.0,0.6855549443234741,0.8134469834630762,2.841308902417709
583,122,b2fad14eebc04be1,Edema,off,0.1324893157707508,1.0,0.1960410669969625,0.3256912410273248,0.7238003277120945
583,122,b2fad14eebc04be1,Edema,on,0.1324893157707508,1.0,0.1495003141816054,0.260105650997433,0.5454329496890189
584,393,f0c5cd1dcaab0e47,Edema,off,0.1712595451466553,1.0,0.4772413995385841,0.6436791676639461,1.7314901824591
584,393,f0c5cd1dcaab0e47,Edema,on,0.1712595451466553,1.0,0.5503894285898012,0.7099996551632667,1.3887586529600642
585,406,a12aaef70490156c,Edema,off,0.1680871696660477,1.0,0.4708331846759025,0.6339806470505007,2.4669112758894576
585,406,a12aaef70490156c,Edema,on,0.1680871696660477,1.0,0.3782029754944452,0.5488018824488445,2.927545172443834
586,409,2eed693b117c2db9,Edema,off,0.1354229103012051,1.0,0.2124737950581169,0.3469209678090176,0.2573618869152358
586,409,2eed693b117c2db9,Edema,on,0.1354229103012051,1.0,0.2831574382988365,0.441340584998524,0.5984523428213336
587,452,a986d76c581c681b,Edema,off,0.1657188524869766,1.0,0.4614606675552082,0.6310950970331504,1.5761692041876043
587,452,a986d76c581c681b,Edema,on,0.1657188524869766,1.0,0.4696238209885389,0.6391069739232689,1.2803858526149947
588,473,f15dea1ce3c9b5b4,Edema,off,0.1861370602653879,0.0,0.2749970052969628,0.4312675926305759,1.4973249107953903
588,473,f15dea1ce3c9b5b4,Edema,on,0.1861370602653879,0.0,0.2667950295998738,0.4212123859738588,1.1737045261415506
589,474,2b578ad2daf4f07c,Edema,off,0.1417627881818049,1.0,0.1844610919776037,0.3091285855555716,1.234627954387597
589,474,2b578ad2daf4f07c,Edema,on,0.1417627881818049,1.0,0.1108780488743581,0.1996221053962352,0.8544712178126802
590,487,89c88b8ef9f0c6e4,Edema,off,0.1652997675540546,1.0,0.1460292044890166,0.2538416525057808,0.4184673535024732
590,487,89c88b8ef9f0c6e4,Edema,on,0.1652997675540546,1.0,0.190117255175744,0.319473053849066,0.2226817783338991
591,491,2a30653355f7fc52,Edema,off,0.2175440648314645,1.0,0.3244183853988823,0.488515740248982,0.8223647639471662
591,491,2a30653355f7fc52,Edema,on,0.2175440648314645,1.0,0.329705056617846,0.4959046339526948,0.5238135483731633
592,523,80c6b3a0a74e5b10,Edema,off,0.1940022123785993,1.0,0.2018819257619017,0.315962111107468,0.654966762695672
592,523,80c6b3a0a74e5b10,Edema,on,0.1940022123785993,1.0,0.299275773057943,0.4441591631797769,0.5502176354299023
593,618,19480804a2bf56f8,Edema,off,0.1120954733954163,1.0,0.3178235330128334,0.4581217444864182,0.7079268674362426
593,618,19480804a2bf56f8,Edema,on,0.1120954733954163,1.0,0.18161263086795,0.307363399019554,0.5422131392816819
594,644,700255422ab49a1f,Edema,off,0.1781062234112539,1.0,0.4416990812779212,0.6126582431673864,1.7009591550180605
594,644,700255422ab49a1f,Edema,on,0.1781062234112539,1.0,0.4475255105919166,0.6183311546284707,1.3247851732805234
595,656,a9646397048bc84c,Edema,off,0.1666593570457436,1.0,0.3301137540114908,0.4869038566941886,1.1439857347054558
595,656,a9646397048bc84c,Edema,on,0.1666593570457436,1.0,0.479318830506264,0.6480142041619886,0.9798485074439756
596,657,e9184860388b2b47,Edema,off,0.1862491411195415,1.0,0.180450816067547,0.3017662490852706,1.0731896893914792
596,657,e9184860388b2b47,Edema,on,0.1862491411195415,1.0,0.2341479350161454,0.3794392606459804,0.578111910951845
597,675,66af19b43d8acd4c,Edema,off,0.1535556432710066,1.0,0.2349996038841577,0.376278973764531,0.9218838550916232
597,675,66af19b43d8acd4c,Edema,on,0.1535556432710066,1.0,0.3306086630738846,0.4969155970301681,0.6497926732559504
598,692,c44da25c2b6e6e92,Edema,off,0.154476655507312,0.0,0.1625305475925309,0.2794286849029634,0.2802089408050785
598,692,c44da25c2b6e6e92,Edema,on,0.154476655507312,0.0,0.1731302382721711,0.2951592897997915,0.3141169528888876
599,721,fabe5ef3695a5461,Edema,off,0.141124414621191,0.0,0.0412940030519369,0.0790744678882269,0.0666766491941526
599,721,fabe5ef3695a5461,Edema,on,0.141124414621191,0.0,0.0510765504097614,0.0971889629492407,0.0818136957421437
600,725,921acbdad507f01a,Edema,off,0.1810495641029389,0.0,0.1020189817029026,0.1851291627824631,0.7649535200757396
600,725,921acbdad507f01a,Edema,on,0.1810495641029389,0.0,0.0997038121096902,0.1813284288521661,0.6278977501468364
601,737,eccfc478085c5c04,Edema,off,0.1900940017250705,1.0,0.2789737422388233,0.4294964615841968,2.1943228553473046
601,737,eccfc478085c5c04,Edema,on,0.1900940017250705,1.0,0.2108172766818602,0.348216818206479,2.0876258585154632
602,741,3d480d0e3bc6eeda,Edema,off,0.1580583697596109,1.0,0.3397568797716125,0.5056889528382065,1.523818419944215
602,741,3d480d0e3bc6eeda,Edema,on,0.1580583697596109,1.0,0.374240748899208,0.544648415806557,1.515027352789439
603,744,ec4e5ae6851c1dd7,Edema,off,0.1264954266138424,1.0,0.4352420137406856,0.6057390443060608,2.948040638717742
603,744,ec4e5ae6851c1dd7,Edema,on,0.1264954266138424,1.0,0.2634153139906683,0.4169785042881326,3.1359665571869515
604,763,b816afc73b5ccdf4,Edema,off,0.1899770477903015,1.0,0.2750100484346061,0.4207421611221135,1.3897544700906472
604,763,b816afc73b5ccdf4,Edema,on,0.1899770477903015,1.0,0.3528279522457896,0.5215940190847125,0.777725604231773
605,774,46215ce72bf546e2,Edema,off,0.1652071790223625,0.0,0.0435462927186154,0.0832773868435934,0.0010892570751464
605,774,46215ce72bf546e2,Edema,on,0.1652071790223625,0.0,0.0480845077141134,0.0917568316611419,0.3702646381713705
606,775,34a1605c846fa6ff,Edema,off,0.1460852106876404,1.0,0.1973608509776868,0.3289570338143298,1.0551649428366834
606,775,34a1605c846fa6ff,Edema,on,0.1460852106876404,1.0,0.1857842460566999,0.3133175575015329,0.638154636108713
607,791,7275c8b6f51b35b8,Edema,off,0.1775214537374091,1.0,0.3027500028741819,0.4641371877038043,1.9207273065001889
607,791,7275c8b6f51b35b8,Edema,on,0.1775214537374091,1.0,0.3297769845034383,0.4959846679035892,2.450161836101868
608,846,86976ce0ce8ac118,Edema,off,0.1647637286863636,1.0,0.289767023192528,0.4485175988618774,1.2873012028447253
608,846,86976ce0ce8ac118,Edema,on,0.1647637286863636,1.0,0.311036438304845,0.4744854516596165,1.1781913526306704
609,860,01ec6fd2ecc2f08d,Edema,off,0.1413193378458059,0.0,0.155049715042621,0.2672783407346114,0.8425540767037261
609,860,01ec6fd2ecc2f08d,Edema,on,0.1413193378458059,0.0,0.1992830276468046,0.3323352545847157,0.600750341031764
610,871,34630c8127633573,Edema,off,0.1888123815232275,1.0,0.3931690546882918,0.5587628035132299,1.514493948744134
610,871,34630c8127633573,Edema,on,0.1888123815232275,1.0,0.4736131053709225,0.6427826092851778,0.9573601047103903
611,888,b50198f49cbff008,Edema,off,0.1901232402087627,0.0,0.1650753660686695,0.2813839160356621,0.7130086412979885
611,888,b50198f49cbff008,Edema,on,0.1901232402087627,0.0,0.2105924806295806,0.3479152739570679,0.3877658044814843
612,919,ec44a683d57116d1,Edema,off,0.1485704818014804,0.0,0.0426706211218723,0.0813951530700358,0.7429602775490493
612,919,ec44a683d57116d1,Edema,on,0.1485704818014804,0.0,0.0794302683406525,0.1471625737038725,0.334379528301071
613,930,1d5d7295d9c4a3f1,Edema,off,0.1799141363195571,1.0,0.23570109043316,0.3754069396690782,1.0065473298412595
613,930,1d5d7295d9c4a3f1,Edema,on,0.1799141363195571,1.0,0.3687951930509028,0.5388502241666343,0.7617693938140279
614,938,4cb2f80f7e9a2742,Edema,off,0.1502663138556301,1.0,0.1805477851669903,0.3028646474027201,1.1380638076197576
614,938,4cb2f80f7e9a2742,Edema,on,0.1502663138556301,1.0,0.3427209696215127,0.5104592885792572,0.7041461472253903
615,967,56d7a4445236725d,Edema,off,0.1734962891491114,1.0,0.3738054475085893,0.5332002222393516,1.2069127506886472
615,967,56d7a4445236725d,Edema,on,0.1734962891491114,1.0,0.4651161346526879,0.63491299689056,0.970405213849875
616,1004,50ab3732ce0f912e,Edema,off,0.1489164705251719,1.0,0.3317971572281319,0.4936904223765036,1.4263258714474822
616,1004,50ab3732ce0f912e,Edema,on,0.1489164705251719,1.0,0.3752928000167707,0.5457558719414234,0.8748059448308113
617,1013,3d2a1cae5d20b5b0,Edema,off,0.1549152327626956,1.0,0.1474466991020925,0.2524573510660629,1.0328235746048158
617,1013,3d2a1cae5d20b5b0,Edema,on,0.1549152327626956,1.0,0.3055476444760888,0.4680580489338474,0.7018150322315873
618,1015,3c0096e17cc2688d,Edema,off,0.1982564117558196,1.0,0.300445776758027,0.4539929706651104,1.1656211155530989
618,1015,3c0096e17cc2688d,Edema,on,0.1982564117558196,1.0,0.3674918794987014,0.5374558167452129,0.7085206165905654
619,1040,20d2e0e9014e2b3c,Edema,off,0.1944066780696753,1.0,0.409822830895875,0.578993282727818,1.6633969987417394
619,1040,20d2e0e9014e2b3c,Edema,on,0.1944066780696753,1.0,0.4250562409331695,0.5965399856882057,1.635609531849023
620,1045,0977ae2cf34d956a,Edema,off,0.1740518203392638,0.0,0.1906652673385198,0.3191859351770544,2.133813181955997
620,1045,0977ae2cf34d956a,Edema,on,0.1740518203392638,0.0,0.1687729086541756,0.2887999730598617,2.421456304607273
621,1083,53c1d93705bec81b,Edema,off,0.2164232562899288,1.0,0.3303328338387702,0.4873441763738899,1.3795428964732015
621,1083,53c1d93705bec81b,Edema,on,0.2164232562899288,1.0,0.3973921340892685,0.568753029137625,0.757261177634917
622,1086,b460e9f1059f3ac3,Edema,off,0.1715665492254238,1.0,0.3394835371779363,0.501035383478816,1.348168918216882
622,1086,b460e9f1059f3ac3,Edema,on,0.1715665492254238,1.0,0.4954165688107628,0.6625727963743515,1.057373125941379
623,1090,f5f0abf5e33c563a,Edema,off,0.1696270631405055,1.0,0.3447751154176338,0.5124307039407584,0.757515309177711
623,1090,f5f0abf5e33c563a,Edema,on,0.1696270631405055,1.0,0.3485517271958319,0.5169239126750316,0.680670761257257
624,1093,3c166be90502b65a,Edema,off,0.1213250880809321,1.0,0.2165432850877281,0.3478268949836055,0.5724779451297943
624,1093,3c166be90502b65a,Edema,on,0.1213250880809321,1.0,0.316860123815774,0.4812193053555563,0.6845972282503286
625,1116,3b432a10b30bb91a,Edema,off,0.1451398330482581,1.0,0.1850445967306122,0.3079765867544887,0.7434364976145067
625,1116,3b432a10b30bb91a,Edema,on,0.1451398330482581,1.0,0.1686810870219466,0.2886613883568449,0.892079999666572
626,1122,b4af76bb65a3b727,Edema,off,0.1799677402063262,1.0,0.1805882386229251,0.3056010788979368,0.9365230275285088
626,1122,b4af76bb65a3b727,Edema,on,0.1799677402063262,1.0,0.2139200590453184,0.3524429773897441,0.6149750156337346
627,1139,f716986d2b4594bf,Edema,off,0.1265733959036884,1.0,0.1637591548899353,0.2791183280536303,0.7369984117154139
627,1139,f716986d2b4594bf,Edema,on,0.1265733959036884,1.0,0.2739589946266258,0.4300855236031767,0.6017210961079641
628,1156,41875f28d1a6bb51,Edema,off,0.206067959982262,1.0,0.3844716927632977,0.5501310187209663,1.0673539990028231
628,1156,41875f28d1a6bb51,Edema,on,0.206067959982262,1.0,0.4163240458279967,0.5878838290170217,0.8020315338003459
629,2,7fdc846bf5c6595f,Cardiomegaly,off,0.1329425122679804,1.0,0.4247437014995603,0.5939441459177777,1.5310391566440744
629,2,7fdc846bf5c6595f,Cardiomegaly,on,0.1329425122679804,1.0,0.5212865810045508,0.6853228798421368,1.4135813109469362
630,10,6facf74a81a28169,Cardiomegaly,off,0.1393311209547339,1.0,0.3698427194713201,0.5356332489264523,1.7732517773273375
630,10,6facf74a81a28169,Cardiomegaly,on,0.1393311209547339,1.0,0.5869916595416229,0.7397480047115795,1.331718977179832
631,34,ecc14faa47ae7453,Cardiomegaly,off,0.1530829544513154,1.0,0.4334474488495021,0.5993106486239872,1.898913814062665
631,34,ecc14faa47ae7453,Cardiomegaly,on,0.1530829544513154,1.0,0.5711569822847223,0.7270525641663996,1.7159157050993137
632,58,9602f43496ca35c1,Cardiomegaly,off,0.1527126003245471,1.0,0.3970372462539762,0.5623248961506431,1.7918974754642634
632,58,9602f43496ca35c1,Cardiomegaly,on,0.1527126003245471,1.0,0.6319142570458991,0.7744412584003435,1.5619122962957033
633,121,283cfccc2232dcf2,Cardiomegaly,off,0.124083251709233,1.0,0.2726395820552993,0.4254574592002906,1.293384349788407
633,121,283cfccc2232dcf2,Cardiomegaly,on,0.124083251709233,1.0,0.4203787113992231,0.591912060908437,0.884046606769348
634,140,c733667e05c1cd2d,Cardiomegaly,off,0.1660843335331296,1.0,0.3315780810495706,0.4952435070582548,1.2454605930602085
634,140,c733667e05c1cd2d,Cardiomegaly,on,0.1660843335331296,1.0,0.4289692640227958,0.6003883814410482,0.8613932818559458
635,154,71b3c95f452d8a44,Cardiomegaly,off,0.1835445813780097,1.0,0.4242940357968498,0.594743348359423,1.431970343265072
635,154,71b3c95f452d8a44,Cardiomegaly,on,0.1835445813780097,1.0,0.4520921521620893,0.6226754085782014,0.9365901767196232
636,157,79fce779b6f1da93,Cardiomegaly,off,0.1240686324673869,1.0,0.3119661003629722,0.4713509165544988,1.3121913811890038
636,157,79fce779b6f1da93,Cardiomegaly,on,0.1240686324673869,1.0,0.5128803142737426,0.6780084861585487,1.1086053004377605
637,168,2ac3080c1a1a1970,Cardiomegaly,off,0.1406955835270383,1.0,0.3688643224855208,0.5328085598616338,1.572723419325817
637,168,2ac3080c1a1a1970,Cardiomegaly,on,0.1406955835270383,1.0,0.5567881946040851,0.7152962693522381,1.2218335873180666
638,183,90db5c1b12d21d6d,Cardiomegaly,off,0.1432247123664166,1.0,0.3709612036324347,0.5375332677153795,1.4954960394549688
638,183,90db5c1b12d21d6d,Cardiomegaly,on,0.1432247123664166,1.0,0.5091027405372403,0.6747044479808386,1.0869030210725985
639,211,1223e669033e37be,Cardiomegaly,off,0.1245267020452319,1.0,0.3549463007580454,0.5211635960720881,1.1681796315846238
639,211,1223e669033e37be,Cardiomegaly,on,0.1245267020452319,1.0,0.4589572066180674,0.6291562417233839,1.0934953749823857
640,213,e1ceb68cb23d7857,Cardiomegaly,off,0.1451983100156426,1.0,0.3744562628347739,0.5366025996976802,1.9657961290563288
640,213,e1ceb68cb23d7857,Cardiomegaly,on,0.1451983100156426,1.0,0.664012613033463,0.7980812373747473,1.7107615051194534
641,220,ef96461e46f8d094,Cardiomegaly,off,0.1713716260008089,1.0,0.4209926309609683,0.5893790887223174,1.706996003018607
641,220,ef96461e46f8d094,Cardiomegaly,on,0.1713716260008089,1.0,0.4940369296356859,0.6613438955634756,1.2657243868634835
642,234,e5f4624cd98d6640,Cardiomegaly,off,0.1315488112119839,1.0,0.2859223121102993,0.4404732554866115,1.154646894964218
642,234,e5f4624cd98d6640,Cardiomegaly,on,0.1315488112119839,1.0,0.495861155529661,0.6629730183937719,1.029980566437679
643,283,7a77793683be9602,Cardiomegaly,off,0.130700895184909,1.0,0.3964366374495506,0.5625376546825105,1.740654053510068
643,283,7a77793683be9602,Cardiomegaly,on,0.130700895184909,1.0,0.6284555434473622,0.7718409259212615,1.5530253213223633
644,309,6c8f5f81c8357205,Cardiomegaly,off,0.1755722214912601,1.0,0.4235109140234477,0.5931807541262327,1.3629568323977368
644,309,6c8f5f81c8357205,Cardiomegaly,on,0.1755722214912601,1.0,0.4727586341373651,0.6420028744494692,0.994245402646322
645,373,1f924d5148e24902,Cardiomegaly,off,0.1380592469141217,1.0,0.4397834101615828,0.6080085798770283,1.5838226732623757
645,373,1f924d5148e24902,Cardiomegaly,on,0.1380592469141217,1.0,0.5445351147215526,0.7051115359184729,1.3004696666751605
646,381,df722b3c373914e1,Cardiomegaly,off,0.1343215940821309,1.0,0.3770014629001652,0.5414287960296384,1.3846466391398011
646,381,df722b3c373914e1,Cardiomegaly,on,0.1343215940821309,1.0,0.5456675315912332,0.706059569909908,1.1909061122069875
647,392,affb1addb7bb42ed,Cardiomegaly,off,0.1426301965313412,1.0,0.570806327994094,0.7217957688687963,2.089313034910349
647,392,affb1addb7bb42ed,Cardiomegaly,on,0.1426301965313412,1.0,0.6430211376228916,0.7827243378594255,2.355070847069238
648,410,5ba1bc09602544c8,Cardiomegaly,off,0.1771900842555638,1.0,0.2659676806609599,0.4195360797772384,1.1059688916478632
648,410,5ba1bc09602544c8,Cardiomegaly,on,0.1771900842555638,1.0,0.2922006706280469,0.452252493861486,0.6781087284684915
649,419,eb5032a8b3f8052a,Cardiomegaly,off,0.1331228162507492,1.0,0.2748491275888285,0.4279338687815409,1.2745767376721793
649,419,eb5032a8b3f8052a,Cardiomegaly,on,0.1331228162507492,1.0,0.4515442080842274,0.6221539713611889,0.9590489594675226
650,420,5940198741acd68e,Cardiomegaly,off,0.1390874669239653,1.0,0.2704461633760115,0.4223818799097834,0.9344691106352004
650,420,5940198741acd68e,Cardiomegaly,on,0.1390874669239653,1.0,0.3349321247749158,0.5017960130424038,0.697853830530975
651,421,404e5dadeda8d710,Cardiomegaly,off,0.151167833769474,1.0,0.4093383978602473,0.5775684560844552,1.3443396084579595
651,421,404e5dadeda8d710,Cardiomegaly,on,0.151167833769474,1.0,0.4706594574729081,0.6400657825858088,1.0158072826608582
652,424,5fbe41e547784e0c,Cardiomegaly,off,0.124999390864923,1.0,0.4300925585530818,0.5965712417783999,1.4214544907035207
652,424,5fbe41e547784e0c,Cardiomegaly,on,0.124999390864923,1.0,0.5944084399755866,0.7456151631677816,1.4432663065188305
653,447,570ab29238338c71,Cardiomegaly,off,0.1485558625596343,1.0,0.3563194162193159,0.5226307247730958,1.3541893842317911
653,447,570ab29238338c71,Cardiomegaly,on,0.1485558625596343,1.0,0.4721539298544936,0.6414423697887635,1.0143037658419118
654,448,30e47bf53ecb4626,Cardiomegaly,off,0.1555974640488477,1.0,0.4779728705503897,0.6346410153138036,1.6045965449594568
654,448,30e47bf53ecb4626,Cardiomegaly,on,0.1555974640488477,1.0,0.6147982244516842,0.7614473580112893,1.386614078116349
655,461,f58f795f86d14ebd,Cardiomegaly,off,0.1729261387171128,1.0,0.2951621946341556,0.4514306084920633,1.2646525768298855
655,461,f58f795f86d14ebd,Cardiomegaly,on,0.1729261387171128,1.0,0.4031322390555839,0.5746107987674259,0.7928418162118688
656,464,57bcef4f82bf8195,Cardiomegaly,off,0.1302379525264486,1.0,0.3696383323589139,0.5362118186498841,1.2019922031822456
656,464,57bcef4f82bf8195,Cardiomegaly,on,0.1302379525264486,1.0,0.4479140353933572,0.6187005829846426,1.0083461154698512
657,465,996f10d9aa33dbb7,Cardiomegaly,off,0.1514504724451656,1.0,0.3146815533163085,0.4770446501085189,1.046162753398816
657,465,996f10d9aa33dbb7,Cardiomegaly,on,0.1514504724451656,1.0,0.3975948102859129,0.5689689974625516,0.8212441592803412
658,466,efc98b588af63774,Cardiomegaly,off,0.1535946279159296,1.0,0.4090402349000206,0.579455521753429,1.511395097682939
658,466,efc98b588af63774,Cardiomegaly,on,0.1535946279159296,1.0,0.4767025468324412,0.6456304824541811,1.1040523666332842
659,468,62f30234391874f1,Cardiomegaly,off,0.1347455520956683,1.0,0.6261320711416536,0.7687881640513342,2.5571295162476404
659,468,62f30234391874f1,Cardiomegaly,on,0.1347455520956683,1.0,0.6394918389184234,0.780100405223798,3.689491435784024
660,469,701deb57a48ea40e,Cardiomegaly,off,0.1803478404943252,1.0,0.2753552792833539,0.4303203751651776,0.8647954027525552
660,469,701deb57a48ea40e,Cardiomegaly,on,0.1803478404943252,1.0,0.3367472099226786,0.5038281692165565,0.6022447255156281
661,471,2cbf5e21fd5120c6,Cardiomegaly,off,0.1675657500402029,1.0,0.4373584032113884,0.6052975212047007,1.637299174946426
661,471,2cbf5e21fd5120c6,Cardiomegaly,on,0.1675657500402029,1.0,0.5115580624903046,0.6768619185307293,1.4262331278703426
662,472,ecf3e07abdbb2152,Cardiomegaly,off,0.1601148097792981,1.0,0.352071699901218,0.5182580237552505,1.257396956259832
662,472,ecf3e07abdbb2152,Cardiomegaly,on,0.1601148097792981,1.0,0.4439819535142305,0.6149397098699547,0.870582430603174
663,475,79a1d67e9168770a,Cardiomegaly,off,0.1573030422642281,1.0,0.4388739093616407,0.6001882977436541,1.8322180153708327
663,475,79a1d67e9168770a,Cardiomegaly,on,0.1573030422642281,1.0,0.6282852975503623,0.7717119789900752,1.524904341814618
664,476,2004e3665e3f10dc,Cardiomegaly,off,0.1488238819934798,1.0,0.4204252052768077,0.5789971552571292,1.315909442576576
664,476,2004e3665e3f10dc,Cardiomegaly,on,0.1488238819934798,1.0,0.5012770008074637,0.6677719176396325,1.0805672877445662
665,477,47f95af5fe0a0150,Cardiomegaly,off,0.15438406697562,1.0,0.3838422934602746,0.5496901016321432,1.6167385022112395
665,477,47f95af5fe0a0150,Cardiomegaly,on,0.15438406697562,1.0,0.5669418940435892,0.7236242049922602,1.2247278102105443
666,479,3291160dec18f107,Cardiomegaly,off,0.160714198694989,1.0,0.3680606584260894,0.5342426204530303,1.4008820091741174
666,479,3291160dec18f107,Cardiomegaly,on,0.160714198694989,1.0,0.4619099230117088,0.6319188363032524,0.9331645018421704
667,483,5c68c7c5bcf114db,Cardiomegaly,off,0.1621517574765239,1.0,0.2902543422873017,0.4486665274131624,1.0565273432072744
667,483,5c68c7c5bcf114db,Cardiomegaly,on,0.1621517574765239,1.0,0.3445076523167695,0.5124654341817421,0.7169579279058176
668,486,2e12dfdc50b6087d,Cardiomegaly,off,0.1705480753768109,1.0,0.3942589340881313,0.562962047594305,1.5092669824520777
668,486,2e12dfdc50b6087d,Cardiomegaly,on,0.1705480753768109,1.0,0.4569243004808513,0.6272428430325585,1.0283597105758404
669,488,abb7ad451d66b842,Cardiomegaly,off,0.1507341295947059,1.0,0.2765625441676703,0.430510323836021,1.0861426251116448
669,488,abb7ad451d66b842,Cardiomegaly,on,0.1507341295947059,1.0,0.4134717394586394,0.5850396620107784,0.8177725739140551
670,489,bd7d26f21807cd30,Cardiomegaly,off,0.1376596543036611,1.0,0.3129382472641369,0.4716387596241365,1.3795799068673744
670,489,bd7d26f21807cd30,Cardiomegaly,on,0.1376596543036611,1.0,0.5002254181052289,0.6668608687105716,1.0368988145042697
671,492,08ed699a1c98210c,Cardiomegaly,off,0.1305108450409095,1.0,0.3181800187946592,0.4781584412058148,1.4505130522402503
671,492,08ed699a1c98210c,Cardiomegaly,on,0.1305108450409095,1.0,0.5167620887875982,0.6813909507068818,1.1119662547530973
672,497,9c100e752176fe88,Cardiomegaly,off,0.1383467586704286,1.0,0.4159620930195465,0.579866037373954,1.353482392453795
672,497,9c100e752176fe88,Cardiomegaly,on,0.1383467586704286,1.0,0.5244012836479076,0.6880094740079995,1.1855002024382046
673,498,7cc075c5945a979b,Cardiomegaly,off,0.1842511780672387,1.0,0.3107316038343009,0.4738970713379126,0.972638275613706
673,498,7cc075c5945a979b,Cardiomegaly,on,0.1842511780672387,1.0,0.3236310807909662,0.4890047648116669,0.7850927524808473
674,503,2183bc0d130fce0a,Cardiomegaly,off,0.1252235525732302,1.0,0.3346315211366794,0.4975119087170533,1.4244972311027089
674,503,2183bc0d130fce0a,Cardiomegaly,on,0.1252235525732302,1.0,0.5425629195686423,0.703449998641296,1.273564213393895
675,504,4376708f8d89c7cd,Cardiomegaly,off,0.1401351792562704,1.0,0.4166668865380235,0.5842308984183958,1.6451174615879196
675,504,4376708f8d89c7cd,Cardiomegaly,on,0.1401351792562704,1.0,0.5320523229007205,0.6945613925331194,1.3569792516187755
676,506,cbcdda51d2f214f6,Cardiomegaly,off,0.1411292877018064,1.0,0.3264893436908213,0.4872868804269745,1.418353434943734
676,506,cbcdda51d2f214f6,Cardiomegaly,on,0.1411292877018064,1.0,0.5207158151087394,0.6848219813912642,1.1435616006224578
677,507,0c4b5afba7f6553d,Cardiomegaly,off,0.1313538879873689,1.0,0.3193016260662386,0.4812777727668609,1.3459428348674356
677,507,0c4b5afba7f6553d,Cardiomegaly,on,0.1313538879873689,1.0,0.4593354396888776,0.6295090108475769,1.140132105684268
678,510,0360f2df64ba5ada,Cardiomegaly,off,0.1738325317115721,1.0,0.3297344493527892,0.4917201783055477,1.3961989555775909
678,510,0360f2df64ba5ada,Cardiomegaly,on,0.1738325317115721,1.0,0.4243741894897258,0.595868001469421,0.8754885016138428
679,511,680f7b75961eb8f4,Cardiomegaly,off,0.1317486075172141,1.0,0.1978555379543204,0.3278755541793082,0.9550698025154674
679,511,680f7b75961eb8f4,Cardiomegaly,on,0.1317486075172141,1.0,0.3550090002783352,0.5239899928981121,0.7115275943220251
680,514,6b159bebb304e63d,Cardiomegaly,off,0.1596859786851454,1.0,0.3301776125110352,0.4941219996091126,1.3889295991712436
680,514,6b159bebb304e63d,Cardiomegaly,on,0.1596859786851454,1.0,0.4165659017644737,0.5881336369379723,1.0302950240412163
681,526,a8847f04ce4b65e8,Cardiomegaly,off,0.1143906943652568,1.0,0.2427486106035746,0.3881037302691619,0.8026590446107373
681,526,a8847f04ce4b65e8,Cardiomegaly,on,0.1143906943652568,1.0,0.3860913622909392,0.5570877671665506,0.7953325251682758
682,530,71e5e13c90e27554,Cardiomegaly,off,0.1704798522481957,1.0,0.455142480698905,0.6206545579831803,1.7639590024363787
682,530,71e5e13c90e27554,Cardiomegaly,on,0.1704798522481957,1.0,0.5568402760896135,0.7153450279442473,1.4031219639987744
683,531,608d260223d49da3,Cardiomegaly,off,0.1691202627565067,1.0,0.5159703369644812,0.6766067498649297,1.7589303115260937
683,531,608d260223d49da3,Cardiomegaly,on,0.1691202627565067,1.0,0.601646422414064,0.7512823864639463,1.4320958051227664
684,532,ee2e70dd281aedf8,Cardiomegaly,off,0.1603292253263745,1.0,0.3692634007120949,0.5369838543082119,1.2995485941948568
684,532,ee2e70dd281aedf8,Cardiomegaly,on,0.1603292253263745,1.0,0.4453775699919102,0.6162769442089611,0.8996392363307859
685,533,95d1ebe0176d42c5,Cardiomegaly,off,0.1961463678493633,1.0,0.3204472477590869,0.4811670636629453,1.5335427904184358
685,533,95d1ebe0176d42c5,Cardiomegaly,on,0.1961463678493633,1.0,0.4415664556542497,0.6126043635815624,1.069846647309422
686,534,c33c367dac2cf404,Cardiomegaly,off,0.168939958773738,1.0,0.3243449030027897,0.4849345932710037,1.732562497138889
686,534,c33c367dac2cf404,Cardiomegaly,on,0.168939958773738,1.0,0.5276039499948888,0.6907468970602104,1.5282060037476102
687,536,241d1f811631bde9,Cardiomegaly,off,0.1552904599700793,1.0,0.4465300714169534,0.6151189164510539,1.3733128725818535
687,536,241d1f811631bde9,Cardiomegaly,on,0.1552904599700793,1.0,0.5289202579119039,0.6918865929589834,1.1414048919947528
688,538,9949a1b3294f1d69,Cardiomegaly,off,0.1554902562753095,1.0,0.4835160019692416,0.642425591814318,2.390071082346985
688,538,9949a1b3294f1d69,Cardiomegaly,on,0.1554902562753095,1.0,0.7738694533896032,0.8725124828476764,2.0776578513558444
689,539,35e33ad272c6a698,Cardiomegaly,off,0.1643836283983646,1.0,0.2966155682759562,0.451919169690439,1.2874227082455485
689,539,35e33ad272c6a698,Cardiomegaly,on,0.1643836283983646,1.0,0.4588063829430258,0.6290128110513337,0.9082042531022068
690,540,2547cf6ac257f1fb,Cardiomegaly,off,0.1536384856414679,1.0,0.2514365616425856,0.3979967050126806,0.9896694499850356
690,540,2547cf6ac257f1fb,Cardiomegaly,on,0.1536384856414679,1.0,0.418956098451977,0.5905040080964586,0.8413311089340149
691,542,11b5f13c4f987989,Cardiomegaly,off,0.1607288179368351,1.0,0.3633160430760591,0.5273185592534463,1.2372127580700345
691,542,11b5f13c4f987989,Cardiomegaly,on,0.1607288179368351,1.0,0.5151613644396023,0.6800025161208969,1.06846126250937
692,543,f6ca28625cd3db34,Cardiomegaly,off,0.1554951293559249,1.0,0.4508732813307549,0.6154797165158895,1.844648677830499
692,543,f6ca28625cd3db34,Cardiomegaly,on,0.1554951293559249,1.0,0.6252229796076741,0.7693980201569977,1.5110554271106795
693,544,06cef2e1a825b8c0,Cardiomegaly,off,0.1393506132771954,1.0,0.3350724851604341,0.4969050309871131,1.5288300275998945
693,544,06cef2e1a825b8c0,Cardiomegaly,on,0.1393506132771954,1.0,0.5047459516682307,0.6708619464617875,1.0567138817769162
694,548,2ec66809201014ac,Cardiomegaly,off,0.1277478083319932,1.0,0.2813573583388575,0.4334091288907376,0.6048749578064402
694,548,2ec66809201014ac,Cardiomegaly,on,0.1277478083319932,1.0,0.3715700980160633,0.5417944328091473,0.8335054133698381
695,550,4b73dc561cd967c1,Cardiomegaly,off,0.1670735688980502,1.0,0.2735345402183027,0.4278216605495138,1.0698483594032653
695,550,4b73dc561cd967c1,Cardiomegaly,on,0.1670735688980502,1.0,0.3382826813895734,0.5055456057797812,0.7875286593526833
696,551,972349289dd76549,Cardiomegaly,off,0.1432003469633398,1.0,0.5278228027082321,0.6867804090538281,2.0990447360354576
696,551,972349289dd76549,Cardiomegaly,on,0.1432003469633398,1.0,0.6371333790931393,0.7783517337663998,2.049153837213847
697,556,7544b8fd9fae86bb,Cardiomegaly,off,0.1177433738286332,1.0,0.3820656488035266,0.5471088887346129,1.40332047606734
697,556,7544b8fd9fae86bb,Cardiomegaly,on,0.1177433738286332,1.0,0.5632925795120406,0.7206447549609729,1.2378228440269463
698,563,1c8da14e96dece38,Cardiomegaly,off,0.160962725806373,1.0,0.2593134706893135,0.4077455359497028,0.9356066666143228
698,563,1c8da14e96dece38,Cardiomegaly,on,0.160962725806373,1.0,0.3457807502796851,0.5138717418781601,0.7320849885770245
699,564,5f920ed6737c40a1,Cardiomegaly,off,0.1378789429313529,1.0,0.3304104921867828,0.4928195167961277,1.400670374870216
699,564,5f920ed6737c40a1,Cardiomegaly,on,0.1378789429313529,1.0,0.5095953173879938,0.6751340364899301,1.122321225099239
700,575,214a8fe9f196e531,Cardiomegaly,off,0.1419235998421122,1.0,0.44264342385818,0.6093057682670097,1.466593337536232
700,575,214a8fe9f196e531,Cardiomegaly,on,0.1419235998421122,1.0,0.5563338741905478,0.7149238320350142,1.211246040450764
701,576,2f0b25b0451b7721,Cardiomegaly,off,0.1563284261411536,1.0,0.3648162794823245,0.5344472931273125,1.269102222067916
701,576,2f0b25b0451b7721,Cardiomegaly,on,0.1563284261411536,1.0,0.37479714167295,0.5452398233364136,1.045877675694103
702,577,a3ec37f62a93ffbf,Cardiomegaly,off,0.138142089284583,1.0,0.3887956355714833,0.5556525499484948,1.676458926788501
702,577,a3ec37f62a93ffbf,Cardiomegaly,on,0.138142089284583,1.0,0.5939503667345375,0.7452540650784153,1.4697541601046913
703,580,797c2f40115e9520,Cardiomegaly,off,0.1411877646691909,1.0,0.4403443671166578,0.6062137555859465,1.4771982981557377
703,580,797c2f40115e9520,Cardiomegaly,on,0.1411877646691909,1.0,0.5354695014543539,0.6974664916797211,1.2729742272412434
704,581,1dd35bdc701058b8,Cardiomegaly,off,0.1346480904833608,1.0,0.3972692144724206,0.5631341057855735,1.6826097695795523
704,581,1dd35bdc701058b8,Cardiomegaly,on,0.1346480904833608,1.0,0.6241805054659728,0.7686028910357207,1.4585276548266075
705,582,1721365ffc626d65,Cardiomegaly,off,0.1400572099664244,1.0,0.2332140675679929,0.375343565836378,1.2191753754898744
705,582,1721365ffc626d65,Cardiomegaly,on,0.1400572099664244,1.0,0.4390355416935445,0.6101690777423088,0.9135068551914616
706,583,8e7589220df31a0d,Cardiomegaly,off,0.1368361036796631,1.0,0.2608961662304564,0.4112010354124298,0.8057295032511503
706,583,8e7589220df31a0d,Cardiomegaly,on,0.1368361036796631,1.0,0.3558016444746265,0.524855694983893,0.7236709145705643
707,585,af0c034956436e0a,Cardiomegaly,off,0.1571324844426901,1.0,0.3217551651776359,0.483054329477973,1.0835268825343636
707,585,af0c034956436e0a,Cardiomegaly,on,0.1571324844426901,1.0,0.4271188239349283,0.5985741232249,0.8388988269964578
708,586,9b93318ddb7cd62b,Cardiomegaly,off,0.162375919184831,1.0,0.244727001383704,0.3885582203020649,1.078610501153526
708,586,9b93318ddb7cd62b,Cardiomegaly,on,0.162375919184831,1.0,0.399024154023936,0.5704248698601149,0.8104192185195771
709,590,89f9b7849e46caa9,Cardiomegaly,off,0.171347260597732,1.0,0.415276224298668,0.5832351083853335,1.531644416135719
709,590,89f9b7849e46caa9,Cardiomegaly,on,0.171347260597732,1.0,0.4911264495102075,0.6587268799070528,0.9971097828029988
710,591,9386dc7a34a1e7dd,Cardiomegaly,off,0.1648270787343635,1.0,0.3447458666236466,0.5094747258824746,1.4638189160420187
710,591,9386dc7a34a1e7dd,Cardiomegaly,on,0.1648270787343635,1.0,0.4651156644488424,0.6349142267411494,0.9279740973376864
711,593,126026090474fbb9,Cardiomegaly,off,0.1226115813633905,1.0,0.3214320677993391,0.4855405322217629,0.7754888406377136
711,593,126026090474fbb9,Cardiomegaly,on,0.1226115813633905,1.0,0.3501794013886299,0.5187085300511693,0.8055271833252824
712,595,dcd8247a468ccb75,Cardiomegaly,off,0.1516746341534728,1.0,0.3913799000580499,0.5579208720636089,1.1783435808452212
712,595,dcd8247a468ccb75,Cardiomegaly,on,0.1516746341534728,1.0,0.4936318778803324,0.6609819617320424,1.084766681836131
713,596,7dbc96c71e7336c3,Cardiomegaly,off,0.1639742896266733,1.0,0.1734519473019639,0.2916543381584739,0.8682293646148728
713,596,7dbc96c71e7336c3,Cardiomegaly,on,0.1639742896266733,1.0,0.2738645595727101,0.4299410139796426,0.5038949121828823
714,598,b38df7a297c10dd5,Cardiomegaly,off,0.1359248376045884,1.0,0.3603234381405217,0.5229782349242414,1.3397080688863072
714,598,b38df7a297c10dd5,Cardiomegaly,on,0.1359248376045884,1.0,0.5355874572863853,0.6975653993789421,1.1572246972441609
715,599,07c65ac7e61ec610,Cardiomegaly,off,0.1425717195639567,1.0,0.3112489422379907,0.4712590550363617,1.0947397819494544
715,599,07c65ac7e61ec610,Cardiomegaly,on,0.1425717195639567,1.0,0.4108238797116305,0.5823865772186256,0.9052464987838934
716,600,79f54cb01230a30e,Cardiomegaly,off,0.1508072258039364,1.0,0.3705083079675953,0.5356240314425246,1.6102084302061348
716,600,79f54cb01230a30e,Cardiomegaly,on,0.1508072258039364,1.0,0.5291701030884912,0.6920884118711549,1.2082295710804185
717,601,cc33d850a281e99f,Cardiomegaly,off,0.171751726288808,1.0,0.4285266733675524,0.5964805448221367,1.412125566807028
717,601,cc33d850a281e99f,Cardiomegaly,on,0.171751726288808,1.0,0.4814943387948961,0.6500084166403797,0.9718181585757726
718,602,bedf19097d27d0ba,Cardiomegaly,off,0.1478102812254823,1.0,0.3917816644492266,0.5574001111619075,1.8024368052418405
718,602,bedf19097d27d0ba,Cardiomegaly,on,0.1478102812254823,1.0,0.6109563964073145,0.7584935816931008,1.360111135000908
719,605,0b84b77a60ffbb36,Cardiomegaly,off,0.1057068647086628,1.0,0.3026374787056926,0.4599784869813683,0.8506783031155161
719,605,0b84b77a60ffbb36,Cardiomegaly,on,0.1057068647086628,1.0,0.4850915515141613,0.6532736830380268,1.042522821170926
720,607,cd9b8a1ed4c43573,Cardiomegaly,off,0.1683113313743549,1.0,0.3780985451170523,0.5478509898653738,1.42431056188215
720,607,cd9b8a1ed4c43573,Cardiomegaly,on,0.1683113313743549,1.0,0.4178612373259572,0.5894240170980798,1.215305126835838
721,609,0f372aae9c5752a3,Cardiomegaly,off,0.168496508437739,1.0,0.5045592468495765,0.661084709162787,2.189038821317121
721,609,0f372aae9c5752a3,Cardiomegaly,on,0.168496508437739,1.0,0.7015880548023736,0.8246220867638685,1.737246458105333
722,617,0bb24a56c2670768,Cardiomegaly,off,0.1232304626015428,1.0,0.2589801990851511,0.408755183212713,1.2506497801669465
722,617,0bb24a56c2670768,Cardiomegaly,on,0.1232304626015428,1.0,0.4277404735941865,0.5991775072486487,0.9603792157317808
723,619,f6ce4753c7645ea2,Cardiomegaly,off,0.1412706070396522,1.0,0.3368365189391032,0.4984287292307144,1.641158244950432
723,619,f6ce4753c7645ea2,Cardiomegaly,on,0.1412706070396522,1.0,0.5430352905101083,0.7038438626183938,1.152785788122247
724,620,bf9fef80db09bc13,Cardiomegaly,off,0.1569326881374598,1.0,0.3285210498418083,0.4915418907903111,1.1804128159722722
724,620,bf9fef80db09bc13,Cardiomegaly,on,0.1569326881374598,1.0,0.4380776033544175,0.6092487174445032,0.925714932718267
725,625,54b1d80e19cdd92e,Cardiomegaly,off,0.1514699647676271,1.0,0.3034986084283184,0.4622823171972572,0.8334523376030102
725,625,54b1d80e19cdd92e,Cardiomegaly,on,0.1514699647676271,1.0,0.3812047661641315,0.5519877206518737,0.7981135785723378
726,626,61dae602d0b69f43,Cardiomegaly,off,0.158531058579302,1.0,0.2980747780197511,0.4551156913225865,1.2115673943572918
726,626,61dae602d0b69f43,Cardiomegaly,on,0.158531058579302,1.0,0.4393702954273214,0.6104989679305375,0.8882138618916157
727,627,9d878e929646cca4,Cardiomegaly,off,0.1676047346851259,1.0,0.3402199744403684,0.506353820304607,1.2440041003122384
727,627,9d878e929646cca4,Cardiomegaly,on,0.1676047346851259,1.0,0.385055047517663,0.5560123436534338,0.8167907374093171
728,628,79d33f7627032c13,Cardiomegaly,off,0.1547105633768499,1.0,0.3307338910453733,0.4928142623961592,1.3856050891975642
728,628,79d33f7627032c13,Cardiomegaly,on,0.1547105633768499,1.0,0.4900684272869121,0.6577748842415805,0.9951330475638792
729,629,ab728b61f30384c1,Cardiomegaly,off,0.1482244930777889,1.0,0.3445289879365887,0.5086889172209299,1.6090820815191442
729,629,ab728b61f30384c1,Cardiomegaly,on,0.1482244930777889,1.0,0.5247713769559734,0.6883261652908107,1.3321166927351995
730,630,905c8db3c75a119a,Cardiomegaly,off,0.1473327193251758,1.0,0.3399169630229154,0.5037108073423266,1.6408060044791015
730,630,905c8db3c75a119a,Cardiomegaly,on,0.1473327193251758,1.0,0.5439055438265039,0.7045788555790422,1.1688603306295553
731,631,e2845c008a174e95,Cardiomegaly,off,0.124253809530771,1.0,0.3491002355368999,0.512094612372467,1.445262843074683
731,631,e2845c008a174e95,Cardiomegaly,on,0.124253809530771,1.0,0.5981953100232715,0.7485879567111894,1.4115009426211045
732,632,ee1610fae5db6897,Cardiomegaly,off,0.1356324527676661,1.0,0.3960091153486271,0.5629311927597811,1.3746256327872552
732,632,ee1610fae5db6897,Cardiomegaly,on,0.1356324527676661,1.0,0.4878462864362394,0.6557736576688946,1.2554026651319787
733,635,61884254369ca7b6,Cardiomegaly,off,0.1579170504217651,1.0,0.2676240046943965,0.4211418480951986,1.0754952898748524
733,635,61884254369ca7b6,Cardiomegaly,on,0.1579170504217651,1.0,0.3347488192743252,0.5015876184974432,0.6890647943532782
734,638,e36010bbb7371368,Cardiomegaly,off,0.1574930924082277,1.0,0.2688028385159401,0.4193581842843671,1.270202006787522
734,638,e36010bbb7371368,Cardiomegaly,on,0.1574930924082277,1.0,0.405376697727331,0.5768897736254112,0.8126053698258348
735,639,6edd6abbc9ad1532,Cardiomegaly,off,0.1572153268131514,1.0,0.36412781551277,0.5290744469882492,1.2862655442330988
735,639,6edd6abbc9ad1532,Cardiomegaly,on,0.1572153268131514,1.0,0.473467948836012,0.6426527942932109,0.9564433842754544
736,640,d1e93953200c1186,Cardiomegaly,off,0.1515674263799346,1.0,0.2982822768829606,0.4554130782135529,1.3327852587101898
736,640,d1e93953200c1186,Cardiomegaly,on,0.1515674263799346,1.0,0.424911644752164,0.5963966565433378,0.8520665852638603
737,641,294947320c2cca4a,Cardiomegaly,off,0.1526102656316243,1.0,0.3594469399213925,0.5213366324522987,1.597280075458436
737,641,294947320c2cca4a,Cardiomegaly,on,0.1526102656316243,1.0,0.5368718416619875,0.6986349474301359,1.1442204214268246
738,649,163c8088c230cf46,Cardiomegaly,off,0.1417725343430356,1.0,0.3331464003357508,0.4950769677260589,1.6365670169422617
738,649,163c8088c230cf46,Cardiomegaly,on,0.1417725343430356,1.0,0.5741115933762436,0.7294393511087534,1.2515089231986627
739,652,8178baafc2b7ba5b,Cardiomegaly,off,0.1550955367454644,1.0,0.3556333661028946,0.521806233232838,1.36472901583604
739,652,8178baafc2b7ba5b,Cardiomegaly,on,0.1550955367454644,1.0,0.4268821340662279,0.5983425253230943,1.0071136594638392
740,658,02bb8bdaddf67809,Cardiomegaly,off,0.1445696826162595,1.0,0.253043817248567,0.3982584110897653,1.3325538193321111
740,658,02bb8bdaddf67809,Cardiomegaly,on,0.1445696826162595,1.0,0.5283839145097894,0.6914163427287715,1.117241087295775
741,659,3f4eb9d75742b598,Cardiomegaly,off,0.2044062394924199,1.0,0.3019267352854901,0.4633670820147781,0.7570314532670337
741,659,3f4eb9d75742b598,Cardiomegaly,on,0.2044062394924199,1.0,0.3016305354628458,0.4634647173205038,0.49870084047828
742,660,ad0a56ab2e391d06,Cardiomegaly,off,0.1562699491737691,1.0,0.3785916711432086,0.5442029759558337,1.5766165122379066
742,660,ad0a56ab2e391d06,Cardiomegaly,on,0.1562699491737691,1.0,0.516356707533643,0.6810404738713256,1.099074122281642
743,661,2c70900c590d74ad,Cardiomegaly,off,0.1393749786802723,1.0,0.3043349934423747,0.4584707639076616,1.293320728040649
743,661,2c70900c590d74ad,Cardiomegaly,on,0.1393749786802723,1.0,0.5141878489319943,0.6791485039367915,1.0767446076574343
744,668,a207cabae49761bc,Cardiomegaly,off,0.1319873884673674,1.0,0.3468967714738119,0.5092504343524639,1.608020338875493
744,668,a207cabae49761bc,Cardiomegaly,on,0.1319873884673674,1.0,0.5580923588832132,0.7163722959368333,1.2785439943022134
745,670,31a5332679fdc782,Cardiomegaly,off,0.1945138858432135,1.0,0.4466271625136341,0.6154297208784841,1.5126308484304123
745,670,31a5332679fdc782,Cardiomegaly,on,0.1945138858432135,1.0,0.4640289491128265,0.6339028972578287,0.8896301992204451
746,671,ca6773a837562f0d,Cardiomegaly,off,0.197554688147206,1.0,0.3771399804593489,0.5467000369293664,1.1358521223593878
746,671,ca6773a837562f0d,Cardiomegaly,on,0.197554688147206,1.0,0.3922056062979259,0.5634288579512712,0.7185711865740217
747,673,a0d4ee8de8d31823,Cardiomegaly,off,0.1448815597756433,1.0,0.3330354024585499,0.4924392607562834,1.5198037538062463
747,673,a0d4ee8de8d31823,Cardiomegaly,on,0.1448815597756433,1.0,0.4970202622775798,0.6640049815553889,1.030982084692223
748,674,d00e08c821daddb2,Cardiomegaly,off,0.1551101559873105,1.0,0.3461862028427428,0.5110935223734574,1.3814860897733603
748,674,d00e08c821daddb2,Cardiomegaly,on,0.1551101559873105,1.0,0.460487239194802,0.6305909175429201,0.97283401693216
749,677,d31e90e1677b0e8a,Cardiomegaly,off,0.1342533709535157,1.0,0.4292766431675118,0.5973978562899394,1.5892117770782324
749,677,d31e90e1677b0e8a,Cardiomegaly,on,0.1342533709535157,1.0,0.5591359700308217,0.7172364181047317,1.337183957741407
750,679,dc533c92faa848e7,Cardiomegaly,off,0.15059281025686,1.0,0.504107218652678,0.6617069568285898,2.3001492625671878
750,679,dc533c92faa848e7,Cardiomegaly,on,0.15059281025686,1.0,0.7431024057439417,0.8526193589191269,2.2412141293543053
751,684,4d19a321fce81a88,Cardiomegaly,off,0.1256328913449215,1.0,0.4210101967483192,0.5886878141985001,1.409867048546825
751,684,4d19a321fce81a88,Cardiomegaly,on,0.1256328913449215,1.0,0.5516301715333085,0.7110327648939775,1.3550677245795189
752,688,c5e74a9e6d9866c6,Cardiomegaly,off,0.1373477771442773,1.0,0.2812380615563236,0.4358865889706317,1.1635761988597486
752,688,c5e74a9e6d9866c6,Cardiomegaly,on,0.1373477771442773,1.0,0.4524447398963437,0.6230061316518545,0.9204359623765456
753,689,ed4399b895f782c8,Cardiomegaly,off,0.1378350852058145,1.0,0.2558220739639459,0.4034349080435319,0.8691173880189935
753,689,ed4399b895f782c8,Cardiomegaly,on,0.1378350852058145,1.0,0.4128919474890583,0.5844549293658214,0.8392727459200724
754,691,52e293f3160d0ffe,Cardiomegaly,off,0.1247801022372313,1.0,0.3571695888707638,0.5226585491676321,1.3894245155655678
754,691,52e293f3160d0ffe,Cardiomegaly,on,0.1247801022372313,1.0,0.4566217817796672,0.626958016363354,1.216182407900394
755,699,2269b34cd39dc1cb,Cardiomegaly,off,0.1771608457718716,1.0,0.4437712258467721,0.610920764252695,1.5462839936988808
755,699,2269b34cd39dc1cb,Cardiomegaly,on,0.1771608457718716,1.0,0.5353881089407868,0.6973960288578969,1.123038187378009
756,705,4eabc937d96b0ffd,Cardiomegaly,off,0.1504856024833218,1.0,0.4389166741785292,0.6060916352705743,1.6863246645956846
756,705,4eabc937d96b0ffd,Cardiomegaly,on,0.1504856024833218,1.0,0.5989692280213283,0.7491917226581533,1.3196997023463646
757,706,b96969823d73a7bc,Cardiomegaly,off,0.1478443927897899,1.0,0.4241637187203254,0.5901134015533981,1.5629998714201014
757,706,b96969823d73a7bc,Cardiomegaly,on,0.1478443927897899,1.0,0.5848485854840723,0.7380459142781296,1.2453600658452983
758,710,af5dde2eb6b9742a,Cardiomegaly,off,0.1570837536365364,1.0,0.3502017409114183,0.5066717536001494,1.7958561965682929
758,710,af5dde2eb6b9742a,Cardiomegaly,on,0.1570837536365364,1.0,0.6286813866964771,0.7719966463991738,1.4055022869512417
759,711,b3da9d0303cf2c8f,Cardiomegaly,off,0.1105701991628047,1.0,0.4661703956890217,0.6338182053485379,1.180473890947674
759,711,b3da9d0303cf2c8f,Cardiomegaly,on,0.1105701991628047,1.0,0.4465431299536155,0.6173539159951588,1.3298647620665125
760,712,48aff0553b673b8b,Cardiomegaly,off,0.1186887514680155,1.0,0.4841661718572346,0.6448403500475994,1.905819326944296
760,712,48aff0553b673b8b,Cardiomegaly,on,0.1186887514680155,1.0,0.6912284999074322,0.8174270374571068,1.9359047097582325
761,714,b2fdc492ae0123c6,Cardiomegaly,off,0.1256426375061522,1.0,0.5614932520519297,0.7184377317887096,1.8317699463587327
761,714,b2fdc492ae0123c6,Cardiomegaly,on,0.1256426375061522,1.0,0.5302622633446628,0.6930297317678258,1.6917286634470037
762,715,af6cd7b956adeb19,Cardiomegaly,off,0.1382785355418134,1.0,0.3577826926371749,0.526147988713176,1.0591794894804043
762,715,af6cd7b956adeb19,Cardiomegaly,on,0.1382785355418134,1.0,0.4081733253646452,0.5797201281701467,0.922869771556382
763,716,d71ce8514eaeb2a3,Cardiomegaly,off,0.1426204503701104,1.0,0.398982736890057,0.5673971642263287,1.4780018417913137
763,716,d71ce8514eaeb2a3,Cardiomegaly,on,0.1426204503701104,1.0,0.480775493127881,0.6493560477562669,1.2705457014135122
764,717,202e12d7ebba3624,Cardiomegaly,off,0.1619665804131397,1.0,0.2438474282598394,0.389622699837606,0.7134095455450543
764,717,202e12d7ebba3624,Cardiomegaly,on,0.1619665804131397,1.0,0.3126172760930231,0.4763224878461216,0.5574336369880437
765,718,1d2fbbe6e22826c5,Cardiomegaly,off,0.1731990312315736,1.0,0.2323928556334229,0.3730415837382419,0.8531808216374609
765,718,1d2fbbe6e22826c5,Cardiomegaly,on,0.1731990312315736,1.0,0.349787653900263,0.5182843968966979,0.6374287685654785
766,719,409ee47d21baa5db,Cardiomegaly,off,0.1422793347270343,1.0,0.3787282959986106,0.5450133530612156,1.538404586027508
766,719,409ee47d21baa5db,Cardiomegaly,on,0.1422793347270343,1.0,0.4952240167847101,0.6624075119848014,1.2999668754737792
767,720,5f71da4bbf80cb20,Cardiomegaly,off,0.136402399504895,1.0,0.2995441102615814,0.4577499081463439,1.362567068319528
767,720,5f71da4bbf80cb20,Cardiomegaly,on,0.136402399504895,1.0,0.4430130217149135,0.6140027425656164,0.9832318072372798
768,722,ad9c9cb07f6f78c8,Cardiomegaly,off,0.15124580305932,1.0,0.3573511264177266,0.5226016805164378,1.3639322671823737
768,722,ad9c9cb07f6f78c8,Cardiomegaly,on,0.15124580305932,1.0,0.4993783803500725,0.6661119879263054,1.0302516467440346
769,724,59fa68de64ffaa7d,Cardiomegaly,off,0.1979055499515128,1.0,0.3337396764697757,0.4969846379579629,1.3762411401109111
769,724,59fa68de64ffaa7d,Cardiomegaly,on,0.1979055499515128,1.0,0.4043020623342685,0.5758008742239523,0.8337855353623083
770,727,73b7a98fb207af59,Cardiomegaly,off,0.1244194942716937,1.0,0.4015739175874131,0.5674553771228984,1.703825367175034
770,727,73b7a98fb207af59,Cardiomegaly,on,0.1244194942716937,1.0,0.6294014866143012,0.7725480463229798,1.4556925379130354
771,728,e0858f869fb1d358,Cardiomegaly,off,0.1264077111627657,1.0,0.2954489840375777,0.4527821371880809,1.4422804255161314
771,728,e0858f869fb1d358,Cardiomegaly,on,0.1264077111627657,1.0,0.4909317052701619,0.6585523935745494,1.1325429026024896
772,729,3502d707ba4a3a3f,Cardiomegaly,off,0.134258244034131,1.0,0.3241782709647832,0.4862098652878099,1.1953772529658169
772,729,3502d707ba4a3a3f,Cardiomegaly,on,0.134258244034131,1.0,0.4665219164226558,0.6362232422801111,1.017333219067333
773,733,f6fbdade42ecdb95,Cardiomegaly,off,0.1125145583283384,1.0,0.3394088696471574,0.503749784895015,0.8638513456310803
773,733,f6fbdade42ecdb95,Cardiomegaly,on,0.1125145583283384,1.0,0.4250362551285019,0.5965225546705478,0.9150780947593132
774,734,4e8cc590986cc131,Cardiomegaly,off,0.1306521643787553,1.0,0.2362970049850628,0.3800031663140891,1.054414623061919
774,734,4e8cc590986cc131,Cardiomegaly,on,0.1306521643787553,1.0,0.3873384298154294,0.5583879600007965,0.7912118964227728
775,735,1fd96564896ac64e,Cardiomegaly,off,0.1458366835762564,1.0,0.4364282163848361,0.6019975932145325,1.950503402785834
775,735,1fd96564896ac64e,Cardiomegaly,on,0.1458366835762564,1.0,0.635671231454249,0.7772538370399005,1.4794466721793782
776,736,9132311b5a5760bd,Cardiomegaly,off,0.1923307457275265,0.0,0.2741227845271513,0.4297227552213097,0.8049947254230679
776,736,9132311b5a5760bd,Cardiomegaly,on,0.1923307457275265,0.0,0.2845949998217035,0.443088105312356,0.5134822729335166
777,739,f282b543a98a6adf,Cardiomegaly,off,0.1613184606912952,1.0,0.5203373983613109,0.6835738800592293,1.7919411845459248
777,739,f282b543a98a6adf,Cardiomegaly,on,0.1613184606912952,1.0,0.556027047144336,0.7146752809797884,1.4383354567357558
778,740,6a0cf8217cd19547,Cardiomegaly,off,0.1829013347367805,0.0,0.2262044494929565,0.3667231531037971,0.7071257905033879
778,740,6a0cf8217cd19547,Cardiomegaly,on,0.1829013347367805,0.0,0.2583272866764665,0.4105838992770713,0.3873115339380554
779,742,a6f2173b3167c667,Cardiomegaly,off,0.1643787553177492,1.0,0.2387661134154998,0.3846453152952023,0.7605128131201855
779,742,a6f2173b3167c667,Cardiomegaly,on,0.1643787553177492,1.0,0.277573178563526,0.4345312427052715,0.5446753992165313
780,743,77833736695e8699,Cardiomegaly,off,0.1527272195663933,1.0,0.4800050392063926,0.6434773399690747,1.8309665433223148
780,743,77833736695e8699,Cardiomegaly,on,0.1527272195663933,1.0,0.5805191902962356,0.7345835476314008,1.3154861210135658
781,745,ea67363fc3eed456,Cardiomegaly,off,0.1546179748451578,1.0,0.3671903120420241,0.5322354241820761,1.5300928539494802
781,745,ea67363fc3eed456,Cardiomegaly,on,0.1546179748451578,1.0,0.5210062555663975,0.6850755467548134,1.074673572886869
782,749,11663b0653bdfaec,Cardiomegaly,off,0.1231914779566198,1.0,0.2600240626552589,0.4100244007973274,1.163403256860972
782,749,11663b0653bdfaec,Cardiomegaly,on,0.1231914779566198,1.0,0.39286811924596,0.5641071356682856,0.8955938448091252
783,750,bb5184c8cffa9ed9,Cardiomegaly,off,0.1574882193276123,1.0,0.2629570894803413,0.4143752289591959,0.9955554588324372
783,750,bb5184c8cffa9ed9,Cardiomegaly,on,0.1574882193276123,1.0,0.3643734083296817,0.5341221872589426,0.6938980044358388
784,751,543a5528c87b2f5d,Cardiomegaly,off,0.1628437349239068,1.0,0.4130509870084721,0.5795612491466924,1.8482411857260597
784,751,543a5528c87b2f5d,Cardiomegaly,on,0.1628437349239068,1.0,0.5798118014836164,0.7340194740217807,1.2432463341044395
785,755,691b6a598d35f408,Cardiomegaly,off,0.1424304002261109,1.0,0.3564333193327972,0.5202305592216836,1.2775602511036372
785,755,691b6a598d35f408,Cardiomegaly,on,0.1424304002261109,1.0,0.4353942850704335,0.6066412875324204,0.9060222161302358
786,756,3cb452eb0c7eb696,Cardiomegaly,off,0.1129336432612604,1.0,0.2662671054548772,0.417716975623747,0.8647978226988667
786,756,3cb452eb0c7eb696,Cardiomegaly,on,0.1129336432612604,1.0,0.3729942296341799,0.5433244093529499,0.7823299756396799
787,758,5655c391e89d0398,Cardiomegaly,off,0.1746219707712624,1.0,0.4423841111542737,0.6084883134504983,1.6553450035020931
787,758,5655c391e89d0398,Cardiomegaly,on,0.1746219707712624,1.0,0.557167116059439,0.7156139428399675,1.2212700191793326
788,760,3e070b1789cb8517,Cardiomegaly,off,0.1065352884132762,1.0,0.3758406175163065,0.5434399942091817,1.2018316229267518
788,760,3e070b1789cb8517,Cardiomegaly,on,0.1065352884132762,1.0,0.4546863418899134,0.6251154417865561,1.0778589068325035
789,761,df171907ed8ead8a,Cardiomegaly,off,0.1346432174027454,1.0,0.2907258384471292,0.4459255920991391,1.311996511037555
789,761,df171907ed8ead8a,Cardiomegaly,on,0.1346432174027454,1.0,0.4188147245922028,0.5903535487592295,0.9330146266102692
790,764,b734b7047b19bcde,Cardiomegaly,off,0.1560019297399237,1.0,0.3876976317744955,0.5526491806779912,1.394630907332984
790,764,b734b7047b19bcde,Cardiomegaly,on,0.1560019297399237,1.0,0.5431165062134015,0.7039174257203852,1.1243236392986482
791,765,2354bf39abc9bf7e,Cardiomegaly,off,0.1326647466729042,1.0,0.3515621306584534,0.5185593679383707,1.3209491249067058
791,765,2354bf39abc9bf7e,Cardiomegaly,on,0.1326647466729042,1.0,0.3823099240078708,0.5531240386462624,1.0132223002095064
792,766,1a3deff1a73dec78,Cardiomegaly,off,0.1641156089645191,1.0,0.4738665690780919,0.6309318625546165,2.107569769092869
792,766,1a3deff1a73dec78,Cardiomegaly,on,0.1641156089645191,1.0,0.7123539729248296,0.832016962057138,2.1132166944364648
793,768,afce7d9041b66379,Cardiomegaly,off,0.159603136314684,1.0,0.4760006679995798,0.639127241244016,1.9637312219145853
793,768,afce7d9041b66379,Cardiomegaly,on,0.159603136314684,1.0,0.5862129482199627,0.7391350920700223,1.6552904007271203
794,770,8f741cc6579b8f35,Cardiomegaly,off,0.1397014750815022,1.0,0.3202437451600017,0.4818197265164661,1.3318822782785176
794,770,8f741cc6579b8f35,Cardiomegaly,on,0.1397014750815022,1.0,0.4706752395316004,0.6400745906925767,0.9809733809127064
795,777,be62e3e05fdebc7e,Cardiomegaly,off,0.1336588551184402,1.0,0.3552299313048657,0.5204884402575733,1.634494937683397
795,777,be62e3e05fdebc7e,Cardiomegaly,on,0.1336588551184402,1.0,0.5450064826305048,0.7054990551269591,1.3096756466281496
796,778,d03e8bd32d72f609,Cardiomegaly,off,0.1685696046469696,1.0,0.3825133868345147,0.5474955433915939,1.447937806320327
796,778,d03e8bd32d72f609,Cardiomegaly,on,0.1685696046469696,1.0,0.4704301576310829,0.6398402361607708,0.9728151815709192
797,779,3fa3bb780ed1fbf1,Cardiomegaly,off,0.1214664074187779,1.0,0.5037971722138603,0.6663947122151276,1.673767947445034
797,779,3fa3bb780ed1fbf1,Cardiomegaly,on,0.1214664074187779,1.0,0.5979904821520609,0.7484263698322101,1.488857877070313
798,780,0b9c82f78ec906ae,Cardiomegaly,off,0.1347699174987451,1.0,0.2470791140657623,0.3930865862188418,0.9671368897509172
798,780,0b9c82f78ec906ae,Cardiomegaly,on,0.1347699174987451,1.0,0.4037286601725577,0.5752173208869752,0.8349737647577613
799,782,c5e022e3bbb4d365,Cardiomegaly,off,0.1124707006028,1.0,0.3774132237917912,0.5431252830047406,1.3977248497781836
799,782,c5e022e3bbb4d365,Cardiomegaly,on,0.1124707006028,1.0,0.571189029344899,0.727078596873259,1.4801244145422856
800,783,78d867a67581bec6,Cardiomegaly,off,0.1016280962335959,1.0,0.4375667538179704,0.6048080877957196,1.1572828534239237
800,783,78d867a67581bec6,Cardiomegaly,on,0.1016280962335959,1.0,0.5504549114055728,0.7100558245500034,1.3515906331408594
801,788,02cd8956d2df2ded,Cardiomegaly,off,0.1427861351110331,1.0,0.3456161203697859,0.5092777469414255,1.2905923369985233
801,788,02cd8956d2df2ded,Cardiomegaly,on,0.1427861351110331,1.0,0.4971405102524341,0.664113263435026,1.040078918867597
802,790,9f3e1706f653df37,Cardiomegaly,off,0.1478882505153282,1.0,0.1905119624701956,0.3181402724117045,0.7730637644871086
802,790,9f3e1706f653df37,Cardiomegaly,on,0.1478882505153282,1.0,0.3204246272391106,0.4853334747027401,0.6307513206021929
803,792,9a54c509e24476a8,Cardiomegaly,off,0.1572299460549976,1.0,0.2827518402066798,0.4391668030913759,0.8780007194933851
803,792,9a54c509e24476a8,Cardiomegaly,on,0.1572299460549976,1.0,0.3650695684687003,0.5348720500533949,0.6967847042186519
804,793,b9598d90ce357368,Cardiomegaly,off,0.1237323899049262,1.0,0.2515669677413104,0.3990282652212437,0.9925720726468064
804,793,b9598d90ce357368,Cardiomegaly,on,0.1237323899049262,1.0,0.436620754465051,0.6078395050962782,0.9122569737774272
805,796,4ae0fac5d7de98ea,Cardiomegaly,off,0.1246241636575393,1.0,0.2817251442880611,0.4364020745160449,1.2364000306002825
805,796,4ae0fac5d7de98ea,Cardiomegaly,on,0.1246241636575393,1.0,0.4585163700514141,0.628740324792476,1.0135080099272156
806,800,a547abae9d91e112,Cardiomegaly,off,0.1390631015208884,1.0,0.2377935469695815,0.3821376342394101,1.0018160108642051
806,800,a547abae9d91e112,Cardiomegaly,on,0.1390631015208884,1.0,0.3685537026421655,0.5385991063889117,0.7240240910926082
807,804,fa6ff87391ab6d7e,Cardiomegaly,off,0.1585164393374559,1.0,0.295376119066684,0.4556598593583624,0.5841661592232152
807,804,fa6ff87391ab6d7e,Cardiomegaly,on,0.1585164393374559,1.0,0.3192524665875212,0.4839897296819487,0.6653427115489916
808,807,a2535a6d389ba3d8,Cardiomegaly,off,0.1587600933682245,1.0,0.3021223355557405,0.4613106700906672,0.9521664151634028
808,807,a2535a6d389ba3d8,Cardiomegaly,on,0.1587600933682245,1.0,0.3933689865893822,0.5646262457628353,0.75573437700509
809,810,8336bd50aae30562,Cardiomegaly,off,0.1611186643860649,1.0,0.2667312780938484,0.4177125529864325,0.9420315379807968
809,810,8336bd50aae30562,Cardiomegaly,on,0.1611186643860649,1.0,0.3408735626691863,0.5084310024754405,0.6396090837149957
810,811,83929c209e10fe91,Cardiomegaly,off,0.1643543899146723,1.0,0.3411210894945068,0.5044042315145744,1.378491697228519
810,811,83929c209e10fe91,Cardiomegaly,on,0.1643543899146723,1.0,0.4732468813908146,0.6424523675983707,0.9412776153055576
811,812,382d4e4bdf4cf814,Cardiomegaly,off,0.1412121300722678,1.0,0.3758913235609677,0.5408384259683738,1.771485174340205
811,812,382d4e4bdf4cf814,Cardiomegaly,on,0.1412121300722678,1.0,0.609910161485902,0.757686053058722,1.3700403521120232
812,814,7e9eb887c924271c,Cardiomegaly,off,0.1551783791159257,1.0,0.4771317853864184,0.6401172868815754,1.888505506780021
812,814,7e9eb887c924271c,Cardiomegaly,on,0.1551783791159257,1.0,0.6003192427613788,0.7502323649610146,1.4704995046993703
813,816,c58d55daf5dba616,Cardiomegaly,off,0.1503345369842453,1.0,0.3492026777119071,0.5141211864576728,1.4323127829615716
813,816,c58d55daf5dba616,Cardiomegaly,on,0.1503345369842453,1.0,0.4699858813115608,0.6394360322158417,1.0486900201358194
814,820,70be5c0926d117d0,Cardiomegaly,off,0.1415191341510362,1.0,0.4572329717165978,0.6264392339125968,1.5193735969734157
814,820,70be5c0926d117d0,Cardiomegaly,on,0.1415191341510362,1.0,0.5122609866888925,0.6774756584608459,1.131235906729643
815,823,89dc7150e980b6c2,Cardiomegaly,off,0.1379861507048911,1.0,0.3251542173658598,0.4876314741743244,1.4521450693310325
815,823,89dc7150e980b6c2,Cardiomegaly,on,0.1379861507048911,1.0,0.4924421804852743,0.6599099933567063,1.072510276643458
816,826,0d8c82ab3e34e6da,Cardiomegaly,off,0.1131675511307983,1.0,0.2853902578220685,0.4418972555077213,1.1621923390986797
816,826,0d8c82ab3e34e6da,Cardiomegaly,on,0.1131675511307983,1.0,0.4194198463587278,0.5909716658930912,1.0182029924444234
817,827,01596ecd36248645,Cardiomegaly,off,0.1755332368463371,1.0,0.4030083836356271,0.5726509152777801,1.5748478775500625
817,827,01596ecd36248645,Cardiomegaly,on,0.1755332368463371,1.0,0.4565354096322819,0.6268753612744358,1.0644465946418644
818,830,96f1e5974eaababc,Cardiomegaly,off,0.1418115189879586,1.0,0.4190092735316625,0.5860548902042277,1.485286613071988
818,830,96f1e5974eaababc,Cardiomegaly,on,0.1418115189879586,1.0,0.5464333669069087,0.7066961711976163,1.2842901760134215
819,832,feec175e3b538d67,Cardiomegaly,off,0.1580096389534572,1.0,0.5633684540743996,0.7184931741357226,2.2174307426733075
819,832,feec175e3b538d67,Cardiomegaly,on,0.1580096389534572,1.0,0.6446095055833938,0.7839046708879389,2.2367058754515483
820,840,46c43c8bc8c1789b,Cardiomegaly,off,0.1396673635171946,1.0,0.3350994454104558,0.4991285629043415,0.9528376683548956
820,840,46c43c8bc8c1789b,Cardiomegaly,on,0.1396673635171946,1.0,0.3891610898756236,0.5602820798812638,0.9009463212224648
821,842,4a4dcb2d177bc16c,Cardiomegaly,off,0.1221242733018532,1.0,0.378860920152175,0.5455991485955358,1.3871505417600472
821,842,4a4dcb2d177bc16c,Cardiomegaly,on,0.1221242733018532,1.0,0.5362828852943704,0.6981563786567849,1.399023021338177
822,844,8d4712d393305819,Cardiomegaly,off,0.1250724870741536,0.0,0.0137662339634183,0.0265191846306672,0.0284740888896134
822,844,8d4712d393305819,Cardiomegaly,on,0.1250724870741536,0.0,0.0625784961227383,0.1177773199382403,0.0005711725791449
823,848,b3ed864778631c15,Cardiomegaly,off,0.1309981531024467,1.0,0.5227093374547352,0.6821622267807413,2.195127338977823
823,848,b3ed864778631c15,Cardiomegaly,on,0.1309981531024467,1.0,0.6628683992542792,0.7972583172116382,2.378058071070748
824,853,7d49e3c835f3dce2,Cardiomegaly,off,0.1385563011368897,1.0,0.3270524268883376,0.4903559222184807,1.3967726916594274
824,853,7d49e3c835f3dce2,Cardiomegaly,on,0.1385563011368897,1.0,0.4289321275523595,0.6003510655787572,1.0544529630232584
825,854,be1d74fe78ab76db,Cardiomegaly,off,0.1813322027786305,1.0,0.4089535918453356,0.5784808105989195,1.3096179675725397
825,854,be1d74fe78ab76db,Cardiomegaly,on,0.1813322027786305,1.0,0.4167731754605482,0.5883371235652831,0.808284209363539
826,855,fc0ea0e1d633a70d,Cardiomegaly,off,0.1649927634752861,1.0,0.2336452777933217,0.3756341614921991,0.5469855286995159
826,855,fc0ea0e1d633a70d,Cardiomegaly,on,0.1649927634752861,1.0,0.295722423799618,0.4564357507573867,0.5368208176767825
827,856,af41dee539933b93,Cardiomegaly,off,0.1504563639996296,1.0,0.4030507635096958,0.5721304964838726,1.6939381515932097
827,856,af41dee539933b93,Cardiomegaly,on,0.1504563639996296,1.0,0.5178292632390122,0.6823287203063109,1.3672484623691576
828,857,15a4cc8a11450d48,Cardiomegaly,off,0.1394188364058106,1.0,0.3957890108801759,0.5645350565387849,1.2072072552045596
828,857,15a4cc8a11450d48,Cardiomegaly,on,0.1394188364058106,1.0,0.484640778554137,0.6528721545590601,1.1662952893433312
829,861,ae403474c3ce1cca,Cardiomegaly,off,0.1221681310273915,1.0,0.2014988070033941,0.3320434147902303,0.9889519797008048
829,861,ae403474c3ce1cca,Cardiomegaly,on,0.1221681310273915,1.0,0.3980957338371316,0.5694748126908784,0.8369419902330845
830,863,9c6a1811fb76fa29,Cardiomegaly,off,0.1441652169251835,1.0,0.5102855216493214,0.666863570583965,1.687684297713973
830,863,9c6a1811fb76fa29,Cardiomegaly,on,0.1441652169251835,1.0,0.6271947889741117,0.7708832302529787,1.436883138386008
831,878,4e3b0c42eb0f4304,Cardiomegaly,off,0.1580193851146879,1.0,0.247058966403625,0.3896151043869783,1.3816977547569549
831,878,4e3b0c42eb0f4304,Cardiomegaly,on,0.1580193851146879,1.0,0.5115740535951437,0.6768747408376301,1.0588443972386306
832,879,a0aa3991a0bb3e5b,Cardiomegaly,off,0.1671564112685116,1.0,0.3314719301359999,0.4960871454412214,0.822964506770575
832,879,a0aa3991a0bb3e5b,Cardiomegaly,on,0.1671564112685116,1.0,0.391299035740042,0.562492721154827,0.7335635477305584
833,880,96a6632d91702e06,Cardiomegaly,off,0.1718638071429615,0.0,0.186961090086211,0.3106750048858623,0.7836841940831778
833,880,96a6632d91702e06,Cardiomegaly,on,0.1718638071429615,0.0,0.2338770150356994,0.3790852093976909,0.404639103833234
834,887,7eb0d17af8e0d642,Cardiomegaly,off,0.1519670189903951,1.0,0.4135068799897062,0.583588494995849,1.3588295016949987
834,887,7eb0d17af8e0d642,Cardiomegaly,on,0.1519670189903951,1.0,0.4601913022400222,0.6303146490362985,1.0845914220951898
835,891,2c387b7497386f40,Cardiomegaly,off,0.150095756034092,1.0,0.4844650816118643,0.6499020877364188,1.7022406040805569
835,891,2c387b7497386f40,Cardiomegaly,on,0.150095756034092,1.0,0.5586906460522246,0.7168697927513127,1.5177415768507798
836,895,c9e268450f694cd3,Cardiomegaly,off,0.1210034647603175,1.0,0.2990989629034655,0.4543929261487135,1.422308491284181
836,895,c9e268450f694cd3,Cardiomegaly,on,0.1210034647603175,1.0,0.5864095720813067,0.7392789262157443,1.291470546461737
837,898,b26ce08f494a7db4,Cardiomegaly,off,0.1583799930802255,1.0,0.3961211752449557,0.5628641731528663,1.7172079739398562
837,898,b26ce08f494a7db4,Cardiomegaly,on,0.1583799930802255,1.0,0.5369325497946321,0.6986972332238728,1.272499382743892
838,900,03be9ab047de4600,Cardiomegaly,off,0.1535653894322373,1.0,0.4944098497212102,0.6537846899591999,1.8253318295465644
838,900,03be9ab047de4600,Cardiomegaly,on,0.1535653894322373,1.0,0.6339395678226054,0.7759618805459233,1.5217044211512305
839,901,e9ae29bae8122a11,Cardiomegaly,off,0.1499398174544001,1.0,0.5168816923791122,0.6750760976582011,1.7154014738848204
839,901,e9ae29bae8122a11,Cardiomegaly,on,0.1499398174544001,1.0,0.5486470009666524,0.7085355483628368,1.1888060113631116
840,903,0c0401fd4708849d,Cardiomegaly,off,0.1304474949929096,1.0,0.3086495973250724,0.4681193253999355,1.2784221007837375
840,903,0c0401fd4708849d,Cardiomegaly,on,0.1304474949929096,1.0,0.4568522020010089,0.6271703839907501,0.9850837160012156
841,904,f2a99ba2c22ec977,Cardiomegaly,off,0.1398866521448864,1.0,0.4378720023363952,0.6087011773526804,1.3023618190134498
841,904,f2a99ba2c22ec977,Cardiomegaly,on,0.1398866521448864,1.0,0.459032373597276,0.6292284855682507,1.162696552091551
842,905,55870c2feee34d55,Cardiomegaly,off,0.1240637593867715,1.0,0.3962979338781105,0.5616398233930379,1.7143877266811214
842,905,55870c2feee34d55,Cardiomegaly,on,0.1240637593867715,1.0,0.6614545826140069,0.796230722098222,1.6048717464478524
843,906,ac9a2bb3a0548caf,Cardiomegaly,off,0.1074806660526585,1.0,0.2448642533936652,0.3887015536571011,0.8799812012313316
843,906,ac9a2bb3a0548caf,Cardiomegaly,on,0.1074806660526585,1.0,0.403079677702449,0.5745535609339629,0.8543090917874696
844,907,2ba90af17885feff,Cardiomegaly,off,0.1833058004278565,1.0,0.2512648187332676,0.4012864039708658,0.8061745362056972
844,907,2ba90af17885feff,Cardiomegaly,on,0.1833058004278565,1.0,0.2607586315396376,0.4136531232678482,0.5216013767029177
845,909,cf2cf8f35b3e26b7,Cardiomegaly,off,0.1410123337670375,0.0,0.2513899770588571,0.3996554190861568,1.0966124270573467
845,909,cf2cf8f35b3e26b7,Cardiomegaly,on,0.1410123337670375,0.0,0.3735769256797464,0.5439461893003885,0.9054079987579988
846,910,1561ef7f47ec3c6f,Cardiomegaly,off,0.1566939071873066,1.0,0.3126169696227626,0.4755389206661121,1.0205344468704758
846,910,1561ef7f47ec3c6f,Cardiomegaly,on,0.1566939071873066,1.0,0.3472500253961115,0.5154944917063782,0.8080594721360724
847,911,cc1a9a6c9210568f,Cardiomegaly,off,0.1142542481080264,1.0,0.5628668305880178,0.7159568637913798,2.08946752407574
847,911,cc1a9a6c9210568f,Cardiomegaly,on,0.1142542481080264,1.0,0.6456367866494482,0.7846648008153368,2.314699127442224
848,913,c3f4bdc9c10e98cc,Cardiomegaly,off,0.1541745245091589,1.0,0.2965113500597371,0.4523479540889558,1.4267263774726566
848,913,c3f4bdc9c10e98cc,Cardiomegaly,on,0.1541745245091589,1.0,0.4633183990442054,0.6332304629899299,0.9746157077220888
849,915,3cd1f43abf66d336,Cardiomegaly,off,0.16092374116145,1.0,0.3253033284338298,0.4873971616652884,1.3358832493737274
849,915,3cd1f43abf66d336,Cardiomegaly,on,0.16092374116145,1.0,0.4641338537386273,0.6340000674313653,0.9274776899424916
850,918,c4d577be099a01a4,Cardiomegaly,off,0.1651438289743627,1.0,0.4566308572890129,0.6208123664945189,1.9282552272248743
850,918,c4d577be099a01a4,Cardiomegaly,on,0.1651438289743627,1.0,0.6036609505023863,0.752853311743736,1.5584287460602837
851,921,457fe3957e7b56af,Cardiomegaly,off,0.1563381723023844,1.0,0.6469315023677555,0.7723320458447696,2.2848168928253494
851,921,457fe3957e7b56af,Cardiomegaly,on,0.1563381723023844,1.0,0.8583071022147013,0.9237514121333706,3.448783577978784
852,922,0b67d668040438d9,Cardiomegaly,off,0.1879352270124604,1.0,0.2889809314597804,0.4469456998123622,1.055843439944676
852,922,0b67d668040438d9,Cardiomegaly,on,0.1879352270124604,1.0,0.3242007011697511,0.4896525997002546,0.6287068535040491
853,928,d4d998e70eb02d4a,Cardiomegaly,off,0.1529611274359311,1.0,0.2980435168945308,0.4567163078314828,1.0246307302942477
853,928,d4d998e70eb02d4a,Cardiomegaly,on,0.1529611274359311,1.0,0.3725101765741084,0.5428136374473922,0.7668266139453146
854,929,2a32d271c904b3d5,Cardiomegaly,off,0.1771169880463332,1.0,0.4029803016129933,0.5732837439014824,1.33604362295116
854,929,2a32d271c904b3d5,Cardiomegaly,on,0.1771169880463332,1.0,0.4031808068170658,0.5746632633607054,0.9687147821073556
855,933,0edc5e0c0eba3ced,Cardiomegaly,off,0.1507000180303983,1.0,0.3699501831536748,0.5321096629817783,1.9459894052623403
855,933,0edc5e0c0eba3ced,Cardiomegaly,on,0.1507000180303983,1.0,0.6457016782943938,0.7846993297353947,1.471136440279812
856,934,74fc264d95280b44,Cardiomegaly,off,0.1660648412106681,1.0,0.2903963381713951,0.4470858156525182,1.1089215380091255
856,934,74fc264d95280b44,Cardiomegaly,on,0.1660648412106681,1.0,0.4061808426945359,0.5777042842958292,0.7783467001842592
857,936,783e7db10dce15e4,Cardiomegaly,off,0.1387463512808892,1.0,0.3295935652823633,0.4913693581476283,1.3554183629773362
857,936,783e7db10dce15e4,Cardiomegaly,on,0.1387463512808892,1.0,0.4872864423825293,0.6552637624674537,1.1240131631594428
858,937,b93a498274316f1d,Cardiomegaly,off,0.1279378584759927,1.0,0.2355067914050311,0.37693489925008,1.273546638411909
858,937,b93a498274316f1d,Cardiomegaly,on,0.1279378584759927,1.0,0.4889066559227172,0.6567243107718447,1.0198911120238192
859,939,44676a6c22bbc733,Cardiomegaly,off,0.1424352733067263,1.0,0.2407857366809784,0.3847949967124544,0.9629039322950316
859,939,44676a6c22bbc733,Cardiomegaly,on,0.1424352733067263,1.0,0.4100115220040187,0.5815611963291571,0.8274841575232389
860,943,ca57dc7d2c579615,Cardiomegaly,off,0.1279768431209157,1.0,0.3081033604469924,0.4652235002455104,1.3255884909707951
860,943,ca57dc7d2c579615,Cardiomegaly,on,0.1279768431209157,1.0,0.5549899189129687,0.713812672105356,1.195908443097604
861,944,681a904a771384c1,Cardiomegaly,off,0.1206526029560107,1.0,0.292657046919254,0.4501543428914307,0.8733151736862895
861,944,681a904a771384c1,Cardiomegaly,on,0.1206526029560107,1.0,0.3667180628854679,0.5366247999635833,0.7603666464377934
862,945,d65412eb0caf13b6,Cardiomegaly,off,0.1446525249867208,1.0,0.3490257898032164,0.5151632954592931,1.336109007676637
862,945,d65412eb0caf13b6,Cardiomegaly,on,0.1446525249867208,1.0,0.4417007448147321,0.6127478892182838,1.042839165917544
863,950,bb719db62ff21541,Cardiomegaly,off,0.1548665019565418,1.0,0.4187434961589198,0.5836301847708147,1.6955890179360391
863,950,bb719db62ff21541,Cardiomegaly,on,0.1548665019565418,1.0,0.5945140336863058,0.7456984229974577,1.349112348848229
864,951,4fe76432fdb173d5,Cardiomegaly,off,0.1487459127036338,1.0,0.2773911540179445,0.4307414193454487,1.219388001389724
864,951,4fe76432fdb173d5,Cardiomegaly,on,0.1487459127036338,1.0,0.4274615416131982,0.5989025945194403,0.8605911660144028
865,952,89ef9383e71e14ac,Cardiomegaly,off,0.2122860108474774,1.0,0.3776775875067671,0.5482354343316207,1.5559235128050644
865,952,89ef9383e71e14ac,Cardiomegaly,on,0.2122860108474774,1.0,0.3713327619286817,0.5415645868118294,1.0864402559205897
866,955,befc0c99b4dd6e6c,Cardiomegaly,off,0.1915364335872208,0.0,0.1276302842933785,0.2263563418960394,-0.054209490605749
866,955,befc0c99b4dd6e6c,Cardiomegaly,on,0.1915364335872208,0.0,0.1280287416237104,0.2269953007567539,0.1310917880380815
867,956,72f7954fb0161c5d,Cardiomegaly,off,0.1655970254715923,1.0,0.2562964621849579,0.406979824150699,0.8185232917532088
867,956,72f7954fb0161c5d,Cardiomegaly,on,0.1655970254715923,1.0,0.3072364880814262,0.470053635502574,0.5584113250304795
868,957,8ed57312da57662c,Cardiomegaly,off,0.1378886890925836,1.0,0.3279407973316588,0.4896811527157341,1.434280756199172
868,957,8ed57312da57662c,Cardiomegaly,on,0.1378886890925836,1.0,0.5141507581237352,0.6791209856907952,1.0775699556620388
869,959,18fa7ed3a4c38830,Cardiomegaly,off,0.1448182097276435,1.0,0.3171673432040892,0.4766086426138448,1.3941464707865086
869,959,18fa7ed3a4c38830,Cardiomegaly,on,0.1448182097276435,1.0,0.4919041489621768,0.6594298527602684,1.1697367623287749
870,962,00f3d968b485ab18,Cardiomegaly,off,0.150500221725168,1.0,0.2917085753469501,0.4480046326435541,1.0621842597848037
870,962,00f3d968b485ab18,Cardiomegaly,on,0.150500221725168,1.0,0.4115564490606525,0.5831191482317267,0.8142691393082901
871,963,270f597c3ae829e3,Cardiomegaly,off,0.1661428105005141,1.0,0.4491420391492267,0.6123667724215834,1.5162896974650342
871,963,270f597c3ae829e3,Cardiomegaly,on,0.1661428105005141,1.0,0.531162489116728,0.6937955946559267,1.3237343978160356
872,966,b06d5b89bfe7e4f9,Cardiomegaly,off,0.1270509578039949,1.0,0.4106654141359568,0.5747404912094036,1.3876773655006518
872,966,b06d5b89bfe7e4f9,Cardiomegaly,on,0.1270509578039949,1.0,0.5272035438625878,0.6904041968140271,1.1168016158633869
873,969,d26b663717915394,Cardiomegaly,off,0.1402131485461164,1.0,0.3359994099203617,0.5002301418149449,1.4376679063816025
873,969,d26b663717915394,Cardiomegaly,on,0.1402131485461164,1.0,0.4473201176783473,0.6181309704419,0.990916591422235
874,970,c496622f0d34bcdd,Cardiomegaly,off,0.1638963203368273,0.0,0.2848185408736222,0.4407292319046106,1.2213171448258189
874,970,c496622f0d34bcdd,Cardiomegaly,on,0.1638963203368273,0.0,0.3436814350343448,0.5115477141849667,0.8195803723286432
875,971,88c90e9bcd88233b,Cardiomegaly,off,0.1432344585276474,1.0,0.2979306265438741,0.4554561789345146,1.2840061769226268
875,971,88c90e9bcd88233b,Cardiomegaly,on,0.1432344585276474,1.0,0.3991594377810613,0.5705629815650288,0.8492324555917211
876,974,0fd3a51f7c7139b9,Cardiomegaly,off,0.1252722833793839,1.0,0.3921126591603152,0.5599983134883917,1.8312004506579955
876,974,0fd3a51f7c7139b9,Cardiomegaly,on,0.1252722833793839,1.0,0.5675421345637306,0.7241143438448079,1.8197333120010444
877,975,ed4fefd6128d9cd5,Cardiomegaly,off,0.1628193695208299,1.0,0.2662230059677378,0.4177857128105452,1.0234930757809886
877,975,ed4fefd6128d9cd5,Cardiomegaly,on,0.1628193695208299,1.0,0.390804734083697,0.5619793033726893,0.7588778223316659
878,976,c29166e493d19f2e,Cardiomegaly,off,0.1515235686543962,1.0,0.3691996951219512,0.5324303750402631,1.7141693513649048
878,976,c29166e493d19f2e,Cardiomegaly,on,0.1515235686543962,1.0,0.57801558147409,0.7325697221887264,1.2477229826236864
879,977,7f94daf6c078208b,Cardiomegaly,off,0.1905130866579925,0.0,0.2527244756908203,0.4023246986851273,0.9664804061288432
879,977,7f94daf6c078208b,Cardiomegaly,on,0.1905130866579925,0.0,0.2681407132657944,0.4228859131143744,0.5631047128321249
880,979,b50c310ab039d823,Cardiomegaly,off,0.1852209211096979,1.0,0.4521483925888797,0.6208228117215131,1.5209517717918328
880,979,b50c310ab039d823,Cardiomegaly,on,0.1852209211096979,1.0,0.5034788615760661,0.6697500723636172,1.047084906577103
881,980,add9d47c8799e3e3,Cardiomegaly,off,0.1756453177004907,1.0,0.4415437173187328,0.610369656956528,1.756166332124951
881,980,add9d47c8799e3e3,Cardiomegaly,on,0.1756453177004907,1.0,0.5235919951684285,0.6873095065623901,1.2549440232594935
882,982,8cebd91da402e33d,Cardiomegaly,off,0.1728335501854207,1.0,0.6991582411629474,0.8185774513594666,2.613114313143463
882,982,8cebd91da402e33d,Cardiomegaly,on,0.1728335501854207,1.0,0.7977868959182551,0.8875210610256603,2.6578904212740437
883,983,d1d4e9bef6643e23,Cardiomegaly,off,0.1870288340180011,1.0,0.4281621179338371,0.598526391901671,1.4145248230152794
883,983,d1d4e9bef6643e23,Cardiomegaly,on,0.1870288340180011,1.0,0.4524224591401905,0.6229884549190217,0.8695627226661988
884,984,4da0332e60bf86b8,Cardiomegaly,off,0.1631751044057522,1.0,0.3207819456722413,0.480592505100147,1.0652851896100397
884,984,4da0332e60bf86b8,Cardiomegaly,on,0.1631751044057522,1.0,0.4243137142051599,0.5958142506582329,0.8305382394195644
885,992,8ef6d0a1def1cf1b,Cardiomegaly,off,0.1603438445682207,1.0,0.3195902205590618,0.4807417191452233,1.283860068425993
885,992,8ef6d0a1def1cf1b,Cardiomegaly,on,0.1603438445682207,1.0,0.4457274811672427,0.6166038428234564,0.9336740069057108
886,995,12686c36026b3031,Cardiomegaly,off,0.1442578054568756,1.0,0.4223060758240667,0.584674065812335,2.109270886513794
886,995,12686c36026b3031,Cardiomegaly,on,0.1442578054568756,1.0,0.7168165386977776,0.835041398237918,1.8021584362024765
887,1000,824eacc60bf5aceb,Cardiomegaly,off,0.127353088802148,1.0,0.4198986818264347,0.5874463034698933,2.096494002722012
887,1000,824eacc60bf5aceb,Cardiomegaly,on,0.127353088802148,1.0,0.6242088780318996,0.7686308421505388,2.1525593457698133
888,1001,fdcff99e7265a8de,Cardiomegaly,off,0.1682382351651243,1.0,0.4525499637511605,0.6210494726906834,1.729091173659817
888,1001,fdcff99e7265a8de,Cardiomegaly,on,0.1682382351651243,1.0,0.5206930549658371,0.6848072941353909,1.182510173491394
889,1002,52b72ff5f88f0a37,Cardiomegaly,off,0.1202042795393964,1.0,0.4379879719738356,0.6053428733881063,1.7330794970843102
889,1002,52b72ff5f88f0a37,Cardiomegaly,on,0.1202042795393964,1.0,0.5437367010993427,0.7044422777182089,1.5212898222110214
890,1005,f1f07bedc325e82e,Cardiomegaly,off,0.1628778464882144,1.0,0.3394764733471518,0.4947163136525453,1.3453671827780402
890,1005,f1f07bedc325e82e,Cardiomegaly,on,0.1628778464882144,1.0,0.4792183647693931,0.6479257779335093,0.9803857163320728
891,1007,6fc6a60d0335fbd6,Cardiomegaly,off,0.1652169251835933,1.0,0.4412392439394058,0.6108481959411349,1.533576603664851
891,1007,6fc6a60d0335fbd6,Cardiomegaly,on,0.1652169251835933,1.0,0.484706513822892,0.6529316851085166,1.034338122375991
892,1008,5e88f0f16c7e6a47,Cardiomegaly,off,0.101759669410211,1.0,0.4376413937555597,0.6040490047422604,1.1927904546777788
892,1008,5e88f0f16c7e6a47,Cardiomegaly,on,0.101759669410211,1.0,0.5341843605713686,0.6963671835147329,1.2574637946641645
893,1012,74605b9a2e60db04,Cardiomegaly,off,0.182881842414319,0.0,0.3520163855512969,0.5170399123128925,1.0145505165717723
893,1012,74605b9a2e60db04,Cardiomegaly,on,0.182881842414319,0.0,0.2859153356520644,0.4446724881157042,0.4864018805529095
894,1014,a75c3f979a938d95,Cardiomegaly,off,0.1316316535824452,1.0,0.3949340171118585,0.5559840104202745,1.772175686450786
894,1014,a75c3f979a938d95,Cardiomegaly,on,0.1316316535824452,1.0,0.626231426328653,0.7701343188616973,1.479484233211462
895,1016,cd4a1485e9f93a94,Cardiomegaly,off,0.175153136558338,1.0,0.4261664395583645,0.5924228796633708,1.6022461475967975
895,1016,cd4a1485e9f93a94,Cardiomegaly,on,0.175153136558338,1.0,0.4961795915503478,0.6632606928227635,1.145590352689952
896,1017,7d078f83e9932755,Cardiomegaly,off,0.1587552202876092,1.0,0.3311405197663959,0.4916632512382622,1.2411503830789894
896,1017,7d078f83e9932755,Cardiomegaly,on,0.1587552202876092,1.0,0.4922522065130613,0.659743879505901,1.101293870077448
897,1019,094881505a8ff1b3,Cardiomegaly,off,0.1738812625177258,1.0,0.4138381701979438,0.5763524310720517,1.5820736676300904
897,1019,094881505a8ff1b3,Cardiomegaly,on,0.1738812625177258,1.0,0.506413181569594,0.6723324078148029,1.087116883017094
898,1022,1d83329f432409d6,Cardiomegaly,off,0.1506561603048599,1.0,0.4406414903028978,0.6077803777898679,2.151166569085035
898,1022,1d83329f432409d6,Cardiomegaly,on,0.1506561603048599,1.0,0.6062916382328117,0.7548952131448686,2.594906630615342
899,1024,8dfa509238d5a956,Cardiomegaly,off,0.1700217826703507,1.0,0.4575324442847456,0.6259238097372535,1.2938600118446972
899,1024,8dfa509238d5a956,Cardiomegaly,on,0.1700217826703507,1.0,0.484268986344717,0.6525318862267356,0.975274119264789
900,1025,2864099e6d54ee2c,Cardiomegaly,off,0.1355252449941279,1.0,0.375834446185851,0.5427146269787672,1.2277432395121846
900,1025,2864099e6d54ee2c,Cardiomegaly,on,0.1355252449941279,1.0,0.4451502457769813,0.6160604320708636,0.9773304252254152
901,1027,273ac948181f7eea,Cardiomegaly,off,0.1315585573732146,1.0,0.3587989533637907,0.5229135247391518,1.4079062669347189
901,1027,273ac948181f7eea,Cardiomegaly,on,0.1315585573732146,1.0,0.5114516496234971,0.6767567375877642,1.094508249226975
902,1028,382871315310f9db,Cardiomegaly,off,0.1643446437534416,1.0,0.370346803060207,0.5375885195293335,1.3134543682923607
902,1028,382871315310f9db,Cardiomegaly,on,0.1643446437534416,1.0,0.4753657212889246,0.6444011741258057,0.9456005601167922
903,1029,2e80f309fb870991,Cardiomegaly,off,0.1274749158175323,1.0,0.3747670361674799,0.5433900208755915,0.691774021296857
903,1029,2e80f309fb870991,Cardiomegaly,on,0.1274749158175323,1.0,0.4082125079250631,0.5797582826662289,0.8757342171142994
904,1031,21972a3282017c95,Cardiomegaly,off,0.1160767802581758,1.0,0.2371763690997806,0.3802699174404303,1.103982455174601
904,1031,21972a3282017c95,Cardiomegaly,on,0.1160767802581758,1.0,0.4281315705378778,0.5995614779519978,0.8863231359652398
905,1034,2014a5fe5fbf1d92,Cardiomegaly,off,0.1508657027713209,1.0,0.2844234524755615,0.440032109144045,1.3654127236128404
905,1034,2014a5fe5fbf1d92,Cardiomegaly,on,0.1508657027713209,1.0,0.4398780569995349,0.6109882710100824,0.9235479335712726
906,1035,a3835dd57513682a,Cardiomegaly,off,0.1328791622199806,1.0,0.2591822441529272,0.4088839976941657,1.1857446192338537
906,1035,a3835dd57513682a,Cardiomegaly,on,0.1328791622199806,1.0,0.4539026445443406,0.6243879976078728,0.9435102562323102
907,1039,d0e09902a8cf7f55,Cardiomegaly,off,0.1625367308451383,1.0,0.2669022659282047,0.4190161106791957,0.9031992414505614
907,1039,d0e09902a8cf7f55,Cardiomegaly,on,0.1625367308451383,1.0,0.3502744680558893,0.5188153602318708,0.6516655108165729
908,1042,a1edbe156ffe4a43,Cardiomegaly,off,0.1488969782027104,1.0,0.3788495079224682,0.5455679370745724,1.6948809731614602
908,1042,a1edbe156ffe4a43,Cardiomegaly,on,0.1488969782027104,1.0,0.5455574638960898,0.7059611775445719,1.2659745433321157
909,1043,840606d79ea0bbc6,Cardiomegaly,off,0.1237470091467723,1.0,0.3589448305356986,0.5213535341764172,1.5765141688229694
909,1043,840606d79ea0bbc6,Cardiomegaly,on,0.1237470091467723,1.0,0.6171432277963139,0.763237026056807,1.4019545558458522
910,1044,f6413aef8fe70758,Cardiomegaly,off,0.1650804789263628,1.0,0.3883820474734505,0.5561693962103453,1.6186154250596068
910,1044,f6413aef8fe70758,Cardiomegaly,on,0.1650804789263628,1.0,0.5086723793807526,0.6743280254862103,1.1012588854566387
911,1048,1605ba691cedb4e6,Cardiomegaly,off,0.1918190722629124,1.0,0.6502492790386674,0.7879139266054027,2.146125532430693
911,1048,1605ba691cedb4e6,Cardiomegaly,on,0.1918190722629124,1.0,0.6699763322542274,0.8023782244911695,1.7404012022699022
912,1050,437d8e6db071e050,Cardiomegaly,off,0.1460949568488711,1.0,0.5774893970320943,0.7277977561501399,2.1956642003156177
912,1050,437d8e6db071e050,Cardiomegaly,on,0.1460949568488711,1.0,0.6715833271922506,0.8035281473512231,2.1194756821094485
913,1052,84cf2a960de27285,Cardiomegaly,off,0.1536774702863909,1.0,0.2782568939921493,0.4300880858868644,1.4435263015732356
913,1052,84cf2a960de27285,Cardiomegaly,on,0.1536774702863909,1.0,0.4793059136108709,0.6480068919381206,0.9863268954058736
914,1053,42aaaec43b390010,Cardiomegaly,off,0.126032483955382,1.0,0.2339225530893137,0.3743632490274269,0.7991640663078221
914,1053,42aaaec43b390010,Cardiomegaly,on,0.126032483955382,1.0,0.4086807449649293,0.5802278815784957,0.8350435203515266
915,1054,c1ebe3497131f467,Cardiomegaly,off,0.1758792255700286,1.0,0.5252671320152994,0.6813121022529663,2.0134752904100246
915,1054,c1ebe3497131f467,Cardiomegaly,on,0.1758792255700286,1.0,0.6458210719496956,0.7847982674406354,1.6137285391796448
916,1056,1439214a04d8402b,Cardiomegaly,off,0.1606947063725275,1.0,0.2456992520388648,0.3922605316243487,0.9372232288118776
916,1056,1439214a04d8402b,Cardiomegaly,on,0.1606947063725275,1.0,0.3302084571775581,0.4964722637848508,0.6198147026448035
917,1058,7fde84c083851f22,Cardiomegaly,off,0.1359735684107422,1.0,0.5214416971142827,0.6793689996451135,1.750655890034896
917,1058,7fde84c083851f22,Cardiomegaly,on,0.1359735684107422,1.0,0.6551877865752959,0.7916775679086383,1.6647587572285083
918,1062,02b51014a85c1663,Cardiomegaly,off,0.165972252678976,1.0,0.3948392763874001,0.562445467744572,1.612417312906155
918,1062,02b51014a85c1663,Cardiomegaly,on,0.165972252678976,1.0,0.5155987665327526,0.6803834784478235,1.060057161786957
919,1065,d7aa4e4a46f520bb,Cardiomegaly,off,0.1623028229756004,1.0,0.3851932554438408,0.5543210008956171,1.3041092277888051
919,1065,d7aa4e4a46f520bb,Cardiomegaly,on,0.1623028229756004,1.0,0.4470721970879977,0.617897943147189,0.944496125763314
920,1066,fe801ee1c7637098,Cardiomegaly,off,0.1412754801202676,1.0,0.3851813713300707,0.5504807568856972,1.614854299810633
920,1066,fe801ee1c7637098,Cardiomegaly,on,0.1412754801202676,1.0,0.5932399726536474,0.7446918198249992,1.3289042253304069
921,1069,9d0c66651c1b5ba9,Cardiomegaly,off,0.1681310273915861,1.0,0.4618008766250164,0.6311107128517494,2.025965201817243
921,1069,9d0c66651c1b5ba9,Cardiomegaly,on,0.1681310273915861,1.0,0.5008166507607236,0.6673921793640025,1.8471818318783613
922,1070,94c7afec0324dd4b,Cardiomegaly,off,0.1647929671700559,1.0,0.3050732786134457,0.4656880077952706,1.1114949571837922
922,1070,94c7afec0324dd4b,Cardiomegaly,on,0.1647929671700559,1.0,0.3791765193163116,0.5498572301363294,0.7534443190145736
923,1075,44d14d61561b1386,Cardiomegaly,off,0.1335370281030559,1.0,0.3480922541453474,0.5117186141057399,1.5242754667706933
923,1075,44d14d61561b1386,Cardiomegaly,on,0.1335370281030559,1.0,0.5414692915773298,0.7025296716787794,1.1478741990699854
924,1078,ea650221b3a462e6,Cardiomegaly,off,0.1260519762778435,1.0,0.3532902790592481,0.5173938187827127,1.6354277682468017
924,1078,ea650221b3a462e6,Cardiomegaly,on,0.1260519762778435,1.0,0.5623411816356102,0.7198657377847276,1.4129585518234973
925,1079,fc74f46e0ae69b4e,Cardiomegaly,off,0.1308665799258317,1.0,0.3261665396943115,0.4881974383419516,1.416913228292253
925,1079,fc74f46e0ae69b4e,Cardiomegaly,on,0.1308665799258317,1.0,0.5104001504305753,0.6758428823818246,1.1515058287805076
926,1080,3f71a3f804aa8c4c,Cardiomegaly,off,0.1178798200858636,1.0,0.2547966052313673,0.4032605312373412,0.9926479488015212
926,1080,3f71a3f804aa8c4c,Cardiomegaly,on,0.1178798200858636,1.0,0.4166617796251396,0.5882248411773042,0.8698984238511479
927,1081,638f2e9bd1fd7468,Cardiomegaly,off,0.1124170967160309,1.0,0.2988289495359756,0.4563068183870478,1.0031504329096808
927,1081,638f2e9bd1fd7468,Cardiomegaly,on,0.1124170967160309,1.0,0.4363435785761148,0.6075694734793272,0.9266009423837356
928,1082,cd430ecde71ab7a4,Cardiomegaly,off,0.1919360261976813,1.0,0.3312283483502783,0.4965214801537833,1.1834745436466616
928,1082,cd430ecde71ab7a4,Cardiomegaly,on,0.1919360261976813,1.0,0.3452441186058812,0.5132791903806289,0.7827902899245165
929,1085,c40b17d3b9e8d8f3,Cardiomegaly,off,0.1477030734519441,1.0,0.3045147639897666,0.462423500649381,1.3322098256666737
929,1085,c40b17d3b9e8d8f3,Cardiomegaly,on,0.1477030734519441,1.0,0.4819496900121335,0.6504265078824483,1.1072606552953803
930,1089,ccc6e3953f9c8e69,Cardiomegaly,off,0.1242733018532325,1.0,0.4123292918017588,0.5812966281265934,1.5153242976389472
930,1089,ccc6e3953f9c8e69,Cardiomegaly,on,0.1242733018532325,1.0,0.4890933479994502,0.656898790132139,1.2862117333133436
931,1092,1596b54de7535b16,Cardiomegaly,off,0.1533217354014687,1.0,0.389988657290178,0.5472054177760156,2.00284900411439
931,1092,1596b54de7535b16,Cardiomegaly,on,0.1533217354014687,1.0,0.5386288109225807,0.7001272524453934,2.4724709497735278
932,1094,ffcdb2676970c5db,Cardiomegaly,off,0.1470890652944071,1.0,0.4280978585028466,0.5923186385381954,1.888644786389916
932,1094,ffcdb2676970c5db,Cardiomegaly,on,0.1470890652944071,1.0,0.6516377427749859,0.7890768183067509,1.5555478403107033
933,1095,f451fc4d2a9f67e0,Cardiomegaly,off,0.1515722994605499,1.0,0.3974205660338216,0.5637687462689652,1.3212521041910248
933,1095,f451fc4d2a9f67e0,Cardiomegaly,on,0.1515722994605499,1.0,0.5226698683761359,0.6865140850547571,1.092622165578603
934,1096,2037bdd82ce632fa,Cardiomegaly,off,0.1667470724968203,1.0,0.5788336373214102,0.7248595259878485,2.327856162173864
934,1096,2037bdd82ce632fa,Cardiomegaly,on,0.1667470724968203,1.0,0.7188312113364871,0.8364183432376452,2.448313407539771
935,1097,b67fd708ddd4c9d6,Cardiomegaly,off,0.1287955206642983,1.0,0.3572294438986761,0.5222368683454391,1.7449538519211356
935,1097,b67fd708ddd4c9d6,Cardiomegaly,on,0.1287955206642983,1.0,0.5596797030703765,0.7176838428370811,1.5093450162867954
936,1100,d6b828df6bd6c5f9,Cardiomegaly,off,0.1417043112144204,1.0,0.4374331705535704,0.6029039626533362,1.5255287365639223
936,1100,d6b828df6bd6c5f9,Cardiomegaly,on,0.1417043112144204,1.0,0.5834020002703546,0.7368967226574268,1.3655886221627194
937,1101,9417a465b90295db,Cardiomegaly,off,0.1726142615577289,1.0,0.1987536248315937,0.330681354992874,0.8184323030177149
937,1101,9417a465b90295db,Cardiomegaly,on,0.1726142615577289,1.0,0.2177138610186595,0.3575770358116286,0.4047648681668543
938,1102,d3473ad26d4bd2b2,Cardiomegaly,off,0.1242294441276942,1.0,0.3686478500289226,0.534754641979108,1.5738475985167246
938,1102,d3473ad26d4bd2b2,Cardiomegaly,on,0.1242294441276942,1.0,0.5609419669488767,0.7187218513797888,1.394991849601462
939,1103,668cf5db5fe96307,Cardiomegaly,off,0.1352426063184363,1.0,0.2621048337668344,0.4119308614009026,1.1994722738869354
939,1103,668cf5db5fe96307,Cardiomegaly,on,0.1352426063184363,1.0,0.4706704577173962,0.6400699314912816,0.9681879672249024
940,1105,ae14d9858d0bac9d,Cardiomegaly,off,0.1378253390445838,1.0,0.3551993229783999,0.5200844805787717,1.643578376266528
940,1105,ae14d9858d0bac9d,Cardiomegaly,on,0.1378253390445838,1.0,0.5707591100645677,0.7267292320427077,1.3290230981036428
941,1107,d7e55c1dd35bc46a,Cardiomegaly,off,0.1294826250310659,1.0,0.3441784999685508,0.5062788097070474,1.0279390349197497
941,1107,d7e55c1dd35bc46a,Cardiomegaly,on,0.1294826250310659,1.0,0.4523400110040588,0.622909187225262,0.930091584561336
942,1109,43be89cc652a0ec2,Cardiomegaly,off,0.1253015218630762,1.0,0.2775288910186697,0.4320136729395845,0.8202097780885264
942,1109,43be89cc652a0ec2,Cardiomegaly,on,0.1253015218630762,1.0,0.3481203113648992,0.5164479291531983,0.7060198549465436
943,1111,4d6947f7b7d2fe3d,Cardiomegaly,off,0.1605631331959124,1.0,0.3682333111465109,0.5361518158491646,1.5793574065608302
943,1111,4d6947f7b7d2fe3d,Cardiomegaly,on,0.1605631331959124,1.0,0.4637043941037192,0.6336021509896963,1.1017613430406572
944,1112,35697eceff38abd1,Cardiomegaly,off,0.1652705290703624,1.0,0.4404355653098092,0.6048305894823278,1.524140017782621
944,1112,35697eceff38abd1,Cardiomegaly,on,0.1652705290703624,1.0,0.5387924815582071,0.7002780772399709,1.3969611204199743
945,1113,28704d3df7d54ff7,Cardiomegaly,off,0.1247606099147698,1.0,0.575260735132435,0.7170283395645802,1.9819840837708724
945,1113,28704d3df7d54ff7,Cardiomegaly,on,0.1247606099147698,1.0,0.737705713801692,0.8490539524502576,2.6223912615876315
946,1118,a3686ee3ea5706e2,Cardiomegaly,off,0.1303695257030637,1.0,0.3646599554355322,0.5302371431122951,1.6189523790766418
946,1118,a3686ee3ea5706e2,Cardiomegaly,on,0.1303695257030637,1.0,0.5590765677924556,0.7171822448186854,1.2624657877361678
947,1119,bc569f7bbbe48ed0,Cardiomegaly,off,0.1751823750420303,1.0,0.4710705049745483,0.6401118409778572,1.6256275363484567
947,1119,bc569f7bbbe48ed0,Cardiomegaly,on,0.1751823750420303,1.0,0.4858433467529043,0.6539620332125847,1.3087426184667494
948,1125,2a0edca9a07017a6,Cardiomegaly,off,0.1350769215775136,1.0,0.3149633674847363,0.4756080846963911,1.3552974579486807
948,1125,2a0edca9a07017a6,Cardiomegaly,on,0.1350769215775136,1.0,0.4817938545761315,0.6502785480149722,0.9954636155233192
949,1126,ddd31eb5a4ee3e1a,Cardiomegaly,off,0.1743344590149554,1.0,0.4242714580692318,0.5944958097842103,1.5239948750572794
949,1126,ddd31eb5a4ee3e1a,Cardiomegaly,on,0.1743344590149554,1.0,0.4654359212466353,0.6352183655644346,1.1565304771464913
950,1133,122bb6e0ed2718f9,Cardiomegaly,off,0.1384247279602746,1.0,0.319187927832894,0.4797589189816099,1.353423690876921
950,1133,122bb6e0ed2718f9,Cardiomegaly,on,0.1384247279602746,1.0,0.5188426192673361,0.683204760548523,1.108081007430778
951,1134,af9e54641c07f285,Cardiomegaly,off,0.1376157965781227,1.0,0.3648043304573112,0.5296266411679357,1.4678655817297477
951,1134,af9e54641c07f285,Cardiomegaly,on,0.1376157965781227,1.0,0.4956374150317065,0.6627669296842045,1.0714702760146262
952,1136,736a8b9e30f13908,Cardiomegaly,off,0.1438143551208767,1.0,0.3997493283898891,0.5678719544708967,1.781998225766373
952,1136,736a8b9e30f13908,Cardiomegaly,on,0.1438143551208767,1.0,0.5345674759093055,0.6966976095876969,1.4842053596853697
953,1138,73bc7952bfff8707,Cardiomegaly,off,0.1255208104907679,1.0,0.26758178576114,0.4185175174444683,1.2569979654017969
953,1138,73bc7952bfff8707,Cardiomegaly,on,0.1255208104907679,1.0,0.4827668086421098,0.6511630472259933,1.0079368782866458
954,1140,6a71d0d1f69700bd,Cardiomegaly,off,0.1409294913965761,1.0,0.4515159155499666,0.6152230479119966,1.840204259475818
954,1140,6a71d0d1f69700bd,Cardiomegaly,on,0.1409294913965761,1.0,0.6505596065704663,0.7882851256236943,1.5577080565036618
955,1141,b90eb647d582b7e9,Cardiomegaly,off,0.1389558937473502,1.0,0.3255419556210365,0.4849556686528334,1.6625399194728092
955,1141,b90eb647d582b7e9,Cardiomegaly,on,0.1389558937473502,1.0,0.5828224567988995,0.7364272391630615,1.2643633770270095
956,1142,fd33d40594fe12ba,Cardiomegaly,off,0.1335321550224405,1.0,0.302697135192105,0.4591664513447495,1.6930429000684224
956,1142,fd33d40594fe12ba,Cardiomegaly,on,0.1335321550224405,1.0,0.6262814902066325,0.7701893703818559,1.3867396118114024
957,1146,37bf2d617731ffdf,Cardiomegaly,off,0.16530464063467,0.0,0.2894525174292259,0.4476564947086822,1.2023758810852665
957,1146,37bf2d617731ffdf,Cardiomegaly,on,0.16530464063467,0.0,0.2891401032556337,0.4485745628287476,0.827000142378248
958,1148,8949e949e58919ed,Cardiomegaly,off,0.1505538256119371,1.0,0.328628345897009,0.4878766710481875,1.6331926682590896
958,1148,8949e949e58919ed,Cardiomegaly,on,0.1505538256119371,1.0,0.5659826789622342,0.7228285788146497,1.220026737317551
959,1149,8a491f78b4efd39e,Cardiomegaly,off,0.1589257781091472,1.0,0.3400769527233631,0.503737312963781,1.239885882542782
959,1149,8a491f78b4efd39e,Cardiomegaly,on,0.1589257781091472,1.0,0.4554515076447067,0.6258535973135795,0.9017983006113748
960,1155,dd45016fdfaa6388,Cardiomegaly,off,0.1530878275319308,1.0,0.5808122079411718,0.7297172019143441,2.3097535921465866
960,1155,dd45016fdfaa6388,Cardiomegaly,on,0.1530878275319308,1.0,0.7152002403697282,0.8339552656619886,2.681414833098261
961,1159,7026b654149c2a17,Cardiomegaly,off,0.20061498277366,1.0,0.5120493989016682,0.6762214551649103,1.5945720570145403
961,1159,7026b654149c2a17,Cardiomegaly,on,0.20061498277366,1.0,0.5398381499794939,0.7011609019628318,1.18189470709531
962,143,50a78104f389d4c5,Lung Opacity,off,0.1501591060820919,1.0,0.5454215388119956,0.6941275155544867,3.1189743902385088
962,143,50a78104f389d4c5,Lung Opacity,on,0.1501591060820919,1.0,0.3378753720659909,0.5050740690560703,3.007794845735301
963,151,e2c9e2770f83c49c,Lung Opacity,off,0.1721172073349609,0.0,0.2162572670209138,0.3548409210641075,1.5422440434062714
963,151,e2c9e2770f83c49c,Lung Opacity,on,0.1721172073349609,0.0,0.2337350754392415,0.3789056194145889,1.4842217013245875
964,158,c99d34d384583ad4,Lung Opacity,off,0.1267049690803035,1.0,0.3252323211745597,0.4845621821911758,1.450724337469692
964,158,c99d34d384583ad4,Lung Opacity,on,0.1267049690803035,1.0,0.5542936603199203,0.7132402051061251,1.2105370870484071
965,212,12ed86139ce1a5fc,Lung Opacity,off,0.1815709837287838,1.0,0.3263817288589826,0.4807967836541526,1.350619454372099
965,212,12ed86139ce1a5fc,Lung Opacity,on,0.1815709837287838,1.0,0.4428530350802878,0.613847258783598,0.8886493976715206
966,228,63dd77962bfc8ea6,Lung Opacity,off,0.1478638851122514,0.0,0.2070255679963547,0.3399273155621275,-0.4351180480558637
966,228,63dd77962bfc8ea6,Lung Opacity,on,0.1478638851122514,0.0,0.1378109382860001,0.2422233031658296,0.0480840770506572
967,303,d58d7cf71038f221,Lung Opacity,off,0.1487605319454799,1.0,0.1910326453312164,0.3178710237442695,1.284830244451158
967,303,d58d7cf71038f221,Lung Opacity,on,0.1487605319454799,1.0,0.1356973622256483,0.2389671279936769,0.7897491987255547
968,341,35d739886f487191,Lung Opacity,off,0.1277380621707625,1.0,0.2949062283921114,0.446454932034155,3.380816421843194
968,341,35d739886f487191,Lung Opacity,on,0.1277380621707625,1.0,0.1733405319087617,0.2954544337668602,2.960982998901893
969,408,2a3bfc4860febc31,Lung Opacity,off,0.1220219386089304,0.0,0.2316788580339137,0.373254644096351,3.447678877238234
969,408,2a3bfc4860febc31,Lung Opacity,on,0.1220219386089304,0.0,0.1001261595116482,0.1820246710975608,2.886936936724254
970,463,b2bfd15dcfd7db56,Lung Opacity,off,0.1633846468722132,1.0,0.2298766413865027,0.3677984294380361,1.177860335042385
970,463,b2bfd15dcfd7db56,Lung Opacity,on,0.1633846468722132,1.0,0.4199644506136767,0.591503096880073,0.8459170394288547
971,484,64f6247382eddc70,Lung Opacity,off,0.141869995955343,0.0,0.1772877350478459,0.2986093464237203,2.793744374602455
971,484,64f6247382eddc70,Lung Opacity,on,0.141869995955343,0.0,0.1141873438804024,0.2049669546759284,2.671895916397876
972,513,182d40fcb761e39f,Lung Opacity,off,0.1374062541116617,1.0,0.2594827769537788,0.4068785589887358,3.2039955528927657
972,513,182d40fcb761e39f,Lung Opacity,on,0.1374062541116617,1.0,0.1345465220706747,0.2371774908683999,2.7528622674364125
973,516,c252c9f0e3946a5b,Lung Opacity,off,0.1858300561866195,1.0,0.5343579232589647,0.6953028806245711,1.9419589694955208
973,516,c252c9f0e3946a5b,Lung Opacity,on,0.1858300561866195,1.0,0.5644101533192408,0.7215579167217326,1.595242237729903
974,524,d96d19a010e9b5ec,Lung Opacity,off,0.1690033088217378,1.0,0.6034018260335399,0.7513319522461893,2.325417707449449
974,524,d96d19a010e9b5ec,Lung Opacity,on,0.1690033088217378,1.0,0.6402028803453584,0.7806337941695147,2.632827760848018
975,525,a2e340bc6f6d2fe6,Lung Opacity,off,0.1645395669780565,1.0,0.3089147932057524,0.4714535692908614,1.0037707880434257
975,525,a2e340bc6f6d2fe6,Lung Opacity,on,0.1645395669780565,1.0,0.3307215305317044,0.4970543315433411,0.8161746384291295
976,527,0dadd1025949721e,Lung Opacity,off,0.1486533241719417,1.0,0.2980144841442254,0.4582118849504263,2.583845347312065
976,527,0dadd1025949721e,Lung Opacity,on,0.1486533241719417,1.0,0.2079465842657745,0.3442925429198195,2.7428217578674854
977,537,69854d4fd80a2c6a,Lung Opacity,off,0.1559142142888469,1.0,0.1622355882799909,0.2790694827141086,0.9166655179901078
977,537,69854d4fd80a2c6a,Lung Opacity,on,0.1559142142888469,1.0,0.1471592843432138,0.2565629272495663,0.7412752047457959
978,557,855d0b6a55e9d1b2,Lung Opacity,off,0.1915949105546053,1.0,0.427555938427961,0.598383215309938,1.0446241258443698
978,557,855d0b6a55e9d1b2,Lung Opacity,on,0.1915949105546053,1.0,0.4609012886760764,0.6309820832129709,0.9502091330137102
979,567,02a86431f9853461,Lung Opacity,off,0.1037576324625138,0.0,0.2947963270468903,0.4532514333601499,2.104893447033911
979,567,02a86431f9853461,Lung Opacity,on,0.1037576324625138,0.0,0.267533373714983,0.4221203461670265,3.2748163173994413
980,571,dd8625df6eb2922e,Lung Opacity,off,0.1402521331910393,0.0,0.2319625402447402,0.3749428837781316,2.746982106497565
980,571,dd8625df6eb2922e,Lung Opacity,on,0.1402521331910393,0.0,0.0961608023989165,0.1754472472689676,2.6743261478959868
981,610,c16642274f26f0b5,Lung Opacity,off,0.1879742116573834,1.0,0.3982881733650503,0.5674839383413487,2.197297236947674
981,610,c16642274f26f0b5,Lung Opacity,on,0.1879742116573834,1.0,0.3520748077314938,0.5207860693653988,2.320712502053273
982,613,b01d229a4ee33bdf,Lung Opacity,off,0.1767953647257186,1.0,0.5102297918464773,0.6665761152839519,1.8086165722837493
982,613,b01d229a4ee33bdf,Lung Opacity,on,0.1767953647257186,1.0,0.601966520954012,0.7515258769807669,1.320576870533333
983,647,b77f5518c6ea21c5,Lung Opacity,off,0.1592132898654542,1.0,0.2155836262843251,0.3500833257609873,2.9910402467456474
983,647,b77f5518c6ea21c5,Lung Opacity,on,0.1592132898654542,1.0,0.1302486227063528,0.2304748765867346,2.517629312646672
984,650,709345d40ed87430,Lung Opacity,off,0.1445160787294904,1.0,0.5907907148300808,0.7417411287045648,2.7068645143809364
984,650,709345d40ed87430,Lung Opacity,on,0.1445160787294904,1.0,0.4324477730444102,0.6037717485461682,3.04934870233008
985,667,10e6d128b671bab0,Lung Opacity,off,0.1915023220229132,0.0,0.1480627078527831,0.2524511702422992,0.8238623582373945
985,667,10e6d128b671bab0,Lung Opacity,on,0.1915023220229132,0.0,0.2434330762935546,0.3915451740894947,0.5354052608827339
986,701,31a354fdbc7b6e02,Lung Opacity,off,0.1980273769668971,1.0,0.364455639841225,0.5330483171864885,1.5807792814864985
986,701,31a354fdbc7b6e02,Lung Opacity,on,0.1980273769668971,1.0,0.3951040910652942,0.566414451316998,1.2015867653341763
987,704,77b2f5c6347ade66,Lung Opacity,off,0.1470841922137918,1.0,0.651600265417428,0.7790965508419145,3.201293042846372
987,704,77b2f5c6347ade66,Lung Opacity,on,0.1470841922137918,1.0,0.3838332626574924,0.5547129538670912,3.168814368214577
988,732,a70b2bd05171ee4d,Lung Opacity,off,0.1474106886150217,1.0,0.4283059148461863,0.5907319109265439,1.715228220337898
988,732,a70b2bd05171ee4d,Lung Opacity,on,0.1474106886150217,1.0,0.5773845412558221,0.7320782755133951,1.6211861797536498
989,738,58d11e3c99f8ae62,Lung Opacity,off,0.1491601245559405,1.0,0.4593926131355636,0.6289006115540756,2.5611647937575857
989,738,58d11e3c99f8ae62,Lung Opacity,on,0.1491601245559405,1.0,0.3577714088870843,0.5269846891306045,3.0532169183994364
990,754,4cdac0e50b3d5fd9,Lung Opacity,off,0.17373994317988,1.0,0.4811124100911111,0.6427177583667978,1.898630152794875
990,754,4cdac0e50b3d5fd9,Lung Opacity,on,0.17373994317988,1.0,0.5982074131102608,0.7485937465232111,1.642008407173687
991,776,76217cc90ae0671a,Lung Opacity,off,0.1483853047380962,1.0,0.5983337304704499,0.7453401484552897,3.093898037496837
991,776,76217cc90ae0671a,Lung Opacity,on,0.1483853047380962,1.0,0.4397596799177639,0.6108690669918679,3.264713914283376
992,798,0c5fba7cf760b0e4,Lung Opacity,off,0.1488092627516337,1.0,0.5785214573462552,0.7235345307179954,3.14533956529792
992,798,0c5fba7cf760b0e4,Lung Opacity,on,0.1488092627516337,1.0,0.3116947350756926,0.4752363542328083,2.9695494468126995
993,801,a6fa296cf657deb0,Lung Opacity,off,0.1143224712366416,0.0,0.2317725230231412,0.376105703804059,2.5316881572074057
993,801,a6fa296cf657deb0,Lung Opacity,on,0.1143224712366416,0.0,0.1468328466585935,0.2560609676627542,3.088428056960312
994,808,867eceaf4a60dbcf,Lung Opacity,off,0.1919116607946045,1.0,0.3543522551862729,0.515221017208421,1.573003628296011
994,808,867eceaf4a60dbcf,Lung Opacity,on,0.1919116607946045,1.0,0.4606679852961113,0.630751404083022,0.9150131803344452
995,813,da64c724c1148a3a,Lung Opacity,off,0.1197510830421667,1.0,0.2354831867889371,0.377974070717707,3.1826443203950983
995,813,da64c724c1148a3a,Lung Opacity,on,0.1197510830421667,1.0,0.1197717241229239,0.2139182655193376,2.9560422697238056
996,817,c68b1cd7fdf50a21,Lung Opacity,off,0.1623661730236003,0.0,0.1067523824141464,0.1913995194529596,1.5914538161862355
996,817,c68b1cd7fdf50a21,Lung Opacity,on,0.1623661730236003,0.0,0.1230444729736336,0.219123968788125,1.6557935357643585
997,829,41e2dbdd46e05066,Lung Opacity,off,0.1558557373214625,1.0,0.4651587816356587,0.6209264980030973,1.5910272976316044
997,829,41e2dbdd46e05066,Lung Opacity,on,0.1558557373214625,1.0,0.5764125567429288,0.7312728391265038,1.2608182554966276
998,838,baf23ac2df4ae881,Lung Opacity,off,0.1541452860254667,1.0,0.1739242728819018,0.2931478645430689,3.2122570629412364
998,838,baf23ac2df4ae881,Lung Opacity,on,0.1541452860254667,1.0,0.1004339487393936,0.1825329389005122,2.526037288140616
999,843,4bd52de750502d8a,Lung Opacity,off,0.1295167365953735,1.0,0.3216319032769967,0.4790276592280238,1.4739995550489606
999,843,4bd52de750502d8a,Lung Opacity,on,0.1295167365953735,1.0,0.5464491100442205,0.7067026864481212,1.1662228251386797
1000,865,f5e97290ecc2f7f1,Lung Opacity,off,0.1556754333386937,1.0,0.3616541008394194,0.5270985488756257,2.90621008156296
1000,865,f5e97290ecc2f7f1,Lung Opacity,on,0.1556754333386937,1.0,0.1674176684404338,0.2867904219495008,2.6877483736563006
1001,870,0c97e3818d27ed1a,Lung Opacity,off,0.1269096384661491,1.0,0.5375677388556195,0.6961061702001852,3.073575103747884
1001,870,0c97e3818d27ed1a,Lung Opacity,on,0.1269096384661491,1.0,0.3504055154638448,0.5189488036524945,3.332108939560758
1002,881,cc807973eae70749,Lung Opacity,off,0.1474204347762525,1.0,0.200972970132684,0.3324260240709062,2.6630650900944546
1002,881,cc807973eae70749,Lung Opacity,on,0.1474204347762525,1.0,0.1244711084327324,0.2213826646926593,2.629833921725365
1003,882,ec62b90d012a7f36,Lung Opacity,off,0.1440823745547222,1.0,0.3112198842927974,0.4689994572851692,3.3828589366003587
1003,882,ec62b90d012a7f36,Lung Opacity,on,0.1440823745547222,1.0,0.1712678206669571,0.292445581181847,2.7266556519635894
1004,894,3353c04b904316c9,Lung Opacity,off,0.1293461787738354,0.0,0.3601135924591435,0.5246815391684102,3.3771889571224056
1004,894,3353c04b904316c9,Lung Opacity,on,0.1293461787738354,0.0,0.1777353480061472,0.3018213031110081,2.917624757024
1005,914,f780b938a0599c9d,Lung Opacity,off,0.1443747593916446,1.0,0.1390162909460547,0.2404999699097353,2.527049279834308
1005,914,f780b938a0599c9d,Lung Opacity,on,0.1443747593916446,1.0,0.1017231090411929,0.1846574724346261,2.6482292751483563
1006,989,ad9ff444d7023459,Lung Opacity,off,0.1330351007996725,1.0,0.5117017927049666,0.6753761307799039,1.9842102973717024
1006,989,ad9ff444d7023459,Lung Opacity,on,0.1330351007996725,1.0,0.417898354209726,0.5894532722795285,1.7893444867194477
1007,1010,da98b885287c0f5e,Lung Opacity,off,0.1659771257595914,1.0,0.5309836804981201,0.6867849931918725,2.1399491879808457
1007,1010,da98b885287c0f5e,Lung Opacity,on,0.1659771257595914,1.0,0.6857266432398884,0.8135668437260455,1.6963457342484756
1008,1018,163cee564a6cfc12,Lung Opacity,off,0.1314123649547534,0.0,0.1490145544637201,0.2576169776080644,3.0544243143608454
1008,1018,163cee564a6cfc12,Lung Opacity,on,0.1314123649547534,0.0,0.0704176336593072,0.1315692956289826,2.7220520418851843
1009,1023,561ab0f3de7db10c,Lung Opacity,off,0.147936981321482,1.0,0.1801168644767969,0.3048333687962222,0.5373082953298391
1009,1023,561ab0f3de7db10c,Lung Opacity,on,0.147936981321482,1.0,0.1048950088303345,0.1898705786457968,0.3299508022656756
1010,1032,3648bbc08abfe9fb,Lung Opacity,off,0.1187277361129385,1.0,0.5934283350143724,0.74228732018785,3.534140321963964
1010,1032,3648bbc08abfe9fb,Lung Opacity,on,0.1187277361129385,1.0,0.3020050631793601,0.4638959794824139,3.334760125450023
1011,1059,4e6b02da4dcc915f,Lung Opacity,off,0.1476445964845596,1.0,0.19063822225957,0.3164399650317425,2.7135385417660167
1011,1059,4e6b02da4dcc915f,Lung Opacity,on,0.1476445964845596,1.0,0.1423125460584175,0.2491611800912645,2.6583318094400084
1012,1071,d2d1c6634af7be5d,Lung Opacity,off,0.1389412745055041,1.0,0.5765904850743275,0.7282971894524627,2.374470565334114
1012,1071,d2d1c6634af7be5d,Lung Opacity,on,0.1389412745055041,1.0,0.60443774441276,0.7534536020493319,2.512831206333983
1013,1087,b2249a0431083ac3,Lung Opacity,off,0.1831937195737029,1.0,0.3634495765112843,0.529259982832141,1.4655726537180662
1013,1087,b2249a0431083ac3,Lung Opacity,on,0.1831937195737029,1.0,0.4178433783578694,0.5893983170442605,0.95433282629449
1014,1099,7bc2cc696d4337d2,Lung Opacity,off,0.1346285981608993,1.0,0.3611277920397834,0.525478836636321,3.120588872815581
1014,1099,7bc2cc696d4337d2,Lung Opacity,on,0.1346285981608993,1.0,0.1808594391577895,0.3063123661519609,2.8658513967139005
1015,1117,e1d459756f1b3518,Lung Opacity,off,0.1361587454741263,1.0,0.2990832797196202,0.44423738407666,2.093850164960335
1015,1117,e1d459756f1b3518,Lung Opacity,on,0.1361587454741263,1.0,0.3223817525762035,0.4875471445432967,2.4134409797380845
1016,1132,a7f9e47fecee141b,Lung Opacity,off,0.1894702474063028,1.0,0.3619577887344322,0.5298821477779899,1.2126633281749375
1016,1132,a7f9e47fecee141b,Lung Opacity,on,0.1894702474063028,1.0,0.3285448085318114,0.494587709831641,0.9668741443237768
1017,953,e85aa1af55a864a7,Consolidation,off,0.1810398179417082,1.0,0.2837487335901472,0.4408467674879543,1.7412937050329398
1017,953,e85aa1af55a864a7,Consolidation,on,0.1810398179417082,1.0,0.2633691069354999,0.4169276887873307,1.549569033643124
1018,490,59455916e32ce344,Lung Opacity,off,0.1154432797781773,1.0,0.0428839757779147,0.0811804006846332,2.168284693918924
1018,490,59455916e32ce344,Lung Opacity,on,0.1154432797781773,1.0,0.1224110125259298,0.218106308277838,3.104954782637594
1019,680,af3ebc6f5b2639d8,Consolidation,off,0.1670297111725119,1.0,0.3317498644519971,0.4979746484859187,1.289576074954734
1019,680,af3ebc6f5b2639d8,Consolidation,on,0.1670297111725119,1.0,0.3475884574238952,0.5158666330339061,0.9789956375980032
1020,892,9b7143602c54f938,Consolidation,off,0.1343898172107461,1.0,0.3887137678742025,0.55922030029114,1.374864380507163
1020,892,9b7143602c54f938,Consolidation,on,0.1343898172107461,1.0,0.3961700210500947,0.5674987586347334,1.2122327071842889
1021,1114,5287b5a18fe396fa,Consolidation,off,0.1518256996525493,1.0,0.4482430293592786,0.6189478600989577,1.6491823483468584
1021,1114,5287b5a18fe396fa,Consolidation,on,0.1518256996525493,1.0,0.4292741389949608,0.6006869795652349,1.3534090001899313
1022,458,8210c0794bf934d5,Consolidation,off,0.1483122085288657,1.0,0.2007008782199991,0.3312576209315134,0.9189338556276612
1022,458,8210c0794bf934d5,Consolidation,on,0.1483122085288657,1.0,0.1105886875545051,0.1991511334896292,0.878461856419719
1023,867,4ee7651e8cc5fac7,Lung Opacity,off,0.1317388613559834,1.0,0.3089731703707989,0.4679986835411549,2.7607209626077425
1023,867,4ee7651e8cc5fac7,Lung Opacity,on,0.1317388613559834,1.0,0.1974542860861501,0.3297832019530067,2.929605094015576
1024,27,0963775551c15d7a,Consolidation,off,0.1351256523836674,1.0,0.3193351175042297,0.4834369397846498,2.0663381390827107
1024,27,0963775551c15d7a,Consolidation,on,0.1351256523836674,1.0,0.2357351413806975,0.3815277069957232,2.108503455197302
1025,443,47bc38c2af99e042,Lung Opacity,off,0.1420844115024195,0.0,0.2715410883292844,0.4261323682531727,2.6199886660863045
1025,443,47bc38c2af99e042,Lung Opacity,on,0.1420844115024195,0.0,0.148975846041921,0.2593107216697435,2.747748230501698
1026,1067,e84b241dfd2370bb,Consolidation,off,0.1417579151011895,1.0,0.3590300928155562,0.5271096595180358,1.257868392608096
1026,1067,e84b241dfd2370bb,Consolidation,on,0.1417579151011895,1.0,0.3570269298731034,0.5261898908676106,0.98660578303747
1027,572,2a154d96440d534f,Lung Opacity,off,0.1443601401497985,1.0,0.3941523562681175,0.5629036216089343,1.7572746772148446
1027,572,2a154d96440d534f,Lung Opacity,on,0.1443601401497985,1.0,0.4992362397827577,0.6659852820833905,1.5090628550997254
1028,1143,10c2f530cb8f51fd,Consolidation,off,0.1966385489915159,1.0,0.3835913122925554,0.5507780689389176,1.5911208290058991
1028,1143,10c2f530cb8f51fd,Consolidation,on,0.1966385489915159,1.0,0.4614060163543722,0.6314528980222167,1.2506265533297158
1029,379,5a7d7262a11a2c20,Consolidation,off,0.1820924033546287,0.0,0.0,0.0,-0.5391589321443779
1029,379,5a7d7262a11a2c20,Consolidation,on,0.1820924033546287,0.0,0.0,0.0,-0.4964492571643542
1030,709,2de53fac8a1b349f,Consolidation,off,0.1497010365042468,1.0,0.3643423295395457,0.5339402141148476,1.4219980528488043
1030,709,2de53fac8a1b349f,Consolidation,on,0.1497010365042468,1.0,0.2746419212180336,0.4309213407782993,0.9530449842861451
1031,547,3b2b31b61fa0372a,Lung Opacity,off,0.1945187589238289,1.0,0.459095743876892,0.6266415819955071,1.8806524574238448
1031,547,3b2b31b61fa0372a,Lung Opacity,on,0.1945187589238289,1.0,0.5440960967418982,0.7047428710978861,1.3827235264481053
1032,786,05002b2b0885808c,Lung Opacity,off,0.1553196984537715,1.0,0.4122177039713766,0.5796448277892867,1.5680226222141993
1032,786,05002b2b0885808c,Lung Opacity,on,0.1553196984537715,1.0,0.5072389461422729,0.6730687912674737,1.189968445286128
1033,759,99e540e33016898d,Consolidation,off,0.1211155456144711,1.0,0.2060660454715198,0.338158499773291,1.8039722874676565
1033,759,99e540e33016898d,Consolidation,on,0.1211155456144711,1.0,0.1016100069800538,0.1844753785925495,1.5191924923584763
1034,589,ec7f48cbd6ef8211,Lung Opacity,off,0.1743003474506478,1.0,0.2290562114223489,0.3586039625459818,2.7683165617355834
1034,589,ec7f48cbd6ef8211,Lung Opacity,on,0.1743003474506478,1.0,0.0978019222047192,0.1781738470780854,2.365824840864221
1035,1129,6febfbb83df0148b,Lung Opacity,off,0.1294485134667582,1.0,0.4025677579474893,0.5722217771514847,3.16598889960261
1035,1129,6febfbb83df0148b,Lung Opacity,on,0.1294485134667582,1.0,0.2160101072888693,0.355271798884412,2.984778491756864
1036,806,3f86260cf64dcb05,Lung Opacity,off,0.1611479028697571,0.0,0.1455690580156569,0.2539593990063106,0.7313627416881343
1036,806,3f86260cf64dcb05,Lung Opacity,on,0.1611479028697571,0.0,0.1484431644874126,0.2585100523870937,0.465048720705986
1037,44,1468a545136dd5ba,Consolidation,off,0.1470988114556379,1.0,0.3681666182892672,0.5368251149129204,2.2557837837395827
1037,44,1468a545136dd5ba,Consolidation,on,0.1470988114556379,1.0,0.2911964005295228,0.451031240488884,2.944203274982293
1038,485,be773e0028215e81,Consolidation,off,0.1275967428329167,1.0,0.4388120221533784,0.6095286675268674,0.890340929953178
1038,485,be773e0028215e81,Consolidation,on,0.1275967428329167,1.0,0.3842457370340501,0.5551611229312667,1.0238076236960345
1039,949,9728ddeca70a3995,Lung Opacity,off,0.1811665180377079,1.0,0.4290226161572813,0.5973720479969535,1.994607953068598
1039,949,9728ddeca70a3995,Lung Opacity,on,0.1811665180377079,1.0,0.4921386418355274,0.6596419000884739,1.961029505670873
1040,690,1ebc12624450b252,Lung Opacity,off,0.1281668932649153,0.0,0.2417772730728034,0.3847249313087603,3.1164717187013395
1040,690,1ebc12624450b252,Lung Opacity,on,0.1281668932649153,0.0,0.1394632357986143,0.2447840455955983,2.8698507584350383
1041,662,4cc1fcdeed43b68a,Consolidation,off,0.1783498774420225,1.0,0.3671577325338713,0.5347216183524404,1.5004646872879746
1041,662,4cc1fcdeed43b68a,Consolidation,on,0.1783498774420225,1.0,0.4495905008798294,0.6202995641614765,1.056266613803292
1042,773,d18833095a890c5d,Consolidation,off,0.1445696826162595,1.0,0.3421226922503857,0.5092876606551785,1.4433279153892764
1042,773,d18833095a890c5d,Consolidation,on,0.1445696826162595,1.0,0.3286413419625279,0.494702623188148,1.1489123813393876
1043,868,bb593e75db4ae1f1,Lung Opacity,off,0.1487069280587108,1.0,0.3704093842420157,0.5282126683973597,2.3887144417181183
1043,868,bb593e75db4ae1f1,Lung Opacity,on,0.1487069280587108,1.0,0.2406486780617535,0.3879345307976124,2.661158602638745
1044,703,42af86817a1fc686,Lung Opacity,off,0.1388925436993504,1.0,0.5867674919923136,0.7392555516955638,2.497245121260638
1044,703,42af86817a1fc686,Lung Opacity,on,0.1388925436993504,1.0,0.4986607647222511,0.6654657699988298,2.777154304344553
1045,890,2e8a1d279ded7080,Consolidation,off,0.119624382946167,1.0,0.5584539141032066,0.7163065507363809,2.639625690226588
1045,890,2e8a1d279ded7080,Consolidation,on,0.119624382946167,1.0,0.466419093819724,0.6361227915671511,3.116333622325175
1046,259,f635afc2d61f85db,Lung Opacity,off,0.1340389554064393,1.0,0.6442403765715732,0.7783772775652219,3.792773438949631
1046,259,f635afc2d61f85db,Lung Opacity,on,0.1340389554064393,1.0,0.3107523247322232,0.4741490378866443,3.1272375294495536
1047,637,529ec12b23c96a2e,Lung Opacity,off,0.1858203100253887,0.0,0.230831287801907,0.3744834854666813,1.296735853511655
1047,637,529ec12b23c96a2e,Lung Opacity,on,0.1858203100253887,0.0,0.2602925478331078,0.4130668099846559,0.9151327035906728
1048,926,0fec6a529bcfd2f9,Lung Opacity,off,0.1436437972993387,0.0,0.1294648301405993,0.2284481277417753,2.299460023151217
1048,926,0fec6a529bcfd2f9,Lung Opacity,on,0.1436437972993387,0.0,0.0756270882184251,0.1406164117178043,2.628647103496704
1049,554,d11f8f5efb8b1d40,Consolidation,off,0.1685208738408159,1.0,0.4037967908519778,0.5686641387015363,1.8561356342885904
1049,554,d11f8f5efb8b1d40,Consolidation,on,0.1685208738408159,1.0,0.5543077155994046,0.7132523208386798,1.622395883555505
1050,323,4c1c2fa84ef6dde3,Lung Opacity,off,0.1197267176390899,1.0,0.1968718202775186,0.3283288841052242,1.006829742237861
1050,323,4c1c2fa84ef6dde3,Lung Opacity,on,0.1197267176390899,1.0,0.2602552526860338,0.4130187236666571,0.8801402317024218
1051,624,840a379583bc3556,Consolidation,off,0.1145807445092564,1.0,0.1465696695998423,0.2546338658887654,2.42063916463757
1051,624,840a379583bc3556,Consolidation,on,0.1145807445092564,1.0,0.1040574701637711,0.1884968489583541,2.9970111511162965
1052,1115,3b7a9cf6b7b5b5ce,Lung Opacity,off,0.172667865444498,1.0,0.1255096196427356,0.221741802152908,1.8875418281790983
1052,1115,3b7a9cf6b7b5b5ce,Lung Opacity,on,0.172667865444498,1.0,0.1160919135691298,0.2080287142331164,2.242807541554463
1053,794,f351439061d5ad61,Lung Opacity,off,0.1393944710027338,0.0,0.1970923748184198,0.3263088485187167,3.1908577087494185
1053,794,f351439061d5ad61,Lung Opacity,on,0.1393944710027338,0.0,0.0947771712556983,0.1731417671812608,2.67441399122109
1054,772,f4985731f315e372,Lung Opacity,off,0.155470763952848,1.0,0.1789809539537795,0.2931812248284043,1.9141757393007324
1054,772,f4985731f315e372,Lung Opacity,on,0.155470763952848,1.0,0.1341080002138333,0.2364574006177612,2.4918158766807146
1055,1003,5e887ff332cd84e0,Consolidation,off,0.1413680686519597,1.0,0.4555358727564167,0.6257552001439836,2.4391727845707645
1055,1003,5e887ff332cd84e0,Consolidation,on,0.1413680686519597,1.0,0.3781180712869137,0.5487362489657388,2.770827456445677
1056,562,dc0a4d5aa64453b1,Lung Opacity,off,0.1467040919257927,0.0,0.0205554915083208,0.0401252403083989,2.3005622990733645
1056,562,dc0a4d5aa64453b1,Lung Opacity,on,0.1467040919257927,0.0,0.0277862614083541,0.0540693840257497,2.543785143313883
1057,1153,54499e14c7ac5da4,Lung Opacity,off,0.1614890185128332,1.0,0.1984637964580206,0.3310760560249896,1.202391282471795
1057,1153,54499e14c7ac5da4,Lung Opacity,on,0.1614890185128332,1.0,0.2342913782415799,0.3796370595642275,0.9637774636851854
1058,872,f7153e69885c5835,Lung Opacity,off,0.1204820451344726,1.0,0.5448223961764237,0.7044660645673073,2.8714246844341846
1058,872,f7153e69885c5835,Lung Opacity,on,0.1204820451344726,1.0,0.37949661034476,0.5501662550002873,3.4214829529263424
1059,947,e82691ac1caaca89,Lung Opacity,off,0.1368361036796631,1.0,0.3228422434768823,0.4851042734343165,0.9653534724902568
1059,947,e82691ac1caaca89,Lung Opacity,on,0.1368361036796631,1.0,0.4556816945236622,0.6260717155375646,0.982438162579371
1060,623,6fc49d603a768803,Consolidation,off,0.1349307291590524,1.0,0.5412023529062313,0.6977045585386923,3.169176658501668
1060,623,6fc49d603a768803,Consolidation,on,0.1349307291590524,1.0,0.3361478739424489,0.5031287500911269,3.195038686471959
1061,687,a08261c925ff8d87,Consolidation,off,0.1087963978188091,0.0,0.1209364222190769,0.2145427267084376,1.2878523289804829
1061,687,a08261c925ff8d87,Consolidation,on,0.1087963978188091,0.0,0.1659160590597887,0.2846106144983149,1.2395971502589676
1062,849,e657132d289a3d51,Lung Opacity,off,0.1434829856390314,1.0,0.0972027177958083,0.1745858614248406,2.406957802268685
1062,849,e657132d289a3d51,Lung Opacity,on,0.1434829856390314,1.0,0.0845756571650176,0.1559564408021096,2.650575559786069
1063,495,15f6bb902a2c959a,Consolidation,off,0.1403544678839622,1.0,0.5239912202827527,0.6865864026213332,3.063786075465972
1063,495,15f6bb902a2c959a,Consolidation,on,0.1403544678839622,1.0,0.3370013793713667,0.5041037506077322,3.110372693273109
1064,1108,1ae4a6386bc83344,Lung Opacity,off,0.1425912118864182,1.0,0.4839540712475877,0.6517503026099807,2.698078373860997
1064,1108,1ae4a6386bc83344,Lung Opacity,on,0.1425912118864182,1.0,0.3659758908709977,0.5358333913379213,3.13957725517125
1065,835,63a0f8e87901b112,Lung Opacity,off,0.1442285669731834,1.0,0.5582442416476987,0.715491061805458,2.6642582268345465
1065,835,63a0f8e87901b112,Lung Opacity,on,0.1442285669731834,1.0,0.3758903662202499,0.5463429547340211,3.1622722580551
1066,1120,770bcfbe59f7a3db,Pleural Effusion,off,0.1688376240808151,1.0,0.4543827119806318,0.6240556700299829,1.988011359569568
1066,1120,770bcfbe59f7a3db,Pleural Effusion,on,0.1688376240808151,1.0,0.4750718980727209,0.6441300682406377,2.1575033975871127
1067,682,9e9dc881dce1f80f,Pleural Effusion,off,0.1872919803712313,1.0,0.4778318860029527,0.6447646751929226,2.3698821943373183
1067,682,9e9dc881dce1f80f,Pleural Effusion,on,0.1872919803712313,1.0,0.4399919709829319,0.6110942727101951,2.751390153197572
1068,501,afef2a64487ccc52,Pleural Effusion,off,0.1815125067613993,1.0,0.3228171063110799,0.4825787608059483,2.343050030254098
1068,501,afef2a64487ccc52,Pleural Effusion,on,0.1815125067613993,1.0,0.2083686201530751,0.3448681181984409,2.4487434819491978
1069,978,d4a24d57809210d6,Pleural Effusion,off,0.1113986228674181,0.0,0.23039930563118,0.3744139129212286,0.7318508217396158
1069,978,d4a24d57809210d6,Pleural Effusion,on,0.1113986228674181,0.0,0.1625034336855299,0.2795650784475317,0.6264700496443498
1070,902,ce6cc922e4733aa7,Pleural Effusion,off,0.1419577114064198,1.0,0.4190432120112115,0.5902664096239576,1.973276730705336
1070,902,ce6cc922e4733aa7,Pleural Effusion,on,0.1419577114064198,1.0,0.4253492076034539,0.5968338556235212,1.9070901484747436
1071,552,c8e12d7b589b5f7a,Pleural Effusion,off,0.1588624280611474,0.0,0.2364962379250665,0.3823178428035872,1.7443464408920115
1071,552,c8e12d7b589b5f7a,Pleural Effusion,on,0.1588624280611474,0.0,0.2261038990265376,0.3688162048175669,1.605316818756818
1072,987,32858eb95ff67333,Pleural Effusion,off,0.1695637130925057,0.0,0.133686759652252,0.2358077254504994,1.729871938181854
1072,987,32858eb95ff67333,Pleural Effusion,on,0.1695637130925057,0.0,0.1236344575425951,0.2200607400197984,1.947403582564479
1073,1038,5e8fe2fa834e1c32,Pleural Effusion,off,0.1232060971984659,1.0,0.3671629197498705,0.5355613829855799,2.985861536622416
1073,1038,5e8fe2fa834e1c32,Pleural Effusion,on,0.1232060971984659,1.0,0.204135097883828,0.3390508584552121,3.052644020205215
1074,555,f7c5f09b2030a7d8,Pleural Effusion,off,0.1803868251392482,1.0,0.4151906690913406,0.5791551819722239,1.6445886452661755
1074,555,f7c5f09b2030a7d8,Pleural Effusion,on,0.1803868251392482,1.0,0.5606423531109821,0.7184709212896531,1.1667696843792743
1075,446,fe58ac10abaf8090,Pleural Effusion,off,0.1748461324795696,1.0,0.2883663728507418,0.4432526294959268,2.117032059715888
1075,446,fe58ac10abaf8090,Pleural Effusion,on,0.1748461324795696,1.0,0.2538159063050586,0.4048626241978978,2.2598529826061022
1076,912,8aaec40bc7225327,Pleural Effusion,off,0.2013118333016583,1.0,0.4377476289609814,0.6086841400936219,1.695137480196793
1076,912,8aaec40bc7225327,Pleural Effusion,on,0.2013118333016583,1.0,0.457387312006031,0.6276811162743792,1.352932216204311
1077,686,d8cae75ce335777c,Pleural Effusion,off,0.1127046084723379,1.0,0.233114357209153,0.3780255354297214,0.5008407943295836
1077,686,d8cae75ce335777c,Pleural Effusion,on,0.1127046084723379,1.0,0.2249252970611202,0.3672473656206053,0.6144684703264391
1078,825,58646d9099d568d0,Pleural Effusion,off,0.1344580403393613,1.0,0.6079951266213938,0.7555746837980191,3.0457716988213863
1078,825,58646d9099d568d0,Pleural Effusion,on,0.1344580403393613,1.0,0.4389549105390565,0.61008468054943,3.470993953778277
1079,502,e067b5a011b6f780,Pleural Effusion,off,0.1231427471504661,1.0,0.468132522291766,0.6302534862404745,3.205983821488249
1079,502,e067b5a011b6f780,Pleural Effusion,on,0.1231427471504661,1.0,0.2527530859309463,0.4035043049748399,3.164925372916487
1080,932,9e90087f741b0a4b,Pleural Effusion,off,0.1668152956254355,1.0,0.2573386980318311,0.4090099153131026,1.6923518849850203
1080,932,9e90087f741b0a4b,Pleural Effusion,on,0.1668152956254355,1.0,0.2575013452215039,0.4095428849719175,1.685844344587192
1081,1060,81bfaed24e14a36d,Pleural Effusion,off,0.1313490149067536,0.0,0.4022498593708122,0.5718010135002543,2.721320951219803
1081,1060,81bfaed24e14a36d,Pleural Effusion,on,0.1313490149067536,0.0,0.2620856779162087,0.4153130719871091,3.053159816401953
1082,818,c9073232c6d4b940,Pleural Effusion,off,0.1779113001866389,0.0,0.1007139662089463,0.18220781507717,0.8153095633230455
1082,818,c9073232c6d4b940,Pleural Effusion,on,0.1779113001866389,0.0,0.1244302397554883,0.2213202381296779,0.4627912300838221
1083,941,ac76e72ff49a04d1,Pleural Effusion,off,0.1421916192759577,1.0,0.4582294845012979,0.6266828914027488,2.0970158258620715
1083,941,ac76e72ff49a04d1,Pleural Effusion,on,0.1421916192759577,1.0,0.3696937927787082,0.5398051389100117,2.12856920501107
1084,1128,43610d4623a4466c,Pleural Effusion,off,0.108128785774503,1.0,0.3961155576384003,0.5587312665302464,3.650341559611539
1084,1128,43610d4623a4466c,Pleural Effusion,on,0.108128785774503,1.0,0.2089790478616621,0.3457058715382553,3.294261553852206
1085,450,84aca73e6943a78c,Pleural Effusion,off,0.1383565048316594,1.0,0.3760161478629439,0.5434998487117819,1.4140656132041425
1085,450,84aca73e6943a78c,Pleural Effusion,on,0.1383565048316594,1.0,0.469758554327456,0.6392319010604679,1.4591264463780511
1086,815,feaa3ea4b1fbccfb,Pleural Effusion,off,0.1437461319922615,1.0,0.3247304724191653,0.4898280449900271,1.1009628646136944
1086,815,feaa3ea4b1fbccfb,Pleural Effusion,on,0.1437461319922615,1.0,0.3364062074565846,0.5034464867153703,0.9093366543598352
1087,836,23122b420d5fe60e,Pleural Effusion,off,0.1432636970113396,1.0,0.2258163190780887,0.3678138095571321,1.290128569934633
1087,836,23122b420d5fe60e,Pleural Effusion,on,0.1432636970113396,1.0,0.2785102150851456,0.4356786925736193,0.9873730656849584
1088,730,d67867fe0018946f,Pleural Effusion,off,0.14967667110117,1.0,0.4686258300883573,0.6371675258586775,2.486351173504835
1088,730,d67867fe0018946f,Pleural Effusion,on,0.14967667110117,1.0,0.3508374882001308,0.5194277252448541,2.884496525984511
1089,908,df4705a92b5db9bf,Pleural Effusion,off,0.1744660321915705,1.0,0.3639935078753266,0.5310329554981179,2.1845039972721088
1089,908,df4705a92b5db9bf,Pleural Effusion,on,0.1744660321915705,1.0,0.3333145319354914,0.499969856353292,2.53733742374242
1090,784,c10bc1f45238c893,Pleural Effusion,off,0.1405006603024234,1.0,0.4053593454566788,0.569376078323889,2.089911627165894
1090,784,c10bc1f45238c893,Pleural Effusion,on,0.1405006603024234,1.0,0.4523891654086868,0.6229459502463971,2.459810916392022
1091,997,67a2a858716143a1,Pleural Effusion,off,0.1462557685091784,1.0,0.4719216436575052,0.6409461600676531,2.5622578122986264
1091,997,67a2a858716143a1,Pleural Effusion,on,0.1462557685091784,1.0,0.3469612154793708,0.5151677539437589,2.8928953283832337
1092,482,eb24fa44f568ccfa,Pleural Effusion,off,0.1265782689843038,1.0,0.4651955807965955,0.6341763377407569,1.8671003791528191
1092,482,eb24fa44f568ccfa,Pleural Effusion,on,0.1265782689843038,1.0,0.4880214671103277,0.6559318334193877,1.7408217988996213
1093,757,10ca37bd9be150be,Pleural Effusion,off,0.1899916670321477,1.0,0.2680619194387402,0.4219754535822362,1.1199493417223858
1093,757,10ca37bd9be150be,Pleural Effusion,on,0.1899916670321477,1.0,0.3164171277371794,0.4807234057665262,0.7078046450687151
1094,707,e3a24951af784f22,Pleural Effusion,off,0.1586675048365325,1.0,0.1110546840799268,0.1997814209378773,0.5392654525411588
1094,707,e3a24951af784f22,Pleural Effusion,on,0.1586675048365325,1.0,0.1303395681110855,0.2306198595855245,0.3357582134755185
1095,566,47b9c4202e77cc1c,Pleural Effusion,off,0.1225628505572367,1.0,0.4548904682351976,0.62297065055769,3.409357353816691
1095,566,47b9c4202e77cc1c,Pleural Effusion,on,0.1225628505572367,1.0,0.2159344807466491,0.3551678952574199,3.08653823311286
1096,994,a018d2ec2056ba13,Pleural Effusion,off,0.1727263424118825,1.0,0.2929019859105078,0.4469948686880181,1.2516994412152185
1096,994,a018d2ec2056ba13,Pleural Effusion,on,0.1727263424118825,1.0,0.3947089008511012,0.5660014504804347,0.8461304092052908
1097,578,8250971e15436201,Pleural Effusion,off,0.1344482941781306,1.0,0.439180394635987,0.6064413602576628,2.045013290554429
1097,578,8250971e15436201,Pleural Effusion,on,0.1344482941781306,1.0,0.6134039371064506,0.7603847760921987,1.9314187924356847
1098,104,ec0760fc67ee339f,Pleural Effusion,off,0.1832960542666257,1.0,0.4895474633879367,0.6563493726854499,2.213651884005841
1098,104,ec0760fc67ee339f,Pleural Effusion,on,0.1832960542666257,1.0,0.480146219511524,0.6487656473114686,2.5439324109559345
1099,821,31454ced59f57f9b,Pleural Effusion,off,0.1434634933165699,1.0,0.262789821374387,0.4149339968743019,0.5025100768531771
1099,821,31454ced59f57f9b,Pleural Effusion,on,0.1434634933165699,1.0,0.1828651009946673,0.3091847343199293,0.6080192610282091
1100,1026,afd85468199ad4ac,Pleural Effusion,off,0.1427471504661101,1.0,0.549225277678921,0.7078410955668197,2.9798601949770123
1100,1026,afd85468199ad4ac,Pleural Effusion,on,0.1427471504661101,1.0,0.3441097415884475,0.5120153070445757,3.087637503291195
1101,877,3cf6f3a36e63c3d7,Pleural Effusion,off,0.15124580305932,1.0,0.313904323222468,0.4767716968281716,1.75990345575309
1101,877,3cf6f3a36e63c3d7,Pleural Effusion,on,0.15124580305932,1.0,0.2934822295938137,0.4537834810771521,1.5981152101903633
1102,802,f642a9532e776fba,Pleural Effusion,off,0.1537115818506985,1.0,0.4258926218352153,0.5864686078323295,1.7590734255217062
1102,802,f642a9532e776fba,Pleural Effusion,on,0.1537115818506985,1.0,0.5914255415114102,0.7432623280142551,1.4302224260267042
1103,573,10fee9feaffc9d67,Pleural Effusion,off,0.1389802591504271,0.0,0.2147641732029467,0.3527207466781026,1.399246624279157
1103,573,10fee9feaffc9d67,Pleural Effusion,on,0.1389802591504271,0.0,0.2409078727521102,0.388273023064702,1.3789700571660315
1104,1064,1b4b246fc1934132,Pleural Effusion,off,0.1575466962949968,1.0,0.4426421777582033,0.613224018706606,2.0644317365061986
1104,1064,1b4b246fc1934132,Pleural Effusion,on,0.1575466962949968,1.0,0.3848416626215379,0.5557856160175991,1.9748859606612483
1105,917,8544f40e972ffb8b,Pleural Effusion,off,0.2060094830148775,0.0,0.1394515469945917,0.243060122589622,0.2631719906411203
1105,917,8544f40e972ffb8b,Pleural Effusion,on,0.2060094830148775,0.0,0.1108959466895355,0.199646625210232,0.0244922035598089
1106,1110,cbfeb2200c7693e3,Pleural Effusion,off,0.1226554390889288,1.0,0.18572277366689,0.3120125808932182,1.2023270057419844
1106,1110,cbfeb2200c7693e3,Pleural Effusion,on,0.1226554390889288,1.0,0.2741466342632865,0.4303201197874644,0.931097216707694
1107,611,90ba30781590a8c3,Pleural Effusion,off,0.1429177082876482,1.0,0.3840783538049166,0.554617259046293,2.351020129478262
1107,611,90ba30781590a8c3,Pleural Effusion,on,0.1429177082876482,1.0,0.2914916465073123,0.4513956679957318,2.860121158488812
1108,349,6b56d0dbc96e87a3,Pleural Effusion,off,0.1886418237016895,1.0,0.3506218204629364,0.5187122902514056,1.6250883864112315
1108,349,6b56d0dbc96e87a3,Pleural Effusion,on,0.1886418237016895,1.0,0.3270225883592587,0.4928632445490561,1.3314121925606148
1109,896,71c224d9e56d6796,Pleural Effusion,off,0.1856205137201584,1.0,0.3851535364555313,0.5556009102005,1.821620057088627
1109,896,71c224d9e56d6796,Pleural Effusion,on,0.1856205137201584,1.0,0.4099329533127992,0.5814924084995331,1.5339621132171113
1110,973,87f24fde5f11ea3e,Pleural Effusion,off,0.1332982471529026,1.0,0.4749190303776978,0.6433259995065417,2.427392854146642
1110,973,87f24fde5f11ea3e,Pleural Effusion,on,0.1332982471529026,1.0,0.419816350799401,0.5913571878990461,2.977455086798506
1111,1130,c447627e22128f05,Pleural Effusion,off,0.1542427476377741,1.0,0.5048584811470744,0.670816792080054,2.1430981800457665
1111,1130,c447627e22128f05,Pleural Effusion,on,0.1542427476377741,1.0,0.4813825875441172,0.649908274116864,1.9716437783801215
1112,519,cb23f15188ae0ac0,Pleural Effusion,off,0.1179139316501712,1.0,0.4816496383146947,0.6489906261060581,2.468452062377956
1112,519,cb23f15188ae0ac0,Pleural Effusion,on,0.1179139316501712,1.0,0.453977678153083,0.6244544449440778,3.3483882308207864
1113,500,962c6a113118443b,Pleural Effusion,off,0.1482147469165582,1.0,0.3334643674582439,0.4831470357999617,2.099081466775473
1113,500,962c6a113118443b,Pleural Effusion,on,0.1482147469165582,1.0,0.324493450005042,0.4899485655930166,2.765408476921904
1114,529,4881147b3065f434,Pleural Effusion,off,0.1464019609276396,1.0,0.1184967788248615,0.2110986225891256,0.3902967775080311
1114,529,4881147b3065f434,Pleural Effusion,on,0.1464019609276396,1.0,0.1098672007784871,0.1979815536046111,0.1496616319277259
1115,545,f2c7ecc55cd16fef,Pleural Effusion,off,0.1738325317115721,0.0,0.1638715426944302,0.2811530740527993,0.7470743930063256
1115,545,f2c7ecc55cd16fef,Pleural Effusion,on,0.1738325317115721,0.0,0.1789335279246781,0.3035512872737729,0.4845168165698215
1116,669,740b1c37f34a8265,Pleural Effusion,off,0.1237421360661569,1.0,0.2252017414540327,0.3670660086446383,0.9604221354218576
1116,669,740b1c37f34a8265,Pleural Effusion,on,0.1237421360661569,1.0,0.2139252345607748,0.3524487685717193,0.564045811413466
1117,509,8c310bf79d9599ea,Pleural Effusion,off,0.1567182725903834,1.0,0.2064998316086817,0.3422877453276451,1.4034453913116538
1117,509,8c310bf79d9599ea,Pleural Effusion,on,0.1567182725903834,1.0,0.1777690908227918,0.3018721380951088,1.2422130702346468
1118,614,3ff4d9de646f6970,Pleural Effusion,off,0.1567670033965371,1.0,0.4474482135895625,0.6158729568846646,2.7084578425441257
1118,614,3ff4d9de646f6970,Pleural Effusion,on,0.1567670033965371,1.0,0.2659575401228416,0.4201556794110238,2.779216424943186
1119,893,52aac5703e299bfb,Pleural Effusion,off,0.1431321238347246,1.0,0.5304751863082797,0.6925142341404487,2.4838413674498114
1119,893,52aac5703e299bfb,Pleural Effusion,on,0.1431321238347246,1.0,0.4425045307506262,0.6135093430197359,3.076816872169106
1120,648,190a822f1a70e22b,Pleural Effusion,off,0.1356227066064353,0.0,0.3049485049312123,0.4672011015111907,1.4322150332421024
1120,648,190a822f1a70e22b,Pleural Effusion,on,0.1356227066064353,0.0,0.3194713372351058,0.484238425605341,1.4012742013569106
1121,622,7e26ed073019eeec,Pleural Effusion,off,0.1363731610212027,1.0,0.3966397357599926,0.5677249338001598,2.7962242253051395
1121,622,7e26ed073019eeec,Pleural Effusion,on,0.1363731610212027,1.0,0.2535514884464102,0.4045276580996605,2.965812553833546
1122,985,69b9494d1f0e2086,Pleural Effusion,off,0.1198290523320127,1.0,0.5596040366228779,0.7174350534740437,3.118413518827152
1122,985,69b9494d1f0e2086,Pleural Effusion,on,0.1198290523320127,1.0,0.4340536947600738,0.605345419333638,3.66230293597515
1123,698,9cbffc87224139e9,Pleural Effusion,off,0.1545205132328504,1.0,0.2218759016510555,0.3631292692100095,1.251599565218084
1123,698,9cbffc87224139e9,Pleural Effusion,on,0.1545205132328504,1.0,0.2107433230599275,0.3481217030875548,0.9962323762286288
1124,553,e1f7ee22e5418faf,Pleural Effusion,off,0.1417432958593434,1.0,0.463738789903789,0.6329092362925821,2.597545525096783
1124,553,e1f7ee22e5418faf,Pleural Effusion,on,0.1417432958593434,1.0,0.3561580527591285,0.5252370600351899,2.986280085958733
1125,1051,7c1be6b3516ee49b,Pleural Effusion,off,0.192311253405065,1.0,0.3753246164679918,0.5457307937242086,1.6603556903739374
1125,1051,7c1be6b3516ee49b,Pleural Effusion,on,0.192311253405065,1.0,0.3650709710324106,0.5348742895289537,1.3508487561856055
1126,422,9edec8e40744cdcb,Pleural Effusion,off,0.1398525405805788,1.0,0.5238240910334636,0.6871718808163758,1.99337742160938
1126,422,9edec8e40744cdcb,Pleural Effusion,on,0.1398525405805788,1.0,0.5196938035767552,0.6839315318557508,1.8890936369018352
1127,1106,ae35c1b279e0edab,Pleural Effusion,off,0.1455637910617955,0.0,0.2159193781831087,0.3545992471163047,1.249841329234123
1127,1106,ae35c1b279e0edab,Pleural Effusion,on,0.1455637910617955,0.0,0.2595525455144351,0.4121344077131004,0.967404712447347
1128,1061,2609a1069f715dcf,Pleural Effusion,off,0.1927936883859869,1.0,0.3557046932582887,0.5246919518131324,1.749387074993087
1128,1061,2609a1069f715dcf,Pleural Effusion,on,0.1927936883859869,1.0,0.3570360685092241,0.5261992743851215,1.4524655647373863
1129,996,405493f18077e437,Pleural Effusion,off,0.1808692601201701,1.0,0.1922468107399459,0.3216102071383624,1.599112988215952
1129,996,405493f18077e437,Pleural Effusion,on,0.1808692601201701,1.0,0.1687083933659327,0.2887067480654791,1.438990018575207
1130,455,d8cb15c8f3e169c6,Pleural Effusion,off,0.1320020077092135,1.0,0.335621564093501,0.5024124369438304,1.1062432246452674
1130,455,d8cb15c8f3e169c6,Pleural Effusion,on,0.1320020077092135,1.0,0.2508749188119922,0.4011150069262372,0.6942632261916067
1131,359,71e064315174ab07,Pleural Effusion,off,0.1460852106876404,0.0,0.0967462625487093,0.1763956339207043,1.604925709931602
1131,359,71e064315174ab07,Pleural Effusion,on,0.1460852106876404,0.0,0.0996773209696195,0.1812845869755632,1.7852317910976376
1132,799,568cdb13a6f3f611,Pleural Effusion,off,0.1423231924525727,1.0,0.2489244942468403,0.398262409522938,1.5958161714293249
1132,799,568cdb13a6f3f611,Pleural Effusion,on,0.1423231924525727,1.0,0.2633467932686906,0.4169028075455966,1.6468984685286647
1133,851,dcfa47fe26c138af,Pleural Effusion,off,0.1492332207651711,1.0,0.2661132474383477,0.4174446862542731,1.0865172256831492
1133,851,dcfa47fe26c138af,Pleural Effusion,on,0.1492332207651711,1.0,0.3797972503625796,0.5504929259992105,0.7562759358434573
1134,642,20fb7eeeb458748f,Pleural Effusion,off,0.183169354170626,1.0,0.4009736062682837,0.5713485333354222,1.4563430468521843
1134,642,20fb7eeeb458748f,Pleural Effusion,on,0.183169354170626,1.0,0.4386290298059522,0.609787119724843,1.0341655376778165
1135,858,8c78043e308ff768,Pleural Effusion,off,0.1528393004205468,0.0,0.2404966987354178,0.38746676434522,2.084028823863256
1135,858,8c78043e308ff768,Pleural Effusion,on,0.1528393004205468,0.0,0.2208458351843295,0.3617886869762606,2.6577179453966786
1136,999,889e47cdf0777897,Pleural Effusion,off,0.1633846468722132,1.0,0.3189305282357219,0.4788429968376535,1.5448306237363352
1136,999,889e47cdf0777897,Pleural Effusion,on,0.1633846468722132,1.0,0.466190905197315,0.6359207627376542,1.3345320056746397
1137,496,0a5891e034f34c59,Pleural Effusion,off,0.1532778776759304,0.0,0.1721873990940618,0.2921390608651151,0.7569260289426601
1137,496,0a5891e034f34c59,Pleural Effusion,on,0.1532778776759304,0.0,0.2269506083629729,0.3699374068267006,0.4330268444259604
1138,279,c4fc45e536c113f2,Pleural Effusion,off,0.1387219858778123,1.0,0.3508318254017412,0.5166120694709393,1.7261071875685692
1138,279,c4fc45e536c113f2,Pleural Effusion,on,0.1387219858778123,1.0,0.4375320031603462,0.6087214085318318,1.662043859310712
1139,833,ee687f9972a73784,Pleural Effusion,off,0.1535653894322373,1.0,0.5118917565594264,0.6769893122712465,2.052894708651813
1139,833,ee687f9972a73784,Pleural Effusion,on,0.1535653894322373,1.0,0.4610376264573615,0.6311080041187134,1.6792594166021897
1140,1020,8632d4f4de11af44,Pleural Effusion,off,0.1299699330926031,0.0,0.1622498054500021,0.2776779064564088,0.8210480374651913
1140,1020,8632d4f4de11af44,Pleural Effusion,on,0.1299699330926031,0.0,0.2473127470137523,0.396552065291715,0.4688525485723005
1141,731,20f77398fe1a3218,Pleural Effusion,off,0.1999424976487386,1.0,0.3320646828076091,0.4979236155645035,1.5966116858418693
1141,731,20f77398fe1a3218,Pleural Effusion,on,0.1999424976487386,1.0,0.3655456786455729,0.5353815480670423,1.4121392867304312
1142,520,260c63daecc7305f,Pleural Effusion,off,0.1468161727799463,1.0,0.3545466796717532,0.5232649782394148,0.9268216246339164
1142,520,260c63daecc7305f,Pleural Effusion,on,0.1468161727799463,1.0,0.3394776397997557,0.5068742400264902,0.8877616347817296
1143,7,0d5f21fb4df88954,Pleural Effusion,off,0.1707040139565029,1.0,0.3868224337425672,0.5557332204036141,1.628933160029702
1143,7,0d5f21fb4df88954,Pleural Effusion,on,0.1707040139565029,1.0,0.4638684265345348,0.6337569497381896,1.23500412429899
1144,521,565ebecef494a902,Pleural Effusion,off,0.1513286454297813,1.0,0.4540220686277389,0.6160802853438362,2.032153827710507
1144,521,565ebecef494a902,Pleural Effusion,on,0.1513286454297813,1.0,0.5128151080941998,0.6779397568834253,3.0685889538540163
1145,558,3fb94454930d19a5,Pleural Effusion,off,0.1436730357830309,1.0,0.3638738428703354,0.5329554878060805,1.3375690163818013
1145,558,3fb94454930d19a5,Pleural Effusion,on,0.1436730357830309,1.0,0.4036044130998442,0.5750968615970357,1.0242366234818543
1146,651,1a5351e70d0cbdd0,Pleural Effusion,off,0.1348771252722833,0.0,0.2296350317118532,0.3732748553748625,1.0748401404094914
1146,651,1a5351e70d0cbdd0,Pleural Effusion,on,0.1348771252722833,0.0,0.227916839528703,0.3712235520017777,0.7367821314393653
1147,1144,febea89507fcdc45,Pleural Effusion,off,0.1562114722063847,1.0,0.5082629770110885,0.673126377584973,2.3404447399363297
1147,1144,febea89507fcdc45,Pleural Effusion,on,0.1562114722063847,1.0,0.5101926256955883,0.6756636867237285,2.6376016238269613
1148,1145,2b70b76440ded8f1,Pleural Effusion,off,0.1587454741263784,0.0,0.2692158820234017,0.4216375641845042,1.880355782507454
1148,1145,2b70b76440ded8f1,Pleural Effusion,on,0.1587454741263784,0.0,0.3013045443453505,0.4630771038154558,2.4286560415311604
1149,568,52b20aee5d4f76ee,Pleural Effusion,off,0.1410854299762681,0.0,0.223546925330301,0.3653515071080643,2.1588699331951045
1149,568,52b20aee5d4f76ee,Pleural Effusion,on,0.1410854299762681,0.0,0.1852233191228431,0.3125498776476728,2.7722347494389314
1150,559,5a33ba2940830d6f,Pleural Effusion,off,0.2014970103650424,1.0,0.3581257569946728,0.527154971272568,1.8132062516917296
1150,559,5a33ba2940830d6f,Pleural Effusion,on,0.2014970103650424,1.0,0.3607899775121641,0.5302645744661518,1.5742173460311089
1151,954,e2f669c274470f5c,Pleural Effusion,off,0.1215931075147776,0.0,0.2054126318609361,0.3395981455456979,1.5911068389780687
1151,954,e2f669c274470f5c,Pleural Effusion,on,0.1215931075147776,0.0,0.2462546884881755,0.3951876550886234,2.0130182948064768
1152,972,4898d16d1d823a18,Pleural Effusion,off,0.1528490465817776,1.0,0.3271131420023012,0.4904367117372478,1.854639297855336
1152,972,4898d16d1d823a18,Pleural Effusion,on,0.1528490465817776,1.0,0.3263373029471462,0.4920807336423252,2.3660910806105795
1153,1157,209063cca1683265,Pleural Effusion,off,0.1575466962949968,0.0,0.1478063677431849,0.2548718401306005,0.8207662583454222
1153,1157,209063cca1683265,Pleural Effusion,on,0.1575466962949968,0.0,0.2134778619029441,0.3518434924096968,0.5732957951860046
1154,924,d906968e0193010d,Pleural Effusion,off,0.1751628827195688,0.0,0.0,0.0,0.4149918536388242
1154,924,d906968e0193010d,Pleural Effusion,on,0.1751628827195688,0.0,0.0,0.0,-0.475690037598754
1155,528,713d2a70401f9f91,Pleural Effusion,off,0.1503978870322452,1.0,0.3994883202438538,0.5700673559736167,1.6685045959802034
1155,528,713d2a70401f9f91,Pleural Effusion,on,0.1503978870322452,1.0,0.4351181765818001,0.6063862924310544,1.3978962475936625
1156,1041,17fc39be1f836acc,Pleural Effusion,off,0.1278160314606084,1.0,0.4252693986199802,0.5877562181467939,2.3821310138108385
1156,1041,17fc39be1f836acc,Pleural Effusion,on,0.1278160314606084,1.0,0.4213709109654031,0.5928901695664945,3.3843449543160453
1157,546,e28ff1f3ca2eb126,Pleural Effusion,off,0.2042356816708818,1.0,0.5844796901023818,0.7357560352039647,2.099757840466809
1157,546,e28ff1f3ca2eb126,Pleural Effusion,on,0.2042356816708818,1.0,0.6268091509874183,0.7705976317221914,1.743708729837777
1158,998,34e1b7bee389a237,Pleural Effusion,off,0.1442724246987217,1.0,0.2923223876932816,0.4509666250100815,1.0652702810496848
1158,998,34e1b7bee389a237,Pleural Effusion,on,0.1442724246987217,1.0,0.4001734084473292,0.571601305605297,0.8540919842431285
1159,769,7c0407d951784c3b,Pleural Effusion,off,0.1794511936610967,1.0,0.4561809504184168,0.6169548312275119,1.9406380565000287
1159,769,7c0407d951784c3b,Pleural Effusion,on,0.1794511936610967,1.0,0.6026984440785974,0.7520939214004313,1.342615984490177
1160,579,e0a3a3936bbceed3,Pleural Effusion,off,0.1824140266752432,1.0,0.3731367754985687,0.5380293549803594,1.2692091662230771
1160,579,e0a3a3936bbceed3,Pleural Effusion,on,0.1824140266752432,1.0,0.4160235193123992,0.5875820372459707,0.802848934643796
1161,653,4137599a9ebd2c1b,Pleural Effusion,off,0.1810057063774006,1.0,0.3655721140829943,0.5344817903470536,1.4358221516645158
1161,653,4137599a9ebd2c1b,Pleural Effusion,on,0.1810057063774006,1.0,0.3921024076236959,0.5633237107485941,1.103000780270885
