idx,rank,pair_id,category,dhs,q,point,iou,dice,cnr
0,133,a69b6f1a4d61d8b1,Pneumonia,off,0.1899575554678401,1.0,0.4232591388503331,0.59449705164056,1.7669442821628032
0,133,a69b6f1a4d61d8b1,Pneumonia,on,0.1899575554678401,1.0,0.4375427551934082,0.6087357136432229,1.560515174036146
1,64,3dfe8fee5bd1ceed,Pneumonia,off,0.1148292716206404,1.0,0.2130366037916285,0.3496330409549196,0.8160325355766629
1,64,3dfe8fee5bd1ceed,Pneumonia,on,0.1148292716206404,1.0,0.3093816171675671,0.4725614137998207,0.6676829516291494
2,287,d736b1fc6877512b,Pneumothorax,off,0.209011300673947,1.0,0.3336678631722454,0.498089080109195,0.9886358026953368
2,287,d736b1fc6877512b,Pneumothorax,on,0.209011300673947,1.0,0.3619697194169516,0.5315356758154746,0.6311253509994696
3,221,4b1efc03403cd73c,Pneumonia,off,0.1269778615947643,1.0,0.4714718682258838,0.6380700026856807,3.004453040293475
3,221,4b1efc03403cd73c,Pneumonia,on,0.1269778615947643,1.0,0.2813549494539524,0.4391425353485513,3.161697169151721
4,99,930f9bd2d8c63458,Pneumothorax,off,0.1903376557558391,1.0,0.404924582112069,0.5712129428283584,1.3800167926046574
4,99,930f9bd2d8c63458,Pneumothorax,on,0.1903376557558391,1.0,0.4966390465047814,0.6636705546051679,0.9922869736003224
5,258,185d65aeccbfa70b,Pneumonia,off,0.1315585573732146,1.0,0.4104163432644955,0.5798171396025842,2.653961979046974
5,258,185d65aeccbfa70b,Pneumonia,on,0.1315585573732146,1.0,0.3086221281944633,0.4716663930808366,3.122408729951468
6,232,dde31d4452de3e39,Pneumonia,off,0.1223679273326218,1.0,0.6266755134017987,0.7674559535075376,3.5863392323615577
6,232,dde31d4452de3e39,Pneumonia,on,0.1223679273326218,1.0,0.3242131924517266,0.4896562592533473,3.3353652727582555
7,267,96238c9f05e3b238,Pneumothorax,off,0.144798717405182,0.0,0.0025563671006668,0.0050482088265266,0.8361682183559593
7,267,96238c9f05e3b238,Pneumothorax,on,0.144798717405182,0.0,0.0837833903488015,0.1546087346934599,0.4341819302018999
8,366,adfa39118b9e3489,Pneumothorax,off,0.1700315288315814,0.0,0.0111945798062525,0.0215278836539233,0.5512759212316738
8,366,adfa39118b9e3489,Pneumothorax,on,0.1700315288315814,0.0,0.0512084975632997,0.0974171784145497,0.1789515525350562
9,134,e09c63979aec3355,Pneumothorax,off,0.1290537939369131,0.0,0.0030009735983047,0.0059132201094622,0.3834151252467317
9,134,e09c63979aec3355,Pneumothorax,on,0.1290537939369131,0.0,0.0002805391230103,0.0005602923264311,-0.2563793792799537
10,89,944a3ee8201c0f57,Pneumothorax,off,0.0952151221437656,1.0,0.2974034371983493,0.4557756599837091,2.1284232788737727
10,89,944a3ee8201c0f57,Pneumothorax,on,0.0952151221437656,1.0,0.2394332674178583,0.3863373516192318,2.8323759462500444
11,352,f927f7fc0016cedd,Pneumonia,off,0.1376791466261226,1.0,0.4628686000910736,0.6325199524888697,1.9477076505170243
11,352,f927f7fc0016cedd,Pneumonia,on,0.1376791466261226,1.0,0.4896743257008232,0.657424548849999,1.93375031246091
12,371,7e6b1ef08113cdd8,Pneumothorax,off,0.1295995789658348,1.0,0.3158301806934674,0.4774695043621628,3.16667414659314
12,371,7e6b1ef08113cdd8,Pneumothorax,on,0.1295995789658348,1.0,0.1715179437281779,0.2928089077371976,2.9051933120765288
13,277,9e284dd7868db308,Pneumothorax,off,0.169724524752813,0.0,0.0198951953139861,0.0376332686042631,0.6875633996061453
13,277,9e284dd7868db308,Pneumothorax,on,0.169724524752813,0.0,0.0940192841906097,0.171868728335759,0.3202512384923984
14,358,ffe388efa401e2c7,Pneumonia,off,0.158399485402687,1.0,0.2006146397186813,0.3330567146441943,1.512260973373297
14,358,ffe388efa401e2c7,Pneumonia,on,0.158399485402687,1.0,0.4201574314709572,0.5917023197493794,1.49729804123398
15,336,a2552a9bae4a584f,Pneumonia,off,0.1499008328094771,1.0,0.4302653319789686,0.6014388057745983,2.2190847771266884
15,336,a2552a9bae4a584f,Pneumonia,on,0.1499008328094771,1.0,0.4193946984538721,0.5909439956861168,2.4537744878822765
16,388,5e0eb35c22d224fb,Pneumothorax,off,0.1750946595909536,1.0,0.211843907371826,0.3485442901768775,0.6667898529362727
16,388,5e0eb35c22d224fb,Pneumothorax,on,0.1750946595909536,1.0,0.2460372496100851,0.3949113357020878,0.5652540656578757
17,383,ce476f54355d544d,Pneumonia,off,0.1109308071283423,1.0,0.2393342983182922,0.382076780307968,1.2796946417932904
17,383,ce476f54355d544d,Pneumonia,on,0.1109308071283423,1.0,0.4307665666897932,0.6021476911161207,0.9220812013017812
18,1,f464ffe0f4bdeed5,Pneumothorax,off,0.152736965727624,0.0,0.0117443588184987,0.0223927425745225,1.3173075928242468
18,1,f464ffe0f4bdeed5,Pneumothorax,on,0.152736965727624,0.0,0.1090974985817929,0.1967319771885437,1.8971652745944385
19,52,c6b1ec5d0007bcc8,Pneumothorax,off,0.1738227855503413,1.0,0.2346335183136437,0.3792264458175246,0.7681813104570681
19,52,c6b1ec5d0007bcc8,Pneumothorax,on,0.1738227855503413,1.0,0.2597561776992059,0.4123894376216456,0.5857680615783597
20,66,4a3abb70e8c0334e,Pneumonia,off,0.1589988743183778,1.0,0.5037951647027332,0.6678093414000887,2.009769785417444
20,66,4a3abb70e8c0334e,Pneumonia,on,0.1589988743183778,1.0,0.5486361635042195,0.708529253631083,2.223293617329729
21,310,8adf4fbea2355342,Pneumothorax,off,0.1484486547860961,0.0,0.0808056711288721,0.1477765526499238,0.3420755803148029
21,310,8adf4fbea2355342,Pneumothorax,on,0.1484486547860961,0.0,0.1505085149717844,0.2616326160298857,0.2117754168072823
22,57,2f30a42db1b214d2,Pneumothorax,off,0.2027152805188856,0.0,0.0789407457845724,0.1459652964988554,0.3776719434480097
22,57,2f30a42db1b214d2,Pneumothorax,on,0.2027152805188856,0.0,0.0782398889961386,0.1451222171297919,0.1298677525138293
23,75,9d40b4647d175c1d,Pneumothorax,off,0.149847228922708,0.0,0.0,0.0,0.0656841277473413
23,75,9d40b4647d175c1d,Pneumothorax,on,0.149847228922708,0.0,0.0036430958399204,0.0072593098335004,-0.319317387703916
24,294,796252c659a6d63b,Pneumothorax,off,0.1363829071824335,0.0,0.0,0.0,-0.0508951004104989
24,294,796252c659a6d63b,Pneumothorax,on,0.1363829071824335,0.0,0.0,0.0,-0.4121646104242519
25,236,308f2b9dd5d34af9,Pneumothorax,off,0.1399694945153477,0.0,0.0208914148316167,0.040664999039456,0.7393441616856525
25,236,308f2b9dd5d34af9,Pneumothorax,on,0.1399694945153477,0.0,0.0324214485822442,0.0628059915410722,0.6138201746733443
26,13,b43760d8864b67dc,Pneumothorax,off,0.1721269534961917,0.0,0.043538616104797,0.0820481157111667,0.9330759827305746
26,13,b43760d8864b67dc,Pneumothorax,on,0.1721269534961917,0.0,0.0604329929117888,0.1139736155687789,0.6155080939320099
27,215,61d50fd13c3afc43,Pneumothorax,off,0.1885784736536896,0.0,0.0541535147364878,0.1027223001158219,0.8246351616700184
27,215,61d50fd13c3afc43,Pneumothorax,on,0.1885784736536896,0.0,0.0544586178967034,0.1032920873760847,0.5288425918025429
28,147,6b63c94e8cfd8324,Pneumothorax,off,0.1791880473078666,0.0,0.2215660713845963,0.362551238436439,1.3714614622460406
28,147,6b63c94e8cfd8324,Pneumothorax,on,0.1791880473078666,0.0,0.2379546649074676,0.384431892290171,1.17265956047632
29,301,8392c5876fbbed46,Pneumothorax,off,0.1938121622345998,0.0,0.0125788860642123,0.02440974417579,0.8473957206632818
29,301,8392c5876fbbed46,Pneumothorax,on,0.1938121622345998,0.0,0.0241071937256244,0.0470765058391781,0.2258307363799583
30,153,8374c5eceb0bdd93,Pneumonia,off,0.1609286142420654,1.0,0.146390794560817,0.2538143828493799,1.4480206433992635
30,153,8374c5eceb0bdd93,Pneumonia,on,0.1609286142420654,1.0,0.1281249675308577,0.2271443031960771,1.1961312719865498
31,152,d854ccc3473ae1c9,Pneumonia,off,0.1309737876993699,1.0,0.3161378012606208,0.4801805626705892,1.2295853593553068
31,152,d854ccc3473ae1c9,Pneumonia,on,0.1309737876993699,1.0,0.2426522799758535,0.3905214385257795,1.1587990186766686
32,429,2d400ff20632a25f,Pneumothorax,off,0.1549395981657724,0.0,0.0,0.0,0.5946884228408987
32,429,2d400ff20632a25f,Pneumothorax,on,0.1549395981657724,0.0,0.001834352896027,0.0036500860887689,-0.2113742270810983
33,204,e96c049804f0df2f,Pneumothorax,off,0.1766735377103343,0.0,0.0019200687053338,0.0038036213391663,0.879823161075016
33,204,e96c049804f0df2f,Pneumothorax,on,0.1766735377103343,0.0,0.0223843687048052,0.0437865208394875,0.3353972659608117
34,124,767135fe43de9223,Pneumonia,off,0.157824461890073,1.0,0.3157722340812841,0.4705188231450726,3.177410502214207
34,124,767135fe43de9223,Pneumonia,on,0.157824461890073,1.0,0.1697568690261444,0.2902370242765146,2.597861609379412
35,169,1cff8384b9f1223b,Pneumonia,off,0.1294436403861429,1.0,0.6180205723566932,0.7604518954586076,2.3246163871202707
35,169,1cff8384b9f1223b,Pneumonia,on,0.1294436403861429,1.0,0.6537537895917078,0.7906076374108653,2.992138565915715
36,170,a6a7caa06b6c0b26,Pneumonia,off,0.1537067087700832,0.0,0.0957984289302203,0.1658795268775615,0.4261171889389266
36,170,a6a7caa06b6c0b26,Pneumonia,on,0.1537067087700832,0.0,0.1347523554734822,0.2374886172058623,0.2519931466659723
37,326,de9f6d015fd908b7,Pneumonia,off,0.1765712030174115,1.0,0.5931457732798318,0.7430040671880767,2.201442682690676
37,326,de9f6d015fd908b7,Pneumonia,on,0.1765712030174115,1.0,0.6342545428027654,0.7761978442897544,2.1428673408017285
38,33,7bc33684e2eedab2,Pneumonia,off,0.1324503311258278,1.0,0.5682834835620454,0.7238506515230901,2.3886077754707804
38,33,7bc33684e2eedab2,Pneumonia,on,0.1324503311258278,1.0,0.5549766901830271,0.71380243040657,2.661341196709016
39,345,f7e574ed970b6fa4,Pneumonia,off,0.0911899575554678,0.0,0.0348732574195988,0.0668921082600211,-0.1867102378571763
39,345,f7e574ed970b6fa4,Pneumonia,on,0.0911899575554678,0.0,0.0667441144828615,0.1251355939457891,0.1674148909860099
40,307,5b973b2a2b5d74e1,Pneumothorax,off,0.1350720484968982,1.0,0.6271998829419216,0.7684966300545042,2.6574352502309084
40,307,5b973b2a2b5d74e1,Pneumothorax,on,0.1350720484968982,1.0,0.5059609306456829,0.6718985751354369,3.393107009342793
41,162,aef22881da576d57,Pneumonia,off,0.1717224878051157,1.0,0.3248047895844738,0.4817670668698876,1.503917505247847
41,162,aef22881da576d57,Pneumonia,on,0.1717224878051157,1.0,0.491475999382594,0.6590346311152067,1.0349027983221253
42,165,781f704802f75a3c,Pneumonia,off,0.131158964762754,0.0,0.1901587026150136,0.3184803868866421,1.194028435472763
42,165,781f704802f75a3c,Pneumonia,on,0.131158964762754,0.0,0.2499816226815178,0.3999753093027636,1.0401922872514957
43,250,d8d641a44a6f4ff4,Pneumonia,off,0.1673367152512804,1.0,0.5146912286856808,0.67871249511354,2.00274522306943
43,250,d8d641a44a6f4ff4,Pneumonia,on,0.1673367152512804,1.0,0.5572346650179274,0.7156717950842034,1.856240455934607
44,251,7145c5e140005d8c,Pneumothorax,off,0.1895823282604564,0.0,0.075815784204547,0.1405085327154155,1.6162785117140983
44,251,7145c5e140005d8c,Pneumothorax,on,0.1895823282604564,0.0,0.0832988842344471,0.1537857842745683,1.8036480685885403
45,353,d44232b5d5172511,Pneumonia,off,0.1789687586801748,1.0,0.4552888309619962,0.625486152441235,1.2252877738251575
45,353,d44232b5d5172511,Pneumonia,on,0.1789687586801748,1.0,0.4612265836484334,0.6312858224049597,1.0810572528459266
46,293,4f55b0639e04180f,Pneumonia,off,0.1267195883221496,1.0,0.5006450210230039,0.6670451928584903,2.539927341180332
46,293,4f55b0639e04180f,Pneumonia,on,0.1267195883221496,1.0,0.3887186942792778,0.5598137286607401,2.98437386176256
47,247,ac0638d531d07d35,Pneumonia,off,0.1734085736980347,1.0,0.6821835565744067,0.8084600471504209,2.6283313276443927
47,247,ac0638d531d07d35,Pneumonia,on,0.1734085736980347,1.0,0.6605946640158121,0.7955884340894286,3.373916104850816
48,380,1840d844a60aab1f,Pneumothorax,off,0.1621712497989854,0.0,0.011879551742366,0.0230606160938107,0.4472285575018955
48,380,1840d844a60aab1f,Pneumothorax,on,0.1621712497989854,0.0,0.0342743955712751,0.0662770001686229,0.3546438273502007
49,214,d70bd304d57bf5ad,Pneumothorax,off,0.1608019141460657,0.0,0.0,0.0,0.3621308262320635
49,214,d70bd304d57bf5ad,Pneumothorax,on,0.1608019141460657,0.0,0.0065090660027748,0.0129330092547753,-0.2404119998595773
50,101,005caf71e328e791,Pneumothorax,off,0.1984318426579731,0.0,4.13890153553247e-05,8.276090374906894e-05,0.1812931605002107
50,101,005caf71e328e791,Pneumothorax,on,0.1984318426579731,0.0,0.0,0.0,-0.5144999744535944
51,370,1be3d80fc96adf0b,Pneumothorax,off,0.1667032147712819,0.0,0.0210195489370199,0.0402125042320197,0.9657486836960486
51,370,1be3d80fc96adf0b,Pneumothorax,on,0.1667032147712819,0.0,0.0736596358822838,0.1372113212786787,0.6758342117563385
52,315,c33da9bc26f0918b,Pneumothorax,off,0.1290148092919901,0.0,0.141876579772501,0.248359279131721,1.328756890901541
52,315,c33da9bc26f0918b,Pneumothorax,on,0.1290148092919901,0.0,0.1345073341024105,0.2371187612857669,1.170362294637085
53,119,fce19ecb366cd804,Pneumothorax,off,0.1436243049768772,0.0,0.0215174880772052,0.0417790412905752,1.468479698809794
53,119,fce19ecb366cd804,Pneumothorax,on,0.1436243049768772,0.0,0.0333774620495835,0.0645984801399806,2.530350369637373
54,180,e9021db9e47370af,Pneumothorax,off,0.1928521653533714,1.0,0.6306392903492427,0.7732982801681174,2.368084830141971
54,180,e9021db9e47370af,Pneumothorax,on,0.1928521653533714,1.0,0.6513150230839855,0.7888436446506921,2.375324821312697
55,29,0561f662526d7d95,Pneumonia,off,0.1248044676403081,1.0,0.6274621663480835,0.7687707825965701,2.409823887235281
55,29,0561f662526d7d95,Pneumonia,on,0.1248044676403081,1.0,0.6016163319365918,0.7512455068629708,2.9053041286666303
56,25,ec993e4f0023f70c,Pneumonia,off,0.2004639172745835,0.0,0.1893874275426636,0.3171303408447852,0.970055231446959
56,25,ec993e4f0023f70c,Pneumonia,on,0.2004639172745835,0.0,0.2587931311908877,0.4111750623265259,0.9367518460684184
57,26,e4f5c835b82b6a0a,Pneumonia,off,0.1915364335872208,1.0,0.2265695133404542,0.358653575706202,1.95153340719418
57,26,e4f5c835b82b6a0a,Pneumonia,on,0.1915364335872208,1.0,0.2178270048985111,0.3577068941329097,1.892207829421264
58,302,8d4f655ab28f5771,Pneumothorax,off,0.1790905856955591,0.0,0.0395443610515933,0.0742813804447964,0.7388883816662394
58,302,8d4f655ab28f5771,Pneumothorax,on,0.1790905856955591,0.0,0.1034661316553256,0.1875282652455915,0.3877506862359457
59,9,97992e6c1c70eb7a,Pneumonia,off,0.1782085581041767,0.0,0.0058450339290942,0.0115241703496915,-0.0141162922503422
59,9,97992e6c1c70eb7a,Pneumonia,on,0.1782085581041767,0.0,0.0159477430665458,0.0313942534212989,-0.1939505854050162
60,433,538b8f9490cbc12f,Pneumothorax,off,0.1756258253780292,0.0,0.0897280243315955,0.1556935705704152,0.904162003424576
60,433,538b8f9490cbc12f,Pneumothorax,on,0.1756258253780292,0.0,0.2667591873360367,0.4211650347127891,0.6867554490595142
61,61,e8b3fb4529ac1ed6,Pneumonia,off,0.1111354765141879,1.0,0.6592555183169446,0.7937689710686557,3.2004475522304934
61,61,e8b3fb4529ac1ed6,Pneumonia,on,0.1111354765141879,1.0,0.4262770025989975,0.597733792302457,3.814814013159886
62,127,731d6cd9a8a29ce2,Pneumonia,off,0.204250300912728,1.0,0.504768140389033,0.6680662790141464,1.7170504798094846
62,127,731d6cd9a8a29ce2,Pneumonia,on,0.204250300912728,1.0,0.5557491603031572,0.7144447459288987,1.2188446483760724
63,126,bc970cf63214290c,Pneumothorax,off,0.1316413997436759,1.0,0.2863919748473205,0.4452150179275705,2.430023920627844
63,126,bc970cf63214290c,Pneumothorax,on,0.1316413997436759,1.0,0.1994902376498758,0.3326047548339879,2.9747671685280204
64,328,2d6e3f681ea5bbaf,Pneumonia,off,0.1232450818433889,1.0,0.5955971738993637,0.7458698415057221,3.087200776939405
64,328,2d6e3f681ea5bbaf,Pneumonia,on,0.1232450818433889,1.0,0.41291721180213,0.5844710456849735,3.5652209584788173
65,355,724402cd96172832,Pneumonia,off,0.1530147313227002,1.0,0.2624187446445348,0.4127950993231218,0.2046772889993059
65,355,724402cd96172832,Pneumonia,on,0.1530147313227002,1.0,0.3645552085572659,0.5343198196635405,0.7341745275178165
66,176,2866eb95dd89335c,Pneumothorax,off,0.1837638700057015,0.0,0.2950589410757502,0.455106127106486,1.0672354125160572
66,176,2866eb95dd89335c,Pneumothorax,on,0.1837638700057015,0.0,0.3083742715598097,0.4713762699425247,0.7752181266633104
67,281,235e3976089eb09b,Pneumonia,off,0.1788079470198675,1.0,0.3695464171810378,0.5295342221232432,2.0452519413535257
67,281,235e3976089eb09b,Pneumonia,on,0.1788079470198675,1.0,0.636194714819019,0.7776454399681494,1.8400099652178703
68,194,22d968a4cf24a2ef,Pneumonia,off,0.1464701840562548,1.0,0.5102087669653746,0.673987956211626,2.227056147406204
68,194,22d968a4cf24a2ef,Pneumonia,on,0.1464701840562548,1.0,0.3960545508314092,0.5673637920193219,2.453233987938817
69,377,b3cf935ab991f9c3,Pneumothorax,off,0.1513383915910121,0.0,0.0406707227134068,0.0776621561274252,1.2453636544545892
69,377,b3cf935ab991f9c3,Pneumothorax,on,0.1513383915910121,0.0,0.0693266322522878,0.1296638327306559,1.392339404144824
70,330,2869d91524dd1960,Pneumonia,off,0.161708307140525,0.0,0.4127282532362558,0.5767283440453734,1.8926375390851091
70,330,2869d91524dd1960,Pneumonia,on,0.161708307140525,0.0,0.5965305074468604,0.7472834657081497,1.8135453518161335
71,270,78f06abe92b60498,Pneumothorax,off,0.178997997163867,0.0,0.0010266092394831,0.0020427330359239,0.889559290531329
71,270,78f06abe92b60498,Pneumothorax,on,0.178997997163867,0.0,0.0161743293338729,0.0318301380067542,0.2444887896058519
72,109,b20274fc29ca9b68,Pneumonia,off,0.150173725323938,1.0,0.5722178321456477,0.7254909730263562,2.5286232947140825
72,109,b20274fc29ca9b68,Pneumonia,on,0.150173725323938,1.0,0.6280067396844922,0.7714986444660097,3.189135815352288
73,110,c987ef8a69ec7d0c,Pneumonia,off,0.1480100775307126,0.0,0.083439795579266,0.1537208475682818,0.8273080475010028
73,110,c987ef8a69ec7d0c,Pneumonia,on,0.1480100775307126,0.0,0.130613083595077,0.2310165818019218,0.617403399670119
74,181,b2cd57f216938986,Pneumonia,off,0.1685696046469696,1.0,0.5311562828463655,0.6920624906105927,2.384518640249333
74,181,b2cd57f216938986,Pneumonia,on,0.1685696046469696,1.0,0.5255435003420631,0.6889830822469176,3.0998631732171247
75,297,8293af30dcb2b692,Pneumothorax,off,0.1855815290752354,0.0,0.1676950811425351,0.2871834643718228,1.0967611464211322
75,297,8293af30dcb2b692,Pneumothorax,on,0.1855815290752354,0.0,0.1639157940054545,0.2816625700493678,0.854949848659885
76,296,159c7db7f927dc98,Pneumonia,off,0.1358030105892042,1.0,0.6167007953422436,0.7625088720380454,2.6864150779844627
76,296,159c7db7f927dc98,Pneumonia,on,0.1358030105892042,1.0,0.499881751246615,0.6665409995772733,3.3718383738251902
77,229,9412b8e65f6f6840,Pneumonia,off,0.195946571544133,1.0,0.6666756586344799,0.7957843207305159,2.2987884547133466
77,229,9412b8e65f6f6840,Pneumonia,on,0.195946571544133,1.0,0.7562574817582398,0.861214487067417,2.149650808851818
78,327,fbc302de04f21e52,Pneumonia,off,0.1493160631356324,1.0,0.5755952510931253,0.7269244402966265,2.717328261493328
78,327,fbc302de04f21e52,Pneumonia,on,0.1493160631356324,1.0,0.4450504482426112,0.6159451838240668,3.155715749272133
79,319,790472400a863083,Pneumonia,off,0.1493160631356324,1.0,0.4413755233082969,0.6120349334879254,2.1445489205616868
79,319,790472400a863083,Pneumonia,on,0.1493160631356324,1.0,0.4204412661636453,0.5919793279178058,2.467975706875046
80,68,818b471b2f6a5f3e,Pneumothorax,off,0.1817025569053988,0.0,0.004986615287942,0.0098616334270671,0.2629583961453408
80,68,818b471b2f6a5f3e,Pneumothorax,on,0.1817025569053988,0.0,0.003808470552338,0.0075878595540177,-0.3658169949295632
81,308,dfaedb6f55819466,Pneumonia,off,0.1548128980697727,1.0,0.4002790721341361,0.570797112206217,1.4619909489892111
81,308,dfaedb6f55819466,Pneumonia,on,0.1548128980697727,1.0,0.3308825993572284,0.497224174140254,1.363877098277032
82,389,022cf70a01eb4a97,Pneumothorax,off,0.1864343181829257,1.0,0.4050137927371028,0.5763423836209656,1.3774959282822372
82,389,022cf70a01eb4a97,Pneumothorax,on,0.1864343181829257,1.0,0.4185189986117215,0.5900786251478048,1.055919242858632
83,202,95ba87c7792a6caa,Pneumonia,off,0.1304767334766019,1.0,0.4523069128115454,0.6199963771950341,1.929644531622629
83,202,95ba87c7792a6caa,Pneumonia,on,0.1304767334766019,1.0,0.5807353627274123,0.734765814522697,1.7352896082954263
84,65,1a59056f0e47b4b4,Pneumothorax,off,0.1632238352119059,0.0,0.220048742950895,0.3581587087253397,2.5605521164741094
84,65,1a59056f0e47b4b4,Pneumothorax,on,0.1632238352119059,0.0,0.1332672600646712,0.2351882801540347,2.4835222189673667
85,15,b63a0f6302a22e69,Pneumothorax,off,0.1331228162507492,0.0,0.0,0.0,0.497861386282042
85,15,b63a0f6302a22e69,Pneumothorax,on,0.1331228162507492,0.0,0.0,0.0,-0.281589831905678
86,187,99c15493b7dcd579,Pneumonia,off,0.1440482629904146,1.0,0.6467922785523708,0.7841693364368061,2.460510462422627
86,187,99c15493b7dcd579,Pneumonia,on,0.1440482629904146,1.0,0.6299549882888602,0.7729652259244317,2.74367044260794
87,142,3a1726fd39c92115,Pneumonia,off,0.1354472757042819,1.0,0.3312231296821852,0.4959384455041269,1.4070291984421637
87,142,3a1726fd39c92115,Pneumonia,on,0.1354472757042819,1.0,0.3691626680637064,0.5392530379110824,1.112558503557859
88,350,868b49c7c091d006,Pneumonia,off,0.1434391279134931,1.0,0.200872518745401,0.3293342534150916,0.7626651987188674
88,350,868b49c7c091d006,Pneumonia,on,0.1434391279134931,1.0,0.3258427962156145,0.4915174439545083,0.6462192356296473
89,417,2cae18047a4fd0de,Pneumothorax,off,0.1564843647208455,0.0,0.0657711292083279,0.1188576084289522,0.4452040974325671
89,417,2cae18047a4fd0de,Pneumothorax,on,0.1564843647208455,0.0,0.0682021280573705,0.1272441923443094,-0.0337311012957551
90,192,d3b1c0df71d64c6e,Pneumothorax,off,0.1770341456758719,0.0,0.0,0.0,0.2279966863919665
90,192,d3b1c0df71d64c6e,Pneumothorax,on,0.1770341456758719,0.0,0.0,0.0,-0.4769577662723025
91,163,ff6c0b345508b50e,Pneumonia,off,0.1361441262322802,1.0,0.1989878930487055,0.3293484305826942,1.0185884613087584
91,163,ff6c0b345508b50e,Pneumonia,on,0.1361441262322802,1.0,0.3189647304594697,0.4836577378991807,0.6106127209148993
92,35,9ef65ccd2ea2538e,Pneumothorax,off,0.1831839734124721,1.0,0.427327771486699,0.5951983093202643,1.1752292180299988
92,35,9ef65ccd2ea2538e,Pneumothorax,on,0.1831839734124721,1.0,0.4861813251956913,0.6542669193264297,0.963082592122881
93,36,25e07c942bb51e7b,Pneumonia,off,0.1552855868894639,1.0,0.4706341208506159,0.6342088768529722,1.9834300162113625
93,36,25e07c942bb51e7b,Pneumonia,on,0.1552855868894639,1.0,0.6366885616377529,0.7780188541011615,1.6264812960913235
94,226,0abf7661fc925447,Pneumonia,off,0.1098246178286527,1.0,0.5359191383390598,0.6972265147050691,2.196734982417481
94,226,0abf7661fc925447,Pneumonia,on,0.1098246178286527,1.0,0.5124970108556083,0.6776770474104196,2.5198385189343413
95,150,791e671c4f33e5f0,Pneumothorax,off,0.1159890648070991,0.0,0.0906549042058941,0.1642757434204244,2.3647758391374776
95,150,791e671c4f33e5f0,Pneumothorax,on,0.1159890648070991,0.0,0.0854950076536033,0.1575210538266687,2.94617859872439
96,222,077ba979b42b2e06,Pneumonia,off,0.1708209678912718,1.0,0.4007137520989732,0.5651732698541891,1.612030893401402
96,222,077ba979b42b2e06,Pneumonia,on,0.1708209678912718,1.0,0.5220816221802969,0.6860097810663384,1.388018174751127
97,367,e392c9fcacb26e80,Pneumonia,off,0.142313446291342,1.0,0.3670706748264316,0.5365258452997773,1.5840529649402864
97,367,e392c9fcacb26e80,Pneumonia,on,0.142313446291342,1.0,0.3607527961711239,0.53022256265065,1.4540140057373567
98,14,dc0b7cc379d0fccd,Pneumonia,off,0.1430249160611864,1.0,0.5651068418530064,0.7217764699101382,2.9058844882350408
98,14,dc0b7cc379d0fccd,Pneumonia,on,0.1430249160611864,1.0,0.4587800789751816,0.6289812640979779,3.356398332881793
99,453,6a7ae10cef5405cd,Pneumothorax,off,0.1501249945177843,0.0,0.003075370529909,0.0060810921580946,0.448345978128184
99,453,6a7ae10cef5405cd,Pneumothorax,on,0.1501249945177843,0.0,0.0,0.0,-0.4343408332176998
100,340,df9d2cb9cfb59860,Pneumothorax,off,0.1740030895331101,0.0,0.2762609326457856,0.4324443924332166,1.528646262808625
100,340,df9d2cb9cfb59860,Pneumothorax,on,0.1740030895331101,0.0,0.2965121099760324,0.4573996110117682,1.3540242853107327
101,322,892a1f178fe73ab6,Pneumonia,off,0.181142152634631,1.0,0.5239748735438675,0.6791103975119325,2.07522913618016
101,322,892a1f178fe73ab6,Pneumonia,on,0.181142152634631,1.0,0.6719437884651368,0.8037844048037176,1.642420550584234
102,146,0abcdb1524aed62c,Pneumonia,off,0.1482244930777889,1.0,0.2116255458870288,0.3490181096549758,0.468519392848053
102,146,0abcdb1524aed62c,Pneumonia,on,0.1482244930777889,1.0,0.2271593508066706,0.3702197990014004,0.5685153968821449
103,196,9cd672e6f6df4fad,Pneumothorax,off,0.2049325321988801,0.0,0.0496245222028588,0.0944834782364094,1.0933855644928268
103,196,9cd672e6f6df4fad,Pneumothorax,on,0.2049325321988801,0.0,0.0548190322790934,0.1039401210738581,0.7632173125050102
104,269,8f693755259e29e4,Pneumothorax,off,0.1787738354555599,1.0,0.489551620738834,0.6453934035857752,2.3389629742173166
104,269,8f693755259e29e4,Pneumothorax,on,0.1787738354555599,1.0,0.7076245944507196,0.8287649735558205,1.7769467842340865
105,273,3baee050c883a811,Pneumonia,off,0.148565608720865,1.0,0.4954833144173946,0.6621050090207075,1.9214906909705336
105,273,3baee050c883a811,Pneumonia,on,0.148565608720865,1.0,0.4411755338674904,0.6122382969835358,1.8641940695889745
106,362,530e2b83ccfd49fe,Pneumothorax,off,0.146499422539947,0.0,0.0053488535709343,0.0104730324559598,0.6572245282374346
106,362,530e2b83ccfd49fe,Pneumothorax,on,0.146499422539947,0.0,0.0274653677190125,0.0534580340688787,0.1684774702639941
107,364,179927b58fab7ee0,Pneumothorax,off,0.1215882344341622,0.0,0.0,0.0,-0.0509169232670873
107,364,179927b58fab7ee0,Pneumothorax,on,0.1215882344341622,0.0,0.0,0.0,-0.3854296653831903
108,374,8fc340074e3658f5,Pneumonia,off,0.1222753388009297,1.0,0.6179371890095176,0.7630711120459476,2.8508224650526346
108,374,8fc340074e3658f5,Pneumonia,on,0.1222753388009297,1.0,0.4643526583733022,0.6341940073631703,3.4801062469539983
109,311,7a80693a8ceb051b,Pneumothorax,off,0.1630191658260602,0.0,0.1635617448730012,0.2800407497077939,1.395170248225328
109,311,7a80693a8ceb051b,Pneumothorax,on,0.1630191658260602,0.0,0.2075493878888289,0.3437517385307009,1.191807677564671
110,235,6209aa50dc0a8a4a,Pneumonia,off,0.1624246499909848,1.0,0.4424680708351177,0.6124981117124217,1.4734979455629802
110,235,6209aa50dc0a8a4a,Pneumonia,on,0.1624246499909848,1.0,0.4418960320146617,0.6129339371587427,1.240632518890506
111,272,2588627431774c44,Pneumothorax,off,0.178500942941099,0.0,0.0746715893133024,0.1389661267311194,1.7589622525611837
111,272,2588627431774c44,Pneumothorax,on,0.178500942941099,0.0,0.0735355523133738,0.1369968973703285,2.0942738161332004
112,313,8e5a6f1a03e3ba73,Pneumothorax,off,0.1382785355418134,1.0,0.5425838705004883,0.7031125946965073,2.629566566659445
112,313,8e5a6f1a03e3ba73,Pneumothorax,on,0.1382785355418134,1.0,0.4333060339854778,0.6046123578259535,2.972805964780083
113,106,54bd710f5acd0e34,Pneumonia,off,0.1343021017596694,1.0,0.5914593037852536,0.7426339265682301,2.55002861273986
113,106,54bd710f5acd0e34,Pneumonia,on,0.1343021017596694,1.0,0.5049741272932741,0.6710588839390184,3.115782518467707
114,136,b7a475c159e17b96,Pneumothorax,off,0.1452811523861039,0.0,0.0,0.0,0.4639867573697404
114,136,b7a475c159e17b96,Pneumothorax,on,0.1452811523861039,0.0,0.0,0.0,-0.3730714820422456
115,129,025d0c502d76dbd1,Pneumothorax,off,0.1720051264808073,0.0,0.0402554129291043,0.076638902686344,0.8461504065737384
115,129,025d0c502d76dbd1,Pneumothorax,on,0.1720051264808073,0.0,0.0615043648937211,0.1158807466900689,0.4324489297942769
116,171,de0f216f69af3aa4,Pneumonia,off,0.1186254014200157,1.0,0.3676068615612043,0.5331725794272411,1.103605658039258
116,171,de0f216f69af3aa4,Pneumonia,on,0.1186254014200157,1.0,0.5064051425535816,0.6723299399898461,1.119056210692324
117,49,b2b99029ccdf9b1a,Pneumothorax,off,0.1341948939861312,0.0,0.1975247668830378,0.3298389838692307,1.233599110411388
117,49,b2b99029ccdf9b1a,Pneumothorax,on,0.1341948939861312,0.0,0.1755651898902094,0.2986902016985638,1.0892538436257455
118,117,0f16ab8a0a186e36,Pneumonia,off,0.1274408042532247,1.0,0.672648099672587,0.8037599528999462,2.915120309084524
118,117,0f16ab8a0a186e36,Pneumonia,on,0.1274408042532247,1.0,0.5320296622449805,0.6945240077376565,3.8294611212390826
119,193,db5f9901a838ad41,Pneumonia,off,0.1238883284846181,1.0,0.3206263702205484,0.4836607388046355,1.583504497490369
119,193,db5f9901a838ad41,Pneumonia,on,0.1238883284846181,1.0,0.4639275051430155,0.63380883663622,1.397478378352783
120,19,89a55b0c6e16ccee,Pneumothorax,off,0.1600222212476061,0.0,0.0396222866805191,0.0730292831466402,0.4327980907125701
120,19,89a55b0c6e16ccee,Pneumothorax,on,0.1600222212476061,0.0,0.1135771872271443,0.2039734244980356,0.1747473831174957
121,18,68d594554781daaf,Pneumothorax,off,0.1793780974518661,1.0,0.4355637322626823,0.6055698986842235,1.900760416161268
121,18,68d594554781daaf,Pneumothorax,on,0.1793780974518661,1.0,0.4292661330184539,0.6006733143745756,1.9396457741480608
122,363,bf3a47063dba61d7,Pneumothorax,off,0.109410405976346,0.0,0.0,0.0,0.5071991086426059
122,363,bf3a47063dba61d7,Pneumothorax,on,0.109410405976346,0.0,0.0347306116935745,0.0671128238055637,-0.0427009742321271
123,31,03100f6839353a88,Pneumonia,off,0.1394334556476567,1.0,0.5616823504663844,0.7087614163517073,3.017678142461746
123,31,03100f6839353a88,Pneumonia,on,0.1394334556476567,1.0,0.347408272823093,0.5156439199626787,3.1757159800033428
124,30,d3484e6204746059,Pneumonia,off,0.1650463673620552,0.0,0.1392043585317979,0.244274563256134,0.7279910334985058
124,30,d3484e6204746059,Pneumonia,on,0.1650463673620552,0.0,0.1439636350478464,0.2516926627722018,0.5571494708256435
125,397,f65b542b3dc69a6a,Pneumothorax,off,0.1417432958593434,1.0,0.3811199590254307,0.5440983345492959,2.723723599483105
125,397,f65b542b3dc69a6a,Pneumothorax,on,0.1417432958593434,1.0,0.2492763446008437,0.3990571347207596,2.922363328020996
126,338,d4643b9bd661e0f1,Pneumonia,off,0.1300722677855259,1.0,0.4807998616290551,0.6452499357796944,2.9896010451156454
126,338,d4643b9bd661e0f1,Pneumonia,on,0.1300722677855259,1.0,0.2708217987818459,0.4261704253307027,3.158011753731706
127,255,90debafa186291f2,Pneumothorax,off,0.1431662353990322,1.0,0.4185905365763756,0.5899410833004632,2.256458671377729
127,255,90debafa186291f2,Pneumothorax,on,0.1431662353990322,1.0,0.3704061379648342,0.5405720807178551,2.4993923982543387
128,256,d500d2d19615d254,Pneumothorax,off,0.2066283642530298,0.0,0.0,0.0,-0.3693373777602886
128,256,d500d2d19615d254,Pneumothorax,on,0.2066283642530298,0.0,0.0,0.0,-0.5304398233026075
129,284,ad5c2e4baa04ebef,Pneumonia,off,0.1417481689399587,1.0,0.560404936193715,0.7119511237091212,2.587379067035261
129,284,ad5c2e4baa04ebef,Pneumonia,on,0.1417481689399587,1.0,0.6503552906252834,0.788131558185715,3.066779686618383
130,329,a13a3c52d890e41c,Pneumonia,off,0.166508291546667,1.0,0.3864463675059971,0.5572498637254325,1.1264491886062464
130,329,a13a3c52d890e41c,Pneumonia,on,0.166508291546667,1.0,0.3723375428741727,0.5426313096049886,0.9033172527371562
131,98,56da5643e7a2b4a6,Pneumothorax,off,0.187837765400153,0.0,0.0130672479738905,0.025506289308618,0.9754886808898467
131,98,56da5643e7a2b4a6,Pneumothorax,on,0.187837765400153,0.0,0.031760969633868,0.0615659770741204,0.5490539704810361
132,208,6ecfeeee8a984695,Pneumonia,off,0.1696270631405055,1.0,0.4557866160177058,0.6260725916192085,1.78185659809575
132,208,6ecfeeee8a984695,Pneumonia,on,0.1696270631405055,1.0,0.4319392316279867,0.603291653896508,1.4446419853247918
133,292,439f83b97f776b7e,Pneumonia,off,0.127928112314762,1.0,0.5708426726862811,0.7246144929795465,2.8834362988553144
133,292,439f83b97f776b7e,Pneumonia,on,0.127928112314762,1.0,0.3706223970195861,0.5407853364200477,3.386399208207588
134,233,99dd658ed527a4a3,Pneumonia,off,0.1171147464292501,1.0,0.1788405953026647,0.3017540577287215,0.9350993546610358
134,233,99dd658ed527a4a3,Pneumonia,on,0.1171147464292501,1.0,0.3065916106039292,0.4692734430882597,0.6472180771192417
135,178,67064801bb33c533,Pneumothorax,off,0.1830572733164724,0.0,0.0190311993436979,0.0368706332322215,1.0151913880672183
135,178,67064801bb33c533,Pneumothorax,on,0.1830572733164724,0.0,0.0392122388068124,0.0754640781710894,0.6194194856670793
136,90,b39ee401f01fc11c,Pneumothorax,off,0.1509485451417822,0.0,0.0010665564282761,0.0021217977712899,0.9445332997574796
136,90,b39ee401f01fc11c,Pneumothorax,on,0.1509485451417822,0.0,0.0357674171542402,0.069063156307153,0.5772237675695152
137,423,0b407bb0207960fa,Pneumothorax,off,0.1847969630961605,0.0,0.1112410098831338,0.2001804919618829,1.0192119114694718
137,423,0b407bb0207960fa,Pneumothorax,on,0.1847969630961605,0.0,0.112226050822688,0.2018041504456265,0.7254222568187667
138,268,b1a4805d5709bd1f,Pneumothorax,off,0.1407296950913459,0.0,0.0,0.0,0.4629248232952938
138,268,b1a4805d5709bd1f,Pneumothorax,on,0.1407296950913459,0.0,0.0055647184647637,0.0110646152460198,-0.2587585338212382
139,444,c97c679d5ab523d8,Pneumothorax,off,0.16216637671837,1.0,0.3891387319131176,0.5594207798415376,1.4122316046260517
139,444,c97c679d5ab523d8,Pneumothorax,on,0.16216637671837,1.0,0.4108019850687531,0.5823660220515867,1.0696470195546646
140,414,8b08482972e09a3c,Pneumonia,off,0.1315390650507531,1.0,0.6707565570125043,0.8016399520859917,3.085742551953293
140,414,8b08482972e09a3c,Pneumonia,on,0.1315390650507531,1.0,0.4979927626294232,0.6648569785310673,3.7258965898897536
141,415,75725f616cc29fbf,Pneumonia,off,0.1687109239848155,1.0,0.2534821803153357,0.4015674488580396,2.267406590193177
141,415,75725f616cc29fbf,Pneumonia,on,0.1687109239848155,1.0,0.151965196289069,0.2638301383200362,2.4796372476299333
142,372,afe0b97320465cbb,Pneumonia,off,0.1221632579467762,1.0,0.4181698780765931,0.5895655908933933,2.36430280889272
142,372,afe0b97320465cbb,Pneumonia,on,0.1221632579467762,1.0,0.3133744766237037,0.4771890863710281,3.0335072633143447
143,78,30032890ee6eaef2,Pneumothorax,off,0.1906056751896846,0.0,0.238403994539022,0.3848549260249195,1.152668037611864
143,78,30032890ee6eaef2,Pneumothorax,on,0.1906056751896846,0.0,0.2375488880122183,0.383901537296705,0.8895592255026671
144,46,40849f8f4588d1e3,Pneumonia,off,0.1806792099761706,0.0,0.3901697988209943,0.5603704842829161,1.9156049120788243
144,46,40849f8f4588d1e3,Pneumonia,on,0.1806792099761706,0.0,0.4005998613472529,0.5720345129104017,2.42458149582356
145,96,857b3bc9b7ac72d7,Pneumothorax,off,0.1861468064266187,0.0,0.1102571018053528,0.1984549164097949,1.1050527097383618
145,96,857b3bc9b7ac72d7,Pneumothorax,on,0.1861468064266187,0.0,0.1078780284502285,0.1947470315615095,0.8548401274093504
146,454,358aad16166fb6c3,Pneumothorax,off,0.1430833930285708,0.0,0.0,0.0,0.6514831755633095
146,454,358aad16166fb6c3,Pneumothorax,on,0.1430833930285708,0.0,0.0036723139763493,0.0072830912991628,-0.1325715898738945
147,274,3ca26b9b28c3dc4d,Pneumonia,off,0.140417817931962,1.0,0.4542012853612748,0.6237264029429881,1.9596108979956717
147,274,3ca26b9b28c3dc4d,Pneumonia,on,0.140417817931962,1.0,0.4973172677277765,0.6642767327898949,1.98348940022797
148,324,1a2e21229d1c588a,Pneumothorax,off,0.1262420264218431,0.0,0.0,0.0,0.3031981378204877
148,324,1a2e21229d1c588a,Pneumothorax,on,0.1262420264218431,0.0,0.0,0.0,-0.3967216313779356
149,184,b41834be3e29c44f,Pneumothorax,off,0.1641302282063652,0.0,0.0,0.0,0.4263844023915685
149,184,b41834be3e29c44f,Pneumothorax,on,0.1641302282063652,0.0,0.024575613754727,0.0479507095297178,-0.031528560969071
150,20,366f1766916dfa75,Pneumothorax,off,0.1597444556525298,0.0,0.000197842753058,0.0003952944753796,-0.1181274152975137
150,20,366f1766916dfa75,Pneumothorax,on,0.1597444556525298,0.0,0.0,0.0,-0.4546953785441942
151,361,b1c8137ad484eac1,Pneumonia,off,0.1439264359750303,1.0,0.4510969992469146,0.6197855018322197,1.98867196507593
151,361,b1c8137ad484eac1,Pneumonia,on,0.1439264359750303,1.0,0.5576357370706626,0.7160017465008758,1.75149484978728
152,401,c46bd3cf28d24372,Pneumothorax,off,0.1406029949953462,0.0,0.0,0.0,-0.0826776414588575
152,401,c46bd3cf28d24372,Pneumothorax,on,0.1406029949953462,0.0,0.0,0.0,-0.4305545519943741
153,400,c4ab7b3220d45f3d,Pneumonia,off,0.1440775014741069,1.0,0.508950777988977,0.6697767964102883,2.119518153111501
153,400,c4ab7b3220d45f3d,Pneumonia,on,0.1440775014741069,1.0,0.5103961343185383,0.6758361765883848,2.3709862371567163
154,351,cee781693007010c,Pneumonia,off,0.1218318884649308,1.0,0.5168575035248891,0.6795934269873531,2.511808269219869
154,351,cee781693007010c,Pneumonia,on,0.1218318884649308,1.0,0.5313945647467297,0.6939934740942306,3.301987326197896
155,332,8c9146cd6f056c49,Pneumonia,off,0.1199557524280124,1.0,0.560058021001244,0.7167804143221328,3.136975028295554
155,332,8c9146cd6f056c49,Pneumonia,on,0.1199557524280124,1.0,0.3480106337804992,0.5163175724315523,3.4355386247523407
156,418,16feb1569a29f5a0,Pneumothorax,off,0.1577172541165348,0.0,0.0349892986818662,0.0674300291890897,0.3800813617527462
156,418,16feb1569a29f5a0,Pneumothorax,on,0.1577172541165348,0.0,0.0490569745595019,0.0935255259920141,0.0701863379003852
157,103,a640eeb65f3ac9d2,Pneumothorax,off,0.1847579784512375,0.0,0.0498315829152101,0.0943363518551247,1.1770306816331428
157,103,a640eeb65f3ac9d2,Pneumothorax,on,0.1847579784512375,0.0,0.07858871996659,0.145725016664459,0.9327025929932664
158,139,1a868aa2c2a7ab1b,Pneumonia,off,0.1670930612205117,1.0,0.3278585940026225,0.4910416007642234,2.132051887903689
158,139,1a868aa2c2a7ab1b,Pneumonia,on,0.1670930612205117,1.0,0.272331837912631,0.4280702395781476,2.5693020445228973
159,42,6a382312bfef556a,Pneumothorax,off,0.1856838637681583,0.0,0.1314181097677784,0.2315959848844273,0.6447174992391373
159,42,6a382312bfef556a,Pneumothorax,on,0.1856838637681583,0.0,0.1666320108104828,0.2856622235490541,0.3364519227958344
160,246,ac9879b3bcc1d5b9,Pneumothorax,off,0.1404470564156542,1.0,0.3704403500993426,0.5340951396981399,1.198126376238028
160,246,ac9879b3bcc1d5b9,Pneumothorax,on,0.1404470564156542,1.0,0.4954398499972544,0.6626006708360886,1.142639016804584
161,166,07f6d43ff7442163,Pneumonia,off,0.1742564897251095,1.0,0.5731461921991061,0.7228284562344223,2.9328383338783084
161,166,07f6d43ff7442163,Pneumonia,on,0.1742564897251095,1.0,0.4839072462847607,0.6521942287146286,3.055668379986661
162,195,94310590493db21b,Pneumothorax,off,0.1754455213952604,0.0,0.0001120564432454,0.0002239873903395,0.1518018918401928
162,195,94310590493db21b,Pneumothorax,on,0.1754455213952604,0.0,0.0,0.0,-0.4811136375327277
163,262,421b40d76dc65ae9,Pneumothorax,off,0.1773996267220248,1.0,0.3322259037846286,0.4933567536000439,1.7444696734021794
163,262,421b40d76dc65ae9,Pneumothorax,on,0.1773996267220248,1.0,0.5192581214400218,0.6835564035949797,1.1065770543739588
164,342,9981e0f0e8d3ad3b,Pneumonia,off,0.1714593414518856,0.0,0.0,0.0,-1.0577366258965375
164,342,9981e0f0e8d3ad3b,Pneumonia,on,0.1714593414518856,0.0,0.0,0.0,-0.4865674552433945
165,199,5db9065ecfba6f94,Pneumonia,off,0.1741249165484944,1.0,0.4073746110027169,0.576874295018993,1.6542136802880558
165,199,5db9065ecfba6f94,Pneumonia,on,0.1741249165484944,1.0,0.476772048142945,0.645694524771453,1.2967754866558776
166,177,c1d43e09d7d9bec7,Pneumonia,off,0.1650512404426706,1.0,0.5470570863119263,0.7043208778554865,1.8512409043994555
166,177,c1d43e09d7d9bec7,Pneumonia,on,0.1650512404426706,1.0,0.6225916660457471,0.7674025952395072,1.5554788833267326
167,74,a95e5c78f29d3c6f,Pneumothorax,off,0.1249262946556925,0.0,0.0,0.0,0.1877965419466039
167,74,a95e5c78f29d3c6f,Pneumothorax,on,0.1249262946556925,0.0,0.0,0.0,-0.3903148319851194
168,73,6376c511055a284e,Pneumonia,off,0.1149364793941786,1.0,0.390521404995098,0.560914270433495,1.5708240826244977
168,73,6376c511055a284e,Pneumonia,on,0.1149364793941786,1.0,0.4197836622887037,0.5913327186753701,1.4785551598910442
169,72,b94add6384c3c56b,Pneumonia,off,0.1424888771934954,1.0,0.4631944902494675,0.6325914057746285,2.1690297102447427
169,72,b94add6384c3c56b,Pneumonia,on,0.1424888771934954,1.0,0.4082754188199416,0.5798180642298816,2.286092853144321
170,240,04541ecb15f3ec4a,Pneumonia,off,0.1379471660599681,1.0,0.5517294578140153,0.7083997988899101,2.1488241300695994
170,240,04541ecb15f3ec4a,Pneumonia,on,0.1379471660599681,1.0,0.601528624873359,0.7511918193076685,2.1390574241317637
171,254,36e588acb178eced,Pneumothorax,off,0.1399256367898094,0.0,0.0229832844999046,0.0439334865599424,0.6584818830913854
171,254,36e588acb178eced,Pneumothorax,on,0.1399256367898094,0.0,0.0805324964131313,0.1490545606057106,0.292729327581511
172,320,75bba632288ce1d3,Pneumonia,off,0.1290196823726055,1.0,0.315429611929076,0.4723555136760275,1.3589699666457986
172,320,75bba632288ce1d3,Pneumonia,on,0.1290196823726055,1.0,0.3856339021009519,0.5566119006973309,1.1989297735864917
173,128,48d3207f19c2ee8f,Pneumonia,off,0.1290586670175284,1.0,0.4711189900760207,0.640169148011716,2.050004945800472
173,128,48d3207f19c2ee8f,Pneumonia,on,0.1290586670175284,1.0,0.4892374996349073,0.6570296134216164,2.3170652785921173
174,93,8bfe346954ca2a54,Pneumothorax,off,0.1188544362089382,0.0,0.2007864830721022,0.3334182164824163,1.5383253294356845
174,93,8bfe346954ca2a54,Pneumothorax,on,0.1188544362089382,0.0,0.2286855588661567,0.3722437288858615,1.455293692725063
175,190,18ade169c0e38f1b,Pneumonia,off,0.128059685491377,1.0,0.5277929013882712,0.6859742546642479,2.458740528131915
175,190,18ade169c0e38f1b,Pneumonia,on,0.128059685491377,1.0,0.629925873610773,0.7729485115593097,2.8483378396747248
176,191,b6743168ef9bbb93,Pneumonia,off,0.1660794604525142,0.0,0.0051641073548796,0.0101756861752628,0.297433483871248
176,191,b6743168ef9bbb93,Pneumonia,on,0.1660794604525142,0.0,0.0140957602432803,0.0277986120502238,-0.0989782573124908
177,435,8065b42d7d8e8e46,Pneumothorax,off,0.165879664147284,0.0,0.0589902963319743,0.1107561673753698,1.1082645062644243
177,435,8065b42d7d8e8e46,Pneumothorax,on,0.165879664147284,0.0,0.0805655802819367,0.1491174178111144,0.8538781432124889
178,132,b3b7784bd1c963b0,Pneumonia,off,0.1752652174124916,1.0,0.5514588830146343,0.709223366033861,2.1673012917644585
178,132,b3b7784bd1c963b0,Pneumonia,on,0.1752652174124916,1.0,0.6063972382960625,0.7549779032609225,2.150621828375628
179,442,ba6337453bd8fbe2,Pneumothorax,off,0.1753139482186453,0.0,0.0278517404973082,0.0520808247183479,1.0763397775028365
179,442,ba6337453bd8fbe2,Pneumothorax,on,0.1753139482186453,0.0,0.0988151248469895,0.1798573649923979,0.8180245992787486
180,198,2cf513fbcdcd7d1d,Pneumonia,off,0.1601537944242211,0.0,0.0019995653118887,0.0039595437916935,0.2227443296721488
180,198,2cf513fbcdcd7d1d,Pneumonia,on,0.1601537944242211,0.0,0.0207933699581023,0.0407367353867745,-0.1474647452819547
181,107,c5ba0875d8eeea25,Pneumonia,off,0.1527564580500855,1.0,0.3684616668695756,0.5322685017412528,1.5231827550376489
181,107,c5ba0875d8eeea25,Pneumonia,on,0.1527564580500855,1.0,0.5008851446589336,0.6674515622864929,1.3580950470166189
182,108,61aef6e6626a971f,Pneumonia,off,0.1876233498530766,0.0,0.1628705248582693,0.2797948681960289,1.2458309763722764
182,108,61aef6e6626a971f,Pneumonia,on,0.1876233498530766,0.0,0.1598400133852752,0.2756223591940857,0.8721712166970881
183,416,a9e2cbe7c06e2ec5,Pneumothorax,off,0.1729407579589589,0.0,0.0741402330644504,0.1371752730575464,0.7366438553180625
183,416,a9e2cbe7c06e2ec5,Pneumothorax,on,0.1729407579589589,0.0,0.0982776435483096,0.1789668448754157,0.4965164502962436
184,404,52ccf86e7ccceedc,Pneumothorax,off,0.16183988031714,1.0,0.5531842869272915,0.7010437252618711,2.1984080325152484
184,404,52ccf86e7ccceedc,Pneumothorax,on,0.16183988031714,1.0,0.7332213388834107,0.8460566454257226,1.8551501801499215
185,278,edde383473e98087,Pneumothorax,off,0.1249945177843077,1.0,0.3344463691070627,0.5003060955551921,0.7576775128548674
185,278,edde383473e98087,Pneumothorax,on,0.1249945177843077,1.0,0.3177639790898947,0.4822714500607068,0.8060455605810776
186,263,7c7dd650c6019dc0,Pneumothorax,off,0.1372113308870468,1.0,0.2268528652801441,0.3696733257442523,1.1155843450651264
186,263,7c7dd650c6019dc0,Pneumothorax,on,0.1372113308870468,1.0,0.2252351554256659,0.3676598766102148,0.6442940922668922
187,223,d48d2e3b0dc01ccf,Pneumonia,off,0.1272263887061483,1.0,0.2929503133869882,0.4511800489270198,1.2840401625087128
187,223,d48d2e3b0dc01ccf,Pneumonia,on,0.1272263887061483,1.0,0.4196090513718675,0.5911607593272672,1.0497894702485098
188,344,3b0617fc4bf3f405,Pneumonia,off,0.1252332987344609,1.0,0.6482868242855826,0.7847157612700454,2.697114605197524
188,344,3b0617fc4bf3f405,Pneumonia,on,0.1252332987344609,1.0,0.5372095150221354,0.6989026779227967,3.911093776262707
189,343,f74f3a36930f15e4,Pneumonia,off,0.1975059573410522,0.0,0.4948415265061642,0.6615279315366123,2.0854107300187885
189,343,f74f3a36930f15e4,Pneumonia,on,0.1975059573410522,0.0,0.5003657687426248,0.6669889725054148,2.1953086682575145
190,334,121f00b6460da473,Pneumonia,off,0.1439849129424148,1.0,0.306683846016545,0.4675794849501836,1.8529955134647875
190,334,121f00b6460da473,Pneumonia,on,0.1439849129424148,1.0,0.2867466127154648,0.4456835063509789,1.7931059382488297
191,289,c47ec9ec3990eaf3,Pneumonia,off,0.1281035432169154,1.0,0.4517754143497354,0.6192421087966542,1.7691451043645985
191,289,c47ec9ec3990eaf3,Pneumonia,on,0.1281035432169154,1.0,0.5722023756337798,0.727898759168644,1.7046151852892588
192,288,d7bb30eed043ee33,Pneumonia,off,0.1313051571812152,1.0,0.6772790362222086,0.8058607982192516,3.011517555438391
192,288,d7bb30eed043ee33,Pneumonia,on,0.1313051571812152,1.0,0.5811270415146413,0.7350678937968936,3.789798630841397
193,431,9f93ab8d1df09a76,Pneumothorax,off,0.1691056435146606,0.0,0.0172169162803796,0.0331464058183477,0.370743497149744
193,431,9f93ab8d1df09a76,Pneumothorax,on,0.1691056435146606,0.0,0.0435199212059432,0.0834057281275471,0.0107114804801285
194,430,14db6ee01e29879b,Pneumothorax,off,0.1707137601177336,0.0,0.0993476221647967,0.1805082965122964,1.538463078079655
194,430,14db6ee01e29879b,Pneumothorax,on,0.1707137601177336,0.0,0.1090972762547815,0.1967316616394748,1.6271355000184828
195,45,d81040617f1c56b9,Pneumothorax,off,0.1790905856955591,1.0,0.2983235922146576,0.4584336803189774,1.6473006124095373
195,45,d81040617f1c56b9,Pneumothorax,on,0.1790905856955591,1.0,0.2387989721784177,0.3855301452728449,1.336943478062708
196,206,1cf185c35f8ce322,Pneumothorax,off,0.1829841771072418,1.0,0.2630925199262632,0.4129994016378965,2.499462273839565
196,206,1cf185c35f8ce322,Pneumothorax,on,0.1829841771072418,1.0,0.2067958767264416,0.3427133537649484,2.4247624583388268
197,207,fe64161a616d5561,Pneumonia,off,0.1632920583405211,1.0,0.429545735296381,0.5932140651036535,1.8786006196781149
197,207,fe64161a616d5561,Pneumonia,on,0.1632920583405211,1.0,0.5723342363655586,0.7279886520168587,1.2698757841810262
198,398,c3a8a9bbdf1983ae,Pneumothorax,off,0.1656603755195922,0.0,0.1477187051033128,0.2562048187560861,1.622136683231478
198,398,c3a8a9bbdf1983ae,Pneumothorax,on,0.1656603755195922,0.0,0.1297410558415876,0.2296799407174555,1.4818575804872975
199,67,8bcac9f76ba883ad,Pneumothorax,off,0.1338586514236705,0.0,0.0,0.0,-0.2615382176231722
199,67,8bcac9f76ba883ad,Pneumothorax,on,0.1338586514236705,0.0,0.0,0.0,-0.4097776324616357
200,100,5ba3a4ec085622eb,Pneumothorax,off,0.1957077905939798,0.0,0.0022646473704235,0.0044927721871946,0.3336433417466589
200,100,5ba3a4ec085622eb,Pneumothorax,on,0.1957077905939798,0.0,0.0032591682230412,0.0064967505547771,-0.3523004972409014
201,412,6adfce3be1051462,Pneumothorax,off,0.1618837380426784,0.0,0.0,0.0,-0.3798633052628349
201,412,6adfce3be1051462,Pneumothorax,on,0.1618837380426784,0.0,0.0,0.0,-0.4740684376463606
202,407,2d2ee9d090034632,Pneumothorax,off,0.1676778308943564,0.0,0.015468563881069,0.0299709338142868,0.8228186664123602
202,407,2d2ee9d090034632,Pneumothorax,on,0.1676778308943564,0.0,0.0391495208457684,0.075348683261037,0.4456337041989573
203,138,b6372b688f2df234,Pneumothorax,off,0.152278896149779,1.0,0.3044288548434857,0.4651224820895933,2.5510044719431497
203,138,b6372b688f2df234,Pneumothorax,on,0.152278896149779,1.0,0.2210530076098193,0.3620640608878167,2.7267262206157508
204,137,b1e72898c89b15bd,Pneumonia,off,0.1679361041669712,1.0,0.352933015880826,0.521631115154259,1.120706671039052
204,137,b1e72898c89b15bd,Pneumonia,on,0.1679361041669712,1.0,0.3287038012563076,0.4947710538145188,0.9238585155461426
205,238,b346774a4dbee0ea,Pneumonia,off,0.1396673635171946,1.0,0.5848125232898876,0.7377135086468124,2.6061272417702948
205,238,b346774a4dbee0ea,Pneumonia,on,0.1396673635171946,1.0,0.4677831158242244,0.6373976408426343,2.677848639183681
206,426,4120f29e59ccdaf6,Pneumothorax,off,0.148643578010711,0.0,0.0,0.0,0.6897946850525597
206,426,4120f29e59ccdaf6,Pneumothorax,on,0.148643578010711,0.0,0.0357739549642797,0.0690735376791051,0.2748929271195355
207,427,db25433da7613cdf,Pneumothorax,off,0.1256280182643061,0.0,0.0417378302508654,0.079554315068544,1.3110938218938797
207,427,db25433da7613cdf,Pneumothorax,on,0.1256280182643061,0.0,0.0821380143962091,0.1518066905287362,1.2215309756754786
208,280,96d3da5e8964b6d6,Pneumothorax,off,0.140705329688269,1.0,0.2862054681824259,0.4431188143018878,1.2074591661269618
208,280,96d3da5e8964b6d6,Pneumothorax,on,0.140705329688269,1.0,0.3790724288942281,0.5497496933648963,1.0780580471898666
209,378,b4acace0017c25d0,Pneumonia,off,0.2125930149262459,1.0,0.1496519885631424,0.2570868797410723,1.7500612053671938
209,378,b4acace0017c25d0,Pneumonia,on,0.2125930149262459,1.0,0.1622865216129671,0.2792384891403031,2.021582446829295
210,396,7d354e4232c4250f,Pneumonia,off,0.1451447061288734,1.0,0.2917314113268939,0.4429910165790077,1.566325197854794
210,396,7d354e4232c4250f,Pneumonia,on,0.1451447061288734,1.0,0.5586412822603651,0.716814610190697,1.219405339121016
211,69,53d456a7677f9d60,Pneumothorax,off,0.1735401468746497,0.0,0.005300924087166,0.0103281056541477,0.8615378203306981
211,69,53d456a7677f9d60,Pneumothorax,on,0.1735401468746497,0.0,0.0624000575569707,0.117429163205539,0.3635009815891357
212,125,80eec41176dc56fd,Pneumothorax,off,0.1392872632291956,0.0,0.0,0.0,0.1941274805886269
212,125,80eec41176dc56fd,Pneumothorax,on,0.1392872632291956,0.0,0.0,0.0,-0.4324715986097618
213,16,b193933781c53116,Pneumothorax,off,0.1977398652105901,0.0,0.0056577521741557,0.0111638614390766,0.1617158879379098
213,16,b193933781c53116,Pneumothorax,on,0.1977398652105901,0.0,0.0077238469057882,0.0153287721069771,-0.2486979043577901
214,325,a5bdd073b780ec4a,Pneumonia,off,0.1355837219615124,1.0,0.5362535872812825,0.6979249371788276,2.834901517937689
214,325,a5bdd073b780ec4a,Pneumonia,on,0.1355837219615124,1.0,0.3891888129224984,0.5602979484003499,3.2958241063091283
215,11,175d85705c27b3df,Pneumonia,off,0.1798264208684804,1.0,0.2724141355714253,0.4256782721008319,1.602557963672205
215,11,175d85705c27b3df,Pneumonia,on,0.1798264208684804,1.0,0.2800795927666445,0.4375919718276416,1.459724243124061
216,457,b47768dffffa9beb,Pneumothorax,off,0.1716640108377312,0.0,0.0327220598222628,0.0624642530950442,0.7189679506742496
216,457,b47768dffffa9beb,Pneumothorax,on,0.1716640108377312,0.0,0.0701719231662795,0.131141123996915,0.4020707660769029
217,413,be051a60e9c8a365,Pneumothorax,off,0.1937731775896768,0.0,0.4230333112830242,0.5929181067560826,1.4205303716369002
217,413,be051a60e9c8a365,Pneumothorax,on,0.1937731775896768,0.0,0.465782067219919,0.6355404515644538,1.2760751304394329
218,385,7ccf19b06023b219,Pneumothorax,off,0.1750118172204922,0.0,0.0,0.0,-0.0351508199952152
218,385,7ccf19b06023b219,Pneumothorax,on,0.1750118172204922,0.0,0.0,0.0,-0.4863526431374812
219,248,b968112f0bbfbd97,Pneumonia,off,0.1695637130925057,1.0,0.4681367105125293,0.6348307524330888,1.839089834321792
219,248,b968112f0bbfbd97,Pneumonia,on,0.1695637130925057,1.0,0.5348375013690037,0.6969304330860755,1.556097510461944
220,357,e7127915e33fe1cd,Pneumothorax,off,0.1746219707712624,1.0,0.1835387427390922,0.309602959511943,0.9734794012861088
220,357,e7127915e33fe1cd,Pneumothorax,on,0.1746219707712624,1.0,0.1511531094168464,0.2626043645754066,0.7970178220867177
221,356,04c74a41b993bc82,Pneumothorax,off,0.2054442056634942,0.0,0.0175646767830264,0.0339549148266773,0.2440641560066997
221,356,04c74a41b993bc82,Pneumothorax,on,0.2054442056634942,0.0,0.0,0.0,-0.5390365476916366
222,260,d73038ab9e48f2c0,Pneumonia,off,0.1236105628895418,1.0,0.5912052779961611,0.7408804610497413,3.1355663627689805
222,260,d73038ab9e48f2c0,Pneumonia,on,0.1236105628895418,1.0,0.3765228567791953,0.547047561880558,3.4557839437137283
223,32,62eada75bf2837e8,Pneumonia,off,0.13842960104089,1.0,0.5607916611528586,0.7156382589684395,2.17499944207167
223,32,62eada75bf2837e8,Pneumonia,on,0.13842960104089,1.0,0.4787919797380998,0.6474140723016111,2.5118887229359563
224,70,e3504747c728649b,Pneumothorax,off,0.1380543738335063,0.0,0.0,0.0,-0.3382574206434062
224,70,e3504747c728649b,Pneumothorax,on,0.1380543738335063,0.0,0.0,0.0,-0.4184015694594895
225,79,8a8c5bb34a6b86f0,Pneumothorax,off,0.1636477932254433,0.0,0.2414580775149542,0.3889136647579283,1.3169877152784262
225,79,8a8c5bb34a6b86f0,Pneumothorax,on,0.1636477932254433,0.0,0.2501831766413991,0.400234391384713,1.1153589190620965
226,135,8f7cd7675aaf7c8c,Pneumothorax,off,0.161172268272834,1.0,0.29996054922942,0.4571990354792586,2.368633657574605
226,135,8f7cd7675aaf7c8c,Pneumothorax,on,0.161172268272834,1.0,0.1741582235986558,0.2966427212321577,2.5912252824550337
227,144,ef34d81df7c0b493,Pneumonia,off,0.1836420429903172,1.0,0.4368372628076929,0.6071482741230165,1.8104003264153268
227,144,ef34d81df7c0b493,Pneumonia,on,0.1836420429903172,1.0,0.421089770567588,0.5926283238753571,1.5397779306728427
228,145,9d58e7f871787719,Pneumonia,off,0.1466309957165621,0.0,0.0,0.0,-0.1974409093422909
228,145,9d58e7f871787719,Pneumonia,on,0.1466309957165621,0.0,0.0,0.0,-0.4519453147835685
229,37,f4555291d75fe507,Pneumothorax,off,0.1307301336686012,0.0,0.1207049849743214,0.2143889236247714,0.5506463091009702
229,37,f4555291d75fe507,Pneumothorax,on,0.1307301336686012,0.0,0.1851788859874532,0.3124900264415928,0.4224452376079072
230,172,9e8b2f979cd78f75,Pneumonia,off,0.141489895667344,1.0,0.5212072465245667,0.6844186307001253,1.7202882775675477
230,172,9e8b2f979cd78f75,Pneumonia,on,0.141489895667344,1.0,0.5477232711924931,0.7077755288520974,1.6504168188181216
231,399,2530a1d7ac18389f,Pneumothorax,off,0.1219585885609305,1.0,0.3795140232356807,0.5498598421180246,1.1746730081795915
231,399,2530a1d7ac18389f,Pneumothorax,on,0.1219585885609305,1.0,0.2967269516665145,0.4576510293386932,0.8973717523736077
232,382,c62c43b5231675b0,Pneumothorax,off,0.1728871540721898,0.0,0.0,0.0,-0.363153440027989
232,382,c62c43b5231675b0,Pneumothorax,on,0.1728871540721898,0.0,0.0,0.0,-0.4850354018370089
233,394,e1ee24695381078c,Pneumothorax,off,0.1590914628500699,0.0,0.0,0.0,0.1511381250641213
233,394,e1ee24695381078c,Pneumothorax,on,0.1590914628500699,0.0,0.0,0.0,-0.4526753588691531
234,201,885246ee6a0cbe93,Pneumothorax,off,0.1264661881301502,0.0,0.0,0.0,-0.0288363966667456
234,201,885246ee6a0cbe93,Pneumothorax,on,0.1264661881301502,0.0,0.0,0.0,-0.3961929705445987
235,116,0534d639197316e3,Pneumonia,off,0.1725557845903444,1.0,0.3581110123538989,0.5258344882769506,1.3373611658989837
235,116,0534d639197316e3,Pneumonia,on,0.1725557845903444,1.0,0.4052261292770992,0.5767415045514543,1.075343303198326
236,118,597abd2b1fb4b28c,Pneumonia,off,0.1458610489793332,1.0,0.510313497073937,0.670414062938581,2.519945024326997
236,118,597abd2b1fb4b28c,Pneumonia,on,0.1458610489793332,1.0,0.449075881481648,0.619764332562233,3.3894246354566366
237,230,e6689043e54e49db,Pneumothorax,off,0.1680676773435863,1.0,0.3468469502326197,0.5146132804928464,1.341348052759965
237,230,e6689043e54e49db,Pneumothorax,on,0.1680676773435863,1.0,0.367927398477396,0.5379339895225931,1.0462587022830525
238,231,87e1e30b9906f02d,Pneumothorax,off,0.2015457411711962,0.0,0.1085283419702535,0.1956498523020878,0.2704486423024445
238,231,87e1e30b9906f02d,Pneumothorax,on,0.2015457411711962,0.0,0.1133370340367143,0.2035981617059552,0.1976134582039679
239,159,ec1c1b6a957bd691,Pneumonia,off,0.1757379062321828,1.0,0.3785959261109787,0.5389080254889554,1.786330374096889
239,159,ec1c1b6a957bd691,Pneumonia,on,0.1757379062321828,1.0,0.5835096081904624,0.7369798437303784,1.402920367224575
240,411,d4c0f96bcd7c42a0,Pneumothorax,off,0.1672587459614344,0.0,5.912436810831584e-06,1.1824524062906468e-05,0.4175895251456405
240,411,d4c0f96bcd7c42a0,Pneumothorax,on,0.1672587459614344,0.0,0.0124038417020772,0.0244986601366769,-0.1568001504797847
241,91,5a5ab9e7fc7ac9c1,Pneumonia,off,0.126817049934457,1.0,0.2827080082127927,0.4397451432927912,1.3316105053335836
241,91,5a5ab9e7fc7ac9c1,Pneumonia,on,0.126817049934457,1.0,0.3483642951419318,0.5167209416321417,1.1198056026828007
242,387,0fc1bd6976bca990,Pneumothorax,off,0.197764230613667,0.0,0.1988787909575861,0.3316452109283904,1.462560468042746
242,387,0fc1bd6976bca990,Pneumothorax,on,0.197764230613667,0.0,0.2105089406668935,0.3478022558068668,1.2838879878609135
243,71,ef6749004f2f4cc3,Pneumonia,off,0.1372405693707391,1.0,0.3765699680739203,0.5454628020950583,2.5981925362852816
243,71,ef6749004f2f4cc3,Pneumonia,on,0.1372405693707391,1.0,0.2595648620126545,0.4121406660170591,2.979393040558336
244,160,b49bdd3279bc0b27,Pneumonia,off,0.1467528227319464,1.0,0.4879619397388113,0.6552206740411144,1.8494010761012112
244,160,b49bdd3279bc0b27,Pneumonia,on,0.1467528227319464,1.0,0.4971903305980271,0.6641590191849809,1.7399085096268307
245,156,b6bb19f178bd17d9,Pneumonia,off,0.1701923404918887,1.0,0.3554677125839174,0.512630407271675,1.5978952228424244
245,156,b6bb19f178bd17d9,Pneumonia,on,0.1701923404918887,1.0,0.5154772239901795,0.6802729161714949,1.2104424697084848
246,179,2a8d2dfcfc83516d,Pneumothorax,off,0.1585651701436096,1.0,0.497873784018264,0.6646668968958706,1.9883141387599157
246,179,2a8d2dfcfc83516d,Pneumothorax,on,0.1585651701436096,1.0,0.4475017510030805,0.6183080559914997,1.5939627874936944
247,314,edc87ee173bd5f41,Pneumonia,off,0.120774429971395,1.0,0.1924458370152324,0.3195996784917233,1.124325541530487
247,314,edc87ee173bd5f41,Pneumonia,on,0.120774429971395,1.0,0.3752830579754078,0.5457464573497885,0.7849809992767124
248,237,620d12ad6a1b20b4,Pneumonia,off,0.1408856336710378,1.0,0.5482978061155703,0.7078620950754367,2.7206706895307557
248,237,620d12ad6a1b20b4,Pneumonia,on,0.1408856336710378,1.0,0.4230712284143151,0.594580667431631,3.002369242390067
249,3,ffb56bf454825a08,Pneumonia,off,0.1686816855011232,1.0,0.6125954473069399,0.7575867296244357,2.7213650673938403
249,3,ffb56bf454825a08,Pneumonia,on,0.1686816855011232,1.0,0.4856677795667135,0.6537859316225287,3.1685817420270674
250,175,6bcddd6d8e8c8a7e,Pneumothorax,off,0.1655434215848232,0.0,0.1272297379553698,0.225100952673421,0.8968979197735776
250,175,6bcddd6d8e8c8a7e,Pneumothorax,on,0.1655434215848232,0.0,0.1447455516524819,0.2528868514243684,0.6711681798354913
251,216,811bd9a2d86b8853,Pneumonia,off,0.1606216101632969,1.0,0.4340041675827001,0.6015422645785233,1.7895373716798524
251,216,811bd9a2d86b8853,Pneumonia,on,0.1606216101632969,1.0,0.5286725315252797,0.691674793131815,1.516606711330558
252,17,6dd0d0da8c7f6300,Pneumothorax,off,0.1308617068452163,1.0,0.4127225145643229,0.584122041153759,1.6782127550397146
252,17,6dd0d0da8c7f6300,Pneumothorax,on,0.1308617068452163,1.0,0.3382334186660304,0.5054692769541619,1.5072407963063466
253,285,598076fbf61dbe60,Pneumonia,off,0.1373916348698156,1.0,0.6081000865928011,0.7550996449154115,2.2248469214064595
253,285,598076fbf61dbe60,Pneumonia,on,0.1373916348698156,1.0,0.6232013613875071,0.7678565515735853,2.393535583531732
254,241,a670c2be27314d9a,Pneumothorax,off,0.1588867934642242,0.0,0.0182269514457817,0.0352464479431252,1.219574004884138
254,241,a670c2be27314d9a,Pneumothorax,on,0.1588867934642242,0.0,0.0432994643313983,0.0830048566475589,1.084134170992551
255,384,7bc902cd7893af5d,Pneumothorax,off,0.1932176463995243,0.0,0.0,0.0,-0.0094157201475134
255,384,7bc902cd7893af5d,Pneumothorax,on,0.1932176463995243,0.0,0.0,0.0,-0.5083805561723876
256,440,4e0539034217998c,Pneumothorax,off,0.1613574453362182,0.0,0.0572432112794648,0.1073116016159995,0.259752967415539
256,440,4e0539034217998c,Pneumothorax,on,0.1613574453362182,0.0,0.0640594509142461,0.1204041241949281,0.0625625416609426
257,203,f78528ae0274616b,Pneumonia,off,0.1226895506532364,1.0,0.5731754196778188,0.7250007309272335,2.6788976806785594
257,203,f78528ae0274616b,Pneumonia,on,0.1226895506532364,1.0,0.5378402634666826,0.6994624509111453,3.338517383075988
258,50,0aa92d922a58e312,Pneumothorax,off,0.1557387833866935,1.0,0.2025781464409314,0.3348904421902799,1.1163718430119316
258,50,0aa92d922a58e312,Pneumothorax,on,0.1557387833866935,1.0,0.1971222566754777,0.3293203868004858,0.8808236743510781
259,375,a94f884b732e3bcd,Pneumothorax,off,0.1991043277828945,0.0,0.0733174059198519,0.1328606557756246,0.5583947717245562
259,375,a94f884b732e3bcd,Pneumothorax,on,0.1991043277828945,0.0,0.1646664356308225,0.2827692390520705,0.3941870272875678
260,299,5567de030f328352,Pneumothorax,off,0.1795047975478658,0.0,0.0295169333278591,0.0558050511020938,0.6874026421197719
260,299,5567de030f328352,Pneumothorax,on,0.1795047975478658,0.0,0.10250365658434,0.1859444410444601,0.3681666992773036
261,300,a9b8cc2d0d94d723,Pneumonia,off,0.1059846303037391,1.0,0.6593516945738888,0.7903950802240216,2.8970297477243743
261,300,a9b8cc2d0d94d723,Pneumonia,on,0.1059846303037391,1.0,0.5829237786282206,0.7364949409303624,4.225052558133243
262,438,33572e77c0536600,Pneumothorax,off,0.1366363073744328,1.0,0.2069977121330502,0.3429098273330414,0.8994205152936041
262,438,33572e77c0536600,Pneumothorax,on,0.1366363073744328,1.0,0.1900874749729423,0.3194506144260712,0.8399408183221334
263,200,c930d55d4bb7581b,Pneumothorax,off,0.150344283145476,0.0,0.0,0.0,0.5038958232193342
263,200,c930d55d4bb7581b,Pneumothorax,on,0.150344283145476,0.0,0.0,0.0,-0.4295309787986964
264,360,12e5aab946d1ee7e,Pneumonia,off,0.1295752135627579,1.0,0.6389499835783171,0.7788768189165692,3.2049814410984565
264,360,12e5aab946d1ee7e,Pneumonia,on,0.1295752135627579,1.0,0.4350249897957282,0.6062802674121908,3.5276762747778023
265,333,b1769427b211c108,Pneumonia,off,0.129955313850757,1.0,0.2837612492075651,0.4393734506499844,1.2671635601248452
265,333,b1769427b211c108,Pneumonia,on,0.129955313850757,1.0,0.4113127722811712,0.5828696764717743,0.889642366798283
266,167,0ff3d1e08ba008d3,Pneumonia,off,0.1808010369915549,1.0,0.3177706743312131,0.4813551589431318,0.8526562724868963
266,167,0ff3d1e08ba008d3,Pneumonia,on,0.1808010369915549,1.0,0.3442098664268919,0.5121370463421748,0.72362358681277
267,197,35f82d500ee2a3fd,Pneumonia,off,0.1373039194187389,1.0,0.4445905157851426,0.6150622177024339,2.30826985232918
267,197,35f82d500ee2a3fd,Pneumonia,on,0.1373039194187389,1.0,0.3723122168714665,0.5425932076538251,2.659584308974484
268,266,999591b2d12b3d78,Pneumothorax,off,0.1295898328046041,1.0,0.31830380270783,0.4804692775330502,1.184981129148618
268,266,999591b2d12b3d78,Pneumothorax,on,0.1295898328046041,1.0,0.4096765302077679,0.581233316586266,0.8401513626265406
269,54,d6ee87b326190f6d,Pneumothorax,off,0.1285469935529143,0.0,0.0,0.0,-0.035908541319315
269,54,d6ee87b326190f6d,Pneumothorax,on,0.1285469935529143,0.0,0.0,0.0,-0.3961530759883617
270,102,e750eb553f2a9a6e,Pneumothorax,off,0.1628973388106759,0.0,0.0,0.0,-0.0838241302454896
270,102,e750eb553f2a9a6e,Pneumothorax,on,0.1628973388106759,0.0,0.0,0.0,-0.4719758772539927
271,55,ba571a0593f57813,Pneumonia,off,0.1173632735406341,1.0,0.7137052008473022,0.8293996268486502,4.072543873570062
271,55,ba571a0593f57813,Pneumonia,on,0.1173632735406341,1.0,0.3429654788583176,0.5107462410738408,3.459574487052201
272,346,c892bb0055c22cd0,Pneumonia,off,0.1746024784488009,0.0,0.1435748079846442,0.2492788153530731,1.1177824159499994
272,346,c892bb0055c22cd0,Pneumonia,on,0.1746024784488009,0.0,0.1730148677157299,0.294991279563968,0.8896852249852495
273,84,5f39db396249a1f2,Pneumonia,off,0.1495645902470164,0.0,0.0130742824203691,0.0256439459994523,0.0690040732656633
273,84,5f39db396249a1f2,Pneumonia,on,0.1495645902470164,0.0,0.0219289458547143,0.0429165129866096,0.0016287261895829
274,265,68cb4910636dcabb,Pneumothorax,off,0.111973646380032,0.0,0.0,0.0,0.2845861133556108
274,265,68cb4910636dcabb,Pneumothorax,on,0.111973646380032,0.0,0.0,0.0,-0.3701685160687089
275,306,49a6faf066875f4a,Pneumothorax,off,0.183783362328163,0.0,0.1269971382263829,0.2252452502432356,0.7462091518241776
275,306,49a6faf066875f4a,Pneumothorax,on,0.183783362328163,0.0,0.1342444124630963,0.2367114988361552,0.4136169037488072
276,305,fa851a693e873d99,Pneumothorax,off,0.172745834734344,1.0,0.3339550462765951,0.5002872509497897,1.210231001873123
276,305,fa851a693e873d99,Pneumothorax,on,0.172745834734344,1.0,0.3575094522927695,0.5267137446608077,0.9723839728540572
277,275,1626d35d84c0d1b3,Pneumonia,off,0.1273628349633788,1.0,0.4038782232835395,0.5719270410612538,2.648787206778421
277,275,1626d35d84c0d1b3,Pneumonia,on,0.1273628349633788,1.0,0.2844496610623181,0.4429009622922696,3.06794851754899
278,97,d486789ebff1ab61,Pneumothorax,off,0.1783742428450994,0.0,0.1675930526681947,0.2864294615650357,0.7409551841606489
278,97,d486789ebff1ab61,Pneumothorax,on,0.1783742428450994,0.0,0.2031507222708234,0.3376975126609804,0.4860948872573791
279,43,40930f98f262039d,Pneumonia,off,0.1526931080020857,1.0,0.3397639095065597,0.5041431293303875,1.603290419677402
279,43,40930f98f262039d,Pneumonia,on,0.1526931080020857,1.0,0.4545035822090861,0.6249534016344804,1.0615285612512029
280,318,ced43a28077174f6,Pneumothorax,off,0.1180844894717093,0.0,0.4108636668196538,0.5813664060669061,2.394326546086564
280,318,ced43a28077174f6,Pneumothorax,on,0.1180844894717093,0.0,0.3702256426082941,0.5403765071348057,3.3655349294493964
281,225,9ea7c3106d11cc69,Pneumothorax,off,0.1983879849324347,0.0,0.0010769496790828,0.002143212176349,-0.7317775718589369
281,225,9ea7c3106d11cc69,Pneumothorax,on,0.1983879849324347,0.0,0.0,0.0,-0.5358812867074711
282,405,96eed73623de6a68,Pneumothorax,off,0.1948403822444434,0.0,0.1750075469817613,0.297864858115078,0.7913608801757899
282,405,96eed73623de6a68,Pneumothorax,on,0.1948403822444434,0.0,0.1756804973765475,0.2988573398361051,0.5637015032438005
283,40,191a1b3130859e8b,Pneumonia,off,0.1441213591996452,1.0,0.3908528429081838,0.556327516218466,1.7459352054216175
283,40,191a1b3130859e8b,Pneumonia,on,0.1441213591996452,1.0,0.6328801002960034,0.7751679639219504,1.4568140822135367
284,41,329aca38ff02024a,Pneumonia,off,0.1446671442285669,1.0,0.3949774805281723,0.565841274314711,1.3603360744615312
284,41,329aca38ff02024a,Pneumonia,on,0.1446671442285669,1.0,0.4169693138294891,0.5884953646565738,1.1880959845086867
285,185,73562db6efa6210f,Pneumonia,off,0.1379812776242757,1.0,0.437505250121004,0.6073692130562506,2.669768535398576
285,185,73562db6efa6210f,Pneumonia,on,0.1379812776242757,1.0,0.3149173424384293,0.4789791988398737,3.089577750953968
286,77,e288c9756beb2cef,Pneumothorax,off,0.1876038575306151,0.0,0.0050167451809361,0.009889013663486,1.064201715324202
286,77,e288c9756beb2cef,Pneumothorax,on,0.1876038575306151,0.0,0.0238760080642361,0.0466374872579285,0.7755928939471733
287,337,6688f90e8260bfea,Pneumothorax,off,0.1486923088168647,0.0,0.0,0.0,0.0734270725246061
287,337,6688f90e8260bfea,Pneumothorax,on,0.1486923088168647,0.0,0.0,0.0,-0.4346313694273575
288,253,ae0ac7c7b7034072,Pneumothorax,off,0.1384783318470437,0.0,0.1841951429834292,0.3093872320590144,1.2876140709435806
288,253,ae0ac7c7b7034072,Pneumothorax,on,0.1384783318470437,0.0,0.255685909844024,0.4072443934491879,1.0811263043379835
289,95,1099b54355b5823b,Pneumothorax,off,0.1899283169841478,1.0,0.2633736990891168,0.4127937021906577,0.7949893906658267
289,95,1099b54355b5823b,Pneumothorax,on,0.1899283169841478,1.0,0.3140391460694545,0.4779700788949071,0.5349334107468754
290,112,1032f70bdb2e9251,Pneumothorax,off,0.1546813248931577,0.0,0.0476169455285516,0.086914581244661,0.3627680199983468
290,112,1032f70bdb2e9251,Pneumothorax,on,0.1546813248931577,0.0,0.1391583315149861,0.2443147681393037,0.2707166798864969
291,252,423b0dd1b9cc0017,Pneumonia,off,0.1318801806938292,1.0,0.1761945376303216,0.2983918864776345,0.7595444851753179
291,252,423b0dd1b9cc0017,Pneumonia,on,0.1318801806938292,1.0,0.2389038363975464,0.3856659117887383,0.4842850655423983
292,24,e901609118d83284,Pneumonia,off,0.1361879839578186,1.0,0.4556580048646697,0.6256765279198494,1.8295519180951856
292,24,e901609118d83284,Pneumonia,on,0.1361879839578186,1.0,0.3779476063881023,0.5485630853049221,1.584845085223534
293,48,4ffb5060113e379b,Pneumothorax,off,0.129419274983066,0.0,0.0113772000048943,0.02166346964623,0.7589992153226484
293,48,4ffb5060113e379b,Pneumothorax,on,0.129419274983066,0.0,0.0898439878330197,0.1648666343124531,0.4838722684651937
294,331,0ed0789928a2b1d8,Pneumonia,off,0.1572055806519207,1.0,0.2806569819753727,0.4320617671180842,0.9466334666742326
294,331,0ed0789928a2b1d8,Pneumonia,on,0.1572055806519207,1.0,0.4301320013199068,0.6015230494685136,0.8537531656550127
295,276,62ad2c96692ed14a,Pneumonia,off,0.1335857589092096,1.0,0.3711697796802372,0.5340470173221701,3.078475129116347
295,276,62ad2c96692ed14a,Pneumonia,on,0.1335857589092096,1.0,0.2234815859288972,0.3653132372066823,2.955186527283801
296,12,a6abcbfc061442d5,Pneumothorax,off,0.1282887202802995,0.0,0.0,0.0,-0.315803212588606
296,12,a6abcbfc061442d5,Pneumothorax,on,0.1282887202802995,0.0,0.0,0.0,-0.4004562000596205
297,449,98bf201558bb09ad,Pneumothorax,off,0.1917167375699896,0.0,0.056471630652614,0.1068034477694896,1.5722061703284664
297,449,98bf201558bb09ad,Pneumothorax,on,0.1917167375699896,0.0,0.0591597774752843,0.1117099041428072,2.154360924804948
298,83,e2544b85fe79e487,Pneumothorax,off,0.1730820772968047,0.0,0.0696859316974939,0.1259686185419597,0.2633195503087067
298,83,e2544b85fe79e487,Pneumothorax,on,0.1730820772968047,0.0,0.1224113346394173,0.2181217706129235,0.2710476750886366
299,82,0c4238b2f5c4388b,Pneumothorax,off,0.1927108460155256,0.0,0.0,0.0,-0.0852809412952498
299,82,0c4238b2f5c4388b,Pneumothorax,on,0.1927108460155256,0.0,0.0,0.0,-0.5120427788526059
300,63,246bf9a8cfbb0c68,Pneumonia,off,0.135213367834744,1.0,0.5527379152984319,0.7013480655747066,2.366851132348566
300,63,246bf9a8cfbb0c68,Pneumonia,on,0.135213367834744,1.0,0.791771576904475,0.8837862836812249,2.719424588307236
301,62,ba0d34c73de98ddb,Pneumonia,off,0.1190785979172453,1.0,0.5438916977308679,0.7039014403292778,2.0088767141918207
301,62,ba0d34c73de98ddb,Pneumonia,on,0.1190785979172453,1.0,0.5297557429097822,0.692598625530118,1.9258990950349213
302,271,2e657ea72ea7deff,Pneumothorax,off,0.1403495948033468,0.0,0.0,0.0,0.5623889284741291
302,271,2e657ea72ea7deff,Pneumothorax,on,0.1403495948033468,0.0,0.0,0.0,-0.3433981505412826
303,227,9e1bcaf497d1a364,Pneumonia,off,0.1153945489720236,1.0,0.3600482854034645,0.5270204778795669,1.6069058569063872
303,227,9e1bcaf497d1a364,Pneumonia,on,0.1153945489720236,1.0,0.4654002123884394,0.6351850349383188,1.487662054239966
304,111,9a9f1ec1bf6c1e2a,Pneumothorax,off,0.1756550638617214,0.0,0.1679588013309332,0.2777743921361196,0.551599072966171
304,111,9a9f1ec1bf6c1e2a,Pneumothorax,on,0.1756550638617214,0.0,0.212775937621692,0.3416957197007341,0.3355037889879236
305,369,8dbb7830188b30a1,Pneumothorax,off,0.1212130072267785,0.0,0.0,0.0,0.5499953545771409
305,369,8dbb7830188b30a1,Pneumothorax,on,0.1212130072267785,0.0,0.0039518211801735,0.0078713435860601,-0.123156477564105
306,368,88b21b07728d1294,Pneumonia,off,0.1363731610212027,1.0,0.4005841987235431,0.5718766065943692,2.48068165029606
306,368,88b21b07728d1294,Pneumonia,on,0.1363731610212027,1.0,0.2899456167462888,0.4495349519837283,3.055613076757408
307,295,81e0c859cc208433,Pneumonia,off,0.1592327821879157,1.0,0.5774889064775593,0.7252452158065447,2.086665754355149
307,295,81e0c859cc208433,Pneumonia,on,0.1592327821879157,1.0,0.6921899417440055,0.8180991913131896,1.89316492533864
308,130,7320038e0603d2e2,Pneumothorax,off,0.1939144969275226,0.0,0.0080979858180595,0.015931159995416,0.819048188860154
308,130,7320038e0603d2e2,Pneumothorax,on,0.1939144969275226,0.0,0.013621408897314,0.0268761993801329,0.2241072395216431
309,6,d2d092a91fc0eca9,Pneumothorax,off,0.1825699652549352,0.0,0.0103872479436034,0.0202771310250318,0.9021528133929324
309,6,d2d092a91fc0eca9,Pneumothorax,on,0.1825699652549352,0.0,0.0277871546726531,0.0540705342954276,0.4338516858435776
310,113,3a3bfb40eb6e865c,Pneumothorax,off,0.1841390972130852,0.0,0.1121174347897381,0.1957334335762768,0.9051491125751612
310,113,3a3bfb40eb6e865c,Pneumothorax,on,0.1841390972130852,0.0,0.1549447250074103,0.2683142665622516,0.5746672742957658
311,115,e059a2b12b2f8a9d,Pneumothorax,off,0.1513286454297813,0.0,0.0,0.0,0.7414452293642902
311,115,e059a2b12b2f8a9d,Pneumothorax,on,0.1513286454297813,0.0,0.017105953346503,0.0336285880946056,0.0340561749309372
312,114,02d1b5cb5d840174,Pneumothorax,off,0.1547056902962345,0.0,0.0,0.0,0.090452403797655
312,114,02d1b5cb5d840174,Pneumothorax,on,0.1547056902962345,0.0,0.0,0.0,-0.4724229543886885
313,85,af1c5742d0805ffb,Pneumothorax,off,0.162702415586061,0.0,0.1960685276488221,0.3274090044154513,1.3541704775333787
313,85,af1c5742d0805ffb,Pneumothorax,on,0.162702415586061,0.0,0.2274871255737537,0.3706546749459328,1.0312525275161266
314,76,2117e37867972f29,Pneumonia,off,0.1498813404870156,1.0,0.2327537869517245,0.3750540763104146,1.143128867186887
314,76,2117e37867972f29,Pneumonia,on,0.1498813404870156,1.0,0.35850807364386,0.5277745849687576,0.7262451277146288
315,105,03309e7059c9e1aa,Pneumothorax,off,0.1362269686027415,0.0,0.0,0.0,-0.5623483287380825
315,105,03309e7059c9e1aa,Pneumothorax,on,0.1362269686027415,0.0,0.0,0.0,-0.4112554831344068
316,425,2a5f54f58033adc0,Pneumothorax,off,0.1811567718764771,1.0,0.1529448847228097,0.265122927567555,0.8291552232194229
316,425,2a5f54f58033adc0,Pneumothorax,on,0.1811567718764771,1.0,0.1506391335874279,0.2618348755507506,0.6706392689668454
317,242,adefe62649625a81,Pneumothorax,off,0.1753188212992607,0.0,0.2625590013841009,0.4150114150830825,1.450813889816371
317,242,adefe62649625a81,Pneumothorax,on,0.1753188212992607,0.0,0.30167572639211,0.4635189173436027,1.1397986433186682
318,243,cb9183bb73f82ec1,Pneumonia,off,0.1945138858432135,1.0,0.3453652123656015,0.5125315067527121,1.5869292095985896
318,243,cb9183bb73f82ec1,Pneumonia,on,0.1945138858432135,1.0,0.3723280524592834,0.5426218942934612,1.3664982887573565
319,92,751bb22cbcb548d1,Pneumothorax,off,0.1753188212992607,0.0,0.111779378406092,0.2009980500949088,1.214030082145997
319,92,751bb22cbcb548d1,Pneumothorax,on,0.1753188212992607,0.0,0.0880030211129546,0.1617685524666395,0.9573126252714892
320,56,58c0774016deff7f,Pneumothorax,off,0.1622199806051391,0.0,0.0042793987621573,0.0083795013850415,0.6538644182269285
320,56,58c0774016deff7f,Pneumothorax,on,0.1622199806051391,0.0,0.0830390701618013,0.1533383717012133,0.3028307867314448
321,244,e2372b2d3608f078,Pneumothorax,off,0.1598614095872988,0.0,0.0,0.0,-0.0797612275487864
321,244,e2372b2d3608f078,Pneumothorax,on,0.1598614095872988,0.0,0.0,0.0,-0.4752425539183282
322,298,4870c4448aaec7b1,Pneumonia,off,0.1201701679750888,0.0,0.2913717815781507,0.4508028508742004,2.646764027546254
322,298,4870c4448aaec7b1,Pneumonia,on,0.1201701679750888,0.0,0.2031898912770026,0.3377474300886892,3.086964584025831
323,376,5b02f529850ec43a,Pneumonia,off,0.1545010209103889,1.0,0.5256224166497405,0.6852857081497331,1.8918123954782171
323,376,5b02f529850ec43a,Pneumonia,on,0.1545010209103889,1.0,0.5371256288570768,0.6988620139184032,1.656570923799534
324,22,c471fb69beaa4fad,Pneumothorax,off,0.1716006607897314,1.0,0.4589851105476153,0.6239285252606269,2.781693681628593
324,22,c471fb69beaa4fad,Pneumothorax,on,0.1716006607897314,1.0,0.2866916962636631,0.4456156400930388,2.66623823613076
325,21,6756182e25db6216,Pneumothorax,off,0.1360466646199728,0.0,0.0,0.0,0.158911397744178
325,21,6756182e25db6216,Pneumothorax,on,0.1360466646199728,0.0,0.0,0.0,-0.4110631390484968
326,88,b717e0e9f48ec793,Pneumonia,off,0.1764396298407964,1.0,0.1918785247226602,0.3208617434906457,1.1021202686664309
326,88,b717e0e9f48ec793,Pneumonia,on,0.1764396298407964,1.0,0.1755122262904904,0.2986098629134852,0.8543880416109646
327,249,089ce8d3c9aa17ec,Pneumothorax,off,0.1585456778211482,0.0,0.0255984536070464,0.0490482155420097,1.2743165347422194
327,249,089ce8d3c9aa17ec,Pneumothorax,on,0.1585456778211482,0.0,0.0641948040529963,0.1206447537706475,1.3504493982085133
328,8,b845911f4dc57432,Pneumonia,off,0.1418115189879586,1.0,0.6268785900608471,0.7693073339678695,2.686353126050873
328,8,b845911f4dc57432,Pneumonia,on,0.1418115189879586,1.0,0.559076265295353,0.7171755927631123,3.10817332985797
329,403,779d0f06242503f4,Pneumothorax,off,0.1589501435122241,0.0,0.0,0.0,0.5201782115533067
329,403,779d0f06242503f4,Pneumothorax,on,0.1589501435122241,0.0,0.0074872106535666,0.0148578084767511,-0.160215333875115
330,402,4bb674f158c41a32,Pneumonia,off,0.1480393160144048,1.0,0.5850408022891205,0.7337318271087836,3.3328650081216784
330,402,4bb674f158c41a32,Pneumonia,on,0.1480393160144048,1.0,0.3134889870354003,0.4773267522912617,2.9619364221211035
331,141,ca20960c58c911d2,Pneumonia,off,0.1457440950445643,1.0,0.5369369111147424,0.6956006417151259,2.3146341308263154
331,141,ca20960c58c911d2,Pneumonia,on,0.1457440950445643,1.0,0.6226037807906987,0.7674124666738961,2.3505307937711186
332,174,bd6813023681f3ff,Pneumothorax,off,0.1818243839207832,0.0,0.0024650457648937,0.0048874515958959,0.555861377498501
332,174,bd6813023681f3ff,Pneumothorax,on,0.1818243839207832,0.0,0.0100070723360028,0.0198149727946884,-0.220968881851362
333,239,1d11168139d68001,Pneumonia,off,0.145047244516566,1.0,0.6392030322685663,0.7785305639710571,2.8617847958514533
333,239,1d11168139d68001,Pneumonia,on,0.145047244516566,1.0,0.486280479508249,0.6543362126363312,3.441588382713174
334,282,654c34f32a0119be,Pneumonia,off,0.1176800237806334,1.0,0.5575691356892418,0.7133697113544659,2.4300507667295106
334,282,654c34f32a0119be,Pneumonia,on,0.1176800237806334,1.0,0.565865333124979,0.7227452656751074,2.9517389009207937
335,335,fa2be29d6e38c9f5,Pneumonia,off,0.1570593882334595,1.0,0.4591960804348403,0.626002077919506,1.9777779395512465
335,335,fa2be29d6e38c9f5,Pneumonia,on,0.1570593882334595,1.0,0.5969603487878999,0.7476196632160018,1.5796346730875517
336,304,bf2ac14fa2df62e6,Pneumothorax,off,0.1439654206199533,1.0,0.5866015329615566,0.7382805612918573,2.495689530021825
336,304,bf2ac14fa2df62e6,Pneumothorax,on,0.1439654206199533,1.0,0.5118805880512829,0.677104974638316,2.68293967929073
337,224,adbb1682ee33ffa6,Pneumothorax,off,0.2031733500967306,0.0,8.070167986917833e-05,0.0001613382583959,0.6000680222948257
337,224,adbb1682ee33ffa6,Pneumothorax,on,0.2031733500967306,0.0,0.0,0.0,-0.5088491334416867
338,94,cb50623d468b9c03,Pneumothorax,off,0.1763762797927966,1.0,0.3609464869545548,0.5263770814946931,1.1786743897147718
338,94,cb50623d468b9c03,Pneumothorax,on,0.1763762797927966,1.0,0.4563926784075077,0.6267415308028663,0.8975786118640712
339,60,cea6127ed387cbd4,Pneumonia,off,0.1318022114039832,1.0,0.6051192994658162,0.7510123172122237,2.696190518820853
339,60,cea6127ed387cbd4,Pneumonia,on,0.1318022114039832,1.0,0.5939674615775772,0.7452559486738715,3.55384346468804
340,59,d70d2b1a08b95126,Pneumonia,off,0.1631945967282136,1.0,0.3285200428730352,0.4907987943542594,2.337664756670808
340,59,d70d2b1a08b95126,Pneumonia,on,0.1631945967282136,1.0,0.2223733369182559,0.3638266573159534,2.641345633404583
341,51,73425dc64d11db07,Pneumothorax,off,0.1973987495675141,0.0,0.0776449928336821,0.1440697617155825,1.1069418472075532
341,51,73425dc64d11db07,Pneumothorax,on,0.1973987495675141,0.0,0.0780422099741921,0.1447848557218206,0.8188975486584587
342,81,9a547d8892dea3a6,Pneumothorax,off,0.1964095142025934,0.0,0.0,0.0,-0.5727708063590257
342,81,9a547d8892dea3a6,Pneumothorax,on,0.1964095142025934,0.0,0.0,0.0,-0.5237800902507938
343,161,47cb5b42f2159764,Pneumonia,off,0.1423231924525727,1.0,0.163278754389,0.2792896040451397,0.9998762995997996
343,161,47cb5b42f2159764,Pneumonia,on,0.1423231924525727,1.0,0.3195848477802182,0.4843531069978051,0.6293578252091387
344,456,4663d942b5ea9757,Pneumothorax,off,0.1718102032561924,0.0,0.0910208378476676,0.1534207300898736,1.124224216160523
344,456,4663d942b5ea9757,Pneumothorax,on,0.1718102032561924,0.0,0.2458274323782743,0.3946410973609925,0.7784134002718762
345,149,9a3f950f149d0f37,Pneumonia,off,0.157366392312228,1.0,0.2453394115023871,0.388969456616963,1.144721537123263
345,149,9a3f950f149d0f37,Pneumonia,on,0.157366392312228,1.0,0.4098766420968396,0.5814238052187455,0.815866886650766
346,123,72b342a7bd6092eb,Pneumothorax,off,0.1798897709164802,0.0,0.1078966268221612,0.1947390716090817,1.2693253268231377
346,123,72b342a7bd6092eb,Pneumothorax,on,0.1798897709164802,0.0,0.103513897115175,0.1876075140310967,0.9921958685074262
347,257,be37ee4fa4a100ff,Pneumothorax,off,0.1686329546949695,0.0,0.2782994782786471,0.4350518619460051,1.4529311474370918
347,257,be37ee4fa4a100ff,Pneumothorax,on,0.1686329546949695,0.0,0.2933873024334114,0.4536725731686591,1.21745540305691
348,312,b5505e5ca319f34d,Pneumothorax,off,0.1590573512857623,0.0,0.2207694184630722,0.3586471986428357,1.0851565501335
348,312,b5505e5ca319f34d,Pneumothorax,on,0.1590573512857623,0.0,0.2984287295321988,0.4596765697054136,0.8594277384514889
349,131,053e5b78358a568a,Pneumothorax,off,0.1344434210975152,0.0,0.0,0.0,-0.0411887261025487
349,131,053e5b78358a568a,Pneumothorax,on,0.1344434210975152,0.0,0.0,0.0,-0.4189638605183424
350,164,be278530fe2c952e,Pneumonia,off,0.1423475578556496,1.0,0.4776468423518966,0.6458221172442641,2.1538130074242945
350,164,be278530fe2c952e,Pneumonia,on,0.1423475578556496,1.0,0.4219290259888043,0.5934490357271176,2.261505158592178
351,189,36a4c529abcad2c7,Pneumothorax,off,0.1964484988475164,0.0,0.0455901001699166,0.0872020294571559,0.8472759229600448
351,189,36a4c529abcad2c7,Pneumothorax,on,0.1964484988475164,0.0,0.0464994399712873,0.0888666294702197,0.5393115399113902
352,317,e9899fb1ecd89dfc,Pneumonia,off,0.1491065206691714,1.0,0.4577854741469206,0.6262737117619447,1.9088547881263536
352,317,e9899fb1ecd89dfc,Pneumonia,on,0.1491065206691714,1.0,0.360623459785901,0.5300114819721623,1.779523902230874
353,316,375552a7cb5dab94,Pneumonia,off,0.1348478867885911,1.0,0.5991527807909661,0.7437281466960417,2.27774943434542
353,316,375552a7cb5dab94,Pneumonia,on,0.1348478867885911,1.0,0.7000749136882216,0.823578752243721,2.594059367915602
354,395,efd7cf52bf8c2702,Pneumothorax,off,0.1297214059812191,0.0,0.0,0.0,0.1374947058785607
354,395,efd7cf52bf8c2702,Pneumothorax,on,0.1297214059812191,0.0,0.0,0.0,-0.4016860996171428
355,182,1fdb91e38cc9a33d,Pneumonia,off,0.1260665955196896,1.0,0.6481139785559653,0.7850009886165528,3.459243024003221
355,182,1fdb91e38cc9a33d,Pneumonia,on,0.1260665955196896,1.0,0.3822798694249028,0.5530994251253635,3.431010919289264
356,432,5ecd815629cef624,Pneumothorax,off,0.175518617604491,0.0,0.0555378168871362,0.1023727995399666,0.7616068862716092
356,432,5ecd815629cef624,Pneumothorax,on,0.175518617604491,0.0,0.1501355106053779,0.261073034012668,0.4825860512718324
357,86,22ff98b072fd30e7,Pneumonia,off,0.1840513817620085,0.0,0.2781192794229833,0.4351744883852417,1.315512328536746
357,86,22ff98b072fd30e7,Pneumonia,on,0.1840513817620085,0.0,0.2833491063982643,0.4415775826548852,0.9486353944645108
358,80,65fa96e941804d66,Pneumonia,off,0.1703482790715806,0.0,0.2426373675842298,0.3881215167973024,1.94429680386598
358,80,65fa96e941804d66,Pneumonia,on,0.1703482790715806,0.0,0.2135094946013976,0.3518828261131441,2.275065994150245
359,348,8c844aa281c46dd8,Pneumonia,off,0.1217880307393925,1.0,0.661572191745011,0.7923276012428797,3.1436698718365568
359,348,8c844aa281c46dd8,Pneumonia,on,0.1217880307393925,1.0,0.5297907398813513,0.6926116773186998,3.9695447538644
360,437,1d9fab51249e7082,Pneumothorax,off,0.1618739918814477,0.0,0.0017891610987379,0.0035465950480114,0.6142236829135201
360,437,1d9fab51249e7082,Pneumothorax,on,0.1618739918814477,0.0,0.0791076147617974,0.1466150854425442,0.4223854341329841
361,436,b60a8fdd4ab9eda7,Pneumothorax,off,0.1636819047897509,0.0,0.0,0.0,-0.0617929370530578
361,436,b60a8fdd4ab9eda7,Pneumothorax,on,0.1636819047897509,0.0,0.0,0.0,-0.4633200662014036
362,5,b6854428fb77d4cc,Pneumothorax,off,0.1664644338211287,0.0,0.0,0.0,-0.0677432770931669
362,5,b6854428fb77d4cc,Pneumothorax,on,0.1664644338211287,0.0,0.0,0.0,-0.4611354048931571
363,441,9dfd111947ef84b1,Pneumothorax,off,0.1437899897177999,0.0,0.0,0.0,-0.0572066654650826
363,441,9dfd111947ef84b1,Pneumothorax,on,0.1437899897177999,0.0,0.0,0.0,-0.4431230468549652
364,87,34a2adb99ed3a090,Pneumothorax,off,0.2147079319133176,1.0,0.0880209747038781,0.1617746935452673,0.8296656374327416
364,87,34a2adb99ed3a090,Pneumothorax,on,0.2147079319133176,1.0,0.0904798345853442,0.1659448754537498,0.5103769547561477
365,321,35bd34fcc0fac2f4,Pneumonia,off,0.156752384154691,1.0,0.363272937152698,0.5323842939040911,1.2769600004138035
365,321,35bd34fcc0fac2f4,Pneumonia,on,0.156752384154691,1.0,0.3919076202542881,0.5631229169859433,1.0698593609611011
366,188,962712d312f31d26,Pneumonia,off,0.1817512877115526,0.0,0.2975333430879444,0.4581154839726647,1.62372129359692
366,188,962712d312f31d26,Pneumonia,on,0.1817512877115526,0.0,0.2841002049672736,0.4424870534655514,1.5510902466933236
367,39,392da982c2571312,Pneumothorax,off,0.1427471504661101,1.0,0.2566616092767423,0.4019549147170841,0.976090620497671
367,39,392da982c2571312,Pneumothorax,on,0.1427471504661101,1.0,0.3439716003506615,0.5073979579314339,0.7567598868279962
368,38,2528a87ecbcb8e80,Pneumonia,off,0.1910198870419913,1.0,0.4164165219953116,0.5806905474147207,1.5049066841575272
368,38,2528a87ecbcb8e80,Pneumonia,on,0.1910198870419913,1.0,0.4920042124821955,0.6595107813837247,0.9881376782877676
369,354,24a6a56c28991f2a,Pneumonia,off,0.1409977145251914,1.0,0.6711613920671545,0.7968460620692573,2.8089759937296743
369,354,24a6a56c28991f2a,Pneumonia,on,0.1409977145251914,1.0,0.7534937279778068,0.8594153748035879,3.472240247093821
370,218,d0f2019aff34b8f9,Pneumonia,off,0.1298529791578342,1.0,0.3471664936173737,0.5126623213231681,1.4190733659708148
370,218,d0f2019aff34b8f9,Pneumonia,on,0.1298529791578342,1.0,0.4213609367251186,0.5928942913840058,1.03437153707547
371,261,293489b2b3df5a77,Pneumothorax,off,0.1317193690335219,0.0,0.0,0.0,0.0343955866277221
371,261,293489b2b3df5a77,Pneumothorax,on,0.1317193690335219,0.0,0.0,0.0,-0.4015473285912612
372,173,5d44fb526b0dd8f4,Pneumothorax,off,0.1378691967701221,0.0,0.0,0.0,0.4191029687522821
372,173,5d44fb526b0dd8f4,Pneumothorax,on,0.1378691967701221,0.0,0.0,0.0,-0.4021416433904419
373,439,6f154ecc10690653,Pneumothorax,off,0.1487702781067107,0.0,0.0,0.0,0.2726431268659236
373,439,6f154ecc10690653,Pneumothorax,on,0.1487702781067107,0.0,0.0094435304674176,0.0186608962205474,-0.2486444691242395
374,339,828eee7606ce796f,Pneumonia,off,0.1704408676032727,1.0,0.2432153494549516,0.3885470619874807,0.6785825921291325
374,339,828eee7606ce796f,Pneumonia,on,0.1704408676032727,1.0,0.3533443686795435,0.522176162822841,0.6468097317629241
375,245,b95212d56694ca87,Pneumothorax,off,0.1956882982715183,0.0,0.0506718413374874,0.0955408042053993,0.8762692589890997
375,245,b95212d56694ca87,Pneumothorax,on,0.1956882982715183,0.0,0.0603675439343035,0.1138601965819759,0.4058972457461292
376,210,7118ed64529a1dc7,Pneumonia,off,0.1767173954358727,0.0,0.0200515146764416,0.0376269877192511,1.1956425786212113
376,210,7118ed64529a1dc7,Pneumonia,on,0.1767173954358727,0.0,0.1481961713418712,0.2581283649730577,1.2951405149544737
377,209,afc095ddf95dd697,Pneumonia,off,0.1856692445263122,1.0,0.5211316158403234,0.6848250711382121,2.0014567080065118
377,209,afc095ddf95dd697,Pneumonia,on,0.1856692445263122,1.0,0.4911554281797199,0.6587560020930664,1.691317040590339
378,148,cd99854e5dbf77e1,Pneumonia,off,0.1194343328021675,1.0,0.5154487698094377,0.679776220983868,2.34472644126728
378,148,cd99854e5dbf77e1,Pneumonia,on,0.1194343328021675,1.0,0.4395733196490674,0.6106984648585175,2.5782595172348697
379,365,dfb3222308242762,Pneumothorax,off,0.1530293505645464,0.0,0.0711109639457459,0.1325254393158204,1.3415008686638858
379,365,dfb3222308242762,Pneumothorax,on,0.1530293505645464,0.0,0.0700280347640786,0.1308894031717397,1.168792983339949
380,23,fdefe57d4a82f518,Pneumothorax,off,0.1085381245461943,0.0,0.0,0.0,0.0096405046227301
380,23,fdefe57d4a82f518,Pneumothorax,on,0.1085381245461943,0.0,0.0,0.0,-0.3645846333762816
381,120,f4a30a69ad17c9f1,Pneumothorax,off,0.1752554712512609,0.0,0.0787470803936846,0.1459417354115756,1.2896339861935129
381,120,f4a30a69ad17c9f1,Pneumothorax,on,0.1752554712512609,0.0,0.0825001398840095,0.1524251224042717,1.047706078085403
382,53,1988dd7e9ecd3c9b,Pneumothorax,off,0.1849382824340063,0.0,0.0776314529651873,0.1439576031593114,1.3630506570510752
382,53,1988dd7e9ecd3c9b,Pneumothorax,on,0.1849382824340063,0.0,0.0829138968697981,0.1531308373123162,1.282997735070982
383,219,aeffa36739cd1fe7,Pneumothorax,off,0.1338927629879781,0.0,0.3711256350167744,0.5411629268495309,2.805638010514839
383,219,aeffa36739cd1fe7,Pneumothorax,on,0.1338927629879781,0.0,0.2347471031808228,0.3802286446370818,2.966572921491226
384,217,6e185d6966366df4,Pneumothorax,off,0.1817220492278603,0.0,0.1982915939408843,0.3307264377590096,0.8896294321932294
384,217,6e185d6966366df4,Pneumothorax,on,0.1817220492278603,0.0,0.2082062109212807,0.3446533747827371,0.7056134943019392
385,291,531b825349b69626,Pneumonia,off,0.1271922771418407,0.0,0.2446746410527218,0.3917515779197107,2.3635215982239037
385,291,531b825349b69626,Pneumonia,on,0.1271922771418407,0.0,0.1640073324115196,0.2817904720766831,2.9325457064504987
386,0,8da0678acd714b9a,Pneumonia,off,0.1752749635737224,1.0,0.4623674865919727,0.6295134113019303,1.2930298247321388
386,0,8da0678acd714b9a,Pneumonia,on,0.1752749635737224,1.0,0.5171693553622391,0.681755160482675,1.1900359652456978
387,428,4adcc53030271f8d,Pneumothorax,off,0.1415727380378053,1.0,0.2729173672512847,0.4286349813288251,1.2795501961067035
387,428,4adcc53030271f8d,Pneumothorax,on,0.1415727380378053,1.0,0.1685068959584372,0.2884070601456451,0.7379320148478088
388,47,d95c4630fe47b10c,Pneumothorax,off,0.1400913215307321,0.0,0.0803630726866418,0.1408287742273857,1.2883538459542645
388,47,d95c4630fe47b10c,Pneumothorax,on,0.1400913215307321,0.0,0.3696307481739481,0.5397506073182985,1.3024982957641191
389,386,91d6999fc87d4e27,Pneumothorax,off,0.1677996579097408,0.0,0.0167309118647804,0.032647476115385,0.7054326149607967
389,386,91d6999fc87d4e27,Pneumothorax,on,0.1677996579097408,0.0,0.0168251315646483,0.0330923024198267,0.2450097836810244
390,459,75c72eb210b86249,Pneumothorax,off,0.1744562860303398,0.0,0.2075981398603807,0.3437327581781798,1.556662921387341
390,459,75c72eb210b86249,Pneumothorax,on,0.1744562860303398,0.0,0.2179313130186783,0.35787123571593,1.454662201944838
391,480,bd80adc504f70e0c,Pneumothorax,off,0.1587698395294553,0.0,0.0041334626502431,0.0081396868229209,0.5483052476189507
391,480,bd80adc504f70e0c,Pneumothorax,on,0.1587698395294553,0.0,0.0379617080025442,0.0731430614021675,0.0901094703262615
392,505,083150264aaf7e8a,Pneumothorax,off,0.1604120676968359,1.0,0.5043818477744253,0.6698649811019586,2.170863983579751
392,505,083150264aaf7e8a,Pneumothorax,on,0.1604120676968359,1.0,0.409553775444387,0.5811071297751672,1.953883573684862
393,541,4bd35cb23907f01a,Pneumothorax,off,0.1811275333927849,0.0,0.0403043799205555,0.0763615953944402,0.7097560349987124
393,541,4bd35cb23907f01a,Pneumothorax,on,0.1811275333927849,0.0,0.060640746781091,0.114346193272867,0.3457571935934703
394,549,5b9725714acf0d0d,Pneumothorax,off,0.1704457406838881,0.0,0.0746362838760809,0.1381561773381898,1.0060140992104691
394,549,5b9725714acf0d0d,Pneumothorax,on,0.1704457406838881,0.0,0.1085110101162427,0.1957768690513343,0.6165776351933018
395,594,72f534e34c7697a5,Pneumothorax,off,0.2028663460179621,1.0,0.0656910249047454,0.1230546889240615,2.175873533166824
395,594,72f534e34c7697a5,Pneumothorax,on,0.2028663460179621,1.0,0.059558304307195,0.1124206605780233,2.0755800358686125
396,604,dbd9a729c36f7908,Pneumothorax,off,0.1355593565584355,0.0,0.0,0.0,-0.0608007768910169
396,604,dbd9a729c36f7908,Pneumothorax,on,0.1355593565584355,0.0,0.0,0.0,-0.4089294873964019
397,654,3b135865c9bd3209,Pneumothorax,off,0.1907469945275304,0.0,0.0765664494878764,0.1412533708496245,0.8016752071923101
397,654,3b135865c9bd3209,Pneumothorax,on,0.1907469945275304,0.0,0.1098995110920562,0.1980339978800111,0.4568988275112655
398,676,680cec365dfd5521,Pneumothorax,off,0.1537359472537754,0.0,0.0120539962674674,0.0235555468690948,0.861304770889264
398,676,680cec365dfd5521,Pneumothorax,on,0.1537359472537754,0.0,0.03004291062589,0.058332570553273,0.5730476935550091
399,681,2b05e8dc83f32556,Pneumothorax,off,0.1837151391995477,0.0,0.1023080047664288,0.1846789937034768,0.9806241037907656
399,681,2b05e8dc83f32556,Pneumothorax,on,0.1837151391995477,0.0,0.0856471241947235,0.1577636561852954,0.4938409012275928
400,685,54b647e0838ab12b,Pneumothorax,off,0.147859012031636,0.0,0.0,0.0,-0.0274915070350079
400,685,54b647e0838ab12b,Pneumothorax,on,0.147859012031636,0.0,0.0,0.0,-0.4346187713541851
401,693,ce907c9fb434e83e,Pneumothorax,off,0.1638524626112889,1.0,0.5466829731698226,0.7067741080923968,2.4217783609792174
401,693,ce907c9fb434e83e,Pneumothorax,on,0.1638524626112889,1.0,0.4711440871382625,0.6405090623954235,2.312740171790148
402,694,863b09154d53ef8c,Pneumothorax,off,0.1729699964426511,1.0,0.4727229000330686,0.6405688254137989,2.180249484917352
402,694,863b09154d53ef8c,Pneumothorax,on,0.1729699964426511,1.0,0.4687700008803073,0.6383127105600485,2.2231904805668017
403,696,dca7b95062e41fc2,Pneumothorax,off,0.1580242581953033,0.0,0.2648509619588094,0.3973540103820371,1.306109595068734
403,696,dca7b95062e41fc2,Pneumothorax,on,0.1580242581953033,0.0,0.3534346697644092,0.5039119230239397,1.0363646798954196
404,785,cd055a12d0f444bd,Pneumothorax,off,0.2065406488019531,0.0,0.0702740435891289,0.1313087733838433,1.487613140260555
404,785,cd055a12d0f444bd,Pneumothorax,on,0.2065406488019531,0.0,0.0694573036771679,0.1298925030947584,1.4003333717648172
405,819,486450c9693f6c41,Pneumothorax,off,0.1412072569916524,1.0,0.1919407412130769,0.3216417563173103,0.9123380770925882
405,819,486450c9693f6c41,Pneumothorax,on,0.1412072569916524,1.0,0.2452364841876634,0.3938793715191844,0.6124481060974099
406,822,787ac5e42fd1ee38,Pneumothorax,off,0.1725557845903444,0.0,0.0,0.0,-0.0040018762782404
406,822,787ac5e42fd1ee38,Pneumothorax,on,0.1725557845903444,0.0,0.0,0.0,-0.4724962694207399
407,850,515b071541fd8afb,Pneumothorax,off,0.149925198212554,0.0,0.0448264758540104,0.0830766324537122,0.7395532095510174
407,850,515b071541fd8afb,Pneumothorax,on,0.149925198212554,0.0,0.0579561182817882,0.1095483765536911,0.3114314441498146
408,866,7f7981c486c13785,Pneumothorax,off,0.1140934364477191,0.0,0.0,0.0,0.1162049479218112
408,866,7f7981c486c13785,Pneumothorax,on,0.1140934364477191,0.0,0.0,0.0,-0.379034124749297
409,884,c12602e668a07ed2,Pneumothorax,off,0.1510118951897821,0.0,0.0,0.0,0.2068529987003652
409,884,c12602e668a07ed2,Pneumothorax,on,0.1510118951897821,0.0,1.1183493164089804e-05,2.236573569291845e-05,-0.4126961987031345
410,889,debf8fe52669bd1f,Pneumothorax,off,0.1781403349755615,0.0,0.0052265397707795,0.0102879406135714,0.3987409045350222
410,889,debf8fe52669bd1f,Pneumothorax,on,0.1781403349755615,0.0,0.0035205692031167,0.0070156605080715,-0.3105667590805969
411,916,481cbda5ec11e46c,Pneumothorax,off,0.1524592001325478,0.0,0.0950815095562424,0.1732602450620681,1.9432563866688264
411,916,481cbda5ec11e46c,Pneumothorax,on,0.1524592001325478,0.0,0.0898292934062277,0.1648472653946912,2.541583086899736
412,925,39c315cbbe298bb1,Pneumothorax,off,0.1516453956697805,0.0,0.1402215651770577,0.2457335284016307,1.9480516857561925
412,925,39c315cbbe298bb1,Pneumothorax,on,0.1516453956697805,0.0,0.1158377933290456,0.207622661280747,2.260966207349189
413,940,193ba2b929433519,Pneumothorax,off,0.1694077745128137,1.0,0.2947241706535344,0.4531482675923932,2.0783720902587905
413,940,193ba2b929433519,Pneumothorax,on,0.1694077745128137,1.0,0.2500762900371851,0.4000926283274702,2.2442350572639174
414,981,f15cb57b356991a4,Pneumothorax,off,0.1620542958642165,0.0,0.1270687682649291,0.2249683118680491,1.109385317194651
414,981,f15cb57b356991a4,Pneumothorax,on,0.1620542958642165,0.0,0.116979065205306,0.2094551066529041,0.8634052350459792
415,988,009742263c8e7733,Pneumothorax,off,0.1312612994556768,0.0,0.0272751256455343,0.0530713709094941,0.1571632468640589
415,988,009742263c8e7733,Pneumothorax,on,0.1312612994556768,0.0,0.016694710283656,0.0328410564744969,-0.2149890666496928
416,991,555d178e00bc7c1e,Pneumothorax,off,0.1117299923492634,0.0,0.0,0.0,-0.4012770494556859
416,991,555d178e00bc7c1e,Pneumothorax,on,0.1117299923492634,0.0,0.0,0.0,-0.365740869104458
417,1036,ca6f95a119b85590,Pneumothorax,off,0.1386830012328894,0.0,0.1996800127729829,0.329527576674187,2.8545411590719194
417,1036,ca6f95a119b85590,Pneumothorax,on,0.1386830012328894,0.0,0.1043866014142747,0.1890361741584064,2.705024748701935
418,1046,aad8f99bada1cb5d,Pneumothorax,off,0.2044354779761121,0.0,0.1473439274539695,0.2564807240690697,0.6101054435331915
418,1046,aad8f99bada1cb5d,Pneumothorax,on,0.2044354779761121,0.0,0.1492179222987877,0.2596850613919553,0.3418872503819936
419,1047,4d393cd50c54b936,Pneumothorax,off,0.1118372001228016,0.0,0.0,0.0,-0.1885078403925633
419,1047,4d393cd50c54b936,Pneumothorax,on,0.1118372001228016,0.0,0.0,0.0,-0.3680063193751108
420,1049,6634689c6ead98e8,Pneumothorax,off,0.1884420273964592,0.0,0.1277965348888044,0.2231545290888018,0.693086424966608
420,1049,6634689c6ead98e8,Pneumothorax,on,0.1884420273964592,0.0,0.1685804454320629,0.2885182149285311,0.4061274694997849
421,1055,0748d125d669cd46,Pneumothorax,off,0.1797679439010959,0.0,0.0193491876119901,0.0379254293103485,1.5464839281074192
421,1055,0748d125d669cd46,Pneumothorax,on,0.1797679439010959,0.0,0.0204679615830826,0.0401146493641918,2.223156659347122
422,1104,2f16e873dc93d803,Pneumothorax,off,0.1705578215380417,0.0,0.0604203796527135,0.1139038576466589,1.5084476616970175
422,1104,2f16e873dc93d803,Pneumothorax,on,0.1705578215380417,0.0,0.0579341903136756,0.109523036432468,1.5651660242716174
423,1127,d907b10e78a3c460,Pneumothorax,off,0.123873709242772,0.0,0.0,0.0,0.4328717742191834
423,1127,d907b10e78a3c460,Pneumothorax,on,0.123873709242772,0.0,0.0,0.0,-0.3918211106363809
424,1135,3485119c4592cd19,Pneumothorax,off,0.1741931396771096,1.0,0.1920262282331832,0.321894166740082,1.1477545726695086
424,1135,3485119c4592cd19,Pneumothorax,on,0.1741931396771096,1.0,0.1768371149023268,0.300528401986244,0.8418891896402855
425,1152,15731a6cde76fdc2,Pneumothorax,off,0.1674390499442032,0.0,0.2265917061353407,0.3681319590057217,1.1356154671379766
425,1152,15731a6cde76fdc2,Pneumothorax,on,0.1674390499442032,0.0,0.2915396534812434,0.4514602693700731,0.816396695140646
426,1158,794c32900dac02b8,Pneumothorax,off,0.1804160636229405,0.0,0.1155958916662917,0.2066262371267754,0.5292276383939631
426,1158,794c32900dac02b8,Pneumothorax,on,0.1804160636229405,0.0,0.1381054738083045,0.242693046058772,0.3488442451779986
427,28,a570482c949ce5cf,Consolidation,off,0.1964874834924394,1.0,0.3779615245521628,0.5398285530475956,1.414149601969261
427,28,a570482c949ce5cf,Consolidation,on,0.1964874834924394,1.0,0.4824469000496195,0.6508738891179061,0.9824584574566064
428,155,ba67098ed4462110,Consolidation,off,0.1993479818136631,1.0,0.5596769040602108,0.7169201610655055,1.9323153394029808
428,155,ba67098ed4462110,Consolidation,on,0.1993479818136631,1.0,0.5980039681303613,0.7484384437701351,1.7206461008988811
429,264,0c2af963db3db5b3,Consolidation,off,0.1511532145276279,1.0,0.2825720362505091,0.4364711661122452,3.0288205476925127
429,264,0c2af963db3db5b3,Consolidation,on,0.1511532145276279,1.0,0.1397798838601228,0.2452708025121,2.616741841006227
430,290,cc44c54a66347671,Consolidation,off,0.1286688205682986,1.0,0.478852350424816,0.6421366700142468,2.2187738389850598
430,290,cc44c54a66347671,Consolidation,on,0.1286688205682986,1.0,0.6471986838744985,0.7858145581325,2.574153526566196
431,390,7d3c20f80e870ec2,Consolidation,off,0.1633115506629826,1.0,0.1742911359663629,0.2967663708126161,1.2794256151139884
431,390,7d3c20f80e870ec2,Consolidation,on,0.1633115506629826,1.0,0.2025183622068385,0.3368234161782913,0.9974338432575643
432,391,9958d21d8d9fe67b,Consolidation,off,0.1390192437953501,1.0,0.2673336258883875,0.4172612354810808,1.220496398527591
432,391,9958d21d8d9fe67b,Consolidation,on,0.1390192437953501,1.0,0.4287585980568263,0.6001734583237204,0.901639869032697
433,462,eaf68dbfa68ef84c,Consolidation,off,0.1714057375651165,1.0,0.1529190656961806,0.2652549554156824,0.6245577600099855
433,462,eaf68dbfa68ef84c,Consolidation,on,0.1714057375651165,1.0,0.1556517686491512,0.2693748547784448,0.39775337547844
434,467,9204afd0723591d5,Consolidation,off,0.1393701055996569,1.0,0.4876527133265293,0.6531731491552696,2.104227887731983
434,467,9204afd0723591d5,Consolidation,on,0.1393701055996569,1.0,0.5136664426938489,0.678702968791187,1.9741501220576183
435,481,8c96285409af9413,Consolidation,off,0.1745050168364935,1.0,0.4132571929040677,0.5705365947462702,2.1311246206495262
435,481,8c96285409af9413,Consolidation,on,0.1745050168364935,1.0,0.657356903695123,0.793256231922623,1.7168516175906547
436,493,9c731e6925e3a373,Consolidation,off,0.1945869820524441,1.0,0.3711125677126434,0.5237250789587621,1.314721596674331
436,493,9c731e6925e3a373,Consolidation,on,0.1945869820524441,1.0,0.4029960167775399,0.562431190140469,0.8096921836135395
437,515,566905aac57a9887,Consolidation,off,0.1163886574175596,1.0,0.3002452167631076,0.454835210655279,3.9109152804602703
437,515,566905aac57a9887,Consolidation,on,0.1163886574175596,1.0,0.1257852858207236,0.223458208124428,3.014810057393553
438,517,6ec825316e840dc6,Consolidation,off,0.1546423402482347,1.0,0.1906472215137616,0.3133819890919899,1.1911636442566444
438,517,6ec825316e840dc6,Consolidation,on,0.1546423402482347,1.0,0.399569482608109,0.5709754599801887,0.8184307698545813
439,522,e2775a9e9b9b05d3,Consolidation,off,0.1426107042088797,1.0,0.5509898360377882,0.7100287491789508,2.54763977748406
439,522,e2775a9e9b9b05d3,Consolidation,on,0.1426107042088797,1.0,0.5079194957023409,0.6736578321953951,3.005901156084445
440,535,6a0296c529692b25,Consolidation,off,0.1807766715884781,0.0,0.1499427294773208,0.2569466027019987,1.6099376680479731
440,535,6a0296c529692b25,Consolidation,on,0.1807766715884781,0.0,0.2267571155609061,0.3696845065405405,1.7296619303739884
441,560,5d2d21a971eb5670,Consolidation,off,0.1810593102641697,1.0,0.2703399647571191,0.417596681558536,1.1141005370886148
441,560,5d2d21a971eb5670,Consolidation,on,0.1810593102641697,1.0,0.4103536910834917,0.5819079311124914,0.7916538582276986
442,561,fbc80b00ea93a76d,Consolidation,off,0.1704213752808112,1.0,0.3093796305960896,0.4698906555305777,1.9158981446955452
442,561,fbc80b00ea93a76d,Consolidation,on,0.1704213752808112,1.0,0.2276667443547367,0.3708819161262926,1.857872738792828
443,569,0bfd45dece853b5b,Consolidation,off,0.1418456305522662,1.0,0.5990001766760916,0.7435973582375695,2.741976883468796
443,569,0bfd45dece853b5b,Consolidation,on,0.1418456305522662,1.0,0.6544906119705359,0.7911585019200086,3.308609069184396
444,570,fd4f48c668b17706,Consolidation,off,0.1037819978655907,0.0,0.210880744395653,0.3470074925286551,1.7646748777406402
444,570,fd4f48c668b17706,Consolidation,on,0.1037819978655907,0.0,0.2551265745261671,0.4065351113362406,2.256115125390563
445,574,a8e3c4f43e541154,Consolidation,off,0.1536336125608526,1.0,0.3869868874690871,0.555515207633563,1.124470737571713
445,574,a8e3c4f43e541154,Consolidation,on,0.1536336125608526,1.0,0.4589439074539035,0.6291453703560883,0.9461662449404334
446,584,b2c46c4046f49e51,Consolidation,off,0.1909857754776837,1.0,0.1049375525061077,0.1897865524987226,-0.1634711784236182
446,584,b2c46c4046f49e51,Consolidation,on,0.1909857754776837,1.0,0.1042819917376588,0.1888681629819022,0.0125867140967286
447,608,225e15fe6310d743,Consolidation,off,0.1340681938901315,1.0,0.2763718662488336,0.4278472259000911,3.4183112932061746
447,608,225e15fe6310d743,Consolidation,on,0.1340681938901315,1.0,0.1293947643009579,0.2291304475942412,2.8161094212172806
448,615,366cb9cb3bb951f1,Consolidation,off,0.1575418232143814,1.0,0.6131728000797639,0.759379930483301,2.74963345991977
448,615,366cb9cb3bb951f1,Consolidation,on,0.1575418232143814,1.0,0.5378309625166681,0.6994527311853667,3.454665381645728
449,616,e22c3e000c4e88fe,Consolidation,off,0.1537164549313139,1.0,0.345529733861628,0.5085080008977892,1.3814351715051665
449,616,e22c3e000c4e88fe,Consolidation,on,0.1537164549313139,1.0,0.4534125670029539,0.6239213142437373,0.917461035776459
450,633,b9ced1f944e75887,Consolidation,off,0.1700851327183505,0.0,0.2511491470963494,0.3980943653042339,2.2126684469047384
450,633,b9ced1f944e75887,Consolidation,on,0.1700851327183505,0.0,0.2048317539024731,0.3400097495935978,2.538531464610428
451,636,b01b91f217819dee,Consolidation,off,0.1194002212378599,1.0,0.5503423328945071,0.7013467078030653,3.983547973192229
451,636,b01b91f217819dee,Consolidation,on,0.1194002212378599,1.0,0.2859488550888743,0.4447195329332737,3.279688037066508
452,643,6afdc26213cbad6c,Consolidation,off,0.1893971511970722,1.0,0.5904900942984928,0.7381103602577952,2.3809647652522767
452,643,6afdc26213cbad6c,Consolidation,on,0.1893971511970722,1.0,0.6747591250253617,0.8057983390622555,2.055534207647662
453,645,3b0cd1a00fe5ab83,Consolidation,off,0.1239321862101564,0.0,0.1895059307467743,0.3173827360189124,1.4739227746867478
453,645,3b0cd1a00fe5ab83,Consolidation,on,0.1239321862101564,0.0,0.2404238840109377,0.3876477604352309,1.4463146119247237
454,646,9523a52edd5e2cb2,Consolidation,off,0.1403593409645775,0.0,0.2935479174746489,0.4535251737821258,1.4209740332345455
454,646,9523a52edd5e2cb2,Consolidation,on,0.1403593409645775,0.0,0.3098467531149599,0.4731037966680019,1.219718324169896
455,655,57cc42476bc58a45,Consolidation,off,0.1330302277190571,1.0,0.3369887669192621,0.4999132272878605,3.099192608421033
455,655,57cc42476bc58a45,Consolidation,on,0.1330302277190571,1.0,0.175374664990927,0.2984081922091159,2.880468316831476
456,663,318d6d46d9b1cbfe,Consolidation,off,0.1199265139443201,1.0,0.1483267382702091,0.2565061694044439,0.718648988777125
456,663,318d6d46d9b1cbfe,Consolidation,on,0.1199265139443201,1.0,0.2990324025425773,0.4603812066752282,0.6409342027570883
457,664,a77657cf1d66efeb,Consolidation,off,0.1667763109805125,0.0,0.3148209263364481,0.4786061222222597,1.6469591387642362
457,664,a77657cf1d66efeb,Consolidation,on,0.1667763109805125,0.0,0.3213759367458625,0.486425392268411,1.494423591870668
458,665,f882c58f4f53f944,Consolidation,off,0.1730528388131124,1.0,0.5478848617716252,0.7008347038522131,2.2310688576818825
458,665,f882c58f4f53f944,Consolidation,on,0.1730528388131124,1.0,0.689523649078817,0.8162337732618724,1.82824311862727
459,666,3a2942da2da9a581,Consolidation,off,0.1678971195220482,1.0,0.3947675190650137,0.5637771852791448,1.5405052586071557
459,666,3a2942da2da9a581,Consolidation,on,0.1678971195220482,1.0,0.4850018382320391,0.6531997097343811,1.1680499019687982
460,672,b981be74894de22a,Consolidation,off,0.1258473068919979,1.0,0.401532867969554,0.5707199303085916,1.240278805148854
460,672,b981be74894de22a,Consolidation,on,0.1258473068919979,1.0,0.4624224045647744,0.6324049978997863,1.0951484306185215
461,697,6c78ef6d944d3f83,Consolidation,off,0.146499422539947,1.0,0.4299070908791135,0.6005075325256347,1.3992897827989947
461,697,6c78ef6d944d3f83,Consolidation,on,0.146499422539947,1.0,0.4769990262320762,0.6459025918403272,1.324315988384637
462,700,e54914530f4e5858,Consolidation,off,0.1457197296414874,0.0,0.2328868348144873,0.3775740559031166,2.1960087392583185
462,700,e54914530f4e5858,Consolidation,on,0.1457197296414874,0.0,0.171391196462681,0.2926243034937722,2.614272312203653
463,702,25a61b8420e7fe65,Consolidation,off,0.1377814813190454,0.0,0.2435383095947184,0.3888116897175195,1.2988049380245732
463,702,25a61b8420e7fe65,Consolidation,on,0.1377814813190454,0.0,0.3513405318001682,0.5199881283870713,1.1318339700558229
464,708,96f41434652764ac,Consolidation,off,0.1454322178851805,1.0,0.5471859241177055,0.7067358341489618,2.699002921173574
464,708,96f41434652764ac,Consolidation,on,0.1454322178851805,1.0,0.4330843570104091,0.6043974149545972,3.12699066098966
465,713,9febde28b37da9ca,Consolidation,off,0.1155456144711001,1.0,0.2097672257192345,0.3430351346391718,0.8508517507518323
465,713,9febde28b37da9ca,Consolidation,on,0.1155456144711001,1.0,0.4376969881983414,0.6088825740310744,0.8972845959254989
466,723,16b3c75128d0e2b7,Consolidation,off,0.1334200741682869,0.0,0.3734918954375747,0.534055048576292,1.25168667468287
466,723,16b3c75128d0e2b7,Consolidation,on,0.1334200741682869,0.0,0.3753557753315319,0.5392003799152068,1.1583232441001168
467,726,34b6451794687173,Consolidation,off,0.1788420585841751,1.0,0.5022005379351892,0.6644138909815468,2.0608155064142872
467,726,34b6451794687173,Consolidation,on,0.1788420585841751,1.0,0.4612078900160029,0.6312461215799049,1.9165474177014976
468,746,1858786fb0104114,Consolidation,off,0.1421087769054963,1.0,0.5594311958814782,0.7161585441383208,2.5122724357971147
468,746,1858786fb0104114,Consolidation,on,0.1421087769054963,1.0,0.5203954893943326,0.6845493230371869,2.6348837459172025
469,747,9edfec1897db1848,Consolidation,off,0.1445209518101058,1.0,0.600350853235398,0.7403918178059966,3.15323269406356
469,747,9edfec1897db1848,Consolidation,on,0.1445209518101058,1.0,0.3052223439018083,0.4676667416178728,3.026835329641197
470,753,4234a6fc45a40e5f,Consolidation,off,0.1470403344882534,1.0,0.3061967684542571,0.4622726094882362,3.3774880604500512
470,753,4234a6fc45a40e5f,Consolidation,on,0.1470403344882534,1.0,0.1248565198731047,0.2219902070240322,2.6495069081174747
471,767,8d02fb4e96fdfef7,Consolidation,off,0.1517184918790111,1.0,0.240395618690987,0.382220533916153,3.2717178744465767
471,767,8d02fb4e96fdfef7,Consolidation,on,0.1517184918790111,1.0,0.1344082235950972,0.2369622253472738,2.603157405894951
472,771,62f1a81c8f18443c,Consolidation,off,0.1198387984932434,1.0,0.3176652002357669,0.4757268328510425,0.9046582572824952
472,771,62f1a81c8f18443c,Consolidation,on,0.1198387984932434,1.0,0.3831895910366193,0.5540490183775424,0.8054239945070859
473,781,401672585661dd1d,Consolidation,off,0.165514183101131,1.0,0.3781480427202162,0.5425945532924519,1.6313074276601278
473,781,401672585661dd1d,Consolidation,on,0.165514183101131,1.0,0.5091613661860064,0.6747475457228413,1.0682552413917394
474,795,5029aee0e9c572fa,Consolidation,off,0.140783298978115,1.0,0.5261651995277744,0.6890380937153608,1.0315165018028831
474,795,5029aee0e9c572fa,Consolidation,on,0.140783298978115,1.0,0.3779360331790203,0.548541696130725,1.2563937823911149
475,805,2e8aac35ec38a7ab,Consolidation,off,0.1492965708131709,1.0,0.2261956299291579,0.3631042255405928,1.2564737376076476
475,805,2e8aac35ec38a7ab,Consolidation,on,0.1492965708131709,1.0,0.432776207573805,0.6041024262915162,0.9400793570790094
476,809,a261584c8fbb576f,Consolidation,off,0.1761959758100278,1.0,0.294235036243687,0.4456117557700952,1.5859810596507782
476,809,a261584c8fbb576f,Consolidation,on,0.1761959758100278,1.0,0.4685751136823239,0.6381178860779354,0.974922046162246
477,828,412bc3003e46d430,Consolidation,off,0.1106140568883431,1.0,0.3099630256969842,0.4659580038383578,3.3252565622348604
477,828,412bc3003e46d430,Consolidation,on,0.1106140568883431,1.0,0.1794558146904162,0.304295098289073,3.1975247974516634
478,831,d9f965aa6ea5cf7f,Consolidation,off,0.1247264983504622,1.0,0.307917421252169,0.4644304803353571,1.4993998850564427
478,831,d9f965aa6ea5cf7f,Consolidation,on,0.1247264983504622,1.0,0.4788196304694534,0.6475509046130296,1.0225315155012984
479,834,0883fbcd6ee1ea30,Consolidation,off,0.1511239760439356,1.0,0.257078884289674,0.4036971334004858,0.6868579264632938
479,834,0883fbcd6ee1ea30,Consolidation,on,0.1511239760439356,1.0,0.4078687122251335,0.5794063476935994,0.8287729329725346
480,839,faa9569ebbe0f9c1,Consolidation,off,0.1327427159627501,1.0,0.4034128490805278,0.5683961791612602,2.099215670385483
480,839,faa9569ebbe0f9c1,Consolidation,on,0.1327427159627501,1.0,0.6367883923740795,0.7780890026216587,2.8463305452861665
481,845,4342545b77359fb5,Consolidation,off,0.1576392848266888,1.0,0.351126875034438,0.5124010383502311,2.941027765973224
481,845,4342545b77359fb5,Consolidation,on,0.1576392848266888,1.0,0.1657655380288658,0.284376999004104,2.6166082050338733
482,859,d8cc11c0d6fc40a9,Consolidation,off,0.1462947531541014,1.0,0.3520774918151875,0.5164412035355983,1.4820784962911868
482,859,d8cc11c0d6fc40a9,Consolidation,on,0.1462947531541014,1.0,0.514565694501216,0.6794893926976491,1.3558497485985683
483,862,5c3c4c028b21c939,Consolidation,off,0.155719291064232,1.0,0.5711852206480826,0.7261761014521847,2.6797779685104497
483,862,5c3c4c028b21c939,Consolidation,on,0.155719291064232,1.0,0.5193987515692056,0.6836824913914618,3.021294708757531
484,864,bdacdcb26faebfe0,Consolidation,off,0.1345360096292073,1.0,0.5564604775355997,0.7081366640976864,3.6705120326973897
484,864,bdacdcb26faebfe0,Consolidation,on,0.1345360096292073,1.0,0.2465813203756951,0.3956019956820992,2.9945051357632844
485,873,fcc6cf25e734d353,Consolidation,off,0.1458415566568717,1.0,0.3528924926096261,0.5170379121805513,1.4228755876036976
485,873,fcc6cf25e734d353,Consolidation,on,0.1458415566568717,1.0,0.4728383741202928,0.6420687322815972,0.9786331832780698
486,874,2f8c1ad1a08b33f0,Consolidation,off,0.1870726917435395,1.0,0.3218417821861889,0.4862861768961311,1.8825916214151608
486,874,2f8c1ad1a08b33f0,Consolidation,on,0.1870726917435395,1.0,0.3485130083671516,0.5168846754548014,1.89424371428572
487,875,13914e356156cdbc,Consolidation,off,0.1465578995073315,1.0,0.404549865501831,0.5733633859191147,1.943917655433812
487,875,13914e356156cdbc,Consolidation,on,0.1465578995073315,1.0,0.5111213959845567,0.6764642979221385,2.1653323118986028
488,876,8f6bc0764cb909a2,Consolidation,off,0.1174851005560185,1.0,0.366769067433792,0.5366188473431257,2.354036538621371
488,876,8f6bc0764cb909a2,Consolidation,on,0.1174851005560185,1.0,0.2902778710033609,0.4499381752566762,3.16114075458718
489,883,2a297ecb96cbdf5e,Consolidation,off,0.1336101243122865,1.0,0.4800736022305291,0.6484901295558017,1.7501172754455163
489,883,2a297ecb96cbdf5e,Consolidation,on,0.1336101243122865,1.0,0.393293919337546,0.5645469397753057,1.2353441232869389
490,885,ecc8fa1a45887b14,Consolidation,off,0.1825845844967813,1.0,0.4578862461203968,0.6241409097195907,1.6343991437963872
490,885,ecc8fa1a45887b14,Consolidation,on,0.1825845844967813,1.0,0.530904665792191,0.6935823759669442,1.4813524946721617
491,886,0e6c4727d672f341,Consolidation,off,0.1773801343995633,1.0,0.3989544902962895,0.569565189775693,1.455186047959009
491,886,0e6c4727d672f341,Consolidation,on,0.1773801343995633,1.0,0.4168604309375256,0.58842670903303,1.1672164388459114
492,899,1e0761e8352e8e7a,Consolidation,off,0.1421818731147269,1.0,0.465415777837753,0.6311002532818646,2.219401088950422
492,899,1e0761e8352e8e7a,Consolidation,on,0.1421818731147269,1.0,0.6572137947494465,0.7931550806382577,2.3525496795730865
493,923,9e0f921c7684ff3a,Consolidation,off,0.1449010520981048,1.0,0.4237641117090043,0.5892754693236661,2.776979708368081
493,923,9e0f921c7684ff3a,Consolidation,on,0.1449010520981048,1.0,0.2826339789831868,0.4406949790465662,2.941098345426263
494,931,51a3708674a10295,Consolidation,off,0.1470110960045612,1.0,0.5744414697638185,0.7252616698536477,3.296582819034908
494,931,51a3708674a10295,Consolidation,on,0.1470110960045612,1.0,0.3702821428763733,0.5404347840726821,3.1025264965244257
495,935,ba3866d683193aa0,Consolidation,off,0.1759084640537208,0.0,0.179282805301822,0.3028230577396853,2.0118374384130915
495,935,ba3866d683193aa0,Consolidation,on,0.1759084640537208,0.0,0.1536244334010599,0.2663304193713762,2.1947954861308903
496,942,82c85fc4dd874b40,Consolidation,off,0.1305010988796787,1.0,0.5249194794225163,0.6844020907695603,2.2501916877447603
496,942,82c85fc4dd874b40,Consolidation,on,0.1305010988796787,1.0,0.6104077319991168,0.7580716135485119,2.564175244154172
497,946,a677aa1f5b36b700,Consolidation,off,0.1185279398077082,1.0,0.1710096331029788,0.2898389926433942,0.5532117215467889
497,946,a677aa1f5b36b700,Consolidation,on,0.1185279398077082,1.0,0.2868429805411898,0.4458085621077798,0.5556875607609681
498,948,86e3166f932d743b,Consolidation,off,0.1412218762334985,1.0,0.2660013002758693,0.4159750029973771,1.0444563852519222
498,948,86e3166f932d743b,Consolidation,on,0.1412218762334985,1.0,0.4641942872351139,0.6340569742970175,0.943113063752295
499,958,18a81f0eb7e51290,Consolidation,off,0.15843847004761,1.0,0.2198779129292622,0.3604503045555333,0.9788209911003244
499,958,18a81f0eb7e51290,Consolidation,on,0.15843847004761,1.0,0.2257735256947507,0.3683768070832451,0.852851653112701
500,964,8397370f06feee51,Consolidation,off,0.132060484676598,1.0,0.331077385393231,0.4945983131045192,0.9615788528426036
500,964,8397370f06feee51,Consolidation,on,0.132060484676598,1.0,0.403637503684172,0.575130274960559,0.8234487197445609
501,965,8377ec046dff9195,Consolidation,off,0.1189031670150919,1.0,0.5133895013647202,0.675601258502689,3.713585028065936
501,965,8377ec046dff9195,Consolidation,on,0.1189031670150919,1.0,0.2325921166035915,0.377395741032461,3.171775329061026
502,968,82dc03895b02069c,Consolidation,off,0.1492868246519402,1.0,0.4265429181429703,0.5890841561455682,2.8144814518034003
502,968,82dc03895b02069c,Consolidation,on,0.1492868246519402,1.0,0.2860290082634866,0.444812039914798,2.89830041676883
503,986,704c28a31e97e69f,Consolidation,off,0.1498374827614773,1.0,0.6086653225191558,0.7552230711880353,2.1365588568358675
503,986,704c28a31e97e69f,Consolidation,on,0.1498374827614773,1.0,0.6603506958575264,0.7954351230504366,2.3633613143899987
504,990,5d20a85044d09721,Consolidation,off,0.1356275796870507,1.0,0.2565453004281913,0.4016942334338617,3.236619516632741
504,990,5d20a85044d09721,Consolidation,on,0.1356275796870507,1.0,0.1739475713468867,0.2963390399869747,2.851234633795801
505,993,80ce437091158308,Consolidation,off,0.1753480597829529,1.0,0.2995352180549803,0.4559551226929508,0.9868447681284718
505,993,80ce437091158308,Consolidation,on,0.1753480597829529,1.0,0.4033855856877141,0.5748702557180077,0.7685410946342517
506,1009,433b8e95e8312da9,Consolidation,off,0.1078169086151192,1.0,0.3693178771341231,0.5378199192387006,1.1773899810157378
506,1009,433b8e95e8312da9,Consolidation,on,0.1078169086151192,1.0,0.3637817300623601,0.5334707349474235,1.1629634827537108
507,1015,3c0096e17cc2688d,Consolidation,off,0.1982710309976658,1.0,0.2930754280376922,0.4447378125377105,1.145387282555782
507,1015,3c0096e17cc2688d,Consolidation,on,0.1982710309976658,1.0,0.3629716581147965,0.5326039825521446,0.6938175679365781
508,1030,838d7b8777c24cdc,Consolidation,off,0.1199216408637048,1.0,0.3835895299136251,0.5530034660230081,2.118436086995762
508,1030,838d7b8777c24cdc,Consolidation,on,0.1199216408637048,1.0,0.4926091532882724,0.6600624685298266,2.929679946192405
509,1033,cdc87877c8b61123,Consolidation,off,0.1314269841965995,1.0,0.5350950007751158,0.6872750265537803,4.101931108233841
509,1033,cdc87877c8b61123,Consolidation,on,0.1314269841965995,1.0,0.2255018998997893,0.3680102953633442,2.9786415356524585
510,1037,4843d8df6c691692,Consolidation,off,0.1582532929842258,1.0,0.438889646255423,0.6072163686157175,1.4807483282625538
510,1037,4843d8df6c691692,Consolidation,on,0.1582532929842258,1.0,0.5192261237482046,0.6835402318526718,1.2176013715958258
511,1063,4e355df0db0e824f,Consolidation,off,0.1546910710543884,0.0,0.3854104430274173,0.5561208842384049,2.267217462481694
511,1063,4e355df0db0e824f,Consolidation,on,0.1546910710543884,0.0,0.3088460398364619,0.4719217920689523,2.74427170982706
512,1072,2b4752466d7dbab3,Consolidation,off,0.1498228635196312,1.0,0.5522940059432957,0.7070332986376815,2.259378181108031
512,1072,2b4752466d7dbab3,Consolidation,on,0.1498228635196312,1.0,0.6586232199695712,0.7941803717598558,2.2255128652082634
513,1073,77a9f576918dc347,Consolidation,off,0.1447402404377975,1.0,0.5862633788620364,0.7379329752555651,2.168086300409944
513,1073,77a9f576918dc347,Consolidation,on,0.1447402404377975,1.0,0.6349962097892974,0.7767551921886424,2.0863378148231715
514,1074,6499d2e766d3c4db,Consolidation,off,0.1725070537841907,1.0,0.3213249788188865,0.4756950371842743,1.6205494914517833
514,1074,6499d2e766d3c4db,Consolidation,on,0.1725070537841907,1.0,0.5072979541973155,0.6730983209497532,1.0735897551051077
515,1076,8807b14d7d5f1828,Consolidation,off,0.1665618954334361,1.0,0.6227730388741128,0.7672881325830561,2.653807300827824
515,1076,8807b14d7d5f1828,Consolidation,on,0.1665618954334361,1.0,0.5666255710050233,0.723365997454138,3.0392432018872597
516,1098,d1599ddf61852654,Consolidation,off,0.1855961483170816,1.0,0.3035055785070583,0.4536743244116442,1.285063213330973
516,1098,d1599ddf61852654,Consolidation,on,0.1855961483170816,1.0,0.4091388992693285,0.5806690908883806,0.8700636215489983
517,1121,3802c59c7fb1822d,Consolidation,off,0.1293169402901432,1.0,0.249618949657911,0.3993019607935424,2.270820420176318
517,1121,3802c59c7fb1822d,Consolidation,on,0.1293169402901432,1.0,0.1900890666976356,0.3194462203813543,2.946430084642809
518,1123,c32e7ffef11280ca,Consolidation,off,0.1245949251738471,1.0,0.4454170977433307,0.6131590842387783,3.124163244993229
518,1123,c32e7ffef11280ca,Consolidation,on,0.1245949251738471,1.0,0.2396525685226321,0.3866329953372774,3.116170766001008
519,1131,252929b7917291e3,Consolidation,off,0.1527613311307009,1.0,0.5172708018277553,0.6750775728271338,2.8262966862198127
519,1131,252929b7917291e3,Consolidation,on,0.1527613311307009,1.0,0.4028704898645475,0.5743337461134708,3.129191349190642
520,1137,48f46950c6af780a,Consolidation,off,0.1641351012869805,1.0,0.4519629022762105,0.6211074671813903,1.454170254168852
520,1137,48f46950c6af780a,Consolidation,on,0.1641351012869805,1.0,0.5010865067916533,0.667631252038349,1.1643243796433698
521,1156,41875f28d1a6bb51,Consolidation,off,0.2060630869016466,1.0,0.392212102415017,0.5580723141266575,1.0899048137454754
521,1156,41875f28d1a6bb51,Consolidation,on,0.2060630869016466,1.0,0.4191479000809395,0.5906917021817601,0.8119136479157717
522,4,b4cdf6d04b4a2062,Atelectasis,off,0.157653904068535,1.0,0.3066430635984308,0.4687800849330492,1.8406797759340412
522,4,b4cdf6d04b4a2062,Atelectasis,on,0.157653904068535,1.0,0.378612946613787,0.5492638284317521,2.384438152024609
523,186,377c879691fc477e,Atelectasis,off,0.171464214532501,1.0,0.5405152382741989,0.6990937359249998,2.1431839141017903
523,186,377c879691fc477e,Atelectasis,on,0.171464214532501,1.0,0.5241733879582617,0.6878082756588764,1.904566718248893
524,205,defa3fe8fbd3bc01,Atelectasis,off,0.163984035787904,1.0,0.4332379707379085,0.6003218471816629,1.7728626301464572
524,205,defa3fe8fbd3bc01,Atelectasis,on,0.163984035787904,1.0,0.5340627864661657,0.6962721060493117,1.29832187297532
525,286,b1c55e29c4405de2,Atelectasis,off,0.1647637286863636,1.0,0.5574883735933994,0.7155072087215613,2.045323758319044
525,286,b1c55e29c4405de2,Atelectasis,on,0.1647637286863636,1.0,0.5255867193322269,0.689025307099619,1.7541624118285857
526,347,0d910e15cf3df18e,Atelectasis,off,0.1836371699097018,1.0,0.3575991022913418,0.5215735860651205,1.3320452883719045
526,347,0d910e15cf3df18e,Atelectasis,on,0.1836371699097018,1.0,0.4490880673405531,0.6198160394672758,0.8899036776854683
527,434,08de60a4a7687ffe,Atelectasis,off,0.1845874206296995,1.0,0.5516536975582461,0.7045674298702486,2.447240705982063
527,434,08de60a4a7687ffe,Atelectasis,on,0.1845874206296995,1.0,0.4823711076637675,0.6507871078650358,2.965534396886308
528,445,06ba8137b7b55507,Atelectasis,off,0.1998742745201233,0.0,0.1707079772733816,0.2914965181181784,1.0346198324373923
528,445,06ba8137b7b55507,Atelectasis,on,0.1998742745201233,0.0,0.1832784951777805,0.3097800201193526,0.7062623995975663
529,451,3f66ef83bae0f84d,Atelectasis,off,0.1148926216686402,1.0,0.2273591963146475,0.36354536981167,0.5864681070755074
529,451,3f66ef83bae0f84d,Atelectasis,on,0.1148926216686402,1.0,0.1791201299832639,0.3037772825732338,0.6924536935937041
530,460,0d8a5ccd0a4db0f8,Atelectasis,off,0.1498715943257849,0.0,0.1425941368057152,0.2471932117789569,0.8596051440452839
530,460,0d8a5ccd0a4db0f8,Atelectasis,on,0.1498715943257849,0.0,0.2414523612515874,0.3889649330728554,0.6430712877651624
531,470,92fcdf6ded710162,Atelectasis,off,0.1507048911110136,1.0,0.2454258183987774,0.3937466743873548,1.510828942516169
531,470,92fcdf6ded710162,Atelectasis,on,0.1507048911110136,1.0,0.2605769128073241,0.4134242924595555,1.4867082758235155
532,478,51426c9cde48119b,Atelectasis,off,0.1631799774863675,1.0,0.2220989976655434,0.3538157964716282,1.4187917110185386
532,478,51426c9cde48119b,Atelectasis,on,0.1631799774863675,1.0,0.4949601194276375,0.6621482647944535,1.0453723431911943
533,494,1db4456ab63d12f3,Atelectasis,off,0.1545838632808502,1.0,0.6276405049982792,0.7701970753301468,3.02985268104245
533,494,1db4456ab63d12f3,Atelectasis,on,0.1545838632808502,1.0,0.432600647056579,0.6039128563021898,3.1953038156234057
534,499,c8db963e82f7c785,Atelectasis,off,0.1816928107441681,1.0,0.5239085899647875,0.6762849081769394,2.305725647376851
534,499,c8db963e82f7c785,Atelectasis,on,0.1816928107441681,1.0,0.6409945035717147,0.7812237973133053,2.179891787417842
535,508,b6cd6a1cabc0249f,Atelectasis,off,0.1627755117952916,1.0,0.3400128222465738,0.5007882163332156,1.3243312845634596
535,508,b6cd6a1cabc0249f,Atelectasis,on,0.1627755117952916,1.0,0.4861747389923859,0.654259611029652,1.0030306511328102
536,512,ecc77d5112e864b4,Atelectasis,off,0.1287760283418368,1.0,0.2084182828555193,0.3434776693809217,1.1161567461715045
536,512,ecc77d5112e864b4,Atelectasis,on,0.1287760283418368,1.0,0.3645488859980219,0.5342830697258661,0.7685037677020812
537,518,1c10dc1ba26ea979,Atelectasis,off,0.1234253858261577,1.0,0.6220158913086608,0.7653849643744228,2.4759559585593203
537,518,1c10dc1ba26ea979,Atelectasis,on,0.1234253858261577,1.0,0.5968335706447655,0.7475130972278876,2.86170302525047
538,565,86181433d554299d,Atelectasis,off,0.1859713755244653,1.0,0.5919750821716265,0.7417533739754111,2.1137949850411557
538,565,86181433d554299d,Atelectasis,on,0.1859713755244653,1.0,0.6329668796236153,0.775218198777776,2.258711464159707
539,587,167f02788875e917,Atelectasis,off,0.1483706854962501,1.0,0.2905761003838616,0.4492720395367192,1.5330937808555491
539,587,167f02788875e917,Atelectasis,on,0.1483706854962501,1.0,0.2524643045565591,0.4031469181538461,1.2876608822941993
540,588,c0e12f25e6c003f9,Atelectasis,off,0.1530488428870078,1.0,0.3389217335728461,0.4972684939441284,1.5129708263769566
540,588,c0e12f25e6c003f9,Atelectasis,on,0.1530488428870078,1.0,0.5357350658930631,0.6976914056533199,1.2215030147873638
541,592,e7b6ae7af6d75ad6,Atelectasis,off,0.1424157809842648,1.0,0.4884708314900727,0.6514714738225554,2.231106215473328
541,592,e7b6ae7af6d75ad6,Atelectasis,on,0.1424157809842648,1.0,0.5885693844361743,0.7409998193306675,2.7330901446011557
542,597,11d809a52453db0a,Atelectasis,off,0.135539864235974,1.0,0.2388676144433704,0.384111995894073,0.8326873938953682
542,597,11d809a52453db0a,Atelectasis,on,0.135539864235974,1.0,0.3146348606345602,0.4786643059967341,0.6495533473320404
543,603,1f38204277c319ea,Atelectasis,off,0.1236836590987724,1.0,0.4359843013762958,0.6059899367756532,1.613789436706447
543,603,1f38204277c319ea,Atelectasis,on,0.1236836590987724,1.0,0.2273514239059477,0.3704690545491516,1.1674237478389269
544,606,869cfbde90c5be3f,Atelectasis,off,0.1115594345277253,1.0,0.3733351412232021,0.5349492140387098,4.428175284294149
544,606,869cfbde90c5be3f,Atelectasis,on,0.1115594345277253,1.0,0.1250011008840171,0.2222208204999792,3.079780524012751
545,612,0a51eadd62ea7d37,Atelectasis,off,0.131772972920291,1.0,0.5362973161999629,0.6932400263304551,2.065365745449022
545,612,0a51eadd62ea7d37,Atelectasis,on,0.131772972920291,1.0,0.647177707360713,0.7858009365074585,2.0399246248278318
546,621,9a42d6a21dfeba0c,Atelectasis,off,0.1282107509904536,0.0,0.16366622752769,0.2795988904837044,2.5147180820816426
546,621,9a42d6a21dfeba0c,Atelectasis,on,0.1282107509904536,0.0,0.1072806320733645,0.19377099334965,2.815602665611425
547,634,5b3115c94b2fd4f5,Atelectasis,off,0.1148926216686402,1.0,0.4321703428196482,0.6033672368948139,1.7438129536889768
547,634,5b3115c94b2fd4f5,Atelectasis,on,0.1148926216686402,1.0,0.3452830665945525,0.5133229640224625,1.7402101504170064
548,678,8839052d4b213766,Atelectasis,off,0.1784473390543299,1.0,0.3240964702971379,0.4866758345757812,1.431785902533413
548,678,8839052d4b213766,Atelectasis,on,0.1784473390543299,1.0,0.4381310388340748,0.6093038814098415,1.0271001001292943
549,683,f0f9f475b6f58c7a,Atelectasis,off,0.1341802747442851,1.0,0.2333055362787937,0.3772568755818026,0.5164297859093331
549,683,f0f9f475b6f58c7a,Atelectasis,on,0.1341802747442851,1.0,0.2967677141391168,0.4577036768811003,0.5887902828364859
550,695,3ea211b9320b58ab,Atelectasis,off,0.1356714374125891,1.0,0.4054769331022358,0.5768317585703417,2.3475181892901986
550,695,3ea211b9320b58ab,Atelectasis,on,0.1356714374125891,1.0,0.3531616094422538,0.5219727393891157,2.877648430722631
551,748,a541f9ed0bf11bb3,Atelectasis,off,0.1639791627072886,1.0,0.4640179909785091,0.6318999886319944,2.2793211768623856
551,748,a541f9ed0bf11bb3,Atelectasis,on,0.1639791627072886,1.0,0.3081320087243469,0.4710971632144479,2.004123671278134
552,752,f0176f93c5b15c7a,Atelectasis,off,0.1188349438864767,1.0,0.5134027274669548,0.6772601264381093,2.3924980395921858
552,752,f0176f93c5b15c7a,Atelectasis,on,0.1188349438864767,1.0,0.478026889808318,0.6468363616876908,2.9923748910838985
553,762,9ccf55673ed4000d,Atelectasis,off,0.1247216252698468,1.0,0.5852059828769394,0.7377855190176767,3.247150006996372
553,762,9ccf55673ed4000d,Atelectasis,on,0.1247216252698468,1.0,0.3564399444420641,0.5255394312358342,3.376489626103333
554,787,ae3f08592ef8ad5e,Atelectasis,off,0.1898211092106096,0.0,0.1979743698876351,0.3301030237422698,1.5593510281002592
554,787,ae3f08592ef8ad5e,Atelectasis,on,0.1898211092106096,0.0,0.2118611263412788,0.3496440769933269,1.5754566623587911
555,789,318d8e445e8ecf5e,Atelectasis,off,0.099274398296371,1.0,0.1389139362871413,0.2438116272041205,0.310911577711119
555,789,318d8e445e8ecf5e,Atelectasis,on,0.099274398296371,1.0,0.144496278534764,0.2525062996892864,0.2594386123876854
556,797,a9dfbf9d846f90fd,Atelectasis,off,0.148526624075942,1.0,0.2668233695523119,0.4196081891558639,1.0573852054380322
556,797,a9dfbf9d846f90fd,Atelectasis,on,0.148526624075942,1.0,0.3239899905786257,0.48941301940129,0.7993746249176144
557,803,984b40c082cd3573,Atelectasis,off,0.1438192282014921,1.0,0.5028358921938499,0.659260485415379,2.3531629201285376
557,803,984b40c082cd3573,Atelectasis,on,0.1438192282014921,1.0,0.7551148596421859,0.8604732442860266,2.539277034050231
558,824,385b8a59b4f6e451,Atelectasis,off,0.1613428260943721,1.0,0.3562321970612649,0.5178736203339027,1.164066065045445
558,824,385b8a59b4f6e451,Atelectasis,on,0.1613428260943721,1.0,0.4761606697284671,0.6451237340923751,0.9876387987447848
559,837,0e7903057b618889,Atelectasis,off,0.1441116130384145,1.0,0.4385616347866496,0.6044594217635988,2.2075752746769206
559,837,0e7903057b618889,Atelectasis,on,0.1441116130384145,1.0,0.519026188512526,0.6833590892328216,2.9692275120870586
560,841,77941632e67bb3a4,Atelectasis,off,0.1521424498925485,1.0,0.212279978254369,0.3485055918561345,1.4139829543545166
560,841,77941632e67bb3a4,Atelectasis,on,0.1521424498925485,1.0,0.1878218317292025,0.3162448468055404,1.1948997508719408
561,847,ca5639aa02e0db66,Atelectasis,off,0.1247752291566159,1.0,0.1443423615797056,0.2519975418006129,0.7853301433851605
561,847,ca5639aa02e0db66,Atelectasis,on,0.1247752291566159,1.0,0.0858287053541592,0.1580845079176858,0.6108245990714316
562,852,dac1670e41cf55a3,Atelectasis,off,0.1887977622813814,1.0,0.3880576644785344,0.5536804902591423,0.927301674456422
562,852,dac1670e41cf55a3,Atelectasis,on,0.1887977622813814,1.0,0.4408406631238343,0.6119169477141826,0.8807653159181469
563,869,09c4bd6ce78609be,Atelectasis,off,0.1591645590593005,1.0,0.3202883370257545,0.4781430634620703,1.7953615230758575
563,869,09c4bd6ce78609be,Atelectasis,on,0.1591645590593005,1.0,0.5455770893335551,0.7059843835145843,1.7570418192470871
564,897,02cb75ca53972049,Atelectasis,off,0.1605338947122202,1.0,0.5320945461251286,0.6931687764353187,1.9880979086325343
564,897,02cb75ca53972049,Atelectasis,on,0.1605338947122202,1.0,0.5356147187677962,0.6975827875890536,1.9388561190786051
565,920,5d253bd0d0de6db4,Atelectasis,off,0.1490090590568639,1.0,0.3453187109530988,0.5050099493017007,1.4869759476248852
565,920,5d253bd0d0de6db4,Atelectasis,on,0.1490090590568639,1.0,0.5532216643569872,0.71235282619948,1.2566304982079246
566,927,2d5108c8eff2ee69,Atelectasis,off,0.1826966653509349,1.0,0.5402191391484841,0.6996957542723704,2.236215861014836
566,927,2d5108c8eff2ee69,Atelectasis,on,0.1826966653509349,1.0,0.5267433300431447,0.6900161988529185,2.361296015847312
567,960,531cd21c479c115f,Atelectasis,off,0.1720830957706533,1.0,0.3480659634076349,0.5131839551848673,1.5208955257936012
567,960,531cd21c479c115f,Atelectasis,on,0.1720830957706533,1.0,0.4523867957621094,0.6229560298490011,1.1602107577985186
568,961,4eaaeffa43a63aa2,Atelectasis,off,0.1492575861682479,1.0,0.4503385688280136,0.6187876774944339,2.3426916601386085
568,961,4eaaeffa43a63aa2,Atelectasis,on,0.1492575861682479,1.0,0.3021833355284558,0.4641044684566934,2.615874400007858
569,1006,aa5d7467210b16f2,Atelectasis,off,0.1572835499417667,1.0,0.2992430803016324,0.4542863287254443,1.2739164505514535
569,1006,aa5d7467210b16f2,Atelectasis,on,0.1572835499417667,1.0,0.4158826849694934,0.5874526507765725,0.919785718502887
570,1011,25a9407a69b30806,Atelectasis,off,0.1408612682679609,1.0,0.4026608070239407,0.5707573485585744,3.0057162829959854
570,1011,25a9407a69b30806,Atelectasis,on,0.1408612682679609,1.0,0.2406320915266195,0.3879093931848103,2.901124089271515
571,1021,a177681245ed41a8,Atelectasis,off,0.1279232392341466,0.0,0.3658977356956243,0.5348605943135724,2.0742086320929443
571,1021,a177681245ed41a8,Atelectasis,on,0.1279232392341466,0.0,0.3633555260227276,0.533025075677468,2.579126152724323
572,1057,1939319edcfe6817,Atelectasis,off,0.1299114561252186,1.0,0.2813482949571922,0.4370999935802417,0.8033591782163815
572,1057,1939319edcfe6817,Atelectasis,on,0.1299114561252186,1.0,0.3127532983651336,0.4764823463433396,0.7586743201358045
573,1068,6a9cebc92a2e4ea8,Atelectasis,off,0.1246290367381547,1.0,0.3412762109898409,0.5045994280330814,1.2016173993327337
573,1068,6a9cebc92a2e4ea8,Atelectasis,on,0.1246290367381547,1.0,0.4100965103526119,0.5816560169173552,0.93905330510421
574,1077,2252811e46d42f53,Atelectasis,off,0.1675316384758953,1.0,0.4320466757232237,0.6024901830435458,1.8935297293348008
574,1077,2252811e46d42f53,Atelectasis,on,0.1675316384758953,1.0,0.4268658650594648,0.5983207645820418,2.074343455223573
575,1084,c0dd49da98159e6d,Atelectasis,off,0.171503199177424,0.0,0.0,0.0,-1.0138296118889978
575,1084,c0dd49da98159e6d,Atelectasis,on,0.171503199177424,0.0,0.0,0.0,-0.4778853173208703
576,1088,7dbf2987649f260e,Atelectasis,off,0.1313051571812152,1.0,0.3710429564623738,0.5405063812581107,1.129440988890794
576,1088,7dbf2987649f260e,Atelectasis,on,0.1313051571812152,1.0,0.2902544189237633,0.4498935315111984,0.9738283169936384
577,1091,6562e982e1ab1185,Atelectasis,off,0.1279914623627618,1.0,0.3451765708673376,0.5115038228686853,1.6905562061190924
577,1091,6562e982e1ab1185,Atelectasis,on,0.1279914623627618,1.0,0.5406256840066457,0.7018021591430638,1.6953494933454678
578,1124,190bb860bd0fd26b,Atelectasis,off,0.1488774858802489,1.0,0.4747602136110849,0.6427644655278625,2.6909427033426208
578,1124,190bb860bd0fd26b,Atelectasis,on,0.1488774858802489,1.0,0.3470251718588555,0.5152342980240591,3.016218035029685
579,1147,b0c764398f5f135b,Atelectasis,off,0.1222704657203144,1.0,0.5736052690936201,0.7253721562212907,2.509134752295449
579,1147,b0c764398f5f135b,Atelectasis,on,0.1222704657203144,1.0,0.4281191824924826,0.5995156702097885,3.52174406625901
580,1150,56305bd94b986e35,Atelectasis,off,0.124541321287078,1.0,0.5023101517104507,0.6658665230846057,2.594367138787211
580,1150,56305bd94b986e35,Atelectasis,on,0.124541321287078,1.0,0.3779181821275005,0.5484930194518425,3.4135784896321386
581,1151,8eb936b0cfda32f5,Atelectasis,off,0.153940616639621,1.0,0.5298786281724874,0.6918123358091304,1.8707578807748724
581,1151,8eb936b0cfda32f5,Atelectasis,on,0.153940616639621,1.0,0.5509835373086549,0.7104946241823438,1.5078330337722727
582,1154,3fb3afa6fbb4c602,Atelectasis,off,0.1566403033005375,1.0,0.6818865747324214,0.8089176338009139,2.257607058792532
582,1154,3fb3afa6fbb4c602,Atelectasis,on,0.1566403033005375,1.0,0.7684902366334955,0.8690879431898875,3.866438405250077
583,122,b2fad14eebc04be1,Edema,off,0.1616741955762174,1.0,0.157228609360263,0.2683378801909852,0.516283151006088
583,122,b2fad14eebc04be1,Edema,on,0.1616741955762174,1.0,0.1274891872287269,0.2261382869581308,0.4733667155816443
584,393,f0c5cd1dcaab0e47,Edema,off,0.1728871540721898,1.0,0.4580923118642366,0.6252748761624464,1.6527977405743517
584,393,f0c5cd1dcaab0e47,Edema,on,0.1728871540721898,1.0,0.553170514705451,0.7123112071060996,1.38057298900101
585,406,a12aaef70490156c,Edema,off,0.1700217826703507,1.0,0.4196015727560335,0.5792382167746125,2.355595701442775
585,406,a12aaef70490156c,Edema,on,0.1700217826703507,1.0,0.3755908502403929,0.5460384772149106,2.912508359170748
586,409,2eed693b117c2db9,Edema,off,0.1344921519036689,1.0,0.2038988735668074,0.3351313132247518,0.3326454300487668
586,409,2eed693b117c2db9,Edema,on,0.1344921519036689,1.0,0.2841562438922541,0.4425531947224718,0.6008259736550702
587,452,a986d76c581c681b,Edema,off,0.1729797426038819,1.0,0.4577715613352036,0.6279473850806878,1.598867194475232
587,452,a986d76c581c681b,Edema,on,0.1729797426038819,1.0,0.4534167297070149,0.6239313656907733,1.2428827540365972
588,473,f15dea1ce3c9b5b4,Edema,off,0.1902694326272239,0.0,0.2636421227730717,0.4169166411700818,1.4809432497381168
588,473,f15dea1ce3c9b5b4,Edema,on,0.1902694326272239,0.0,0.2608754832186694,0.4137998787425082,1.1526798678413563
589,474,2b578ad2daf4f07c,Edema,off,0.1367435151479711,1.0,0.188814830948125,0.3156804325639926,1.127037051597894
589,474,2b578ad2daf4f07c,Edema,on,0.1367435151479711,1.0,0.1112850407474975,0.200279151380317,0.7995822288912585
590,487,89c88b8ef9f0c6e4,Edema,off,0.1927595768216793,1.0,0.1673367137149638,0.2835437480540824,0.4043951509792809
590,487,89c88b8ef9f0c6e4,Edema,on,0.1927595768216793,1.0,0.219512116490037,0.3599956713978565,0.24884464331643
591,491,2a30653355f7fc52,Edema,off,0.2198490319625357,1.0,0.304200669889323,0.4647114949514658,0.7858562801937737
591,491,2a30653355f7fc52,Edema,on,0.2198490319625357,1.0,0.3115195032700281,0.4750475863922838,0.4778506903872546
592,523,80c6b3a0a74e5b10,Edema,off,0.1950011939047507,1.0,0.2105641012997663,0.3276461219693852,0.6623567274050225
592,523,80c6b3a0a74e5b10,Edema,on,0.1950011939047507,1.0,0.2973872356612194,0.442011199827567,0.5415847709952649
593,618,19480804a2bf56f8,Edema,off,0.1108479647578809,1.0,0.3188287726824588,0.4599140120042829,0.7043755782947078
593,618,19480804a2bf56f8,Edema,on,0.1108479647578809,1.0,0.1823049645390071,0.3083791063659957,0.5409346800073768
594,644,700255422ab49a1f,Edema,off,0.1814394105521687,1.0,0.4389021107913793,0.6098515307359502,1.686941882915547
594,644,700255422ab49a1f,Edema,on,0.1814394105521687,1.0,0.44684477215878,0.6176809728325884,1.3387806657200385
595,656,a9646397048bc84c,Edema,off,0.168155392794663,1.0,0.3447760652604546,0.5036203521615272,1.138607039463519
595,656,a9646397048bc84c,Edema,on,0.168155392794663,1.0,0.477892860670992,0.6467108465979139,0.97353574832714
596,657,e9184860388b2b47,Edema,off,0.1877939076746146,1.0,0.1870195630049378,0.3109647862913171,1.11202820338844
596,657,e9184860388b2b47,Edema,on,0.1877939076746146,1.0,0.2360791064091771,0.3819708858422688,0.5811528137414825
597,675,66af19b43d8acd4c,Edema,off,0.1457976989313334,1.0,0.2398875492578244,0.3837207322703616,0.9128141229185875
597,675,66af19b43d8acd4c,Edema,on,0.1457976989313334,1.0,0.3056034302524594,0.4681265992012055,0.6026169446929359
598,692,c44da25c2b6e6e92,Edema,off,0.1571422306039208,0.0,0.173503765299502,0.2956405314823201,0.3917258079385435
598,692,c44da25c2b6e6e92,Edema,on,0.1571422306039208,0.0,0.1808053970775819,0.3062407981641694,0.3339596102896471
599,721,fabe5ef3695a5461,Edema,off,0.144014151426107,0.0,0.0310756152660096,0.0598678066781253,-0.0125201345738013
599,721,fabe5ef3695a5461,Edema,on,0.144014151426107,0.0,0.0447149755930222,0.0856021390960957,0.0381189316182192
600,725,921acbdad507f01a,Edema,off,0.1724095921718832,1.0,0.14312824060269,0.2496662858090587,0.8845167669980635
600,725,921acbdad507f01a,Edema,on,0.1724095921718832,1.0,0.1187623562940762,0.2123097557290124,0.7708991059924721
601,737,eccfc478085c5c04,Edema,off,0.1883055811392288,1.0,0.2720520035293542,0.4216294882634644,2.1778978596198124
601,737,eccfc478085c5c04,Edema,on,0.1883055811392288,1.0,0.2129147627156336,0.3510737160607955,2.1110804441099784
602,741,3d480d0e3bc6eeda,Edema,off,0.1609529796451422,0.0,0.3081072243437895,0.4697708807965853,1.4170514788238535
602,741,3d480d0e3bc6eeda,Edema,on,0.1609529796451422,0.0,0.3342100091924413,0.5009844695241739,1.2804814559823534
603,744,ec4e5ae6851c1dd7,Edema,off,0.1269778615947643,1.0,0.4470761493045576,0.6168008898459949,2.92690935168178
603,744,ec4e5ae6851c1dd7,Edema,on,0.1269778615947643,1.0,0.2627655979452045,0.4161623816916212,3.130372269397934
604,763,b816afc73b5ccdf4,Edema,off,0.2070961799921056,1.0,0.3220558787299671,0.4784278182709746,1.4289293108971497
604,763,b816afc73b5ccdf4,Edema,on,0.2070961799921056,1.0,0.377779642662487,0.5483730591017106,0.7822189159257511
605,774,46215ce72bf546e2,Edema,off,0.1548128980697727,0.0,0.0351670036872599,0.0678654762868291,-0.044356795703888
605,774,46215ce72bf546e2,Edema,on,0.1548128980697727,0.0,0.041028750481175,0.0788234457832409,0.2778278111160893
606,775,34a1605c846fa6ff,Edema,off,0.1573907577153049,1.0,0.2057307841720914,0.3407469858795585,0.977442863773344
606,775,34a1605c846fa6ff,Edema,on,0.1573907577153049,1.0,0.2177211010806502,0.3575808409785889,0.7094845888946563
607,791,7275c8b6f51b35b8,Edema,off,0.1796704822887885,1.0,0.3241049684395775,0.4883032056634953,2.020747162442243
607,791,7275c8b6f51b35b8,Edema,on,0.1796704822887885,1.0,0.3349091390405748,0.5017632148344231,2.607348350331286
608,846,86976ce0ce8ac118,Edema,off,0.167083315059281,1.0,0.2937934406177805,0.4534706919945591,1.269478104661529
608,846,86976ce0ce8ac118,Edema,on,0.167083315059281,1.0,0.304456032953744,0.4667887628363113,1.149844408583954
609,860,01ec6fd2ecc2f08d,Edema,off,0.1365924496488945,0.0,0.1792577324585725,0.3027306438318184,0.804190554626079
609,860,01ec6fd2ecc2f08d,Edema,on,0.1365924496488945,0.0,0.2052769436043648,0.3406267865098903,0.6184403177372679
610,871,34630c8127633573,Edema,off,0.1893630396327646,1.0,0.4309875948594532,0.596472167287995,1.6177446100270925
610,871,34630c8127633573,Edema,on,0.1893630396327646,1.0,0.4941467086908288,0.6614337662670455,1.0171565633477668
611,888,b50198f49cbff008,Edema,off,0.1934564273496776,1.0,0.1622785282867747,0.2773713759242456,0.7312221569462211
611,888,b50198f49cbff008,Edema,on,0.1934564273496776,1.0,0.2111545932210457,0.3486810198296265,0.3888917569051294
612,919,ec44a683d57116d1,Edema,off,0.1587698395294553,0.0,0.0494183052363649,0.0932841692649016,0.8102261899111847
612,919,ec44a683d57116d1,Edema,on,0.1587698395294553,0.0,0.0968676348815288,0.1766180268863963,0.4291428543193734
613,930,1d5d7295d9c4a3f1,Edema,off,0.1793196204844816,1.0,0.2406513152205984,0.381789141055506,1.0208172767489752
613,930,1d5d7295d9c4a3f1,Edema,on,0.1793196204844816,1.0,0.369969322436716,0.5401022559229456,0.7686041908379557
614,938,4cb2f80f7e9a2742,Edema,off,0.1339366207135164,1.0,0.1824112409377719,0.3055734715932848,1.0557529409692457
614,938,4cb2f80f7e9a2742,Edema,on,0.1339366207135164,1.0,0.2982395933940701,0.4594272484409152,0.6315886370176866
615,967,56d7a4445236725d,Edema,off,0.1386440165879664,1.0,0.2667747033660024,0.4138070184075714,1.0735537184881938
615,967,56d7a4445236725d,Edema,on,0.1386440165879664,1.0,0.3574298902054449,0.5265973468691589,0.7478224866769965
616,1004,50ab3732ce0f912e,Edema,off,0.1469769844402536,1.0,0.2772658607797086,0.4306998838205128,1.3428489501217769
616,1004,50ab3732ce0f912e,Edema,on,0.1469769844402536,1.0,0.3598802500574385,0.5292781310064454,0.765608240749872
617,1013,3d2a1cae5d20b5b0,Edema,off,0.1554025408242328,1.0,0.1448004430204501,0.2480525656947728,1.0734590167689575
617,1013,3d2a1cae5d20b5b0,Edema,on,0.1554025408242328,1.0,0.3060321980934298,0.468625118292045,0.7051033241116889
618,1015,3c0096e17cc2688d,Edema,off,0.1982710309976658,1.0,0.2930754280376922,0.4447378125377105,1.145387282555782
618,1015,3c0096e17cc2688d,Edema,on,0.1982710309976658,1.0,0.3629716581147965,0.5326039825521446,0.6938175679365781
619,1040,20d2e0e9014e2b3c,Edema,off,0.1848213284992373,1.0,0.432275055066413,0.6012920012389377,1.7320096456618514
619,1040,20d2e0e9014e2b3c,Edema,on,0.1848213284992373,1.0,0.4446339053340564,0.6155608488146214,1.6946927099464857
620,1045,0977ae2cf34d956a,Edema,off,0.1693736629485061,0.0,0.2062151039911551,0.3402915421310895,2.243213508025089
620,1045,0977ae2cf34d956a,Edema,on,0.1693736629485061,0.0,0.1737464985655212,0.2960499188421053,2.48071439036473
621,1083,53c1d93705bec81b,Edema,off,0.2159359482283915,1.0,0.3391101592803637,0.4975104922520177,1.3870635498407748
621,1083,53c1d93705bec81b,Edema,on,0.2159359482283915,1.0,0.4003529334530046,0.5717790021757398,0.76871179340114
622,1086,b460e9f1059f3ac3,Edema,off,0.1683503160192779,1.0,0.3314417281545973,0.4921010937398287,1.3585795889340453
622,1086,b460e9f1059f3ac3,Edema,on,0.1683503160192779,1.0,0.4862712129253501,0.654341470821168,1.0396083985040172
623,1090,f5f0abf5e33c563a,Edema,off,0.1642471821411341,1.0,0.33366183720531,0.4995981431229649,0.6811528569879765
623,1090,f5f0abf5e33c563a,Edema,on,0.1642471821411341,1.0,0.3627644858507272,0.5323944508089888,0.7207510117268942
624,1093,3c166be90502b65a,Edema,off,0.1165445959972515,1.0,0.2518226652898658,0.3947106901006197,0.4609690423800337
624,1093,3c166be90502b65a,Edema,on,0.1165445959972515,1.0,0.304955749962046,0.4673628434608914,0.6589650728726022
625,1116,3b432a10b30bb91a,Edema,off,0.1386196511848895,1.0,0.2057414622343784,0.3370892192681499,0.8649842589840219
625,1116,3b432a10b30bb91a,Edema,on,0.1386196511848895,1.0,0.1754074765072048,0.2984552733071031,0.909516207880268
626,1122,b4af76bb65a3b727,Edema,off,0.1700997519601966,1.0,0.1664081708451843,0.2853047161680763,0.8398738182634208
626,1122,b4af76bb65a3b727,Edema,on,0.1700997519601966,1.0,0.1760300349068411,0.2993602313609005,0.4767325644030472
627,1139,f716986d2b4594bf,Edema,off,0.126685476757842,1.0,0.1682425263075413,0.2856376034325443,0.7321056696133329
627,1139,f716986d2b4594bf,Edema,on,0.126685476757842,1.0,0.2740492183655959,0.4301965660412229,0.6017807785814931
628,1156,41875f28d1a6bb51,Edema,off,0.2060630869016466,1.0,0.392212102415017,0.5580723141266575,1.0899048137454754
628,1156,41875f28d1a6bb51,Edema,on,0.2060630869016466,1.0,0.4191479000809395,0.5906917021817601,0.8119136479157717
629,2,7fdc846bf5c6595f,Cardiomegaly,off,0.1481270314654815,1.0,0.4506301943544415,0.6193295723332325,1.596095043947983
629,2,7fdc846bf5c6595f,Cardiomegaly,on,0.1481270314654815,1.0,0.4953656958195256,0.662532786507799,1.3896998307741502
630,10,6facf74a81a28169,Cardiomegaly,off,0.1558557373214625,1.0,0.4513908965366573,0.6175372801505805,2.021399439104368
630,10,6facf74a81a28169,Cardiomegaly,on,0.1558557373214625,1.0,0.6315550584125484,0.7741707878460271,1.5349436253754392
631,34,ecc14faa47ae7453,Cardiomegaly,off,0.1527126003245471,1.0,0.4478679343963198,0.6134356589662394,1.8992181617974195
631,34,ecc14faa47ae7453,Cardiomegaly,on,0.1527126003245471,1.0,0.5733739851822948,0.7288463731073718,1.7201316844612535
632,58,9602f43496ca35c1,Cardiomegaly,off,0.1289514592439902,1.0,0.356804833879574,0.5204417747697341,1.7307275382476182
632,58,9602f43496ca35c1,Cardiomegaly,on,0.1289514592439902,1.0,0.6094015278882076,0.7572897390840397,1.4071935143232657
633,121,283cfccc2232dcf2,Cardiomegaly,off,0.1279963354433772,1.0,0.2846695054648926,0.4397512598220185,1.3004629820376117
633,121,283cfccc2232dcf2,Cardiomegaly,on,0.1279963354433772,1.0,0.4404068614684133,0.6114945175546967,0.9222084369907076
634,140,c733667e05c1cd2d,Cardiomegaly,off,0.1626293193768304,1.0,0.3314164211619114,0.4947680886331382,1.3074236060957192
634,140,c733667e05c1cd2d,Cardiomegaly,on,0.1626293193768304,1.0,0.4466089499115215,0.6174533016026964,0.9079675805766716
635,154,71b3c95f452d8a44,Cardiomegaly,off,0.164807586411902,1.0,0.4547555043870219,0.6186786258418152,1.6784600722174394
635,154,71b3c95f452d8a44,Cardiomegaly,on,0.164807586411902,1.0,0.5703594854516959,0.7263988015395796,1.2649080799161316
636,157,79fce779b6f1da93,Cardiomegaly,off,0.1240881247898484,1.0,0.2910725965002234,0.4469860920512223,1.281833990587789
636,157,79fce779b6f1da93,Cardiomegaly,on,0.1240881247898484,1.0,0.5119134220774264,0.6771650883390645,1.1015201554637872
637,168,2ac3080c1a1a1970,Cardiomegaly,off,0.1440872476353376,1.0,0.372600677339057,0.5361349818434907,1.6406300428226166
637,168,2ac3080c1a1a1970,Cardiomegaly,on,0.1440872476353376,1.0,0.5806300079926725,0.7346723474127306,1.2932025226709871
638,183,90db5c1b12d21d6d,Cardiomegaly,off,0.1471036845362532,1.0,0.3799846574089064,0.54732939747609,1.5389070100532891
638,183,90db5c1b12d21d6d,Cardiomegaly,on,0.1471036845362532,1.0,0.5095065504635061,0.67505923809911,1.0906335242961915
639,211,1223e669033e37be,Cardiomegaly,off,0.1269729885141489,1.0,0.3588416809604823,0.5253505252765922,1.170531224858094
639,211,1223e669033e37be,Cardiomegaly,on,0.1269729885141489,1.0,0.4610089655454227,0.6310823770387556,1.1014575948359695
640,213,e1ceb68cb23d7857,Cardiomegaly,off,0.1478785043540975,1.0,0.377315464157201,0.539536149525816,1.949709825308596
640,213,e1ceb68cb23d7857,Cardiomegaly,on,0.1478785043540975,1.0,0.6572020475608327,0.7931441008776494,1.6975607687104797
641,220,ef96461e46f8d094,Cardiomegaly,off,0.1518939227811645,1.0,0.3491380580707149,0.512156770041431,1.5768298727850991
641,220,ef96461e46f8d094,Cardiomegaly,on,0.1518939227811645,1.0,0.5111531106797453,0.676505002765092,1.2611316569258182
642,234,e5f4624cd98d6640,Cardiomegaly,off,0.1382151854938136,1.0,0.2712167551935651,0.4222901778847588,1.2565130907136155
642,234,e5f4624cd98d6640,Cardiomegaly,on,0.1382151854938136,1.0,0.5099302777583599,0.6754262964719445,1.0786801822437229
643,283,7a77793683be9602,Cardiomegaly,off,0.1348966175947448,1.0,0.4036751077214333,0.5704423354833243,1.7931008157973
643,283,7a77793683be9602,Cardiomegaly,on,0.1348966175947448,1.0,0.6246129630802038,0.7689349827448864,1.5732690515272336
644,309,6c8f5f81c8357205,Cardiomegaly,off,0.1697440170752744,1.0,0.4976285136150421,0.6625951810942098,1.4889393781152922
644,309,6c8f5f81c8357205,Cardiomegaly,on,0.1697440170752744,1.0,0.5322605710890604,0.694736024405134,1.160113443927767
645,373,1f924d5148e24902,Cardiomegaly,off,0.1434732394778007,1.0,0.4399668373953459,0.6093867175323462,1.5511379877062734
645,373,1f924d5148e24902,Cardiomegaly,on,0.1434732394778007,1.0,0.5140746483773928,0.679060814919763,1.224165514371759
646,381,df722b3c373914e1,Cardiomegaly,off,0.1364462572304333,1.0,0.3601449870614502,0.5241346923822392,1.358803733916535
646,381,df722b3c373914e1,Cardiomegaly,on,0.1364462572304333,1.0,0.5255155446855152,0.6889669408431132,1.140709867496417
647,392,affb1addb7bb42ed,Cardiomegaly,off,0.145256786983027,1.0,0.5722880315226948,0.722333818495102,2.1801857363700003
647,392,affb1addb7bb42ed,Cardiomegaly,on,0.145256786983027,1.0,0.6593147335105844,0.7946744425705493,2.566977976090214
648,410,5ba1bc09602544c8,Cardiomegaly,off,0.1775409460598706,1.0,0.3384280516167071,0.5051805915981692,1.3369214831340142
648,410,5ba1bc09602544c8,Cardiomegaly,on,0.1775409460598706,1.0,0.3622717348777023,0.5318637415117855,0.8983847007403045
649,419,eb5032a8b3f8052a,Cardiomegaly,off,0.1313831264710612,1.0,0.2798661977807627,0.4339538085276799,1.268639521709756
649,419,eb5032a8b3f8052a,Cardiomegaly,on,0.1313831264710612,1.0,0.4561420885577239,0.6265047837671944,0.9693521315845322
650,420,5940198741acd68e,Cardiomegaly,off,0.1422500962433421,1.0,0.2609684039076559,0.4112472501605572,0.888711780980423
650,420,5940198741acd68e,Cardiomegaly,on,0.1422500962433421,1.0,0.3198809433252229,0.4847118129435167,0.6628223345707499
651,421,404e5dadeda8d710,Cardiomegaly,off,0.1429615660131865,1.0,0.4050040616414578,0.5738657489038721,1.213380233966591
651,421,404e5dadeda8d710,Cardiomegaly,on,0.1429615660131865,1.0,0.4601347039324502,0.6302629421656473,0.9727688812446192
652,424,5fbe41e547784e0c,Cardiomegaly,off,0.1379520391405835,1.0,0.4366177622992224,0.6032759655913559,1.7043621099054085
652,424,5fbe41e547784e0c,Cardiomegaly,on,0.1379520391405835,1.0,0.622030058994187,0.7669762870944341,1.6315706834364234
653,447,570ab29238338c71,Cardiomegaly,off,0.1481562699491737,1.0,0.3828525046899564,0.5506665451383762,1.4782564551903097
653,447,570ab29238338c71,Cardiomegaly,on,0.1481562699491737,1.0,0.5043031664816973,0.6704761629732607,1.0979513026418637
654,448,30e47bf53ecb4626,Cardiomegaly,off,0.1365388457621254,1.0,0.478270181953169,0.6352073555235792,1.5130365874044371
654,448,30e47bf53ecb4626,Cardiomegaly,on,0.1365388457621254,1.0,0.597574718446011,0.74806175824951,1.3366349952680143
655,461,f58f795f86d14ebd,Cardiomegaly,off,0.1685890969694311,1.0,0.287874442635737,0.4427828195738971,1.1581216000686831
655,461,f58f795f86d14ebd,Cardiomegaly,on,0.1685890969694311,1.0,0.3942770279941845,0.5655585318491383,0.777589706092113
656,464,57bcef4f82bf8195,Cardiomegaly,off,0.108913351753578,1.0,0.3731572369451884,0.5390873324646176,1.1868835946036564
656,464,57bcef4f82bf8195,Cardiomegaly,on,0.108913351753578,1.0,0.5029508543176915,0.6692795860335827,1.1138067406215686
657,465,996f10d9aa33dbb7,Cardiomegaly,off,0.1506902718691675,1.0,0.3140678027040192,0.4763418119919113,1.0457120710721703
657,465,996f10d9aa33dbb7,Cardiomegaly,on,0.1506902718691675,1.0,0.3912936802786018,0.5624880012465595,0.8064853306728688
658,466,efc98b588af63774,Cardiomegaly,off,0.1514845840094732,1.0,0.4138612838072945,0.584025245891322,1.52950500547375
658,466,efc98b588af63774,Cardiomegaly,on,0.1514845840094732,1.0,0.4851296916832073,0.6533157384637707,1.124672392454959
659,468,62f30234391874f1,Cardiomegaly,off,0.1331130700895185,1.0,0.6265693013548496,0.769440758929796,2.5039718991898448
659,468,62f30234391874f1,Cardiomegaly,on,0.1331130700895185,1.0,0.6383999435416143,0.7792908545327031,3.5446809653012594
660,469,701deb57a48ea40e,Cardiomegaly,off,0.1810203256192467,1.0,0.2751537598606964,0.4299338319908396,0.8943348373584056
660,469,701deb57a48ea40e,Cardiomegaly,on,0.1810203256192467,1.0,0.3438060603778345,0.5116874978713264,0.6186543164501472
661,471,2cbf5e21fd5120c6,Cardiomegaly,off,0.1387560974421199,1.0,0.5009322993333123,0.6575142569311606,1.7572326869002062
661,471,2cbf5e21fd5120c6,Cardiomegaly,on,0.1387560974421199,1.0,0.6540519646434468,0.7908375036315849,1.780386235859159
662,472,ecf3e07abdbb2152,Cardiomegaly,off,0.1474691655824062,1.0,0.3047140789606724,0.4639061380968724,1.1284822174507358
662,472,ecf3e07abdbb2152,Cardiomegaly,on,0.1474691655824062,1.0,0.4228152799857171,0.5943343758887563,0.8324202628269594
663,475,79a1d67e9168770a,Cardiomegaly,off,0.1283959280538378,1.0,0.3513630974887666,0.5145531048148373,1.6145458364725411
663,475,79a1d67e9168770a,Cardiomegaly,on,0.1283959280538378,1.0,0.562506378164992,0.7199990784612373,1.2471814481019836
664,476,2004e3665e3f10dc,Cardiomegaly,off,0.1361246339098187,1.0,0.4068356506603044,0.573352981897653,1.1801236015390095
664,476,2004e3665e3f10dc,Cardiomegaly,on,0.1361246339098187,1.0,0.4458394041669015,0.6167042969799797,0.9236269650409408
665,477,47f95af5fe0a0150,Cardiomegaly,off,0.1503589023873222,1.0,0.3951777425255182,0.5625325441534168,1.2182113695770809
665,477,47f95af5fe0a0150,Cardiomegaly,on,0.1503589023873222,1.0,0.4964689298806859,0.6635176559766264,1.0358100679755404
666,479,3291160dec18f107,Cardiomegaly,off,0.1808254023946318,1.0,0.5477586852903857,0.7041901874429761,1.5229318457276169
666,479,3291160dec18f107,Cardiomegaly,on,0.1808254023946318,1.0,0.51084879582227,0.6762274646756333,1.049890884420951
667,483,5c68c7c5bcf114db,Cardiomegaly,off,0.1663864645312827,1.0,0.2832806660075618,0.4404145315636473,1.017373878729631
667,483,5c68c7c5bcf114db,Cardiomegaly,on,0.1663864645312827,1.0,0.3302347725578534,0.496505053976808,0.6811634844562687
668,486,2e12dfdc50b6087d,Cardiomegaly,off,0.1692859474974294,1.0,0.3902188066129908,0.5586497029335794,1.5168122191465223
668,486,2e12dfdc50b6087d,Cardiomegaly,on,0.1692859474974294,1.0,0.462169509024351,0.6321674031883406,1.0399903703909008
669,488,abb7ad451d66b842,Cardiomegaly,off,0.1522740230691636,1.0,0.2856510888210905,0.4414119206473045,1.0735015107838028
669,488,abb7ad451d66b842,Cardiomegaly,on,0.1522740230691636,1.0,0.4142584747985485,0.5858268467899517,0.8178840823888299
670,489,bd7d26f21807cd30,Cardiomegaly,off,0.1380202622691987,1.0,0.3293351436534607,0.4899605530543527,1.3996884953843771
670,489,bd7d26f21807cd30,Cardiomegaly,on,0.1380202622691987,1.0,0.506624135585729,0.6725214925714985,1.056466713543451
671,492,08ed699a1c98210c,Cardiomegaly,off,0.1370992500328933,1.0,0.3247869382299748,0.4855056836390391,1.4857969498484844
671,492,08ed699a1c98210c,Cardiomegaly,on,0.1370992500328933,1.0,0.5420861630833844,0.7030455989357126,1.1801424924360349
672,497,9c100e752176fe88,Cardiomegaly,off,0.1454517102076419,1.0,0.4048295229038644,0.5751624032714796,1.171845561689426
672,497,9c100e752176fe88,Cardiomegaly,on,0.1454517102076419,1.0,0.4481323981989465,0.6189103731372487,1.0062811857452325
673,498,7cc075c5945a979b,Cardiomegaly,off,0.1838467123761628,1.0,0.319334772723127,0.4839744077737693,1.0930060291482593
673,498,7cc075c5945a979b,Cardiomegaly,on,0.1838467123761628,1.0,0.3295495204161632,0.4957310835046541,0.8087036850694869
674,503,2183bc0d130fce0a,Cardiomegaly,off,0.1406955835270383,1.0,0.347590458208748,0.5124828763665951,1.5278708342294691
674,503,2183bc0d130fce0a,Cardiomegaly,on,0.1406955835270383,1.0,0.541583084198729,0.7026278803852414,1.3121663595795396
675,504,4376708f8d89c7cd,Cardiomegaly,off,0.1457440950445643,1.0,0.413304166536337,0.581428546112847,1.6343728525415524
675,504,4376708f8d89c7cd,Cardiomegaly,on,0.1457440950445643,1.0,0.5099004197639314,0.6754090824190785,1.3039101612396236
676,506,cbcdda51d2f214f6,Cardiomegaly,off,0.1387463512808892,1.0,0.3274968762111623,0.4885350125297623,1.3357248045389511
676,506,cbcdda51d2f214f6,Cardiomegaly,on,0.1387463512808892,1.0,0.5185103178143773,0.682910368071336,1.1389723597846413
677,507,0c4b5afba7f6553d,Cardiomegaly,off,0.1340584477289007,1.0,0.3203002328360712,0.4824876158684488,1.4125462817398795
677,507,0c4b5afba7f6553d,Cardiomegaly,on,0.1340584477289007,1.0,0.4665949249966372,0.6362930616180579,1.1698925509225837
678,510,0360f2df64ba5ada,Cardiomegaly,off,0.1682918390518934,1.0,0.2992331179701663,0.456526934871466,1.3056598588299375
678,510,0360f2df64ba5ada,Cardiomegaly,on,0.1682918390518934,1.0,0.4070583445961346,0.5785884174544194,0.8397441630404132
679,511,680f7b75961eb8f4,Cardiomegaly,off,0.1318070844845986,1.0,0.1924416161738083,0.3203836109283936,0.9118303111980692
679,511,680f7b75961eb8f4,Cardiomegaly,on,0.1318070844845986,1.0,0.3521048758496633,0.5208196864267337,0.7043981834967222
680,514,6b159bebb304e63d,Cardiomegaly,off,0.1517477303627034,1.0,0.347545370430907,0.5127897240901531,1.575790678991934
680,514,6b159bebb304e63d,Cardiomegaly,on,0.1517477303627034,1.0,0.4744822561260051,0.6435895352539633,1.1967302145480074
681,526,a8847f04ce4b65e8,Cardiomegaly,off,0.1153945489720236,1.0,0.2528776136239856,0.4007855315634997,0.8247334031512608
681,526,a8847f04ce4b65e8,Cardiomegaly,on,0.1153945489720236,1.0,0.3985830753311019,0.569974535621083,0.8226606982919712
682,530,71e5e13c90e27554,Cardiomegaly,off,0.1516600149116266,1.0,0.3947768866582247,0.5601847860600702,1.7468572022387587
682,530,71e5e13c90e27554,Cardiomegaly,on,0.1516600149116266,1.0,0.5917274023871055,0.7434990330098359,1.4563292724545591
683,531,608d260223d49da3,Cardiomegaly,off,0.1712790374691168,1.0,0.5069354969303654,0.6671773711926233,1.781591611526396
683,531,608d260223d49da3,Cardiomegaly,on,0.1712790374691168,1.0,0.6077039779778577,0.7559881568662797,1.4536585462958966
684,532,ee2e70dd281aedf8,Cardiomegaly,off,0.1566159378974606,1.0,0.3674649075122829,0.5347073569592735,1.2841730278866206
684,532,ee2e70dd281aedf8,Cardiomegaly,on,0.1566159378974606,1.0,0.452283467999871,0.6228566531813785,0.9168096058869306
685,533,95d1ebe0176d42c5,Cardiomegaly,off,0.1834763582493945,1.0,0.3300710422134981,0.4925250287408421,1.573248549355537
685,533,95d1ebe0176d42c5,Cardiomegaly,on,0.1834763582493945,1.0,0.4636520367634141,0.6335335778757789,1.1094939162752144
686,534,c33c367dac2cf404,Cardiomegaly,off,0.1493550477805554,1.0,0.3279190437576684,0.4888910535565687,1.759653690163936
686,534,c33c367dac2cf404,Cardiomegaly,on,0.1493550477805554,1.0,0.5452489404298282,0.7056913460745685,1.4968830447368469
687,536,241d1f811631bde9,Cardiomegaly,off,0.1672733652032805,1.0,0.4618059451813112,0.6262434860426322,1.6711198638824576
687,536,241d1f811631bde9,Cardiomegaly,on,0.1672733652032805,1.0,0.5748926360566797,0.7300717150709284,1.2990219235193838
688,538,9949a1b3294f1d69,Cardiomegaly,off,0.1479564736439435,1.0,0.3874082185267373,0.548478270966779,2.093770333256091
688,538,9949a1b3294f1d69,Cardiomegaly,on,0.1479564736439435,1.0,0.7048492074154382,0.8268586751487511,1.750696549790992
689,539,35e33ad272c6a698,Cardiomegaly,off,0.1527028541633164,1.0,0.280221501911006,0.4329929935716577,1.4162325292404931
689,539,35e33ad272c6a698,Cardiomegaly,on,0.1527028541633164,1.0,0.4684512720048759,0.638010995671977,0.9564457273177588
690,540,2547cf6ac257f1fb,Cardiomegaly,off,0.1479857121276357,1.0,0.2616476105683485,0.4114238106064743,0.9282736635775896
690,540,2547cf6ac257f1fb,Cardiomegaly,on,0.1479857121276357,1.0,0.3945251419460795,0.5658124652101602,0.7884587722028515
691,542,11b5f13c4f987989,Cardiomegaly,off,0.1659089026309762,1.0,0.3829703722425709,0.5474481288113628,1.233677083131524
691,542,11b5f13c4f987989,Cardiomegaly,on,0.1659089026309762,1.0,0.5239575651871984,0.6876250838978993,1.080540431165646
692,543,f6ca28625cd3db34,Cardiomegaly,off,0.1554512716303865,1.0,0.5021947423856427,0.6617158593702042,2.0978735290685147
692,543,f6ca28625cd3db34,Cardiomegaly,on,0.1554512716303865,1.0,0.6884881476675706,0.8155068063208702,1.7623040578697609
693,544,06cef2e1a825b8c0,Cardiomegaly,off,0.1412657339590368,1.0,0.3541782442726439,0.518048279526139,1.5226860943875915
693,544,06cef2e1a825b8c0,Cardiomegaly,on,0.1412657339590368,1.0,0.5053967454515376,0.6714357258137473,1.0592534848176882
694,548,2ec66809201014ac,Cardiomegaly,off,0.1117982154778786,1.0,0.2870450914594529,0.4404697828983696,0.6066753689222295
694,548,2ec66809201014ac,Cardiomegaly,on,0.1117982154778786,1.0,0.3806747727206325,0.5514249770471338,0.8429949853919081
695,550,4b73dc561cd967c1,Cardiomegaly,off,0.1689253395318918,1.0,0.2866051454456906,0.4442111132735561,1.0082485947354425
695,550,4b73dc561cd967c1,Cardiomegaly,on,0.1689253395318918,1.0,0.3258092078164024,0.4914855983360834,0.75342103365736
696,551,972349289dd76549,Cardiomegaly,off,0.1459974952365637,1.0,0.5290420177821344,0.6883107193015027,2.070903281836305
696,551,972349289dd76549,Cardiomegaly,on,0.1459974952365637,1.0,0.6220923312392387,0.7670233069523038,1.9893667742311816
697,556,7544b8fd9fae86bb,Cardiomegaly,off,0.1176800237806334,1.0,0.3796315380153229,0.5441641675740405,1.414916362805527
697,556,7544b8fd9fae86bb,Cardiomegaly,on,0.1176800237806334,1.0,0.5577947167602739,0.7161297386166504,1.2250372119076811
698,563,1c8da14e96dece38,Cardiomegaly,off,0.1655239292623617,1.0,0.2535258793583806,0.4001466352240935,0.8956030887047662
698,563,1c8da14e96dece38,Cardiomegaly,on,0.1655239292623617,1.0,0.3354259395072943,0.5023485142604969,0.707426151007951
699,564,5f920ed6737c40a1,Cardiomegaly,off,0.1362610801670492,1.0,0.3162771197869919,0.4769597516316839,1.3744209184037808
699,564,5f920ed6737c40a1,Cardiomegaly,on,0.1362610801670492,1.0,0.492433657067044,0.6599003817691041,1.077915577568127
700,575,214a8fe9f196e531,Cardiomegaly,off,0.1464409455725626,1.0,0.4640768650240623,0.6306937118358141,1.481182073128671
700,575,214a8fe9f196e531,Cardiomegaly,on,0.1464409455725626,1.0,0.5517844623999836,0.7111571277641506,1.203200174644513
701,576,2f0b25b0451b7721,Cardiomegaly,off,0.1654703253755927,1.0,0.3822423127731797,0.5530449972487735,1.3853860201080308
701,576,2f0b25b0451b7721,Cardiomegaly,on,0.1654703253755927,1.0,0.3884861315328061,0.5595822762544314,1.131126115689223
702,577,a3ec37f62a93ffbf,Cardiomegaly,off,0.1431564892378014,1.0,0.3982634654914253,0.565536236071236,1.6814281468566623
702,577,a3ec37f62a93ffbf,Cardiomegaly,on,0.1431564892378014,1.0,0.5882678523351934,0.7407646065332092,1.482012295358892
703,580,797c2f40115e9520,Cardiomegaly,off,0.1472888615996374,1.0,0.4179206236416456,0.5842231899759305,1.6053347078731308
703,580,797c2f40115e9520,Cardiomegaly,on,0.1472888615996374,1.0,0.5529813850273231,0.7121486396047702,1.3493201393409024
704,581,1dd35bdc701058b8,Cardiomegaly,off,0.1365534650039715,1.0,0.3858345353120517,0.5513914656663296,1.7742176745233438
704,581,1dd35bdc701058b8,Cardiomegaly,on,0.1365534650039715,1.0,0.6248582716338295,0.7691185276051051,1.4616592573697704
705,582,1721365ffc626d65,Cardiomegaly,off,0.1507390026753212,1.0,0.2478331310757161,0.3940071155974376,1.2407726606738527
705,582,1721365ffc626d65,Cardiomegaly,on,0.1507390026753212,1.0,0.4476250311201146,0.6184200064974066,0.9182824772145554
706,583,8e7589220df31a0d,Cardiomegaly,off,0.1245754328513856,1.0,0.2594524633031613,0.4093444318627061,0.7660786751013947
706,583,8e7589220df31a0d,Cardiomegaly,on,0.1245754328513856,1.0,0.3673370551648465,0.537298541229026,0.7553412464242324
707,585,af0c034956436e0a,Cardiomegaly,off,0.1491552514753251,1.0,0.3481469856082385,0.511823284151288,1.1931043859176191
707,585,af0c034956436e0a,Cardiomegaly,on,0.1491552514753251,1.0,0.4548289412899161,0.6252610509281118,0.9244849916330448
708,586,9b93318ddb7cd62b,Cardiomegaly,off,0.1610260758543728,1.0,0.2436252692112085,0.3871521506987452,1.1272905488380565
708,586,9b93318ddb7cd62b,Cardiomegaly,on,0.1610260758543728,1.0,0.3985942833401533,0.5699847886247713,0.8148403204867553
709,590,89f9b7849e46caa9,Cardiomegaly,off,0.1695783323343518,1.0,0.3980930482938907,0.5658270878423176,1.5736699986038765
709,590,89f9b7849e46caa9,Cardiomegaly,on,0.1695783323343518,1.0,0.4929949912730509,0.6604049164114799,1.0000123983821594
710,591,9386dc7a34a1e7dd,Cardiomegaly,off,0.1597639479749913,1.0,0.325449358262055,0.4876451808333994,1.4398581689457997
710,591,9386dc7a34a1e7dd,Cardiomegaly,on,0.1597639479749913,1.0,0.4652761957168286,0.6350630118402776,0.934259574280818
711,593,126026090474fbb9,Cardiomegaly,off,0.1383467586704286,1.0,0.3150024446907104,0.4783381804367445,0.8521036848461353
711,593,126026090474fbb9,Cardiomegaly,on,0.1383467586704286,1.0,0.3290152083417125,0.4951261197666299,0.7727859821482189
712,595,dcd8247a468ccb75,Cardiomegaly,off,0.1513627569940889,1.0,0.4024589190385007,0.5689799099702558,1.298188885582822
712,595,dcd8247a468ccb75,Cardiomegaly,on,0.1513627569940889,1.0,0.5173476666794221,0.6819104703103748,1.1490512432712274
713,596,7dbc96c71e7336c3,Cardiomegaly,off,0.1645395669780565,1.0,0.1569491689009332,0.2676311362233708,0.8080438739747516
713,596,7dbc96c71e7336c3,Cardiomegaly,on,0.1645395669780565,1.0,0.2667491002856605,0.4211304520326555,0.4818895442644017
714,598,b38df7a297c10dd5,Cardiomegaly,off,0.1380543738335063,1.0,0.3659749233006432,0.5294583965985001,1.3314372469157283
714,598,b38df7a297c10dd5,Cardiomegaly,on,0.1380543738335063,1.0,0.5305528813826396,0.6932811616926469,1.1468143610936192
715,599,07c65ac7e61ec610,Cardiomegaly,off,0.1553196984537715,1.0,0.3032090306919909,0.4624559573691561,0.9990196606851472
715,599,07c65ac7e61ec610,Cardiomegaly,on,0.1553196984537715,1.0,0.3669108066139268,0.5368453367703581,0.8063274078372036
716,600,79f54cb01230a30e,Cardiomegaly,off,0.154345082330697,1.0,0.3842332262518946,0.5501155610343179,1.5920488098437091
716,600,79f54cb01230a30e,Cardiomegaly,on,0.154345082330697,1.0,0.5192947414399299,0.6835903241781403,1.1776660907787972
717,601,cc33d850a281e99f,Cardiomegaly,off,0.1740323280168023,1.0,0.4275452495415982,0.5956252680144529,1.348586859902965
717,601,cc33d850a281e99f,Cardiomegaly,on,0.1740323280168023,1.0,0.4802654546075685,0.6488880370965106,0.9656272047547738
718,602,bedf19097d27d0ba,Cardiomegaly,off,0.1636721586285202,1.0,0.4350701474939328,0.6007692832960615,1.9217535773498997
718,602,bedf19097d27d0ba,Cardiomegaly,on,0.1636721586285202,1.0,0.6325695105543521,0.7749343988852986,1.442466267817261
719,605,0b84b77a60ffbb36,Cardiomegaly,off,0.1010481996403666,1.0,0.3155996332812365,0.4747003980451999,0.7780490969454948
719,605,0b84b77a60ffbb36,Cardiomegaly,on,0.1010481996403666,1.0,0.4891541103377886,0.6569459052885812,1.0364831660875844
720,607,cd9b8a1ed4c43573,Cardiomegaly,off,0.1355739758002816,1.0,0.2885969324281308,0.4450703976542028,1.344295638899441
720,607,cd9b8a1ed4c43573,Cardiomegaly,on,0.1355739758002816,1.0,0.426389093229062,0.5978536648740229,1.1348718298576432
721,609,0f372aae9c5752a3,Cardiomegaly,off,0.1682333620845089,1.0,0.4667241635503954,0.6245569869201255,2.170473053306498
721,609,0f372aae9c5752a3,Cardiomegaly,on,0.1682333620845089,1.0,0.7114653345456924,0.8314051816063064,1.7784794159747823
722,617,0bb24a56c2670768,Cardiomegaly,off,0.1263687265178427,1.0,0.3734992101092481,0.538950363604201,1.3802062108109596
722,617,0bb24a56c2670768,Cardiomegaly,on,0.1263687265178427,1.0,0.5009571335447625,0.6675125397806281,1.1412682356770292
723,619,f6ce4753c7645ea2,Cardiomegaly,off,0.141163399266114,1.0,0.3219619979545963,0.4823503809485425,1.5345714506420174
723,619,f6ce4753c7645ea2,Cardiomegaly,on,0.141163399266114,1.0,0.5183760811806645,0.6827960679444661,1.085726054166505
724,620,bf9fef80db09bc13,Cardiomegaly,off,0.1754503944758758,1.0,0.4574585963837709,0.6241091005426207,1.5774131271732956
724,620,bf9fef80db09bc13,Cardiomegaly,on,0.1754503944758758,1.0,0.5453453458118143,0.7057878252998584,1.2263910815340116
725,625,54b1d80e19cdd92e,Cardiomegaly,off,0.1560896451910003,1.0,0.2882444043744204,0.4441451964777908,0.81552571320834
725,625,54b1d80e19cdd92e,Cardiomegaly,on,0.1560896451910003,1.0,0.368929099743689,0.5390030407652449,0.7667850051600873
726,626,61dae602d0b69f43,Cardiomegaly,off,0.1559580720143853,1.0,0.2940828244570367,0.4503194238938824,1.1448414661580804
726,626,61dae602d0b69f43,Cardiomegaly,on,0.1559580720143853,1.0,0.4314039296687251,0.6027666865815634,0.8712674173654866
727,627,9d878e929646cca4,Cardiomegaly,off,0.1574297423602278,1.0,0.3849863247680186,0.5520156689893276,1.6444946101544478
727,627,9d878e929646cca4,Cardiomegaly,on,0.1574297423602278,1.0,0.5186895347409609,0.6830709824653647,1.1707598059824127
728,628,79d33f7627032c13,Cardiomegaly,off,0.1523861039233172,1.0,0.3191998130244631,0.4799691496041009,1.3105395399316864
728,628,79d33f7627032c13,Cardiomegaly,on,0.1523861039233172,1.0,0.4776975513965927,0.6465388223991944,0.9647749922648288
729,629,ab728b61f30384c1,Cardiomegaly,off,0.1493453016193247,1.0,0.347331548690685,0.5117201610226642,1.5935448345357677
729,629,ab728b61f30384c1,Cardiomegaly,on,0.1493453016193247,1.0,0.5168033581516135,0.6814360676650979,1.3093664595343413
730,630,905c8db3c75a119a,Cardiomegaly,off,0.1434440009941084,1.0,0.3234555280051251,0.4853427275674201,1.5510342599015867
730,630,905c8db3c75a119a,Cardiomegaly,on,0.1434440009941084,1.0,0.5238374541439861,0.6875190974035446,1.1127598058963009
731,631,e2845c008a174e95,Cardiomegaly,off,0.12528690262123,1.0,0.3702854097547123,0.5344860140901833,1.5152971198953702
731,631,e2845c008a174e95,Cardiomegaly,on,0.12528690262123,1.0,0.6075386220423233,0.7558615365616979,1.445222751948732
732,632,ee1610fae5db6897,Cardiomegaly,off,0.1398476674999634,1.0,0.4235339268409359,0.5909387427376711,1.4776554428011517
732,632,ee1610fae5db6897,Cardiomegaly,on,0.1398476674999634,1.0,0.4889197322762484,0.6567430031667654,1.28470744762625
733,635,61884254369ca7b6,Cardiomegaly,off,0.1579316696636112,1.0,0.2684026932865844,0.4219643542992657,1.0838620278228388
733,635,61884254369ca7b6,Cardiomegaly,on,0.1579316696636112,1.0,0.3305769535035257,0.49688896072806,0.6814006813805152
734,638,e36010bbb7371368,Cardiomegaly,off,0.1473132270027143,1.0,0.3284414797244741,0.4900144302640268,1.3957232691002304
734,638,e36010bbb7371368,Cardiomegaly,on,0.1473132270027143,1.0,0.4246648337197197,0.5961491707458191,0.8733358357478916
735,639,6edd6abbc9ad1532,Cardiomegaly,off,0.1575905540205351,1.0,0.3735502989005401,0.5386669159994082,1.343797993841802
735,639,6edd6abbc9ad1532,Cardiomegaly,on,0.1575905540205351,1.0,0.489357619101004,0.6571327978043591,0.9971232394240332
736,640,d1e93953200c1186,Cardiomegaly,off,0.1491601245559405,1.0,0.2827428779264266,0.4366184040870238,1.4129674321367254
736,640,d1e93953200c1186,Cardiomegaly,on,0.1491601245559405,1.0,0.4326707164421587,0.6039971599243903,0.875831352852373
737,641,294947320c2cca4a,Cardiomegaly,off,0.1477323119356363,1.0,0.3221118753509264,0.4814456157347688,1.5643464799145046
737,641,294947320c2cca4a,Cardiomegaly,on,0.1477323119356363,1.0,0.5215679393599102,0.6855524573971363,1.1029864774984095
738,649,163c8088c230cf46,Cardiomegaly,off,0.1400279714827322,1.0,0.3234925221315139,0.4843536003050796,1.56975469917862
738,649,163c8088c230cf46,Cardiomegaly,on,0.1400279714827322,1.0,0.5606188712346765,0.7184539274144669,1.2134087037354735
739,652,8178baafc2b7ba5b,Cardiomegaly,off,0.1533071161596226,1.0,0.3572051067144858,0.5230627848140693,1.4309213724083112
739,652,8178baafc2b7ba5b,Cardiomegaly,on,0.1533071161596226,1.0,0.449707080054705,0.620410872254449,1.0685511913704346
740,658,02bb8bdaddf67809,Cardiomegaly,off,0.1344970249842843,1.0,0.2613410224546188,0.4087494734623835,1.3115711445087894
740,658,02bb8bdaddf67809,Cardiomegaly,on,0.1344970249842843,1.0,0.5024724150801521,0.6688323970036236,1.0854611647773278
741,659,3f4eb9d75742b598,Cardiomegaly,off,0.1336880936021324,0.0,0.0138690810650882,0.0264370056317437,-0.1076343110970528
741,659,3f4eb9d75742b598,Cardiomegaly,on,0.1336880936021324,0.0,0.0001248009329263,0.0002495590856335,-0.482133621182909
742,660,ad0a56ab2e391d06,Cardiomegaly,off,0.1614841454322179,1.0,0.3924579279239837,0.5586665021587511,1.6314369658634251
742,660,ad0a56ab2e391d06,Cardiomegaly,on,0.1614841454322179,1.0,0.5300714857231185,0.6928645555062588,1.134644151269146
743,661,2c70900c590d74ad,Cardiomegaly,off,0.1196292560267824,1.0,0.2696682746709546,0.4181828169541145,1.176395482342247
743,661,2c70900c590d74ad,Cardiomegaly,on,0.1196292560267824,1.0,0.4721225665495615,0.6413930716133575,1.0150360069867217
744,668,a207cabae49761bc,Cardiomegaly,off,0.133093577767057,1.0,0.3377427017761132,0.4996374416678682,1.58032901150852
744,668,a207cabae49761bc,Cardiomegaly,on,0.133093577767057,1.0,0.5384341677196443,0.6999713810791824,1.2213215144659262
745,670,31a5332679fdc782,Cardiomegaly,off,0.1989045314776642,1.0,0.4673704646815218,0.635179852888816,1.4343493500804123
745,670,31a5332679fdc782,Cardiomegaly,on,0.1989045314776642,1.0,0.4619416577199945,0.6319526215224813,0.8792878974524253
746,671,ca6773a837562f0d,Cardiomegaly,off,0.1990117392512024,1.0,0.3787898171273063,0.5485995801291567,1.085968931222292
746,671,ca6773a837562f0d,Cardiomegaly,on,0.1990117392512024,1.0,0.3927021074017979,0.5639413729911534,0.7176863700679592
747,673,a0d4ee8de8d31823,Cardiomegaly,off,0.1408222836230379,1.0,0.3470071945069054,0.5080530253601825,1.4788219476385742
747,673,a0d4ee8de8d31823,Cardiomegaly,on,0.1408222836230379,1.0,0.4836802811897879,0.6519910534973888,1.0051821836931338
748,674,d00e08c821daddb2,Cardiomegaly,off,0.1402813716747316,1.0,0.3024891213013343,0.4611712127979248,1.4121134077240214
748,674,d00e08c821daddb2,Cardiomegaly,on,0.1402813716747316,1.0,0.4839617433722741,0.6522492548822721,1.0293285500394906
749,677,d31e90e1677b0e8a,Cardiomegaly,off,0.1360076799750498,1.0,0.4226708703197239,0.5910870782113709,1.6537417010081683
749,677,d31e90e1677b0e8a,Cardiomegaly,on,0.1360076799750498,1.0,0.5643067979164544,0.7214761956160413,1.3607752705289944
750,679,dc533c92faa848e7,Cardiomegaly,off,0.1496181941337855,1.0,0.4764580974881512,0.6362019255493324,2.2923233523987268
750,679,dc533c92faa848e7,Cardiomegaly,on,0.1496181941337855,1.0,0.7456661848854736,0.8543052326526157,2.231006596953619
751,684,4d19a321fce81a88,Cardiomegaly,off,0.1262468995024584,1.0,0.4435334618875722,0.6106200602224838,1.4596020513155157
751,684,4d19a321fce81a88,Cardiomegaly,on,0.1262468995024584,1.0,0.5647047979776278,0.7218034160979614,1.4004817242123968
752,688,c5e74a9e6d9866c6,Cardiomegaly,off,0.1369238191307399,1.0,0.2940574988798415,0.45126959663906,1.1599127652355106
752,688,c5e74a9e6d9866c6,Cardiomegaly,on,0.1369238191307399,1.0,0.4569866848346502,0.6272982663238,0.93130544915822
753,689,ed4399b895f782c8,Cardiomegaly,off,0.139175182375042,1.0,0.2614017789835106,0.4103740170798812,0.8855499601984032
753,689,ed4399b895f782c8,Cardiomegaly,on,0.139175182375042,1.0,0.4114457979909562,0.5830045680345919,0.8356409035196092
754,691,52e293f3160d0ffe,Cardiomegaly,off,0.1254915720070757,1.0,0.3291987104352349,0.4920122422409805,1.167514545913102
754,691,52e293f3160d0ffe,Cardiomegaly,on,0.1254915720070757,1.0,0.3928339491147404,0.5640756783792178,1.0155593428889658
755,699,2269b34cd39dc1cb,Cardiomegaly,off,0.1608360257103733,1.0,0.3947162243227308,0.5593859158092759,1.7498617632147568
755,699,2269b34cd39dc1cb,Cardiomegaly,on,0.1608360257103733,1.0,0.5703841881711414,0.7264147746671921,1.2369950968872498
756,705,4eabc937d96b0ffd,Cardiomegaly,off,0.1415191341510362,1.0,0.432395561135237,0.5984759144604463,1.4722674485535836
756,705,4eabc937d96b0ffd,Cardiomegaly,on,0.1415191341510362,1.0,0.5374389344311031,0.6991321586750938,1.1534923285758234
757,706,b96969823d73a7bc,Cardiomegaly,off,0.14843403554425,1.0,0.4094420830967788,0.5713206073383732,1.345066673292401
757,706,b96969823d73a7bc,Cardiomegaly,on,0.14843403554425,1.0,0.5470707640514686,0.7072251264051387,1.1687803635358405
758,710,af5dde2eb6b9742a,Cardiomegaly,off,0.1593546092033,1.0,0.3868294863547055,0.545824768177957,1.8120862885994675
758,710,af5dde2eb6b9742a,Cardiomegaly,on,0.1593546092033,1.0,0.6186712587813707,0.7644022942047642,1.3751377616767222
759,711,b3da9d0303cf2c8f,Cardiomegaly,off,0.1238054861141567,1.0,0.4504393707903705,0.6191747849925596,1.6299517267326713
759,711,b3da9d0303cf2c8f,Cardiomegaly,on,0.1238054861141567,1.0,0.4631818509601363,0.6331132143022601,1.60182106429368
760,712,48aff0553b673b8b,Cardiomegaly,off,0.1214664074187779,1.0,0.4930103128412842,0.6524783554594203,1.9115859452321875
760,712,48aff0553b673b8b,Cardiomegaly,on,0.1214664074187779,1.0,0.6751646992232139,0.8060871411710393,1.8929100062330533
761,714,b2fdc492ae0123c6,Cardiomegaly,off,0.1269876077559951,1.0,0.5703908085586209,0.7255117224314431,1.9434123342695315
761,714,b2fdc492ae0123c6,Cardiomegaly,on,0.1269876077559951,1.0,0.5428320199676946,0.703678964718993,1.7876039980643448
762,715,af6cd7b956adeb19,Cardiomegaly,off,0.139633251952887,1.0,0.3533197332197382,0.5213328896159062,1.0280338498628356
762,715,af6cd7b956adeb19,Cardiomegaly,on,0.139633251952887,1.0,0.3966966210047474,0.5680497863948952,0.8945804932635644
763,716,d71ce8514eaeb2a3,Cardiomegaly,off,0.1443455209079523,1.0,0.3906655071241846,0.5592948069228728,1.4373922925145983
763,716,d71ce8514eaeb2a3,Cardiomegaly,on,0.1443455209079523,1.0,0.4663289722015588,0.6360492060250518,1.2272865904882284
764,717,202e12d7ebba3624,Cardiomegaly,off,0.1594423246543767,1.0,0.2574870755079309,0.4070010121122444,0.6981020270942534
764,717,202e12d7ebba3624,Cardiomegaly,on,0.1594423246543767,1.0,0.3223959365613724,0.4875894196795354,0.5876077515614533
765,718,1d2fbbe6e22826c5,Cardiomegaly,off,0.1863173642481567,1.0,0.2514995452011946,0.3974399843424286,0.834752820738295
765,718,1d2fbbe6e22826c5,Cardiomegaly,on,0.1863173642481567,1.0,0.3420438600791812,0.5097347282458135,0.6023089913390468
766,719,409ee47d21baa5db,Cardiomegaly,off,0.1239468054520026,1.0,0.4315700414700352,0.5988066166519453,1.5333538890418577
766,719,409ee47d21baa5db,Cardiomegaly,on,0.1239468054520026,1.0,0.5041633090031323,0.6703487238828225,1.2782310225165974
767,720,5f71da4bbf80cb20,Cardiomegaly,off,0.1369433114532013,1.0,0.2820844395673572,0.4373429597294351,1.2517941945549844
767,720,5f71da4bbf80cb20,Cardiomegaly,on,0.1369433114532013,1.0,0.4157782873070563,0.5873433821475337,0.9103619051485846
768,722,ad9c9cb07f6f78c8,Cardiomegaly,off,0.1528149350174699,1.0,0.3663436351848329,0.532290191052254,1.3450859446848005
768,722,ad9c9cb07f6f78c8,Cardiomegaly,on,0.1528149350174699,1.0,0.4962526463850173,0.6633256015819141,1.0223160331668344
769,724,59fa68de64ffaa7d,Cardiomegaly,off,0.1996842243761238,1.0,0.3527013043312076,0.5180975161493383,1.4083628255827123
769,724,59fa68de64ffaa7d,Cardiomegaly,on,0.1996842243761238,1.0,0.4128576998486754,0.5844254137958241,0.8573659528323508
770,727,73b7a98fb207af59,Cardiomegaly,off,0.1237080245018493,1.0,0.4162230555666254,0.581765355934201,1.725878584019036
770,727,73b7a98fb207af59,Cardiomegaly,on,0.1237080245018493,1.0,0.6415635899709808,0.7816431160102926,1.4865399637119754
771,728,e0858f869fb1d358,Cardiomegaly,off,0.142196492356573,1.0,0.3368470629063488,0.5002330912516504,1.6488957363926111
771,728,e0858f869fb1d358,Cardiomegaly,on,0.142196492356573,1.0,0.532896911223164,0.695275641434159,1.313202628749886
772,729,3502d707ba4a3a3f,Cardiomegaly,off,0.1347747905793605,1.0,0.3177422714512636,0.4788704123385424,1.2991249587706444
772,729,3502d707ba4a3a3f,Cardiomegaly,on,0.1347747905793605,1.0,0.4899142139473046,0.6576348566186097,1.073969218366979
773,733,f6fbdade42ecdb95,Cardiomegaly,off,0.1163496727726366,1.0,0.3486264352514882,0.5143018064930922,0.8282269964564993
773,733,f6fbdade42ecdb95,Cardiomegaly,on,0.1163496727726366,1.0,0.4198823927817381,0.5914313140525149,0.8961241474862551
774,734,4e8cc590986cc131,Cardiomegaly,off,0.1339756053584394,1.0,0.2383049550538533,0.3825790854787795,1.056614693077615
774,734,4e8cc590986cc131,Cardiomegaly,on,0.1339756053584394,1.0,0.3895582665969844,0.5606909270280737,0.7959114196700214
775,735,1fd96564896ac64e,Cardiomegaly,off,0.1479613467245588,1.0,0.4666092807053118,0.630686157090419,2.0112463377983416
775,735,1fd96564896ac64e,Cardiomegaly,on,0.1479613467245588,1.0,0.6458477633537821,0.7848135873020841,1.525006111708349
776,736,9132311b5a5760bd,Cardiomegaly,off,0.1929739923687557,0.0,0.2726784015664418,0.4279304255165717,0.7900546248203884
776,736,9132311b5a5760bd,Cardiomegaly,on,0.1929739923687557,0.0,0.2795312066894339,0.4369263764202002,0.5007102383538988
777,739,f282b543a98a6adf,Cardiomegaly,off,0.1599247596352986,1.0,0.5178270457771863,0.6816685154382818,1.724861901752152
777,739,f282b543a98a6adf,Cardiomegaly,on,0.1599247596352986,1.0,0.5491615732509084,0.7089790674964426,1.4047052401832605
778,740,6a0cf8217cd19547,Cardiomegaly,off,0.1865025413115409,0.0,0.2486298909781582,0.3963402954170866,0.6882082598624374
778,740,6a0cf8217cd19547,Cardiomegaly,on,0.1865025413115409,0.0,0.2647308943449096,0.4186319098823799,0.3979473830065766
779,742,a6f2173b3167c667,Cardiomegaly,off,0.1656360101165153,1.0,0.2661853111327575,0.4197634690428155,0.8097350736082376
779,742,a6f2173b3167c667,Cardiomegaly,on,0.1656360101165153,1.0,0.2879614950172725,0.4471576503564108,0.5718762002981246
780,743,77833736695e8699,Cardiomegaly,off,0.1529172697103928,1.0,0.4775384948286356,0.6412517403421665,1.8537536849681413
780,743,77833736695e8699,Cardiomegaly,on,0.1529172697103928,1.0,0.5876649635915261,0.7402794703628073,1.3351406325016657
781,745,ea67363fc3eed456,Cardiomegaly,off,0.152985492839008,1.0,0.3319306906711187,0.494124648321672,1.3727174133372888
781,745,ea67363fc3eed456,Cardiomegaly,on,0.152985492839008,1.0,0.4850624632855148,0.6532500649675759,0.9858700734830648
782,749,11663b0653bdfaec,Cardiomegaly,off,0.1235715782446189,1.0,0.2766396169626992,0.4304119294494815,1.200394049432549
782,749,11663b0653bdfaec,Cardiomegaly,on,0.1235715782446189,1.0,0.3988998348729964,0.570296881144583,0.9141177745274656
783,750,bb5184c8cffa9ed9,Cardiomegaly,off,0.1572250729743822,1.0,0.2577445374563964,0.4078150738502438,0.9628834233656492
783,750,bb5184c8cffa9ed9,Cardiomegaly,on,0.1572250729743822,1.0,0.3655560828745902,0.5353919814060883,0.696453463985202
784,751,543a5528c87b2f5d,Cardiomegaly,off,0.1625513500869845,1.0,0.4058826932389993,0.5728107830377196,1.7775781818843492
784,751,543a5528c87b2f5d,Cardiomegaly,on,0.1625513500869845,1.0,0.560419357583327,0.7182858305005797,1.1926803988583858
785,755,691b6a598d35f408,Cardiomegaly,off,0.1499788020993231,1.0,0.3593478009932099,0.5277672280552521,0.8578586161840441
785,755,691b6a598d35f408,Cardiomegaly,on,0.1499788020993231,1.0,0.3341444923783135,0.5008938996306691,0.6812128499612711
786,756,3cb452eb0c7eb696,Cardiomegaly,off,0.1124658275221847,1.0,0.2753668867760833,0.4289501302384886,0.9033546522644044
786,756,3cb452eb0c7eb696,Cardiomegaly,on,0.1124658275221847,1.0,0.3858046475947464,0.5567902042476346,0.8082334715829302
787,758,5655c391e89d0398,Cardiomegaly,off,0.1721659381411146,1.0,0.4425537981377582,0.6066607891409062,1.7277548732739616
787,758,5655c391e89d0398,Cardiomegaly,on,0.1721659381411146,1.0,0.5794017014958982,0.7336950357137528,1.2867665986928174
788,760,3e070b1789cb8517,Cardiomegaly,off,0.1011797728169817,1.0,0.3407404058969245,0.5058317079644309,1.1476215005869808
788,760,3e070b1789cb8517,Cardiomegaly,on,0.1011797728169817,1.0,0.4369439275977608,0.6081549733899211,1.0555999398516185
789,761,df171907ed8ead8a,Cardiomegaly,off,0.1142834865917186,1.0,0.2958713807438314,0.4516267852721757,1.4283870451294407
789,761,df171907ed8ead8a,Cardiomegaly,on,0.1142834865917186,1.0,0.4686081360633423,0.6381466843009486,1.0356841445818354
790,764,b734b7047b19bcde,Cardiomegaly,off,0.1562991876574614,1.0,0.3883188048825212,0.552716692779027,1.3916310199878292
790,764,b734b7047b19bcde,Cardiomegaly,on,0.1562991876574614,1.0,0.5439192888729107,0.704590641969409,1.1283130708901452
791,765,2354bf39abc9bf7e,Cardiomegaly,off,0.1444478556008752,1.0,0.3330215705285936,0.4988647557102558,1.271463191128059
791,765,2354bf39abc9bf7e,Cardiomegaly,on,0.1444478556008752,1.0,0.3509589360017927,0.5195694311996065,0.958659316479159
792,766,1a3deff1a73dec78,Cardiomegaly,off,0.1689155933706611,1.0,0.4858112317556016,0.6413418191921678,2.123878857072177
792,766,1a3deff1a73dec78,Cardiomegaly,on,0.1689155933706611,1.0,0.6889293592625598,0.8158176242135771,2.010477906110811
793,768,afce7d9041b66379,Cardiomegaly,off,0.161498764674064,1.0,0.4507844217964318,0.6141295244895895,1.9776520907658608
793,768,afce7d9041b66379,Cardiomegaly,on,0.161498764674064,1.0,0.5890687975852278,0.7414012432947155,1.6778622444209856
794,770,8f741cc6579b8f35,Cardiomegaly,off,0.1387609705227353,1.0,0.3233797143218541,0.4853843441856725,1.326027122449563
794,770,8f741cc6579b8f35,Cardiomegaly,on,0.1387609705227353,1.0,0.4696783211361609,0.6391519993454683,0.9792209447980228
795,777,be62e3e05fdebc7e,Cardiomegaly,off,0.1309299299738315,1.0,0.3203663502875108,0.4821683390981029,1.463575457346525
795,777,be62e3e05fdebc7e,Cardiomegaly,on,0.1309299299738315,1.0,0.4935676342618446,0.6609172794435978,1.1478680775480632
796,778,d03e8bd32d72f609,Cardiomegaly,off,0.1686914316623539,1.0,0.3662389197735045,0.5319816061501613,1.326921840005923
796,778,d03e8bd32d72f609,Cardiomegaly,on,0.1686914316623539,1.0,0.4426817867810224,0.6136850488215291,0.8942058767872376
797,779,3fa3bb780ed1fbf1,Cardiomegaly,off,0.1174217505080186,1.0,0.4819110650075769,0.645472204492315,1.6054382024594935
797,779,3fa3bb780ed1fbf1,Cardiomegaly,on,0.1174217505080186,1.0,0.5766055735348232,0.7314435955577198,1.432634759276422
798,780,0b9c82f78ec906ae,Cardiomegaly,off,0.1320409923541365,1.0,0.2472528906846345,0.3931220430544547,0.9545833247497012
798,780,0b9c82f78ec906ae,Cardiomegaly,on,0.1320409923541365,1.0,0.407446652051023,0.5789804609125807,0.8477121793973248
799,782,c5e022e3bbb4d365,Cardiomegaly,off,0.1151898795861779,1.0,0.3514106758099523,0.5158102437431575,1.3442761315653415
799,782,c5e022e3bbb4d365,Cardiomegaly,on,0.1151898795861779,1.0,0.5404336286042717,0.7016641785446035,1.397584801001699
800,783,78d867a67581bec6,Cardiomegaly,off,0.1006778455135983,1.0,0.4234733328094701,0.5909298165483399,1.166372363675462
800,783,78d867a67581bec6,Cardiomegaly,on,0.1006778455135983,1.0,0.5475334302449372,0.707620723048336,1.335915991240852
801,788,02cd8956d2df2ded,Cardiomegaly,off,0.14562226802918,1.0,0.3523208945752155,0.5159223821594179,1.3690678995149332
801,788,02cd8956d2df2ded,Cardiomegaly,on,0.14562226802918,1.0,0.5213228693213817,0.685351281365265,1.0932193893774629
802,790,9f3e1706f653df37,Cardiomegaly,off,0.1360320453781267,1.0,0.204412004800128,0.3373268338604591,0.7597345272396799
802,790,9f3e1706f653df37,Cardiomegaly,on,0.1360320453781267,1.0,0.3358455146840323,0.5028171198687376,0.6760005682430051
803,792,9a54c509e24476a8,Cardiomegaly,off,0.1568352265251524,1.0,0.2820882676774066,0.4383179697501096,0.8481116784259185
803,792,9a54c509e24476a8,Cardiomegaly,on,0.1568352265251524,1.0,0.3598268450343814,0.5292236591925187,0.6851621668908903
804,793,b9598d90ce357368,Cardiomegaly,off,0.1244243673523091,1.0,0.2500145751734927,0.397021255782263,1.0132356071088549
804,793,b9598d90ce357368,Cardiomegaly,on,0.1244243673523091,1.0,0.4420479260536645,0.6130794742002939,0.9235548497388618
805,796,4ae0fac5d7de98ea,Cardiomegaly,off,0.125574414377537,1.0,0.2855164716189592,0.4409048743533534,1.228313562666321
805,796,4ae0fac5d7de98ea,Cardiomegaly,on,0.125574414377537,1.0,0.4572750517618779,0.6275724964475997,1.0109060723828227
806,800,a547abae9d91e112,Cardiomegaly,off,0.1375524465301229,1.0,0.2289842046616263,0.3704940785313181,1.0017853123501468
806,800,a547abae9d91e112,Cardiomegaly,on,0.1375524465301229,1.0,0.3707316130521229,0.5409207244713942,0.730940328362935
807,804,fa6ff87391ab6d7e,Cardiomegaly,off,0.163486981565136,1.0,0.2993094948151879,0.4604727972100642,0.6558236459188487
807,804,fa6ff87391ab6d7e,Cardiomegaly,on,0.163486981565136,1.0,0.3165450664010038,0.4808717607538854,0.6625588510160495
808,807,a2535a6d389ba3d8,Cardiomegaly,off,0.1624733807971385,1.0,0.3093314634899259,0.4700828389382573,1.029078451519655
808,807,a2535a6d389ba3d8,Cardiomegaly,on,0.1624733807971385,1.0,0.4024469355296757,0.573917857022108,0.7712322540371709
809,810,8336bd50aae30562,Cardiomegaly,off,0.1569131958149983,1.0,0.2655991007374256,0.4158272423294407,0.884555130767567
809,810,8336bd50aae30562,Cardiomegaly,on,0.1569131958149983,1.0,0.343190390777209,0.5110048482759137,0.6432083562594192
810,811,83929c209e10fe91,Cardiomegaly,off,0.167541384637126,1.0,0.3509947128711533,0.5162827664819484,1.3119128373189006
810,811,83929c209e10fe91,Cardiomegaly,on,0.167541384637126,1.0,0.4572263491573384,0.6275278629610492,0.8996546370321017
811,812,382d4e4bdf4cf814,Cardiomegaly,off,0.1406176142371923,1.0,0.3676412749242222,0.5320256101857235,1.7716804213126929
811,812,382d4e4bdf4cf814,Cardiomegaly,on,0.1406176142371923,1.0,0.6108729160586093,0.7584287644811074,1.370798200855919
812,814,7e9eb887c924271c,Cardiomegaly,off,0.1595495324279149,1.0,0.5352580357693165,0.6898931309563144,1.7262348772680027
812,814,7e9eb887c924271c,Cardiomegaly,on,0.1595495324279149,1.0,0.6086655558350136,0.7567203956099723,1.5141068775512456
813,816,c58d55daf5dba616,Cardiomegaly,off,0.1505050948057833,1.0,0.3774391725162762,0.5445098582828015,1.4438510917573375
813,816,c58d55daf5dba616,Cardiomegaly,on,0.1505050948057833,1.0,0.4983221565677185,0.6651675454093702,1.1233638746963297
814,820,70be5c0926d117d0,Cardiomegaly,off,0.1383077740255057,1.0,0.4543757016273513,0.6234948439284965,1.5038040396433658
814,820,70be5c0926d117d0,Cardiomegaly,on,0.1383077740255057,1.0,0.5164144315437198,0.6810978857148815,1.1359783796237262
815,823,89dc7150e980b6c2,Cardiomegaly,off,0.1475471348722521,1.0,0.3679292533376853,0.5331208170497101,1.7696399779220675
815,823,89dc7150e980b6c2,Cardiomegaly,on,0.1475471348722521,1.0,0.5727798336448815,0.7283575506099225,1.3265172671621135
816,826,0d8c82ab3e34e6da,Cardiomegaly,off,0.1120467425892626,1.0,0.2630448168696969,0.4146234030537544,0.995871581108708
816,826,0d8c82ab3e34e6da,Cardiomegaly,on,0.1120467425892626,1.0,0.3679016857895048,0.5379064128525387,0.8792469690026603
817,827,01596ecd36248645,Cardiomegaly,off,0.1770682572401795,1.0,0.4385981533605183,0.6076779288190849,1.5811969631733924
817,827,01596ecd36248645,Cardiomegaly,on,0.1770682572401795,1.0,0.4770724958021812,0.6459660278873847,1.1366985012156716
818,830,96f1e5974eaababc,Cardiomegaly,off,0.1554561447110019,1.0,0.4369397348331948,0.6046225523385704,1.7147156547184637
818,830,96f1e5974eaababc,Cardiomegaly,on,0.1554561447110019,1.0,0.5604536652824781,0.7183191269075342,1.3684184648875732
819,832,feec175e3b538d67,Cardiomegaly,off,0.1454175986433343,1.0,0.4912248968516565,0.6549373010063486,1.9796042776195848
819,832,feec175e3b538d67,Cardiomegaly,on,0.1454175986433343,1.0,0.6149041265410014,0.7615350370482956,1.8413730683493312
820,840,46c43c8bc8c1789b,Cardiomegaly,off,0.145870795140564,1.0,0.34590460632006,0.5125188154728895,0.9472044018064076
820,840,46c43c8bc8c1789b,Cardiomegaly,on,0.145870795140564,1.0,0.3792449565651033,0.5499310746081736,0.8839257347011047
821,842,4a4dcb2d177bc16c,Cardiomegaly,off,0.1232743203270811,1.0,0.3780821311004508,0.5448450503216906,1.4241590669026114
821,842,4a4dcb2d177bc16c,Cardiomegaly,on,0.1232743203270811,1.0,0.5451019321895002,0.7055869929049665,1.433921165318763
822,844,8d4712d393305819,Cardiomegaly,off,0.1295703404821426,0.0,0.0106474234710254,0.0205875693699419,0.068260025192322
822,844,8d4712d393305819,Cardiomegaly,on,0.1295703404821426,0.0,0.0719681242438328,0.1342606785660323,0.0451507298100049
823,848,b3ed864778631c15,Cardiomegaly,off,0.1267195883221496,1.0,0.5064954602432763,0.6670108950836529,2.1398399713989718
823,848,b3ed864778631c15,Cardiomegaly,on,0.1267195883221496,1.0,0.669396135906076,0.8019619762028001,2.367613315279606
824,853,7d49e3c835f3dce2,Cardiomegaly,off,0.1414801495061133,1.0,0.3357487874469888,0.4997090101128938,1.4613847334350587
824,853,7d49e3c835f3dce2,Cardiomegaly,on,0.1414801495061133,1.0,0.4403268641841149,0.6114228823545572,1.1049296298320028
825,854,be1d74fe78ab76db,Cardiomegaly,off,0.1869313724056937,1.0,0.4203309132236392,0.5899734080021667,1.217998128917868
825,854,be1d74fe78ab76db,Cardiomegaly,on,0.1869313724056937,1.0,0.4149876522976632,0.5865534990940049,0.801015576577528
826,855,fc0ea0e1d633a70d,Cardiomegaly,off,0.1453639947565652,1.0,0.2311042070815071,0.3725523407979965,0.9668234315747564
826,855,fc0ea0e1d633a70d,Cardiomegaly,on,0.1453639947565652,1.0,0.3257274588912989,0.4913901726245776,0.6252856736353619
827,856,af41dee539933b93,Cardiomegaly,off,0.1489895667344025,1.0,0.4101800198682553,0.5785543473700947,1.8140586519873223
827,856,af41dee539933b93,Cardiomegaly,on,0.1489895667344025,1.0,0.540660678991988,0.7018549941217642,1.4579589218956228
828,857,15a4cc8a11450d48,Cardiomegaly,off,0.1386878743135047,1.0,0.375486426706609,0.5419779166328161,1.2560109883487307
828,857,15a4cc8a11450d48,Cardiomegaly,on,0.1386878743135047,1.0,0.4778140867673287,0.6466496132881725,1.141104608201118
829,861,ae403474c3ce1cca,Cardiomegaly,off,0.1357006758962813,1.0,0.2506637093793057,0.396527088831722,1.0079881505993251
829,861,ae403474c3ce1cca,Cardiomegaly,on,0.1357006758962813,1.0,0.4423504042026914,0.613367043461652,0.9172125837807364
830,863,9c6a1811fb76fa29,Cardiomegaly,off,0.1400084791602707,1.0,0.4947973642961977,0.6512487021868945,1.694676779240042
830,863,9c6a1811fb76fa29,Cardiomegaly,on,0.1400084791602707,1.0,0.6374258629971452,0.778561826355799,1.4658129148361327
831,878,4e3b0c42eb0f4304,Cardiomegaly,off,0.1613087145300644,1.0,0.2471840550452437,0.3885134231705517,1.271485259053959
831,878,4e3b0c42eb0f4304,Cardiomegaly,on,0.1613087145300644,1.0,0.4801713388755388,0.6488038035195167,0.9801777745311506
832,879,a0aa3991a0bb3e5b,Cardiomegaly,off,0.1670150919306658,1.0,0.3257579877295721,0.4896406424513664,0.7943000414713252
832,879,a0aa3991a0bb3e5b,Cardiomegaly,on,0.1670150919306658,1.0,0.3825420589254907,0.5533876025105349,0.7130398656334339
833,880,96a6632d91702e06,Cardiomegaly,off,0.1612307452402185,0.0,0.1486608638223303,0.251386568731182,0.7161554499754718
833,880,96a6632d91702e06,Cardiomegaly,on,0.1612307452402185,0.0,0.2201160206878175,0.3608009961130597,0.382194789974621
834,887,7eb0d17af8e0d642,Cardiomegaly,off,0.1500470252279383,1.0,0.4054508597972568,0.5754449270907533,1.3854911516828103
834,887,7eb0d17af8e0d642,Cardiomegaly,on,0.1500470252279383,1.0,0.4589467554211809,0.6291461696136917,1.0762307981247328
835,891,2c387b7497386f40,Cardiomegaly,off,0.1533607200463917,1.0,0.4956251620730569,0.6602879310594609,1.6702763021659268
835,891,2c387b7497386f40,Cardiomegaly,on,0.1533607200463917,1.0,0.5564580539452173,0.7150311970561093,1.5240230663572194
836,895,c9e268450f694cd3,Cardiomegaly,off,0.1199216408637048,1.0,0.304747416009525,0.4609528524935914,1.3948748336333543
836,895,c9e268450f694cd3,Cardiomegaly,on,0.1199216408637048,1.0,0.5867888409094387,0.7395798277618033,1.286617957937307
837,898,b26ce08f494a7db4,Cardiomegaly,off,0.1357201682187428,1.0,0.3379229802198094,0.5004168036100761,1.707201941838631
837,898,b26ce08f494a7db4,Cardiomegaly,on,0.1357201682187428,1.0,0.5933166629327993,0.7447465878573362,1.361882753377147
838,900,03be9ab047de4600,Cardiomegaly,off,0.1320751039184441,1.0,0.4519506155852776,0.6131278223920658,1.6657763122067744
838,900,03be9ab047de4600,Cardiomegaly,on,0.1320751039184441,1.0,0.6255675671616733,0.7696411079711394,1.453756212113801
839,901,e9ae29bae8122a11,Cardiomegaly,off,0.1518646842974723,1.0,0.527702172315555,0.6838582985208654,1.761578974311861
839,901,e9ae29bae8122a11,Cardiomegaly,on,0.1518646842974723,1.0,0.5637992994932688,0.7210490514134645,1.231724331303765
840,903,0c0401fd4708849d,Cardiomegaly,off,0.1285811051172219,1.0,0.308379496324878,0.4678349792536142,1.2060242529896388
840,903,0c0401fd4708849d,Cardiomegaly,on,0.1285811051172219,1.0,0.4429625204754625,0.6139560209346382,0.950592749720322
841,904,f2a99ba2c22ec977,Cardiomegaly,off,0.1379228006568912,1.0,0.4202014691418291,0.5913828340029155,1.2367627318145793
841,904,f2a99ba2c22ec977,Cardiomegaly,on,0.1379228006568912,1.0,0.4432695732100084,0.6142574877483475,1.1072522571876933
842,905,55870c2feee34d55,Cardiomegaly,off,0.1326744928341349,1.0,0.4129209010710267,0.5770815166046072,1.7450922876418733
842,905,55870c2feee34d55,Cardiomegaly,on,0.1326744928341349,1.0,0.6647287449831578,0.7986028279755893,1.6493463128816297
843,906,ac9a2bb3a0548caf,Cardiomegaly,off,0.1089572094791164,1.0,0.2539140271493212,0.399939519972033,0.9347312044367894
843,906,ac9a2bb3a0548caf,Cardiomegaly,on,0.1089572094791164,1.0,0.4091847957975322,0.5807279628377127,0.8605876318742741
844,907,2ba90af17885feff,Cardiomegaly,off,0.1738812625177258,1.0,0.2380698375225501,0.3839677489850461,0.688039901581239
844,907,2ba90af17885feff,Cardiomegaly,on,0.1738812625177258,1.0,0.2484777527934896,0.3980490384802825,0.4913874438608369
845,909,cf2cf8f35b3e26b7,Cardiomegaly,off,0.1348235213855143,1.0,0.2687558698466795,0.4210457121853771,1.2309037364352744
845,909,cf2cf8f35b3e26b7,Cardiomegaly,on,0.1348235213855143,1.0,0.4287912617610937,0.6002131497027372,1.0526766501675435
846,910,1561ef7f47ec3c6f,Cardiomegaly,off,0.15059281025686,1.0,0.3151788577127516,0.4780837419529187,1.0547644522467794
846,910,1561ef7f47ec3c6f,Cardiomegaly,on,0.15059281025686,1.0,0.362558744033026,0.532173352474971,0.8416863227548812
847,911,cc1a9a6c9210568f,Cardiomegaly,off,0.129784756029219,1.0,0.6535764939318727,0.7872224007973924,2.408533350998906
847,911,cc1a9a6c9210568f,Cardiomegaly,on,0.129784756029219,1.0,0.7129069447095769,0.8323702045091406,3.823894933799104
848,913,c3f4bdc9c10e98cc,Cardiomegaly,off,0.1572835499417667,1.0,0.3209199522102748,0.4803341028910825,1.4501319173229867
848,913,c3f4bdc9c10e98cc,Cardiomegaly,on,0.1572835499417667,1.0,0.4724678035705025,0.641722364754627,0.992867242585016
849,915,3cd1f43abf66d336,Cardiomegaly,off,0.1615767339639099,1.0,0.3288817716963962,0.4915431836955689,1.3102805356274512
849,915,3cd1f43abf66d336,Cardiomegaly,on,0.1615767339639099,1.0,0.4632552997966079,0.6331797342414335,0.9245407262117792
850,918,c4d577be099a01a4,Cardiomegaly,off,0.1477225657744056,1.0,0.3862387554602887,0.5529010269047793,1.9679307869439857
850,918,c4d577be099a01a4,Cardiomegaly,on,0.1477225657744056,1.0,0.618269938070039,0.7641023096667983,1.5646030037773897
851,921,457fe3957e7b56af,Cardiomegaly,off,0.1552319830026948,1.0,0.6413445586270422,0.7693038587037907,2.2640313235610003
851,921,457fe3957e7b56af,Cardiomegaly,on,0.1552319830026948,1.0,0.8271304823259177,0.905385985568234,3.166391621695303
852,922,0b67d668040438d9,Cardiomegaly,off,0.1890462893927654,1.0,0.3123370985510713,0.4747021259973388,1.0824026674072766
852,922,0b67d668040438d9,Cardiomegaly,on,0.1890462893927654,1.0,0.3317149909474651,0.4981748184872209,0.6484268810793545
853,928,d4d998e70eb02d4a,Cardiomegaly,off,0.1537603126568522,1.0,0.2982695725008548,0.4570801338186509,1.0205544982496562
853,928,d4d998e70eb02d4a,Cardiomegaly,on,0.1537603126568522,1.0,0.371877815710005,0.5421420586176048,0.7642397486082619
854,929,2a32d271c904b3d5,Cardiomegaly,off,0.1775117075761784,1.0,0.4112031104810137,0.581881632620893,1.3245001400640442
854,929,2a32d271c904b3d5,Cardiomegaly,on,0.1775117075761784,1.0,0.4100959433795266,0.5816532735642957,0.9899209024037025
855,933,0edc5e0c0eba3ced,Cardiomegaly,off,0.1441895823282604,1.0,0.339464980763606,0.500060719223705,1.8412105444481288
855,933,0edc5e0c0eba3ced,Cardiomegaly,on,0.1441895823282604,1.0,0.6344575037522857,0.7763397316279992,1.4206695909432308
856,934,74fc264d95280b44,Cardiomegaly,off,0.1680725504242016,1.0,0.2941025183959077,0.4516517706834567,1.0999797401128526
856,934,74fc264d95280b44,Cardiomegaly,on,0.1680725504242016,1.0,0.4054510282998395,0.5769655622483542,0.7736265426795017
857,936,783e7db10dce15e4,Cardiomegaly,off,0.1356616912513583,1.0,0.3263870856318838,0.4880753410933022,1.3877315108853805
857,936,783e7db10dce15e4,Cardiomegaly,on,0.1356616912513583,1.0,0.4959504436675594,0.6630453549502071,1.1531734902084916
858,937,b93a498274316f1d,Cardiomegaly,off,0.1289173476796826,1.0,0.2415768823942569,0.3847311201951507,1.258274646830969
858,937,b93a498274316f1d,Cardiomegaly,on,0.1289173476796826,1.0,0.4883630165925655,0.6562339549017685,1.015132886728081
859,939,44676a6c22bbc733,Cardiomegaly,off,0.1410172068476528,1.0,0.2419760995094867,0.3862062023803685,0.958229893509602
859,939,44676a6c22bbc733,Cardiomegaly,on,0.1410172068476528,1.0,0.4149106208860674,0.5864721471988068,0.8434915758347845
860,943,ca57dc7d2c579615,Cardiomegaly,off,0.1414314186999595,1.0,0.3631487738572476,0.5274558286461188,1.5088612838838915
860,943,ca57dc7d2c579615,Cardiomegaly,on,0.1414314186999595,1.0,0.5683878635417452,0.7248014015465205,1.2482053761988967
861,944,681a904a771384c1,Cardiomegaly,off,0.1361782377965878,1.0,0.3025689222651738,0.4610805457896223,0.8909897860258795
861,944,681a904a771384c1,Cardiomegaly,on,0.1361782377965878,1.0,0.3577718011092379,0.52691970062433,0.7461443722101392
862,945,d65412eb0caf13b6,Cardiomegaly,off,0.1453834870790267,1.0,0.3365333045706724,0.5014532199915684,1.2672083002446195
862,945,d65412eb0caf13b6,Cardiomegaly,on,0.1453834870790267,1.0,0.4207990033645792,0.592339529098392,0.989864010913628
863,950,bb719db62ff21541,Cardiomegaly,off,0.157366392312228,1.0,0.4302967921567259,0.5952672857660131,1.7179050035728332
863,950,bb719db62ff21541,Cardiomegaly,on,0.157366392312228,1.0,0.5928921288857646,0.7444213122386196,1.353123248203462
864,951,4fe76432fdb173d5,Cardiomegaly,off,0.1504953486445526,1.0,0.2851469292851851,0.4397475663639149,1.2653624960544068
864,951,4fe76432fdb173d5,Cardiomegaly,on,0.1504953486445526,1.0,0.4363032326870574,0.607526982927155,0.8824037933949271
865,952,89ef9383e71e14ac,Cardiomegaly,off,0.1550273136168491,0.0,0.0240804039740807,0.045797451257576,0.2988420407514265
865,952,89ef9383e71e14ac,Cardiomegaly,on,0.1550273136168491,0.0,0.0160414796125744,0.0315760025010519,-0.335518375990509
866,955,befc0c99b4dd6e6c,Cardiomegaly,off,0.190245067224147,1.0,0.1567684686873411,0.2709619881932728,0.1587647159170329
866,955,befc0c99b4dd6e6c,Cardiomegaly,on,0.190245067224147,1.0,0.1702539625954058,0.2909690800763369,0.2677747427783352
867,956,72f7954fb0161c5d,Cardiomegaly,off,0.164559059300518,1.0,0.2635858437439958,0.4159459136675871,0.8453528833819486
867,956,72f7954fb0161c5d,Cardiomegaly,on,0.164559059300518,1.0,0.3181686049979252,0.4827420698306427,0.5863973346017696
868,957,8ed57312da57662c,Cardiomegaly,off,0.1381323431233523,1.0,0.3233763145353968,0.4846455143552365,1.4208732227173024
868,957,8ed57312da57662c,Cardiomegaly,on,0.1381323431233523,1.0,0.5081468230446631,0.6738631571748026,1.062555178241272
869,959,18fa7ed3a4c38830,Cardiomegaly,off,0.1425571003221106,1.0,0.3201921188762758,0.4800240202201138,1.3932374763664035
869,959,18fa7ed3a4c38830,Cardiomegaly,on,0.1425571003221106,1.0,0.4889353844006344,0.6567564626845334,1.1598938909211434
870,962,00f3d968b485ab18,Cardiomegaly,off,0.1474448001793293,1.0,0.2922489065861066,0.4486570038196517,1.0263334011852483
870,962,00f3d968b485ab18,Cardiomegaly,on,0.1474448001793293,1.0,0.4024189866352349,0.5738874799903064,0.7974013834725794
871,963,270f597c3ae829e3,Cardiomegaly,off,0.1627511463922147,1.0,0.4084275014707607,0.5732407839777023,1.4028074873442484
871,963,270f597c3ae829e3,Cardiomegaly,on,0.1627511463922147,1.0,0.4778723432934309,0.6466851709470609,1.1590871458628176
872,966,b06d5b89bfe7e4f9,Cardiomegaly,off,0.1167541384637126,1.0,0.3928723067685819,0.5550607253825297,1.2522823640472984
872,966,b06d5b89bfe7e4f9,Cardiomegaly,on,0.1167541384637126,1.0,0.5026885360759563,0.669032127647361,1.068639911238823
873,969,d26b663717915394,Cardiomegaly,off,0.1382103124131982,1.0,0.3797744999626078,0.5460375842275618,1.5872847944199873
873,969,d26b663717915394,Cardiomegaly,on,0.1382103124131982,1.0,0.5470116192894834,0.7071764135995083,1.2635256042944587
874,970,c496622f0d34bcdd,Cardiomegaly,off,0.1629070849719067,0.0,0.2846304175183188,0.4403613760224225,1.2603797840172903
874,970,c496622f0d34bcdd,Cardiomegaly,on,0.1629070849719067,0.0,0.3486732091156361,0.5170569419446533,0.8333981825354382
875,971,88c90e9bcd88233b,Cardiomegaly,off,0.1464263263307164,1.0,0.3462133276311633,0.5090447872308627,1.389837386707622
875,971,88c90e9bcd88233b,Cardiomegaly,on,0.1464263263307164,1.0,0.4318157876061129,0.603159521646782,0.9612486607122216
876,974,0fd3a51f7c7139b9,Cardiomegaly,off,0.1271922771418407,1.0,0.410665342717763,0.5786878888510001,1.8611412826252876
876,974,0fd3a51f7c7139b9,Cardiomegaly,on,0.1271922771418407,1.0,0.5752527091540327,0.7303604165852418,1.882471814384592
877,975,ed4fefd6128d9cd5,Cardiomegaly,off,0.1579560350666881,1.0,0.2429632055621057,0.3877660341309342,1.0520323263590627
877,975,ed4fefd6128d9cd5,Cardiomegaly,on,0.1579560350666881,1.0,0.3981623777757211,0.5695463238928846,0.7898339810571272
878,976,c29166e493d19f2e,Cardiomegaly,off,0.1506415410630138,1.0,0.3922942073170731,0.5553968686270127,1.6627370729106012
878,976,c29166e493d19f2e,Cardiomegaly,on,0.1506415410630138,1.0,0.5754306402439024,0.7304830672268384,1.257033712172187
879,977,7f94daf6c078208b,Cardiomegaly,off,0.1932956156893703,0.0,0.2783004694220665,0.4343301981801445,1.0474668992417842
879,977,7f94daf6c078208b,Cardiomegaly,on,0.1932956156893703,0.0,0.2873796338223819,0.4464547248638205,0.618825739762108
880,979,b50c310ab039d823,Cardiomegaly,off,0.1882422310912289,1.0,0.4689004797071047,0.636904860397706,1.5671602732775205
880,979,b50c310ab039d823,Cardiomegaly,on,0.1882422310912289,1.0,0.5106136483380379,0.6760332635574478,1.0678635703772972
881,980,add9d47c8799e3e3,Cardiomegaly,off,0.1784814506186375,1.0,0.4509510843635937,0.6197808776949965,1.6939432070371196
881,980,add9d47c8799e3e3,Cardiomegaly,on,0.1784814506186375,1.0,0.5163637508492149,0.6810537122703902,1.2258043298789378
882,982,8cebd91da402e33d,Cardiomegaly,off,0.1733208582469579,1.0,0.6831334306951583,0.8094647866574741,2.372597953676614
882,982,8cebd91da402e33d,Cardiomegaly,on,0.1733208582469579,1.0,0.7486189156857126,0.8562401218374056,2.2473493679469088
883,983,d1d4e9bef6643e23,Cardiomegaly,off,0.1698902094937356,1.0,0.3887228934605128,0.5584005329313888,1.3865414215105598
883,983,d1d4e9bef6643e23,Cardiomegaly,on,0.1698902094937356,1.0,0.4240181139947317,0.5955210383668174,0.8157685424498992
884,984,4da0332e60bf86b8,Cardiomegaly,off,0.1579998927922264,1.0,0.3737878807936295,0.5403319079087833,1.1002588656091423
884,984,4da0332e60bf86b8,Cardiomegaly,on,0.1579998927922264,1.0,0.4393892712757452,0.6105168530245775,0.8730390232833497
885,992,8ef6d0a1def1cf1b,Cardiomegaly,off,0.1460169875590252,1.0,0.2928198942558108,0.4495679573589489,1.3982226095135477
885,992,8ef6d0a1def1cf1b,Cardiomegaly,on,0.1460169875590252,1.0,0.456941101369876,0.6272545437891364,0.9526844141038554
886,995,12686c36026b3031,Cardiomegaly,off,0.1435658280094927,1.0,0.4156631912861789,0.5778068243240179,2.0916627742863216
886,995,12686c36026b3031,Cardiomegaly,on,0.1435658280094927,1.0,0.723313427280654,0.8394337523122626,1.8145470529920504
887,1000,824eacc60bf5aceb,Cardiomegaly,off,0.1283569434089148,1.0,0.4371734282003363,0.6041617026888483,2.1249849397047456
887,1000,824eacc60bf5aceb,Cardiomegaly,on,0.1283569434089148,1.0,0.6370797796221642,0.7783118252455099,2.2847751696400413
888,1001,fdcff99e7265a8de,Cardiomegaly,off,0.158360500757764,1.0,0.454161784193405,0.6198619865421537,1.6750566299296
888,1001,fdcff99e7265a8de,Cardiomegaly,on,0.158360500757764,1.0,0.5180188265573704,0.6824880386325172,1.171633019270063
889,1002,52b72ff5f88f0a37,Cardiomegaly,off,0.1235131012772344,1.0,0.4486247503057531,0.61630731059284,1.7825086596714177
889,1002,52b72ff5f88f0a37,Cardiomegaly,on,0.1235131012772344,1.0,0.5385280230729367,0.7000561723007251,1.5321466802416006
890,1005,f1f07bedc325e82e,Cardiomegaly,off,0.1621420113152931,1.0,0.31910591310052,0.4718307596808831,1.3575904726577792
890,1005,f1f07bedc325e82e,Cardiomegaly,on,0.1621420113152931,1.0,0.4892223008832158,0.6570048629348544,1.0123175694522824
891,1007,6fc6a60d0335fbd6,Cardiomegaly,off,0.1623612999429849,1.0,0.4493693311018117,0.6174611420750394,1.6217636759433216
891,1007,6fc6a60d0335fbd6,Cardiomegaly,on,0.1623612999429849,1.0,0.5115491599485384,0.676853214345628,1.1063501294740143
892,1008,5e88f0f16c7e6a47,Cardiomegaly,off,0.1090497980108085,1.0,0.4357971439240109,0.6019225362943648,1.190168516568772
892,1008,5e88f0f16c7e6a47,Cardiomegaly,on,0.1090497980108085,1.0,0.5447475728914855,0.7052897825740969,1.2955917010199545
893,1012,74605b9a2e60db04,Cardiomegaly,off,0.1794853052254043,0.0,0.3587055189718213,0.5239969853799186,1.053699286319328
893,1012,74605b9a2e60db04,Cardiomegaly,on,0.1794853052254043,0.0,0.2909331191985782,0.4507168442776322,0.5050972228278444
894,1014,a75c3f979a938d95,Cardiomegaly,off,0.1281863855873767,1.0,0.3929252204171992,0.5545534723837668,1.701068853513124
894,1014,a75c3f979a938d95,Cardiomegaly,on,0.1281863855873767,1.0,0.6138398015811191,0.7607042580647422,1.3732389133760114
895,1016,cd4a1485e9f93a94,Cardiomegaly,off,0.1730089810875741,1.0,0.4257789170497612,0.5913787153592951,1.561318230165955
895,1016,cd4a1485e9f93a94,Cardiomegaly,on,0.1730089810875741,1.0,0.5002609807892515,0.6668971955304964,1.1553670156470126
896,1017,7d078f83e9932755,Cardiomegaly,off,0.1397794443713482,1.0,0.3936312982578134,0.5601185090447585,1.2108857898174932
896,1017,7d078f83e9932755,Cardiomegaly,on,0.1397794443713482,1.0,0.5319340418856157,0.6944564420030952,1.194312781607901
897,1019,094881505a8ff1b3,Cardiomegaly,off,0.1716981224020389,1.0,0.3858237412727389,0.5482388645591195,1.5694210879652202
897,1019,094881505a8ff1b3,Cardiomegaly,on,0.1716981224020389,1.0,0.5042196551405684,0.6703981020239121,1.075463575465085
898,1022,1d83329f432409d6,Cardiomegaly,off,0.1528246811787007,1.0,0.4749066305169201,0.6397143704890207,2.206041748406648
898,1022,1d83329f432409d6,Cardiomegaly,on,0.1528246811787007,1.0,0.6233902289381749,0.7680100273458759,2.79325804079011
899,1024,8dfa509238d5a956,Cardiomegaly,off,0.1723072574789604,1.0,0.4137047851169657,0.5832183607622461,1.251106936801741
899,1024,8dfa509238d5a956,Cardiomegaly,on,0.1723072574789604,1.0,0.4743864135321839,0.6435006415422203,0.9468109536177676
900,1025,2864099e6d54ee2c,Cardiomegaly,off,0.1395357903405796,1.0,0.3779931908361013,0.5447726279924484,1.2436273684260948
900,1025,2864099e6d54ee2c,Cardiomegaly,on,0.1395357903405796,1.0,0.4504595721107748,0.6211263925818742,0.9966466467127448
901,1027,273ac948181f7eea,Cardiomegaly,off,0.1493794131836323,1.0,0.4455858657639149,0.6096556764962917,1.478649832648735
901,1027,273ac948181f7eea,Cardiomegaly,on,0.1493794131836323,1.0,0.5682886139942372,0.7247177377424995,1.2467315741323648
902,1028,382871315310f9db,Cardiomegaly,off,0.1624392692328309,1.0,0.3752146638822208,0.5427581842737206,1.2622790179640502
902,1028,382871315310f9db,Cardiomegaly,on,0.1624392692328309,1.0,0.4729021945894187,0.6421336988359336,0.9418152065190332
903,1029,2e80f309fb870991,Cardiomegaly,off,0.1263394880341505,1.0,0.389946791306241,0.5591933483716247,0.831248580373403
903,1029,2e80f309fb870991,Cardiomegaly,on,0.1263394880341505,1.0,0.4202645930025784,0.5918105222838024,0.9084804816140578
904,1031,21972a3282017c95,Cardiomegaly,off,0.1143809482040261,1.0,0.2254054424178736,0.3649060599738162,1.087535107582229
904,1031,21972a3282017c95,Cardiomegaly,on,0.1143809482040261,1.0,0.420771270805277,0.592306510038075,0.8706420651208966
905,1034,2014a5fe5fbf1d92,Cardiomegaly,off,0.1602707483589901,1.0,0.3298606028573864,0.4935584642359242,1.434013124898316
905,1034,2014a5fe5fbf1d92,Cardiomegaly,on,0.1602707483589901,1.0,0.449403048181136,0.620117106523893,0.9466848829026452
906,1035,a3835dd57513682a,Cardiomegaly,off,0.1307739913941396,1.0,0.2565116369372281,0.4055591695535557,1.1785456406020245
906,1035,a3835dd57513682a,Cardiomegaly,on,0.1307739913941396,1.0,0.4509186445073608,0.6215590185522498,0.9363809466148996
907,1039,d0e09902a8cf7f55,Cardiomegaly,off,0.1543499554113123,1.0,0.2488876723534743,0.3962930182648142,0.9105388102084908
907,1039,d0e09902a8cf7f55,Cardiomegaly,on,0.1543499554113123,1.0,0.3527138159252327,0.521486821641994,0.6727731110367817
908,1042,a1edbe156ffe4a43,Cardiomegaly,off,0.1533071161596226,1.0,0.4264470325784756,0.5930532377537523,1.8239700200518367
908,1042,a1edbe156ffe4a43,Cardiomegaly,on,0.1533071161596226,1.0,0.5958532267486665,0.7467434531302555,1.4436621580366855
909,1043,840606d79ea0bbc6,Cardiomegaly,off,0.1232402087627735,1.0,0.3705073787208475,0.5335217104048668,1.5885012978932322
909,1043,840606d79ea0bbc6,Cardiomegaly,on,0.1232402087627735,1.0,0.6165105537220061,0.7627500206106873,1.4059186490044795
910,1044,f6413aef8fe70758,Cardiomegaly,off,0.1661184450974372,1.0,0.3914454113960898,0.5591565867533438,1.67111760205206
910,1044,f6413aef8fe70758,Cardiomegaly,on,0.1661184450974372,1.0,0.5226281180227549,0.6864775007357609,1.1438708413084346
911,1048,1605ba691cedb4e6,Cardiomegaly,off,0.17341344677865,1.0,0.3349105147341619,0.4955617523828073,1.128124572376896
911,1048,1605ba691cedb4e6,Cardiomegaly,on,0.17341344677865,1.0,0.2861230648988372,0.4449153614673083,0.5909035045432403
912,1050,437d8e6db071e050,Cardiomegaly,off,0.1450521175971814,1.0,0.5672699649997134,0.7200668583340415,2.0974308445689998
912,1050,437d8e6db071e050,Cardiomegaly,on,0.1450521175971814,1.0,0.6540694932690013,0.7908600750841358,1.991904637505579
913,1052,84cf2a960de27285,Cardiomegaly,off,0.1537359472537754,1.0,0.2841024314171029,0.4372677807986044,1.4466409034185113
913,1052,84cf2a960de27285,Cardiomegaly,on,0.1537359472537754,1.0,0.4743362886157208,0.6434501892291566,0.9734885668330812
914,1053,42aaaec43b390010,Cardiomegaly,off,0.1340730669707469,1.0,0.2543070882167083,0.4010514281297512,0.8609078622972154
914,1053,42aaaec43b390010,Cardiomegaly,on,0.1340730669707469,1.0,0.4061323353704901,0.5776534186652013,0.8183265497273929
915,1054,c1ebe3497131f467,Cardiomegaly,off,0.1562894414962306,1.0,0.566681727349166,0.7222870370480978,1.7337652564161552
915,1054,c1ebe3497131f467,Cardiomegaly,on,0.1562894414962306,1.0,0.57651017003445,0.7313707277439839,1.3327354299320862
916,1056,1439214a04d8402b,Cardiomegaly,off,0.160387702293759,1.0,0.2588876466639584,0.4089715787128371,0.9924593106328662
916,1056,1439214a04d8402b,Cardiomegaly,on,0.160387702293759,1.0,0.3481803819176493,0.5165149314001407,0.6624740183067432
917,1058,7fde84c083851f22,Cardiomegaly,off,0.1271971502224561,1.0,0.4584262261307573,0.622257500860108,1.7979681973926622
917,1058,7fde84c083851f22,Cardiomegaly,on,0.1271971502224561,1.0,0.6532137620425977,0.7902326705334375,1.616967273096931
918,1062,02b51014a85c1663,Cardiomegaly,off,0.1571227382814594,1.0,0.3771905653593793,0.5433384899738216,1.573247262622123
918,1062,02b51014a85c1663,Cardiomegaly,on,0.1571227382814594,1.0,0.5156521438994399,0.6804296952831242,1.0649020167060368
919,1065,d7aa4e4a46f520bb,Cardiomegaly,off,0.1681066619885092,1.0,0.4030350215421673,0.573402599771606,1.2891195040536558
919,1065,d7aa4e4a46f520bb,Cardiomegaly,on,0.1681066619885092,1.0,0.4469552254378615,0.617786285047843,0.9481815769824236
920,1066,fe801ee1c7637098,Cardiomegaly,off,0.1416458342470359,1.0,0.3838582271443164,0.5493507661593412,1.5773081299142349
920,1066,fe801ee1c7637098,Cardiomegaly,on,0.1416458342470359,1.0,0.5838877377657353,0.7372792240146956,1.3089437939071615
921,1069,9d0c66651c1b5ba9,Cardiomegaly,off,0.1700169095897353,1.0,0.4644731098254043,0.6337631714590362,2.0177724214383144
921,1069,9d0c66651c1b5ba9,Cardiomegaly,on,0.1700169095897353,1.0,0.4932923346259923,0.6606774645179352,1.806025867688338
922,1070,94c7afec0324dd4b,Cardiomegaly,off,0.1614354146260641,1.0,0.3036700837270294,0.4640655022103125,1.0657111259958536
922,1070,94c7afec0324dd4b,Cardiomegaly,on,0.1614354146260641,1.0,0.3751895755317626,0.5456528450923988,0.7440619346958783
923,1075,44d14d61561b1386,Cardiomegaly,off,0.1350379369325906,1.0,0.3528122908772407,0.5170050403070834,1.5169185963772265
923,1075,44d14d61561b1386,Cardiomegaly,on,0.1350379369325906,1.0,0.5417087119489172,0.7027312447264767,1.1493384543425105
924,1078,ea650221b3a462e6,Cardiomegaly,off,0.1247362445116929,1.0,0.3698125284525567,0.5347853775575803,1.5162118837806149
924,1078,ea650221b3a462e6,Cardiomegaly,on,0.1247362445116929,1.0,0.5484911480098733,0.7084145859353743,1.3547034984643125
925,1079,fc74f46e0ae69b4e,Cardiomegaly,off,0.1303646526224483,1.0,0.3619722736027831,0.5272103594064006,1.4687192058786829
925,1079,fc74f46e0ae69b4e,Cardiomegaly,on,0.1303646526224483,1.0,0.5378985104126472,0.6995207133775077,1.2129688345385217
926,1080,3f71a3f804aa8c4c,Cardiomegaly,off,0.117426623588634,1.0,0.2611957270559555,0.4113660463572702,0.950452596424346
926,1080,3f71a3f804aa8c4c,Cardiomegaly,on,0.117426623588634,1.0,0.4053727835770521,0.576884605706311,0.8449067516601513
927,1081,638f2e9bd1fd7468,Cardiomegaly,off,0.1302915564132177,1.0,0.3504207372686655,0.5146849375677613,1.192460328192008
927,1081,638f2e9bd1fd7468,Cardiomegaly,on,0.1302915564132177,1.0,0.4769115285157753,0.6458207993443695,1.0295703534164031
928,1082,cd430ecde71ab7a4,Cardiomegaly,off,0.1953374364672114,1.0,0.3284034169767433,0.4933296742767522,1.176744217076137
928,1082,cd430ecde71ab7a4,Cardiomegaly,on,0.1953374364672114,1.0,0.3442771212864521,0.5122098567284168,0.7815198235732895
929,1085,c40b17d3b9e8d8f3,Cardiomegaly,off,0.1504417447577835,1.0,0.3226007473753155,0.4830859195969812,1.3421084899974385
929,1085,c40b17d3b9e8d8f3,Cardiomegaly,on,0.1504417447577835,1.0,0.4783654355999549,0.6471543636121899,1.1023090162749345
930,1089,ccc6e3953f9c8e69,Cardiomegaly,off,0.124214824885848,1.0,0.4059493396674081,0.5745061060458567,1.450956557996673
930,1089,ccc6e3953f9c8e69,Cardiomegaly,on,0.124214824885848,1.0,0.4810788811746203,0.6496328914784805,1.255692643599562
931,1092,1596b54de7535b16,Cardiomegaly,off,0.1642276898186726,1.0,0.4294987746125651,0.5915714301407886,1.9642410508317536
931,1092,1596b54de7535b16,Cardiomegaly,on,0.1642276898186726,1.0,0.4936668340212898,0.6609917861079604,2.1821995519673014
932,1094,ffcdb2676970c5db,Cardiomegaly,off,0.1473034808414835,1.0,0.516060977225308,0.67557977348976,1.349749502739938
932,1094,ffcdb2676970c5db,Cardiomegaly,on,0.1473034808414835,1.0,0.6059237327592094,0.7546108180661871,1.378595150010668
933,1095,f451fc4d2a9f67e0,Cardiomegaly,off,0.1403349755615007,1.0,0.3813076754523198,0.5444316521757715,1.4026681563925196
933,1095,f451fc4d2a9f67e0,Cardiomegaly,on,0.1403349755615007,1.0,0.5563185230002795,0.7149100992778997,1.1817632229692596
934,1096,2037bdd82ce632fa,Cardiomegaly,off,0.2050105014887261,1.0,0.5468739981722247,0.7066170229757145,1.988245186702656
934,1096,2037bdd82ce632fa,Cardiomegaly,on,0.2050105014887261,1.0,0.5735415550099824,0.7289816202828735,1.838260000611303
935,1097,b67fd708ddd4c9d6,Cardiomegaly,off,0.1348576329498219,1.0,0.3942164332763115,0.5611597614197336,2.0012266420138825
935,1097,b67fd708ddd4c9d6,Cardiomegaly,on,0.1348576329498219,1.0,0.625874937002723,0.7698904056750099,1.8876205856192263
936,1100,d6b828df6bd6c5f9,Cardiomegaly,off,0.1374452387565847,1.0,0.4556532311520673,0.6219954014569272,1.467875237903046
936,1100,d6b828df6bd6c5f9,Cardiomegaly,on,0.1374452387565847,1.0,0.5624855365591203,0.7199871297103573,1.2943539419784431
937,1101,9417a465b90295db,Cardiomegaly,off,0.1746317169324932,0.0,0.1859008175632011,0.3112636748962541,0.8086395324289577
937,1101,9417a465b90295db,Cardiomegaly,on,0.1746317169324932,0.0,0.1973490662113584,0.3296378007879594,0.3571436342569845
938,1102,d3473ad26d4bd2b2,Cardiomegaly,off,0.1256377644255369,1.0,0.3668016804465447,0.5335943641911189,1.5187039819280266
938,1102,d3473ad26d4bd2b2,Cardiomegaly,on,0.1256377644255369,1.0,0.5389673379843422,0.7004266467413358,1.3313257648585648
939,1103,668cf5db5fe96307,Cardiomegaly,off,0.1454029794014882,1.0,0.3235021039293808,0.4850657094784568,1.2593878479424103
939,1103,668cf5db5fe96307,Cardiomegaly,on,0.1454029794014882,1.0,0.4949037551563759,0.6621143896105911,1.0234740420599944
940,1105,ae14d9858d0bac9d,Cardiomegaly,off,0.1369969153399704,1.0,0.3574380618814123,0.5224431124981036,1.6327432429420117
940,1105,ae14d9858d0bac9d,Cardiomegaly,on,0.1369969153399704,1.0,0.5700411899356718,0.7261469111977779,1.3251240248785552
941,1107,d7e55c1dd35bc46a,Cardiomegaly,off,0.1336052512316711,1.0,0.3791830771053576,0.5443420190437742,1.2079513538112097
941,1107,d7e55c1dd35bc46a,Cardiomegaly,on,0.1336052512316711,1.0,0.491302122382918,0.658882314402672,1.0254133072238385
942,1109,43be89cc652a0ec2,Cardiomegaly,off,0.1229965547320049,1.0,0.3070908220683359,0.468761787257265,0.6657065577410719
942,1109,43be89cc652a0ec2,Cardiomegaly,on,0.1229965547320049,1.0,0.3495121626050301,0.5179815106520252,0.7052955733085536
943,1111,4d6947f7b7d2fe3d,Cardiomegaly,off,0.1621176459122163,1.0,0.3672368377273155,0.535200596926239,1.56301315802643
943,1111,4d6947f7b7d2fe3d,Cardiomegaly,on,0.1621176459122163,1.0,0.4560162108248998,0.6263871309766357,1.083179141138754
944,1112,35697eceff38abd1,Cardiomegaly,off,0.1672343805583575,1.0,0.4449081581216847,0.6121006548753807,1.4602692675861102
944,1112,35697eceff38abd1,Cardiomegaly,on,0.1672343805583575,1.0,0.5102744581834481,0.6757358961064506,1.3074139213717035
945,1113,28704d3df7d54ff7,Cardiomegaly,off,0.1191370748846298,1.0,0.4598108583976824,0.6045590196594418,1.5505915338235785
945,1113,28704d3df7d54ff7,Cardiomegaly,on,0.1191370748846298,1.0,0.6839439447886583,0.812305650618252,2.057533649721712
946,1118,a3686ee3ea5706e2,Cardiomegaly,off,0.1251065986384612,1.0,0.3662648921447627,0.5315920328252028,1.5888416671761312
946,1118,a3686ee3ea5706e2,Cardiomegaly,on,0.1251065986384612,1.0,0.5601912187430333,0.7180980311080065,1.2553782698230054
947,1119,bc569f7bbbe48ed0,Cardiomegaly,off,0.1770049071921796,1.0,0.4586381515733699,0.6282602671634716,1.5704173928141665
947,1119,bc569f7bbbe48ed0,Cardiomegaly,on,0.1770049071921796,1.0,0.4795076871991345,0.6481981306792155,1.2870594483577946
948,1125,2a0edca9a07017a6,Cardiomegaly,off,0.1328353044944422,1.0,0.3013219771659542,0.4598126460223153,1.2684351192709806
948,1125,2a0edca9a07017a6,Cardiomegaly,on,0.1328353044944422,1.0,0.4672951139769721,0.6369425838528219,0.9603927440463176
949,1126,ddd31eb5a4ee3e1a,Cardiomegaly,off,0.1417822805042664,1.0,0.5222118955276948,0.6828151806226994,1.7058832468592655
949,1126,ddd31eb5a4ee3e1a,Cardiomegaly,on,0.1417822805042664,1.0,0.5948880206721014,0.745992650804501,1.4895126085544976
950,1133,122bb6e0ed2718f9,Cardiomegaly,off,0.1334395664907484,1.0,0.2988886814945397,0.4561770246851144,1.346041727523634
950,1133,122bb6e0ed2718f9,Cardiomegaly,on,0.1334395664907484,1.0,0.5200735752518308,0.6842669172988085,1.1138111432584683
951,1134,af9e54641c07f285,Cardiomegaly,off,0.1350866677387444,1.0,0.3542976062403221,0.5185248532577841,1.4421718084724913
951,1134,af9e54641c07f285,Cardiomegaly,on,0.1350866677387444,1.0,0.4860605577308921,0.6541501065351887,1.043911768824834
952,1136,736a8b9e30f13908,Cardiomegaly,off,0.1449497829042585,1.0,0.4072566911507708,0.5755312993702658,1.7928489288369276
952,1136,736a8b9e30f13908,Cardiomegaly,on,0.1449497829042585,1.0,0.5364367797102035,0.6982848736922278,1.4912874488706729
953,1138,73bc7952bfff8707,Cardiomegaly,off,0.1241563479184636,1.0,0.2616372145720426,0.4107337930456506,1.2497243828978235
953,1138,73bc7952bfff8707,Cardiomegaly,on,0.1241563479184636,1.0,0.4905074950657903,0.6581677368110433,1.0266896485275196
954,1140,6a71d0d1f69700bd,Cardiomegaly,off,0.1400572099664244,1.0,0.4202354489210708,0.5841588910619369,1.6686268518292005
954,1140,6a71d0d1f69700bd,Cardiomegaly,on,0.1400572099664244,1.0,0.6298496344156812,0.772892446844064,1.453766652667088
955,1141,b90eb647d582b7e9,Cardiomegaly,off,0.1377668620771993,1.0,0.3200718912672166,0.4786612513732243,1.6187217647816123
955,1141,b90eb647d582b7e9,Cardiomegaly,on,0.1377668620771993,1.0,0.5894605075810576,0.7417041318320529,1.279991828300122
956,1142,fd33d40594fe12ba,Cardiomegaly,off,0.1362172224415108,1.0,0.3161253233687841,0.4741961443105426,1.7380608871945082
956,1142,fd33d40594fe12ba,Cardiomegaly,on,0.1362172224415108,1.0,0.6286504210458144,0.7719775714270917,1.4008831556001244
957,1146,37bf2d617731ffdf,Cardiomegaly,off,0.1668104225448201,0.0,0.3193589398190076,0.4831395555779359,1.3144171283528894
957,1146,37bf2d617731ffdf,Cardiomegaly,on,0.1668104225448201,0.0,0.3232430334702977,0.4885584707423399,0.9534140897293428
958,1148,8949e949e58919ed,Cardiomegaly,off,0.1521668152956254,1.0,0.3449542657264174,0.5063452980239742,1.6648453517685275
958,1148,8949e949e58919ed,Cardiomegaly,on,0.1521668152956254,1.0,0.5722900806195169,0.7279531185811663,1.2349809043770985
959,1149,8a491f78b4efd39e,Cardiomegaly,off,0.1580778620820724,1.0,0.3273782435376243,0.4892432405115333,1.245011517216261
959,1149,8a491f78b4efd39e,Cardiomegaly,on,0.1580778620820724,1.0,0.4613994073586382,0.6314463805559231,0.9162486266806332
960,1155,dd45016fdfaa6388,Cardiomegaly,off,0.1491260129916329,1.0,0.5889448139435575,0.7360270607661072,2.2861313675321377
960,1155,dd45016fdfaa6388,Cardiomegaly,on,0.1491260129916329,1.0,0.7138696020703521,0.8330500073933086,2.558430428400972
961,1159,7026b654149c2a17,Cardiomegaly,off,0.2041138546554975,1.0,0.2608969383614062,0.4100572102454487,0.8332405333055305
961,1159,7026b654149c2a17,Cardiomegaly,on,0.2041138546554975,1.0,0.2353359038734822,0.3809980034561012,0.380939085545505
962,143,50a78104f389d4c5,Lung Opacity,off,0.1470646998913303,1.0,0.5457310640393055,0.6933630768950689,3.0537655060323456
962,143,50a78104f389d4c5,Lung Opacity,on,0.1470646998913303,1.0,0.3456539747180022,0.5137123458466396,3.069919976552433
963,151,e2c9e2770f83c49c,Lung Opacity,off,0.1652315444254394,0.0,0.2141130509359768,0.3519808343143636,1.4862489935409893
963,151,e2c9e2770f83c49c,Lung Opacity,on,0.1652315444254394,0.0,0.2347816153721683,0.380279910838419,1.423585219299083
964,158,c99d34d384583ad4,Lung Opacity,off,0.1261835494544586,1.0,0.3246498757181298,0.4845058630539027,1.37396112088866
964,158,c99d34d384583ad4,Lung Opacity,on,0.1261835494544586,1.0,0.5292279865402422,0.6921490001704489,1.1455177089222524
965,212,12ed86139ce1a5fc,Lung Opacity,off,0.1895823282604564,1.0,0.3381114062753709,0.4961850250879618,1.402341675138013
965,212,12ed86139ce1a5fc,Lung Opacity,on,0.1895823282604564,1.0,0.4378492912834857,0.609021041893842,0.855448976141843
966,228,63dd77962bfc8ea6,Lung Opacity,off,0.1450764830002582,1.0,0.2284023988285059,0.3705180065046143,-0.3988671133486122
966,228,63dd77962bfc8ea6,Lung Opacity,on,0.1450764830002582,1.0,0.1502936222710764,0.2613021741623008,0.1220035201787925
967,303,d58d7cf71038f221,Lung Opacity,off,0.155470763952848,1.0,0.1912109584828857,0.3186672975615886,1.3447280763746057
967,303,d58d7cf71038f221,Lung Opacity,on,0.155470763952848,1.0,0.1480797976296975,0.2579595904020825,0.9326581613285754
968,341,35d739886f487191,Lung Opacity,off,0.1292633364033741,1.0,0.2936419956835505,0.444620730323824,3.1418083749378605
968,341,35d739886f487191,Lung Opacity,on,0.1292633364033741,1.0,0.1719376967828666,0.2934118758498317,2.946294200848897
969,408,2a3bfc4860febc31,Lung Opacity,off,0.1217392999332388,0.0,0.2228465855960937,0.3618000897282943,3.2897848365234945
969,408,2a3bfc4860febc31,Lung Opacity,on,0.1217392999332388,0.0,0.1004956044089545,0.1826347383766692,2.8932174693586736
970,463,b2bfd15dcfd7db56,Lung Opacity,off,0.1791198241792514,1.0,0.3237683559669953,0.481318097861714,1.4050329870013594
970,463,b2bfd15dcfd7db56,Lung Opacity,on,0.1791198241792514,1.0,0.4585387398318971,0.6287555348056514,0.9188144677680494
971,484,64f6247382eddc70,Lung Opacity,off,0.1359686953301268,0.0,0.1865377964833132,0.3118071564729888,2.8223554973542484
971,484,64f6247382eddc70,Lung Opacity,on,0.1359686953301268,0.0,0.1191456220354396,0.2129196199710046,2.745711905328284
972,513,182d40fcb761e39f,Lung Opacity,off,0.1373282848218158,1.0,0.2612480006697303,0.4091406441853752,3.1802837132403403
972,513,182d40fcb761e39f,Lung Opacity,on,0.1373282848218158,1.0,0.1347124909200167,0.237435383783317,2.75477458470353
973,516,c252c9f0e3946a5b,Lung Opacity,off,0.1933102349312164,1.0,0.5686353202722507,0.7244998288385077,2.075940262094399
973,516,c252c9f0e3946a5b,Lung Opacity,on,0.1933102349312164,1.0,0.5880763453658073,0.7406139016508503,1.8037442041307568
974,524,d96d19a010e9b5ec,Lung Opacity,off,0.1775799307047936,1.0,0.6627033988616902,0.791966683950076,2.5270611169010397
974,524,d96d19a010e9b5ec,Lung Opacity,on,0.1775799307047936,1.0,0.6857544169561484,0.8135636848974546,3.79235764066749
975,525,a2e340bc6f6d2fe6,Lung Opacity,off,0.1584482162088407,1.0,0.259740323786454,0.4115496142558331,0.8520086626165095
975,525,a2e340bc6f6d2fe6,Lung Opacity,on,0.1584482162088407,1.0,0.2860922725956468,0.4449013552649073,0.6872048963448469
976,527,0dadd1025949721e,Lung Opacity,off,0.1502370753719378,1.0,0.2923827195278373,0.4515291207561294,2.5604660105382897
976,527,0dadd1025949721e,Lung Opacity,on,0.1502370753719378,1.0,0.2057519678837538,0.3412791567386736,2.721607121454576
977,537,69854d4fd80a2c6a,Lung Opacity,off,0.1666447378038975,1.0,0.1773533699781018,0.3011289171094403,1.1626538243910904
977,537,69854d4fd80a2c6a,Lung Opacity,on,0.1666447378038975,1.0,0.1694849243851786,0.28984534389564,0.9451977607114505
978,557,855d0b6a55e9d1b2,Lung Opacity,off,0.1815125067613993,1.0,0.5149234012869759,0.6792368842876229,1.2162842636932645
978,557,855d0b6a55e9d1b2,Lung Opacity,on,0.1815125067613993,1.0,0.5482857372779145,0.7082486958213938,1.183927497116304
979,567,02a86431f9853461,Lung Opacity,off,0.1272458810286098,1.0,0.226390783079641,0.355075262824101,2.3475326073459977
979,567,02a86431f9853461,Lung Opacity,on,0.1272458810286098,1.0,0.2284660446531638,0.3719054250685577,3.140195561264262
980,571,dd8625df6eb2922e,Lung Opacity,off,0.148185508432866,0.0,0.2067869171264711,0.3396990127652112,2.673835783998611
980,571,dd8625df6eb2922e,Lung Opacity,on,0.148185508432866,0.0,0.0909204919826246,0.1666832787231167,2.5807064278647656
981,610,c16642274f26f0b5,Lung Opacity,off,0.1847092476450837,1.0,0.4275147359896714,0.5962520312202969,2.3311692824268397
981,610,c16642274f26f0b5,Lung Opacity,on,0.1847092476450837,1.0,0.3677448757578533,0.5377320907853268,2.542368979491228
982,613,b01d229a4ee33bdf,Lung Opacity,off,0.1749777056561846,1.0,0.5190070449539752,0.674278554943382,1.7718135654996914
982,613,b01d229a4ee33bdf,Lung Opacity,on,0.1749777056561846,1.0,0.5958968458856384,0.7467746934629232,1.3066099947712069
983,647,b77f5518c6ea21c5,Lung Opacity,off,0.1575661886174583,1.0,0.216787884062347,0.3505889497148253,2.8966192670841866
983,647,b77f5518c6ea21c5,Lung Opacity,on,0.1575661886174583,1.0,0.1318821655564009,0.2330280333833327,2.5404366523776893
984,650,709345d40ed87430,Lung Opacity,off,0.1461388145744095,1.0,0.5638876190595201,0.7191015379970979,2.611277938827274
984,650,709345d40ed87430,Lung Opacity,on,0.1461388145744095,1.0,0.4263706167791465,0.5978247328345597,2.988554921445966
985,667,10e6d128b671bab0,Lung Opacity,off,0.1859859947663114,0.0,0.0494770867320968,0.0888063843969667,0.6093062552763941
985,667,10e6d128b671bab0,Lung Opacity,on,0.1859859947663114,0.0,0.1734304711680669,0.2955862392366069,0.3281531648126602
986,701,31a354fdbc7b6e02,Lung Opacity,off,0.1953715480315191,1.0,0.3538792564282285,0.5192018112735248,1.564886816712569
986,701,31a354fdbc7b6e02,Lung Opacity,on,0.1953715480315191,1.0,0.4042971076491223,0.5757989657681702,1.2369353724781251
987,704,77b2f5c6347ade66,Lung Opacity,off,0.1573517730703819,1.0,0.4984420161270275,0.6544221886273339,2.841692726871582
987,704,77b2f5c6347ade66,Lung Opacity,on,0.1573517730703819,1.0,0.354895924684905,0.5238549033821566,2.912092258877752
988,732,a70b2bd05171ee4d,Lung Opacity,off,0.1443601401497985,1.0,0.3531831531326669,0.5193155919466962,1.472787667840414
988,732,a70b2bd05171ee4d,Lung Opacity,on,0.1443601401497985,1.0,0.4752259924289352,0.6442709329837467,1.2405127478924087
989,738,58d11e3c99f8ae62,Lung Opacity,off,0.1473911962925602,1.0,0.460192344960741,0.6297574968691864,2.559461129140747
989,738,58d11e3c99f8ae62,Lung Opacity,on,0.1473911962925602,1.0,0.3623061802681168,0.5318870261712748,3.0877669575713456
990,754,4cdac0e50b3d5fd9,Lung Opacity,off,0.1746560823355701,1.0,0.438699868591374,0.6035048120870676,1.8334532679437832
990,754,4cdac0e50b3d5fd9,Lung Opacity,on,0.1746560823355701,1.0,0.563394149663097,0.7207275675154783,1.494757203996141
991,776,76217cc90ae0671a,Lung Opacity,off,0.1506610333854753,1.0,0.5762982581324427,0.7280525536231562,3.0253587185364714
991,776,76217cc90ae0671a,Lung Opacity,on,0.1506610333854753,1.0,0.4329714910416616,0.6042884683242147,3.21575146274075
992,798,0c5fba7cf760b0e4,Lung Opacity,off,0.1487556588648646,1.0,0.5315412128334953,0.6847935532277717,3.071479517498379
992,798,0c5fba7cf760b0e4,Lung Opacity,on,0.1487556588648646,1.0,0.3114071878217347,0.4749037299938878,2.9661906252397747
993,801,a6fa296cf657deb0,Lung Opacity,off,0.1204917912957034,0.0,0.246287584031872,0.394550384205354,2.65833343818115
993,801,a6fa296cf657deb0,Lung Opacity,on,0.1204917912957034,0.0,0.1399002021820031,0.2454537437828476,2.9986928227082985
994,808,867eceaf4a60dbcf,Lung Opacity,off,0.1889537008610733,1.0,0.3379039227434599,0.4968111080894704,1.5236309083396171
994,808,867eceaf4a60dbcf,Lung Opacity,on,0.1889537008610733,1.0,0.4518045050598355,0.6223923567158308,0.8975269026295848
995,813,da64c724c1148a3a,Lung Opacity,off,0.1171147464292501,1.0,0.2414945768418732,0.3858727942076565,3.223871774832225
995,813,da64c724c1148a3a,Lung Opacity,on,0.1171147464292501,1.0,0.1222986148633168,0.2179398584195045,2.9946666221283635
996,817,c68b1cd7fdf50a21,Lung Opacity,off,0.1633212968242133,0.0,0.0893392846695594,0.1627650673282791,1.5057893991175155
996,817,c68b1cd7fdf50a21,Lung Opacity,on,0.1633212968242133,0.0,0.1201234094514795,0.2144790004316584,1.5633083155203156
997,829,41e2dbdd46e05066,Lung Opacity,off,0.1562991876574614,1.0,0.5346766729727752,0.6873682364840876,1.6347590627763366
997,829,41e2dbdd46e05066,Lung Opacity,on,0.1562991876574614,1.0,0.5710191297427423,0.7269181219877205,1.2494002771611952
998,838,baf23ac2df4ae881,Lung Opacity,off,0.1527515849694701,1.0,0.1734998284643277,0.292533331927007,3.2530575935836445
998,838,baf23ac2df4ae881,Lung Opacity,on,0.1527515849694701,1.0,0.1013385188982212,0.1840255758830019,2.540926534572876
999,843,4bd52de750502d8a,Lung Opacity,off,0.1225384851541599,1.0,0.3822537459974714,0.5441391643120641,1.2195003172448755
999,843,4bd52de750502d8a,Lung Opacity,on,0.1225384851541599,1.0,0.5359716555259023,0.6978726420996777,1.1506015926608673
1000,865,f5e97290ecc2f7f1,Lung Opacity,off,0.1570447689916134,1.0,0.348300359788283,0.5114306520640161,2.8535030421146588
1000,865,f5e97290ecc2f7f1,Lung Opacity,on,0.1570447689916134,1.0,0.164418842500352,0.2823859051827295,2.65830951940176
1001,870,0c97e3818d27ed1a,Lung Opacity,off,0.1246241636575393,1.0,0.5494338418887803,0.7052986152539465,3.092961389742471
1001,870,0c97e3818d27ed1a,Lung Opacity,on,0.1246241636575393,1.0,0.3572288823989703,0.5263952410612041,3.367417502741249
1002,881,cc807973eae70749,Lung Opacity,off,0.1436291780574926,1.0,0.2171893848704364,0.3542900026483138,2.7816759456347606
1002,881,cc807973eae70749,Lung Opacity,on,0.1436291780574926,1.0,0.1277221831324534,0.2265101532413778,2.6743624989985624
1003,882,ec62b90d012a7f36,Lung Opacity,off,0.1443650132304138,1.0,0.2998135163271388,0.4553272026997627,3.389267085901268
1003,882,ec62b90d012a7f36,Lung Opacity,on,0.1443650132304138,1.0,0.1709529901693054,0.2919862686705576,2.723677735836044
1004,894,3353c04b904316c9,Lung Opacity,off,0.1248239599627696,0.0,0.3575826533603547,0.5214488970906361,3.4083187849509318
1004,894,3353c04b904316c9,Lung Opacity,on,0.1248239599627696,0.0,0.1842097002264839,0.3111055508245061,2.989943075822536
1005,914,f780b938a0599c9d,Lung Opacity,off,0.1359492030076653,1.0,0.1204072350245249,0.2116531987833466,2.3708810023428093
1005,914,f780b938a0599c9d,Lung Opacity,on,0.1359492030076653,1.0,0.1084976310446753,0.1957500506345781,2.758294389907964
1006,989,ad9ff444d7023459,Lung Opacity,off,0.1391556900525805,1.0,0.4760576516093583,0.6428128710670402,1.954207132987721
1006,989,ad9ff444d7023459,Lung Opacity,on,0.1391556900525805,1.0,0.3975588920549858,0.5689248856443238,1.7200762431223071
1007,1010,da98b885287c0f5e,Lung Opacity,off,0.1646224093485178,1.0,0.5222275523575785,0.6800163763638628,2.037198370287157
1007,1010,da98b885287c0f5e,Lung Opacity,on,0.1646224093485178,1.0,0.6628074454934755,0.7972140966214316,1.5947390428975632
1008,1018,163cee564a6cfc12,Lung Opacity,off,0.1306667836206014,0.0,0.149617177570402,0.2582870687228776,3.134281061049647
1008,1018,163cee564a6cfc12,Lung Opacity,on,0.1306667836206014,0.0,0.0708316690185672,0.1322917080097405,2.7316884820686287
1009,1023,561ab0f3de7db10c,Lung Opacity,off,0.1654215945694389,1.0,0.176084587375369,0.2993514103057716,0.9498338591131632
1009,1023,561ab0f3de7db10c,Lung Opacity,on,0.1654215945694389,1.0,0.1664828243240309,0.2854436740052631,0.6744983580882821
1010,1032,3648bbc08abfe9fb,Lung Opacity,off,0.1171439849129424,1.0,0.5913717545167589,0.7410733856137159,3.5066579889297214
1010,1032,3648bbc08abfe9fb,Lung Opacity,on,0.1171439849129424,1.0,0.3062249767093701,0.4688587261667288,3.3705361743045468
1011,1059,4e6b02da4dcc915f,Lung Opacity,off,0.1440482629904146,1.0,0.1711918748485476,0.2891364157473441,2.530256289139601
1011,1059,4e6b02da4dcc915f,Lung Opacity,on,0.1440482629904146,1.0,0.1459049697387792,0.2546497110724099,2.703233484578082
1012,1071,d2d1c6634af7be5d,Lung Opacity,off,0.1395211710987335,1.0,0.5790014088267088,0.7309938347338089,2.326985142116969
1012,1071,d2d1c6634af7be5d,Lung Opacity,on,0.1395211710987335,1.0,0.5974767101710423,0.7480215856441476,2.4520499134695584
1013,1087,b2249a0431083ac3,Lung Opacity,off,0.1648806826211326,1.0,0.2536364945517586,0.4038500291937302,1.011078546721877
1013,1087,b2249a0431083ac3,Lung Opacity,on,0.1648806826211326,1.0,0.2999751101952347,0.4615064408527612,0.6126117764441273
1014,1099,7bc2cc696d4337d2,Lung Opacity,off,0.1345944865965917,0.0,0.3322489893088008,0.4948211486932802,2.978273303162626
1014,1099,7bc2cc696d4337d2,Lung Opacity,on,0.1345944865965917,0.0,0.180627782139672,0.3059809055940315,2.8610729173783955
1015,1117,e1d459756f1b3518,Lung Opacity,off,0.1324893157707508,1.0,0.2887950351022627,0.4337553967382224,2.077370971414048
1015,1117,e1d459756f1b3518,Lung Opacity,on,0.1324893157707508,1.0,0.3279916551851868,0.4939399064653019,2.395743028122897
1016,1132,a7f9e47fecee141b,Lung Opacity,off,0.1822288496118591,1.0,0.3596536705518967,0.5262997291161722,1.189913370529703
1016,1132,a7f9e47fecee141b,Lung Opacity,on,0.1822288496118591,1.0,0.3310404775146919,0.4974063596536355,0.954598599705389
1017,953,e85aa1af55a864a7,Consolidation,off,0.1822044842087822,1.0,0.2751868309944529,0.4302949010092384,1.7066988744584457
1017,953,e85aa1af55a864a7,Consolidation,on,0.1822044842087822,1.0,0.2598816420670643,0.4125450860477732,1.518475399751425
1018,490,59455916e32ce344,Lung Opacity,off,0.1210132109215482,1.0,0.0544269856244268,0.10147310884862,2.270191359807673
1018,490,59455916e32ce344,Lung Opacity,on,0.1210132109215482,1.0,0.1163346537148815,0.2084077536210073,3.015760472884669
1019,680,af3ebc6f5b2639d8,Consolidation,off,0.1720441111257303,1.0,0.323048548519227,0.4876999283329427,1.2932531839188135
1019,680,af3ebc6f5b2639d8,Consolidation,on,0.1720441111257303,1.0,0.361957943946967,0.5315255243196748,1.0417488798396777
1020,892,9b7143602c54f938,Consolidation,off,0.1317827190815217,1.0,0.4012930202908646,0.5723671760257637,1.3835080352347138
1020,892,9b7143602c54f938,Consolidation,on,0.1317827190815217,1.0,0.4011297148127866,0.5725678583626354,1.2271343768194043
1021,1114,5287b5a18fe396fa,Consolidation,off,0.1518793035393184,1.0,0.4531418588354611,0.6236020530052232,1.6576313483962204
1021,1114,5287b5a18fe396fa,Consolidation,on,0.1518793035393184,1.0,0.4285365883591918,0.599964559632453,1.349332559380508
1022,458,8210c0794bf934d5,Consolidation,off,0.1452811523861039,1.0,0.2117702113620182,0.3463668984312728,0.9877147536169903
1022,458,8210c0794bf934d5,Consolidation,on,0.1452811523861039,1.0,0.1127848429197714,0.2027053056581655,0.8866740739994496
1023,867,4ee7651e8cc5fac7,Lung Opacity,off,0.1347894098212066,1.0,0.3084955133399079,0.4678004983824066,2.695785276646341
1023,867,4ee7651e8cc5fac7,Lung Opacity,on,0.1347894098212066,1.0,0.1960984840740433,0.3278778724297247,2.9168102613369893
1024,27,0963775551c15d7a,Consolidation,off,0.1358614875565886,1.0,0.3259950238520298,0.4909780678064263,2.1057232780515767
1024,27,0963775551c15d7a,Consolidation,on,0.1358614875565886,1.0,0.2367511729056792,0.3828572558775518,2.1637317663831745
1025,443,47bc38c2af99e042,Lung Opacity,off,0.1695880784955825,0.0,0.1877933774187615,0.3125439297178339,2.2209974101317247
1025,443,47bc38c2af99e042,Lung Opacity,on,0.1695880784955825,0.0,0.1249722460521141,0.2221718680017096,2.445204426687184
1026,1067,e84b241dfd2370bb,Consolidation,off,0.1423524309362649,1.0,0.3532355314022096,0.5206486934903489,1.1493880005079231
1026,1067,e84b241dfd2370bb,Consolidation,on,0.1423524309362649,1.0,0.3224613797257778,0.4876677624869593,0.865411078900161
1027,572,2a154d96440d534f,Lung Opacity,off,0.1474740386630216,1.0,0.4163113359879261,0.584896856044033,1.9209646730413328
1027,572,2a154d96440d534f,Lung Opacity,on,0.1474740386630216,1.0,0.5440804075141695,0.7047277218064099,1.7916301447336334
1028,1143,10c2f530cb8f51fd,Consolidation,off,0.1957272829164413,1.0,0.3786111857034676,0.5456536731456643,1.5873137361319496
1028,1143,10c2f530cb8f51fd,Consolidation,on,0.1957272829164413,1.0,0.4539545395961598,0.6244373274664696,1.2251785521638434
1029,379,5a7d7262a11a2c20,Consolidation,off,0.1458171912537949,0.0,0.0,0.0,-0.446904322016291
1029,379,5a7d7262a11a2c20,Consolidation,on,0.1458171912537949,0.0,0.0,0.0,-0.4343102472350281
1030,709,2de53fac8a1b349f,Consolidation,off,0.1511239760439356,1.0,0.3622049663691865,0.531608283539716,1.401483814585264
1030,709,2de53fac8a1b349f,Consolidation,on,0.1511239760439356,1.0,0.2724176351497215,0.4281797765351518,0.9397533514618658
1031,547,3b2b31b61fa0372a,Lung Opacity,off,0.1917995799404509,1.0,0.4569368264873545,0.6249473258999737,1.8362889101101545
1031,547,3b2b31b61fa0372a,Lung Opacity,on,0.1917995799404509,1.0,0.5370501382998241,0.6988055174029385,1.3411823748698068
1032,786,05002b2b0885808c,Lung Opacity,off,0.1554610177916173,1.0,0.4083562953279877,0.5757595654365939,1.5659409496332324
1032,786,05002b2b0885808c,Lung Opacity,on,0.1554610177916173,1.0,0.5074164942897267,0.6732250827380114,1.1911504861572082
1033,759,99e540e33016898d,Consolidation,off,0.1249750254618462,1.0,0.195448221214379,0.3235684116639303,1.8152979763375232
1033,759,99e540e33016898d,Consolidation,on,0.1249750254618462,1.0,0.1036508157704737,0.187830309905519,1.5920798591317666
1034,589,ec7f48cbd6ef8211,Lung Opacity,off,0.1836030583453942,1.0,0.1475014945941958,0.25059957452739,2.4180940328449143
1034,589,ec7f48cbd6ef8211,Lung Opacity,on,0.1836030583453942,1.0,0.0926424847405213,0.1695719775969489,2.281468280589085
1035,1129,6febfbb83df0148b,Lung Opacity,off,0.1292730825646048,1.0,0.4058523152448597,0.5759833460919035,3.1353718331994145
1035,1129,6febfbb83df0148b,Lung Opacity,on,0.1292730825646048,1.0,0.2162949677383324,0.3556571788695614,2.9871651028967667
1036,806,3f86260cf64dcb05,Lung Opacity,off,0.1625805885706767,0.0,0.1602485667259899,0.2758183099545106,0.8102027740652774
1036,806,3f86260cf64dcb05,Lung Opacity,on,0.1625805885706767,0.0,0.1741279805358715,0.296606429995987,0.5701486565016506
1037,44,1468a545136dd5ba,Consolidation,off,0.1501785984045534,1.0,0.350559601248792,0.5181337574592328,2.180320858702532
1037,44,1468a545136dd5ba,Consolidation,on,0.1501785984045534,1.0,0.2859759101960436,0.4447415177236788,2.9018605385171137
1038,485,be773e0028215e81,Consolidation,off,0.1296093251270655,1.0,0.4295266128725365,0.6004898401280478,0.8864386478420995
1038,485,be773e0028215e81,Consolidation,on,0.1296093251270655,1.0,0.3791585528194532,0.5498321262408661,1.0154909043672962
1039,949,9728ddeca70a3995,Lung Opacity,off,0.1809862140549391,1.0,0.4268252114245238,0.5958869232938089,1.9681184908131024
1039,949,9728ddeca70a3995,Lung Opacity,on,0.1809862140549391,1.0,0.4838755204429489,0.6521779941425774,1.9112650589048048
1040,690,1ebc12624450b252,Lung Opacity,off,0.1272946118347636,1.0,0.2421300233078783,0.3849174671103389,3.065677550345072
1040,690,1ebc12624450b252,Lung Opacity,on,0.1272946118347636,1.0,0.1415988046278299,0.2480652457992075,2.8967166962452207
1041,662,4cc1fcdeed43b68a,Consolidation,off,0.1751044057521843,1.0,0.3438909835379618,0.5081000570446317,1.507425547223121
1041,662,4cc1fcdeed43b68a,Consolidation,on,0.1751044057521843,1.0,0.455964090775405,0.6263382984092439,1.0770970107011488
1042,773,d18833095a890c5d,Consolidation,off,0.1334005818458254,1.0,0.3466391963935939,0.5130539517644137,1.3903680137689876
1042,773,d18833095a890c5d,Consolidation,on,0.1334005818458254,1.0,0.333533352904055,0.5002127818562301,1.0442361456386362
1043,868,bb593e75db4ae1f1,Lung Opacity,off,0.14653840718487,1.0,0.325517808507379,0.480228472469039,2.229615609088666
1043,868,bb593e75db4ae1f1,Lung Opacity,on,0.14653840718487,1.0,0.2396875739929246,0.3866873452749303,2.521179439189657
1044,703,42af86817a1fc686,Lung Opacity,off,0.1390484822790423,1.0,0.5768730241320374,0.7313300979899114,2.4686975416965526
1044,703,42af86817a1fc686,Lung Opacity,on,0.1390484822790423,1.0,0.4960071267764983,0.6630990246399167,2.7359408320657472
1045,890,2e8a1d279ded7080,Consolidation,off,0.1192930134643217,1.0,0.5506457001630894,0.7098159167076352,2.5938506089952296
1045,890,2e8a1d279ded7080,Consolidation,on,0.1192930134643217,1.0,0.4645983333922315,0.6344280714931188,3.032468603783116
1046,259,f635afc2d61f85db,Lung Opacity,off,0.1338294129399782,1.0,0.6467686228378903,0.7786046413514146,3.8236029174850086
1046,259,f635afc2d61f85db,Lung Opacity,on,0.1338294129399782,1.0,0.3117490171236263,0.4753068161137084,3.1371717492870728
1047,637,529ec12b23c96a2e,Lung Opacity,off,0.1860688371367727,0.0,0.2287214506314699,0.3717027604127617,1.2803126234079922
1047,637,529ec12b23c96a2e,Lung Opacity,on,0.1860688371367727,0.0,0.2572211345105274,0.4091898853849183,0.9005810417307227
1048,926,0fec6a529bcfd2f9,Lung Opacity,off,0.1423573040168803,0.0,0.1305294136038492,0.230272731920406,2.299013965983637
1048,926,0fec6a529bcfd2f9,Lung Opacity,on,0.1423573040168803,0.0,0.0763798513184416,0.1419166830629165,2.643444019921137
1049,554,d11f8f5efb8b1d40,Consolidation,off,0.1624831269583692,1.0,0.3628703028775137,0.5263827241402653,1.3657284003169463
1049,554,d11f8f5efb8b1d40,Consolidation,on,0.1624831269583692,1.0,0.4962949290599211,0.6633640871122749,1.266987023695766
1050,323,4c1c2fa84ef6dde3,Lung Opacity,off,0.1128020700846454,1.0,0.1960066933589856,0.3272846532262626,1.054818614210642
1050,323,4c1c2fa84ef6dde3,Lung Opacity,on,0.1128020700846454,1.0,0.2801345617967242,0.4376633452891966,0.9525606310339546
1051,624,840a379583bc3556,Consolidation,off,0.1281620201842999,1.0,0.1671070462856715,0.2841655975473442,2.794001394569097
1051,624,840a379583bc3556,Consolidation,on,0.1281620201842999,1.0,0.0934743614034531,0.1709639137014187,2.823551230685834
1052,1115,3b7a9cf6b7b5b5ce,Lung Opacity,off,0.1693395513841985,1.0,0.1115029222570717,0.1999824117444321,1.6728385550760594
1052,1115,3b7a9cf6b7b5b5ce,Lung Opacity,on,0.1693395513841985,1.0,0.111033632353748,0.1998719249038217,1.864185747251832
1053,794,f351439061d5ad61,Lung Opacity,off,0.1317924652427525,0.0,0.2047182088724889,0.3375175045353049,3.244533504804693
1053,794,f351439061d5ad61,Lung Opacity,on,0.1317924652427525,0.0,0.0998162401351339,0.1815124693242867,2.760120241098685
1054,772,f4985731f315e372,Lung Opacity,off,0.1604851639060664,1.0,0.1875981986410031,0.3055881506582006,1.9728334109847223
1054,772,f4985731f315e372,Lung Opacity,on,0.1604851639060664,1.0,0.1339730286358933,0.236232299845218,2.569021899553948
1055,1003,5e887ff332cd84e0,Consolidation,off,0.1418894882778046,1.0,0.454369009874811,0.6246560000952951,2.448006844317321
1055,1003,5e887ff332cd84e0,Consolidation,on,0.1418894882778046,1.0,0.3770413753354403,0.5476014718140656,2.7826833620272917
1056,562,dc0a4d5aa64453b1,Lung Opacity,off,0.1655580408266694,1.0,0.0135149307601417,0.0266177161385712,1.99675736880076
1056,562,dc0a4d5aa64453b1,Lung Opacity,on,0.1655580408266694,1.0,0.0246937265818239,0.0481966546568668,2.3694339522356493
1057,1153,54499e14c7ac5da4,Lung Opacity,off,0.1604169407774512,1.0,0.19246740085515,0.3225497567926673,1.197666401448591
1057,1153,54499e14c7ac5da4,Lung Opacity,on,0.1604169407774512,1.0,0.2359315555401616,0.3817873976359223,0.958512909161606
1058,872,f7153e69885c5835,Lung Opacity,off,0.1171634772354039,1.0,0.5642564108523169,0.7205360204061696,2.9836688680254086
1058,872,f7153e69885c5835,Lung Opacity,on,0.1171634772354039,1.0,0.3866016855361725,0.5576117235954475,3.5373194882261303
1059,947,e82691ac1caaca89,Lung Opacity,off,0.1336539820378248,1.0,0.3083606296854173,0.4682325364320315,0.9487270252116234
1059,947,e82691ac1caaca89,Lung Opacity,on,0.1336539820378248,1.0,0.4612055818257772,0.6312657864810487,0.9931751737629684
1060,623,6fc49d603a768803,Consolidation,off,0.1402423870298086,1.0,0.5395156148832753,0.6963181790798341,3.137949997855458
1060,623,6fc49d603a768803,Consolidation,on,0.1402423870298086,1.0,0.3199341203223444,0.4847484683357939,3.103911175326576
1061,687,a08261c925ff8d87,Consolidation,off,0.1113547651418797,0.0,0.1405475650672458,0.2448147820338999,1.6483267819892584
1061,687,a08261c925ff8d87,Consolidation,on,0.1113547651418797,0.0,0.2029066673520664,0.3373605989742407,1.871691117301281
1062,849,e657132d289a3d51,Lung Opacity,off,0.1319142922581368,1.0,0.1214044484667225,0.2136501098031339,2.5167183677082337
1062,849,e657132d289a3d51,Lung Opacity,on,0.1319142922581368,1.0,0.0919463584699166,0.1684031803176292,2.783726055726356
1063,495,15f6bb902a2c959a,Consolidation,off,0.1384734587664284,1.0,0.532881298567845,0.6945413332977388,3.041196792923366
1063,495,15f6bb902a2c959a,Consolidation,on,0.1384734587664284,1.0,0.3420878467518142,0.5097721712524439,3.1476147679200888
1064,1108,1ae4a6386bc83344,Lung Opacity,off,0.1373429040636619,1.0,0.4601133617733845,0.6300248476019409,2.507019477663551
1064,1108,1ae4a6386bc83344,Lung Opacity,on,0.1373429040636619,1.0,0.3752679850683222,0.5457276527045745,3.0952326120301312
1065,835,63a0f8e87901b112,Lung Opacity,off,0.1317047497916758,1.0,0.5639151156630653,0.7207721088404917,2.7546318808254164
1065,835,63a0f8e87901b112,Lung Opacity,on,0.1317047497916758,1.0,0.3963561633425175,0.5676864134939412,3.147681017945741
1066,1120,770bcfbe59f7a3db,Pleural Effusion,off,0.1628242426014453,1.0,0.3891701369483754,0.5601051570098531,1.708282172807306
1066,1120,770bcfbe59f7a3db,Pleural Effusion,on,0.1628242426014453,1.0,0.3987220149057525,0.5701229111273424,1.4603934071745717
1067,682,9e9dc881dce1f80f,Pleural Effusion,off,0.1860103601693883,1.0,0.5040633065239006,0.6679736379384582,2.4592162472810024
1067,682,9e9dc881dce1f80f,Pleural Effusion,on,0.1860103601693883,1.0,0.4470958035058741,0.6179109619817501,2.864189998667111
1068,501,afef2a64487ccc52,Pleural Effusion,off,0.171176702776194,1.0,0.346511280089029,0.5106988235461762,2.4585738436761337
1068,501,afef2a64487ccc52,Pleural Effusion,on,0.171176702776194,1.0,0.2214417291918087,0.3625803865527787,2.565157353980578
1069,978,d4a24d57809210d6,Pleural Effusion,off,0.1116763884624943,0.0,0.2592057814482981,0.4115131715026491,1.4261524751612884
1069,978,d4a24d57809210d6,Pleural Effusion,on,0.1116763884624943,0.0,0.2893578596271481,0.4488362571452929,1.4591277142522747
1070,902,ce6cc922e4733aa7,Pleural Effusion,off,0.1446037941805671,1.0,0.4909299818291376,0.6584226376273034,2.2309447010647285
1070,902,ce6cc922e4733aa7,Pleural Effusion,on,0.1446037941805671,1.0,0.4586879392708984,0.6289016996070619,2.3889377378734884
1071,552,c8e12d7b589b5f7a,Pleural Effusion,off,0.1644567246075952,1.0,0.230230616524743,0.3739721399765557,1.7263980651307933
1071,552,c8e12d7b589b5f7a,Pleural Effusion,on,0.1644567246075952,1.0,0.214730831063052,0.3535440255519481,1.5111952043033177
1072,987,32858eb95ff67333,Pleural Effusion,off,0.1675852423626644,0.0,0.1581927014253001,0.2729615204324283,1.8717866287105465
1072,987,32858eb95ff67333,Pleural Effusion,on,0.1675852423626644,0.0,0.1316045521265297,0.2325951601469428,2.262323680264904
1073,1038,5e8fe2fa834e1c32,Pleural Effusion,off,0.1294095288218353,1.0,0.3718722987675849,0.5395370184704593,3.121755542354024
1073,1038,5e8fe2fa834e1c32,Pleural Effusion,on,0.1294095288218353,1.0,0.1943317810655864,0.3254176498265974,2.9517916207472594
1074,555,f7c5f09b2030a7d8,Pleural Effusion,off,0.17779434625187,1.0,0.3712835412775574,0.5336479892639568,1.5927606765756903
1074,555,f7c5f09b2030a7d8,Pleural Effusion,on,0.17779434625187,1.0,0.545824914239879,0.7061870898536282,1.1269520414555654
1075,446,fe58ac10abaf8090,Pleural Effusion,off,0.1720538572869611,1.0,0.2570378186731265,0.3994007767914799,2.0865578728714524
1075,446,fe58ac10abaf8090,Pleural Effusion,on,0.1720538572869611,1.0,0.2658401533796241,0.4200037338368239,2.468879164124348
1076,912,8aaec40bc7225327,Pleural Effusion,off,0.2013459448659659,1.0,0.4147433170138459,0.5860500453357903,1.6527380064487174
1076,912,8aaec40bc7225327,Pleural Effusion,on,0.2013459448659659,1.0,0.4310566082188315,0.6024310208728205,1.2406496842564652
1077,686,d8cae75ce335777c,Pleural Effusion,off,0.1199996101535507,1.0,0.2891488814624715,0.4485722857400311,1.051347302784789
1077,686,d8cae75ce335777c,Pleural Effusion,on,0.1199996101535507,1.0,0.2814569833416455,0.4392762545838547,0.7889619815512744
1078,825,58646d9099d568d0,Pleural Effusion,off,0.13372220516644,1.0,0.6110787258305959,0.7577752374089048,3.0612141319056256
1078,825,58646d9099d568d0,Pleural Effusion,on,0.13372220516644,1.0,0.4414499503001277,0.612489981163854,3.4916956264158165
1079,502,e067b5a011b6f780,Pleural Effusion,off,0.1245169558840011,1.0,0.4583604482223855,0.6209592391833539,3.2977576718465924
1079,502,e067b5a011b6f780,Pleural Effusion,on,0.1245169558840011,1.0,0.249754976486059,0.3996749459359908,3.137231793126237
1080,932,9e90087f741b0a4b,Pleural Effusion,off,0.1610504412574497,1.0,0.2898134332252652,0.4491503691808733,1.781575560107562
1080,932,9e90087f741b0a4b,Pleural Effusion,on,0.1610504412574497,1.0,0.2772847170733232,0.4341732634492919,1.869181991079168
1081,1060,81bfaed24e14a36d,Pleural Effusion,off,0.1328694160587498,0.0,0.427504293095842,0.5969940803915212,2.8730367206422227
1081,1060,81bfaed24e14a36d,Pleural Effusion,on,0.1328694160587498,0.0,0.2590717687678944,0.4115198308280074,3.0318426657886857
1082,818,c9073232c6d4b940,Pleural Effusion,off,0.1996257474087394,0.0,0.1135080580287903,0.2031278496645205,0.9566055581695084
1082,818,c9073232c6d4b940,Pleural Effusion,on,0.1996257474087394,0.0,0.1317244976386098,0.2327853667076101,0.5276993010432822
1083,941,ac76e72ff49a04d1,Pleural Effusion,off,0.1527515849694701,1.0,0.4593751368790658,0.6266200651779581,2.243531671802208
1083,941,ac76e72ff49a04d1,Pleural Effusion,on,0.1527515849694701,1.0,0.3931691295871781,0.5643852770904669,3.131926769001784
1084,1128,43610d4623a4466c,Pleural Effusion,off,0.1159013493560223,1.0,0.3845669212011641,0.5464923659762221,3.6974053523666046
1084,1128,43610d4623a4466c,Pleural Effusion,on,0.1159013493560223,1.0,0.1952084807819914,0.3266461217385107,3.144222314683049
1085,450,84aca73e6943a78c,Pleural Effusion,off,0.1530878275319308,1.0,0.4027566617512471,0.5717231695655742,1.5759623286205016
1085,450,84aca73e6943a78c,Pleural Effusion,on,0.1530878275319308,1.0,0.4359446572734698,0.6071861256414628,1.3918774114322132
1086,815,feaa3ea4b1fbccfb,Pleural Effusion,off,0.1434488740747238,1.0,0.3321272029348044,0.498342347796792,1.0226998363430535
1086,815,feaa3ea4b1fbccfb,Pleural Effusion,on,0.1434488740747238,1.0,0.3370099892865667,0.5041218444069229,0.9101576900191828
1087,836,23122b420d5fe60e,Pleural Effusion,off,0.1409879683639606,1.0,0.2281557186284434,0.3708612031339179,1.314294887532919
1087,836,23122b420d5fe60e,Pleural Effusion,on,0.1409879683639606,1.0,0.2888873994134248,0.4482734162709744,1.0246058011595802
1088,730,d67867fe0018946f,Pleural Effusion,off,0.1517964611688571,1.0,0.4613142004306721,0.6299233624749941,2.4863689363484904
1088,730,d67867fe0018946f,Pleural Effusion,on,0.1517964611688571,1.0,0.3469901603940122,0.5151978558475083,2.8742800841306715
1089,908,df4705a92b5db9bf,Pleural Effusion,off,0.1815563644869377,1.0,0.3177124172186318,0.4806820216428061,1.9767504426773208
1089,908,df4705a92b5db9bf,Pleural Effusion,on,0.1815563644869377,1.0,0.3010785254250798,0.4628098098352819,2.084348469122137
1090,784,c10bc1f45238c893,Pleural Effusion,off,0.1564599993177687,1.0,0.46791177895385,0.6330759109973666,2.315754746963453
1090,784,c10bc1f45238c893,Pleural Effusion,on,0.1564599993177687,1.0,0.4096390326630043,0.58118301730529,2.287424845256989
1091,997,67a2a858716143a1,Pleural Effusion,off,0.1444039978753368,1.0,0.4671074476077788,0.6361808181823763,2.45138252189144
1091,997,67a2a858716143a1,Pleural Effusion,on,0.1444039978753368,1.0,0.3510950412921145,0.5197090708800924,2.899573203822276
1092,482,eb24fa44f568ccfa,Pleural Effusion,off,0.1217149345301619,1.0,0.4506524588483779,0.6205327070888911,1.7612656594357037
1092,482,eb24fa44f568ccfa,Pleural Effusion,on,0.1217149345301619,1.0,0.476620991373757,0.6455552583451326,1.6077129289362513
1093,757,10ca37bd9be150be,Pleural Effusion,off,0.1929106423207559,1.0,0.2745371169297145,0.4301106058571228,1.1019191449759396
1093,757,10ca37bd9be150be,Pleural Effusion,on,0.1929106423207559,1.0,0.3152185630483342,0.4793389209252375,0.7029109271157145
1094,707,e3a24951af784f22,Pleural Effusion,off,0.1804209367035558,1.0,0.2029869962451961,0.3340327730288632,1.252373965199089
1094,707,e3a24951af784f22,Pleural Effusion,on,0.1804209367035558,1.0,0.2944161453149024,0.4548977764982879,1.1187807891042
1095,566,47b9c4202e77cc1c,Pleural Effusion,off,0.1225189928316984,1.0,0.3928095913611874,0.5635907149402163,2.97065619560158
1095,566,47b9c4202e77cc1c,Pleural Effusion,on,0.1225189928316984,1.0,0.2162209918621946,0.3555549368319295,3.087144841831519
1096,994,a018d2ec2056ba13,Pleural Effusion,off,0.1568985765731522,1.0,0.1798775205481253,0.3024661848627934,1.0130282165429425
1096,994,a018d2ec2056ba13,Pleural Effusion,on,0.1568985765731522,1.0,0.3196904619650244,0.4844577886373457,0.6789184778159665
1097,578,8250971e15436201,Pleural Effusion,off,0.134833267546745,1.0,0.4341564687326549,0.6015890344999237,2.0357617859708816
1097,578,8250971e15436201,Pleural Effusion,on,0.134833267546745,1.0,0.6099191514305147,0.7577015851351462,1.9188620572256827
1098,104,ec0760fc67ee339f,Pleural Effusion,off,0.1918093261016817,1.0,0.4849491436813989,0.6507313210929728,2.223669188026502
1098,104,ec0760fc67ee339f,Pleural Effusion,on,0.1918093261016817,1.0,0.458804083449029,0.6290017316225415,2.4468996797472147
1099,821,31454ced59f57f9b,Pleural Effusion,off,0.1581996890974567,0.0,0.2021018427875218,0.3337085913242766,0.8578610353601617
1099,821,31454ced59f57f9b,Pleural Effusion,on,0.1581996890974567,0.0,0.2557448509267855,0.4073126029782887,0.99794218860188
1100,1026,afd85468199ad4ac,Pleural Effusion,off,0.145256786983027,1.0,0.535548868705327,0.6960601507529164,2.9262978544472484
1100,1026,afd85468199ad4ac,Pleural Effusion,on,0.145256786983027,1.0,0.3386851186161169,0.5059837988453688,3.0443972861586674
1101,877,3cf6f3a36e63c3d7,Pleural Effusion,off,0.1512945338654737,1.0,0.2978536570825608,0.458279867514764,1.6622537088587754
1101,877,3cf6f3a36e63c3d7,Pleural Effusion,on,0.1512945338654737,1.0,0.2780464230853049,0.4351094254560146,1.4345160514510331
1102,802,f642a9532e776fba,Pleural Effusion,off,0.1560798990297696,1.0,0.4745224200047255,0.6355275042117116,1.8518792195421725
1102,802,f642a9532e776fba,Pleural Effusion,on,0.1560798990297696,1.0,0.6143715129640525,0.7611256238339561,1.5189712823256918
1103,573,10fee9feaffc9d67,Pleural Effusion,off,0.1363439225375105,0.0,0.2463649597613342,0.3944225795841572,1.571791527665216
1103,573,10fee9feaffc9d67,Pleural Effusion,on,0.1363439225375105,0.0,0.2831279487777241,0.4413089252306232,1.7933443039169747
1104,1064,1b4b246fc1934132,Pleural Effusion,off,0.1571519767651516,1.0,0.4528630057807669,0.6225216906871917,2.104708962876447
1104,1064,1b4b246fc1934132,Pleural Effusion,on,0.1571519767651516,1.0,0.3912460890179008,0.5624321056349199,2.0443337503060457
1105,917,8544f40e972ffb8b,Pleural Effusion,off,0.208972316029024,0.0,0.1087527816478875,0.194184863718419,0.1114581129919342
1105,917,8544f40e972ffb8b,Pleural Effusion,on,0.208972316029024,0.0,0.0682909214505715,0.1278454230127162,-0.1548047190439804
1106,1110,cbfeb2200c7693e3,Pleural Effusion,off,0.1219683347221613,1.0,0.2203788678460076,0.3599770422547003,1.2323005080551872
1106,1110,cbfeb2200c7693e3,Pleural Effusion,on,0.1219683347221613,1.0,0.2759223501055161,0.4325048172795768,0.9421332847837444
1107,611,90ba30781590a8c3,Pleural Effusion,off,0.1399792406765785,1.0,0.383521473267075,0.5541568690512702,2.3020972945300406
1107,611,90ba30781590a8c3,Pleural Effusion,on,0.1399792406765785,1.0,0.2929294808081437,0.4531195960739574,2.748172449916199
1108,349,6b56d0dbc96e87a3,Pleural Effusion,off,0.1956103289816723,1.0,0.4585079526533537,0.6240692207057253,2.0292082531425204
1108,349,6b56d0dbc96e87a3,Pleural Effusion,on,0.1956103289816723,1.0,0.4207487228803515,0.5922422129080444,2.4264624032556
1109,896,71c224d9e56d6796,Pleural Effusion,off,0.1847872169349297,1.0,0.3792485730763398,0.5494138944028524,1.7906423427594311
1109,896,71c224d9e56d6796,Pleural Effusion,on,0.1847872169349297,1.0,0.404360893195682,0.5758643221487876,1.4871250585209317
1110,973,87f24fde5f11ea3e,Pleural Effusion,off,0.1327232236402886,1.0,0.4738495891732192,0.642305261775108,2.439852401449118
1110,973,87f24fde5f11ea3e,Pleural Effusion,on,0.1327232236402886,1.0,0.4213814536026238,0.5929080976769903,2.983495722847262
1111,1130,c447627e22128f05,Pleural Effusion,off,0.1525371694223937,1.0,0.5248337130973272,0.6881693725471184,2.2561825592246008
1111,1130,c447627e22128f05,Pleural Effusion,on,0.1525371694223937,1.0,0.5024001032907166,0.6687953143383134,2.1559994689130964
1112,519,cb23f15188ae0ac0,Pleural Effusion,off,0.1190055017080147,1.0,0.4442221846190211,0.6139923577179328,2.334150349440645
1112,519,cb23f15188ae0ac0,Pleural Effusion,on,0.1190055017080147,1.0,0.4376790008026147,0.6088640282292271,2.998295819212129
1113,500,962c6a113118443b,Pleural Effusion,off,0.118995755546784,1.0,0.3546487804201726,0.5055515259551491,2.1625043762333758
1113,500,962c6a113118443b,Pleural Effusion,on,0.118995755546784,1.0,0.4028600117268622,0.5743142867147025,3.3260889001544034
1114,529,4881147b3065f434,Pleural Effusion,off,0.1689107202900457,0.0,0.0798199261857922,0.1477223263449813,0.1074658696367076
1114,529,4881147b3065f434,Pleural Effusion,on,0.1689107202900457,0.0,0.0781499492750001,0.1449701026412799,-0.0023734415268486
1115,545,f2c7ecc55cd16fef,Pleural Effusion,off,0.1507390026753212,0.0,0.086233904393108,0.1585860072282233,0.4355469361129966
1115,545,f2c7ecc55cd16fef,Pleural Effusion,on,0.1507390026753212,0.0,0.1147387268288661,0.2058563342310045,0.2441656489512539
1116,669,740b1c37f34a8265,Pleural Effusion,off,0.1466212495553314,1.0,0.2674035926650926,0.4206239099382204,1.470873732881369
1116,669,740b1c37f34a8265,Pleural Effusion,on,0.1466212495553314,1.0,0.3776677207703115,0.5482696951149184,1.266808116942466
1117,509,8c310bf79d9599ea,Pleural Effusion,off,0.1475568810334829,1.0,0.193316732517297,0.3239615729794241,1.17265125463504
1117,509,8c310bf79d9599ea,Pleural Effusion,on,0.1475568810334829,1.0,0.160619138867161,0.2767809059043012,1.0040666837462562
1118,614,3ff4d9de646f6970,Pleural Effusion,off,0.1636867778703663,1.0,0.4190526674488536,0.5874167339011456,2.5792542098638926
1118,614,3ff4d9de646f6970,Pleural Effusion,on,0.1636867778703663,1.0,0.2556846866908596,0.4072280173427136,2.698464711243292
1119,893,52aac5703e299bfb,Pleural Effusion,off,0.1390825938433499,1.0,0.496099355184913,0.6621096359495915,2.267189198895976
1119,893,52aac5703e299bfb,Pleural Effusion,on,0.1390825938433499,1.0,0.429079749463768,0.6004939409706477,2.624783335229146
1120,648,190a822f1a70e22b,Pleural Effusion,off,0.1540624436550053,1.0,0.3165926394203048,0.4792681326430854,1.5636264686841637
1120,648,190a822f1a70e22b,Pleural Effusion,on,0.1540624436550053,1.0,0.2964158618921301,0.4572767777612941,1.39161621986791
1121,622,7e26ed073019eeec,Pleural Effusion,off,0.1395406634211949,1.0,0.4175609812652749,0.5873161703338121,2.958925019539512
1121,622,7e26ed073019eeec,Pleural Effusion,on,0.1395406634211949,1.0,0.2481175551481644,0.3975811801100544,2.9191468254122177
1122,985,69b9494d1f0e2086,Pleural Effusion,off,0.1424255271454955,1.0,0.5787947619908821,0.7325793608050458,2.843855690793358
1122,985,69b9494d1f0e2086,Pleural Effusion,on,0.1424255271454955,1.0,0.3721475937322566,0.5424006333204218,3.2023292155902623
1123,698,9cbffc87224139e9,Pleural Effusion,off,0.1584823277731483,1.0,0.2694352414333785,0.4242396406790774,1.5450473688799649
1123,698,9cbffc87224139e9,Pleural Effusion,on,0.1584823277731483,1.0,0.2434900251841663,0.3916222792895936,1.2751936049044488
1124,553,e1f7ee22e5418faf,Pleural Effusion,off,0.142235477001496,1.0,0.4801143073222489,0.6468863505774373,2.707936020746748
1124,553,e1f7ee22e5418faf,Pleural Effusion,on,0.142235477001496,1.0,0.3560740280628539,0.5251463797319703,3.03581356862273
1125,1051,7c1be6b3516ee49b,Pleural Effusion,off,0.1955762174173647,1.0,0.472152536552019,0.6401447639667617,2.0438749572409
1125,1051,7c1be6b3516ee49b,Pleural Effusion,on,0.1955762174173647,1.0,0.4199449237393994,0.5914899766302933,1.8047821143121576
1126,422,9edec8e40744cdcb,Pleural Effusion,off,0.1590768436082238,1.0,0.5143913314101528,0.6787152473827728,2.008863199436594
1126,422,9edec8e40744cdcb,Pleural Effusion,on,0.1590768436082238,1.0,0.4667500089152105,0.6364383872349908,1.8207780631351047
1127,1106,ae35c1b279e0edab,Pleural Effusion,off,0.1372015847258161,0.0,0.2050104788923488,0.3393780313567906,1.2533822169523816
1127,1106,ae35c1b279e0edab,Pleural Effusion,on,0.1372015847258161,0.0,0.2613799807274364,0.4144337730310914,0.955751611151768
1128,1061,2609a1069f715dcf,Pleural Effusion,off,0.1860249794112344,1.0,0.3716631711775166,0.5409192525709238,1.8139259105202927
1128,1061,2609a1069f715dcf,Pleural Effusion,on,0.1860249794112344,1.0,0.3770514741552803,0.5476207008213091,1.554209931719856
1129,996,405493f18077e437,Pleural Effusion,off,0.1633846468722132,1.0,0.2818298256545269,0.4369152814988309,1.9323170653763144
1129,996,405493f18077e437,Pleural Effusion,on,0.1633846468722132,1.0,0.2057460485127253,0.3412726005785376,1.926020463809313
1130,455,d8cb15c8f3e169c6,Pleural Effusion,off,0.1337855552144399,1.0,0.3195284501860826,0.4841679368038433,1.0611195351891678
1130,455,d8cb15c8f3e169c6,Pleural Effusion,on,0.1337855552144399,1.0,0.2482908693484321,0.3978052077264358,0.6888607658581631
1131,359,71e064315174ab07,Pleural Effusion,off,0.1487995165904029,0.0,0.1421042292995218,0.2485383988631715,2.001500117182849
1131,359,71e064315174ab07,Pleural Effusion,on,0.1487995165904029,0.0,0.1123108377670319,0.2019395114110624,2.56359492852871
1132,799,568cdb13a6f3f611,Pleural Effusion,off,0.1603925753743744,1.0,0.3230915513968643,0.4880218465683644,2.041889215723286
1132,799,568cdb13a6f3f611,Pleural Effusion,on,0.1603925753743744,1.0,0.2727357250898757,0.4285766814865154,2.25627795716173
1133,851,dcfa47fe26c138af,Pleural Effusion,off,0.151625903347319,1.0,0.2712579261097906,0.4240103672729029,1.106387040498264
1133,851,dcfa47fe26c138af,Pleural Effusion,on,0.151625903347319,1.0,0.3835462802183166,0.5544222158807304,0.7614698011121914
1134,642,20fb7eeeb458748f,Pleural Effusion,off,0.1787933277780214,1.0,0.3603181391017215,0.5259592718801037,1.4332591425552867
1134,642,20fb7eeeb458748f,Pleural Effusion,on,0.1787933277780214,1.0,0.4413357065865892,0.6123972487492232,1.0416163070620323
1135,858,8c78043e308ff768,Pleural Effusion,off,0.1478492658704052,0.0,0.2882356274816327,0.4472896688172415,2.299928023538252
1135,858,8c78043e308ff768,Pleural Effusion,on,0.1478492658704052,0.0,0.2312805170144388,0.3756673339550153,2.798427347602568
1136,999,889e47cdf0777897,Pleural Effusion,off,0.1385270626531974,1.0,0.3007518932373866,0.4596767648045638,1.185411979879775
1136,999,889e47cdf0777897,Pleural Effusion,on,0.1385270626531974,1.0,0.3704511894949839,0.5406264009496138,0.903533638832793
1137,496,0a5891e034f34c59,Pleural Effusion,off,0.1517964611688571,0.0,0.174294285095593,0.2951764023625817,0.7708898154919486
1137,496,0a5891e034f34c59,Pleural Effusion,on,0.1517964611688571,0.0,0.226912545036437,0.3698869964926764,0.4336294831193711
1138,279,c4fc45e536c113f2,Pleural Effusion,off,0.136402399504895,1.0,0.3346690112657115,0.4983847498272295,1.7553319236477056
1138,279,c4fc45e536c113f2,Pleural Effusion,on,0.136402399504895,1.0,0.4470697273748852,0.6178964641312847,1.7456368959530666
1139,833,ee687f9972a73784,Pleural Effusion,off,0.1536628510445448,1.0,0.4992846402977443,0.6658821548941123,1.9974907541029645
1139,833,ee687f9972a73784,Pleural Effusion,on,0.1536628510445448,1.0,0.4520538452657692,0.6226388340682144,1.6181462471048624
1140,1020,8632d4f4de11af44,Pleural Effusion,off,0.1274408042532247,0.0,0.1586924057250313,0.2724301420708229,0.8195734015828348
1140,1020,8632d4f4de11af44,Pleural Effusion,on,0.1274408042532247,0.0,0.2369769229085183,0.3831541426470763,0.4495722089200346
1141,731,20f77398fe1a3218,Pleural Effusion,off,0.2104780979391742,1.0,0.3893285268964002,0.5579139235908104,1.9304137860233168
1141,731,20f77398fe1a3218,Pleural Effusion,on,0.2104780979391742,1.0,0.3931237171460376,0.5643728475023273,1.758059163660516
1142,520,260c63daecc7305f,Pleural Effusion,off,0.1495694633276318,1.0,0.3228199569584922,0.485439863456582,0.6371864361898685
1142,520,260c63daecc7305f,Pleural Effusion,on,0.1495694633276318,1.0,0.3337972228453475,0.5005082302727233,0.87276171494558
1143,7,0d5f21fb4df88954,Pleural Effusion,off,0.1659381411146684,1.0,0.3657411746932738,0.5318677962451119,1.5795226360858556
1143,7,0d5f21fb4df88954,Pleural Effusion,on,0.1659381411146684,1.0,0.4763248322529693,0.6452842884621749,1.258635251978161
1144,521,565ebecef494a902,Pleural Effusion,off,0.1492429669264018,1.0,0.3491560141163025,0.516667682167258,1.59698921016432
1144,521,565ebecef494a902,Pleural Effusion,on,0.1492429669264018,1.0,0.3703863262037785,0.5405455917645886,1.4247071648797092
1145,558,3fb94454930d19a5,Pleural Effusion,off,0.1445599364550287,1.0,0.3393829652483827,0.5062938265386987,1.203094377103113
1145,558,3fb94454930d19a5,Pleural Effusion,on,0.1445599364550287,1.0,0.3666832274457176,0.5366027890639254,0.9158437934760444
1146,651,1a5351e70d0cbdd0,Pleural Effusion,off,0.1710743680832712,0.0,0.3228960750766637,0.4854204228090656,1.6976920752327491
1146,651,1a5351e70d0cbdd0,Pleural Effusion,on,0.1710743680832712,0.0,0.3720260578392853,0.5422997851087973,1.6853873454186483
1147,1144,febea89507fcdc45,Pleural Effusion,off,0.1565866994137684,1.0,0.4990334672043288,0.6650736546883256,2.3077022551489472
1147,1144,febea89507fcdc45,Pleural Effusion,on,0.1565866994137684,1.0,0.4989018049191868,0.6656877673529353,2.4697078929652814
1148,1145,2b70b76440ded8f1,Pleural Effusion,off,0.1596859786851454,0.0,0.2947471187738996,0.4538184029203271,1.932692741536819
1148,1145,2b70b76440ded8f1,Pleural Effusion,on,0.1596859786851454,0.0,0.304694912822841,0.4670696613001895,2.555269278947997
1149,568,52b20aee5d4f76ee,Pleural Effusion,off,0.1464555648144087,0.0,0.2275372175635188,0.3706153492748755,2.1476320982450186
1149,568,52b20aee5d4f76ee,Pleural Effusion,on,0.1464555648144087,0.0,0.1792558748554522,0.3040091505314977,2.714070478492102
1150,559,5a33ba2940830d6f,Pleural Effusion,off,0.198378238771204,1.0,0.4295104826412281,0.6007133118491194,2.198713263913987
1150,559,5a33ba2940830d6f,Pleural Effusion,on,0.198378238771204,1.0,0.4012353599136615,0.5726867480132776,1.9710208388405173
1151,954,e2f669c274470f5c,Pleural Effusion,off,0.1412706070396522,0.0,0.244966341638157,0.3924460975522152,1.811076303452679
1151,954,e2f669c274470f5c,Pleural Effusion,on,0.1412706070396522,0.0,0.2352602774293933,0.3808975344827235,2.530553511480825
1152,972,4898d16d1d823a18,Pleural Effusion,off,0.1705529484574263,1.0,0.2678514015365,0.4133527972820215,1.8237980611603244
1152,972,4898d16d1d823a18,Pleural Effusion,on,0.1705529484574263,1.0,0.2949115031222559,0.4554723475974462,2.221544047741711
1153,1157,209063cca1683265,Pleural Effusion,off,0.152946508194085,0.0,0.1637673929598835,0.2783192876972619,0.8705397360598682
1153,1157,209063cca1683265,Pleural Effusion,on,0.152946508194085,0.0,0.2339381945595531,0.3791727551016451,0.6368966940175377
1154,924,d906968e0193010d,Pleural Effusion,off,0.1749094825275694,0.0,0.001436936749865,0.0028533729176975,0.5792061135260713
1154,924,d906968e0193010d,Pleural Effusion,on,0.1749094825275694,0.0,0.0,0.0,-0.44204732963348
1155,528,713d2a70401f9f91,Pleural Effusion,off,0.1495694633276318,1.0,0.4143379427228388,0.5850581022024326,1.728093316954529
1155,528,713d2a70401f9f91,Pleural Effusion,on,0.1495694633276318,1.0,0.4535647648913296,0.6240721015495905,1.471382260886039
1156,1041,17fc39be1f836acc,Pleural Effusion,off,0.1326160158667504,1.0,0.4384029597598196,0.6026075593125257,2.409577286037793
1156,1041,17fc39be1f836acc,Pleural Effusion,on,0.1326160158667504,1.0,0.4068863222493542,0.5784039416399398,3.3167438635767845
1157,546,e28ff1f3ca2eb126,Pleural Effusion,off,0.2152049861360856,1.0,0.5856868668359667,0.7383713603886605,2.036023923794521
1157,546,e28ff1f3ca2eb126,Pleural Effusion,on,0.2152049861360856,1.0,0.6119078666883416,0.7592339951235794,1.69747036171283
1158,998,34e1b7bee389a237,Pleural Effusion,off,0.1633164237435979,1.0,0.3217615676540939,0.4815297666222474,1.431315860616663
1158,998,34e1b7bee389a237,Pleural Effusion,on,0.1633164237435979,1.0,0.5049839710206558,0.6710760364305679,1.1457726119530354
1159,769,7c0407d951784c3b,Pleural Effusion,off,0.1860883294592342,1.0,0.5013270611028876,0.6564844957440876,2.138574067436862
1159,769,7c0407d951784c3b,Pleural Effusion,on,0.1860883294592342,1.0,0.6765883439442849,0.8070820545857076,1.6335111790590904
1160,579,e0a3a3936bbceed3,Pleural Effusion,off,0.1813322027786305,1.0,0.3682187847007179,0.5331129269366064,1.2458970107032463
1160,579,e0a3a3936bbceed3,Pleural Effusion,on,0.1813322027786305,1.0,0.4153703989102174,0.5869310935082017,0.8017864144211563
1161,653,4137599a9ebd2c1b,Pleural Effusion,off,0.1836079314260096,1.0,0.4442589657922824,0.6146759219267353,1.6352708891758168
1161,653,4137599a9ebd2c1b,Pleural Effusion,on,0.1836079314260096,1.0,0.474999985104973,0.644066285069262,1.4538991254067013
