idx,rank,pair_id,category,dhs,q,point,iou,dice,cnr
0,133,a69b6f1a4d61d8b1,Pneumonia,off,0.1940558162653684,1.0,0.4002623867264536,0.5688265787470007,1.9615740539414384
0,133,a69b6f1a4d61d8b1,Pneumonia,on,0.1940558162653684,1.0,0.4572482638533433,0.6275501260411029,1.7972938730716794
1,64,3dfe8fee5bd1ceed,Pneumonia,off,0.1300430293018337,1.0,0.1994552736396825,0.3313276477958674,1.309931538727549
1,64,3dfe8fee5bd1ceed,Pneumonia,on,0.1300430293018337,1.0,0.4691801310429491,0.6386881309274057,1.1122825892509955
2,287,d736b1fc6877512b,Pneumothorax,off,0.1527710772919316,1.0,0.1059335421189521,0.1903416457272841,1.01587530203872
2,287,d736b1fc6877512b,Pneumothorax,on,0.1527710772919316,1.0,0.3722867633017573,0.542566722898794,0.7324323917557206
3,221,4b1efc03403cd73c,Pneumonia,off,0.1368799614052015,1.0,0.5149586330040435,0.6792080979937897,2.5452791955801883
3,221,4b1efc03403cd73c,Pneumonia,on,0.1368799614052015,1.0,0.2639452161467481,0.4176223647412153,2.931903618554042
4,99,930f9bd2d8c63458,Pneumothorax,off,0.1556169563713092,1.0,0.185535781604936,0.3083393452941201,1.292201602857303
4,99,930f9bd2d8c63458,Pneumothorax,on,0.1556169563713092,1.0,0.420130508374417,0.5916727647047273,0.8329168449268485
5,258,185d65aeccbfa70b,Pneumonia,off,0.1819169724524753,1.0,0.2658418452231645,0.4187078201368407,1.813762576972036
5,258,185d65aeccbfa70b,Pneumonia,on,0.1819169724524753,1.0,0.1896572141775697,0.3188424093169552,1.5462214928972782
6,232,dde31d4452de3e39,Pneumonia,off,0.1104142605831128,1.0,0.5965368852802239,0.7468384195018898,3.220779749820209
6,232,dde31d4452de3e39,Pneumonia,on,0.1104142605831128,1.0,0.3583848165591072,0.5276513681384605,3.614950924217966
7,267,96238c9f05e3b238,Pneumothorax,off,0.1078315278569653,0.0,0.0,0.0,-0.186558461142168
7,267,96238c9f05e3b238,Pneumothorax,on,0.1078315278569653,0.0,0.0,0.0,-0.3619030491374398
8,366,adfa39118b9e3489,Pneumothorax,off,0.1658065679380534,0.0,0.0080395626332743,0.0154577572294674,0.9311014839038164
8,366,adfa39118b9e3489,Pneumothorax,on,0.1658065679380534,0.0,0.1226605588653158,0.2185163994058913,0.6789550291430354
9,134,e09c63979aec3355,Pneumothorax,off,0.1484291624636346,0.0,0.1656772094738626,0.2840659964709711,1.4226265538687086
9,134,e09c63979aec3355,Pneumothorax,on,0.1484291624636346,0.0,0.1659290086034023,0.2846291574649692,1.26022219298432
10,89,944a3ee8201c0f57,Pneumothorax,off,0.1078558932600422,1.0,0.4140590695155753,0.5837296485416645,3.031802081122097
10,89,944a3ee8201c0f57,Pneumothorax,on,0.1078558932600422,1.0,0.2203660413002786,0.3611383294519305,3.333859954216427
11,352,f927f7fc0016cedd,Pneumonia,off,0.1664790530629748,1.0,0.4872614067153011,0.6542059058483994,1.9964514693522528
11,352,f927f7fc0016cedd,Pneumonia,on,0.1664790530629748,1.0,0.4057324326406254,0.5772510254588628,1.6692455644581563
12,371,7e6b1ef08113cdd8,Pneumothorax,off,0.1274944081399938,0.0,0.2601250747056477,0.4126922922736565,2.4688388975424567
12,371,7e6b1ef08113cdd8,Pneumothorax,on,0.1274944081399938,0.0,0.172358501728901,0.2940346879880365,2.851849904916276
13,277,9e284dd7868db308,Pneumothorax,off,0.143268570091955,0.0,0.024299430316008,0.0469281517505306,0.4899124012348367
13,277,9e284dd7868db308,Pneumothorax,on,0.143268570091955,0.0,0.082761804550908,0.152869818047986,0.2334347251823321
14,358,ffe388efa401e2c7,Pneumonia,off,0.1037917440268214,1.0,0.1749607780471173,0.2968303059463106,0.6620227643223275
14,358,ffe388efa401e2c7,Pneumonia,on,0.1037917440268214,1.0,0.190582967832707,0.3201498379590836,0.4669439901061786
15,336,a2552a9bae4a584f,Pneumonia,off,0.1193027596255524,1.0,0.2072911422744266,0.342697261406986,1.124076262447204
15,336,a2552a9bae4a584f,Pneumonia,on,0.1193027596255524,1.0,0.2854317126183885,0.444102319937909,0.9871955061134006
16,388,5e0eb35c22d224fb,Pneumothorax,off,0.1375914311750459,0.0,0.0742507627684185,0.1368607564781013,0.6738453921074756
16,388,5e0eb35c22d224fb,Pneumothorax,on,0.1375914311750459,0.0,0.2016022557599617,0.3355516037911519,0.4419414149778229
17,383,ce476f54355d544d,Pneumonia,off,0.1157112992120228,1.0,0.2313938167527868,0.3733190675749827,1.313042006507671
17,383,ce476f54355d544d,Pneumonia,on,0.1157112992120228,1.0,0.4438821059422759,0.6148084232072756,0.9908197939714516
18,1,f464ffe0f4bdeed5,Pneumothorax,off,0.1635405854519051,0.0,0.0,0.0,-0.1866868500329889
18,1,f464ffe0f4bdeed5,Pneumothorax,on,0.1635405854519051,0.0,0.0,0.0,-0.4642333905687372
19,52,c6b1ec5d0007bcc8,Pneumothorax,off,0.1693054398198909,1.0,0.1850981247614291,0.3119493438212208,0.5371295297320677
19,52,c6b1ec5d0007bcc8,Pneumothorax,on,0.1693054398198909,1.0,0.1910275895458519,0.3207774398466357,0.3771474767426196
20,66,4a3abb70e8c0334e,Pneumonia,off,0.0980463819812971,1.0,0.2123730876171112,0.3493958932343412,1.0997286324480229
20,66,4a3abb70e8c0334e,Pneumonia,on,0.0980463819812971,1.0,0.3098725465180666,0.4731330287080507,0.7763626554657994
21,310,8adf4fbea2355342,Pneumothorax,off,0.1378789429313529,1.0,0.1506103281172832,0.2601837684822476,0.6615200981434005
21,310,8adf4fbea2355342,Pneumothorax,on,0.1378789429313529,1.0,0.3566723620530211,0.525801875963938,0.7242275366131772
22,57,2f30a42db1b214d2,Pneumothorax,off,0.1435658280094927,0.0,0.0982359631484566,0.1758521596572932,0.7235734088769848
22,57,2f30a42db1b214d2,Pneumothorax,on,0.1435658280094927,0.0,0.1577288626830403,0.2724796030257138,0.4695258216708261
23,75,9d40b4647d175c1d,Pneumothorax,off,0.1346919482088992,0.0,0.0,0.0,-0.3724299033788755
23,75,9d40b4647d175c1d,Pneumothorax,on,0.1346919482088992,0.0,0.0,0.0,-0.4141344646129496
24,294,796252c659a6d63b,Pneumothorax,off,0.1540088397682363,0.0,0.0,0.0,-0.3813120080385635
24,294,796252c659a6d63b,Pneumothorax,on,0.1540088397682363,0.0,0.0,0.0,-0.4445559357559849
25,236,308f2b9dd5d34af9,Pneumothorax,off,0.1883007080586134,0.0,0.0,0.0,0.2560341402730684
25,236,308f2b9dd5d34af9,Pneumothorax,on,0.1883007080586134,0.0,0.0,0.0,-0.498620600528649
26,13,b43760d8864b67dc,Pneumothorax,off,0.1543645746531584,0.0,0.0,0.0,-0.3315939832371591
26,13,b43760d8864b67dc,Pneumothorax,on,0.1543645746531584,0.0,0.0,0.0,-0.4469722604214965
27,215,61d50fd13c3afc43,Pneumothorax,off,0.1311882032464463,0.0,0.0,0.0,-0.321357498098625
27,215,61d50fd13c3afc43,Pneumothorax,on,0.1311882032464463,0.0,0.0,0.0,-0.4035191442278741
28,147,6b63c94e8cfd8324,Pneumothorax,off,0.1849772670789292,0.0,0.0131054034570275,0.0254816504691397,0.3383233907286422
28,147,6b63c94e8cfd8324,Pneumothorax,on,0.1849772670789292,0.0,0.0377886632676572,0.0728234736443137,-0.0602626696204831
29,301,8392c5876fbbed46,Pneumothorax,off,0.1790077433250978,0.0,0.0,0.0,0.6688223912779281
29,301,8392c5876fbbed46,Pneumothorax,on,0.1790077433250978,0.0,0.01119182967605,0.0221340844135732,-0.0547943603722909
30,153,8374c5eceb0bdd93,Pneumonia,off,0.1810739295060158,1.0,0.0940501348485232,0.1715231238784931,1.031411046954876
30,153,8374c5eceb0bdd93,Pneumonia,on,0.1810739295060158,1.0,0.0944436167675303,0.1725870084172411,0.8404670790602397
31,152,d854ccc3473ae1c9,Pneumonia,off,0.1860688371367727,1.0,0.2067156806813979,0.3420150750930074,1.1451049178211503
31,152,d854ccc3473ae1c9,Pneumonia,on,0.1860688371367727,1.0,0.1570261814990747,0.2714285941803904,0.8427774819612653
32,429,2d400ff20632a25f,Pneumothorax,off,0.1228552353941591,0.0,0.0,0.0,0.603284830511068
32,429,2d400ff20632a25f,Pneumothorax,on,0.1228552353941591,0.0,0.036558503331695,0.0705273565134357,0.1847803159513355
33,204,e96c049804f0df2f,Pneumothorax,off,0.1643348975922108,0.0,0.0,0.0,-0.4023219135287337
33,204,e96c049804f0df2f,Pneumothorax,on,0.1643348975922108,0.0,0.0,0.0,-0.4616573431683621
34,124,767135fe43de9223,Pneumonia,off,0.1345165173067458,0.0,0.0969433757793722,0.1711832841061554,1.340039755657063
34,124,767135fe43de9223,Pneumonia,on,0.1345165173067458,0.0,0.159435837287399,0.2750230288474982,1.6132567834428218
35,169,1cff8384b9f1223b,Pneumonia,off,0.1177482469092486,1.0,0.2699789822168693,0.4243953073608867,1.0688864002323235
35,169,1cff8384b9f1223b,Pneumonia,on,0.1177482469092486,1.0,0.3333238403286488,0.4999889584214497,0.9081515012653923
36,170,a6a7caa06b6c0b26,Pneumonia,off,0.18812527715646,0.0,0.2654056924904482,0.4152565347214498,1.29734592353908
36,170,a6a7caa06b6c0b26,Pneumonia,on,0.18812527715646,0.0,0.3480900541696917,0.5164153309883286,0.928967307507725
37,326,de9f6d015fd908b7,Pneumonia,off,0.1515479340574731,1.0,0.2690515614196921,0.4199097364534392,1.6242682152003782
37,326,de9f6d015fd908b7,Pneumonia,on,0.1515479340574731,1.0,0.510038634127684,0.6755303845957012,1.3069987444073017
38,33,7bc33684e2eedab2,Pneumonia,off,0.1644957092525181,1.0,0.5258869219403142,0.689120862001286,2.507880864622251
38,33,7bc33684e2eedab2,Pneumonia,on,0.1644957092525181,1.0,0.4788350147268588,0.6475822639790229,2.8327323874274115
39,345,f7e574ed970b6fa4,Pneumonia,off,0.1079874664366572,0.0,0.1070603729287026,0.1927204424441539,0.7870317968885754
39,345,f7e574ed970b6fa4,Pneumonia,on,0.1079874664366572,0.0,0.2030568026889888,0.3375645940605914,0.7076549118696557
40,307,5b973b2a2b5d74e1,Pneumothorax,off,0.1635503316131358,1.0,0.5412455277850624,0.701649258537935,2.537123876037164
40,307,5b973b2a2b5d74e1,Pneumothorax,on,0.1635503316131358,1.0,0.4035314784623625,0.5750172575559795,2.6242472316290835
41,162,aef22881da576d57,Pneumonia,off,0.1147025715246407,1.0,0.1681152770687526,0.2864411483008306,0.9533251856231262
41,162,aef22881da576d57,Pneumonia,on,0.1147025715246407,1.0,0.2880475126494469,0.4472452634109476,0.5956005094650065
42,165,781f704802f75a3c,Pneumonia,off,0.1078071624538884,1.0,0.1827292615983142,0.3078936512791964,1.2638136956850694
42,165,781f704802f75a3c,Pneumonia,on,0.1078071624538884,1.0,0.301000608926666,0.46272129315915,1.15717138586045
43,250,d8d641a44a6f4ff4,Pneumonia,off,0.1459390182691792,1.0,0.2921151903901021,0.4516627401285601,1.0606921487852936
43,250,d8d641a44a6f4ff4,Pneumonia,on,0.1459390182691792,1.0,0.3225670519645308,0.4877892666677154,0.7906534759820523
44,251,7145c5e140005d8c,Pneumothorax,off,0.1485704818014804,0.0,0.022767915740604,0.043642683296862,1.1211898835159952
44,251,7145c5e140005d8c,Pneumothorax,on,0.1485704818014804,0.0,0.0665179790378802,0.1247383595870183,0.8737340325783254
45,353,d44232b5d5172511,Pneumonia,off,0.1416117226827283,1.0,0.206380045788166,0.3353401735193777,1.09120060736627
45,353,d44232b5d5172511,Pneumonia,on,0.1416117226827283,1.0,0.3995212441861995,0.5709395616616765,0.8742858577486966
46,293,4f55b0639e04180f,Pneumonia,off,0.1519036689423953,1.0,0.6032252101661758,0.7477485839777922,2.7490957372948444
46,293,4f55b0639e04180f,Pneumonia,on,0.1519036689423953,1.0,0.3382847605358842,0.5055267140095292,2.984959905761396
47,247,ac0638d531d07d35,Pneumonia,off,0.1473960693731756,1.0,0.3120709817946714,0.4703906141508897,1.7190322366156596
47,247,ac0638d531d07d35,Pneumonia,on,0.1473960693731756,1.0,0.5131766327543417,0.6782768424318429,1.4948454903569608
48,380,1840d844a60aab1f,Pneumothorax,off,0.1635405854519051,0.0,0.0,0.0,-0.4100077300092994
48,380,1840d844a60aab1f,Pneumothorax,on,0.1635405854519051,0.0,0.0,0.0,-0.4581265943257657
49,214,d70bd304d57bf5ad,Pneumothorax,off,0.1025198699862091,0.0,0.0,0.0,-0.0280286435197177
49,214,d70bd304d57bf5ad,Pneumothorax,on,0.1025198699862091,0.0,0.0,0.0,-0.3635159384880427
50,101,005caf71e328e791,Pneumothorax,off,0.1088305093831167,0.0,0.0,0.0,-0.3314236767451825
50,101,005caf71e328e791,Pneumothorax,on,0.1088305093831167,0.0,0.0,0.0,-0.3612802474361942
51,370,1be3d80fc96adf0b,Pneumothorax,off,0.0960727843320712,0.0,0.0,0.0,0.3401733576081236
51,370,1be3d80fc96adf0b,Pneumothorax,on,0.0960727843320712,0.0,0.0,0.0,-0.2722240853035613
52,315,c33da9bc26f0918b,Pneumothorax,off,0.1582484199036104,0.0,0.0384439447038358,0.0731569963103358,1.130770319211735
52,315,c33da9bc26f0918b,Pneumothorax,on,0.1582484199036104,0.0,0.0936660941248747,0.1712875476869245,0.8699568032463453
53,119,fce19ecb366cd804,Pneumothorax,off,0.1912586679921445,0.0,0.0003410665435037,0.0006809718035112,0.9552666457016872
53,119,fce19ecb366cd804,Pneumothorax,on,0.1912586679921445,0.0,0.0098334189707961,0.0194749280448786,0.4644797271386358
54,180,e9021db9e47370af,Pneumothorax,off,0.1759718141017207,1.0,0.2776674450563835,0.429637835088376,1.2522023073431392
54,180,e9021db9e47370af,Pneumothorax,on,0.1759718141017207,1.0,0.3811393601027921,0.5519198163856983,0.9147492779598791
55,29,0561f662526d7d95,Pneumonia,off,0.1739787241300333,0.0,0.0525642248411619,0.0948200873849171,0.6886048041165005
55,29,0561f662526d7d95,Pneumonia,on,0.1739787241300333,0.0,0.1536679627563344,0.2663982534501506,0.4546878315136049
56,25,ec993e4f0023f70c,Pneumonia,off,0.154764167263619,1.0,0.4244824168338174,0.5932292964164441,1.6457486490781017
56,25,ec993e4f0023f70c,Pneumonia,on,0.154764167263619,1.0,0.3858298437329576,0.5568178624448976,1.3789703351037497
57,26,e4f5c835b82b6a0a,Pneumonia,off,0.1866097490850791,1.0,0.162370182947834,0.2793625616500015,1.329258841427303
57,26,e4f5c835b82b6a0a,Pneumonia,on,0.1866097490850791,1.0,0.1637190921448862,0.2813719886592122,1.061766020264401
58,302,8d4f655ab28f5771,Pneumothorax,off,0.1681992505202013,0.0,0.0853002327640365,0.1566295171168898,0.6900029430973016
58,302,8d4f655ab28f5771,Pneumothorax,on,0.1681992505202013,0.0,0.1186652301245477,0.2121549127794103,0.453478133858155
59,9,97992e6c1c70eb7a,Pneumonia,off,0.0703429186829037,0.0,0.0445963948111456,0.0853709090910387,0.3557962836958821
59,9,97992e6c1c70eb7a,Pneumonia,on,0.0703429186829037,0.0,0.0554849734547117,0.1051348810989793,0.2002598299099241
60,433,538b8f9490cbc12f,Pneumothorax,off,0.1784424659737146,0.0,0.0901554575461537,0.1582379102754608,0.7605372120006514
60,433,538b8f9490cbc12f,Pneumothorax,on,0.1784424659737146,0.0,0.2303483799989985,0.3744434006032668,0.563143938578353
61,61,e8b3fb4529ac1ed6,Pneumonia,off,0.1553635561793099,0.0,0.0948015636652169,0.1709138953133549,1.0147919388890796
61,61,e8b3fb4529ac1ed6,Pneumonia,on,0.1553635561793099,0.0,0.1514075601262315,0.2629953772455239,0.7538456283748951
62,127,731d6cd9a8a29ce2,Pneumonia,off,0.1623125691368312,1.0,0.1980018099366294,0.3293776691278157,0.9835496998200636
62,127,731d6cd9a8a29ce2,Pneumonia,on,0.1623125691368312,1.0,0.3590344309322053,0.5283602345058577,0.7014065670205846
63,126,bc970cf63214290c,Pneumothorax,off,0.1070664542003518,1.0,0.3923888016121471,0.5634526773670098,3.012276790752915
63,126,bc970cf63214290c,Pneumothorax,on,0.1070664542003518,1.0,0.2393505547819428,0.3862470084910147,3.3653815435229544
64,328,2d6e3f681ea5bbaf,Pneumonia,off,0.1123147620231081,1.0,0.4285494351499838,0.5981429046336609,2.4227599109935567
64,328,2d6e3f681ea5bbaf,Pneumonia,on,0.1123147620231081,1.0,0.4313878589281364,0.6027485042973393,3.177105731667037
65,355,724402cd96172832,Pneumonia,off,0.1495938287307087,0.0,0.1716820660929872,0.2898237602426294,0.8110018495168048
65,355,724402cd96172832,Pneumonia,on,0.1495938287307087,0.0,0.2995386122046676,0.4609836017851603,0.5955012895282178
66,176,2866eb95dd89335c,Pneumothorax,off,0.1639645434654425,1.0,0.3545367849180585,0.5208595033050061,1.245750826747038
66,176,2866eb95dd89335c,Pneumothorax,on,0.1639645434654425,1.0,0.4146546122224217,0.5862273303029103,1.0428248777036675
67,281,235e3976089eb09b,Pneumonia,off,0.1713570067589628,1.0,0.3487275028538934,0.5096154689214083,1.4499864096041837
67,281,235e3976089eb09b,Pneumonia,on,0.1713570067589628,1.0,0.4959023504595589,0.6630140754771418,1.185203489613755
68,194,22d968a4cf24a2ef,Pneumonia,off,0.1808595139589394,0.0,0.010825128435358,0.0209200932860239,0.0259935568777756
68,194,22d968a4cf24a2ef,Pneumonia,on,0.1808595139589394,0.0,0.0488243585319343,0.093100354225345,0.0177448986145501
69,377,b3cf935ab991f9c3,Pneumothorax,off,0.1515186955737808,0.0,0.0,0.0,-0.6420504724127604
69,377,b3cf935ab991f9c3,Pneumothorax,on,0.1515186955737808,0.0,0.0,0.0,-0.4358001150721762
70,330,2869d91524dd1960,Pneumonia,off,0.1853281288832361,1.0,0.5118935734146494,0.6749606727642044,2.0719672533759974
70,330,2869d91524dd1960,Pneumonia,on,0.1853281288832361,1.0,0.5569047097214457,0.7153983565663384,1.7912897412238336
71,270,78f06abe92b60498,Pneumothorax,off,0.1072613774249667,0.0,0.0,0.0,0.1405245875192362
71,270,78f06abe92b60498,Pneumothorax,on,0.1072613774249667,0.0,0.0,0.0,-0.3626851808163441
72,109,b20274fc29ca9b68,Pneumonia,off,0.118250174212632,1.0,0.368022693248922,0.5324965604973967,1.818445090838008
72,109,b20274fc29ca9b68,Pneumonia,on,0.118250174212632,1.0,0.5642144255613243,0.7214025443343359,1.709160710189883
73,110,c987ef8a69ec7d0c,Pneumonia,off,0.093821421087769,1.0,0.5941425701110388,0.7362763014666729,2.5338685819166105
73,110,c987ef8a69ec7d0c,Pneumonia,on,0.093821421087769,1.0,0.5370399540228133,0.6987642092879083,3.846392809013239
74,181,b2cd57f216938986,Pneumonia,off,0.1704847253288111,1.0,0.4569265934802058,0.6271346716139303,2.1118230457003326
74,181,b2cd57f216938986,Pneumonia,on,0.1704847253288111,1.0,0.4397052591720201,0.6108253625935486,1.8621741176404425
75,297,8293af30dcb2b692,Pneumothorax,off,0.1649976365559015,0.0,0.145083756496704,0.2528022983519153,1.127314408049968
75,297,8293af30dcb2b692,Pneumothorax,on,0.1649976365559015,0.0,0.171269076018921,0.2924503047702375,0.8427944742465395
76,296,159c7db7f927dc98,Pneumonia,off,0.1104337529055743,1.0,0.5440322263006289,0.6990392968957093,2.5852947212342765
76,296,159c7db7f927dc98,Pneumonia,on,0.1104337529055743,1.0,0.5801111759268665,0.73426271982831,3.351368285438128
77,229,9412b8e65f6f6840,Pneumonia,off,0.1639645434654425,1.0,0.2278883810369797,0.368312920639923,1.3848022453412696
77,229,9412b8e65f6f6840,Pneumonia,on,0.1639645434654425,1.0,0.4636371393814258,0.6335352917248144,0.9727014169924736
78,327,fbc302de04f21e52,Pneumonia,off,0.102217738988056,0.0,0.0,0.0,-0.969649148768874
78,327,fbc302de04f21e52,Pneumonia,on,0.102217738988056,0.0,0.0,0.0,-0.3618437770750531
79,319,790472400a863083,Pneumonia,off,0.145125213806412,1.0,0.496839070835067,0.6601061668929531,2.277479488128247
79,319,790472400a863083,Pneumonia,on,0.145125213806412,1.0,0.4238220735812724,0.5953258873795232,2.404186145564038
80,68,818b471b2f6a5f3e,Pneumothorax,off,0.1883932965903055,0.0,0.0,0.0,-0.6258912874004029
80,68,818b471b2f6a5f3e,Pneumothorax,on,0.1883932965903055,0.0,0.0,0.0,-0.5018000603050933
81,308,dfaedb6f55819466,Pneumonia,off,0.1132503935012596,1.0,0.4935851142439754,0.6553099144639353,2.139597429660255
81,308,dfaedb6f55819466,Pneumonia,on,0.1132503935012596,1.0,0.5454839122883283,0.7058104631129734,2.38895474592472
82,389,022cf70a01eb4a97,Pneumothorax,off,0.1661184450974372,1.0,0.3350743618446284,0.4929682582318347,2.1184286443349363
82,389,022cf70a01eb4a97,Pneumothorax,on,0.1661184450974372,1.0,0.658835868043423,0.7943350044486313,1.991639475284638
83,202,95ba87c7792a6caa,Pneumonia,off,0.1168028692698663,1.0,0.2234998204887196,0.3632237083199011,1.1252910147534212
83,202,95ba87c7792a6caa,Pneumonia,on,0.1168028692698663,1.0,0.3730446895310958,0.543382235650766,0.9352958363381874
84,65,1a59056f0e47b4b4,Pneumothorax,off,0.1197851946064743,1.0,0.239370612178624,0.3858867465004541,1.6664600107454497
84,65,1a59056f0e47b4b4,Pneumothorax,on,0.1197851946064743,1.0,0.1454682453283052,0.2539849856596912,1.5271839327366787
85,15,b63a0f6302a22e69,Pneumothorax,off,0.1664108299343596,0.0,0.0558576324064839,0.1046442787728597,1.051732090957166
85,15,b63a0f6302a22e69,Pneumothorax,on,0.1664108299343596,0.0,0.1008051092378391,0.1831479284899858,0.7481752917943588
86,187,99c15493b7dcd579,Pneumonia,off,0.1083626936440409,1.0,0.4056239117791752,0.5715224788967642,1.9858382675943984
86,187,99c15493b7dcd579,Pneumonia,on,0.1083626936440409,1.0,0.6668212764143011,0.8001107516884396,2.0672985936311843
87,142,3a1726fd39c92115,Pneumonia,off,0.168535493082662,1.0,0.4472366197398236,0.6157350503560824,1.9886871097933765
87,142,3a1726fd39c92115,Pneumonia,on,0.168535493082662,1.0,0.4388955359722438,0.6100380999102641,1.7004588446736233
88,350,868b49c7c091d006,Pneumonia,off,0.1537798049793137,1.0,0.1197681531393988,0.2126503622014722,0.6128225188792641
88,350,868b49c7c091d006,Pneumonia,on,0.1537798049793137,1.0,0.2233099918125463,0.3650866837078216,0.3816599003793539
89,417,2cae18047a4fd0de,Pneumothorax,off,0.1722585266728067,1.0,0.2505991637450512,0.3975499363846557,1.0325301033652523
89,417,2cae18047a4fd0de,Pneumothorax,on,0.1722585266728067,1.0,0.3119812642154761,0.4740381893857727,0.6855971543072306
90,192,d3b1c0df71d64c6e,Pneumothorax,off,0.1684721430346622,0.0,0.0170394637966065,0.0333066920272857,0.8744274280106276
90,192,d3b1c0df71d64c6e,Pneumothorax,on,0.1684721430346622,0.0,0.041873433138532,0.0803810026831471,0.6098089465976476
91,163,ff6c0b345508b50e,Pneumonia,off,0.1278014122187623,1.0,0.1433677203014627,0.2494788875102904,0.5493583493958603
91,163,ff6c0b345508b50e,Pneumonia,on,0.1278014122187623,1.0,0.2558329623588192,0.4074306533169629,0.467051523279309
92,35,9ef65ccd2ea2538e,Pneumothorax,off,0.1147415561695637,1.0,0.1415925425176118,0.2461288381056208,1.0260065634284448
92,35,9ef65ccd2ea2538e,Pneumothorax,on,0.1147415561695637,1.0,0.4076687373315561,0.5792029539310495,0.8608909175007272
93,36,25e07c942bb51e7b,Pneumonia,off,0.1349745868845908,1.0,0.3626756746186577,0.5240563818606805,1.782569979163671
93,36,25e07c942bb51e7b,Pneumonia,on,0.1349745868845908,1.0,0.6308732081136581,0.7736606276939266,1.500481284068882
94,226,0abf7661fc925447,Pneumonia,off,0.1733890813755731,1.0,0.2883995385185152,0.4470781166644905,1.5244449081793836
94,226,0abf7661fc925447,Pneumonia,on,0.1733890813755731,1.0,0.2555337555195994,0.4070518812767029,1.2033399678662786
95,150,791e671c4f33e5f0,Pneumothorax,off,0.1013308383160582,0.0,0.0057225979547821,0.0112298626048289,1.632951328712673
95,150,791e671c4f33e5f0,Pneumothorax,on,0.1013308383160582,0.0,0.0924832194695387,0.1693080768683864,2.637771499297275
96,222,077ba979b42b2e06,Pneumonia,off,0.1188154515640152,1.0,0.2225067292595413,0.3625496691574316,1.3174590520760443
96,222,077ba979b42b2e06,Pneumonia,on,0.1188154515640152,1.0,0.4036631334270981,0.5750953637419723,0.9676721743881458
97,367,e392c9fcacb26e80,Pneumonia,off,0.1065840192194299,1.0,0.3241474183181485,0.4890034739734735,0.8651966935449825
97,367,e392c9fcacb26e80,Pneumonia,on,0.1065840192194299,1.0,0.2410524428117863,0.3884612959591577,0.6895884305975132
98,14,dc0b7cc379d0fccd,Pneumonia,off,0.1551247752291566,1.0,0.3358436022727152,0.5027621974674339,1.8170732496025088
98,14,dc0b7cc379d0fccd,Pneumonia,on,0.1551247752291566,1.0,0.3366035798977028,0.5036693670993176,1.6490851101044195
99,453,6a7ae10cef5405cd,Pneumothorax,off,0.1709769064709637,0.0,0.0,0.0,-0.2502524129645354
99,453,6a7ae10cef5405cd,Pneumothorax,on,0.1709769064709637,0.0,0.0,0.0,-0.4750306076676239
100,340,df9d2cb9cfb59860,Pneumothorax,off,0.1473668308894834,1.0,0.3130876272238316,0.4767577389440302,1.0389801039094622
100,340,df9d2cb9cfb59860,Pneumothorax,on,0.1473668308894834,1.0,0.2673800871386379,0.4219395096407449,0.9749687166835868
101,322,892a1f178fe73ab6,Pneumonia,off,0.1421477615504193,1.0,0.1733306122612438,0.2935318170507717,1.3072368628878974
101,322,892a1f178fe73ab6,Pneumonia,on,0.1421477615504193,1.0,0.4493171153077359,0.6199925255044942,0.9913224523691082
102,146,0abcdb1524aed62c,Pneumonia,off,0.1617667841079094,1.0,0.2021600940869754,0.3336571051314198,1.1041494607549085
102,146,0abcdb1524aed62c,Pneumonia,on,0.1617667841079094,1.0,0.3082536224726444,0.4712435358832296,0.8655191990029397
103,196,9cd672e6f6df4fad,Pneumothorax,off,0.1623564268623696,0.0,0.0,0.0,0.2842451969476263
103,196,9cd672e6f6df4fad,Pneumothorax,on,0.1623564268623696,0.0,0.0001145006951827,0.0002288703612882,-0.4089825233527394
104,269,8f693755259e29e4,Pneumothorax,off,0.1327817006076731,1.0,0.3311362364332294,0.4915019905415141,1.4313158933359773
104,269,8f693755259e29e4,Pneumothorax,on,0.1327817006076731,1.0,0.554613389220332,0.713486817657501,1.197596366350922
105,273,3baee050c883a811,Pneumonia,off,0.1765224722112578,1.0,0.3661316687586345,0.5348525647920692,1.2226929433479958
105,273,3baee050c883a811,Pneumonia,on,0.1765224722112578,1.0,0.274980889385255,0.4313383543386458,0.9693060181302848
106,362,530e2b83ccfd49fe,Pneumothorax,off,0.1188495631283228,0.0,0.0,0.0,-0.2961411571973724
106,362,530e2b83ccfd49fe,Pneumothorax,on,0.1188495631283228,0.0,0.0,0.0,-0.3840199787794575
107,364,179927b58fab7ee0,Pneumothorax,off,0.1001418066459073,0.0,0.0,0.0,-0.2147374038461742
107,364,179927b58fab7ee0,Pneumothorax,on,0.1001418066459073,0.0,0.0,0.0,-0.3452244936779718
108,374,8fc340074e3658f5,Pneumonia,off,0.1092885789609617,1.0,0.5589756419893063,0.7151008377675454,2.671509008423287
108,374,8fc340074e3658f5,Pneumonia,on,0.1092885789609617,1.0,0.5081283681612137,0.6738441582651247,3.538632112301232
109,311,7a80693a8ceb051b,Pneumothorax,off,0.1950694170333659,1.0,0.1140051440647477,0.2045872350342764,1.038524027885846
109,311,7a80693a8ceb051b,Pneumothorax,on,0.1950694170333659,1.0,0.1241635126027447,0.220899227613584,0.6142033002379476
110,235,6209aa50dc0a8a4a,Pneumonia,off,0.1545984825226963,1.0,0.2080467320719638,0.3436299862837227,0.9214502405927236
110,235,6209aa50dc0a8a4a,Pneumonia,on,0.1545984825226963,1.0,0.2549963679619437,0.4063689572784529,0.6285770113017767
111,272,2588627431774c44,Pneumothorax,off,0.1110136494988036,0.0,0.0,0.0,0.433629450063479
111,272,2588627431774c44,Pneumothorax,on,0.1110136494988036,0.0,0.0,0.0,-0.3691764971765629
112,313,8e5a6f1a03e3ba73,Pneumothorax,off,0.141816392068574,1.0,0.3839356829671089,0.5547957293415618,1.7978397916257278
112,313,8e5a6f1a03e3ba73,Pneumothorax,on,0.141816392068574,1.0,0.3448594971323381,0.512852746185573,1.6792050956887152
113,106,54bd710f5acd0e34,Pneumonia,off,0.1073539659566588,1.0,0.4708415174055639,0.6346023410330807,2.426187068719675
113,106,54bd710f5acd0e34,Pneumonia,on,0.1073539659566588,1.0,0.6113262549251779,0.7587736004526815,3.307876656842002
114,136,b7a475c159e17b96,Pneumothorax,off,0.1413339570876521,0.0,0.0064765910064981,0.0126508657500764,1.0740489978265717
114,136,b7a475c159e17b96,Pneumothorax,on,0.1413339570876521,0.0,0.0858706715253204,0.1581584469205204,0.8870348593653018
115,129,025d0c502d76dbd1,Pneumothorax,off,0.1915510528290669,0.0,0.1905305000429026,0.318981153673858,1.7299369090082062
115,129,025d0c502d76dbd1,Pneumothorax,on,0.1915510528290669,0.0,0.1372699011355019,0.2413998923650942,1.6674913105714906
116,171,de0f216f69af3aa4,Pneumonia,off,0.1106384222914199,1.0,0.2265687230234609,0.3654544088462043,1.3927065983439528
116,171,de0f216f69af3aa4,Pneumonia,on,0.1106384222914199,1.0,0.5586014743178384,0.7167949319868268,1.2135790443016394
117,49,b2b99029ccdf9b1a,Pneumothorax,off,0.1107456300649581,0.0,0.0397271344452546,0.0754368731761156,1.0918326152082842
117,49,b2b99029ccdf9b1a,Pneumothorax,on,0.1107456300649581,0.0,0.1682751639875756,0.2880728031962549,0.9273220247240548
118,117,0f16ab8a0a186e36,Pneumonia,off,0.1737594355023415,1.0,0.4217125054446616,0.5925992555469772,1.8934617770653543
118,117,0f16ab8a0a186e36,Pneumonia,on,0.1737594355023415,1.0,0.3155658561001707,0.4797402801527671,1.588603042730486
119,193,db5f9901a838ad41,Pneumonia,off,0.1134550628871053,1.0,0.3232102846083345,0.4854065264730285,1.6710897677353165
119,193,db5f9901a838ad41,Pneumonia,on,0.1134550628871053,1.0,0.5224528286853241,0.6863294273813506,1.5163555746241637
120,19,89a55b0c6e16ccee,Pneumothorax,off,0.1012382497843661,1.0,0.2645685792744616,0.4133407864326724,1.497416132408643
120,19,89a55b0c6e16ccee,Pneumothorax,on,0.1012382497843661,1.0,0.6610656465954515,0.7959480788851779,1.5431483773107846
121,18,68d594554781daaf,Pneumothorax,off,0.1652510367479009,0.0,0.0,0.0,0.4214490855638834
121,18,68d594554781daaf,Pneumothorax,on,0.1652510367479009,0.0,0.0349081550930144,0.0674425480360542,-0.1121251901269111
122,363,bf3a47063dba61d7,Pneumothorax,off,0.0946157332280747,0.0,0.0,0.0,-0.3017330827065183
122,363,bf3a47063dba61d7,Pneumothorax,on,0.0946157332280747,0.0,0.0,0.0,-0.3446886404734693
123,31,03100f6839353a88,Pneumonia,off,0.0924813239185415,1.0,0.574450503282222,0.7255985859308595,1.956000770929668
123,31,03100f6839353a88,Pneumonia,on,0.0924813239185415,1.0,0.4586950467437453,0.6287778577014141,2.384238716664113
124,30,d3484e6204746059,Pneumonia,off,0.1067253385572757,0.0,0.1157636311915456,0.2059579709156972,0.4786692888866314
124,30,d3484e6204746059,Pneumonia,on,0.1067253385572757,0.0,0.1342006075312168,0.2366353418749623,0.4642107542230965
125,397,f65b542b3dc69a6a,Pneumothorax,off,0.1029828126446695,1.0,0.4969651416708068,0.6638208425780174,2.949752942271575
125,397,f65b542b3dc69a6a,Pneumothorax,on,0.1029828126446695,1.0,0.3390534086996707,0.5063979774267814,3.696306087299964
126,338,d4643b9bd661e0f1,Pneumonia,off,0.1117494846717249,1.0,0.6204412179343306,0.7652996802643328,3.524277745470587
126,338,d4643b9bd661e0f1,Pneumonia,on,0.1117494846717249,1.0,0.3141389675299203,0.4780466094704512,3.5183981602777656
127,255,90debafa186291f2,Pneumothorax,off,0.1455248064168725,1.0,0.6026468326549415,0.7516582229129303,2.957511246783715
127,255,90debafa186291f2,Pneumothorax,on,0.1455248064168725,1.0,0.3883857964529268,0.5594642603377203,3.106899655827815
128,256,d500d2d19615d254,Pneumothorax,off,0.147113430697484,0.0,0.0,0.0,-0.3172503896285209
128,256,d500d2d19615d254,Pneumothorax,on,0.147113430697484,0.0,0.0,0.0,-0.4265051024078209
129,284,ad5c2e4baa04ebef,Pneumonia,off,0.1174120043467879,1.0,0.4047172855637037,0.5687092338215514,2.085366464879305
129,284,ad5c2e4baa04ebef,Pneumonia,on,0.1174120043467879,1.0,0.6466591853514384,0.7854162860782969,2.1505421064022365
130,329,a13a3c52d890e41c,Pneumonia,off,0.1004683030471373,1.0,0.1927143373225485,0.3219569118809767,0.7193701559217541
130,329,a13a3c52d890e41c,Pneumonia,on,0.1004683030471373,1.0,0.1873307403341633,0.3155484069257818,0.3893676764676845
131,98,56da5643e7a2b4a6,Pneumothorax,off,0.1563674107860766,0.0,0.0041134874729785,0.0081119350418503,1.1213301486605338
131,98,56da5643e7a2b4a6,Pneumothorax,on,0.1563674107860766,0.0,0.0491031432217027,0.0936094761659662,0.8771408271470805
132,208,6ecfeeee8a984695,Pneumonia,off,0.167619353926972,1.0,0.3363739900977093,0.5028134142642992,1.399929695773135
132,208,6ecfeeee8a984695,Pneumonia,on,0.167619353926972,1.0,0.3680589301515528,0.5380744894012867,1.1241529182438652
133,292,439f83b97f776b7e,Pneumonia,off,0.1478297735479438,1.0,0.6728866642306067,0.8016421827314429,3.2169354428314154
133,292,439f83b97f776b7e,Pneumonia,on,0.1478297735479438,1.0,0.3197575754028529,0.4845525710064041,2.9979544105486133
134,233,99dd658ed527a4a3,Pneumonia,off,0.106808180927737,1.0,0.1431100558804806,0.2490359886064209,0.6173645642526707
134,233,99dd658ed527a4a3,Pneumonia,on,0.106808180927737,1.0,0.2952431190755499,0.4558880649471574,0.5886594898829709
135,178,67064801bb33c533,Pneumothorax,off,0.1604510523417588,0.0,0.0,0.0,0.0909682083689139
135,178,67064801bb33c533,Pneumothorax,on,0.1604510523417588,0.0,0.0,0.0,-0.4479179129366864
136,90,b39ee401f01fc11c,Pneumothorax,off,0.1335272819418251,0.0,0.0,0.0,0.838003113069682
136,90,b39ee401f01fc11c,Pneumothorax,on,0.1335272819418251,0.0,0.033617888755994,0.0650480592501455,0.475580467737493
137,423,0b407bb0207960fa,Pneumothorax,off,0.130452368073525,0.0,0.0873088769929971,0.1586570179836142,1.1993380554061726
137,423,0b407bb0207960fa,Pneumothorax,on,0.130452368073525,0.0,0.1682795772892152,0.2880807928795182,0.999905326827607
138,268,b1a4805d5709bd1f,Pneumothorax,off,0.0995326715689857,0.0,0.0,0.0,-0.1547486479723665
138,268,b1a4805d5709bd1f,Pneumothorax,on,0.0995326715689857,0.0,0.0,0.0,-0.3462438046798307
139,444,c97c679d5ab523d8,Pneumothorax,off,0.1319289114999829,1.0,0.3311838396621837,0.4914142897581318,1.5204301640876623
139,444,c97c679d5ab523d8,Pneumothorax,on,0.1319289114999829,1.0,0.5266870609360378,0.6899731855081674,1.3465996310877617
140,414,8b08482972e09a3c,Pneumonia,off,0.1237859937916952,1.0,0.5183148535060158,0.6797337146198277,2.391533087377796
140,414,8b08482972e09a3c,Pneumonia,on,0.1237859937916952,1.0,0.498139349262373,0.6649845543282481,2.976862671220992
141,415,75725f616cc29fbf,Pneumonia,off,0.1430882661091862,0.0,0.02356995214682,0.0448720401605661,0.9502730863986704
141,415,75725f616cc29fbf,Pneumonia,on,0.1430882661091862,0.0,0.085434551878225,0.1574199139706604,0.6947125773311593
142,372,afe0b97320465cbb,Pneumonia,off,0.101589111588673,1.0,0.4844481752652267,0.6511976961102222,2.884027196811036
142,372,afe0b97320465cbb,Pneumonia,on,0.101589111588673,1.0,0.3814251166018972,0.5522085986926777,3.8298980385464
143,78,30032890ee6eaef2,Pneumothorax,off,0.1478054081448669,1.0,0.3705772904735361,0.5400634971803953,1.2151422602901776
143,78,30032890ee6eaef2,Pneumothorax,on,0.1478054081448669,1.0,0.2986683861121306,0.4599593334971227,1.0252076485785022
144,46,40849f8f4588d1e3,Pneumonia,off,0.1816830645829374,1.0,0.3550368317037422,0.5239964021842236,1.911700322908833
144,46,40849f8f4588d1e3,Pneumonia,on,0.1816830645829374,1.0,0.3459196241939102,0.5140268907456803,1.6755233617589256
145,96,857b3bc9b7ac72d7,Pneumothorax,off,0.1283228318446072,0.0,0.0431443902525931,0.0814000493546673,1.0809481978845734
145,96,857b3bc9b7ac72d7,Pneumothorax,on,0.1283228318446072,0.0,0.1381065723368428,0.2426951219605392,0.9006372753828501
146,454,358aad16166fb6c3,Pneumothorax,off,0.173452431423573,0.0,0.0190591910519565,0.036229498627924,0.88669953583225
146,454,358aad16166fb6c3,Pneumothorax,on,0.173452431423573,0.0,0.0943423776145857,0.1724147839322524,0.4995714864623058
147,274,3ca26b9b28c3dc4d,Pneumonia,off,0.1434586202359545,0.0,0.2158515291935285,0.3541812143880651,0.5997351026970875
147,274,3ca26b9b28c3dc4d,Pneumonia,on,0.1434586202359545,0.0,0.2392253245614859,0.3860878476776249,0.6995191004259218
148,324,1a2e21229d1c588a,Pneumothorax,off,0.1456953642384106,0.0,0.0,0.0,0.0005691149615385
148,324,1a2e21229d1c588a,Pneumothorax,on,0.1456953642384106,0.0,0.0,0.0,-0.4323075358282138
149,184,b41834be3e29c44f,Pneumothorax,off,0.1531511775799307,0.0,0.0,0.0,0.6074025124926948
149,184,b41834be3e29c44f,Pneumothorax,on,0.1531511775799307,0.0,0.0753661955163179,0.1401674158631133,0.3639102927833074
150,20,366f1766916dfa75,Pneumothorax,off,0.174734051625416,0.0,0.0,0.0,-0.237032457943546
150,20,366f1766916dfa75,Pneumothorax,on,0.174734051625416,0.0,0.0,0.0,-0.4925054690662762
151,361,b1c8137ad484eac1,Pneumonia,off,0.1376255427393535,1.0,0.3536605256723414,0.5207504137937712,1.430248993517628
151,361,b1c8137ad484eac1,Pneumonia,on,0.1376255427393535,1.0,0.4225736628782832,0.5940973154763567,1.1147310107608517
152,401,c46bd3cf28d24372,Pneumothorax,off,0.1057750878372781,0.0,0.0,0.0,-0.3340074821375517
152,401,c46bd3cf28d24372,Pneumothorax,on,0.1057750878372781,0.0,0.0,0.0,-0.3654880165363365
153,400,c4ab7b3220d45f3d,Pneumonia,off,0.1289660784858363,1.0,0.648302021114805,0.7853766851360573,2.590123662843988
153,400,c4ab7b3220d45f3d,Pneumonia,on,0.1289660784858363,1.0,0.6076594225904909,0.7559494833792815,3.292716433601349
154,351,cee781693007010c,Pneumonia,off,0.1503394100648607,1.0,0.503694077658463,0.6694820280293369,2.4289114964283804
154,351,cee781693007010c,Pneumonia,on,0.1503394100648607,1.0,0.4153931929638816,0.5869592951355189,2.402858968270298
155,332,8c9146cd6f056c49,Pneumonia,off,0.1109892840957268,1.0,0.4171424138820137,0.5883758944564013,2.174069618571404
155,332,8c9146cd6f056c49,Pneumonia,on,0.1109892840957268,1.0,0.3334631531986999,0.5001445551990499,2.412332379699933
156,418,16feb1569a29f5a0,Pneumothorax,off,0.1691446281595836,0.0,0.0,0.0,-0.1189767746056083
156,418,16feb1569a29f5a0,Pneumothorax,on,0.1691446281595836,0.0,0.0039125960485783,0.0077944650653748,-0.3976836108010085
157,103,a640eeb65f3ac9d2,Pneumothorax,off,0.1866292414075406,0.0,0.0008019197472737,0.0015974344235016,0.7358549360586082
157,103,a640eeb65f3ac9d2,Pneumothorax,on,0.1866292414075406,0.0,0.0285383960084627,0.0554914215049612,0.187017250074906
158,139,1a868aa2c2a7ab1b,Pneumonia,off,0.1693687898678907,1.0,0.5486689645873659,0.7061946663019758,2.534956910072017
158,139,1a868aa2c2a7ab1b,Pneumonia,on,0.1693687898678907,1.0,0.2669866854467727,0.421440031491014,2.497830383836276
159,42,6a382312bfef556a,Pneumothorax,off,0.1391654362138112,1.0,0.3009089179016517,0.4609799413721567,1.3540439871483705
159,42,6a382312bfef556a,Pneumothorax,on,0.1391654362138112,1.0,0.429307495733825,0.6007201089798638,1.0762593083427092
160,246,ac9879b3bcc1d5b9,Pneumothorax,off,0.1226262006052366,1.0,0.2805686611466959,0.4327026770520029,1.658373558492653
160,246,ac9879b3bcc1d5b9,Pneumothorax,on,0.1226262006052366,1.0,0.652341172248582,0.7895937858843965,1.5314622863242824
161,166,07f6d43ff7442163,Pneumonia,off,0.1428641044008791,1.0,0.4241006602148019,0.5944485429705854,1.928658844181791
161,166,07f6d43ff7442163,Pneumonia,on,0.1428641044008791,1.0,0.4433478866765641,0.6143317578781452,1.6876966712054668
162,195,94310590493db21b,Pneumothorax,off,0.1395699019048872,0.0,0.0,0.0,0.2749070829135028
162,195,94310590493db21b,Pneumothorax,on,0.1395699019048872,0.0,4.386990964722947e-05,8.772846993721555e-05,-0.3763818283350129
163,262,421b40d76dc65ae9,Pneumothorax,off,0.1716298992734236,1.0,0.4756568487862274,0.6399762918763078,1.958101252051698
163,262,421b40d76dc65ae9,Pneumothorax,on,0.1716298992734236,1.0,0.6325172716254889,0.7748964391795911,1.3829156220510723
164,342,9981e0f0e8d3ad3b,Pneumonia,off,0.1182989050187857,0.0,0.0,0.0,-3.124619911440025
164,342,9981e0f0e8d3ad3b,Pneumonia,on,0.1182989050187857,0.0,0.0,0.0,-0.3961136028323692
165,199,5db9065ecfba6f94,Pneumonia,off,0.1518841766199338,1.0,0.1394581360329871,0.2441350903706182,0.6783284197458161
165,199,5db9065ecfba6f94,Pneumonia,on,0.1518841766199338,1.0,0.2227726242270769,0.3643712283052834,0.4788421544731786
166,177,c1d43e09d7d9bec7,Pneumonia,off,0.141660453488882,1.0,0.3251950483581659,0.4871457646459934,1.7227127164995015
166,177,c1d43e09d7d9bec7,Pneumonia,on,0.141660453488882,1.0,0.5687179676178925,0.7250691099697422,1.2986613688662334
167,74,a95e5c78f29d3c6f,Pneumothorax,off,0.1640912435614422,0.0,0.0,0.0,0.2916956831932364
167,74,a95e5c78f29d3c6f,Pneumothorax,on,0.1640912435614422,0.0,0.0,0.0,-0.457264923124654
168,73,6376c511055a284e,Pneumonia,off,0.1177726123123254,1.0,0.4249659521267011,0.594552554408537,1.9980960739230664
168,73,6376c511055a284e,Pneumonia,on,0.1177726123123254,1.0,0.5042806717193061,0.6704592411767809,2.1939564691624174
169,72,b94add6384c3c56b,Pneumonia,off,0.1594666900574536,0.0,0.1050448152949963,0.1806428400463545,1.7026749311512728
169,72,b94add6384c3c56b,Pneumonia,on,0.1594666900574536,0.0,0.3489637771437242,0.5173802062359203,1.987576032394237
170,240,04541ecb15f3ec4a,Pneumonia,off,0.1328645429781345,1.0,0.4311649767001797,0.6008080932305188,1.2858735206041982
170,240,04541ecb15f3ec4a,Pneumonia,on,0.1328645429781345,1.0,0.4339652073520678,0.6052559193569602,1.1759128381949546
171,254,36e588acb178eced,Pneumothorax,off,0.1241904594827712,0.0,0.2137577297199819,0.3501358922128094,1.472700006112294
171,254,36e588acb178eced,Pneumothorax,on,0.1241904594827712,0.0,0.3027250940786822,0.4647558794531431,1.4322584865065329
172,320,75bba632288ce1d3,Pneumonia,off,0.1090985288169622,0.0,0.2204856873855389,0.3591272127751255,1.1790073271499573
172,320,75bba632288ce1d3,Pneumonia,on,0.1090985288169622,0.0,0.3838801290094973,0.5547878300803492,1.1061714116055534
173,128,48d3207f19c2ee8f,Pneumonia,off,0.1475666271947137,0.0,0.0516221283298317,0.0952625323255548,0.5798082105982098
173,128,48d3207f19c2ee8f,Pneumonia,on,0.1475666271947137,0.0,0.1246359150355503,0.2216451001306306,0.3708778353906107
174,93,8bfe346954ca2a54,Pneumothorax,off,0.1326355081892119,0.0,0.1760501625900953,0.2972056148981826,1.519639218462581
174,93,8bfe346954ca2a54,Pneumothorax,on,0.1326355081892119,0.0,0.2147280150543664,0.3535391344000417,1.4789688866585904
175,190,18ade169c0e38f1b,Pneumonia,off,0.1116227845757252,1.0,0.3564509892452888,0.5223877632589553,1.6461863888361363
175,190,18ade169c0e38f1b,Pneumonia,on,0.1116227845757252,1.0,0.5166043017616022,0.6812643541268032,1.5536811543989442
176,191,b6743168ef9bbb93,Pneumonia,off,0.1012041382200585,0.0,0.0,0.0,-0.0425436950671755
176,191,b6743168ef9bbb93,Pneumonia,on,0.1012041382200585,0.0,0.0,0.0,-0.3488223220877355
177,435,8065b42d7d8e8e46,Pneumothorax,off,0.1159598263234068,0.0,0.0,0.0,0.1824113583290688
177,435,8065b42d7d8e8e46,Pneumothorax,on,0.1159598263234068,0.0,0.0,0.0,-0.3718552948974497
178,132,b3b7784bd1c963b0,Pneumonia,off,0.1513871223971658,1.0,0.3070736156489338,0.4683629855634901,1.497358080527285
178,132,b3b7784bd1c963b0,Pneumonia,on,0.1513871223971658,1.0,0.440113136562326,0.6112171085534228,1.145768892316388
179,442,ba6337453bd8fbe2,Pneumothorax,off,0.1834276274432408,0.0,0.098466360135056,0.1792623018310057,1.2368715557427012
179,442,ba6337453bd8fbe2,Pneumothorax,on,0.1834276274432408,0.0,0.1055467266878039,0.1909402684897081,0.9311925847919468
180,198,2cf513fbcdcd7d1d,Pneumonia,off,0.102714793210824,1.0,0.4396293046864059,0.6067999054074444,2.4947812424452307
180,198,2cf513fbcdcd7d1d,Pneumonia,on,0.102714793210824,1.0,0.4838023259884686,0.6520945977505179,3.627659171013451
181,107,c5ba0875d8eeea25,Pneumonia,off,0.1297993752710651,1.0,0.2657253816263319,0.4179145790388123,1.2034831485949846
181,107,c5ba0875d8eeea25,Pneumonia,on,0.1297993752710651,1.0,0.38497972469969,0.5559343203747018,0.931000168854242
182,108,61aef6e6626a971f,Pneumonia,off,0.1124512082803385,0.0,0.0,0.0,-0.4808590253724542
182,108,61aef6e6626a971f,Pneumonia,on,0.1124512082803385,0.0,0.0,0.0,-0.3760522294226441
183,416,a9e2cbe7c06e2ec5,Pneumothorax,off,0.1645249477362104,0.0,0.0696820831458955,0.1257072616701806,1.0125574359900051
183,416,a9e2cbe7c06e2ec5,Pneumothorax,on,0.1645249477362104,0.0,0.1344133927620611,0.236974264058868,0.752105306777039
184,404,52ccf86e7ccceedc,Pneumothorax,off,0.1722341612697298,1.0,0.2990254064397565,0.45124848626334,1.3829353622921736
184,404,52ccf86e7ccceedc,Pneumothorax,on,0.1722341612697298,1.0,0.5120620772327144,0.6773028464392882,1.0699542853650146
185,278,edde383473e98087,Pneumothorax,off,0.093938375022538,1.0,0.312097847646747,0.4729272228227793,1.0614061912971506
185,278,edde383473e98087,Pneumothorax,on,0.093938375022538,1.0,0.4548847586551403,0.6253205059853385,1.0771189577156353
186,263,7c7dd650c6019dc0,Pneumothorax,off,0.1055509261289709,1.0,0.1307646740291121,0.2298759648669283,0.7441720898784602
186,263,7c7dd650c6019dc0,Pneumothorax,on,0.1055509261289709,1.0,0.2131061668563062,0.3513394241796792,0.531078977692218
187,223,d48d2e3b0dc01ccf,Pneumonia,off,0.111437607512341,1.0,0.2376936372777153,0.3829475585222271,0.942787820275496
187,223,d48d2e3b0dc01ccf,Pneumonia,on,0.111437607512341,1.0,0.3564334063768213,0.5255446595531714,0.840026345278959
188,344,3b0617fc4bf3f405,Pneumonia,off,0.1031923551111306,1.0,0.5824237999547757,0.7326068324840896,2.376171117061078
188,344,3b0617fc4bf3f405,Pneumonia,on,0.1031923551111306,1.0,0.6106122262537018,0.7582183386440107,3.612145143209864
189,343,f74f3a36930f15e4,Pneumonia,off,0.0737297097105877,0.0,0.0609305596504358,0.1143500126941096,-0.3041754765760448
189,343,f74f3a36930f15e4,Pneumonia,on,0.0737297097105877,0.0,0.0147466862597524,0.0290619025464567,-0.1864585613511162
190,334,121f00b6460da473,Pneumonia,off,0.1176848968612487,0.0,0.0049060288015621,0.0095771292435973,0.8956199589286006
190,334,121f00b6460da473,Pneumonia,on,0.1176848968612487,0.0,0.1301803169594128,0.2303152749383557,0.6590623810908881
191,289,c47ec9ec3990eaf3,Pneumonia,off,0.1032605782397458,1.0,0.4078992539884491,0.5729241059725942,1.4250017412150071
191,289,c47ec9ec3990eaf3,Pneumonia,on,0.1032605782397458,1.0,0.5429336209651313,0.7037667063706626,1.376382219317065
192,288,d7bb30eed043ee33,Pneumonia,off,0.1170124117363273,1.0,0.3302244032367575,0.4951128743449812,1.455196378610898
192,288,d7bb30eed043ee33,Pneumonia,on,0.1170124117363273,1.0,0.3838984012018407,0.5548071670643188,1.2620447553248308
193,431,9f93ab8d1df09a76,Pneumothorax,off,0.1847189938063145,0.0,0.0773213687951094,0.1431647217655422,0.5789309541410806
193,431,9f93ab8d1df09a76,Pneumothorax,on,0.1847189938063145,0.0,0.0892937151146743,0.1639473527268822,0.2859110680348332
194,430,14db6ee01e29879b,Pneumothorax,off,0.2034023848856531,0.0,0.1422728530682976,0.2471031241777734,2.3061896988302646
194,430,14db6ee01e29879b,Pneumothorax,on,0.2034023848856531,0.0,0.106328703372105,0.1922177670741814,2.129601150326633
195,45,d81040617f1c56b9,Pneumothorax,off,0.1238201053560029,0.0,0.0831313970483869,0.1525994559961931,0.6374720414325178
195,45,d81040617f1c56b9,Pneumothorax,on,0.1238201053560029,0.0,0.1521835357514481,0.2641649938341122,0.566465755498161
196,206,1cf185c35f8ce322,Pneumothorax,off,0.1821557534026285,0.0,0.1867806814586528,0.3145815694175435,1.661183983433738
196,206,1cf185c35f8ce322,Pneumothorax,on,0.1821557534026285,0.0,0.1745317502259594,0.2971934086264089,1.531699471365367
197,207,fe64161a616d5561,Pneumonia,off,0.1579365427442266,0.0,0.0147054325323609,0.0281051186414531,0.3804508213642202
197,207,fe64161a616d5561,Pneumonia,on,0.1579365427442266,0.0,0.1284948638789759,0.2277099630624854,0.1192729707396638
198,398,c3a8a9bbdf1983ae,Pneumothorax,off,0.1475130233079445,0.0,2.2690315017206823e-05,4.5375482114497465e-05,0.4694160469543689
198,398,c3a8a9bbdf1983ae,Pneumothorax,on,0.1475130233079445,0.0,0.0165795457791382,0.0326167478484144,-0.0552732868299813
199,67,8bcac9f76ba883ad,Pneumothorax,off,0.1060089957068159,0.0,0.0,0.0,-0.0407930954086077
199,67,8bcac9f76ba883ad,Pneumothorax,on,0.1060089957068159,0.0,0.0,0.0,-0.3589436495129716
200,100,5ba3a4ec085622eb,Pneumothorax,off,0.1504953486445526,0.0,0.0,0.0,-0.022124197002014
200,100,5ba3a4ec085622eb,Pneumothorax,on,0.1504953486445526,0.0,0.0,0.0,-0.4364313322402777
201,412,6adfce3be1051462,Pneumothorax,off,0.1992310278788942,0.0,0.0,0.0,-0.2448423769570945
201,412,6adfce3be1051462,Pneumothorax,on,0.1992310278788942,0.0,0.0,0.0,-0.524031258158174
202,407,2d2ee9d090034632,Pneumothorax,off,0.129419274983066,0.0,0.0,0.0,0.4204554763635367
202,407,2d2ee9d090034632,Pneumothorax,on,0.129419274983066,0.0,0.0024809879901243,0.0049479742944711,-0.227171289727749
203,138,b6372b688f2df234,Pneumothorax,off,0.1589647627540702,0.0,0.1679973328692716,0.2846982178623006,1.7568788363223544
203,138,b6372b688f2df234,Pneumothorax,on,0.1589647627540702,0.0,0.1976053442016879,0.329996640883428,2.1837598904351854
204,137,b1e72898c89b15bd,Pneumonia,off,0.1708307140525025,0.0,0.0723691187370657,0.1289294427982411,0.819357306140225
204,137,b1e72898c89b15bd,Pneumonia,on,0.1708307140525025,0.0,0.2252618925174239,0.3676954980544786,0.589608338988541
205,238,b346774a4dbee0ea,Pneumonia,off,0.1159062224366377,1.0,0.3951611288102822,0.5656648275846818,1.711883774821181
205,238,b346774a4dbee0ea,Pneumonia,on,0.1159062224366377,1.0,0.4289173340297436,0.6003380440950251,1.6170388363799828
206,426,4120f29e59ccdaf6,Pneumothorax,off,0.1087622862545015,0.0,0.0,0.0,-0.2694963338324184
206,426,4120f29e59ccdaf6,Pneumothorax,on,0.1087622862545015,0.0,0.0,0.0,-0.3609002721203266
207,427,db25433da7613cdf,Pneumothorax,off,0.1061892996895847,0.0,0.0277934332433009,0.0536587647542372,1.280776585863752
207,427,db25433da7613cdf,Pneumothorax,on,0.1061892996895847,0.0,0.0942926180737855,0.1723352633645355,1.2010425222000591
208,280,96d3da5e8964b6d6,Pneumothorax,off,0.1279817162015311,1.0,0.3901494640727115,0.5564499791298264,2.200114114521248
208,280,96d3da5e8964b6d6,Pneumothorax,on,0.1279817162015311,1.0,0.6522888842430523,0.7895578653797531,2.4912272710832544
209,378,b4acace0017c25d0,Pneumonia,off,0.1186838783874001,0.0,0.25758359121233,0.4090160733460822,1.9547431079641395
209,378,b4acace0017c25d0,Pneumonia,on,0.1186838783874001,0.0,0.2665066914319157,0.4208501776901599,2.3164729678768348
210,396,7d354e4232c4250f,Pneumonia,off,0.0961410074606864,1.0,0.1389342205634307,0.2425562130386699,0.7207069188876908
210,396,7d354e4232c4250f,Pneumonia,on,0.0961410074606864,1.0,0.2870270128849576,0.4460310591768137,0.580926605882834
211,69,53d456a7677f9d60,Pneumothorax,off,0.1573517730703819,0.0,0.0,0.0,1.0737029891008545
211,69,53d456a7677f9d60,Pneumothorax,on,0.1573517730703819,0.0,0.1280570206974193,0.2270352263355322,0.7992179820270626
212,125,80eec41176dc56fd,Pneumothorax,off,0.1051659527603565,0.0,0.0,0.0,0.2799609657805964
212,125,80eec41176dc56fd,Pneumothorax,on,0.1051659527603565,0.0,0.0091887959481252,0.0182047430048443,-0.1212546430391477
213,16,b193933781c53116,Pneumothorax,off,0.1878280192389222,0.0,0.0,0.0,-0.3939767203968919
213,16,b193933781c53116,Pneumothorax,on,0.1878280192389222,0.0,0.0,0.0,-0.5009670209433055
214,325,a5bdd073b780ec4a,Pneumonia,off,0.150461237080245,1.0,0.3392030206676713,0.5054085663365359,1.6177730821097858
214,325,a5bdd073b780ec4a,Pneumonia,on,0.150461237080245,1.0,0.2529480685832256,0.4037628996093926,1.3249325427685683
215,11,175d85705c27b3df,Pneumonia,off,0.1598175518617604,0.0,0.0,0.0,-1.5642873021934958
215,11,175d85705c27b3df,Pneumonia,on,0.1598175518617604,0.0,0.0,0.0,-0.4687804004711976
216,457,b47768dffffa9beb,Pneumothorax,off,0.1489115974445565,0.0,0.1139027299828488,0.2038525632631065,1.035683096066888
216,457,b47768dffffa9beb,Pneumothorax,on,0.1489115974445565,0.0,0.1261989944195246,0.2241148954613679,0.8157389683107853
217,413,be051a60e9c8a365,Pneumothorax,off,0.1284738973436837,1.0,0.2721993127147766,0.4220552380074974,1.5612192664456332
217,413,be051a60e9c8a365,Pneumothorax,on,0.1284738973436837,1.0,0.6089994804483473,0.7569875618931738,1.5440584054439397
218,385,7ccf19b06023b219,Pneumothorax,off,0.1581850698556106,0.0,0.0,0.0,-0.4009699475031963
218,385,7ccf19b06023b219,Pneumothorax,on,0.1581850698556106,0.0,0.0,0.0,-0.4555943145332279
219,248,b968112f0bbfbd97,Pneumonia,off,0.1265002996944578,1.0,0.191046126540004,0.3203175776170581,0.9415018396370516
219,248,b968112f0bbfbd97,Pneumonia,on,0.1265002996944578,1.0,0.2373185390915941,0.3835968419880433,0.5564210834189512
220,357,e7127915e33fe1cd,Pneumothorax,off,0.1954251519182882,0.0,0.0613493729080057,0.1155417100339868,0.4334301285539002
220,357,e7127915e33fe1cd,Pneumothorax,on,0.1954251519182882,0.0,0.0670737710663931,0.1257152807007694,0.2447289792136701
221,356,04c74a41b993bc82,Pneumothorax,off,0.1226944237338518,0.0,0.0,0.0,0.2088634056804385
221,356,04c74a41b993bc82,Pneumothorax,on,0.1226944237338518,0.0,0.0203648879469506,0.0398816137743861,0.0003439756290215
222,260,d73038ab9e48f2c0,Pneumonia,off,0.1121978080883392,1.0,0.4564882540648664,0.6258670096094912,2.445229476499692
222,260,d73038ab9e48f2c0,Pneumonia,on,0.1121978080883392,1.0,0.3934103137415757,0.5646658874511005,3.0028537107521784
223,32,62eada75bf2837e8,Pneumonia,off,0.1290099362113747,1.0,0.3403181300108568,0.5072088240056802,1.621687552164901
223,32,62eada75bf2837e8,Pneumonia,on,0.1290099362113747,1.0,0.3823626876000038,0.5532002647302413,1.4651382799765476
224,70,e3504747c728649b,Pneumothorax,off,0.1102290835197286,0.0,0.0,0.0,-0.2789471096334739
224,70,e3504747c728649b,Pneumothorax,on,0.1102290835197286,0.0,0.0,0.0,-0.3675671923810367
225,79,8a8c5bb34a6b86f0,Pneumothorax,off,0.121939096238469,1.0,0.4246230123485414,0.5939776344038054,1.815992426394744
225,79,8a8c5bb34a6b86f0,Pneumothorax,on,0.121939096238469,1.0,0.3909417396696816,0.5621180995291761,1.6579743676142835
226,135,8f7cd7675aaf7c8c,Pneumothorax,off,0.1287955206642983,0.0,0.0,0.0,0.2659010319540184
226,135,8f7cd7675aaf7c8c,Pneumothorax,on,0.1287955206642983,0.0,0.0251439941484931,0.0490522143891415,0.0550044576579569
227,144,ef34d81df7c0b493,Pneumonia,off,0.1037917440268214,1.0,0.3721177303168782,0.5364111559747172,1.6912721407901696
227,144,ef34d81df7c0b493,Pneumonia,on,0.1037917440268214,1.0,0.5965280301159422,0.747273935830197,1.7481836839608085
228,145,9d58e7f871787719,Pneumonia,off,0.1518305727331647,0.0,0.0,0.0,-1.0306882356877476
228,145,9d58e7f871787719,Pneumonia,on,0.1518305727331647,0.0,0.0,0.0,-0.4622912561376002
229,37,f4555291d75fe507,Pneumothorax,off,0.1342095132279773,0.0,0.2638579348804345,0.4149026880132171,1.420942965925337
229,37,f4555291d75fe507,Pneumothorax,on,0.1342095132279773,0.0,0.4396637728303833,0.6107850668820552,1.1568341527968802
230,172,9e8b2f979cd78f75,Pneumonia,off,0.0985385631234497,1.0,0.3204271142397351,0.4802533903155866,1.2880026282768902
230,172,9e8b2f979cd78f75,Pneumonia,on,0.0985385631234497,1.0,0.5405350215808518,0.7017476605065254,1.2908181693812124
231,399,2530a1d7ac18389f,Pneumothorax,off,0.1176118006520181,1.0,0.3245549148986665,0.4894337455211939,1.0116249337028234
231,399,2530a1d7ac18389f,Pneumothorax,on,0.1176118006520181,1.0,0.3023963389952555,0.4643658744657218,0.9045423307276228
232,382,c62c43b5231675b0,Pneumothorax,off,0.1003757145154452,0.0,0.0,0.0,0.1427725619532109
232,382,c62c43b5231675b0,Pneumothorax,on,0.1003757145154452,0.0,0.0002670157476304,0.0005336086353847,-0.2891009178053539
233,394,e1ee24695381078c,Pneumothorax,off,0.1721513188992685,0.0,0.00163855178131,0.0032513373977937,0.2043194526666921
233,394,e1ee24695381078c,Pneumothorax,on,0.1721513188992685,0.0,0.0169126477232578,0.033262017546929,-0.1147717767113494
234,201,885246ee6a0cbe93,Pneumothorax,off,0.1681066619885092,0.0,0.0,0.0,-0.4283500823049525
234,201,885246ee6a0cbe93,Pneumothorax,on,0.1681066619885092,0.0,0.0,0.0,-0.4675079809283717
235,116,0534d639197316e3,Pneumonia,off,0.1652510367479009,1.0,0.2131342843741864,0.3510468930942682,0.9505050728155454
235,116,0534d639197316e3,Pneumonia,on,0.1652510367479009,1.0,0.27930396781425,0.4366484823606786,0.6718897640312466
236,118,597abd2b1fb4b28c,Pneumonia,off,0.1047030101018961,1.0,0.412992008276684,0.5804773589219266,2.290054923493967
236,118,597abd2b1fb4b28c,Pneumonia,on,0.1047030101018961,1.0,0.5602426064177235,0.718143028919879,3.0731634483128176
237,230,e6689043e54e49db,Pneumothorax,off,0.1334298203295177,1.0,0.3255830767820654,0.4844500049152714,1.6513030397936357
237,230,e6689043e54e49db,Pneumothorax,on,0.1334298203295177,1.0,0.5451858908930228,0.7056559523476398,1.5464952695172396
238,231,87e1e30b9906f02d,Pneumothorax,off,0.1275382658655322,0.0,0.0,0.0,0.1949865009871892
238,231,87e1e30b9906f02d,Pneumothorax,on,0.1275382658655322,0.0,0.0939910529609579,0.171822535599343,0.1696615433332864
239,159,ec1c1b6a957bd691,Pneumonia,off,0.1785301814247913,1.0,0.2374839105436494,0.3803788228604051,1.507675491114078
239,159,ec1c1b6a957bd691,Pneumonia,on,0.1785301814247913,1.0,0.4812600248618099,0.6497913453227688,1.0840464746583192
240,411,d4c0f96bcd7c42a0,Pneumothorax,off,0.1040646365412823,0.0,0.0853815177777713,0.1554671741231702,1.4282719060262763
240,411,d4c0f96bcd7c42a0,Pneumothorax,on,0.1040646365412823,0.0,0.2370722293790235,0.3832790561256202,1.5345899338839344
241,91,5a5ab9e7fc7ac9c1,Pneumonia,off,0.1468843959085615,0.0,0.1168767010564159,0.207281697917267,0.8202711328416152
241,91,5a5ab9e7fc7ac9c1,Pneumonia,on,0.1468843959085615,0.0,0.2090669764544043,0.3458312712955224,0.6430991945704766
242,387,0fc1bd6976bca990,Pneumothorax,off,0.1644274861239029,1.0,0.2238238966201172,0.364940848199371,1.4284604426231655
242,387,0fc1bd6976bca990,Pneumothorax,on,0.1644274861239029,1.0,0.2284988295079866,0.3719957086918034,1.1703083814985424
243,71,ef6749004f2f4cc3,Pneumonia,off,0.103996413412667,0.0,0.3852447619390484,0.5541123547905155,2.526963200138139
243,71,ef6749004f2f4cc3,Pneumonia,on,0.103996413412667,0.0,0.3407609027138544,0.508299104387638,3.631648183150357
244,160,b49bdd3279bc0b27,Pneumonia,off,0.1408905067516531,1.0,0.2647340189550587,0.4078959598927493,1.5570277993631754
244,160,b49bdd3279bc0b27,Pneumonia,on,0.1408905067516531,1.0,0.4711394338377957,0.6405080980816951,1.583835018852372
245,156,b6bb19f178bd17d9,Pneumonia,off,0.1122026811689545,1.0,0.2046571189529375,0.3369885413676668,0.8636044624850935
245,156,b6bb19f178bd17d9,Pneumonia,on,0.1122026811689545,1.0,0.3952270909339593,0.5665415187068851,0.7958527118660106
246,179,2a8d2dfcfc83516d,Pneumothorax,off,0.143478112558416,1.0,0.3063715666355021,0.468053980524057,1.3502427717984375
246,179,2a8d2dfcfc83516d,Pneumothorax,on,0.143478112558416,1.0,0.3779284469298333,0.5485456547645845,1.1334012824367077
247,314,edc87ee173bd5f41,Pneumonia,off,0.1278452699443006,1.0,0.1871693222764205,0.3127057214649958,0.924220719923046
247,314,edc87ee173bd5f41,Pneumonia,on,0.1278452699443006,1.0,0.3459643735761863,0.5140744181084135,0.6913110469913453
248,237,620d12ad6a1b20b4,Pneumonia,off,0.1696514285435824,0.0,0.0374958950699446,0.0704071362909415,0.3624199598567895
248,237,620d12ad6a1b20b4,Pneumonia,on,0.1696514285435824,0.0,0.0819063713267428,0.1514108196308372,0.2308674821522131
249,3,ffb56bf454825a08,Pneumonia,off,0.1766589184684882,0.0,0.1448347546900687,0.2529328368841873,0.593124759014943
249,3,ffb56bf454825a08,Pneumonia,on,0.1766589184684882,0.0,0.1536477925129289,0.2663685892967971,0.4490473023071444
250,175,6bcddd6d8e8c8a7e,Pneumothorax,off,0.1658747910666686,0.0,0.0,0.0,-0.1849482933862417
250,175,6bcddd6d8e8c8a7e,Pneumothorax,on,0.1658747910666686,0.0,0.0002447492617711,0.0004893059970572,-0.4531018225951071
251,216,811bd9a2d86b8853,Pneumonia,off,0.1377083851098148,1.0,0.2737222856499386,0.4270076521498375,1.4457429690717365
251,216,811bd9a2d86b8853,Pneumonia,on,0.1377083851098148,1.0,0.4800402091630941,0.6486846020706518,1.211507108113246
252,17,6dd0d0da8c7f6300,Pneumothorax,off,0.1123732389904926,1.0,0.3558107742910453,0.5226499416702748,1.8809029553576373
252,17,6dd0d0da8c7f6300,Pneumothorax,on,0.1123732389904926,1.0,0.4333597407410939,0.6046742528762465,2.049163940931519
253,285,598076fbf61dbe60,Pneumonia,off,0.1366704189387405,0.0,0.0761530095879045,0.1342872766040993,0.9377201659596368
253,285,598076fbf61dbe60,Pneumonia,on,0.1366704189387405,0.0,0.254998792654718,0.406367472327839,0.7001768026388321
254,241,a670c2be27314d9a,Pneumothorax,off,0.1379130544956605,0.0,0.0,0.0,0.1867586720480056
254,241,a670c2be27314d9a,Pneumothorax,on,0.1379130544956605,0.0,0.0,0.0,-0.4133599766201467
255,384,7bc902cd7893af5d,Pneumothorax,off,0.1622735844919082,0.0,0.0,0.0,-0.4548053527532983
255,384,7bc902cd7893af5d,Pneumothorax,on,0.1622735844919082,0.0,0.0,0.0,-0.4586010439851627
256,440,4e0539034217998c,Pneumothorax,off,0.1153360720046391,1.0,0.2890147318895737,0.4459232252810598,1.34434757381111
256,440,4e0539034217998c,Pneumothorax,on,0.1153360720046391,1.0,0.3942754276531924,0.5655589566726686,1.2573232411516675
257,203,f78528ae0274616b,Pneumonia,off,0.1127289738754148,1.0,0.5048585253125566,0.661655346361146,2.7259246477719143
257,203,f78528ae0274616b,Pneumonia,on,0.1127289738754148,1.0,0.6023544833211438,0.7517885652378021,4.015769180149163
258,50,0aa92d922a58e312,Pneumothorax,off,0.1275333927849168,1.0,0.3963157948465436,0.5672714220578545,1.571526450326603
258,50,0aa92d922a58e312,Pneumothorax,on,0.1275333927849168,1.0,0.3006188412931128,0.462268170354716,1.3793074751039247
259,375,a94f884b732e3bcd,Pneumothorax,off,0.204708370490573,1.0,0.1149182721321719,0.2061391765419273,0.3696564210109082
259,375,a94f884b732e3bcd,Pneumothorax,on,0.204708370490573,1.0,0.1205035079499988,0.2150879019142641,0.2180200811974897
260,299,5567de030f328352,Pneumothorax,off,0.1717176147245004,1.0,0.135514765699312,0.2385638067818742,0.9727620097137696
260,299,5567de030f328352,Pneumothorax,on,0.1717176147245004,1.0,0.159411604649547,0.2749868919691644,0.6585948078701294
261,300,a9b8cc2d0d94d723,Pneumonia,off,0.1324552042064432,1.0,0.5407971005218591,0.6927540910719723,2.756431843280512
261,300,a9b8cc2d0d94d723,Pneumonia,on,0.1324552042064432,1.0,0.4774065431085129,0.6461745124920715,3.3224296156029154
262,438,33572e77c0536600,Pneumothorax,off,0.1326306351085966,1.0,0.3920945874589324,0.5624652524615932,1.6887012776783934
262,438,33572e77c0536600,Pneumothorax,on,0.1326306351085966,1.0,0.2896687000540065,0.4492018577215261,1.4838197372751964
263,200,c930d55d4bb7581b,Pneumothorax,off,0.1416945650531896,0.0,0.0,0.0,-0.159138637976047
263,200,c930d55d4bb7581b,Pneumothorax,on,0.1416945650531896,0.0,0.0,0.0,-0.4356434960762597
264,360,12e5aab946d1ee7e,Pneumonia,off,0.1256670029092291,1.0,0.5472715891833915,0.7045833998011899,2.965507581080033
264,360,12e5aab946d1ee7e,Pneumonia,on,0.1256670029092291,1.0,0.4434802172483432,0.614447111503704,3.4841617901224406
265,333,b1769427b211c108,Pneumonia,off,0.1279232392341466,1.0,0.2506156723993936,0.3989155541773274,1.339957053972602
265,333,b1769427b211c108,Pneumonia,on,0.1279232392341466,1.0,0.4184930089671755,0.5900335671626868,0.91224698799546
266,167,0ff3d1e08ba008d3,Pneumonia,off,0.1292682094839894,1.0,0.2935987726170332,0.4449103074631121,1.35196464574694
266,167,0ff3d1e08ba008d3,Pneumonia,on,0.1292682094839894,1.0,0.551931892337544,0.7112826318542768,1.197756636651261
267,197,35f82d500ee2a3fd,Pneumonia,off,0.1038697133166674,1.0,0.5184553718830425,0.6800832962796614,2.7209166061348258
267,197,35f82d500ee2a3fd,Pneumonia,on,0.1038697133166674,1.0,0.5083110805561777,0.6740003136750975,3.92151749349246
268,266,999591b2d12b3d78,Pneumothorax,off,0.1275187735430707,1.0,0.238627159888062,0.3816735929575216,1.0899220576508843
268,266,999591b2d12b3d78,Pneumothorax,on,0.1275187735430707,1.0,0.4664961849609342,0.6362046746848836,0.9575069747933744
269,54,d6ee87b326190f6d,Pneumothorax,off,0.107344219795428,0.0,0.0,0.0,0.2620984594522312
269,54,d6ee87b326190f6d,Pneumothorax,on,0.107344219795428,0.0,0.0110991663077581,0.0219373811188524,-0.0677831429928261
270,102,e750eb553f2a9a6e,Pneumothorax,off,0.1370456461461242,0.0,0.0,0.0,0.0850199063265106
270,102,e750eb553f2a9a6e,Pneumothorax,on,0.1370456461461242,0.0,0.0,0.0,-0.4219913791517562
271,55,ba571a0593f57813,Pneumonia,off,0.1176556583775565,1.0,0.7247752456756908,0.8388483343412316,3.9028121393219752
271,55,ba571a0593f57813,Pneumonia,on,0.1176556583775565,1.0,0.3442003126002688,0.5121081139924942,3.467031658262299
272,346,c892bb0055c22cd0,Pneumonia,off,0.1083919321277332,0.0,0.0,0.0,0.4719517414248501
272,346,c892bb0055c22cd0,Pneumonia,on,0.1083919321277332,0.0,4.308620318222387e-05,8.615384615384615e-05,-0.2667405840915486
273,84,5f39db396249a1f2,Pneumonia,off,0.1718345686592693,0.0,0.0,0.0,0.1868258103165165
273,84,5f39db396249a1f2,Pneumonia,on,0.1718345686592693,0.0,9.929747039694164e-06,1.9858508129576764e-05,-0.4571819110465142
274,265,68cb4910636dcabb,Pneumothorax,off,0.0997860717609851,0.0,0.0,0.0,-0.3700751412479442
274,265,68cb4910636dcabb,Pneumothorax,on,0.0997860717609851,0.0,0.0,0.0,-0.3433938016148068
275,306,49a6faf066875f4a,Pneumothorax,off,0.1446379057448747,0.0,0.1419542803216073,0.2472767397082072,0.8059009973799177
275,306,49a6faf066875f4a,Pneumothorax,on,0.1446379057448747,0.0,0.1930526163926348,0.3236279746685155,0.6202052327077966
276,305,fa851a693e873d99,Pneumothorax,off,0.1882373580106135,0.0,0.1857698386114351,0.3131209806459166,0.7220126889710365
276,305,fa851a693e873d99,Pneumothorax,on,0.1882373580106135,0.0,0.2090116760536275,0.3457560129434854,0.4916243600919114
277,275,1626d35d84c0d1b3,Pneumonia,off,0.1861224410235418,0.0,0.1687091010595195,0.2880793871376277,1.7088305833070816
277,275,1626d35d84c0d1b3,Pneumonia,on,0.1861224410235418,0.0,0.1825100987504886,0.3086809612450379,1.942267296724285
278,97,d486789ebff1ab61,Pneumothorax,off,0.1393603594384262,1.0,0.3809897918236307,0.5448548448899738,1.5897076289856364
278,97,d486789ebff1ab61,Pneumothorax,on,0.1393603594384262,1.0,0.5031011770362491,0.6694143194286352,1.3846631750338556
279,43,40930f98f262039d,Pneumonia,off,0.1607288179368351,1.0,0.2759250671265335,0.4280789220197139,1.51026617555802
279,43,40930f98f262039d,Pneumonia,on,0.1607288179368351,1.0,0.4785058510148065,0.6472688419012003,1.1155621045953417
280,318,ced43a28077174f6,Pneumothorax,off,0.1054973222422018,0.0,0.2291186171432978,0.3698379027446599,2.047022581518156
280,318,ced43a28077174f6,Pneumothorax,on,0.1054973222422018,0.0,0.38675611595434,0.5577823266379021,2.8558012159913435
281,225,9ea7c3106d11cc69,Pneumothorax,off,0.1261543109707663,0.0,0.1075068328943293,0.1934253214282152,0.7475164699433184
281,225,9ea7c3106d11cc69,Pneumothorax,on,0.1261543109707663,0.0,0.1281267697537852,0.2271477180844654,0.4574256108282226
282,405,96eed73623de6a68,Pneumothorax,off,0.1039135710422057,1.0,0.3049591826587459,0.4648060293784063,1.4394844667321636
282,405,96eed73623de6a68,Pneumothorax,on,0.1039135710422057,1.0,0.450827737359873,0.6214764479914592,1.368426030758425
283,40,191a1b3130859e8b,Pneumonia,off,0.1242976672563094,1.0,0.1785762273983642,0.3016133233958563,0.8966860222762739
283,40,191a1b3130859e8b,Pneumonia,on,0.1242976672563094,1.0,0.2596064519653828,0.412199912614038,0.5455020099023891
284,41,329aca38ff02024a,Pneumonia,off,0.1329863699935188,0.0,0.0155688370074661,0.0295635983487129,0.4233259885353212
284,41,329aca38ff02024a,Pneumonia,on,0.1329863699935188,0.0,0.1463579448047952,0.2553431018047253,0.3387064892169388
285,185,73562db6efa6210f,Pneumonia,off,0.1404519294962696,1.0,0.4645666996986592,0.6341832859880665,2.4317049005653297
285,185,73562db6efa6210f,Pneumonia,on,0.1404519294962696,1.0,0.2932639941858864,0.4535207776402328,2.5315247334995554
286,77,e288c9756beb2cef,Pneumothorax,off,0.1426740542568795,0.0,0.0298158620978773,0.0570376548419556,1.903665331669416
286,77,e288c9756beb2cef,Pneumothorax,on,0.1426740542568795,0.0,0.0554276637518943,0.1050331179180458,2.5202907264055048
287,337,6688f90e8260bfea,Pneumothorax,off,0.151952399748549,0.0,0.0,0.0,-0.4073770971118932
287,337,6688f90e8260bfea,Pneumothorax,on,0.151952399748549,0.0,0.0,0.0,-0.435265121865739
288,253,ae0ac7c7b7034072,Pneumothorax,off,0.1457684604476412,1.0,0.2532309678484715,0.4019394370107269,1.6736459980534155
288,253,ae0ac7c7b7034072,Pneumothorax,on,0.1457684604476412,1.0,0.3263198774131172,0.4920654250788415,1.676324332000121
289,95,1099b54355b5823b,Pneumothorax,off,0.1405932488341154,1.0,0.1255358788044792,0.2218081534527808,0.6871595995601271
289,95,1099b54355b5823b,Pneumothorax,on,0.1405932488341154,1.0,0.28715839451645,0.4461867727657124,0.5285655239644061
290,112,1032f70bdb2e9251,Pneumothorax,off,0.1453981063208728,1.0,0.2355873894816809,0.3810637257906705,0.7247457018378605
290,112,1032f70bdb2e9251,Pneumothorax,on,0.1453981063208728,1.0,0.2494447255758533,0.3992880830658014,0.5887233634990894
291,252,423b0dd1b9cc0017,Pneumonia,off,0.1135281590963359,1.0,0.2115982325910735,0.3462382924560541,0.8030444913327908
291,252,423b0dd1b9cc0017,Pneumonia,on,0.1135281590963359,1.0,0.3144756266983551,0.4784805806703147,0.6370341132538655
292,24,e901609118d83284,Pneumonia,off,0.1735450199552651,1.0,0.4492081266408355,0.6190579737162295,1.3908016947762412
292,24,e901609118d83284,Pneumonia,on,0.1735450199552651,1.0,0.2644937949044084,0.4183303520198322,1.099474351171862
293,48,4ffb5060113e379b,Pneumothorax,off,0.1231963510372352,0.0,0.0,0.0,-0.2654805532392352
293,48,4ffb5060113e379b,Pneumothorax,on,0.1231963510372352,0.0,0.0,0.0,-0.4061951217183934
294,331,0ed0789928a2b1d8,Pneumonia,off,0.1478882505153282,1.0,0.296090352145865,0.4488539069828672,1.0248572698162957
294,331,0ed0789928a2b1d8,Pneumonia,on,0.1478882505153282,1.0,0.4917100919140303,0.6592495205637541,1.008725446416324
295,276,62ad2c96692ed14a,Pneumonia,off,0.1204040758446267,1.0,0.3684472334493278,0.5372188677325993,2.690888907973363
295,276,62ad2c96692ed14a,Pneumonia,on,0.1204040758446267,1.0,0.2480576534580826,0.3975011707765389,3.182747314641375
296,12,a6abcbfc061442d5,Pneumothorax,off,0.1051513335185104,0.0,0.0,0.0,-0.4430404446389263
296,12,a6abcbfc061442d5,Pneumothorax,on,0.1051513335185104,0.0,0.0,0.0,-0.3550502205181215
297,449,98bf201558bb09ad,Pneumothorax,off,0.2002251363244302,0.0,0.050871984473405,0.0967875071024025,1.4618749644609834
297,449,98bf201558bb09ad,Pneumothorax,on,0.2002251363244302,0.0,0.0510114744418013,0.0970711401066672,1.597380885826376
298,83,e2544b85fe79e487,Pneumothorax,off,0.1789297740352518,0.0,0.0,0.0,-0.6018056450336127
298,83,e2544b85fe79e487,Pneumothorax,on,0.1789297740352518,0.0,0.0,0.0,-0.507180581451007
299,82,0c4238b2f5c4388b,Pneumothorax,off,0.1338099206175168,0.0,0.0,0.0,-0.5776022094715721
299,82,0c4238b2f5c4388b,Pneumothorax,on,0.1338099206175168,0.0,0.0,0.0,-0.4149846315048512
300,63,246bf9a8cfbb0c68,Pneumonia,off,0.1463970878470242,1.0,0.3018660944389767,0.4624991764828073,1.0575748037701638
300,63,246bf9a8cfbb0c68,Pneumonia,on,0.1463970878470242,1.0,0.3778097196668484,0.5484191852818847,0.9109394766239098
301,62,ba0d34c73de98ddb,Pneumonia,off,0.1784765775380222,1.0,0.3245274423188767,0.4888777048295757,1.7936077460041342
301,62,ba0d34c73de98ddb,Pneumonia,on,0.1784765775380222,1.0,0.3789643131309211,0.5496361086673471,1.708003732758658
302,271,2e657ea72ea7deff,Pneumothorax,off,0.1092690866385002,0.0,0.0,0.0,-0.0314516155034743
302,271,2e657ea72ea7deff,Pneumothorax,on,0.1092690866385002,0.0,0.0,0.0,-0.3626046957758483
303,227,9e1bcaf497d1a364,Pneumonia,off,0.1110818726274188,1.0,0.3171833214580911,0.4784683937707005,1.682159696004921
303,227,9e1bcaf497d1a364,Pneumonia,on,0.1110818726274188,1.0,0.495213853550537,0.6623986807957584,1.581578426866266
304,111,9a9f1ec1bf6c1e2a,Pneumothorax,off,0.1587064894814555,1.0,0.1649818746631066,0.2732940459827009,0.6473523967516666
304,111,9a9f1ec1bf6c1e2a,Pneumothorax,on,0.1587064894814555,1.0,0.1970392844253401,0.3201955375941326,0.3123162481408055
305,369,8dbb7830188b30a1,Pneumothorax,off,0.1026563162434396,0.0,0.0,0.0,-0.2646860847820111
305,369,8dbb7830188b30a1,Pneumothorax,on,0.1026563162434396,0.0,0.0,0.0,-0.3467286845766225
306,368,88b21b07728d1294,Pneumonia,off,0.1211301648563172,1.0,0.4741358173102048,0.6429030659376499,2.7803999935825874
306,368,88b21b07728d1294,Pneumonia,on,0.1211301648563172,1.0,0.329001281148411,0.495084846824346,3.396483117515435
307,295,81e0c859cc208433,Pneumonia,off,0.125403856555999,1.0,0.2621500335561236,0.4107335527322006,1.4017513090343925
307,295,81e0c859cc208433,Pneumonia,on,0.125403856555999,1.0,0.5505881814460816,0.7101536524994687,1.2764315998916087
308,130,7320038e0603d2e2,Pneumothorax,off,0.1322749002236744,0.0,0.0,0.0,0.1505346701350575
308,130,7320038e0603d2e2,Pneumothorax,on,0.1322749002236744,0.0,0.0,0.0,-0.4063119378713275
309,6,d2d092a91fc0eca9,Pneumothorax,off,0.1717712186112694,0.0,0.0283611497967588,0.0549307201945224,1.053308081891171
309,6,d2d092a91fc0eca9,Pneumothorax,on,0.1717712186112694,0.0,0.0430433851096453,0.0825340288093457,0.732773869857192
310,113,3a3bfb40eb6e865c,Pneumothorax,off,0.1501201214371689,0.0,0.0,0.0,0.2657335679027765
310,113,3a3bfb40eb6e865c,Pneumothorax,on,0.1501201214371689,0.0,0.0075317858551898,0.0149476399966036,-0.3127961993146824
311,115,e059a2b12b2f8a9d,Pneumothorax,off,0.1245315751258473,0.0,0.0,0.0,-0.2409171665490146
311,115,e059a2b12b2f8a9d,Pneumothorax,on,0.1245315751258473,0.0,0.0,0.0,-0.3892484030526999
312,114,02d1b5cb5d840174,Pneumothorax,off,0.1315926689375222,0.0,0.0,0.0,0.3127935030350497
312,114,02d1b5cb5d840174,Pneumothorax,on,0.1315926689375222,0.0,0.0,0.0,-0.3905147676850532
313,85,af1c5742d0805ffb,Pneumothorax,off,0.1378789429313529,1.0,0.3517373908195135,0.51981405922838,1.9667394745963065
313,85,af1c5742d0805ffb,Pneumothorax,on,0.1378789429313529,1.0,0.3723106457567414,0.5426033986438876,2.007008207300254
314,76,2117e37867972f29,Pneumonia,off,0.1075245237781968,1.0,0.1023104634195377,0.1848894058601643,0.6676238264830399
314,76,2117e37867972f29,Pneumonia,on,0.1075245237781968,1.0,0.2386265621714308,0.3853049137199212,0.4795554040687987
315,105,03309e7059c9e1aa,Pneumothorax,off,0.1094347713794229,0.0,0.0,0.0,-0.5590731516306136
315,105,03309e7059c9e1aa,Pneumothorax,on,0.1094347713794229,0.0,0.0,0.0,-0.3614469878691218
316,425,2a5f54f58033adc0,Pneumothorax,off,0.1243463980624631,1.0,0.3223997209546136,0.4854313246551987,1.4536468672182417
316,425,2a5f54f58033adc0,Pneumothorax,on,0.1243463980624631,1.0,0.3046011543151228,0.466955960680229,1.343442716667593
317,242,adefe62649625a81,Pneumothorax,off,0.1207549376489335,1.0,0.4314007290587313,0.5973887841874517,2.253477694401364
317,242,adefe62649625a81,Pneumothorax,on,0.1207549376489335,1.0,0.5825557670322198,0.7362165477023499,2.516576782349002
318,243,cb9183bb73f82ec1,Pneumonia,off,0.1781939388623306,1.0,0.1865073379075192,0.314163733727416,0.8505407284562143
318,243,cb9183bb73f82ec1,Pneumonia,on,0.1781939388623306,1.0,0.2094065936763798,0.3462963658284175,0.570769594052863
319,92,751bb22cbcb548d1,Pneumothorax,off,0.1042546866852818,0.0,0.1184470530429623,0.2095914283120325,1.81488053330684
319,92,751bb22cbcb548d1,Pneumothorax,on,0.1042546866852818,0.0,0.2016413836661708,0.3356066798315477,2.428443582916668
320,56,58c0774016deff7f,Pneumothorax,off,0.1195269213338596,0.0,0.0,0.0,-0.2286593417243161
320,56,58c0774016deff7f,Pneumothorax,on,0.1195269213338596,0.0,0.0,0.0,-0.3929456657210508
321,244,e2372b2d3608f078,Pneumothorax,off,0.1973305264388988,0.0,0.0,0.0,-0.4633238302550877
321,244,e2372b2d3608f078,Pneumothorax,on,0.1973305264388988,0.0,0.0,0.0,-0.5167275944996188
322,298,4870c4448aaec7b1,Pneumonia,off,0.1140154671578732,0.0,0.1957669286704435,0.326802661092656,1.9834720968805688
322,298,4870c4448aaec7b1,Pneumonia,on,0.1140154671578732,0.0,0.2041717752852534,0.3391041966059914,2.640145383036451
323,376,5b02f529850ec43a,Pneumonia,off,0.1088207632218859,1.0,0.3191366327994571,0.4781820316370669,1.707560108067299
323,376,5b02f529850ec43a,Pneumonia,on,0.1088207632218859,1.0,0.6250343907134235,0.7692558490373592,1.6339652499090354
324,22,c471fb69beaa4fad,Pneumothorax,off,0.1457294758027182,1.0,0.6243298953399495,0.7675864911725412,2.953076909803096
324,22,c471fb69beaa4fad,Pneumothorax,on,0.1457294758027182,1.0,0.3384703191142021,0.5057407180188349,3.0583580900840044
325,21,6756182e25db6216,Pneumothorax,off,0.0985678016071419,0.0,0.0,0.0,-0.2600394437764989
325,21,6756182e25db6216,Pneumothorax,on,0.0985678016071419,0.0,0.0,0.0,-0.3484325657472876
326,88,b717e0e9f48ec793,Pneumonia,off,0.1009702303505206,1.0,0.6109898502163064,0.7512155458783069,3.259778447071903
326,88,b717e0e9f48ec793,Pneumonia,on,0.1009702303505206,1.0,0.531719950942579,0.6942618430352214,4.442665606892081
327,249,089ce8d3c9aa17ec,Pneumothorax,off,0.1520498613608565,0.0,0.0007136563876651,0.0014222378297704,0.8537078101728572
327,249,089ce8d3c9aa17ec,Pneumothorax,on,0.1520498613608565,0.0,0.0313562946826706,0.0608050978847844,0.4676616567392572
328,8,b845911f4dc57432,Pneumonia,off,0.113294251226798,1.0,0.305368372747428,0.4433824787435879,1.7298218995013508
328,8,b845911f4dc57432,Pneumonia,on,0.113294251226798,1.0,0.5869158819017412,0.7396414158931532,2.4397398692407646
329,403,779d0f06242503f4,Pneumothorax,off,0.106808180927737,0.0,0.0,0.0,0.1853521480538821
329,403,779d0f06242503f4,Pneumothorax,on,0.106808180927737,0.0,0.0,0.0,-0.357616712496283
330,402,4bb674f158c41a32,Pneumonia,off,0.1454565832882573,1.0,0.7373504068756956,0.8469880129946432,3.648989181274028
330,402,4bb674f158c41a32,Pneumonia,on,0.1454565832882573,1.0,0.3248665816658503,0.4903737825060962,3.0912651945055183
331,141,ca20960c58c911d2,Pneumonia,off,0.1497741327134774,1.0,0.4282507722620364,0.5954270762318691,1.8274355070387776
331,141,ca20960c58c911d2,Pneumonia,on,0.1497741327134774,1.0,0.4869606792477373,0.6549738956500274,1.4919109500869536
332,174,bd6813023681f3ff,Pneumothorax,off,0.161001710451296,0.0,0.0,0.0,0.8177395537056467
332,174,bd6813023681f3ff,Pneumothorax,on,0.161001710451296,0.0,0.0701595537799727,0.1311080672945334,0.532258701413698
333,239,1d11168139d68001,Pneumonia,off,0.1193027596255524,1.0,0.4260666142282008,0.5945668246304199,1.8881294114444225
333,239,1d11168139d68001,Pneumonia,on,0.1193027596255524,1.0,0.4533057130994523,0.6237834805967302,1.7897861675874698
334,282,654c34f32a0119be,Pneumonia,off,0.1210911802113942,0.0,0.0,0.0,-0.7275306258056226
334,282,654c34f32a0119be,Pneumonia,on,0.1210911802113942,0.0,0.0,0.0,-0.3962385386451546
335,335,fa2be29d6e38c9f5,Pneumonia,off,0.1121734426852623,1.0,0.1635349662032245,0.2803684237301705,0.7162097307289468
335,335,fa2be29d6e38c9f5,Pneumonia,on,0.1121734426852623,1.0,0.2752475522617029,0.4316758313432937,0.5899749225689397
336,304,bf2ac14fa2df62e6,Pneumothorax,off,0.163564950854982,1.0,0.4004922443878495,0.57179056389777,1.7479223602112042
336,304,bf2ac14fa2df62e6,Pneumothorax,on,0.163564950854982,1.0,0.3437765748452775,0.5116560896275347,1.369410345614553
337,224,adbb1682ee33ffa6,Pneumothorax,off,0.1652364175060548,0.0,0.0,0.0,0.029115451178022
337,224,adbb1682ee33ffa6,Pneumothorax,on,0.1652364175060548,0.0,0.0,0.0,-0.464354533253676
338,94,cb50623d468b9c03,Pneumothorax,off,0.1718053301755771,1.0,0.1640703110282466,0.2779852958633163,1.1165276560819657
338,94,cb50623d468b9c03,Pneumothorax,on,0.1718053301755771,1.0,0.4244299134612845,0.5959216677178223,0.8335005885466664
339,60,cea6127ed387cbd4,Pneumonia,off,0.1258131953276903,1.0,0.330887856575956,0.4935671313493177,1.8136941302010148
339,60,cea6127ed387cbd4,Pneumonia,on,0.1258131953276903,1.0,0.4888745540876805,0.6566799199563478,1.8346856386968189
340,59,d70d2b1a08b95126,Pneumonia,off,0.1458951605436408,0.0,0.1763645962868965,0.2998313242466364,1.4074222897815454
340,59,d70d2b1a08b95126,Pneumonia,on,0.1458951605436408,0.0,0.1729809230992687,0.2949421430727544,1.2002095898446568
341,51,73425dc64d11db07,Pneumothorax,off,0.1534728009005453,0.0,0.0204063382136407,0.0395884807698683,0.511092713504128
341,51,73425dc64d11db07,Pneumothorax,on,0.1534728009005453,0.0,0.0482213649115621,0.0920057479611957,0.3526388896747515
342,81,9a547d8892dea3a6,Pneumothorax,off,0.1604510523417588,0.0,0.0,0.0,-0.3319868921757749
342,81,9a547d8892dea3a6,Pneumothorax,on,0.1604510523417588,0.0,0.0,0.0,-0.4571330480083972
343,161,47cb5b42f2159764,Pneumonia,off,0.1121052195566471,1.0,0.1474051892350972,0.2553350441904636,0.8579190346169768
343,161,47cb5b42f2159764,Pneumonia,on,0.1121052195566471,1.0,0.2711217821468396,0.4265851842125956,0.5335258105766403
344,456,4663d942b5ea9757,Pneumothorax,off,0.1343849441301307,1.0,0.3134498965689994,0.4737633584651729,1.3308515460674404
344,456,4663d942b5ea9757,Pneumothorax,on,0.1343849441301307,1.0,0.3958621649525771,0.5671890120298151,1.1906574906208007
345,149,9a3f950f149d0f37,Pneumonia,off,0.1214712804993933,1.0,0.0778895923865474,0.1439372315950124,0.2721833151778984
345,149,9a3f950f149d0f37,Pneumonia,on,0.1214712804993933,1.0,0.1674775823710119,0.2869029588343871,0.2460088486588877
346,123,72b342a7bd6092eb,Pneumothorax,off,0.1403593409645775,0.0,0.0012718006156134,0.0025296066022364,0.5494570921476922
346,123,72b342a7bd6092eb,Pneumothorax,on,0.1403593409645775,0.0,0.0377605861028185,0.0727717032237341,0.1964336717913944
347,257,be37ee4fa4a100ff,Pneumothorax,off,0.1497205288267084,1.0,0.3442010674771456,0.5120692542038332,1.5976158887599747
347,257,be37ee4fa4a100ff,Pneumothorax,on,0.1497205288267084,1.0,0.3457870374613713,0.5138803221181298,1.35374822428898
348,312,b5505e5ca319f34d,Pneumothorax,off,0.1712059412598862,0.0,0.0836281608165257,0.1522794329793666,0.7308407675264144
348,312,b5505e5ca319f34d,Pneumothorax,on,0.1712059412598862,0.0,0.1843294957447745,0.311278953987136,0.4845378741125656
349,131,053e5b78358a568a,Pneumothorax,off,0.1663913376118981,0.0,0.0,0.0,0.0567420882283829
349,131,053e5b78358a568a,Pneumothorax,on,0.1663913376118981,0.0,0.0,0.0,-0.4677038954280052
350,164,be278530fe2c952e,Pneumonia,off,0.1134843013707975,1.0,0.505261265257434,0.6687797404854194,2.4293408094615003
350,164,be278530fe2c952e,Pneumonia,on,0.1134843013707975,1.0,0.558410480704916,0.7166314935554097,3.311311061172079
351,189,36a4c529abcad2c7,Pneumothorax,off,0.1497205288267084,0.0,0.0435099459196546,0.0822635789329729,1.356126265476193
351,189,36a4c529abcad2c7,Pneumothorax,on,0.1497205288267084,0.0,0.0935556748918294,0.1711035514997141,1.262358200051486
352,317,e9899fb1ecd89dfc,Pneumonia,off,0.1712351797435785,1.0,0.4730152121964485,0.6405291472855508,2.132505186401377
352,317,e9899fb1ecd89dfc,Pneumonia,on,0.1712351797435785,1.0,0.3562335479954407,0.5253145862915553,2.425930309340776
353,316,375552a7cb5dab94,Pneumonia,off,0.1695101092057366,0.0,0.2178857344313724,0.3400410786368,1.3101692858185707
353,316,375552a7cb5dab94,Pneumonia,on,0.1695101092057366,0.0,0.3913446034588914,0.5625413002774533,1.1493967062637611
354,395,efd7cf52bf8c2702,Pneumothorax,off,0.0912289422003908,0.0,0.0,0.0,0.1189259133836244
354,395,efd7cf52bf8c2702,Pneumothorax,on,0.0912289422003908,0.0,0.0,0.0,-0.3309669729650843
355,182,1fdb91e38cc9a33d,Pneumonia,off,0.1906056751896846,0.0,0.1920679538940534,0.3222242286560347,1.4949662254495988
355,182,1fdb91e38cc9a33d,Pneumonia,on,0.1906056751896846,0.0,0.1904004289771848,0.3198927272527778,1.2321147104417691
356,432,5ecd815629cef624,Pneumothorax,off,0.1686475739368156,0.0,0.0719419660882418,0.1331573918500458,0.763626708146189
356,432,5ecd815629cef624,Pneumothorax,on,0.1686475739368156,0.0,0.150428856662847,0.2615164712679192,0.4776448400158482
357,86,22ff98b072fd30e7,Pneumonia,off,0.1210521955664712,0.0,0.0,0.0,-0.0410639166832265
357,86,22ff98b072fd30e7,Pneumonia,on,0.1210521955664712,0.0,0.0019918675904255,0.0039702242488925,-0.318615494697641
358,80,65fa96e941804d66,Pneumonia,off,0.1304280026704481,0.0,0.0,0.0,0.3938799950744995
358,80,65fa96e941804d66,Pneumonia,on,0.1304280026704481,0.0,0.017071195781549,0.0335664826619051,-0.0989619347398484
359,348,8c844aa281c46dd8,Pneumonia,off,0.1147220638471022,1.0,0.5799352272843291,0.7232742838310047,3.247397830612306
359,348,8c844aa281c46dd8,Pneumonia,on,0.1147220638471022,1.0,0.5587814802714114,0.7169296911070095,4.118973539691626
360,437,1d9fab51249e7082,Pneumothorax,off,0.1243951288686168,0.0,0.0,0.0,0.357091017064228
360,437,1d9fab51249e7082,Pneumothorax,on,0.1243951288686168,0.0,0.0082268090177715,0.0163157262746595,-0.1918865787638304
361,436,b60a8fdd4ab9eda7,Pneumothorax,off,0.1753334405411068,0.0,0.0,0.0,-0.5140677241533113
361,436,b60a8fdd4ab9eda7,Pneumothorax,on,0.1753334405411068,0.0,0.0,0.0,-0.4745372932374027
362,5,b6854428fb77d4cc,Pneumothorax,off,0.1608019141460657,0.0,0.0,0.0,-0.4585999119724439
362,5,b6854428fb77d4cc,Pneumothorax,on,0.1608019141460657,0.0,0.0,0.0,-0.4512560226764962
363,441,9dfd111947ef84b1,Pneumothorax,off,0.1532583853534689,0.0,0.1122750515343841,0.1999267375815024,0.8174703847994411
363,441,9dfd111947ef84b1,Pneumothorax,on,0.1532583853534689,0.0,0.2085680689041421,0.3451480726914168,0.6137611560702682
364,87,34a2adb99ed3a090,Pneumothorax,off,0.1844461012918536,0.0,0.0,0.0,-0.053741119113327
364,87,34a2adb99ed3a090,Pneumothorax,on,0.1844461012918536,0.0,0.0,0.0,-0.5002829385687461
365,321,35bd34fcc0fac2f4,Pneumonia,off,0.1309006914901393,0.0,0.1851764760679226,0.3111002209361417,0.0554767056943488
365,321,35bd34fcc0fac2f4,Pneumonia,on,0.1309006914901393,0.0,0.2188680996359392,0.359132284771719,0.5077845405615461
366,188,962712d312f31d26,Pneumonia,off,0.1417335496981126,0.0,0.0094076012828547,0.0179699327535823,1.0677917724353685
366,188,962712d312f31d26,Pneumonia,on,0.1417335496981126,0.0,0.1855860670436808,0.3130600153115425,0.7577027416882816
367,39,392da982c2571312,Pneumothorax,off,0.124750863753539,1.0,0.2840622542974055,0.4319694927073603,1.6548712028577537
367,39,392da982c2571312,Pneumothorax,on,0.124750863753539,1.0,0.6536271071765115,0.7831807978713732,1.5881093247033828
368,38,2528a87ecbcb8e80,Pneumonia,off,0.1886613160241509,1.0,0.3753289514084034,0.5390679616988663,1.3914952111945431
368,38,2528a87ecbcb8e80,Pneumonia,on,0.1886613160241509,1.0,0.4787398955355758,0.6474896330541521,0.948036165665056
369,354,24a6a56c28991f2a,Pneumonia,off,0.15124580305932,1.0,0.3348096554136792,0.4980023906226437,1.6289124620111517
369,354,24a6a56c28991f2a,Pneumonia,on,0.15124580305932,1.0,0.482789611508552,0.6511903914904549,1.400628332782727
370,218,d0f2019aff34b8f9,Pneumonia,off,0.1395455365018103,1.0,0.2622000377493679,0.4126231328860753,1.7008370754358868
370,218,d0f2019aff34b8f9,Pneumonia,on,0.1395455365018103,1.0,0.549883168853158,0.709577415658841,1.479930007747199
371,261,293489b2b3df5a77,Pneumothorax,off,0.1109356802089577,0.0,0.0,0.0,-0.3137346516221052
371,261,293489b2b3df5a77,Pneumothorax,on,0.1109356802089577,0.0,0.0,0.0,-0.3640261934879156
372,173,5d44fb526b0dd8f4,Pneumothorax,off,0.1187910861609383,0.0,0.0,0.0,0.5492431695591968
372,173,5d44fb526b0dd8f4,Pneumothorax,on,0.1187910861609383,0.0,0.0,0.0,-0.2898679892770831
373,439,6f154ecc10690653,Pneumothorax,off,0.1448084635664127,1.0,0.2486251425278478,0.3958741570039723,1.0033546778670843
373,439,6f154ecc10690653,Pneumothorax,on,0.1448084635664127,1.0,0.2650115345864294,0.4189855903037598,0.8256718061144204
374,339,828eee7606ce796f,Pneumonia,off,0.1649927634752861,1.0,0.208063859811442,0.3433135645286027,0.6704823952538765
374,339,828eee7606ce796f,Pneumonia,on,0.1649927634752861,1.0,0.2584867681547308,0.4107882473820238,0.4026946446518462
375,245,b95212d56694ca87,Pneumothorax,off,0.1858641677509271,0.0,0.0,0.0,0.1303612050029836
375,245,b95212d56694ca87,Pneumothorax,on,0.1858641677509271,0.0,0.0,0.0,-0.4810916772247497
376,210,7118ed64529a1dc7,Pneumonia,off,0.1878036538358454,1.0,0.2381818690974357,0.3836380798299282,1.96955892083426
376,210,7118ed64529a1dc7,Pneumonia,on,0.1878036538358454,1.0,0.18253525201899,0.3087134976603788,2.072275974451148
377,209,afc095ddf95dd697,Pneumonia,off,0.1677752925066639,1.0,0.3675669234377315,0.5358132986490997,1.5540383270639797
377,209,afc095ddf95dd697,Pneumonia,on,0.1677752925066639,1.0,0.4120970096157262,0.5836649810604894,1.2037513694035442
378,148,cd99854e5dbf77e1,Pneumonia,off,0.1053657490655868,1.0,0.5582928615341056,0.7128789398997846,2.4590444399696945
378,148,cd99854e5dbf77e1,Pneumonia,on,0.1053657490655868,1.0,0.5338600303136616,0.6959963849149443,3.143584001735136
379,365,dfb3222308242762,Pneumothorax,off,0.1384832049276591,0.0,0.0319885747702115,0.0613363430531339,1.05438043581765
379,365,dfb3222308242762,Pneumothorax,on,0.1384832049276591,0.0,0.0636475426278257,0.1196778275569409,0.8923192831757524
380,23,fdefe57d4a82f518,Pneumothorax,off,0.0983874976243732,0.0,0.0,0.0,0.5185413590735993
380,23,fdefe57d4a82f518,Pneumothorax,on,0.0983874976243732,0.0,0.0576329652739426,0.10894399932152,0.2255534977189619
381,120,f4a30a69ad17c9f1,Pneumothorax,off,0.192350238049988,0.0,0.0,0.0,0.2111122233303176
381,120,f4a30a69ad17c9f1,Pneumothorax,on,0.192350238049988,0.0,0.0,0.0,-0.503130464607254
382,53,1988dd7e9ecd3c9b,Pneumothorax,off,0.2036947697225755,0.0,0.0255161736079034,0.0495617877488388,0.8099089591592198
382,53,1988dd7e9ecd3c9b,Pneumothorax,on,0.2036947697225755,0.0,0.0356503506552258,0.0688460630435588,0.3596671652326532
383,219,aeffa36739cd1fe7,Pneumothorax,off,0.1123245081843389,0.0,0.1100857498812926,0.1959344087242662,1.6808841078398054
383,219,aeffa36739cd1fe7,Pneumothorax,on,0.1123245081843389,0.0,0.2402668161280077,0.3874432842538289,2.169505841604733
384,217,6e185d6966366df4,Pneumothorax,off,0.1012528690262123,1.0,0.3738455960670812,0.5391768489275539,1.6493954576702687
384,217,6e185d6966366df4,Pneumothorax,on,0.1012528690262123,1.0,0.5228183416366587,0.686643460455345,1.626030145712641
385,291,531b825349b69626,Pneumonia,off,0.1053706221462021,0.0,0.1660881994174103,0.2840007196478295,1.9359116173143929
385,291,531b825349b69626,Pneumonia,on,0.1053706221462021,0.0,0.1876395471509329,0.3159839169265141,2.701989415867621
386,0,8da0678acd714b9a,Pneumonia,off,0.1121734426852623,1.0,0.1922178073158472,0.3205742511259665,0.8599292160573309
386,0,8da0678acd714b9a,Pneumonia,on,0.1121734426852623,1.0,0.3790458075317661,0.5497174817861596,0.7906362291836042
387,428,4adcc53030271f8d,Pneumothorax,off,0.1617326725436018,0.0,0.1933643613651156,0.3138167645504734,1.9096837167296608
387,428,4adcc53030271f8d,Pneumothorax,on,0.1617326725436018,0.0,0.2800306404030361,0.4375357226537512,1.995017376723505
388,47,d95c4630fe47b10c,Pneumothorax,off,0.1504758563220911,0.0,0.0053394893726767,0.0105322713763025,0.1781606725425899
388,47,d95c4630fe47b10c,Pneumothorax,on,0.1504758563220911,0.0,0.0548514387586727,0.1039972474194368,0.0023543661472833
389,386,91d6999fc87d4e27,Pneumothorax,off,0.2101954592634826,0.0,0.0561618722116346,0.106120858958964,1.5305071957302134
389,386,91d6999fc87d4e27,Pneumothorax,on,0.2101954592634826,0.0,0.0497402939456279,0.094766456951183,1.5261901183462387
390,459,75c72eb210b86249,Pneumothorax,off,0.1551588867934642,1.0,0.3417735779950986,0.5089264310806653,1.8827984240218876
390,459,75c72eb210b86249,Pneumothorax,on,0.1551588867934642,1.0,0.2686621361522272,0.4235273176770626,1.840723461566812
391,480,bd80adc504f70e0c,Pneumothorax,off,0.1297408983036806,0.0,0.031310324067742,0.0598408426298921,0.9371294162716544
391,480,bd80adc504f70e0c,Pneumothorax,on,0.1297408983036806,0.0,0.1307882856551586,0.2313216588345208,0.7000493737876342
392,505,083150264aaf7e8a,Pneumothorax,off,0.1675072730728184,0.0,0.2558657382066108,0.4070338067421074,1.446219414453053
392,505,083150264aaf7e8a,Pneumothorax,on,0.1675072730728184,0.0,0.2884283065938609,0.4477209125477959,1.11102336516367
393,541,4bd35cb23907f01a,Pneumothorax,off,0.1379910237855064,0.0,0.0,0.0,0.3878796361623303
393,541,4bd35cb23907f01a,Pneumothorax,on,0.1379910237855064,0.0,0.0317683459646624,0.0615774915381238,0.0720273858782391
394,549,5b9725714acf0d0d,Pneumothorax,off,0.1401985293042703,0.0,0.0283768855874351,0.0545537075033771,0.5156122642790009
394,549,5b9725714acf0d0d,Pneumothorax,on,0.1401985293042703,0.0,0.0748057007935926,0.1391975906040248,0.3315849784744027
395,594,72f534e34c7697a5,Pneumothorax,off,0.1656018985522077,0.0,0.0,0.0,0.8605906368781034
395,594,72f534e34c7697a5,Pneumothorax,on,0.1656018985522077,0.0,0.0130065091674564,0.0256730188905601,0.1831907318042611
396,604,dbd9a729c36f7908,Pneumothorax,off,0.1363293032956644,0.0,0.0,0.0,-0.5725756350192045
396,604,dbd9a729c36f7908,Pneumothorax,on,0.1363293032956644,0.0,0.0,0.0,-0.4112692457258974
397,654,3b135865c9bd3209,Pneumothorax,off,0.1740810588229561,0.0,0.0821444183069325,0.151265242534345,0.7585130593623863
397,654,3b135865c9bd3209,Pneumothorax,on,0.1740810588229561,0.0,0.1116567452908069,0.2008824377691845,0.4485472686437824
398,676,680cec365dfd5521,Pneumothorax,off,0.1367873728735094,0.0,0.0,0.0,0.8784809314193563
398,676,680cec365dfd5521,Pneumothorax,on,0.1367873728735094,0.0,0.0314498182724147,0.0609809386635077,0.585359663291222
399,681,2b05e8dc83f32556,Pneumothorax,off,0.1603828292131436,0.0,0.0052502238288741,0.0103861115862596,-0.3640098260967658
399,681,2b05e8dc83f32556,Pneumothorax,on,0.1603828292131436,0.0,0.0,0.0,-0.4767738273138304
400,685,54b647e0838ab12b,Pneumothorax,off,0.1049953949388184,0.0,0.0,0.0,-0.1520460374044557
400,685,54b647e0838ab12b,Pneumothorax,on,0.1049953949388184,0.0,0.0,0.0,-0.3535388092486278
401,693,ce907c9fb434e83e,Pneumothorax,off,0.1353839256562821,1.0,0.3903021865551084,0.5577859328663617,1.946669166710008
401,693,ce907c9fb434e83e,Pneumothorax,on,0.1353839256562821,1.0,0.493632670750417,0.6609808804803408,1.9104552863618764
402,694,863b09154d53ef8c,Pneumothorax,off,0.1869606108893859,1.0,0.2014311823835017,0.3336931019735632,1.1727483586856011
402,694,863b09154d53ef8c,Pneumothorax,on,0.1869606108893859,1.0,0.2513888106019192,0.4017735134431719,0.8361532068557742
403,696,dca7b95062e41fc2,Pneumothorax,off,0.1151460218606396,1.0,0.2851556841280672,0.4132736898798799,1.5783322873126795
403,696,dca7b95062e41fc2,Pneumothorax,on,0.1151460218606396,1.0,0.515584064967302,0.6519234805779532,1.4271200986663033
404,785,cd055a12d0f444bd,Pneumothorax,off,0.1544620362654659,0.0,0.0428805319774705,0.0820191998164255,1.077682096323616
404,785,cd055a12d0f444bd,Pneumothorax,on,0.1544620362654659,0.0,0.0619343683029803,0.1166444256095644,0.797114029133149
405,819,486450c9693f6c41,Pneumothorax,off,0.1813858066653996,0.0,0.1523427289412396,0.261841833483949,0.9024275535146128
405,819,486450c9693f6c41,Pneumothorax,on,0.1813858066653996,0.0,0.2519428045742912,0.4024806402378745,0.6851909639838343
406,822,787ac5e42fd1ee38,Pneumothorax,off,0.1400523368858091,0.0,0.0,0.0,0.1411367804176357
406,822,787ac5e42fd1ee38,Pneumothorax,on,0.1400523368858091,0.0,0.0,0.0,-0.4196228070917776
407,850,515b071541fd8afb,Pneumothorax,off,0.1429469467713404,0.0,0.1443259436377631,0.2514959024908051,1.0023685093511523
407,850,515b071541fd8afb,Pneumothorax,on,0.1429469467713404,0.0,0.1442651349093352,0.2521475572461477,0.8414975949631129
408,866,7f7981c486c13785,Pneumothorax,off,0.1332787548304411,0.0,0.0,0.0,0.7396033268092581
408,866,7f7981c486c13785,Pneumothorax,on,0.1332787548304411,0.0,0.142823044891658,0.2499400716095213,0.5508788523415596
409,884,c12602e668a07ed2,Pneumothorax,off,0.1465481533461008,0.0,0.0,0.0,-0.0197497868105091
409,884,c12602e668a07ed2,Pneumothorax,on,0.1465481533461008,0.0,0.0,0.0,-0.4277163475452755
410,889,debf8fe52669bd1f,Pneumothorax,off,0.1672733652032805,0.0,0.2123188248108456,0.3497588568823522,1.8279577855033635
410,889,debf8fe52669bd1f,Pneumothorax,on,0.1672733652032805,0.0,0.1160234916354658,0.2079209791218395,1.7993789161051308
411,916,481cbda5ec11e46c,Pneumothorax,off,0.1428787236427252,0.0,0.1408470041096783,0.2469022168406143,2.3598082038213546
411,916,481cbda5ec11e46c,Pneumothorax,on,0.1428787236427252,0.0,0.0948329988242349,0.1732360740261607,2.6194315468222187
412,925,39c315cbbe298bb1,Pneumothorax,off,0.1274602965756862,0.0,0.009209088368648,0.0179372509876892,1.2431121179272395
412,925,39c315cbbe298bb1,Pneumothorax,on,0.1274602965756862,0.0,0.0912589719909351,0.1672540993790821,1.0804563995874887
413,940,193ba2b929433519,Pneumothorax,off,0.1203114873129346,1.0,0.3653242268259499,0.5347792755922944,1.3918548772669987
413,940,193ba2b929433519,Pneumothorax,on,0.1203114873129346,1.0,0.2236906471950472,0.3655990839367303,1.0974987727572183
414,981,f15cb57b356991a4,Pneumothorax,off,0.1716250261928083,0.0,0.088854685215894,0.1620416661035721,0.9389637077341902
414,981,f15cb57b356991a4,Pneumothorax,on,0.1716250261928083,0.0,0.1038436034100221,0.1881482526028459,0.7668585074373668
415,988,009742263c8e7733,Pneumothorax,off,0.1519182881842414,0.0,0.0333093663181071,0.064448510671937,0.0658073047492427
415,988,009742263c8e7733,Pneumothorax,on,0.1519182881842414,0.0,0.0151415662670958,0.0298313089502013,-0.2464278527928574
416,991,555d178e00bc7c1e,Pneumothorax,off,0.1265100458556886,0.0,0.0,0.0,-0.4068419032536722
416,991,555d178e00bc7c1e,Pneumothorax,on,0.1265100458556886,0.0,0.0,0.0,-0.3889279008657516
417,1036,ca6f95a119b85590,Pneumothorax,off,0.1236836590987724,0.0,0.0,0.0,0.948565289504474
417,1036,ca6f95a119b85590,Pneumothorax,on,0.1236836590987724,0.0,0.0509396733350359,0.096939937156467,0.6816016975874027
418,1046,aad8f99bada1cb5d,Pneumothorax,off,0.1724875614617292,1.0,0.1218502152002108,0.2170973742025016,0.307372998699741
418,1046,aad8f99bada1cb5d,Pneumothorax,on,0.1724875614617292,1.0,0.1177102446992735,0.2106270343440023,0.207838425565647
419,1047,4d393cd50c54b936,Pneumothorax,off,0.0977929817892977,0.0,0.0,0.0,-0.3071174969670059
419,1047,4d393cd50c54b936,Pneumothorax,on,0.0977929817892977,0.0,0.0,0.0,-0.3387232609392254
420,1049,6634689c6ead98e8,Pneumothorax,off,0.1817659069533987,1.0,0.2568130213002542,0.4083557409439279,1.1297998532925229
420,1049,6634689c6ead98e8,Pneumothorax,on,0.1817659069533987,1.0,0.2819346138213227,0.4398577076052539,0.7942532043497356
421,1055,0748d125d669cd46,Pneumothorax,off,0.096423646136378,0.0,0.0,0.0,-0.0261619457177403
421,1055,0748d125d669cd46,Pneumothorax,on,0.096423646136378,0.0,0.0,0.0,-0.3336894275162749
422,1104,2f16e873dc93d803,Pneumothorax,off,0.1337904282950552,0.0,0.0003635306092773,0.0007257420712678,1.0228133628040452
422,1104,2f16e873dc93d803,Pneumothorax,on,0.1337904282950552,0.0,0.0450770433378479,0.0862654775770844,0.7765696140580962
423,1127,d907b10e78a3c460,Pneumothorax,off,0.1359686953301268,0.0,0.0,0.0,-0.1257673722301564
423,1127,d907b10e78a3c460,Pneumothorax,on,0.1359686953301268,0.0,0.0,0.0,-0.4050437489916476
424,1135,3485119c4592cd19,Pneumothorax,off,0.1407345681719612,1.0,0.3269600892994039,0.4921819482736936,1.4992483646461858
424,1135,3485119c4592cd19,Pneumothorax,on,0.1407345681719612,1.0,0.2712760497697584,0.426748385672214,1.292301410010865
425,1152,15731a6cde76fdc2,Pneumothorax,off,0.1566061917362299,1.0,0.4297484771032834,0.5998414633962756,1.7256989310574506
425,1152,15731a6cde76fdc2,Pneumothorax,on,0.1566061917362299,1.0,0.4757121062813391,0.6447219172932438,1.5313811270944702
426,1158,794c32900dac02b8,Pneumothorax,off,0.1173194158150958,1.0,0.3300423785081188,0.4938028011068835,1.428864229079488
426,1158,794c32900dac02b8,Pneumothorax,on,0.1173194158150958,1.0,0.4282629148725508,0.5996975604773449,1.2548198410350802
427,28,a570482c949ce5cf,Consolidation,off,0.1485022586728652,1.0,0.191538969506862,0.3160609044594881,1.0003879373510174
427,28,a570482c949ce5cf,Consolidation,on,0.1485022586728652,1.0,0.4182713010761743,0.5898290174117057,0.8317089221541177
428,155,ba67098ed4462110,Consolidation,off,0.1216954422077004,1.0,0.2093574559448206,0.3443143088799437,1.0844946175309818
428,155,ba67098ed4462110,Consolidation,on,0.1216954422077004,1.0,0.3152279133102037,0.4793236861054862,0.7453351918872355
429,264,0c2af963db3db5b3,Consolidation,off,0.1161791149510986,1.0,0.4410953489951549,0.6089035619286582,3.9401030976538505
429,264,0c2af963db3db5b3,Consolidation,on,0.1161791149510986,1.0,0.1806250311325778,0.3059784190282118,3.101125599997924
430,290,cc44c54a66347671,Consolidation,off,0.1165397229166362,1.0,0.3986492693222193,0.5637057187380543,2.187803734168702
430,290,cc44c54a66347671,Consolidation,on,0.1165397229166362,1.0,0.6599894101374373,0.7951717463164812,2.316803690943421
431,390,7d3c20f80e870ec2,Consolidation,off,0.1476007387590213,1.0,0.1571233465957119,0.2709991545559261,1.321649568119342
431,390,7d3c20f80e870ec2,Consolidation,on,0.1476007387590213,1.0,0.2418083684963281,0.389445511273159,1.1762748415114257
432,391,9958d21d8d9fe67b,Consolidation,off,0.0906149340428538,1.0,0.095289570421948,0.1736216881166488,0.2550133098056698
432,391,9958d21d8d9fe67b,Consolidation,on,0.0906149340428538,1.0,0.1182136197802213,0.2114329553120346,0.1716297457376123
433,462,eaf68dbfa68ef84c,Consolidation,off,0.1492868246519402,1.0,0.2954959591869271,0.4553177225342608,1.213698527731952
433,462,eaf68dbfa68ef84c,Consolidation,on,0.1492868246519402,1.0,0.3246564089374392,0.490174196863893,0.974896819790216
434,467,9204afd0723591d5,Consolidation,off,0.131982515386752,1.0,0.2487253324592193,0.396691122080495,1.2339592189665924
434,467,9204afd0723591d5,Consolidation,on,0.131982515386752,1.0,0.3515022499572328,0.5201652354016092,1.0554438234278014
435,481,8c96285409af9413,Consolidation,off,0.1580145120340725,1.0,0.2997401441887657,0.453206066168777,2.025093571937519
435,481,8c96285409af9413,Consolidation,on,0.1580145120340725,1.0,0.6679234501227805,0.8009001065772328,1.6507402291025786
436,493,9c731e6925e3a373,Consolidation,off,0.1968578376192077,1.0,0.264644838759753,0.4025716574781411,1.120833016742918
436,493,9c731e6925e3a373,Consolidation,on,0.1968578376192077,1.0,0.3644575302017812,0.5230475162075252,0.6542739295633557
437,515,566905aac57a9887,Consolidation,off,0.1011651535751356,1.0,0.4092176905804726,0.5767758228906437,4.48166338856202
437,515,566905aac57a9887,Consolidation,on,0.1011651535751356,1.0,0.1437536518169873,0.2513685908563275,3.279106587997231
438,517,6ec825316e840dc6,Consolidation,off,0.1517184918790111,1.0,0.1882137137865774,0.3126707611566636,1.2211914767169716
438,517,6ec825316e840dc6,Consolidation,on,0.1517184918790111,1.0,0.443207064253898,0.6141830416389287,0.9347022596837838
439,522,e2775a9e9b9b05d3,Consolidation,off,0.1322212963369053,1.0,0.3857554928453793,0.555727583256508,1.572572009379813
439,522,e2775a9e9b9b05d3,Consolidation,on,0.1322212963369053,1.0,0.3897204003570529,0.5608477895678528,1.419607148544174
440,535,6a0296c529692b25,Consolidation,off,0.1528149350174699,0.0,0.294571221142631,0.4503543927376531,2.138643600350382
440,535,6a0296c529692b25,Consolidation,on,0.1528149350174699,0.0,0.2851500187724003,0.4437565184103733,2.212829769281827
441,560,5d2d21a971eb5670,Consolidation,off,0.1502370753719378,1.0,0.163124448111637,0.2752623019902832,1.3068561195845412
441,560,5d2d21a971eb5670,Consolidation,on,0.1502370753719378,1.0,0.4122758102542316,0.5838338432941443,0.8586576866500784
442,561,fbc80b00ea93a76d,Consolidation,off,0.1037673786237445,0.0,0.0,0.0,-0.7962113284964651
442,561,fbc80b00ea93a76d,Consolidation,on,0.1037673786237445,0.0,0.0,0.0,-0.3574199012014868
443,569,0bfd45dece853b5b,Consolidation,off,0.1364072725855104,1.0,0.3961689018331224,0.5618965593342014,1.5751857274737604
443,569,0bfd45dece853b5b,Consolidation,on,0.1364072725855104,1.0,0.469404742398273,0.6388840193332286,1.4416231853930446
444,570,fd4f48c668b17706,Consolidation,off,0.1117835962360325,0.0,0.2511597869340041,0.4005264602108275,2.0456119467899936
444,570,fd4f48c668b17706,Consolidation,on,0.1117835962360325,0.0,0.2654710400147809,0.4195494877438036,2.8653021570849653
445,574,a8e3c4f43e541154,Consolidation,off,0.1244828443196935,1.0,0.1740256718581217,0.2943847727689986,0.9101803226874368
445,574,a8e3c4f43e541154,Consolidation,on,0.1244828443196935,1.0,0.3298944574529691,0.4961150214399105,0.675013869601321
446,584,b2c46c4046f49e51,Consolidation,off,0.182842857769396,0.0,0.1493947290852342,0.2592428597767521,0.3437035536360459
446,584,b2c46c4046f49e51,Consolidation,on,0.182842857769396,0.0,0.1742530654718965,0.2967887862350394,0.263324249372403
447,608,225e15fe6310d743,Consolidation,off,0.1134501898064899,1.0,0.4758747141499466,0.6341311451990377,4.805299245253246
447,608,225e15fe6310d743,Consolidation,on,0.1134501898064899,1.0,0.1500712757575227,0.2609739297794132,3.0914629052565408
448,615,366cb9cb3bb951f1,Consolidation,off,0.1084796475788099,1.0,0.4081547522034855,0.5772818707609477,1.8307241273039787
448,615,366cb9cb3bb951f1,Consolidation,on,0.1084796475788099,1.0,0.5635994561617924,0.7208961959045566,2.011642225487606
449,616,e22c3e000c4e88fe,Consolidation,off,0.1405883757535,1.0,0.1657934131736526,0.2807839068428849,1.1604894061372688
449,616,e22c3e000c4e88fe,Consolidation,on,0.1405883757535,1.0,0.4424246464043899,0.6134087676658087,0.9476461690971828
450,633,b9ced1f944e75887,Consolidation,off,0.1415240072316516,0.0,0.3371611015873769,0.5041444713441436,2.2996866277311336
450,633,b9ced1f944e75887,Consolidation,on,0.1415240072316516,0.0,0.2438063585920282,0.3920244611187392,2.8106476034277
451,636,b01b91f217819dee,Consolidation,off,0.1783450043614071,0.0,0.1225587613295245,0.2167235116262905,0.5181040367240893
451,636,b01b91f217819dee,Consolidation,on,0.1783450043614071,0.0,0.0866572179928707,0.159491671869715,0.537794286635896
452,643,6afdc26213cbad6c,Consolidation,off,0.130203840962141,1.0,0.2087578564649452,0.3418340489632518,1.2697942228480297
452,643,6afdc26213cbad6c,Consolidation,on,0.130203840962141,1.0,0.4880377589404168,0.6559454473234061,1.0826282832053251
453,645,3b0cd1a00fe5ab83,Consolidation,off,0.1696660477854285,0.0,0.1478828576222035,0.257552506930317,1.2388751535158675
453,645,3b0cd1a00fe5ab83,Consolidation,on,0.1696660477854285,0.0,0.1513970169458112,0.2629794820452601,0.9304908437612388
454,646,9523a52edd5e2cb2,Consolidation,off,0.1134891744514129,1.0,0.463826597388872,0.6333986631580797,1.7968530040307074
454,646,9523a52edd5e2cb2,Consolidation,on,0.1134891744514129,1.0,0.4763782176008918,0.6453330665849535,2.0774778080650536
455,655,57cc42476bc58a45,Consolidation,off,0.113333235871721,0.0,0.2244880982484693,0.3664072858306367,1.678470622652641
455,655,57cc42476bc58a45,Consolidation,on,0.113333235871721,0.0,0.1688970566219893,0.2889814656838065,1.7147607552166615
456,663,318d6d46d9b1cbfe,Consolidation,off,0.1490480437017869,1.0,0.17094959199816,0.2886863334289186,1.0612222568755514
456,663,318d6d46d9b1cbfe,Consolidation,on,0.1490480437017869,1.0,0.3872341309318833,0.5582739608228311,0.793443841662453
457,664,a77657cf1d66efeb,Consolidation,off,0.1593692284451461,1.0,0.2357676048999442,0.3813381998305964,1.339370572639702
457,664,a77657cf1d66efeb,Consolidation,on,0.1593692284451461,1.0,0.282981563766033,0.4411311171692841,1.1505490216926646
458,665,f882c58f4f53f944,Consolidation,off,0.1432831893338011,1.0,0.2098721338068955,0.3431900532395249,1.340188954400977
458,665,f882c58f4f53f944,Consolidation,on,0.1432831893338011,1.0,0.4755722329579849,0.6445903087988974,1.034778814510145
459,666,3a2942da2da9a581,Consolidation,off,0.1563625377054612,1.0,0.2719927512847676,0.4233877245768194,1.144769150780673
459,666,3a2942da2da9a581,Consolidation,on,0.1563625377054612,1.0,0.3973618969691609,0.568731371556374,0.8885730109753339
460,672,b981be74894de22a,Consolidation,off,0.1070518349585057,1.0,0.2658563675756517,0.4175505174355652,1.1074675868671835
460,672,b981be74894de22a,Consolidation,on,0.1070518349585057,1.0,0.4068447285016595,0.5783789457184686,0.9259844853275072
461,697,6c78ef6d944d3f83,Consolidation,off,0.1670492034949734,0.0,0.1750635904078268,0.2979068540278743,0.4182274245874342
461,697,6c78ef6d944d3f83,Consolidation,on,0.1670492034949734,0.0,0.1644381215874871,0.2824333618224005,0.3386473561065152
462,700,e54914530f4e5858,Consolidation,off,0.1444576017621059,0.0,0.2681455011210052,0.4222901479997231,2.4624113789666744
462,700,e54914530f4e5858,Consolidation,on,0.1444576017621059,0.0,0.1756064124266706,0.2987431256417063,2.7450434407323754
463,702,25a61b8420e7fe65,Consolidation,off,0.1329132737842882,0.0,0.0943115503633479,0.1721206199356905,0.3470658328898718
463,702,25a61b8420e7fe65,Consolidation,on,0.1329132737842882,0.0,0.1254611694615835,0.2229506085415193,0.3134263594997283
464,708,96f41434652764ac,Consolidation,off,0.136402399504895,0.0,0.2205876117264129,0.3605554155739531,1.2182978721555155
464,708,96f41434652764ac,Consolidation,on,0.136402399504895,0.0,0.2574757512125611,0.4095120516580832,1.0144161890383343
465,713,9febde28b37da9ca,Consolidation,off,0.1019351003123644,1.0,0.1705082168053736,0.2886863248319123,0.6620138722479754
465,713,9febde28b37da9ca,Consolidation,on,0.1019351003123644,1.0,0.3596600995981197,0.5290420121308715,0.7415741545771297
466,723,16b3c75128d0e2b7,Consolidation,off,0.130125871672295,0.0,0.0012284363583329,0.0024120369281929,-0.0488415332043133
466,723,16b3c75128d0e2b7,Consolidation,on,0.130125871672295,0.0,0.0093159174554151,0.018235701413047,-0.3056260829702963
467,726,34b6451794687173,Consolidation,off,0.1407881720587303,1.0,0.55463734490249,0.706976821171822,1.957570330348646
467,726,34b6451794687173,Consolidation,on,0.1407881720587303,1.0,0.5651525266135404,0.7221075579783249,2.081462406912117
468,746,1858786fb0104114,Consolidation,off,0.1385855396205819,1.0,0.487425128594391,0.651302191407815,2.0436097476079373
468,746,1858786fb0104114,Consolidation,on,0.1385855396205819,1.0,0.4593959707155747,0.6295662194460885,1.8078849274996789
469,747,9edfec1897db1848,Consolidation,off,0.0949763411936123,1.0,0.6124120696883233,0.7554136424190825,3.434780606452824
469,747,9edfec1897db1848,Consolidation,on,0.0949763411936123,1.0,0.4575361425724122,0.6278075788172246,4.281903735862482
470,753,4234a6fc45a40e5f,Consolidation,off,0.1573907577153049,0.0,0.0653375438853846,0.1225106352399572,1.3518889398469025
470,753,4234a6fc45a40e5f,Consolidation,on,0.1573907577153049,0.0,0.0818002064770637,0.1512296076307342,1.1455739109627152
471,767,8d02fb4e96fdfef7,Consolidation,off,0.1152093719086394,1.0,0.4969499272669729,0.6460078779375629,3.3638799718351438
471,767,8d02fb4e96fdfef7,Consolidation,on,0.1152093719086394,1.0,0.1843741909054341,0.3112947784725879,3.203393748019154
472,771,62f1a81c8f18443c,Consolidation,off,0.1479905852082511,1.0,0.2289251851944601,0.3668371641500381,1.0088022560781014
472,771,62f1a81c8f18443c,Consolidation,on,0.1479905852082511,1.0,0.4210172449601934,0.592551403712293,0.8424866065542697
473,781,401672585661dd1d,Consolidation,off,0.135408291059359,1.0,0.1725489596083231,0.2915248254150991,1.0823391688480832
473,781,401672585661dd1d,Consolidation,on,0.135408291059359,1.0,0.3814545457255592,0.5522451846855925,0.7841084183179005
474,795,5029aee0e9c572fa,Consolidation,off,0.0246334225107085,1.0,0.0592734438904707,0.111771308617622,-0.408522966336182
474,795,5029aee0e9c572fa,Consolidation,on,0.0246334225107085,1.0,0.0857847287517108,0.1580020151458588,0.2927406826612575
475,805,2e8aac35ec38a7ab,Consolidation,off,0.1521180844894717,1.0,0.2167449709482252,0.3544641620118537,0.7939970114833806
475,805,2e8aac35ec38a7ab,Consolidation,on,0.1521180844894717,1.0,0.3056292939313308,0.468171297941888,0.6083062845024736
476,809,a261584c8fbb576f,Consolidation,off,0.1894605012450721,1.0,0.2629611685598543,0.4104009707960242,1.3962307240651417
476,809,a261584c8fbb576f,Consolidation,on,0.1894605012450721,1.0,0.4271266450330674,0.5985732775260538,0.8177909563520855
477,828,412bc3003e46d430,Consolidation,off,0.1335029165387483,1.0,0.4582441200404037,0.6195253272684303,4.083146606384098
477,828,412bc3003e46d430,Consolidation,on,0.1335029165387483,1.0,0.1499829709087685,0.2608334825525588,2.861157453980334
478,831,d9f965aa6ea5cf7f,Consolidation,off,0.1081434050163491,1.0,0.1608681941838017,0.2754662499749193,0.9125500369228948
478,831,d9f965aa6ea5cf7f,Consolidation,on,0.1081434050163491,1.0,0.3615100192834939,0.5310378049046283,0.7445145958028491
479,834,0883fbcd6ee1ea30,Consolidation,off,0.1934369350272161,1.0,0.2455024148650005,0.3921424217952924,0.7430723052600936
479,834,0883fbcd6ee1ea30,Consolidation,on,0.1934369350272161,1.0,0.3046198271213708,0.4669848839771032,0.4843620002931178
480,839,faa9569ebbe0f9c1,Consolidation,off,0.1562358376094615,1.0,0.3782905946295847,0.5475248980721352,1.4748224511503347
480,839,faa9569ebbe0f9c1,Consolidation,on,0.1562358376094615,1.0,0.3809526210101418,0.5517228472220355,1.2219510193205538
481,845,4342545b77359fb5,Consolidation,off,0.0950007065966892,0.0,0.0,0.0,0.1817278131454064
481,845,4342545b77359fb5,Consolidation,on,0.0950007065966892,0.0,0.0,0.0,-0.3348551023451172
482,859,d8cc11c0d6fc40a9,Consolidation,off,0.1210570686470866,1.0,0.2318848205060727,0.3746500184187402,0.9822541564627169
482,859,d8cc11c0d6fc40a9,Consolidation,on,0.1210570686470866,1.0,0.344037829958,0.5119457269572172,0.7895514089579511
483,862,5c3c4c028b21c939,Consolidation,off,0.1122952697006466,1.0,0.4580222747039733,0.6197868344978368,2.484717185419419
483,862,5c3c4c028b21c939,Consolidation,on,0.1122952697006466,1.0,0.6619294081804438,0.7965764868310201,3.056431368298425
484,864,bdacdcb26faebfe0,Consolidation,off,0.1048102178754343,1.0,0.5150208807415415,0.6796096037612396,3.220831878424238
484,864,bdacdcb26faebfe0,Consolidation,on,0.1048102178754343,1.0,0.3144745905261302,0.4784711949255184,3.5968849110266152
485,873,fcc6cf25e734d353,Consolidation,off,0.163906066498058,1.0,0.2181937149295711,0.3521081976931033,0.9844639034462552
485,873,fcc6cf25e734d353,Consolidation,on,0.163906066498058,1.0,0.4422789478557831,0.6133030031042204,0.8667868475838875
486,874,2f8c1ad1a08b33f0,Consolidation,off,0.1538041703823906,1.0,0.3828749885392241,0.5504745584255744,2.098218521460099
486,874,2f8c1ad1a08b33f0,Consolidation,on,0.1538041703823906,1.0,0.4329130823907334,0.60423895464764,2.276061038230356
487,875,13914e356156cdbc,Consolidation,off,0.1607531833399119,1.0,0.4231787638855011,0.5921365055753921,2.0994855869081417
487,875,13914e356156cdbc,Consolidation,on,0.1607531833399119,1.0,0.4551214991676949,0.6255436250824207,1.904093792763176
488,876,8f6bc0764cb909a2,Consolidation,off,0.104439863748666,1.0,0.3934570685616453,0.5638879395719203,2.586012297220241
488,876,8f6bc0764cb909a2,Consolidation,on,0.104439863748666,1.0,0.324742881510536,0.4902673143068973,3.397456946409289
489,883,2a297ecb96cbdf5e,Consolidation,off,0.1005901300625216,1.0,0.2076288421132198,0.342230272020707,1.0812863270651898
489,883,2a297ecb96cbdf5e,Consolidation,on,0.1005901300625216,1.0,0.3380436346698716,0.50527774645848,0.9384834240218912
490,885,ecc8fa1a45887b14,Consolidation,off,0.1605485139540663,1.0,0.3304776198445673,0.4946510857822778,1.1902940440149905
490,885,ecc8fa1a45887b14,Consolidation,on,0.1605485139540663,1.0,0.4180582239981388,0.5896204080168145,0.979862718805796
491,886,0e6c4727d672f341,Consolidation,off,0.1574151231183817,1.0,0.2115944375579779,0.343743578806693,1.2233374772386814
491,886,0e6c4727d672f341,Consolidation,on,0.1574151231183817,1.0,0.3546086730978009,0.5235588141438978,0.902570491345548
492,899,1e0761e8352e8e7a,Consolidation,off,0.130700895184909,1.0,0.2909529893256722,0.4489767984341462,1.1087968604803553
492,899,1e0761e8352e8e7a,Consolidation,on,0.130700895184909,1.0,0.3673708189474255,0.5373372243196367,0.9196620507306994
493,923,9e0f921c7684ff3a,Consolidation,off,0.0875936240613228,1.0,0.4147075955872227,0.5859864784211078,1.881250216853264
493,923,9e0f921c7684ff3a,Consolidation,on,0.0875936240613228,1.0,0.4018868148122704,0.5733404213127093,2.375917094175533
494,931,51a3708674a10295,Consolidation,off,0.11436632896218,1.0,0.4369177939026495,0.6064514398866647,2.2746047894338357
494,931,51a3708674a10295,Consolidation,on,0.11436632896218,1.0,0.4469316158780002,0.6177576420732506,2.9765053185357293
495,935,ba3866d683193aa0,Consolidation,off,0.1617180533017557,0.0,0.0,0.0,-0.2801962241654397
495,935,ba3866d683193aa0,Consolidation,on,0.1617180533017557,0.0,0.0,0.0,-0.4536812266282423
496,942,82c85fc4dd874b40,Consolidation,off,0.124789848398462,1.0,0.311427723087789,0.4739597845299007,1.4901176782671814
496,942,82c85fc4dd874b40,Consolidation,on,0.124789848398462,1.0,0.4119191929730755,0.583487779354418,1.2418045209314406
497,946,a677aa1f5b36b700,Consolidation,off,0.1225677236378521,1.0,0.1554777666100578,0.2668438604287159,0.7584131126845799
497,946,a677aa1f5b36b700,Consolidation,on,0.1225677236378521,1.0,0.3321063593528854,0.4986178186959919,0.6567310430934402
498,948,86e3166f932d743b,Consolidation,off,0.1052975259369715,1.0,0.1409815325683962,0.2453792104832152,0.899984067955981
498,948,86e3166f932d743b,Consolidation,on,0.1052975259369715,1.0,0.344962028883499,0.5129638424517615,0.7327122313943356
499,958,18a81f0eb7e51290,Consolidation,off,0.1758207486026441,1.0,0.2124469431215852,0.3503105548002961,1.1488007332099175
499,958,18a81f0eb7e51290,Consolidation,on,0.1758207486026441,1.0,0.2181196554338641,0.3581248865205731,0.8729246489027238
500,964,8397370f06feee51,Consolidation,off,0.1416458342470359,1.0,0.3809947108277154,0.5506363084273336,0.8645323561947593
500,964,8397370f06feee51,Consolidation,on,0.1416458342470359,1.0,0.417445312748409,0.5890103542811618,0.8705209740642709
501,965,8377ec046dff9195,Consolidation,off,0.1083821859665024,0.0,0.3346774944162583,0.5007871682441352,2.5865868691507843
501,965,8377ec046dff9195,Consolidation,on,0.1083821859665024,0.0,0.2551304520545313,0.4065317564402527,3.3883012544009743
502,968,82dc03895b02069c,Consolidation,off,0.1049028064071263,1.0,0.5915417429205467,0.7429496317297104,3.1062227776055176
502,968,82dc03895b02069c,Consolidation,on,0.1049028064071263,1.0,0.403752572535192,0.5752357224404151,3.8287386473955696
503,986,704c28a31e97e69f,Consolidation,off,0.1575418232143814,1.0,0.4101135534968387,0.5741893055745872,1.8519411557100605
503,986,704c28a31e97e69f,Consolidation,on,0.1575418232143814,1.0,0.5312943579754467,0.6939137601792321,1.5780347467785278
504,990,5d20a85044d09721,Consolidation,off,0.1536092471577757,1.0,0.3280762899467352,0.4930021906333846,2.687892091841108
504,990,5d20a85044d09721,Consolidation,on,0.1536092471577757,1.0,0.1535808914216473,0.2662620125690301,2.6241989335190588
505,993,80ce437091158308,Consolidation,off,0.1053218913400484,1.0,0.1072310604396153,0.1927226823117373,0.6533434276610265
505,993,80ce437091158308,Consolidation,on,0.1053218913400484,1.0,0.21538140656149,0.3544161064385959,0.4413044381807861
506,1009,433b8e95e8312da9,Consolidation,off,0.1602463829559132,0.0,0.0498627406831973,0.0885967562345846,1.0445389071112392
506,1009,433b8e95e8312da9,Consolidation,on,0.1602463829559132,0.0,0.2255173750329727,0.368032525923918,0.8749080740848357
507,1015,3c0096e17cc2688d,Consolidation,off,0.1749338479306463,1.0,0.1614757441128855,0.2743714135907333,1.0784798269640998
507,1015,3c0096e17cc2688d,Consolidation,on,0.1749338479306463,1.0,0.3285557014462741,0.4945976601702621,0.6460227541235745
508,1030,838d7b8777c24cdc,Consolidation,off,0.1160377956132528,1.0,0.3221773461275576,0.4853610753462894,1.6138628256364032
508,1030,838d7b8777c24cdc,Consolidation,on,0.1160377956132528,1.0,0.3861155156218971,0.5571134905443025,1.5232757841182658
509,1033,cdc87877c8b61123,Consolidation,off,0.1065840192194299,1.0,0.6271628605178392,0.7702718557980736,3.997455473193797
509,1033,cdc87877c8b61123,Consolidation,on,0.1065840192194299,1.0,0.2783592652849896,0.4354867811070081,3.472089525832999
510,1037,4843d8df6c691692,Consolidation,off,0.1328499237362883,0.0,0.0,0.0,-0.4249593982012177
510,1037,4843d8df6c691692,Consolidation,on,0.1328499237362883,0.0,0.0074248532342213,0.0147386077678201,-0.3711524703727188
511,1063,4e355df0db0e824f,Consolidation,off,0.0945231446963827,0.0,0.2236518834445546,0.3631212800625593,1.6027619255284795
511,1063,4e355df0db0e824f,Consolidation,on,0.0945231446963827,0.0,0.3830409563514187,0.5539109947542554,1.851367186730408
512,1072,2b4752466d7dbab3,Consolidation,off,0.148604593365788,1.0,0.3113811280097501,0.473856797951196,1.2914193204184854
512,1072,2b4752466d7dbab3,Consolidation,on,0.148604593365788,1.0,0.3841131586636465,0.5550311443415028,0.9654557667170164
513,1073,77a9f576918dc347,Consolidation,off,0.156581826333153,0.0,0.2644270885161214,0.415424021062387,1.052370475871167
513,1073,77a9f576918dc347,Consolidation,on,0.156581826333153,0.0,0.3331902847950904,0.4998390503827072,0.8464841939778383
514,1074,6499d2e766d3c4db,Consolidation,off,0.1262907572279968,1.0,0.168151623542528,0.2857817299850781,1.2210948329749394
514,1074,6499d2e766d3c4db,Consolidation,on,0.1262907572279968,1.0,0.3837043894494507,0.5545783545031757,0.8414029158522635
515,1076,8807b14d7d5f1828,Consolidation,off,0.1425473541608798,1.0,0.3664963047207669,0.5322546586979897,1.694090230933074
515,1076,8807b14d7d5f1828,Consolidation,on,0.1425473541608798,1.0,0.4531311350360866,0.6236604519995095,1.453256543977914
516,1098,d1599ddf61852654,Consolidation,off,0.1719466495134229,1.0,0.1338911657559198,0.2309711374845286,1.3247385448148834
516,1098,d1599ddf61852654,Consolidation,on,0.1719466495134229,1.0,0.3868126187468211,0.5578266522072866,0.831420881269195
517,1121,3802c59c7fb1822d,Consolidation,off,0.1482391123196351,0.0,0.2056117457681638,0.3407858072419708,1.6483048408362688
517,1121,3802c59c7fb1822d,Consolidation,on,0.1482391123196351,0.0,0.1365187370442954,0.2402391111393917,1.5677632949583833
518,1123,c32e7ffef11280ca,Consolidation,off,0.0959558303973022,1.0,0.5239570248978282,0.6874284252998237,3.2202990017101905
518,1123,c32e7ffef11280ca,Consolidation,on,0.0959558303973022,1.0,0.3088462240229902,0.4719277478633215,3.763290263250133
519,1131,252929b7917291e3,Consolidation,off,0.1632140890506751,0.0,0.0663031168041851,0.1214931443785051,0.9126765654561032
519,1131,252929b7917291e3,Consolidation,on,0.1632140890506751,0.0,0.1602452194518897,0.27622581262305,0.6375109107760367
520,1137,48f46950c6af780a,Consolidation,off,0.1737643085829568,1.0,0.1571871449674759,0.2706601642290689,0.6047149114565911
520,1137,48f46950c6af780a,Consolidation,on,0.1737643085829568,1.0,0.2136366989718305,0.3520584233331871,0.3895184635654681
521,1156,41875f28d1a6bb51,Consolidation,off,0.209011300673947,1.0,0.3626057147108898,0.5279615146343126,1.218114460927748
521,1156,41875f28d1a6bb51,Consolidation,on,0.209011300673947,1.0,0.4259755116132344,0.5974437185240444,0.8173039437189243
522,4,b4cdf6d04b4a2062,Atelectasis,off,0.1051026027123566,1.0,0.2924496464485314,0.4523383986720987,1.0146833471708208
522,4,b4cdf6d04b4a2062,Atelectasis,on,0.1051026027123566,1.0,0.1831316552946659,0.3095686851729358,0.5735142708506235
523,186,377c879691fc477e,Atelectasis,off,0.1731503004254199,1.0,0.4745319748309368,0.6435277935799034,1.835134413420348
523,186,377c879691fc477e,Atelectasis,on,0.1731503004254199,1.0,0.4598030939178343,0.6299516490457948,1.5178019328362946
524,205,defa3fe8fbd3bc01,Atelectasis,off,0.1703482790715806,1.0,0.2345486494910977,0.3787364775877617,0.7089177544703369
524,205,defa3fe8fbd3bc01,Atelectasis,on,0.1703482790715806,1.0,0.2704608669904291,0.4257680558416646,0.5454730390820256
525,286,b1c55e29c4405de2,Atelectasis,off,0.1788859163097135,1.0,0.3003152074705429,0.4617219187730571,1.1518834829637796
525,286,b1c55e29c4405de2,Atelectasis,on,0.1788859163097135,1.0,0.3121005496919918,0.475726564345111,0.8609917567488401
526,347,0d910e15cf3df18e,Atelectasis,off,0.1661866682260524,1.0,0.297524396845942,0.4523182037210169,1.0130768301388071
526,347,0d910e15cf3df18e,Atelectasis,on,0.1661866682260524,1.0,0.4263680052345782,0.5978362403070028,0.8399339452058604
527,434,08de60a4a7687ffe,Atelectasis,off,0.149808244277785,1.0,0.4698050787971279,0.6361944738785658,2.3722882406813923
527,434,08de60a4a7687ffe,Atelectasis,on,0.149808244277785,1.0,0.5460620513036728,0.7063885704021031,2.8136523855356685
528,445,06ba8137b7b55507,Atelectasis,off,0.1908883138653762,0.0,0.115859588533429,0.2075786721159075,0.5596965664083792
528,445,06ba8137b7b55507,Atelectasis,on,0.1908883138653762,0.0,0.0635638529774746,0.1195216384140437,0.1012889400555752
529,451,3f66ef83bae0f84d,Atelectasis,off,0.1201896602975503,1.0,0.3254186770981478,0.4908180583363085,1.3131609735363827
529,451,3f66ef83bae0f84d,Atelectasis,on,0.1201896602975503,1.0,0.2208677453163789,0.3618207098617319,1.063442832457689
530,460,0d8a5ccd0a4db0f8,Atelectasis,off,0.14437963247226,1.0,0.2838441552316638,0.4405726577390502,1.3656910030018654
530,460,0d8a5ccd0a4db0f8,Atelectasis,on,0.14437963247226,1.0,0.4180410236854864,0.5896029612494125,1.171808536217713
531,470,92fcdf6ded710162,Atelectasis,off,0.1773460228352557,0.0,0.2698121151573504,0.4249065069104582,1.7831550165152958
531,470,92fcdf6ded710162,Atelectasis,on,0.1773460228352557,0.0,0.2506477906876003,0.4008279346503353,1.681494297264427
532,478,51426c9cde48119b,Atelectasis,off,0.132270027143059,1.0,0.1424019687206553,0.247468838949689,1.3216360693133522
532,478,51426c9cde48119b,Atelectasis,on,0.132270027143059,1.0,0.4268561992034453,0.5982906658409498,0.9253197042480796
533,494,1db4456ab63d12f3,Atelectasis,off,0.1655629139072847,1.0,0.3216040892207325,0.4864134963093002,1.9823805740403435
533,494,1db4456ab63d12f3,Atelectasis,on,0.1655629139072847,1.0,0.3825076697641331,0.5533501710382344,2.5462502085918426
534,499,c8db963e82f7c785,Atelectasis,off,0.1376157965781227,1.0,0.276802229584395,0.4309685595254966,1.8102776106334613
534,499,c8db963e82f7c785,Atelectasis,on,0.1376157965781227,1.0,0.6336287356840844,0.7757269275752657,1.7197747932998
535,508,b6cd6a1cabc0249f,Atelectasis,off,0.1657480909706689,1.0,0.2457889106169782,0.3893995686119545,1.2570966305071365
535,508,b6cd6a1cabc0249f,Atelectasis,on,0.1657480909706689,1.0,0.4573001238871601,0.6275934618527353,0.9241522830410512
536,512,ecc77d5112e864b4,Atelectasis,off,0.1586236471109941,1.0,0.2438826887060035,0.3836062847926043,1.324167857601437
536,512,ecc77d5112e864b4,Atelectasis,on,0.1586236471109941,1.0,0.4831267598143756,0.6514937742310464,0.9902060775298608
537,518,1c10dc1ba26ea979,Atelectasis,off,0.0963651691689935,1.0,0.3786686443145612,0.5434578323436055,1.9235912583107229
537,518,1c10dc1ba26ea979,Atelectasis,on,0.0963651691689935,1.0,0.6418047911201434,0.7818283628501908,2.255257826610942
538,565,86181433d554299d,Atelectasis,off,0.1275772505104551,1.0,0.3487235697616858,0.5094758204416747,1.8423665451951048
538,565,86181433d554299d,Atelectasis,on,0.1275772505104551,1.0,0.7054948503407539,0.827313958303799,1.8548497054509645
539,587,167f02788875e917,Atelectasis,off,0.1366996574224327,1.0,0.2988771911765773,0.458849546434459,1.92792670477464
539,587,167f02788875e917,Atelectasis,on,0.1366996574224327,1.0,0.3912576146052167,0.5624338686692264,3.154348052560585
540,588,c0e12f25e6c003f9,Atelectasis,off,0.1442675516181064,1.0,0.1734945980355728,0.2942141793098879,1.3399456551844429
540,588,c0e12f25e6c003f9,Atelectasis,on,0.1442675516181064,1.0,0.4843433487414689,0.6525824303949616,1.1147930694045416
541,592,e7b6ae7af6d75ad6,Atelectasis,off,0.1149705909584862,1.0,0.2846180052925954,0.4413286623359559,1.2680235254232393
541,592,e7b6ae7af6d75ad6,Atelectasis,on,0.1149705909584862,1.0,0.3909709857758563,0.5621554732938939,1.0909146505375262
542,597,11d809a52453db0a,Atelectasis,off,0.1269973539172258,1.0,0.1249783051375757,0.2217477774228453,0.4969474060448701
542,597,11d809a52453db0a,Atelectasis,on,0.1269973539172258,1.0,0.1895687207443464,0.3187177176674584,0.3516017596209562
543,603,1f38204277c319ea,Atelectasis,off,0.1113303997388028,1.0,0.5384441791838606,0.6990424263875636,1.7681474758792537
543,603,1f38204277c319ea,Atelectasis,on,0.1113303997388028,1.0,0.2499371159433196,0.399913884756979,1.2141969799690444
544,606,869cfbde90c5be3f,Atelectasis,off,0.0956342070766876,1.0,0.4963216236732144,0.6559014898330708,5.069919121639473
544,606,869cfbde90c5be3f,Atelectasis,on,0.0956342070766876,1.0,0.1451999576868559,0.253577347976274,3.382789015176181
545,612,0a51eadd62ea7d37,Atelectasis,off,0.1300722677855259,1.0,0.3631490549907281,0.5302436501599237,1.4986111810523262
545,612,0a51eadd62ea7d37,Atelectasis,on,0.1300722677855259,1.0,0.4667624840654849,0.6364527086002045,1.2301385759951882
546,621,9a42d6a21dfeba0c,Atelectasis,off,0.1112183188846493,1.0,0.2852027006117151,0.4428562362656632,3.5173749528567444
546,621,9a42d6a21dfeba0c,Atelectasis,on,0.1112183188846493,1.0,0.1229622289771402,0.2189947858904107,3.0638795828914045
547,634,5b3115c94b2fd4f5,Atelectasis,off,0.1170124117363273,1.0,0.4858617878365093,0.6531694214332264,1.2848396399857442
547,634,5b3115c94b2fd4f5,Atelectasis,on,0.1170124117363273,1.0,0.2488908490253744,0.3985743116100511,0.9881623405336312
548,678,8839052d4b213766,Atelectasis,off,0.1692420897718911,1.0,0.2174744722148497,0.352150396346174,1.083676273414323
548,678,8839052d4b213766,Atelectasis,on,0.1692420897718911,1.0,0.3587150098434454,0.5280164311793165,0.7957165802409228
549,683,f0f9f475b6f58c7a,Atelectasis,off,0.1165884537227899,1.0,0.2420512523502656,0.3882285013334876,0.4152278409077326
549,683,f0f9f475b6f58c7a,Atelectasis,on,0.1165884537227899,1.0,0.259008643069584,0.4114477324738743,0.503102039435913
550,695,3ea211b9320b58ab,Atelectasis,off,0.1399256367898094,1.0,0.5835406371787024,0.7361833952892606,3.144957860210224
550,695,3ea211b9320b58ab,Atelectasis,on,0.1399256367898094,1.0,0.3514886221650692,0.520141296811566,3.1384242746710886
551,748,a541f9ed0bf11bb3,Atelectasis,off,0.1477079465325594,1.0,0.1885733950732702,0.3171589138147212,1.4319974758349567
551,748,a541f9ed0bf11bb3,Atelectasis,on,0.1477079465325594,1.0,0.3031755754192696,0.4652856976773843,1.7866666168910157
552,752,f0176f93c5b15c7a,Atelectasis,off,0.1084650283369637,1.0,0.3520662702891045,0.5186047031358999,1.7508834278814174
552,752,f0176f93c5b15c7a,Atelectasis,on,0.1084650283369637,1.0,0.4070778765415253,0.5786136572111135,1.6922835931156222
553,762,9ccf55673ed4000d,Atelectasis,off,0.1061210765609695,1.0,0.5740709392740895,0.7273849981514818,3.2532505929124427
553,762,9ccf55673ed4000d,Atelectasis,on,0.1061210765609695,1.0,0.4175827884111626,0.5891360093346729,3.867231505490574
554,787,ae3f08592ef8ad5e,Atelectasis,off,0.09965449858437,0.0,0.0,0.0,-0.6369504226910935
554,787,ae3f08592ef8ad5e,Atelectasis,on,0.09965449858437,0.0,0.0031722916612559,0.0063243642649758,-0.3052984174054511
555,789,318d8e445e8ecf5e,Atelectasis,off,0.144472221003952,1.0,0.1387306493041749,0.2435442081877342,0.2419084525723473
555,789,318d8e445e8ecf5e,Atelectasis,on,0.144472221003952,1.0,0.1301499081323366,0.2303221153208798,0.1647569932043409
556,797,a9dfbf9d846f90fd,Atelectasis,off,0.1175143390397107,1.0,0.2056329038931129,0.3401816014083966,0.9697687596499328
556,797,a9dfbf9d846f90fd,Atelectasis,on,0.1175143390397107,1.0,0.2578390957311528,0.4099712866734647,0.5985739546647731
557,803,984b40c082cd3573,Atelectasis,off,0.1617326725436018,1.0,0.4059318535327353,0.573303591856438,1.565055608347237
557,803,984b40c082cd3573,Atelectasis,on,0.1617326725436018,1.0,0.4576144536748555,0.6278948647253018,1.1725784889254751
558,824,385b8a59b4f6e451,Atelectasis,off,0.175728160070952,0.0,0.0333937010464018,0.0619829401086479,0.4615440514114898
558,824,385b8a59b4f6e451,Atelectasis,on,0.175728160070952,0.0,0.2154962412359685,0.354574742084314,0.2816343080726236
559,837,0e7903057b618889,Atelectasis,off,0.1685988431306619,1.0,0.3180508042507967,0.4790567893611785,1.7773070513721725
559,837,0e7903057b618889,Atelectasis,on,0.1685988431306619,1.0,0.3599720583149374,0.5293794976038091,1.534993746068578
560,841,77941632e67bb3a4,Atelectasis,off,0.1736034969226496,1.0,0.1919713263065817,0.3189801295344797,0.852895343787579
560,841,77941632e67bb3a4,Atelectasis,on,0.1736034969226496,1.0,0.1376853251880967,0.2420391155336393,0.8104846806296266
561,847,ca5639aa02e0db66,Atelectasis,off,0.1639011934174427,1.0,0.2055440294513525,0.3407529083880775,2.0399433599733623
561,847,ca5639aa02e0db66,Atelectasis,on,0.1639011934174427,1.0,0.1428613290886312,0.2500035547999816,2.204430328289554
562,852,dac1670e41cf55a3,Atelectasis,off,0.1620981535897548,1.0,0.2115984054960055,0.3454315641268882,1.0609601825924044
562,852,dac1670e41cf55a3,Atelectasis,on,0.1620981535897548,1.0,0.3177516030418624,0.4822555730471562,0.608237906719853
563,869,09c4bd6ce78609be,Atelectasis,off,0.1720977150124994,1.0,0.2377369890985265,0.3718367994629129,1.69148233612265
563,869,09c4bd6ce78609be,Atelectasis,on,0.1720977150124994,1.0,0.4876356884126857,0.6555846337403016,1.5805785600738145
564,897,02cb75ca53972049,Atelectasis,off,0.1404129448513466,1.0,0.3182601006666503,0.4783442346336957,1.789682274817376
564,897,02cb75ca53972049,Atelectasis,on,0.1404129448513466,1.0,0.5197430353583888,0.6839880451601459,1.6332455534601602
565,920,5d253bd0d0de6db4,Atelectasis,off,0.1622394729276006,1.0,0.3303118421837157,0.4926932657035381,1.561368668278568
565,920,5d253bd0d0de6db4,Atelectasis,on,0.1622394729276006,1.0,0.4851464285107958,0.6533229001590576,1.1154993697105755
566,927,2d5108c8eff2ee69,Atelectasis,off,0.1706309177472723,1.0,0.3228080865015336,0.4810214025697047,1.7079608511370237
566,927,2d5108c8eff2ee69,Atelectasis,on,0.1706309177472723,1.0,0.464539788922668,0.6343828160962899,1.6286509412945658
567,960,531cd21c479c115f,Atelectasis,off,0.1091326403812698,1.0,0.2295388463045364,0.3712610272369782,0.8064104269579357
567,960,531cd21c479c115f,Atelectasis,on,0.1091326403812698,1.0,0.2834958729036245,0.4417556669199777,0.6044209837011797
568,961,4eaaeffa43a63aa2,Atelectasis,off,0.0918234580354662,1.0,0.6428318368155498,0.7769083599968208,3.3521305008387032
568,961,4eaaeffa43a63aa2,Atelectasis,on,0.0918234580354662,1.0,0.5260582730140272,0.6892898661114288,4.669772910181709
569,1006,aa5d7467210b16f2,Atelectasis,off,0.1191127094815529,1.0,0.2246204400414372,0.3638858484980073,1.0362149994459415
569,1006,aa5d7467210b16f2,Atelectasis,on,0.1191127094815529,1.0,0.3952774122651915,0.5665926032943389,0.8265877534905253
570,1011,25a9407a69b30806,Atelectasis,off,0.1371820924033546,1.0,0.4867687481444235,0.6515520139217428,3.4934342064015027
570,1011,25a9407a69b30806,Atelectasis,on,0.1371820924033546,1.0,0.2456942002533416,0.3944640552954455,2.9396514917809946
571,1021,a177681245ed41a8,Atelectasis,off,0.1189324054987841,0.0,0.1213764119963535,0.2155315147729505,1.0781128619286486
571,1021,a177681245ed41a8,Atelectasis,on,0.1189324054987841,0.0,0.2073344649714417,0.3434578139310965,0.8958894573557122
572,1057,1939319edcfe6817,Atelectasis,off,0.108036197242811,1.0,0.2407895173850276,0.3857887786815059,0.91902841419554
572,1057,1939319edcfe6817,Atelectasis,on,0.108036197242811,1.0,0.3249431986170502,0.4905007170541733,0.7569160797005678
573,1068,6a9cebc92a2e4ea8,Atelectasis,off,0.1700217826703507,1.0,0.357984108549456,0.5230485806462806,1.6090169790074584
573,1068,6a9cebc92a2e4ea8,Atelectasis,on,0.1700217826703507,1.0,0.5069157732623026,0.6727842641129387,1.2568462685568338
574,1077,2252811e46d42f53,Atelectasis,off,0.2076127265373351,1.0,0.451587486580648,0.619167822596497,1.952706913882987
574,1077,2252811e46d42f53,Atelectasis,on,0.2076127265373351,1.0,0.3593940391157131,0.5287316358187576,1.8748913968126228
575,1084,c0dd49da98159e6d,Atelectasis,off,0.1209693531960099,0.0,0.0,0.0,0.9311973585512228
575,1084,c0dd49da98159e6d,Atelectasis,on,0.1209693531960099,0.0,0.1004043405678325,0.1824271229596298,0.5287296328487094
576,1088,7dbf2987649f260e,Atelectasis,off,0.1282984664415303,1.0,0.3827771296664046,0.5530624596590771,1.1422276952028572
576,1088,7dbf2987649f260e,Atelectasis,on,0.1282984664415303,1.0,0.2854208643207785,0.4440854805697107,0.9590131453983676
577,1091,6562e982e1ab1185,Atelectasis,off,0.1519572728291644,1.0,0.3948618904293974,0.5544989099234142,1.9194509868053675
577,1091,6562e982e1ab1185,Atelectasis,on,0.1519572728291644,1.0,0.5299609066168773,0.6927766650608059,1.722208450653261
578,1124,190bb860bd0fd26b,Atelectasis,off,0.1186107821781695,1.0,0.5215061376068189,0.6836462086414706,3.0085757985675343
578,1124,190bb860bd0fd26b,Atelectasis,on,0.1186107821781695,1.0,0.4316039093112032,0.6029561540419854,3.621600864425967
579,1147,b0c764398f5f135b,Atelectasis,off,0.1144540444132567,1.0,0.3906600867974396,0.5608696855865176,2.042316750150542
579,1147,b0c764398f5f135b,Atelectasis,on,0.1144540444132567,1.0,0.3825038757409834,0.5533479201082038,2.1508625675993374
580,1150,56305bd94b986e35,Atelectasis,off,0.1181137279554015,1.0,0.4392869664470078,0.6100625156174423,2.2649367157782274
580,1150,56305bd94b986e35,Atelectasis,on,0.1181137279554015,1.0,0.3553956543673979,0.5244125519691037,2.544292611370832
581,1151,8eb936b0cfda32f5,Atelectasis,off,0.1590524782051469,1.0,0.334390888274875,0.4994994334681113,1.2069111589274186
581,1151,8eb936b0cfda32f5,Atelectasis,on,0.1590524782051469,1.0,0.3872110278148425,0.5582580271314986,0.9452960937012233
582,1154,3fb3afa6fbb4c602,Atelectasis,off,0.1358078836698195,1.0,0.3218890625104409,0.4804567243150349,1.5919548910519932
582,1154,3fb3afa6fbb4c602,Atelectasis,on,0.1358078836698195,1.0,0.539155473769281,0.7005506656916941,1.3595188962609603
583,122,b2fad14eebc04be1,Edema,off,0.1416458342470359,0.0,0.0818640539973813,0.1505803502715943,0.2777504663731007
583,122,b2fad14eebc04be1,Edema,on,0.1416458342470359,0.0,0.1061189363954869,0.1918761368616919,0.3805010960048268
584,393,f0c5cd1dcaab0e47,Edema,off,0.1792806358395587,1.0,0.412282852343889,0.5822289497956584,1.3773721329629067
584,393,f0c5cd1dcaab0e47,Edema,on,0.1792806358395587,1.0,0.4655842207593911,0.6353564665601276,1.0956179533194743
585,406,a12aaef70490156c,Edema,off,0.195200990209981,1.0,0.5055475076996101,0.6691083929827857,2.441831437617385
585,406,a12aaef70490156c,Edema,on,0.195200990209981,1.0,0.3226460862114487,0.4878654053113702,2.540086513817466
586,409,2eed693b117c2db9,Edema,off,0.1243853827073861,1.0,0.1575108033946921,0.2682296392307456,0.1333413837348573
586,409,2eed693b117c2db9,Edema,on,0.1243853827073861,1.0,0.2662772904362738,0.420560747290429,0.5903185026150563
587,452,a986d76c581c681b,Edema,off,0.1938657661213689,1.0,0.3917593001419485,0.5628125481785935,1.4137790225268725
587,452,a986d76c581c681b,Edema,on,0.1938657661213689,1.0,0.4016923011120344,0.5731533229485766,1.150021360831491
588,473,f15dea1ce3c9b5b4,Edema,off,0.1593497361226847,0.0,0.1429766984607929,0.2488290622718925,1.0050929157864863
588,473,f15dea1ce3c9b5b4,Edema,on,0.1593497361226847,0.0,0.1831878627673238,0.3096513409344006,0.6262973716912626
589,474,2b578ad2daf4f07c,Edema,off,0.1846946284032376,0.0,0.0939038352848584,0.1716485215165061,1.323613528215015
589,474,2b578ad2daf4f07c,Edema,on,0.1846946284032376,0.0,0.1045925575288763,0.1893773879549477,1.038857367828398
590,487,89c88b8ef9f0c6e4,Edema,off,0.129706786739373,0.0,0.0339074933312687,0.0652418883739608,0.0874331997731513
590,487,89c88b8ef9f0c6e4,Edema,on,0.129706786739373,0.0,0.094240016053582,0.172245966941545,-0.0352946467506764
591,491,2a30653355f7fc52,Edema,off,0.1991871701533558,1.0,0.4041139852158529,0.5700417456213999,1.4482890346306927
591,491,2a30653355f7fc52,Edema,on,0.1991871701533558,1.0,0.4835455246918306,0.6518708269409901,0.9439495427255752
592,523,80c6b3a0a74e5b10,Edema,off,0.1484242893830192,1.0,0.1011933388364497,0.1747608139951481,1.0859643294848036
592,523,80c6b3a0a74e5b10,Edema,on,0.1484242893830192,1.0,0.2665165272942612,0.4048891984766308,0.6508930030262645
593,618,19480804a2bf56f8,Edema,off,0.140247260110424,1.0,0.3257509870526576,0.4905830637314644,-0.3165928616025558
593,618,19480804a2bf56f8,Edema,on,0.140247260110424,1.0,0.1491338452270729,0.259523207619287,0.166882438283662
594,644,700255422ab49a1f,Edema,off,0.1561871068033078,1.0,0.4413051837945064,0.6055118255543916,2.1666918993888338
594,644,700255422ab49a1f,Edema,on,0.1561871068033078,1.0,0.6078705292611692,0.7561172405281746,2.0024386530134506
595,656,a9646397048bc84c,Edema,off,0.2045816703945733,1.0,0.4488285818123646,0.6180563442285038,1.286178944693757
595,656,a9646397048bc84c,Edema,on,0.2045816703945733,1.0,0.4830887438914465,0.6514615461583955,0.943188298936282
596,657,e9184860388b2b47,Edema,off,0.1723511152044988,1.0,0.122366156127103,0.2159040199528756,0.913265140048484
596,657,e9184860388b2b47,Edema,on,0.1723511152044988,1.0,0.2174132103682669,0.3571665127070905,0.5467402163372634
597,675,66af19b43d8acd4c,Edema,off,0.1678386425546637,1.0,0.3507518483098807,0.5126402386949348,0.712339920294838
597,675,66af19b43d8acd4c,Edema,on,0.1678386425546637,1.0,0.3003291483032668,0.4619125891464327,0.534354445329476
598,692,c44da25c2b6e6e92,Edema,off,0.206774556671491,0.0,0.025116847021327,0.0472827950057515,0.3557902488522718
598,692,c44da25c2b6e6e92,Edema,on,0.206774556671491,0.0,0.1054549637186589,0.1907824900430668,0.0697140076840528
599,721,fabe5ef3695a5461,Edema,off,0.1706552831503491,0.0,0.0509081770080782,0.0961281104520642,0.8245608873131922
599,721,fabe5ef3695a5461,Edema,on,0.1706552831503491,0.0,0.1077409418364168,0.1945208718865879,0.4534332446449546
600,725,921acbdad507f01a,Edema,off,0.1335370281030559,0.0,0.0,0.0,0.4346899447415711
600,725,921acbdad507f01a,Edema,on,0.1335370281030559,0.0,0.0,0.0,-0.399995311011764
601,737,eccfc478085c5c04,Edema,off,0.1695247284475827,0.0,0.2311355768007296,0.3752780308756117,1.870805984173627
601,737,eccfc478085c5c04,Edema,on,0.1695247284475827,0.0,0.2263161095644091,0.3690966402069494,2.0213010305318844
602,741,3d480d0e3bc6eeda,Edema,off,0.1627219079085225,1.0,0.464513958577532,0.6288176802337663,2.319238642367014
602,741,3d480d0e3bc6eeda,Edema,on,0.1627219079085225,1.0,0.4809832500689284,0.6495301023518478,2.8651295183083985
603,744,ec4e5ae6851c1dd7,Edema,off,0.1556608140968476,0.0,0.2916051759528144,0.4508883774466528,2.041158293145682
603,744,ec4e5ae6851c1dd7,Edema,on,0.1556608140968476,0.0,0.2038007889652398,0.3385884178933992,2.250766052865649
604,763,b816afc73b5ccdf4,Edema,off,0.1412754801202676,1.0,0.0931444414903718,0.1694617725713395,1.0449829100196746
604,763,b816afc73b5ccdf4,Edema,on,0.1412754801202676,1.0,0.2672433438413916,0.421755255782517,0.6383275825179048
605,774,46215ce72bf546e2,Edema,off,0.1749241017694155,0.0,0.0809923221345852,0.1496653493896686,1.4468181866161447
605,774,46215ce72bf546e2,Edema,on,0.1749241017694155,0.0,0.1109499545804169,0.1997388696084615,1.455808650875068
606,775,34a1605c846fa6ff,Edema,off,0.1513432646716274,1.0,0.4589577000602697,0.6279567273005793,2.0021349396510595
606,775,34a1605c846fa6ff,Edema,on,0.1513432646716274,1.0,0.4900508902484457,0.6577520678419473,2.403546975986929
607,791,7275c8b6f51b35b8,Edema,off,0.1560604067073081,0.0,0.2462154987474084,0.3947786172935977,1.373341578438473
607,791,7275c8b6f51b35b8,Edema,on,0.1560604067073081,0.0,0.2275566385137119,0.3707458992771971,1.023953245321415
608,846,86976ce0ce8ac118,Edema,off,0.1362903186507414,1.0,0.2492910467666549,0.399027436919289,1.278312943456375
608,846,86976ce0ce8ac118,Edema,on,0.1362903186507414,1.0,0.2995233850641891,0.4609735166519774,1.0247610593857446
609,860,01ec6fd2ecc2f08d,Edema,off,0.153311989240238,1.0,0.1851153896629676,0.3105594118538616,0.8256731469125582
609,860,01ec6fd2ecc2f08d,Edema,on,0.153311989240238,1.0,0.2098549404222313,0.3469043612116872,0.6338738797279279
610,871,34630c8127633573,Edema,off,0.1970722531662841,1.0,0.3251542989497898,0.4852677206318616,1.4230915224794327
610,871,34630c8127633573,Edema,on,0.1970722531662841,1.0,0.4441652522034392,0.6151106458094651,0.8532372182026414
611,888,b50198f49cbff008,Edema,off,0.2234940962628344,0.0,0.1972132783554049,0.3289353911897967,0.5919108889796608
611,888,b50198f49cbff008,Edema,on,0.2234940962628344,0.0,0.190401039536506,0.3198927292907819,0.3091854842555446
612,919,ec44a683d57116d1,Edema,off,0.1613233337719105,0.0,0.0,0.0,0.193300368764696
612,919,ec44a683d57116d1,Edema,on,0.1613233337719105,0.0,0.0023190987335591,0.004626376303925,-0.3804181467559066
613,930,1d5d7295d9c4a3f1,Edema,off,0.1722828920758836,1.0,0.1697782346546426,0.2836422951095206,1.093323639005724
613,930,1d5d7295d9c4a3f1,Edema,on,0.1722828920758836,1.0,0.3658348638081721,0.5356806947134682,0.785947337743503
614,938,4cb2f80f7e9a2742,Edema,off,0.1784570852155607,1.0,0.2260817532518035,0.3664753174408081,0.6324980566891785
614,938,4cb2f80f7e9a2742,Edema,on,0.1784570852155607,1.0,0.2797506190977707,0.4371917160998306,0.4389925897207413
615,967,56d7a4445236725d,Edema,off,0.1880424347859986,1.0,0.3258263857348885,0.48889329093087,1.2887860916857827
615,967,56d7a4445236725d,Edema,on,0.1880424347859986,1.0,0.3924134116011041,0.5636395556459101,0.7714654349078555
616,1004,50ab3732ce0f912e,Edema,off,0.1452372946605655,1.0,0.293701986300812,0.4523333827473667,0.9539724512873426
616,1004,50ab3732ce0f912e,Edema,on,0.1452372946605655,1.0,0.3595941069359743,0.5289727212641172,0.7398922185154578
617,1013,3d2a1cae5d20b5b0,Edema,off,0.1539503628008518,1.0,0.1149875400498398,0.2046041364427072,1.3577054494434024
617,1013,3d2a1cae5d20b5b0,Edema,on,0.1539503628008518,1.0,0.3036489854040584,0.4658276477114447,0.6983170198129276
618,1015,3c0096e17cc2688d,Edema,off,0.1749338479306463,1.0,0.1614757441128855,0.2743714135907333,1.0784798269640998
618,1015,3c0096e17cc2688d,Edema,on,0.1749338479306463,1.0,0.3285557014462741,0.4945976601702621,0.6460227541235745
619,1040,20d2e0e9014e2b3c,Edema,off,0.169856097929428,0.0,0.4175659083906877,0.5873351704158714,1.7987141837776068
619,1040,20d2e0e9014e2b3c,Edema,on,0.169856097929428,0.0,0.4262257300015405,0.5976929987935359,1.4674702931973789
620,1045,0977ae2cf34d956a,Edema,off,0.184124477971239,0.0,0.1043793017639208,0.1889352361320878,1.3187737214866362
620,1045,0977ae2cf34d956a,Edema,on,0.184124477971239,0.0,0.110654198068764,0.1992594562888275,1.027700072050553
621,1083,53c1d93705bec81b,Edema,off,0.2070084645410289,1.0,0.2689994439203879,0.4188199639268465,1.176098188923603
621,1083,53c1d93705bec81b,Edema,on,0.2070084645410289,1.0,0.3583883913819267,0.527660400806235,0.6405157561382957
622,1086,b460e9f1059f3ac3,Edema,off,0.2000107207773538,1.0,0.2936961040927158,0.4529017125224467,1.006870532007356
622,1086,b460e9f1059f3ac3,Edema,on,0.2000107207773538,1.0,0.3421081309217292,0.5098055023315438,0.6475199038733492
623,1090,f5f0abf5e33c563a,Edema,off,0.184319401195854,1.0,0.2813101644846447,0.4384928862429231,0.8500098168854657
623,1090,f5f0abf5e33c563a,Edema,on,0.184319401195854,1.0,0.3045717684061071,0.4669291902935916,0.5481122824869884
624,1093,3c166be90502b65a,Edema,off,0.1532388930310074,1.0,0.1753145020384391,0.2924988920658948,0.9190159781503392
624,1093,3c166be90502b65a,Edema,on,0.1532388930310074,1.0,0.4060255724750146,0.5775424896365955,0.8285888150466254
625,1116,3b432a10b30bb91a,Edema,off,0.1179041854889405,1.0,0.3168299326129707,0.4786794180857269,0.8137589096397615
625,1116,3b432a10b30bb91a,Edema,on,0.1179041854889405,1.0,0.2026341434010898,0.3369757133022965,0.9719398662110508
626,1122,b4af76bb65a3b727,Edema,off,0.1959758100278253,0.0,0.3129304439168806,0.4756767809685686,1.46300403541653
626,1122,b4af76bb65a3b727,Edema,on,0.1959758100278253,0.0,0.3253918367101606,0.4910121368988295,1.1165755912225657
627,1139,f716986d2b4594bf,Edema,off,0.1231524933116968,1.0,0.1495762383584547,0.2580735059421969,0.5352758881472878
627,1139,f716986d2b4594bf,Edema,on,0.1231524933116968,1.0,0.267144004624638,0.4216422418604301,0.5931094211134341
628,1156,41875f28d1a6bb51,Edema,off,0.209011300673947,1.0,0.3626057147108898,0.5279615146343126,1.218114460927748
628,1156,41875f28d1a6bb51,Edema,on,0.209011300673947,1.0,0.4259755116132344,0.5974437185240444,0.8173039437189243
629,2,7fdc846bf5c6595f,Cardiomegaly,off,0.170562694618657,1.0,0.3241590292878739,0.4888464029358753,1.3336444775678389
629,2,7fdc846bf5c6595f,Cardiomegaly,on,0.170562694618657,1.0,0.3672932773373965,0.5372560257334154,1.0017934615681643
630,10,6facf74a81a28169,Cardiomegaly,off,0.207023083782875,1.0,0.5449102649866167,0.6965893544875135,2.062999939045589
630,10,6facf74a81a28169,Cardiomegaly,on,0.207023083782875,1.0,0.6342994011902338,0.7762331291705135,1.785739189872033
631,34,ecc14faa47ae7453,Cardiomegaly,off,0.1723608613657295,1.0,0.3080579257547501,0.4692135401841614,1.116551104078295
631,34,ecc14faa47ae7453,Cardiomegaly,on,0.1723608613657295,1.0,0.3536319918265554,0.5224926143857536,0.9281837070602236
632,58,9602f43496ca35c1,Cardiomegaly,off,0.188295834977998,1.0,0.5582782406917711,0.7152033772933245,1.8156941712446943
632,58,9602f43496ca35c1,Cardiomegaly,on,0.188295834977998,1.0,0.5899331863209076,0.7420848577887619,1.500284366293973
633,121,283cfccc2232dcf2,Cardiomegaly,off,0.1478395197091745,1.0,0.2751889913391183,0.4286749410093085,1.058055731763846
633,121,283cfccc2232dcf2,Cardiomegaly,on,0.1478395197091745,1.0,0.3880652074867952,0.5591427137457817,0.7886746618918271
634,140,c733667e05c1cd2d,Cardiomegaly,off,0.1669809803663582,0.0,0.1448486477467493,0.250379393186074,0.5989754987683064
634,140,c733667e05c1cd2d,Cardiomegaly,on,0.1669809803663582,0.0,0.2246961969612314,0.3669363966777909,0.3712989072517099
635,154,71b3c95f452d8a44,Cardiomegaly,off,0.1942897241349063,0.0,0.0983683034030461,0.1737540890742819,0.5246633453679225
635,154,71b3c95f452d8a44,Cardiomegaly,on,0.1942897241349063,0.0,0.1904927455628425,0.3200204320112881,0.2585072873806621
636,157,79fce779b6f1da93,Cardiomegaly,off,0.1672197613165114,1.0,0.240271170748249,0.3867326947039857,0.5502216026710782
636,157,79fce779b6f1da93,Cardiomegaly,on,0.1672197613165114,1.0,0.2641500077310535,0.4179089256675691,0.5034537415222252
637,168,2ac3080c1a1a1970,Cardiomegaly,off,0.2297511317729729,1.0,0.2538041172789368,0.4029104779300302,0.7862631859975582
637,168,2ac3080c1a1a1970,Cardiomegaly,on,0.2297511317729729,1.0,0.2771098313664247,0.4339616392576175,0.4967474762254209
638,183,90db5c1b12d21d6d,Cardiomegaly,off,0.1881935002850752,0.0,0.0706420967360367,0.1273971300037814,0.5396041095519412
638,183,90db5c1b12d21d6d,Cardiomegaly,on,0.1881935002850752,0.0,0.1790219106543973,0.3036737278436353,0.2485477296763845
639,211,1223e669033e37be,Cardiomegaly,off,0.1258521799726132,1.0,0.3896371474285419,0.5568364497832953,1.1244407672905088
639,211,1223e669033e37be,Cardiomegaly,on,0.1258521799726132,1.0,0.5279163193706655,0.691027786842907,1.2698236252693391
640,213,e1ceb68cb23d7857,Cardiomegaly,off,0.1326160158667504,1.0,0.3391036296050047,0.4984973770744572,1.9384055680123349
640,213,e1ceb68cb23d7857,Cardiomegaly,on,0.1326160158667504,1.0,0.6951511118923983,0.8201622096277749,1.7122455076306404
641,220,ef96461e46f8d094,Cardiomegaly,off,0.1862540142001569,1.0,0.2728162650037941,0.4257946641956392,1.071702059565979
641,220,ef96461e46f8d094,Cardiomegaly,on,0.1862540142001569,1.0,0.3381207408477051,0.505365460026425,0.7852590523358449
642,234,e5f4624cd98d6640,Cardiomegaly,off,0.1827892538826269,1.0,0.4614613961280909,0.6298434853235796,1.473643897205786
642,234,e5f4624cd98d6640,Cardiomegaly,on,0.1827892538826269,1.0,0.5159940294641926,0.6807334655175146,1.0896185155432383
643,283,7a77793683be9602,Cardiomegaly,off,0.1405981219147308,1.0,0.2389755970185364,0.3840436993023581,0.7718602113548714
643,283,7a77793683be9602,Cardiomegaly,on,0.1405981219147308,1.0,0.3288179506485956,0.4949019916215077,0.7290209755719694
644,309,6c8f5f81c8357205,Cardiomegaly,off,0.1666203724008206,1.0,0.3121764256851592,0.4679874944602105,1.2656364722810085
644,309,6c8f5f81c8357205,Cardiomegaly,on,0.1666203724008206,1.0,0.4882117553704259,0.6561047322988222,1.0200894488353769
645,373,1f924d5148e24902,Cardiomegaly,off,0.1429859314162634,1.0,0.2498431553408375,0.3974165739429898,1.3343002787234908
645,373,1f924d5148e24902,Cardiomegaly,on,0.1429859314162634,1.0,0.4283184609557998,0.5997296555428328,1.0622709200503158
646,381,df722b3c373914e1,Cardiomegaly,off,0.1300820139467567,1.0,0.2715799869601966,0.4223650118467211,1.2796933668388928
646,381,df722b3c373914e1,Cardiomegaly,on,0.1300820139467567,1.0,0.525496556574383,0.6889512533774612,1.1300790860799486
647,392,affb1addb7bb42ed,Cardiomegaly,off,0.1491503783947098,1.0,0.3219462348424138,0.4857833331586093,1.2173175640316585
647,392,affb1addb7bb42ed,Cardiomegaly,on,0.1491503783947098,1.0,0.3929916238260661,0.5642410300288287,1.082195640348996
648,410,5ba1bc09602544c8,Cardiomegaly,off,0.1744611591109551,0.0,0.0417231813178484,0.0789028121325576,0.6487892956370027
648,410,5ba1bc09602544c8,Cardiomegaly,on,0.1744611591109551,0.0,0.1707310923416749,0.2916514350129527,0.3386546446615678
649,419,eb5032a8b3f8052a,Cardiomegaly,off,0.1377717351578147,1.0,0.2714655126190532,0.4247767358059796,0.8767054680629074
649,419,eb5032a8b3f8052a,Cardiomegaly,on,0.1377717351578147,1.0,0.3850011453806473,0.5559572981932798,0.7975436364705267
650,420,5940198741acd68e,Cardiomegaly,off,0.1186351475812464,1.0,0.253507696216099,0.40109125657429,1.3086925719041944
650,420,5940198741acd68e,Cardiomegaly,on,0.1186351475812464,1.0,0.510428237142247,0.6758652358726682,1.1011685393921338
651,421,404e5dadeda8d710,Cardiomegaly,off,0.1954933750469034,1.0,0.3898612243018732,0.5562446213968839,1.2092110998432777
651,421,404e5dadeda8d710,Cardiomegaly,on,0.1954933750469034,1.0,0.4455840493569637,0.6164757514644512,0.9642179951875036
652,424,5fbe41e547784e0c,Cardiomegaly,off,0.132767081365827,1.0,0.3782728421992371,0.5453561105525094,1.38392847119783
652,424,5fbe41e547784e0c,Cardiomegaly,on,0.132767081365827,1.0,0.5208858894474826,0.6849766927259621,1.2513226583447052
653,447,570ab29238338c71,Cardiomegaly,off,0.1528929043073159,1.0,0.2141508466267002,0.3500927761483438,1.2237528985997284
653,447,570ab29238338c71,Cardiomegaly,on,0.1528929043073159,1.0,0.4740800071894936,0.6432202719739883,1.0153065032233513
654,448,30e47bf53ecb4626,Cardiomegaly,off,0.1821216418383209,1.0,0.4326335106012882,0.5976847668549057,1.669935348894033
654,448,30e47bf53ecb4626,Cardiomegaly,on,0.1821216418383209,1.0,0.5620167810285365,0.7196014582411807,1.2458050604486537
655,461,f58f795f86d14ebd,Cardiomegaly,off,0.1738568971146489,1.0,0.2755782521214913,0.4300097661171048,0.8088274057599288
655,461,f58f795f86d14ebd,Cardiomegaly,on,0.1738568971146489,1.0,0.355363489630035,0.5243782698499679,0.6503546898442552
656,464,57bcef4f82bf8195,Cardiomegaly,off,0.1086843169646555,1.0,0.2568590534311498,0.4040063540134696,1.2811845227841283
656,464,57bcef4f82bf8195,Cardiomegaly,on,0.1086843169646555,1.0,0.5589389548392932,0.7170740752582836,1.2325935431178323
657,465,996f10d9aa33dbb7,Cardiomegaly,off,0.1574151231183817,1.0,0.3004946103976157,0.4593799893141991,1.1597911891024326
657,465,996f10d9aa33dbb7,Cardiomegaly,on,0.1574151231183817,1.0,0.4300670299142918,0.6014629016241237,0.9035478172711178
658,466,efc98b588af63774,Cardiomegaly,off,0.1499300712931694,1.0,0.2552245329904049,0.4038450611401141,1.0314735405121005
658,466,efc98b588af63774,Cardiomegaly,on,0.1499300712931694,1.0,0.3960501894252789,0.5673855793816649,0.8832235286478917
659,468,62f30234391874f1,Cardiomegaly,off,0.147897996676559,1.0,0.4127782673347694,0.5827726355109971,1.962638274513251
659,468,62f30234391874f1,Cardiomegaly,on,0.147897996676559,1.0,0.4815990315254937,0.6501071052292227,1.9647336001441331
660,469,701deb57a48ea40e,Cardiomegaly,off,0.1871165494690778,1.0,0.2609903148103231,0.4076689442077614,1.070623637234159
660,469,701deb57a48ea40e,Cardiomegaly,on,0.1871165494690778,1.0,0.4104854620065548,0.582046254583414,0.7780448410456099
661,471,2cbf5e21fd5120c6,Cardiomegaly,off,0.1731405542641892,1.0,0.2335321193234149,0.371628656867448,1.4036030279776543
661,471,2cbf5e21fd5120c6,Cardiomegaly,on,0.1731405542641892,1.0,0.4159588594476557,0.587528915634393,1.0849731046849305
662,472,ecf3e07abdbb2152,Cardiomegaly,off,0.1725606576709598,1.0,0.3627731391128212,0.5311935866565172,1.0991836527823904
662,472,ecf3e07abdbb2152,Cardiomegaly,on,0.1725606576709598,1.0,0.426617502950046,0.5980816197268263,0.8160466706643184
663,475,79a1d67e9168770a,Cardiomegaly,off,0.182750269237704,1.0,0.4063500785229001,0.5741991559984697,1.397554747857652
663,475,79a1d67e9168770a,Cardiomegaly,on,0.182750269237704,1.0,0.4237134699519978,0.5952097705043214,0.9692276875258008
664,476,2004e3665e3f10dc,Cardiomegaly,off,0.1724437037361909,1.0,0.3121883453989789,0.4741048000867754,0.7878642573292338
664,476,2004e3665e3f10dc,Cardiomegaly,on,0.1724437037361909,1.0,0.3673127953337829,0.537275644200964,0.6696420419891514
665,477,47f95af5fe0a0150,Cardiomegaly,off,0.1750361826235691,1.0,0.2804217881749293,0.4346503195310635,0.9840380072817904
665,477,47f95af5fe0a0150,Cardiomegaly,on,0.1750361826235691,1.0,0.373684478380006,0.5440593743474815,0.7376271851474114
666,479,3291160dec18f107,Cardiomegaly,off,0.2145617394948564,1.0,0.3480396753474112,0.5077761933601377,1.1867176613876853
666,479,3291160dec18f107,Cardiomegaly,on,0.2145617394948564,1.0,0.4354161855971629,0.6066582717988538,0.8221663783660457
667,483,5c68c7c5bcf114db,Cardiomegaly,off,0.2029150768241159,1.0,0.3963016968511318,0.5632590984496603,1.3985122356762865
667,483,5c68c7c5bcf114db,Cardiomegaly,on,0.2029150768241159,1.0,0.4567297450752126,0.6270615840660975,1.0496389007781273
668,486,2e12dfdc50b6087d,Cardiomegaly,off,0.219342231578537,1.0,0.4099011129646157,0.5814301330236523,1.3442872538167436
668,486,2e12dfdc50b6087d,Cardiomegaly,on,0.219342231578537,1.0,0.4068174116712863,0.5783513540290064,0.9284720829316524
669,488,abb7ad451d66b842,Cardiomegaly,off,0.1881691348819983,1.0,0.3946833384299945,0.5630105792746259,1.150825423220728
669,488,abb7ad451d66b842,Cardiomegaly,on,0.1881691348819983,1.0,0.474509513046169,0.6436134647496757,0.9215304186766372
670,489,bd7d26f21807cd30,Cardiomegaly,off,0.1364608764722794,1.0,0.1978743417052806,0.3277592961133776,1.0598379789239512
670,489,bd7d26f21807cd30,Cardiomegaly,on,0.1364608764722794,1.0,0.3871175431525153,0.5581558294379347,0.7831685566451284
671,492,08ed699a1c98210c,Cardiomegaly,off,0.1443747593916446,1.0,0.2964097707212667,0.4534935191148174,1.290206692007003
671,492,08ed699a1c98210c,Cardiomegaly,on,0.1443747593916446,1.0,0.5076974039230207,0.6734646318530759,1.097675311060014
672,497,9c100e752176fe88,Cardiomegaly,off,0.1376986389485841,1.0,0.3815357220718923,0.5449186616457655,1.522215535269371
672,497,9c100e752176fe88,Cardiomegaly,on,0.1376986389485841,1.0,0.5342635076086664,0.6964428206550551,1.247347208398931
673,498,7cc075c5945a979b,Cardiomegaly,off,0.1427374043048794,1.0,0.468859409800903,0.6346317810644637,1.7466045713300626
673,498,7cc075c5945a979b,Cardiomegaly,on,0.1427374043048794,1.0,0.544040881069036,0.7046939628846791,1.4121679566613543
674,503,2183bc0d130fce0a,Cardiomegaly,off,0.1370992500328933,1.0,0.2820312162613198,0.4375302631615693,1.1504384777458427
674,503,2183bc0d130fce0a,Cardiomegaly,on,0.1370992500328933,1.0,0.425260413555727,0.5967451035523073,0.9714573242737572
675,504,4376708f8d89c7cd,Cardiomegaly,off,0.1346773289670531,1.0,0.2004534467472604,0.3319656591065013,0.8624153828703354
675,504,4376708f8d89c7cd,Cardiomegaly,on,0.1346773289670531,1.0,0.302058026707204,0.4639698435720124,0.6886361025186369
676,506,cbcdda51d2f214f6,Cardiomegaly,off,0.1458025720119488,1.0,0.2635758402538196,0.4131555152982137,1.1820765214970612
676,506,cbcdda51d2f214f6,Cardiomegaly,on,0.1458025720119488,1.0,0.4407031392420469,0.6117848628427224,0.9350929816484416
677,507,0c4b5afba7f6553d,Cardiomegaly,off,0.1648855557017479,0.0,0.1681341600508909,0.2856801656273645,0.8210663280641758
677,507,0c4b5afba7f6553d,Cardiomegaly,on,0.1648855557017479,0.0,0.2536310141164133,0.404631418875313,0.5953801943636725
678,510,0360f2df64ba5ada,Cardiomegaly,off,0.1568839573313061,1.0,0.1915693802436722,0.317935030836731,0.7964470298435871
678,510,0360f2df64ba5ada,Cardiomegaly,on,0.1568839573313061,1.0,0.3465342362142526,0.5147006923415613,0.6887499738031454
679,511,680f7b75961eb8f4,Cardiomegaly,off,0.1658260602605148,1.0,0.1745698650701564,0.2953658711329458,0.5884679068212025
679,511,680f7b75961eb8f4,Cardiomegaly,on,0.1658260602605148,1.0,0.2657418705076062,0.419896989914264,0.4330657226648741
680,514,6b159bebb304e63d,Cardiomegaly,off,0.1786812469238678,0.0,0.3356705911141664,0.4998394937547671,1.3368224554464805
680,514,6b159bebb304e63d,Cardiomegaly,on,0.1786812469238678,0.0,0.4032820704404905,0.5747697471648718,1.0166193539468371
681,526,a8847f04ce4b65e8,Cardiomegaly,off,0.1674536691860493,1.0,0.2396019281774928,0.382103255813949,1.126411995441298
681,526,a8847f04ce4b65e8,Cardiomegaly,on,0.1674536691860493,1.0,0.4413344370062806,0.6123961720151623,0.9063941816509604
682,530,71e5e13c90e27554,Cardiomegaly,off,0.1752895828155685,1.0,0.2921418248820515,0.4486291766134579,1.3440923128992734
682,530,71e5e13c90e27554,Cardiomegaly,on,0.1752895828155685,1.0,0.4311684287682314,0.6025380209505737,1.0000098609769614
683,531,608d260223d49da3,Cardiomegaly,off,0.1770292725952565,1.0,0.2649227749421058,0.4158097508341541,1.2840337331939922
683,531,608d260223d49da3,Cardiomegaly,on,0.1770292725952565,1.0,0.4338099457566752,0.605113370989151,0.9393444824417994
684,532,ee2e70dd281aedf8,Cardiomegaly,off,0.1589793819959163,1.0,0.3446490423070177,0.5109390928592898,0.9093088029279952
684,532,ee2e70dd281aedf8,Cardiomegaly,on,0.1589793819959163,1.0,0.3644399169870412,0.5341938216349919,0.7139296944617051
685,533,95d1ebe0176d42c5,Cardiomegaly,off,0.154842136553465,1.0,0.2434218593400366,0.389192076804818,0.9316386396631112
685,533,95d1ebe0176d42c5,Cardiomegaly,on,0.154842136553465,1.0,0.3272004707045562,0.4930658383944087,0.6763425194522189
686,534,c33c367dac2cf404,Cardiomegaly,off,0.1195317944144749,1.0,0.1791615131841711,0.3019984882522558,0.917647355800838
686,534,c33c367dac2cf404,Cardiomegaly,on,0.1195317944144749,1.0,0.2978990079367029,0.4590433030254521,0.6639680663701365
687,536,241d1f811631bde9,Cardiomegaly,off,0.1917459760536818,1.0,0.2761391207211437,0.4246135055469763,1.4712261064893448
687,536,241d1f811631bde9,Cardiomegaly,on,0.1917459760536818,1.0,0.4813322300701202,0.6498633356165672,1.0633144895424689
688,538,9949a1b3294f1d69,Cardiomegaly,off,0.1751044057521843,1.0,0.4737742731652762,0.6356094955031735,1.6996850418574392
688,538,9949a1b3294f1d69,Cardiomegaly,on,0.1751044057521843,1.0,0.5819461463559937,0.7357339786707875,1.3262309975641478
689,539,35e33ad272c6a698,Cardiomegaly,off,0.1205307759406263,1.0,0.1048722507304416,0.1890772534594672,0.5895669620172362
689,539,35e33ad272c6a698,Cardiomegaly,on,0.1205307759406263,1.0,0.2275389540414651,0.3707205047780559,0.4148440820178414
690,540,2547cf6ac257f1fb,Cardiomegaly,off,0.1679409772475866,1.0,0.1615859540806483,0.2755363771813056,1.1833375037984897
690,540,2547cf6ac257f1fb,Cardiomegaly,on,0.1679409772475866,1.0,0.5025792546192845,0.6689478614908356,1.033894592163453
691,542,11b5f13c4f987989,Cardiomegaly,off,0.1745781130457241,1.0,0.4838221923716868,0.6491972694008847,1.422714601368555
691,542,11b5f13c4f987989,Cardiomegaly,on,0.1745781130457241,1.0,0.5684472937682039,0.7248522338972655,1.1910104826929486
692,543,f6ca28625cd3db34,Cardiomegaly,off,0.1687499086297384,1.0,0.2840410185711238,0.4396128224839468,1.503450821522837
692,543,f6ca28625cd3db34,Cardiomegaly,on,0.1687499086297384,1.0,0.4801142244631908,0.6487480170945552,1.1088010674122115
693,544,06cef2e1a825b8c0,Cardiomegaly,off,0.1744270475466475,1.0,0.3589752186450027,0.5245289335593214,1.218896641004152
693,544,06cef2e1a825b8c0,Cardiomegaly,on,0.1744270475466475,1.0,0.476235458580136,0.6452019411563777,0.95739218775896
694,548,2ec66809201014ac,Cardiomegaly,off,0.1096735523295762,1.0,0.3523202877792741,0.5163168485070104,1.256978033517641
694,548,2ec66809201014ac,Cardiomegaly,on,0.1096735523295762,1.0,0.5674485062069685,0.7240401708552474,1.2725755232107658
695,550,4b73dc561cd967c1,Cardiomegaly,off,0.1552807138088485,0.0,0.1081626744314006,0.1941555077873765,0.3679688175402035
695,550,4b73dc561cd967c1,Cardiomegaly,on,0.1552807138088485,0.0,0.146315640936564,0.2552797064966449,0.2376184405179159
696,551,972349289dd76549,Cardiomegaly,off,0.1801431711084796,1.0,0.2272627446869638,0.3700716919906913,0.6885114104412752
696,551,972349289dd76549,Cardiomegaly,on,0.1801431711084796,1.0,0.2304579850296477,0.3745880700978624,0.5645487114901826
697,556,7544b8fd9fae86bb,Cardiomegaly,off,0.1495353517633242,1.0,0.3535770187763465,0.5197331605962703,1.1930333739185326
697,556,7544b8fd9fae86bb,Cardiomegaly,on,0.1495353517633242,1.0,0.4580060164600191,0.628260911596592,1.0275321916406328
698,563,1c8da14e96dece38,Cardiomegaly,off,0.2028224882924238,0.0,0.2909118866304042,0.4468381489636431,1.1258081042347388
698,563,1c8da14e96dece38,Cardiomegaly,on,0.2028224882924238,0.0,0.3517723491430989,0.5204597041755441,0.7698172232248262
699,564,5f920ed6737c40a1,Cardiomegaly,off,0.147610484920252,1.0,0.2325705483180829,0.3758579340507123,0.6156807600880873
699,564,5f920ed6737c40a1,Cardiomegaly,on,0.147610484920252,1.0,0.2681333529697677,0.4228764198016005,0.5298587893050632
700,575,214a8fe9f196e531,Cardiomegaly,off,0.1427568966273409,1.0,0.4845084057257889,0.6509580553686483,1.3802788637095278
700,575,214a8fe9f196e531,Cardiomegaly,on,0.1427568966273409,1.0,0.517908046834927,0.6823936549824096,1.1083743018242411
701,576,2f0b25b0451b7721,Cardiomegaly,off,0.1506610333854753,1.0,0.2259561098891076,0.3676097363189387,1.0984831281444396
701,576,2f0b25b0451b7721,Cardiomegaly,on,0.1506610333854753,1.0,0.2970727081557829,0.4580647227512245,0.7869467189566788
702,577,a3ec37f62a93ffbf,Cardiomegaly,off,0.1491649976365559,1.0,0.3401722752644288,0.5049792099701556,1.4273541816782072
702,577,a3ec37f62a93ffbf,Cardiomegaly,on,0.1491649976365559,1.0,0.4678989888274153,0.6375061347785851,1.119475142715928
703,580,797c2f40115e9520,Cardiomegaly,off,0.1322261694175206,1.0,0.2676308906984194,0.4197381216168201,1.1456381620822509
703,580,797c2f40115e9520,Cardiomegaly,on,0.1322261694175206,1.0,0.4127741963880204,0.5843449141157451,0.9007977972959332
704,581,1dd35bdc701058b8,Cardiomegaly,off,0.1472742423577913,1.0,0.4334985216374962,0.6015032165279902,1.6304481085577995
704,581,1dd35bdc701058b8,Cardiomegaly,on,0.1472742423577913,1.0,0.5832217282058865,0.7367508138576565,1.3618398498445097
705,582,1721365ffc626d65,Cardiomegaly,off,0.1552953330506946,1.0,0.2352349140100471,0.3786488899095346,1.1699003852278702
705,582,1721365ffc626d65,Cardiomegaly,on,0.1552953330506946,1.0,0.4237146375054689,0.5952153239702132,0.8564368730830614
706,583,8e7589220df31a0d,Cardiomegaly,off,0.1558411180796164,1.0,0.2745039226040839,0.4287669893496963,1.0417211694247264
706,583,8e7589220df31a0d,Cardiomegaly,on,0.1558411180796164,1.0,0.3956184893706008,0.566941197552244,0.8080603071153402
707,585,af0c034956436e0a,Cardiomegaly,off,0.1592717668328387,1.0,0.3199461406725772,0.4779952311703997,1.130277865745826
707,585,af0c034956436e0a,Cardiomegaly,on,0.1592717668328387,1.0,0.4663308948060171,0.6360470504852076,0.945556335515258
708,586,9b93318ddb7cd62b,Cardiomegaly,off,0.1867218299392327,1.0,0.2844528030738208,0.4369380675490558,0.931338491168468
708,586,9b93318ddb7cd62b,Cardiomegaly,on,0.1867218299392327,1.0,0.4097274402056838,0.5812835239733806,0.771176518599869
709,590,89f9b7849e46caa9,Cardiomegaly,off,0.1855522905915432,0.0,0.2534289190506159,0.4005539456394156,1.046300136386491
709,590,89f9b7849e46caa9,Cardiomegaly,on,0.1855522905915432,0.0,0.3482822114599818,0.5166237542149161,0.6337272302539463
710,591,9386dc7a34a1e7dd,Cardiomegaly,off,0.1674439230248186,1.0,0.3096849330886892,0.4698809078078641,1.2941228405089418
710,591,9386dc7a34a1e7dd,Cardiomegaly,on,0.1674439230248186,1.0,0.4555966876254779,0.6259883436037501,0.8987010245870609
711,593,126026090474fbb9,Cardiomegaly,off,0.1416848188919589,0.0,0.0937007956149497,0.1712534786145346,-0.3516342846834919
711,593,126026090474fbb9,Cardiomegaly,on,0.1416848188919589,0.0,0.1063062568702025,0.1921812445314504,0.1196535143876287
712,595,dcd8247a468ccb75,Cardiomegaly,off,0.1333128663947487,1.0,0.2763578108618144,0.4312944862906036,0.7788954929658096
712,595,dcd8247a468ccb75,Cardiomegaly,on,0.1333128663947487,1.0,0.3429579666563047,0.510749913914224,0.7059525384673714
713,596,7dbc96c71e7336c3,Cardiomegaly,off,0.1899478093066093,0.0,0.1417245837357511,0.2451425508601726,0.3044078056888027
713,596,7dbc96c71e7336c3,Cardiomegaly,on,0.1899478093066093,0.0,0.1923275470392099,0.3226061421476173,0.2334560785537779
714,598,b38df7a297c10dd5,Cardiomegaly,off,0.1273189772378404,1.0,0.2684192146822904,0.4204373918907028,0.9169560543112018
714,598,b38df7a297c10dd5,Cardiomegaly,on,0.1273189772378404,1.0,0.3894826071292835,0.5606093012711686,0.8198689588370369
715,599,07c65ac7e61ec610,Cardiomegaly,off,0.1718784263848077,1.0,0.3781266136532989,0.5475015960203106,1.1327887615446126
715,599,07c65ac7e61ec610,Cardiomegaly,on,0.1718784263848077,1.0,0.406286826900031,0.5778144557213872,0.9235256585710494
716,600,79f54cb01230a30e,Cardiomegaly,off,0.2037386274481138,1.0,0.2647298970819615,0.4129821458193629,1.1393924274533087
716,600,79f54cb01230a30e,Cardiomegaly,on,0.2037386274481138,1.0,0.3515292512928815,0.5201940566334518,0.7371447809199653
717,601,cc33d850a281e99f,Cardiomegaly,off,0.1582776583873027,1.0,0.328082429806228,0.4902325028971317,0.8666891934556691
717,601,cc33d850a281e99f,Cardiomegaly,on,0.1582776583873027,1.0,0.4462912930891508,0.6171497326173314,0.8809980955393417
718,602,bedf19097d27d0ba,Cardiomegaly,off,0.1593448630420693,1.0,0.2001127782767975,0.3327788559165119,0.9347605175518688
718,602,bedf19097d27d0ba,Cardiomegaly,on,0.1593448630420693,1.0,0.2435585576985214,0.3917105838966453,0.4319742867056158
719,605,0b84b77a60ffbb36,Cardiomegaly,off,0.1211252917757018,1.0,0.2789419079476595,0.4323102256631153,1.1011272095105724
719,605,0b84b77a60ffbb36,Cardiomegaly,on,0.1211252917757018,1.0,0.4968841207293707,0.6638864428958704,1.084297608816399
720,607,cd9b8a1ed4c43573,Cardiomegaly,off,0.1475032771467138,1.0,0.3162265099619397,0.476736798817155,1.345426645878142
720,607,cd9b8a1ed4c43573,Cardiomegaly,on,0.1475032771467138,1.0,0.4166465432511314,0.5882126261513279,1.142281008305768
721,609,0f372aae9c5752a3,Cardiomegaly,off,0.1854548289792358,1.0,0.3320084774038819,0.4900374490760033,1.1886254830397007
721,609,0f372aae9c5752a3,Cardiomegaly,on,0.1854548289792358,1.0,0.4609433319935858,0.6310214814811268,0.9598165142648432
722,617,0bb24a56c2670768,Cardiomegaly,off,0.1657042332451305,1.0,0.2068356315048609,0.3398847697260522,0.8961217709531666
722,617,0bb24a56c2670768,Cardiomegaly,on,0.1657042332451305,1.0,0.3126967882684953,0.4764189014564759,0.6884021838142275
723,619,f6ce4753c7645ea2,Cardiomegaly,off,0.1548567557953111,1.0,0.2468384462557439,0.3886620242248518,1.471499142531285
723,619,f6ce4753c7645ea2,Cardiomegaly,on,0.1548567557953111,1.0,0.5654818987464978,0.7224326004518133,1.2061433358844469
724,620,bf9fef80db09bc13,Cardiomegaly,off,0.1335808858285942,1.0,0.2253182702767386,0.3664761887110388,0.7600716830177465
724,620,bf9fef80db09bc13,Cardiomegaly,on,0.1335808858285942,1.0,0.2752505249226568,0.4316801377350325,0.544062770852981
725,625,54b1d80e19cdd92e,Cardiomegaly,off,0.195200990209981,1.0,0.2807171505781135,0.4358653426336903,1.110420154849198
725,625,54b1d80e19cdd92e,Cardiomegaly,on,0.195200990209981,1.0,0.3569974377763958,0.5261569982435927,0.7504516674997697
726,626,61dae602d0b69f43,Cardiomegaly,off,0.1441116130384145,1.0,0.1781010447805369,0.2992742814781705,1.047476691273677
726,626,61dae602d0b69f43,Cardiomegaly,on,0.1441116130384145,1.0,0.39794601370961,0.5693223083567507,0.8190070712355292
727,627,9d878e929646cca4,Cardiomegaly,off,0.2043721279281123,1.0,0.3363729348102331,0.5028575820907715,1.098509912152331
727,627,9d878e929646cca4,Cardiomegaly,on,0.2043721279281123,1.0,0.3559085746441258,0.5249735096432393,0.7481354068340628
728,628,79d33f7627032c13,Cardiomegaly,off,0.1336637281990556,1.0,0.196437190034506,0.3262265786484287,0.9268143038901536
728,628,79d33f7627032c13,Cardiomegaly,on,0.1336637281990556,1.0,0.3714173489118776,0.5416504431100104,0.737562897054686
729,629,ab728b61f30384c1,Cardiomegaly,off,0.1423670501781111,1.0,0.2545225434389808,0.4029166617259506,1.2471788380639766
729,629,ab728b61f30384c1,Cardiomegaly,on,0.1423670501781111,1.0,0.4281020032067267,0.5995351133616569,1.02563246463152
730,630,905c8db3c75a119a,Cardiomegaly,off,0.1455004410137957,1.0,0.2993809630143192,0.4571832238648116,1.479737412749602
730,630,905c8db3c75a119a,Cardiomegaly,on,0.1455004410137957,1.0,0.5192830520469142,0.6835844949056715,1.1019210607104235
731,631,e2845c008a174e95,Cardiomegaly,off,0.1337855552144399,1.0,0.3018608953786086,0.4607660610332041,1.2193053747165084
731,631,e2845c008a174e95,Cardiomegaly,on,0.1337855552144399,1.0,0.4919272329704561,0.6594510660924066,1.140487897401358
732,632,ee1610fae5db6897,Cardiomegaly,off,0.1510801183183973,1.0,0.4096497072515028,0.5763313618490405,1.631760490708544
732,632,ee1610fae5db6897,Cardiomegaly,on,0.1510801183183973,1.0,0.5083969043032103,0.6740835266270274,1.4155289063718912
733,635,61884254369ca7b6,Cardiomegaly,off,0.1691787397238912,1.0,0.2391825927851323,0.3856243073867827,0.850889139934633
733,635,61884254369ca7b6,Cardiomegaly,on,0.1691787397238912,1.0,0.2761835478968991,0.4328264727835991,0.5339119859881498
734,638,e36010bbb7371368,Cardiomegaly,off,0.2013361987047351,1.0,0.3652744496251946,0.5340306896904268,1.0858002943681115
734,638,e36010bbb7371368,Cardiomegaly,on,0.2013361987047351,1.0,0.3775247909367564,0.5481188638311341,0.7220124472710334
735,639,6edd6abbc9ad1532,Cardiomegaly,off,0.1921894263896807,1.0,0.4417154521669649,0.6122813026987672,1.2321398119685962
735,639,6edd6abbc9ad1532,Cardiomegaly,on,0.1921894263896807,1.0,0.4491297440766864,0.6198596580996121,0.869521743682926
736,640,d1e93953200c1186,Cardiomegaly,off,0.1859323908795423,1.0,0.3727417812861519,0.5371085167118027,1.3290144469820118
736,640,d1e93953200c1186,Cardiomegaly,on,0.1859323908795423,1.0,0.4140855781856001,0.5856439335549668,0.795439742953617
737,641,294947320c2cca4a,Cardiomegaly,off,0.1712205605017323,1.0,0.3104373093947054,0.4681853816420876,1.5648553013396582
737,641,294947320c2cca4a,Cardiomegaly,on,0.1712205605017323,1.0,0.5009862096806638,0.6675042569280526,1.0561416789140812
738,649,163c8088c230cf46,Cardiomegaly,off,0.1263638534372274,1.0,0.2305695070742043,0.3722010680066742,1.2450334553204156
738,649,163c8088c230cf46,Cardiomegaly,on,0.1263638534372274,1.0,0.4501061056844329,0.6207842089435329,0.9451826603608632
739,652,8178baafc2b7ba5b,Cardiomegaly,off,0.1609870912094498,1.0,0.3663883455909018,0.5279602303231001,1.5690283325232732
739,652,8178baafc2b7ba5b,Cardiomegaly,on,0.1609870912094498,1.0,0.5439823985344814,0.7046469347175829,1.3770812536962718
740,658,02bb8bdaddf67809,Cardiomegaly,off,0.1754065367503374,1.0,0.2637118210834874,0.4120263861638069,1.066622928479389
740,658,02bb8bdaddf67809,Cardiomegaly,on,0.1754065367503374,1.0,0.4351936741145666,0.6064505285724493,0.8682178809874704
741,659,3f4eb9d75742b598,Cardiomegaly,off,0.2216130871453006,0.0,0.3271605523009754,0.4929366852035373,0.7520740177703354
741,659,3f4eb9d75742b598,Cardiomegaly,on,0.2216130871453006,0.0,0.3220800310262348,0.4872320042981463,0.5333682180377188
742,660,ad0a56ab2e391d06,Cardiomegaly,off,0.1793391128069431,1.0,0.3295918133251128,0.4933470428374247,1.2059041089719498
742,660,ad0a56ab2e391d06,Cardiomegaly,on,0.1793391128069431,1.0,0.3996020093889547,0.5710197486364029,0.7866462359626322
743,661,2c70900c590d74ad,Cardiomegaly,off,0.1372990463381235,1.0,0.2508170236697616,0.3974511277321876,1.2726435957916038
743,661,2c70900c590d74ad,Cardiomegaly,on,0.1372990463381235,1.0,0.4771804296128666,0.6460616977357385,0.9824984570259786
744,668,a207cabae49761bc,Cardiomegaly,off,0.1803332212524792,1.0,0.5628097067172597,0.71849540046409,1.9809060737972488
744,668,a207cabae49761bc,Cardiomegaly,on,0.1803332212524792,1.0,0.61851803392605,0.7643014716397414,1.6171437201224876
745,670,31a5332679fdc782,Cardiomegaly,off,0.202929696065962,1.0,0.2095523503704457,0.3447553768649531,0.2937843906042776
745,670,31a5332679fdc782,Cardiomegaly,on,0.202929696065962,1.0,0.2172504631648205,0.3569490612369163,0.2480724460397645
746,671,ca6773a837562f0d,Cardiomegaly,off,0.2027688844056547,0.0,0.1488774236149581,0.2557145575600467,0.3454281511065856
746,671,ca6773a837562f0d,Cardiomegaly,on,0.2027688844056547,0.0,0.1971883350503224,0.3294155934021284,0.2166451098600196
747,673,a0d4ee8de8d31823,Cardiomegaly,off,0.1656360101165153,1.0,0.193554716981132,0.3207486455492666,1.2377533949408026
747,673,a0d4ee8de8d31823,Cardiomegaly,on,0.1656360101165153,1.0,0.4959644685355909,0.6630639816738169,1.0117051949567142
748,674,d00e08c821daddb2,Cardiomegaly,off,0.2090551583994854,1.0,0.3740686286034314,0.5437421221951872,1.2843206516688972
748,674,d00e08c821daddb2,Cardiomegaly,on,0.2090551583994854,1.0,0.3977693218059304,0.5691482566515743,0.8283130107569201
749,677,d31e90e1677b0e8a,Cardiomegaly,off,0.1690666588697376,1.0,0.3993194798855551,0.5683569278247095,1.4849267021286463
749,677,d31e90e1677b0e8a,Cardiomegaly,on,0.1690666588697376,1.0,0.469535207653574,0.6390254581703381,1.1521623126539668
750,679,dc533c92faa848e7,Cardiomegaly,off,0.1702654367011193,1.0,0.3950386305341485,0.5637995397631683,1.4854124592508289
750,679,dc533c92faa848e7,Cardiomegaly,on,0.1702654367011193,1.0,0.4684018463388542,0.6379749695374413,1.130618858316816
751,684,4d19a321fce81a88,Cardiomegaly,off,0.138848685973812,1.0,0.3217843427811181,0.4848871121872505,0.7162866635414284
751,684,4d19a321fce81a88,Cardiomegaly,on,0.138848685973812,1.0,0.3520444380356501,0.520755313288047,0.8414411799080256
752,688,c5e74a9e6d9866c6,Cardiomegaly,off,0.1524007231651633,1.0,0.291962369227023,0.4493941267100383,1.1461122164811517
752,688,c5e74a9e6d9866c6,Cardiomegaly,on,0.1524007231651633,1.0,0.4374316219503718,0.6086250425339577,0.8786923377974718
753,689,ed4399b895f782c8,Cardiomegaly,off,0.1433416663011856,1.0,0.3181229900384343,0.4772372185771302,1.4510945594458236
753,689,ed4399b895f782c8,Cardiomegaly,on,0.1433416663011856,1.0,0.5434547268314918,0.7041972415604419,1.1403314292468876
754,691,52e293f3160d0ffe,Cardiomegaly,off,0.124005282419387,1.0,0.2936421921743604,0.4517891662771425,1.306679543002801
754,691,52e293f3160d0ffe,Cardiomegaly,on,0.124005282419387,1.0,0.3939926827636995,0.5652722375594523,1.013677173821201
755,699,2269b34cd39dc1cb,Cardiomegaly,off,0.167044330414358,1.0,0.2535278949762028,0.4006813284451923,0.9780218819862312
755,699,2269b34cd39dc1cb,Cardiomegaly,on,0.167044330414358,1.0,0.3924566578716232,0.5636889752912255,0.7578239500753959
756,705,4eabc937d96b0ffd,Cardiomegaly,off,0.1670150919306658,1.0,0.4060934464054404,0.5703775488678771,1.5141411234491473
756,705,4eabc937d96b0ffd,Cardiomegaly,on,0.1670150919306658,1.0,0.5382215847224966,0.6997951042599342,1.190486452243287
757,706,b96969823d73a7bc,Cardiomegaly,off,0.1764445029214118,1.0,0.2284187117758266,0.3626938593344744,1.5255204099992792
757,706,b96969823d73a7bc,Cardiomegaly,on,0.1764445029214118,1.0,0.5614663897940025,0.7191443029798061,1.2332796365474392
758,710,af5dde2eb6b9742a,Cardiomegaly,off,0.141489895667344,1.0,0.2012586980871247,0.3312455207176991,1.1735264345517642
758,710,af5dde2eb6b9742a,Cardiomegaly,on,0.141489895667344,1.0,0.4099558425232266,0.5815091261337073,0.8307105298045012
759,711,b3da9d0303cf2c8f,Cardiomegaly,off,0.1299504407701416,1.0,0.3022272791828717,0.4627409767373393,1.117909884389706
759,711,b3da9d0303cf2c8f,Cardiomegaly,on,0.1299504407701416,1.0,0.3410084850054676,0.5085826480562341,1.0730626881397656
760,712,48aff0553b673b8b,Cardiomegaly,off,0.1082701051123488,1.0,0.3520017488970989,0.5187863679910919,0.5840301152526336
760,712,48aff0553b673b8b,Cardiomegaly,on,0.1082701051123488,1.0,0.4044832324384341,0.5759875956769492,0.9369624577219626
761,714,b2fdc492ae0123c6,Cardiomegaly,off,0.105433972194202,1.0,0.4831405978785117,0.6498757560052383,0.9633265226599876
761,714,b2fdc492ae0123c6,Cardiomegaly,on,0.105433972194202,1.0,0.4678447304568751,0.6374528946822918,1.2350898358932625
762,715,af6cd7b956adeb19,Cardiomegaly,off,0.1786081507146372,1.0,0.3080301914782394,0.4704534338849992,1.0135609871618998
762,715,af6cd7b956adeb19,Cardiomegaly,on,0.1786081507146372,1.0,0.3323556885128903,0.498899099459349,0.7658214946818549
763,716,d71ce8514eaeb2a3,Cardiomegaly,off,0.1519865113128566,1.0,0.338738817705544,0.5017925175606491,1.5902493849989432
763,716,d71ce8514eaeb2a3,Cardiomegaly,on,0.1519865113128566,1.0,0.4783363984430132,0.6471241740746121,1.365462756337381
764,717,202e12d7ebba3624,Cardiomegaly,off,0.2042405547514972,1.0,0.3646440941125986,0.529379579013286,0.933258453516494
764,717,202e12d7ebba3624,Cardiomegaly,on,0.2042405547514972,1.0,0.4344474975052916,0.6057307062036746,0.7983934277778919
765,718,1d2fbbe6e22826c5,Cardiomegaly,off,0.1815807298900145,1.0,0.2698972110069421,0.4172353338454108,0.943983301049378
765,718,1d2fbbe6e22826c5,Cardiomegaly,on,0.1815807298900145,1.0,0.4205053064489917,0.592049632733669,0.7927033077490683
766,719,409ee47d21baa5db,Cardiomegaly,off,0.1495645902470164,1.0,0.4054884580233461,0.5767755562910756,1.294752756448314
766,719,409ee47d21baa5db,Cardiomegaly,on,0.1495645902470164,1.0,0.4006823431051337,0.572122564331594,0.9961127840172944
767,720,5f71da4bbf80cb20,Cardiomegaly,off,0.1499593097768616,1.0,0.2986395093488916,0.4574349027192051,1.1927288844793662
767,720,5f71da4bbf80cb20,Cardiomegaly,on,0.1499593097768616,1.0,0.4091233855368266,0.5806775424911682,0.8814054046240127
768,722,ad9c9cb07f6f78c8,Cardiomegaly,off,0.1576587771491504,1.0,0.3209933105103448,0.4790702719589929,1.3926785812283602
768,722,ad9c9cb07f6f78c8,Cardiomegaly,on,0.1576587771491504,1.0,0.5164246705006099,0.6811019779292784,1.098435542731043
769,724,59fa68de64ffaa7d,Cardiomegaly,off,0.1738568971146489,1.0,0.2523523441531581,0.4009450526726573,0.9746570917077978
769,724,59fa68de64ffaa7d,Cardiomegaly,on,0.1738568971146489,1.0,0.3261371910156497,0.4918549925712225,0.6510775708495936
770,727,73b7a98fb207af59,Cardiomegaly,off,0.1155797260354078,1.0,0.2408462983774601,0.3841939981207493,1.469265277209706
770,727,73b7a98fb207af59,Cardiomegaly,on,0.1155797260354078,1.0,0.5584413018386243,0.7166623577197087,1.2266170591912424
771,728,e0858f869fb1d358,Cardiomegaly,off,0.1471719076648685,1.0,0.2148859036806739,0.3517005042108845,0.9470743360622356
771,728,e0858f869fb1d358,Cardiomegaly,on,0.1471719076648685,1.0,0.3358225043116554,0.5027935224957353,0.752155559910807
772,729,3502d707ba4a3a3f,Cardiomegaly,off,0.1460852106876404,1.0,0.3252558312498815,0.4881049732091854,1.098721152122268
772,729,3502d707ba4a3a3f,Cardiomegaly,on,0.1460852106876404,1.0,0.4484921277204985,0.6192516700909031,0.977479185761832
773,733,f6fbdade42ecdb95,Cardiomegaly,off,0.1430005506581095,1.0,0.3790803828103656,0.5461817920906653,1.1893259367829336
773,733,f6fbdade42ecdb95,Cardiomegaly,on,0.1430005506581095,1.0,0.4810412699962209,0.6495985369214823,1.0692947304031593
774,734,4e8cc590986cc131,Cardiomegaly,off,0.143687655024877,1.0,0.2442346900769709,0.3904789825953398,1.0164295871627171
774,734,4e8cc590986cc131,Cardiomegaly,on,0.143687655024877,1.0,0.3871900771917885,0.5582330144152744,0.788679169220441
775,735,1fd96564896ac64e,Cardiomegaly,off,0.1478443927897899,1.0,0.2463663285897738,0.3893732682107376,1.8921238227842967
775,735,1fd96564896ac64e,Cardiomegaly,on,0.1478443927897899,1.0,0.6501394665256706,0.7879735835436839,1.546456333455928
776,736,9132311b5a5760bd,Cardiomegaly,off,0.1632092159700598,0.0,0.1472478430375571,0.254599990935862,0.4954029334450707
776,736,9132311b5a5760bd,Cardiomegaly,on,0.1632092159700598,0.0,0.2221668057753714,0.3635613991537455,0.3707533944651859
777,739,f282b543a98a6adf,Cardiomegaly,off,0.1300186638987568,1.0,0.2909605592180765,0.4488508520140183,0.6653812979174689
777,739,f282b543a98a6adf,Cardiomegaly,on,0.1300186638987568,1.0,0.3628724638515883,0.5325110424737665,0.7961600319479294
778,740,6a0cf8217cd19547,Cardiomegaly,off,0.2032415732253458,1.0,0.2019229345625881,0.3344233980808184,0.3833333873373868
778,740,6a0cf8217cd19547,Cardiomegaly,on,0.2032415732253458,1.0,0.2283693129159178,0.3718223692803172,0.2761201322148375
779,742,a6f2173b3167c667,Cardiomegaly,off,0.1737350700992646,1.0,0.1858138059872448,0.3119505355034541,0.6173739320982511
779,742,a6f2173b3167c667,Cardiomegaly,on,0.1737350700992646,1.0,0.2544049339552949,0.4056179156343248,0.4832529936169594
780,743,77833736695e8699,Cardiomegaly,off,0.1644664707688259,1.0,0.3490023809485054,0.5065021124199218,1.4877381098962688
780,743,77833736695e8699,Cardiomegaly,on,0.1644664707688259,1.0,0.5225240733704861,0.6863913223264311,1.130316609965461
781,745,ea67363fc3eed456,Cardiomegaly,off,0.1855912752364662,1.0,0.270833136450001,0.4150686112916692,1.289005870709031
781,745,ea67363fc3eed456,Cardiomegaly,on,0.1855912752364662,1.0,0.4551710381803394,0.6255898075213233,0.8836940269772058
782,749,11663b0653bdfaec,Cardiomegaly,off,0.1557485295479243,1.0,0.1833567588312423,0.3090887976372627,0.5387058252455476
782,749,11663b0653bdfaec,Cardiomegaly,on,0.1557485295479243,1.0,0.2212420750398695,0.3623226223732067,0.4571439117576339
783,750,bb5184c8cffa9ed9,Cardiomegaly,off,0.1855961483170816,1.0,0.2935724364765952,0.4519891643497303,0.8664929175528944
783,750,bb5184c8cffa9ed9,Cardiomegaly,on,0.1855961483170816,1.0,0.3580835373841532,0.5273339051721871,0.6551814021421778
784,751,543a5528c87b2f5d,Cardiomegaly,off,0.1870775648241548,1.0,0.198634842030646,0.3285417672703828,0.8363065783180064
784,751,543a5528c87b2f5d,Cardiomegaly,on,0.1870775648241548,1.0,0.3388973435498468,0.5062311188287308,0.6244060008096767
785,755,691b6a598d35f408,Cardiomegaly,off,0.1998011783108928,0.0,0.3656500038745082,0.5328023563166193,1.1322885805854883
785,755,691b6a598d35f408,Cardiomegaly,on,0.1998011783108928,0.0,0.3978707378085366,0.5692496595082022,0.7848411087899193
786,756,3cb452eb0c7eb696,Cardiomegaly,off,0.1170270309781734,1.0,0.209475929941063,0.3442378290327543,0.6355442320448363
786,756,3cb452eb0c7eb696,Cardiomegaly,on,0.1170270309781734,1.0,0.3211447723872717,0.4861605083558338,0.6589583838922448
787,758,5655c391e89d0398,Cardiomegaly,off,0.1547446749411575,1.0,0.2823119022056967,0.4369997556196864,1.1510322143566514
787,758,5655c391e89d0398,Cardiomegaly,on,0.1547446749411575,1.0,0.4029395452050998,0.5744205919314476,0.8070535323356676
788,760,3e070b1789cb8517,Cardiomegaly,off,0.1118810578483399,1.0,0.4362867945590135,0.6061180042650227,0.7886609485663691
788,760,3e070b1789cb8517,Cardiomegaly,on,0.1118810578483399,1.0,0.475746627975057,0.6447482050434384,1.1612888087259456
789,761,df171907ed8ead8a,Cardiomegaly,off,0.138181073929506,1.0,0.1563645739127848,0.2694478450616432,0.1906922099603806
789,761,df171907ed8ead8a,Cardiomegaly,on,0.138181073929506,1.0,0.1956543788796604,0.3272751100271911,0.3422515897774052
790,764,b734b7047b19bcde,Cardiomegaly,off,0.1779259194284851,1.0,0.2669513612250471,0.4180647601971524,1.1533685277013594
790,764,b734b7047b19bcde,Cardiomegaly,on,0.1779259194284851,1.0,0.378958207554401,0.549622678490764,0.7206161957140292
791,765,2354bf39abc9bf7e,Cardiomegaly,off,0.1255500489744601,1.0,0.2479972306608621,0.3957103467763462,1.0935159267318502
791,765,2354bf39abc9bf7e,Cardiomegaly,on,0.1255500489744601,1.0,0.3617710713463248,0.5313238787109011,0.8984173951060285
792,766,1a3deff1a73dec78,Cardiomegaly,off,0.1851039671749289,1.0,0.3296710412656424,0.4950736487866168,1.227974254400667
792,766,1a3deff1a73dec78,Cardiomegaly,on,0.1851039671749289,1.0,0.363489407225651,0.5331744153571877,0.8212934806986019
793,768,afce7d9041b66379,Cardiomegaly,off,0.1405737565116539,1.0,0.2956686845659345,0.4542015690813054,1.3338982653479663
793,768,afce7d9041b66379,Cardiomegaly,on,0.1405737565116539,1.0,0.4391276206263743,0.610268174163815,1.04294533297731
794,770,8f741cc6579b8f35,Cardiomegaly,off,0.1547544211023883,1.0,0.2419360689998915,0.3875750800909091,0.9889262148229478
794,770,8f741cc6579b8f35,Cardiomegaly,on,0.1547544211023883,1.0,0.3657527549093914,0.5356037618187346,0.7260056160635193
795,777,be62e3e05fdebc7e,Cardiomegaly,off,0.1486143395270188,1.0,0.1980355564849005,0.3283864709293627,1.3702968289379365
795,777,be62e3e05fdebc7e,Cardiomegaly,on,0.1486143395270188,1.0,0.440294621060069,0.61138525435482,1.0475674640866817
796,778,d03e8bd32d72f609,Cardiomegaly,off,0.2228021188154515,0.0,0.350629439081871,0.5169707832421601,0.9052667085339176
796,778,d03e8bd32d72f609,Cardiomegaly,on,0.2228021188154515,0.0,0.3562089274657574,0.5252967320610739,0.6490502820175081
797,779,3fa3bb780ed1fbf1,Cardiomegaly,off,0.1906690252376845,1.0,0.5090068895680577,0.6745826614152645,2.000946888698253
797,779,3fa3bb780ed1fbf1,Cardiomegaly,on,0.1906690252376845,1.0,0.5126048973312399,0.677777492556858,1.564908324753984
798,780,0b9c82f78ec906ae,Cardiomegaly,off,0.1368361036796631,1.0,0.2397388440129588,0.3845911219796872,1.0051913452576673
798,780,0b9c82f78ec906ae,Cardiomegaly,on,0.1368361036796631,1.0,0.3794068395077926,0.5500965097908292,0.7496196764809171
799,782,c5e022e3bbb4d365,Cardiomegaly,off,0.1324016003196741,1.0,0.3051357253898111,0.4648051044494017,1.2827070882144556
799,782,c5e022e3bbb4d365,Cardiomegaly,on,0.1324016003196741,1.0,0.4541860187991157,0.6246599324369572,1.1917782357682314
800,783,78d867a67581bec6,Cardiomegaly,off,0.1094688829437305,1.0,0.3825976645122437,0.5500968790088221,1.102272380446878
800,783,78d867a67581bec6,Cardiomegaly,on,0.1094688829437305,1.0,0.5105990060301726,0.6760216604809957,1.2818305915926624
801,788,02cd8956d2df2ded,Cardiomegaly,off,0.1121198387984932,1.0,0.1864077511945945,0.3120636973600786,0.8685642132455352
801,788,02cd8956d2df2ded,Cardiomegaly,on,0.1121198387984932,1.0,0.3613404362758916,0.5308566544741682,0.7384251010394451
802,790,9f3e1706f653df37,Cardiomegaly,off,0.1357445336218197,1.0,0.1699999933293617,0.2890023960012284,0.7992221852237776
802,790,9f3e1706f653df37,Cardiomegaly,on,0.1357445336218197,1.0,0.3114274830631354,0.4749404418824284,0.6186765345808777
803,792,9a54c509e24476a8,Cardiomegaly,off,0.1692567090137372,1.0,0.3395452818612144,0.5029967859446967,1.2736628421136262
803,792,9a54c509e24476a8,Cardiomegaly,on,0.1692567090137372,1.0,0.4592445918402238,0.6294233989986114,0.9229390386277904
804,793,b9598d90ce357368,Cardiomegaly,off,0.1206672221978568,1.0,0.2131705164412465,0.3494420113010609,0.6591717071423577
804,793,b9598d90ce357368,Cardiomegaly,on,0.1206672221978568,1.0,0.3332074908775428,0.4998552346262171,0.6820789143072242
805,796,4ae0fac5d7de98ea,Cardiomegaly,off,0.1800749479798644,1.0,0.1838658712426424,0.3101602972313726,0.6288209906058643
805,796,4ae0fac5d7de98ea,Cardiomegaly,on,0.1800749479798644,1.0,0.2180348664498358,0.3580102602754246,0.4155266744953284
806,800,a547abae9d91e112,Cardiomegaly,off,0.1473181000833296,1.0,0.1937791183740971,0.3225745673747422,0.7580785898946981
806,800,a547abae9d91e112,Cardiomegaly,on,0.1473181000833296,1.0,0.3181011956469313,0.4826622902328649,0.5983060907133021
807,804,fa6ff87391ab6d7e,Cardiomegaly,off,0.1149364793941786,0.0,0.0611370649588887,0.1143687652986303,0.0960862625831193
807,804,fa6ff87391ab6d7e,Cardiomegaly,on,0.1149364793941786,0.0,0.1410963566494453,0.2472984272240904,0.2351225932562322
808,807,a2535a6d389ba3d8,Cardiomegaly,off,0.1876038575306151,1.0,0.4116634181316939,0.5783368931665249,1.1040058512645474
808,807,a2535a6d389ba3d8,Cardiomegaly,on,0.1876038575306151,1.0,0.4831409861153896,0.651506438157472,0.9489321772835324
809,810,8336bd50aae30562,Cardiomegaly,off,0.2113455062887105,0.0,0.1653000560394208,0.2812978213217441,0.2922591682986072
809,810,8336bd50aae30562,Cardiomegaly,on,0.2113455062887105,0.0,0.1793002187671722,0.3040747130890151,0.1686478473176339
810,811,83929c209e10fe91,Cardiomegaly,off,0.1842219395835465,1.0,0.3081195296771293,0.4680929788627955,0.9162676762807146
810,811,83929c209e10fe91,Cardiomegaly,on,0.1842219395835465,1.0,0.3936391890489651,0.5649074864441591,0.7317359533851555
811,812,382d4e4bdf4cf814,Cardiomegaly,off,0.1417822805042664,1.0,0.32973604957175,0.4905992125679114,1.6405615272515996
811,812,382d4e4bdf4cf814,Cardiomegaly,on,0.1417822805042664,1.0,0.5913819022204239,0.7432196486461891,1.330266600049478
812,814,7e9eb887c924271c,Cardiomegaly,off,0.1816733184217066,1.0,0.1829614072669382,0.3083418810723288,0.6522397005070757
812,814,7e9eb887c924271c,Cardiomegaly,on,0.1816733184217066,1.0,0.2186157517049156,0.3587918098683299,0.3853736173989658
813,816,c58d55daf5dba616,Cardiomegaly,off,0.1293851634187584,1.0,0.1716132363142039,0.291384928291293,0.6973381336064499
813,816,c58d55daf5dba616,Cardiomegaly,on,0.1293851634187584,1.0,0.2747827857109675,0.4311015084051267,0.5635850269895817
814,820,70be5c0926d117d0,Cardiomegaly,off,0.1881301502370753,1.0,0.3364101473891973,0.5027235396090802,1.1562547937734011
814,820,70be5c0926d117d0,Cardiomegaly,on,0.1881301502370753,1.0,0.3726386718515629,0.5429508360206747,0.8144623147831013
815,823,89dc7150e980b6c2,Cardiomegaly,off,0.1415971034408822,1.0,0.3211346838048724,0.4817503157229928,1.3636979363891015
815,823,89dc7150e980b6c2,Cardiomegaly,on,0.1415971034408822,1.0,0.5415216858831651,0.7025704453327082,1.218633641225445
816,826,0d8c82ab3e34e6da,Cardiomegaly,off,0.1268267960956878,1.0,0.2207636723618621,0.3595070028139025,1.002732533751962
816,826,0d8c82ab3e34e6da,Cardiomegaly,on,0.1268267960956878,1.0,0.35909444699282,0.528429479323545,0.8918027519133519
817,827,01596ecd36248645,Cardiomegaly,off,0.1831254964450877,0.0,0.3567347972318792,0.5237148882325379,1.320109149825252
817,827,01596ecd36248645,Cardiomegaly,on,0.1831254964450877,0.0,0.406247401552909,0.5777733510449623,0.9198041875923112
818,830,96f1e5974eaababc,Cardiomegaly,off,0.1387024935553509,1.0,0.2099938986249006,0.3449067282558104,1.0327007509217077
818,830,96f1e5974eaababc,Cardiomegaly,on,0.1387024935553509,1.0,0.3368060658141484,0.5038940391227378,0.7270652516239127
819,832,feec175e3b538d67,Cardiomegaly,off,0.1768879532574107,1.0,0.5940753640254519,0.7452040852846871,2.202969769807288
819,832,feec175e3b538d67,Cardiomegaly,on,0.1768879532574107,1.0,0.6000760481214262,0.7500581764937099,2.04787396471019
820,840,46c43c8bc8c1789b,Cardiomegaly,off,0.1127679585203378,1.0,0.2714450882035529,0.4245281163154856,0.7812005823630588
820,840,46c43c8bc8c1789b,Cardiomegaly,on,0.1127679585203378,1.0,0.4144249616796442,0.5859964276977486,0.9285975269085128
821,842,4a4dcb2d177bc16c,Cardiomegaly,off,0.1337368244082862,1.0,0.3220012007758467,0.4843707116170819,1.0663244830434664
821,842,4a4dcb2d177bc16c,Cardiomegaly,on,0.1337368244082862,1.0,0.4300414382564007,0.6014390855164786,1.1038284316884472
822,844,8d4712d393305819,Cardiomegaly,off,0.1625172385226768,0.0,0.1867771718918333,0.3138880550005033,0.6802101837216187
822,844,8d4712d393305819,Cardiomegaly,on,0.1625172385226768,0.0,0.2226009257715207,0.3641421860380602,0.5136674110438613
823,848,b3ed864778631c15,Cardiomegaly,off,0.1810008332967852,1.0,0.2586679230247575,0.4095865357165801,1.203871965384391
823,848,b3ed864778631c15,Cardiomegaly,on,0.1810008332967852,1.0,0.3068844384945471,0.4696427989233557,0.8899882551403266
824,853,7d49e3c835f3dce2,Cardiomegaly,off,0.165553167746054,1.0,0.312268377875705,0.4741577094235454,1.404650404822473
824,853,7d49e3c835f3dce2,Cardiomegaly,on,0.165553167746054,1.0,0.3890684843212039,0.5601836161428194,1.0014719161621992
825,854,be1d74fe78ab76db,Cardiomegaly,off,0.2059753714505699,1.0,0.223514871834574,0.3628015104601592,0.557053295265702
825,854,be1d74fe78ab76db,Cardiomegaly,on,0.2059753714505699,1.0,0.2630280689203491,0.4165012741458609,0.3988463067630598
826,855,fc0ea0e1d633a70d,Cardiomegaly,off,0.1805135252352479,1.0,0.2516056928429976,0.3973919345375095,0.6771078064937068
826,855,fc0ea0e1d633a70d,Cardiomegaly,on,0.1805135252352479,1.0,0.3572822025670823,0.5264653507947038,0.6574090568565705
827,856,af41dee539933b93,Cardiomegaly,off,0.1631799774863675,1.0,0.4444014407028244,0.6119415681682066,1.8691608731851
827,856,af41dee539933b93,Cardiomegaly,on,0.1631799774863675,1.0,0.5499848148022914,0.7096647636524491,1.5829796784108092
828,857,15a4cc8a11450d48,Cardiomegaly,off,0.1401887831430395,1.0,0.3460139990989974,0.5113808010082295,1.291129877976501
828,857,15a4cc8a11450d48,Cardiomegaly,on,0.1401887831430395,1.0,0.4713191502062159,0.6406727439338864,1.140996946890955
829,861,ae403474c3ce1cca,Cardiomegaly,off,0.212110579945324,0.0,0.2749860996559948,0.4245336327853749,0.8392902651828491
829,861,ae403474c3ce1cca,Cardiomegaly,on,0.212110579945324,0.0,0.3089636238435125,0.4720619560923024,0.4953056531033414
830,863,9c6a1811fb76fa29,Cardiomegaly,off,0.1621566305571393,1.0,0.3860748516230075,0.5539777832180446,1.2569394066315975
830,863,9c6a1811fb76fa29,Cardiomegaly,on,0.1621566305571393,1.0,0.4801513959189886,0.6487867023301476,1.0283117663929129
831,878,4e3b0c42eb0f4304,Cardiomegaly,off,0.1884663927995361,1.0,0.2530333214508743,0.4008534883185947,0.9674757009563268
831,878,4e3b0c42eb0f4304,Cardiomegaly,on,0.1884663927995361,1.0,0.3486566614299842,0.5170412695473898,0.6506355263372504
832,879,a0aa3991a0bb3e5b,Cardiomegaly,off,0.1807717985078627,1.0,0.2914038124746325,0.4489738591551274,0.8688111668789646
832,879,a0aa3991a0bb3e5b,Cardiomegaly,on,0.1807717985078627,1.0,0.3722696930779306,0.5425579125726717,0.6711105548619704
833,880,96a6632d91702e06,Cardiomegaly,off,0.1656993601645152,0.0,0.0178553670822379,0.0346174958833479,0.1292687590476402
833,880,96a6632d91702e06,Cardiomegaly,on,0.1656993601645152,0.0,0.0840204674294225,0.1550118220092139,-0.0550477513340306
834,887,7eb0d17af8e0d642,Cardiomegaly,off,0.2253361207354453,0.0,0.2818335297044047,0.4397196228276585,0.9056040830994628
834,887,7eb0d17af8e0d642,Cardiomegaly,on,0.2253361207354453,0.0,0.2808731088233751,0.4385649699708789,0.6236328788522201
835,891,2c387b7497386f40,Cardiomegaly,off,0.1066327500255836,1.0,0.2252462769006564,0.3643520747970658,0.8479458864494641
835,891,2c387b7497386f40,Cardiomegaly,on,0.1066327500255836,1.0,0.3993920694673616,0.570801368007076,0.9061138430170964
836,895,c9e268450f694cd3,Cardiomegaly,off,0.1196000175430902,1.0,0.3001213191565212,0.456562244230135,1.219687611979331
836,895,c9e268450f694cd3,Cardiomegaly,on,0.1196000175430902,1.0,0.5097009219955124,0.6752262194163683,1.0946701528178708
837,898,b26ce08f494a7db4,Cardiomegaly,off,0.1520157497965489,1.0,0.245691657622824,0.3914508279016782,1.179068415704689
837,898,b26ce08f494a7db4,Cardiomegaly,on,0.1520157497965489,1.0,0.4082438509456499,0.5797902674385972,0.8793303702780388
838,900,03be9ab047de4600,Cardiomegaly,off,0.1823263112241666,1.0,0.3046991348939289,0.4651166470893876,0.98080754719878
838,900,03be9ab047de4600,Cardiomegaly,on,0.1823263112241666,1.0,0.3744364594391304,0.5448572471764773,0.7848393635140304
839,901,e9ae29bae8122a11,Cardiomegaly,off,0.156464872398384,1.0,0.2936501321159609,0.4505455771075173,1.2536049948981018
839,901,e9ae29bae8122a11,Cardiomegaly,on,0.156464872398384,1.0,0.4592130826358599,0.6293935064038447,0.9376038350990472
840,903,0c0401fd4708849d,Cardiomegaly,off,0.1465725187491776,1.0,0.2302231739398447,0.3713554413486365,1.252451062253439
840,903,0c0401fd4708849d,Cardiomegaly,on,0.1465725187491776,1.0,0.4320177101127642,0.6033570241944557,0.9442634170512644
841,904,f2a99ba2c22ec977,Cardiomegaly,off,0.1653241329571315,1.0,0.2940057433856643,0.4532193966081752,1.1916981837161862
841,904,f2a99ba2c22ec977,Cardiomegaly,on,0.1653241329571315,1.0,0.3514629907083228,0.5201222492862996,0.9015926988851678
842,905,55870c2feee34d55,Cardiomegaly,off,0.1679702157312788,1.0,0.3524538622415146,0.5199812588895594,1.40416089355031
842,905,55870c2feee34d55,Cardiomegaly,on,0.1679702157312788,1.0,0.4195671982132063,0.5911064050448308,1.0524062901161222
843,906,ac9a2bb3a0548caf,Cardiomegaly,off,0.1442334400537988,1.0,0.2374962957842398,0.3795301213124952,1.1833579393622409
843,906,ac9a2bb3a0548caf,Cardiomegaly,on,0.1442334400537988,1.0,0.4566740564276068,0.6269856771640996,0.9637002637989788
844,907,2ba90af17885feff,Cardiomegaly,off,0.1718979187072691,1.0,0.3280183204682486,0.4931830006535144,1.1687991760226986
844,907,2ba90af17885feff,Cardiomegaly,on,0.1718979187072691,1.0,0.3776511503656449,0.5482531753081995,0.8296888426363613
845,909,cf2cf8f35b3e26b7,Cardiomegaly,off,0.1672782382838959,1.0,0.3147054454884762,0.4767707704821055,1.4526044754660994
845,909,cf2cf8f35b3e26b7,Cardiomegaly,on,0.1672782382838959,1.0,0.4248217412072516,0.5963136597538913,1.1368503152236649
846,910,1561ef7f47ec3c6f,Cardiomegaly,off,0.1563966492697688,1.0,0.3545426942027378,0.5213452168290449,1.4484467280611208
846,910,1561ef7f47ec3c6f,Cardiomegaly,on,0.1563966492697688,1.0,0.4856474976510636,0.6537855573876197,1.21300319722473
847,911,cc1a9a6c9210568f,Cardiomegaly,off,0.1571324844426901,1.0,0.5084456163125415,0.6734474854563527,1.9096625743645268
847,911,cc1a9a6c9210568f,Cardiomegaly,on,0.1571324844426901,1.0,0.4635510128172839,0.6334525805006642,1.672928367149337
848,913,c3f4bdc9c10e98cc,Cardiomegaly,off,0.147245003874099,1.0,0.2165621266427718,0.3524602072116476,1.2881053036133
848,913,c3f4bdc9c10e98cc,Cardiomegaly,on,0.147245003874099,1.0,0.4426523297491039,0.6136525276804125,0.9339402094291244
849,915,3cd1f43abf66d336,Cardiomegaly,off,0.159603136314684,1.0,0.2641477082051692,0.4143718655048564,1.2630437297374848
849,915,3cd1f43abf66d336,Cardiomegaly,on,0.159603136314684,1.0,0.4419536742286357,0.6129859921909702,0.8801107437500211
850,918,c4d577be099a01a4,Cardiomegaly,off,0.1909321715909146,1.0,0.4165944157188109,0.5858765703524763,1.6036670398774475
850,918,c4d577be099a01a4,Cardiomegaly,on,0.1909321715909146,1.0,0.477376733002932,0.64624904413156,1.1657387129668346
851,921,457fe3957e7b56af,Cardiomegaly,off,0.1339950976809009,1.0,0.3892071007225443,0.5549534276439116,1.5288026689368153
851,921,457fe3957e7b56af,Cardiomegaly,on,0.1339950976809009,1.0,0.5558687287026715,0.7145444975665609,1.2751219107993708
852,922,0b67d668040438d9,Cardiomegaly,off,0.1630532773903678,1.0,0.1156026082871951,0.2067838206713149,0.353161250476058
852,922,0b67d668040438d9,Cardiomegaly,on,0.1630532773903678,1.0,0.1616457777133841,0.2783004291545315,0.2202629802054785
853,928,d4d998e70eb02d4a,Cardiomegaly,off,0.1861370602653879,1.0,0.402044269798588,0.5714149477583362,1.5142488866556585
853,928,d4d998e70eb02d4a,Cardiomegaly,on,0.1861370602653879,1.0,0.4590354358664567,0.6292290522184695,1.0088985085414544
854,929,2a32d271c904b3d5,Cardiomegaly,off,0.1962243371392092,1.0,0.3341684096603968,0.5002230456698102,1.28204395082607
854,929,2a32d271c904b3d5,Cardiomegaly,on,0.1962243371392092,1.0,0.3549982488838608,0.5239825400700431,0.8269818771936319
855,933,0edc5e0c0eba3ced,Cardiomegaly,off,0.1512214376562431,1.0,0.2994595584724587,0.4571721003569567,1.0366183316585775
855,933,0edc5e0c0eba3ced,Cardiomegaly,on,0.1512214376562431,1.0,0.423220394444038,0.5947330366548478,0.8565460877203598
856,934,74fc264d95280b44,Cardiomegaly,off,0.1766150607429498,1.0,0.2605945245037625,0.4117630519808595,0.7237642145340414
856,934,74fc264d95280b44,Cardiomegaly,on,0.1766150607429498,1.0,0.3425523908463795,0.5102986550163372,0.5989971482678698
857,936,783e7db10dce15e4,Cardiomegaly,off,0.1971063647305917,1.0,0.2374097459952886,0.3832981820622146,0.8265399257748314
857,936,783e7db10dce15e4,Cardiomegaly,on,0.1971063647305917,1.0,0.2707514370863385,0.4261273344472334,0.5725859009222342
858,937,b93a498274316f1d,Cardiomegaly,off,0.1730041080069587,1.0,0.379715258451153,0.5453297727888254,1.169013989151714
858,937,b93a498274316f1d,Cardiomegaly,on,0.1730041080069587,1.0,0.4971754213800713,0.6641503106458433,1.0181527666437007
859,939,44676a6c22bbc733,Cardiomegaly,off,0.1430395353030325,1.0,0.2700124457055226,0.4219142657191764,0.932002797074615
859,939,44676a6c22bbc733,Cardiomegaly,on,0.1430395353030325,1.0,0.4076285312700919,0.5791653340686047,0.8130203624364349
860,943,ca57dc7d2c579615,Cardiomegaly,off,0.1975887997115136,1.0,0.37225760710881,0.5371506906089135,1.3603528901567097
860,943,ca57dc7d2c579615,Cardiomegaly,on,0.1975887997115136,1.0,0.4779912625096083,0.6468115276638231,1.063329251406907
861,944,681a904a771384c1,Cardiomegaly,off,0.1104971029535741,1.0,0.2240063651674401,0.3636823407385529,0.8524464591976328
861,944,681a904a771384c1,Cardiomegaly,on,0.1104971029535741,1.0,0.4015578917324977,0.5730116407322889,0.8599822938513239
862,945,d65412eb0caf13b6,Cardiomegaly,off,0.2079148575354882,1.0,0.3072507296723746,0.4700708220164747,1.032545358144903
862,945,d65412eb0caf13b6,Cardiomegaly,on,0.2079148575354882,1.0,0.3084787576756707,0.4715074467764024,0.724733159247333
863,950,bb719db62ff21541,Cardiomegaly,off,0.1475520079528675,1.0,0.3759927183319195,0.5419988293760679,1.293589924251083
863,950,bb719db62ff21541,Cardiomegaly,on,0.1475520079528675,1.0,0.5394354570513827,0.7008209040573761,1.1787442719534298
864,951,4fe76432fdb173d5,Cardiomegaly,off,0.1368555960021246,1.0,0.1617483605481321,0.2769879843652683,0.7192144223879938
864,951,4fe76432fdb173d5,Cardiomegaly,on,0.1368555960021246,1.0,0.3057013485133368,0.4682492514076825,0.5831669132463663
865,952,89ef9383e71e14ac,Cardiomegaly,off,0.1848749323860064,0.0,0.1556304470201716,0.2629450707290696,1.028190014200678
865,952,89ef9383e71e14ac,Cardiomegaly,on,0.1848749323860064,0.0,0.2552515388209005,0.4066907934954987,0.6260340931789479
866,955,befc0c99b4dd6e6c,Cardiomegaly,off,0.1772534343035637,1.0,0.1162884498603811,0.2083205858979503,-0.0420552995717175
866,955,befc0c99b4dd6e6c,Cardiomegaly,on,0.1772534343035637,1.0,0.1111496355955022,0.2000620994457917,0.0840115361331698
867,956,72f7954fb0161c5d,Cardiomegaly,off,0.1749777056561846,0.0,0.1524031166642873,0.2625223480285696,0.3813080595368036
867,956,72f7954fb0161c5d,Cardiomegaly,on,0.1749777056561846,0.0,0.2081523865310968,0.3445778263945988,0.3034061630394052
868,957,8ed57312da57662c,Cardiomegaly,off,0.1325088080932122,1.0,0.3719723764609732,0.5392008133757095,0.976130375038577
868,957,8ed57312da57662c,Cardiomegaly,on,0.1325088080932122,1.0,0.4068022275609909,0.578330812725907,0.8313818805696367
869,959,18fa7ed3a4c38830,Cardiomegaly,off,0.1300722677855259,1.0,0.2902075576554387,0.4485982183614309,0.4905054313618573
869,959,18fa7ed3a4c38830,Cardiomegaly,on,0.1300722677855259,1.0,0.3240789240830772,0.4895156274631013,0.710168554879384
870,962,00f3d968b485ab18,Cardiomegaly,off,0.1480636814174817,1.0,0.1997068304449808,0.3304408920975624,0.7207007451176882
870,962,00f3d968b485ab18,Cardiomegaly,on,0.1480636814174817,1.0,0.3196515653858304,0.4844439653075314,0.5958958803804228
871,963,270f597c3ae829e3,Cardiomegaly,off,0.1894897397287643,1.0,0.2330549639146796,0.3775076280000883,0.5176339156028752
871,963,270f597c3ae829e3,Cardiomegaly,on,0.1894897397287643,1.0,0.2423169456530901,0.3901039520409643,0.4782826599014927
872,966,b06d5b89bfe7e4f9,Cardiomegaly,off,0.1124658275221847,1.0,0.1675242821815025,0.2846200030461889,0.8943545075876881
872,966,b06d5b89bfe7e4f9,Cardiomegaly,on,0.1124658275221847,1.0,0.3779685666475397,0.5485858869603877,0.7689798755604
873,969,d26b663717915394,Cardiomegaly,off,0.1956298213041338,1.0,0.3031363936296029,0.4644996864085292,1.0850744687020009
873,969,d26b663717915394,Cardiomegaly,on,0.1956298213041338,1.0,0.3360969639002048,0.5031016850742511,0.7227228710252627
874,970,c496622f0d34bcdd,Cardiomegaly,off,0.1816586991798605,0.0,0.0575762169008964,0.1055589708481966,0.2311929810669044
874,970,c496622f0d34bcdd,Cardiomegaly,on,0.1816586991798605,0.0,0.0642335591947175,0.1207051273698353,-0.0787619750158063
875,971,88c90e9bcd88233b,Cardiomegaly,off,0.1902207018210702,0.0,0.2283793679720838,0.3676947713232255,0.65878538311449
875,971,88c90e9bcd88233b,Cardiomegaly,on,0.1902207018210702,0.0,0.2752516793695146,0.4316807725187477,0.5245716804284052
876,974,0fd3a51f7c7139b9,Cardiomegaly,off,0.1115107037215716,1.0,0.2575329239369716,0.407389100339444,1.0064380590987645
876,974,0fd3a51f7c7139b9,Cardiomegaly,on,0.1115107037215716,1.0,0.4091902967855604,0.580743605820284,1.0626123301893455
877,975,ed4fefd6128d9cd5,Cardiomegaly,off,0.1766150607429498,1.0,0.261406477440707,0.4124802395697423,0.7794331911758914
877,975,ed4fefd6128d9cd5,Cardiomegaly,on,0.1766150607429498,1.0,0.3433118779951752,0.5111391699501449,0.6073102279860948
878,976,c29166e493d19f2e,Cardiomegaly,off,0.1978665653065898,1.0,0.4384112378898485,0.6074687968221292,1.3154094688251738
878,976,c29166e493d19f2e,Cardiomegaly,on,0.1978665653065898,1.0,0.4743106678691034,0.6434309409099853,0.9351322812278504
879,977,7f94daf6c078208b,Cardiomegaly,off,0.1962584487035169,0.0,0.0690617101493906,0.1259560947422592,0.3066479261586083
879,977,7f94daf6c078208b,Cardiomegaly,on,0.1962584487035169,0.0,0.1265188465546247,0.2246144989865492,0.1302544266829818
880,979,b50c310ab039d823,Cardiomegaly,off,0.182384788191551,1.0,0.2667240286257482,0.4203187962316709,0.7079295958586193
880,979,b50c310ab039d823,Cardiomegaly,on,0.182384788191551,1.0,0.2705108718559968,0.4258282978988857,0.4628790387669947
881,980,add9d47c8799e3e3,Cardiomegaly,off,0.1939632277336763,1.0,0.292111773664559,0.4511926543145393,0.9264442759837742
881,980,add9d47c8799e3e3,Cardiomegaly,on,0.1939632277336763,1.0,0.3051711707910901,0.4676326164018924,0.6317702153431931
882,982,8cebd91da402e33d,Cardiomegaly,off,0.1576197925042274,1.0,0.3785796486083262,0.5464360971157358,1.5653452632500404
882,982,8cebd91da402e33d,Cardiomegaly,on,0.1576197925042274,1.0,0.4980993580762368,0.6649732259055948,1.1290075968058635
883,983,d1d4e9bef6643e23,Cardiomegaly,off,0.1737594355023415,1.0,0.1627869448262488,0.2782193097517581,0.462865879289799
883,983,d1d4e9bef6643e23,Cardiomegaly,on,0.1737594355023415,1.0,0.2352692224151678,0.3809165945748565,0.3510712125731741
884,984,4da0332e60bf86b8,Cardiomegaly,off,0.1503783947097836,1.0,0.1059823039272355,0.1906679254504626,0.8055772244338123
884,984,4da0332e60bf86b8,Cardiomegaly,on,0.1503783947097836,1.0,0.2802129323917565,0.4375980386844267,0.5516272268055945
885,992,8ef6d0a1def1cf1b,Cardiomegaly,off,0.1508023527233211,1.0,0.2184463487030463,0.3559679995969011,1.3212265156371723
885,992,8ef6d0a1def1cf1b,Cardiomegaly,on,0.1508023527233211,1.0,0.4371481747662515,0.6082773402901143,0.9550313832018192
886,995,12686c36026b3031,Cardiomegaly,off,0.1821021495158594,1.0,0.3960718902979938,0.5650383493838109,1.3309554942129145
886,995,12686c36026b3031,Cardiomegaly,on,0.1821021495158594,1.0,0.468971188038161,0.6384990099123885,1.0598341620238592
887,1000,824eacc60bf5aceb,Cardiomegaly,off,0.117845708521556,1.0,0.3256548096014767,0.4882938441954068,0.911451824786722
887,1000,824eacc60bf5aceb,Cardiomegaly,on,0.117845708521556,1.0,0.4137687331856917,0.585340979587078,1.0697962095730482
888,1001,fdcff99e7265a8de,Cardiomegaly,off,0.2056829866136475,0.0,0.2853776909352562,0.4416097520103332,0.9290886745658448
888,1001,fdcff99e7265a8de,Cardiomegaly,on,0.2056829866136475,0.0,0.2960097371737443,0.4567958906217859,0.5856407838890806
889,1002,52b72ff5f88f0a37,Cardiomegaly,off,0.12718253098061,1.0,0.3200259706953897,0.4823817202909824,1.456337536098285
889,1002,52b72ff5f88f0a37,Cardiomegaly,on,0.12718253098061,1.0,0.4842421676895684,0.6525095659266122,1.3517059005727174
890,1005,f1f07bedc325e82e,Cardiomegaly,off,0.203675277400114,1.0,0.3391337083207701,0.5055125245472677,0.8283008755015147
890,1005,f1f07bedc325e82e,Cardiomegaly,on,0.203675277400114,1.0,0.3586994739301574,0.5280028179364468,0.6146704827380592
891,1007,6fc6a60d0335fbd6,Cardiomegaly,off,0.1387999551676583,1.0,0.1970441915605188,0.3267118352016401,0.8503358034826328
891,1007,6fc6a60d0335fbd6,Cardiomegaly,on,0.1387999551676583,1.0,0.3356958257329023,0.5026314695529173,0.6994665886215363
892,1008,5e88f0f16c7e6a47,Cardiomegaly,off,0.1112865420132645,1.0,0.4145023845040475,0.5831731786739582,0.6312632644207249
892,1008,5e88f0f16c7e6a47,Cardiomegaly,on,0.1112865420132645,1.0,0.4844007904876496,0.6526548810424182,1.1118288422054132
893,1012,74605b9a2e60db04,Cardiomegaly,off,0.1553343176956176,1.0,0.1823948145281985,0.3062173047447247,0.7360374055961201
893,1012,74605b9a2e60db04,Cardiomegaly,on,0.1553343176956176,1.0,0.3216966492525799,0.486782351598147,0.5992591512548171
894,1014,a75c3f979a938d95,Cardiomegaly,off,0.1757232869903366,1.0,0.4673691847179317,0.6281910616197842,1.7415096833549175
894,1014,a75c3f979a938d95,Cardiomegaly,on,0.1757232869903366,1.0,0.6260240480347058,0.7700058586104079,1.472861951988125
895,1016,cd4a1485e9f93a94,Cardiomegaly,off,0.1913122718789137,0.0,0.1931002950528259,0.3220674136984994,0.6716224411264902
895,1016,cd4a1485e9f93a94,Cardiomegaly,on,0.1913122718789137,0.0,0.210493536773113,0.3477786787666113,0.3611345754535064
896,1017,7d078f83e9932755,Cardiomegaly,off,0.1282448625547612,0.0,0.0717829547997213,0.1327791765472303,0.7252140434996127
896,1017,7d078f83e9932755,Cardiomegaly,on,0.1282448625547612,0.0,0.1820000229915536,0.3079273632888116,0.3624754360796539
897,1019,094881505a8ff1b3,Cardiomegaly,off,0.2041284738973436,1.0,0.2385773029655535,0.3849629229113913,0.6602470326039726
897,1019,094881505a8ff1b3,Cardiomegaly,on,0.2041284738973436,1.0,0.2413190294629188,0.3888103368508596,0.3645701098455489
898,1022,1d83329f432409d6,Cardiomegaly,off,0.17936347821002,0.0,0.3173842183229061,0.4805403009111463,1.51069226014456
898,1022,1d83329f432409d6,Cardiomegaly,on,0.17936347821002,0.0,0.3706146894571726,0.5408004903485657,1.1756760608749794
899,1024,8dfa509238d5a956,Cardiomegaly,off,0.1725411653484983,1.0,0.171449443075275,0.2910309016786607,0.733101899447815
899,1024,8dfa509238d5a956,Cardiomegaly,on,0.1725411653484983,1.0,0.289208171030226,0.448658359622152,0.4975085734471731
900,1025,2864099e6d54ee2c,Cardiomegaly,off,0.1965898181853622,0.0,0.1611844914775406,0.276226022858976,0.6800033539641898
900,1025,2864099e6d54ee2c,Cardiomegaly,on,0.1965898181853622,0.0,0.1980935447771003,0.3306779129048994,0.352969999490451
901,1027,273ac948181f7eea,Cardiomegaly,off,0.1659430141952838,1.0,0.3640728833763471,0.5196001981058805,1.802590170905075
901,1027,273ac948181f7eea,Cardiomegaly,on,0.1659430141952838,1.0,0.6506582930791622,0.7883566610744456,1.5194338236889158
902,1028,382871315310f9db,Cardiomegaly,off,0.1707040139565029,1.0,0.2671084745643864,0.4187644302162674,0.8296072619843664
902,1028,382871315310f9db,Cardiomegaly,on,0.1707040139565029,1.0,0.3413724607886794,0.508987668744717,0.6212153340581913
903,1029,2e80f309fb870991,Cardiomegaly,off,0.1366704189387405,1.0,0.2929605844387394,0.4505187615143931,1.1193809687334526
903,1029,2e80f309fb870991,Cardiomegaly,on,0.1366704189387405,1.0,0.4137880702802038,0.5853566036889918,0.9500628345736216
904,1031,21972a3282017c95,Cardiomegaly,off,0.1201165640883197,1.0,0.197627605776854,0.3281942072543266,1.0809712898160917
904,1031,21972a3282017c95,Cardiomegaly,on,0.1201165640883197,1.0,0.3637362131414224,0.5334356545217321,0.7411966011214813
905,1034,2014a5fe5fbf1d92,Cardiomegaly,off,0.1334298203295177,1.0,0.2962126532915412,0.4507625264493365,1.2392546643193088
905,1034,2014a5fe5fbf1d92,Cardiomegaly,on,0.1334298203295177,1.0,0.4812048882459749,0.6497468170176922,1.0024333557210958
906,1035,a3835dd57513682a,Cardiomegaly,off,0.189616439824764,1.0,0.2374564032365777,0.3814605930000751,0.8227422636864155
906,1035,a3835dd57513682a,Cardiomegaly,on,0.189616439824764,1.0,0.3223008758860669,0.4874833408336151,0.6225793599256082
907,1039,d0e09902a8cf7f55,Cardiomegaly,off,0.1516356495085498,0.0,0.0950290647420848,0.172459061517422,0.2286528047827132
907,1039,d0e09902a8cf7f55,Cardiomegaly,on,0.1516356495085498,0.0,0.1583147219998571,0.2733485871880851,0.1544166947399383
908,1042,a1edbe156ffe4a43,Cardiomegaly,off,0.2019209683785799,1.0,0.3474045781145592,0.5147179493223291,1.1271853731045258
908,1042,a1edbe156ffe4a43,Cardiomegaly,on,0.2019209683785799,1.0,0.3681449011303536,0.5381654671663474,0.8047510103756119
909,1043,840606d79ea0bbc6,Cardiomegaly,off,0.1293071941289124,1.0,0.2828217358297866,0.4379611023963777,0.8287659909603579
909,1043,840606d79ea0bbc6,Cardiomegaly,on,0.1293071941289124,1.0,0.3628149810724269,0.5324491866045917,0.7516065493100785
910,1044,f6413aef8fe70758,Cardiomegaly,off,0.1625805885706767,1.0,0.1926304680776076,0.3205631107823902,0.8907047332296869
910,1044,f6413aef8fe70758,Cardiomegaly,on,0.1625805885706767,1.0,0.3308681912113084,0.4972190711924522,0.6510239565058601
911,1048,1605ba691cedb4e6,Cardiomegaly,off,0.1812006296020155,0.0,0.2887458968988229,0.4463401741595476,0.907481631874796
911,1048,1605ba691cedb4e6,Cardiomegaly,on,0.1812006296020155,0.0,0.29043987965074,0.4501377409573197,0.5618766427091546
912,1050,437d8e6db071e050,Cardiomegaly,off,0.1656603755195922,1.0,0.5758615017478034,0.7289630099393427,2.0818463748704032
912,1050,437d8e6db071e050,Cardiomegaly,on,0.1656603755195922,1.0,0.628408849938798,0.7718025650790695,2.187537674773048
913,1052,84cf2a960de27285,Cardiomegaly,off,0.1592522745103772,1.0,0.1477737739940615,0.2560281855113868,0.6194687378357842
913,1052,84cf2a960de27285,Cardiomegaly,on,0.1592522745103772,1.0,0.2874564983152081,0.4465300976103797,0.519604520522221
914,1053,42aaaec43b390010,Cardiomegaly,off,0.2049032937151879,1.0,0.3315655298696082,0.4958125464263177,0.7304456660271955
914,1053,42aaaec43b390010,Cardiomegaly,on,0.2049032937151879,1.0,0.3636173688432872,0.5333038217159862,0.6416708724191381
915,1054,c1ebe3497131f467,Cardiomegaly,off,0.1603779561325283,1.0,0.4011260196992574,0.5675556767733424,1.1715424347332877
915,1054,c1ebe3497131f467,Cardiomegaly,on,0.1603779561325283,1.0,0.4897635337597375,0.6575048594324864,1.04913547177895
916,1056,1439214a04d8402b,Cardiomegaly,off,0.2134945348400898,0.0,0.1323069263632842,0.2313154696092028,0.2980138316086068
916,1056,1439214a04d8402b,Cardiomegaly,on,0.2134945348400898,0.0,0.146087017630034,0.2549263199428741,0.0780402880373471
917,1058,7fde84c083851f22,Cardiomegaly,off,0.1738617701952643,1.0,0.3055169582992459,0.4661087201431153,1.1800792739172865
917,1058,7fde84c083851f22,Cardiomegaly,on,0.1738617701952643,1.0,0.3693432719675184,0.5394456226478865,0.8623814243716608
918,1062,02b51014a85c1663,Cardiomegaly,off,0.1395309172599642,1.0,0.2133869199055038,0.3483358627811939,1.2751966100816918
918,1062,02b51014a85c1663,Cardiomegaly,on,0.1395309172599642,1.0,0.4618959494492639,0.6319053277717149,0.9481391330972626
919,1065,d7aa4e4a46f520bb,Cardiomegaly,off,0.2072911032167205,1.0,0.3205099678207058,0.4849156083801113,0.80645952081658
919,1065,d7aa4e4a46f520bb,Cardiomegaly,on,0.2072911032167205,1.0,0.3357375280123633,0.5026998408655905,0.6631479613591353
920,1066,fe801ee1c7637098,Cardiomegaly,off,0.1573566461509973,1.0,0.3685463041636204,0.5357839714922774,1.4461202437894327
920,1066,fe801ee1c7637098,Cardiomegaly,on,0.1573566461509973,1.0,0.4834151512555021,0.6517562182751104,1.0473828157127834
921,1069,9d0c66651c1b5ba9,Cardiomegaly,off,0.1662061605485139,1.0,0.3587265213345657,0.5268959929293111,1.6514856895680396
921,1069,9d0c66651c1b5ba9,Cardiomegaly,on,0.1662061605485139,1.0,0.4168375761533157,0.5884055855425663,1.3006934281011184
922,1070,94c7afec0324dd4b,Cardiomegaly,off,0.1845679283072379,1.0,0.3092933667850427,0.4714326413416813,1.0191606244640052
922,1070,94c7afec0324dd4b,Cardiomegaly,on,0.1845679283072379,1.0,0.3516225427577898,0.5202961160084305,0.6773754069866216
923,1075,44d14d61561b1386,Cardiomegaly,off,0.1314416034384457,1.0,0.2417071585312962,0.3848785031184501,1.4502726689656245
923,1075,44d14d61561b1386,Cardiomegaly,on,0.1314416034384457,1.0,0.5082818385464105,0.6739826317700478,1.0657552322963593
924,1078,ea650221b3a462e6,Cardiomegaly,off,0.1701582289275811,0.0,0.2039372176560815,0.3345012947228665,1.2823921490589858
924,1078,ea650221b3a462e6,Cardiomegaly,on,0.1701582289275811,0.0,0.3267643894312897,0.4925704119724901,0.804618233022225
925,1079,fc74f46e0ae69b4e,Cardiomegaly,off,0.1958637291736717,1.0,0.3158441016927243,0.4696625749968254,1.5856391795014544
925,1079,fc74f46e0ae69b4e,Cardiomegaly,on,0.1958637291736717,1.0,0.4898850186952332,0.6576097244789303,1.2526726928069274
926,1080,3f71a3f804aa8c4c,Cardiomegaly,off,0.141489895667344,1.0,0.2924016260781071,0.4470853230344899,1.1321073346550263
926,1080,3f71a3f804aa8c4c,Cardiomegaly,on,0.141489895667344,1.0,0.4808206939857843,0.649397018583126,1.009756332461247
927,1081,638f2e9bd1fd7468,Cardiomegaly,off,0.1696514285435824,1.0,0.3823299834560624,0.5445545382851305,1.4352721860253734
927,1081,638f2e9bd1fd7468,Cardiomegaly,on,0.1696514285435824,1.0,0.5030639443004172,0.6693841222125148,1.141168240695863
928,1082,cd430ecde71ab7a4,Cardiomegaly,off,0.1896408052278408,0.0,0.1887507242924914,0.3171447628222362,0.4987138946928518
928,1082,cd430ecde71ab7a4,Cardiomegaly,on,0.1896408052278408,0.0,0.1988487247005713,0.3317321697335614,0.3541127163085166
929,1085,c40b17d3b9e8d8f3,Cardiomegaly,off,0.1703677713940421,1.0,0.2889292574821211,0.4473383710688957,0.9565920724044582
929,1085,c40b17d3b9e8d8f3,Cardiomegaly,on,0.1703677713940421,1.0,0.3415924331511954,0.5092337586571587,0.754855489754032
930,1089,ccc6e3953f9c8e69,Cardiomegaly,off,0.1596372478789916,1.0,0.3684543131595664,0.5364668513882267,1.5902542430248856
930,1089,ccc6e3953f9c8e69,Cardiomegaly,on,0.1596372478789916,1.0,0.4677565919880893,0.6373761620598831,1.3764294379747732
931,1092,1596b54de7535b16,Cardiomegaly,off,0.1852160480290825,0.0,0.3383578280722558,0.5052897033366178,1.6657890651614211
931,1092,1596b54de7535b16,Cardiomegaly,on,0.1852160480290825,0.0,0.3531514112095406,0.521968789768085,1.3245599164892548
932,1094,ffcdb2676970c5db,Cardiomegaly,off,0.1601635405854519,1.0,0.2660195532831872,0.4162107809629963,1.4257808463573565
932,1094,ffcdb2676970c5db,Cardiomegaly,on,0.1601635405854519,1.0,0.4043857938063425,0.5758867258513289,0.9007486506553188
933,1095,f451fc4d2a9f67e0,Cardiomegaly,off,0.1614110492229873,1.0,0.3119401612800096,0.468053449415066,1.4633048200099552
933,1095,f451fc4d2a9f67e0,Cardiomegaly,on,0.1614110492229873,1.0,0.5089332602051229,0.6745573203890196,1.0692695573109794
934,1096,2037bdd82ce632fa,Cardiomegaly,off,0.1713618798395781,1.0,0.4366354052292197,0.6070846705552719,1.4543816756632073
934,1096,2037bdd82ce632fa,Cardiomegaly,on,0.1713618798395781,1.0,0.4624907687435124,0.6324697784487803,1.1314598112081216
935,1097,b67fd708ddd4c9d6,Cardiomegaly,off,0.1652510367479009,0.0,0.1707689024091158,0.2882413500929479,1.0803979691354313
935,1097,b67fd708ddd4c9d6,Cardiomegaly,on,0.1652510367479009,0.0,0.3071450442317914,0.46994652483949,0.7803491295649323
936,1100,d6b828df6bd6c5f9,Cardiomegaly,off,0.1978958037902821,1.0,0.4997217313800171,0.666043669710075,1.5910074643626424
936,1100,d6b828df6bd6c5f9,Cardiomegaly,on,0.1978958037902821,1.0,0.4891683378563862,0.6569645396721119,1.2145680519387083
937,1101,9417a465b90295db,Cardiomegaly,off,0.1610065835319113,1.0,0.1947624657873718,0.3252047862421486,0.7802760576405803
937,1101,9417a465b90295db,Cardiomegaly,on,0.1610065835319113,1.0,0.2604113731887743,0.4132157275351057,0.5148994411159721
938,1102,d3473ad26d4bd2b2,Cardiomegaly,off,0.1291610017104513,1.0,0.3449619952255126,0.5099026790674317,1.340889650296977
938,1102,d3473ad26d4bd2b2,Cardiomegaly,on,0.1291610017104513,1.0,0.4871738542281217,0.6551671165738588,1.1840813577891998
939,1103,668cf5db5fe96307,Cardiomegaly,off,0.1502175830494763,1.0,0.2596275275915535,0.4097704572000974,1.165923361249951
939,1103,668cf5db5fe96307,Cardiomegaly,on,0.1502175830494763,1.0,0.4075197001621358,0.5790553009456854,0.8162744529379454
940,1105,ae14d9858d0bac9d,Cardiomegaly,off,0.1225628505572367,1.0,0.2516088048071483,0.3991635568875701,1.2823141743518776
940,1105,ae14d9858d0bac9d,Cardiomegaly,on,0.1225628505572367,1.0,0.4767044567267841,0.6456278758738101,1.0635826553679188
941,1107,d7e55c1dd35bc46a,Cardiomegaly,off,0.1764786144857194,1.0,0.4171966359331892,0.5806010025976711,1.3217366987483514
941,1107,d7e55c1dd35bc46a,Cardiomegaly,on,0.1764786144857194,1.0,0.540073853087024,0.7013597461704894,1.1473179192922391
942,1109,43be89cc652a0ec2,Cardiomegaly,off,0.1355252449941279,1.0,0.2073096192748086,0.341544734570837,0.9419372428805344
942,1109,43be89cc652a0ec2,Cardiomegaly,on,0.1355252449941279,1.0,0.3642045371258346,0.5339398975111479,0.7376690142344416
943,1111,4d6947f7b7d2fe3d,Cardiomegaly,off,0.1645298208168257,1.0,0.3415266868061073,0.5029407413912605,1.7079254221338516
943,1111,4d6947f7b7d2fe3d,Cardiomegaly,on,0.1645298208168257,1.0,0.5281624853549868,0.6912369092312275,1.336841330393845
944,1112,35697eceff38abd1,Cardiomegaly,off,0.1645882977842102,1.0,0.3427780923239601,0.504569201772876,1.7525892848260969
944,1112,35697eceff38abd1,Cardiomegaly,on,0.1645882977842102,1.0,0.5791150431647517,0.7334650464924077,1.588382424967091
945,1113,28704d3df7d54ff7,Cardiomegaly,off,0.1826089498998581,1.0,0.6529311346773621,0.789471292433256,2.7800665258740467
945,1113,28704d3df7d54ff7,Cardiomegaly,on,0.1826089498998581,1.0,0.6057936495300893,0.7545037350308668,3.119031912996677
946,1118,a3686ee3ea5706e2,Cardiomegaly,off,0.1509777836254745,1.0,0.4074540674208025,0.5753911690508089,1.4618749424930488
946,1118,a3686ee3ea5706e2,Cardiomegaly,on,0.1509777836254745,1.0,0.5546096513284666,0.7135019276572994,1.2869135864635957
947,1119,bc569f7bbbe48ed0,Cardiomegaly,off,0.1596323747983763,1.0,0.1754188532475178,0.2971813768289884,0.798475465974081
947,1119,bc569f7bbbe48ed0,Cardiomegaly,on,0.1596323747983763,1.0,0.230365652407506,0.3744659018527555,0.4895040757382419
948,1125,2a0edca9a07017a6,Cardiomegaly,off,0.1297165329006037,1.0,0.1660272158517494,0.2827192069880714,1.146838430197539
948,1125,2a0edca9a07017a6,Cardiomegaly,on,0.1297165329006037,1.0,0.4226133487399303,0.5941294396136296,0.8657149497417888
949,1126,ddd31eb5a4ee3e1a,Cardiomegaly,off,0.1433221739787241,1.0,0.2548323808113703,0.4041865766554249,0.1462432772905289
949,1126,ddd31eb5a4ee3e1a,Cardiomegaly,on,0.1433221739787241,1.0,0.2917426918423934,0.4517039493394503,0.6243555967754331
950,1133,122bb6e0ed2718f9,Cardiomegaly,off,0.1282789741190688,1.0,0.2555236049565433,0.4039456998336173,1.331352175972857
950,1133,122bb6e0ed2718f9,Cardiomegaly,on,0.1282789741190688,1.0,0.4903800673045342,0.6580483308342441,1.054298502157032
951,1134,af9e54641c07f285,Cardiomegaly,off,0.1835689467810866,1.0,0.2821329386014114,0.4397268312629492,0.7162790096727724
951,1134,af9e54641c07f285,Cardiomegaly,on,0.1835689467810866,1.0,0.2972497846807923,0.4582763863268503,0.562909482335973
952,1136,736a8b9e30f13908,Cardiomegaly,off,0.1342095132279773,1.0,0.3484082143753378,0.5139332900503024,1.3696023962325965
952,1136,736a8b9e30f13908,Cardiomegaly,on,0.1342095132279773,1.0,0.4806448750766111,0.6492369905642577,1.1896329677822193
953,1138,73bc7952bfff8707,Cardiomegaly,off,0.1512263107368585,1.0,0.3468717199687903,0.5115321292545565,1.1183177356944352
953,1138,73bc7952bfff8707,Cardiomegaly,on,0.1512263107368585,1.0,0.4742150978575565,0.6433433232859079,0.9839211851514412
954,1140,6a71d0d1f69700bd,Cardiomegaly,off,0.1987827044622799,1.0,0.4243925666748318,0.5945662668688589,1.567864627467989
954,1140,6a71d0d1f69700bd,Cardiomegaly,on,0.1987827044622799,1.0,0.4657701862655236,0.6355291868807526,1.1000703467253232
955,1141,b90eb647d582b7e9,Cardiomegaly,off,0.152030369038395,1.0,0.3278890911601052,0.4911667544138001,1.1473875220424696
955,1141,b90eb647d582b7e9,Cardiomegaly,on,0.152030369038395,1.0,0.4567478042015486,0.6270747814469699,0.944828063957027
956,1142,fd33d40594fe12ba,Cardiomegaly,off,0.1560993913522311,1.0,0.2921371535193303,0.446068161144602,1.5160934551610448
956,1142,fd33d40594fe12ba,Cardiomegaly,on,0.1560993913522311,1.0,0.5738171613503682,0.7291914969857556,1.3066291246590829
957,1146,37bf2d617731ffdf,Cardiomegaly,off,0.1932566310444473,0.0,0.0790028333521342,0.1434289945055361,0.4507806520256581
957,1146,37bf2d617731ffdf,Cardiomegaly,on,0.1932566310444473,0.0,0.1143611139692253,0.2052467551066845,0.2000467916106473
958,1148,8949e949e58919ed,Cardiomegaly,off,0.1490967745079406,1.0,0.2846179673385635,0.4396053944424537,1.1499482229558018
958,1148,8949e949e58919ed,Cardiomegaly,on,0.1490967745079406,1.0,0.4386495916484147,0.6098024701844684,0.8778479048553138
959,1149,8a491f78b4efd39e,Cardiomegaly,off,0.1549201058433109,1.0,0.2976944251803169,0.4543391063357768,1.110701370988694
959,1149,8a491f78b4efd39e,Cardiomegaly,on,0.1549201058433109,1.0,0.453850063468933,0.6243342098766994,0.9172404654804664
960,1155,dd45016fdfaa6388,Cardiomegaly,off,0.1544717824266966,1.0,0.3253641530501523,0.4883447783769413,1.22754036106461
960,1155,dd45016fdfaa6388,Cardiomegaly,on,0.1544717824266966,1.0,0.3865609176276104,0.5575822084671425,0.9668567368025952
961,1159,7026b654149c2a17,Cardiomegaly,off,0.1900209055158399,1.0,0.3152832876693474,0.4706781535899734,1.3401086887410307
961,1159,7026b654149c2a17,Cardiomegaly,on,0.1900209055158399,1.0,0.4580010581082384,0.628257502147285,0.9414859612634928
962,143,50a78104f389d4c5,Lung Opacity,off,0.1030364165314386,1.0,0.4891581724502273,0.6559863862253283,2.1826974856319232
962,143,50a78104f389d4c5,Lung Opacity,on,0.1030364165314386,1.0,0.4133526891152771,0.5849221145471617,2.265553043745544
963,151,e2c9e2770f83c49c,Lung Opacity,off,0.1517574765239341,0.0,0.1730906061937972,0.2906567054272507,0.9466115055427028
963,151,e2c9e2770f83c49c,Lung Opacity,on,0.1517574765239341,0.0,0.2206216799110013,0.3614765176560632,1.0958135989595896
964,158,c99d34d384583ad4,Lung Opacity,off,0.108128785774503,1.0,0.2468181949494804,0.3922601644612024,1.0264387817290566
964,158,c99d34d384583ad4,Lung Opacity,on,0.108128785774503,1.0,0.4315154606511838,0.6028778830554317,0.9016050529918832
965,212,12ed86139ce1a5fc,Lung Opacity,off,0.1768051108869494,1.0,0.1878352573690472,0.3120099803868662,0.9407820603149994
965,212,12ed86139ce1a5fc,Lung Opacity,on,0.1768051108869494,1.0,0.3518151281121855,0.5205026249782012,0.6311643645024055
966,228,63dd77962bfc8ea6,Lung Opacity,off,0.1732233966346505,0.0,0.1632072897894826,0.2786924691448632,-0.5275473220101022
966,228,63dd77962bfc8ea6,Lung Opacity,on,0.1732233966346505,0.0,0.1478193860109463,0.2575619422369675,-0.014329718345978
967,303,d58d7cf71038f221,Lung Opacity,off,0.1389900053116578,0.0,0.2048799670817727,0.3394611031954306,1.1740298080211784
967,303,d58d7cf71038f221,Lung Opacity,on,0.1389900053116578,0.0,0.1870589025786507,0.3151623722793175,1.0631534939983065
968,341,35d739886f487191,Lung Opacity,off,0.1643933745595953,1.0,0.2625595654033376,0.4102517229566204,2.5991226522224777
968,341,35d739886f487191,Lung Opacity,on,0.1643933745595953,1.0,0.1329094508291059,0.2346312370597828,2.4703984545780964
969,408,2a3bfc4860febc31,Lung Opacity,off,0.1129969933092603,0.0,0.2703905164230713,0.4255312307995592,3.30104391541418
969,408,2a3bfc4860febc31,Lung Opacity,on,0.1129969933092603,0.0,0.1092323045020279,0.1969466952782571,3.054610583320228
970,463,b2bfd15dcfd7db56,Lung Opacity,off,0.1549883289719262,1.0,0.2887637384362924,0.4444262086883901,0.6828227077274691
970,463,b2bfd15dcfd7db56,Lung Opacity,on,0.1549883289719262,1.0,0.3713803959704387,0.5416112414217401,0.7237291678704029
971,484,64f6247382eddc70,Lung Opacity,off,0.1372941732575082,1.0,0.1695268871430864,0.2867412906762488,2.640211538720584
971,484,64f6247382eddc70,Lung Opacity,on,0.1372941732575082,1.0,0.1185294833824011,0.2119339146233436,2.739922750445911
972,513,182d40fcb761e39f,Lung Opacity,off,0.1472303846322529,1.0,0.3711558753910421,0.5292324883904751,3.4087365817470983
972,513,182d40fcb761e39f,Lung Opacity,on,0.1472303846322529,1.0,0.1257920365180941,0.2234693187368551,2.635539212555314
973,516,c252c9f0e3946a5b,Lung Opacity,off,0.1652559098285163,1.0,0.25298106481151,0.398463541139153,1.5936833312913696
973,516,c252c9f0e3946a5b,Lung Opacity,on,0.1652559098285163,1.0,0.49506259499381,0.6622633095488949,1.2293198167095127
974,524,d96d19a010e9b5ec,Lung Opacity,off,0.1802893635269408,0.0,0.3200152990416421,0.4846708883395761,1.1818960015015776
974,524,d96d19a010e9b5ec,Lung Opacity,on,0.1802893635269408,0.0,0.332803777450541,0.499403920305998,0.8957066079097137
975,525,a2e340bc6f6d2fe6,Lung Opacity,off,0.1435901934125696,0.0,0.0778722661897575,0.1444698034425004,-0.3027031158730839
975,525,a2e340bc6f6d2fe6,Lung Opacity,on,0.1435901934125696,0.0,0.069727231283604,0.130364408405957,-0.0095417618425172
976,527,0dadd1025949721e,Lung Opacity,off,0.1071444234901978,1.0,0.3486594132476145,0.5163971993154868,2.520095427524661
976,527,0dadd1025949721e,Lung Opacity,on,0.1071444234901978,1.0,0.2867538503922855,0.4456942193422367,3.3929262486182767
977,537,69854d4fd80a2c6a,Lung Opacity,off,0.1410854299762681,1.0,0.1728775191314535,0.2945441927386559,1.1287436112049998
977,537,69854d4fd80a2c6a,Lung Opacity,on,0.1410854299762681,1.0,0.1868268530682416,0.3148333867411792,0.9615308170186356
978,557,855d0b6a55e9d1b2,Lung Opacity,off,0.176186229648797,0.0,0.0018231343052589,0.0036133306749689,0.2271496819885113
978,557,855d0b6a55e9d1b2,Lung Opacity,on,0.176186229648797,0.0,0.1185472967750953,0.2119466660301618,0.0606023916999054
979,567,02a86431f9853461,Lung Opacity,off,0.1177872315541716,0.0,0.1812401033167587,0.306490032846167,1.7299091359203296
979,567,02a86431f9853461,Lung Opacity,on,0.1177872315541716,0.0,0.2040167477193069,0.3388931881188631,1.9640388980151176
980,571,dd8625df6eb2922e,Lung Opacity,off,0.1393262478741185,0.0,0.2649315823899815,0.4169713289674955,2.9231574201917585
980,571,dd8625df6eb2922e,Lung Opacity,on,0.1393262478741185,0.0,0.0962194053892692,0.1755457767099087,2.66985836819072
981,610,c16642274f26f0b5,Lung Opacity,off,0.164598043945441,0.0,0.1964514980031237,0.3276577545090225,1.3694744563740644
981,610,c16642274f26f0b5,Lung Opacity,on,0.164598043945441,0.0,0.2708468753395191,0.4262429526288972,1.187372077620332
982,613,b01d229a4ee33bdf,Lung Opacity,off,0.1532973699983918,1.0,0.2305193703120524,0.3663937475597784,1.5538126212127057
982,613,b01d229a4ee33bdf,Lung Opacity,on,0.1532973699983918,1.0,0.5371234630176535,0.6988588383793447,1.1299007574464834
983,647,b77f5518c6ea21c5,Lung Opacity,off,0.1363487956181259,0.0,0.1895988173029446,0.3176582884948099,2.26505767421807
983,647,b77f5518c6ea21c5,Lung Opacity,on,0.1363487956181259,0.0,0.1528888006272803,0.2652213646286342,2.801918264765778
984,650,709345d40ed87430,Lung Opacity,off,0.1050441257449722,1.0,0.5401239445375978,0.6973389250611954,2.472425929163325
984,650,709345d40ed87430,Lung Opacity,on,0.1050441257449722,1.0,0.5653404984649238,0.7223201262324915,3.465369059071988
985,667,10e6d128b671bab0,Lung Opacity,off,0.1685160007602005,0.0,0.1072946124412926,0.1911756717093279,0.7876363404763269
985,667,10e6d128b671bab0,Lung Opacity,on,0.1685160007602005,0.0,0.2207594028331124,0.3616702493582913,0.471145474427093
986,701,31a354fdbc7b6e02,Lung Opacity,off,0.2126563649742457,1.0,0.3253698827712868,0.4908196932372258,1.4081277837460768
986,701,31a354fdbc7b6e02,Lung Opacity,on,0.2126563649742457,1.0,0.324351990069461,0.4898271920653173,0.9291937603417662
987,704,77b2f5c6347ade66,Lung Opacity,off,0.1548567557953111,0.0,0.2694100037580362,0.4226116365117024,1.679492645260535
987,704,77b2f5c6347ade66,Lung Opacity,on,0.1548567557953111,0.0,0.2937351677899526,0.4540843584501635,1.6933365697463256
988,732,a70b2bd05171ee4d,Lung Opacity,off,0.1489067243639411,1.0,0.408591066817121,0.5796196726518568,0.977265931245652
988,732,a70b2bd05171ee4d,Lung Opacity,on,0.1489067243639411,1.0,0.429211558382163,0.6006262837855532,1.0749148433647964
989,738,58d11e3c99f8ae62,Lung Opacity,off,0.1353985448981282,0.0,0.0213328848011053,0.041335169418627,0.3108863480084033
989,738,58d11e3c99f8ae62,Lung Opacity,on,0.1353985448981282,0.0,0.0604514123696549,0.1140096207377677,0.1544327754893652
990,754,4cdac0e50b3d5fd9,Lung Opacity,off,0.1462703877510245,1.0,0.2977926214732022,0.4501879894921915,1.0098251070333684
990,754,4cdac0e50b3d5fd9,Lung Opacity,on,0.1462703877510245,1.0,0.441410847302245,0.6124702240748998,0.9842406449164292
991,776,76217cc90ae0671a,Lung Opacity,off,0.1217246806913926,0.0,0.0201576073912717,0.036714693524172,0.6896187851149537
991,776,76217cc90ae0671a,Lung Opacity,on,0.1217246806913926,0.0,0.0612468603494951,0.1153192149773861,0.231664163086416
992,798,0c5fba7cf760b0e4,Lung Opacity,off,0.1162327188378677,1.0,0.698544241406508,0.8208494092823557,3.4532222212701686
992,798,0c5fba7cf760b0e4,Lung Opacity,on,0.1162327188378677,1.0,0.3986356310751157,0.5700112441601679,3.659066975093159
993,801,a6fa296cf657deb0,Lung Opacity,off,0.1531121929350077,1.0,0.135105605471406,0.2379525719890385,2.08893723806757
993,801,a6fa296cf657deb0,Lung Opacity,on,0.1531121929350077,1.0,0.1079979415286171,0.1949411502661435,2.489424580527549
994,808,867eceaf4a60dbcf,Lung Opacity,off,0.2121982953964007,1.0,0.3592088727714487,0.5234550536413507,1.4741966160465996
994,808,867eceaf4a60dbcf,Lung Opacity,on,0.2121982953964007,1.0,0.4401496825298851,0.6112479155019592,0.8116692968826175
995,813,da64c724c1148a3a,Lung Opacity,off,0.0950396912416122,0.0,0.2262032095822767,0.3689350789548785,2.5720255292583274
995,813,da64c724c1148a3a,Lung Opacity,on,0.0950396912416122,0.0,0.1500136124631459,0.2608870518789895,3.4065890163380224
996,817,c68b1cd7fdf50a21,Lung Opacity,off,0.1523763577620864,0.0,0.0003564336282727,0.0007118673081172,-0.8818762843210834
996,817,c68b1cd7fdf50a21,Lung Opacity,on,0.1523763577620864,0.0,0.0,0.0,-0.4491548526795169
997,829,41e2dbdd46e05066,Lung Opacity,off,0.1210960532920096,0.0,0.0025260861452786,0.0049891570875795,-0.2131381674037285
997,829,41e2dbdd46e05066,Lung Opacity,on,0.1210960532920096,0.0,0.0315166257566325,0.061053176675578,-0.2054493306046383
998,838,baf23ac2df4ae881,Lung Opacity,off,0.1152727219566393,1.0,0.2668973179682615,0.4162636044330366,3.679383452580995
998,838,baf23ac2df4ae881,Lung Opacity,on,0.1152727219566393,1.0,0.1343528937192312,0.2368767663667187,3.0433461143997147
999,843,4bd52de750502d8a,Lung Opacity,off,0.1009068803025208,1.0,0.1511390900486451,0.2603523967023065,0.8861859979215095
999,843,4bd52de750502d8a,Lung Opacity,on,0.1009068803025208,1.0,0.4109249757842555,0.5824844826433423,0.8562514772338193
1000,865,f5e97290ecc2f7f1,Lung Opacity,off,0.1354521487848973,1.0,0.243299832101122,0.3897657722858689,1.97819058275382
1000,865,f5e97290ecc2f7f1,Lung Opacity,on,0.1354521487848973,1.0,0.1742398179094163,0.2967668094078736,2.225493416644083
1001,870,0c97e3818d27ed1a,Lung Opacity,off,0.1141908980600266,1.0,0.5204986406704716,0.6844944432753541,2.7321962659633723
1001,870,0c97e3818d27ed1a,Lung Opacity,on,0.1141908980600266,1.0,0.3852627212932669,0.5562230588349174,3.5552010145644743
1002,881,cc807973eae70749,Lung Opacity,off,0.1086745708034248,1.0,0.4576317889299536,0.6256321346178411,4.007074649552677
1002,881,cc807973eae70749,Lung Opacity,on,0.1086745708034248,1.0,0.1684424722980948,0.2883153004994197,3.2044104009383703
1003,882,ec62b90d012a7f36,Lung Opacity,off,0.0992305405708326,1.0,0.321786256095415,0.4867107806556721,2.270222724187614
1003,882,ec62b90d012a7f36,Lung Opacity,on,0.0992305405708326,1.0,0.2451215192852933,0.3937266330768597,3.304604518326067
1004,894,3353c04b904316c9,Lung Opacity,off,0.1493258092968632,0.0,0.1229716188936883,0.218979697478986,1.5208693361773735
1004,894,3353c04b904316c9,Lung Opacity,on,0.1493258092968632,0.0,0.124188824321336,0.220939339359077,1.4923477678616228
1005,914,f780b938a0599c9d,Lung Opacity,off,0.1423719232587264,0.0,0.1108177274361548,0.1978478977118745,1.8771049169353933
1005,914,f780b938a0599c9d,Lung Opacity,on,0.1423719232587264,0.0,0.1035839051731678,0.1877167684016996,2.675527902065957
1006,989,ad9ff444d7023459,Lung Opacity,off,0.1539454897202364,1.0,0.3269642896709338,0.4915482494401533,1.5003666606323989
1006,989,ad9ff444d7023459,Lung Opacity,on,0.1539454897202364,1.0,0.3259051550781346,0.4915904235094343,1.345034008896103
1007,1010,da98b885287c0f5e,Lung Opacity,off,0.160714198694989,1.0,0.2040416157121387,0.3377012255082739,0.8927942860224545
1007,1010,da98b885287c0f5e,Lung Opacity,on,0.160714198694989,1.0,0.3082135732364096,0.4711952096029542,0.6077175088429712
1008,1018,163cee564a6cfc12,Lung Opacity,off,0.1370164076624319,0.0,0.0077577360673738,0.0151688417287595,1.443730637400305
1008,1018,163cee564a6cfc12,Lung Opacity,on,0.1370164076624319,0.0,0.0551887335104046,0.1046044754820131,1.5373802628336282
1009,1023,561ab0f3de7db10c,Lung Opacity,off,0.1649586519109785,0.0,0.0961491489448297,0.175384181233791,0.1965688879034088
1009,1023,561ab0f3de7db10c,Lung Opacity,on,0.1649586519109785,0.0,0.1012997395943676,0.1839639258746087,0.3368503063362062
1010,1032,3648bbc08abfe9fb,Lung Opacity,off,0.1346822020476684,1.0,0.5734800567949968,0.7244526291605913,3.7856910227646177
1010,1032,3648bbc08abfe9fb,Lung Opacity,on,0.1346822020476684,1.0,0.2654282149335221,0.4194999882427569,3.016839729644667
1011,1059,4e6b02da4dcc915f,Lung Opacity,off,0.1468454112636385,0.0,0.1436179380623634,0.2486938809606504,1.9662175887073945
1011,1059,4e6b02da4dcc915f,Lung Opacity,on,0.1468454112636385,0.0,0.1425022629239137,0.2494522265732965,2.623859721567738
1012,1071,d2d1c6634af7be5d,Lung Opacity,off,0.1180162663430941,1.0,0.3659453973640022,0.5316605794340354,1.487705478130244
1012,1071,d2d1c6634af7be5d,Lung Opacity,on,0.1180162663430941,1.0,0.4865886959805813,0.6546278453204419,1.3589246902950654
1013,1087,b2249a0431083ac3,Lung Opacity,off,0.1682089966814321,0.0,0.0886400827993245,0.160297890531077,0.8346761969223234
1013,1087,b2249a0431083ac3,Lung Opacity,on,0.1682089966814321,0.0,0.2344106181354987,0.3797770237301702,0.4612167152793183
1014,1099,7bc2cc696d4337d2,Lung Opacity,off,0.1807620523466319,0.0,0.1538856218793623,0.2664300741729112,1.8081090011586216
1014,1099,7bc2cc696d4337d2,Lung Opacity,on,0.1807620523466319,0.0,0.1333871295128922,0.2353730467239525,2.2434778324540807
1015,1117,e1d459756f1b3518,Lung Opacity,off,0.1226554390889288,1.0,0.5569437854037058,0.7151968606114333,2.9749942194361614
1015,1117,e1d459756f1b3518,Lung Opacity,on,0.1226554390889288,1.0,0.3790438599556389,0.5497061434806503,3.473302036357764
1016,1132,a7f9e47fecee141b,Lung Opacity,off,0.1056191492575861,1.0,0.4104919910617842,0.5795180247987018,1.210664812174835
1016,1132,a7f9e47fecee141b,Lung Opacity,on,0.1056191492575861,1.0,0.4582098175818466,0.6284544801226369,1.119497696851022
1017,953,e85aa1af55a864a7,Consolidation,off,0.1546764518125423,0.0,0.1576482094291336,0.271857122344192,0.9637421488559892
1017,953,e85aa1af55a864a7,Consolidation,on,0.1546764518125423,0.0,0.1890174596835512,0.317938751830437,0.7993145986182877
1018,490,59455916e32ce344,Lung Opacity,off,0.0529557670472542,0.0,0.0139800995633673,0.027566033074971,0.018492029806305
1018,490,59455916e32ce344,Lung Opacity,on,0.0529557670472542,0.0,0.0,0.0,-0.2861992294411309
1019,680,af3ebc6f5b2639d8,Consolidation,off,0.1041279865892821,0.0,0.053579642588596,0.1012930766436117,0.5484330562830608
1019,680,af3ebc6f5b2639d8,Consolidation,on,0.1041279865892821,0.0,0.1173343988109879,0.2100255719380227,0.2547543574315213
1020,892,9b7143602c54f938,Consolidation,off,0.1607288179368351,0.0,0.2913104885475369,0.4482642107640638,1.4792422137840695
1020,892,9b7143602c54f938,Consolidation,on,0.1607288179368351,0.0,0.3614857066789322,0.5310132757198389,1.246757972239718
1021,1114,5287b5a18fe396fa,Consolidation,off,0.1627998771983685,0.0,0.1662866311230451,0.2835563188960872,0.8010453339971118
1021,1114,5287b5a18fe396fa,Consolidation,on,0.1627998771983685,0.0,0.2225183883692875,0.364032240722601,0.6080936594645301
1022,458,8210c0794bf934d5,Consolidation,off,0.1697683824783513,1.0,0.144557922828779,0.2504896579638225,0.6706206829553548
1022,458,8210c0794bf934d5,Consolidation,on,0.1697683824783513,1.0,0.0978773119136948,0.1783001684864253,0.8230265836521816
1023,867,4ee7651e8cc5fac7,Lung Opacity,off,0.1678922464414328,0.0,0.0046508806941487,0.0092245934263863,0.3226835965164518
1023,867,4ee7651e8cc5fac7,Lung Opacity,on,0.1678922464414328,0.0,0.0157319521570061,0.0309764275774597,-0.0963302720286557
1024,27,0963775551c15d7a,Consolidation,off,0.1108918224834193,1.0,0.2868626919566847,0.4457542709776151,1.6411022914409328
1024,27,0963775551c15d7a,Consolidation,on,0.1108918224834193,1.0,0.2403420418849894,0.3875411877877459,1.5509114805636175
1025,443,47bc38c2af99e042,Lung Opacity,off,0.1615231300771408,0.0,0.1632707488000537,0.279920226975417,2.096303505904329
1025,443,47bc38c2af99e042,Lung Opacity,on,0.1615231300771408,0.0,0.1275349093912087,0.2262157402189626,2.343219301271437
1026,1067,e84b241dfd2370bb,Consolidation,off,0.1776189153497166,1.0,0.4913058072478773,0.658489053463897,1.637719053475682
1026,1067,e84b241dfd2370bb,Consolidation,on,0.1776189153497166,1.0,0.4477281522537603,0.6185187143011859,1.507797581118103
1027,572,2a154d96440d534f,Lung Opacity,off,0.1386293973461203,0.0,0.1346567815688081,0.2357039293450943,0.8666081202530761
1027,572,2a154d96440d534f,Lung Opacity,on,0.1386293973461203,0.0,0.2557282829455085,0.4072969568406235,0.6384620860083966
1028,1143,10c2f530cb8f51fd,Consolidation,off,0.1832911811860103,1.0,0.4093283032534238,0.5785282454027996,1.748100526850459
1028,1143,10c2f530cb8f51fd,Consolidation,on,0.1832911811860103,1.0,0.5060779802689227,0.6720464111120971,1.3721336337970218
1029,379,5a7d7262a11a2c20,Consolidation,off,0.0838803366324089,0.0,0.0007636842978311,0.0015234090585093,-1.4699494256704402
1029,379,5a7d7262a11a2c20,Consolidation,on,0.0838803366324089,0.0,0.0,0.0,-0.3294517574199372
1030,709,2de53fac8a1b349f,Consolidation,off,0.1325867773830582,1.0,0.2778981900318256,0.4336504243357761,1.728994485164419
1030,709,2de53fac8a1b349f,Consolidation,on,0.1325867773830582,1.0,0.4861999832083711,0.6542816945356373,2.090802605892093
1031,547,3b2b31b61fa0372a,Lung Opacity,off,0.1642861667860571,1.0,0.3439973290139154,0.5054853943787277,1.7736575138267632
1031,547,3b2b31b61fa0372a,Lung Opacity,on,0.1642861667860571,1.0,0.5791018208089879,0.7334555018480178,1.401238275092069
1032,786,05002b2b0885808c,Lung Opacity,off,0.1469623651984074,1.0,0.2170486615000297,0.3546854950945854,1.1193565897778293
1032,786,05002b2b0885808c,Lung Opacity,on,0.1469623651984074,1.0,0.3729912958088389,0.5433238810010831,0.8130400049580884
1033,759,99e540e33016898d,Consolidation,off,0.1679166118445097,0.0,0.0,0.0,0.6552167587325942
1033,759,99e540e33016898d,Consolidation,on,0.1679166118445097,0.0,0.0370615249758278,0.071473276700998,0.472550181964409
1034,589,ec7f48cbd6ef8211,Lung Opacity,off,0.1177190084255563,0.0,0.1162865574777591,0.2077164763325523,1.6660791711180083
1034,589,ec7f48cbd6ef8211,Lung Opacity,on,0.1177190084255563,0.0,0.120208097741594,0.2146168089616515,1.721999524596618
1035,1129,6febfbb83df0148b,Lung Opacity,off,0.1455150602556418,1.0,0.2569043244131248,0.4087237297514686,2.1833407799970006
1035,1129,6febfbb83df0148b,Lung Opacity,on,0.1455150602556418,1.0,0.1851605637980413,0.312461593179406,2.387383297335288
1036,806,3f86260cf64dcb05,Lung Opacity,off,0.181064183344785,0.0,0.1060114754921906,0.191189843423701,0.4313633756899577
1036,806,3f86260cf64dcb05,Lung Opacity,on,0.181064183344785,0.0,0.1281437397343259,0.2271762619656459,0.3552465829732328
1037,44,1468a545136dd5ba,Consolidation,off,0.1117494846717249,1.0,0.3132210041512653,0.4769151007833706,1.5356997024223005
1037,44,1468a545136dd5ba,Consolidation,on,0.1117494846717249,1.0,0.2903540206173869,0.4500324442764263,1.7827407971205933
1038,485,be773e0028215e81,Consolidation,off,0.1138205439332582,1.0,0.3194832451774473,0.4808243795487309,1.1182727609192398
1038,485,be773e0028215e81,Consolidation,on,0.1138205439332582,1.0,0.4110025606988226,0.5825640758361944,1.0581440060389888
1039,949,9728ddeca70a3995,Lung Opacity,off,0.1643933745595953,1.0,0.3416243263488812,0.5027304469318811,1.9957913733218
1039,949,9728ddeca70a3995,Lung Opacity,on,0.1643933745595953,1.0,0.5245934051762708,0.6881746608935158,1.959650242884204
1040,690,1ebc12624450b252,Lung Opacity,off,0.1746414630937239,0.0,0.0848443078270314,0.1563455609108088,1.4114384365817485
1040,690,1ebc12624450b252,Lung Opacity,on,0.1746414630937239,0.0,0.0771144168147407,0.1431864976461636,1.1296833493501828
1041,662,4cc1fcdeed43b68a,Consolidation,off,0.1636526663060587,1.0,0.315216152153331,0.4747822659372002,1.3323768285568156
1041,662,4cc1fcdeed43b68a,Consolidation,on,0.1636526663060587,1.0,0.4413986117741581,0.6124573032687989,1.0127030155071
1042,773,d18833095a890c5d,Consolidation,off,0.1092934520415771,0.0,0.1946343816000368,0.323600887092348,0.9852943404924096
1042,773,d18833095a890c5d,Consolidation,on,0.1092934520415771,0.0,0.2909706474030796,0.4507780892859111,0.815986066002339
1043,868,bb593e75db4ae1f1,Lung Opacity,off,0.1454614563688727,1.0,0.2935442568885311,0.4534566433287991,2.209543763319421
1043,868,bb593e75db4ae1f1,Lung Opacity,on,0.1454614563688727,1.0,0.2430643579992299,0.3910670238650616,2.5632621145575274
1044,703,42af86817a1fc686,Lung Opacity,off,0.1303061756550638,0.0,0.1992570334415864,0.3305576869039624,1.4464184430223497
1044,703,42af86817a1fc686,Lung Opacity,on,0.1303061756550638,0.0,0.3369523703350739,0.5040587221867666,1.2202235456216963
1045,890,2e8a1d279ded7080,Consolidation,off,0.111764103913571,1.0,0.5294873241901554,0.6891889810182024,2.7477408146546822
1045,890,2e8a1d279ded7080,Consolidation,on,0.111764103913571,1.0,0.51182176116683,0.6770840408725111,3.790999668936815
1046,259,f635afc2d61f85db,Lung Opacity,off,0.1270558308846103,1.0,0.4107918067638875,0.5822181026688377,2.4648788350342103
1046,259,f635afc2d61f85db,Lung Opacity,on,0.1270558308846103,1.0,0.3164440636796399,0.4807505904040264,2.848519724371344
1047,637,529ec12b23c96a2e,Lung Opacity,off,0.16811640814974,0.0,0.0880665094766896,0.1606041225114894,0.8621109369564335
1047,637,529ec12b23c96a2e,Lung Opacity,on,0.16811640814974,0.0,0.1775550123778843,0.3015646068318423,0.5367113064221842
1048,926,0fec6a529bcfd2f9,Lung Opacity,off,0.1437510050728769,0.0,0.1767376949906979,0.300260354616112,2.381436616207084
1048,926,0fec6a529bcfd2f9,Lung Opacity,on,0.1437510050728769,0.0,0.0776435885097408,0.1440895409150207,2.6765195409321567
1049,554,d11f8f5efb8b1d40,Consolidation,off,0.1276454736390704,1.0,0.2110097166023876,0.3473332962168911,0.8924175184088787
1049,554,d11f8f5efb8b1d40,Consolidation,on,0.1276454736390704,1.0,0.3112491775698306,0.4747354997640573,0.7002909759665057
1050,323,4c1c2fa84ef6dde3,Lung Opacity,off,0.1812737258112461,0.0,0.2292792334185439,0.3683672595116184,1.4277903964791308
1050,323,4c1c2fa84ef6dde3,Lung Opacity,on,0.1812737258112461,0.0,0.2724973992133188,0.4282854811187024,1.230668074835318
1051,624,840a379583bc3556,Consolidation,off,0.1043326559751278,1.0,0.2520156246958266,0.4016744313813357,3.0572108218416107
1051,624,840a379583bc3556,Consolidation,on,0.1043326559751278,1.0,0.1133359175500932,0.2035950969292822,3.1669420032435704
1052,1115,3b7a9cf6b7b5b5ce,Lung Opacity,off,0.1264515688883041,0.0,0.0,0.0,-0.2742716505759874
1052,1115,3b7a9cf6b7b5b5ce,Lung Opacity,on,0.1264515688883041,0.0,0.0,0.0,-0.3919676194733387
1053,794,f351439061d5ad61,Lung Opacity,off,0.1022372313105175,0.0,0.1949516644600517,0.32622628288902,2.321542443716841
1053,794,f351439061d5ad61,Lung Opacity,on,0.1022372313105175,0.0,0.1281230417865711,0.2271418819514257,3.2074372189088485
1054,772,f4985731f315e372,Lung Opacity,off,0.177716376962024,1.0,0.247001874327119,0.387808282682932,2.945553216505626
1054,772,f4985731f315e372,Lung Opacity,on,0.177716376962024,1.0,0.1117857217272402,0.2010892885853095,2.340154389759138
1055,1003,5e887ff332cd84e0,Consolidation,off,0.1053608759849714,1.0,0.3309449363546669,0.4963585682055097,1.782193074487172
1055,1003,5e887ff332cd84e0,Consolidation,on,0.1053608759849714,1.0,0.4267675742479274,0.5982297464225466,2.078629972986302
1056,562,dc0a4d5aa64453b1,Lung Opacity,off,0.1657773294543611,0.0,0.01145581689015,0.0222731329669238,1.4614904566590343
1056,562,dc0a4d5aa64453b1,Lung Opacity,on,0.1657773294543611,0.0,0.0245249857907303,0.0478753297167681,2.355732778889937
1057,1153,54499e14c7ac5da4,Lung Opacity,off,0.1044544829905121,1.0,0.2789776935179278,0.4356116016744263,1.050803006177656
1057,1153,54499e14c7ac5da4,Lung Opacity,on,0.1044544829905121,1.0,0.2570293471784458,0.4089432588293613,0.8104055313352111
1058,872,f7153e69885c5835,Lung Opacity,off,0.1743490782568016,0.0,0.0729137505557931,0.1347184209987798,0.7015833071240242
1058,872,f7153e69885c5835,Lung Opacity,on,0.1743490782568016,0.0,0.0957871706265578,0.1748280561455847,0.4471983485959293
1059,947,e82691ac1caaca89,Lung Opacity,off,0.10560453001574,1.0,0.2020953138548304,0.3336085846983006,0.796875579213514
1059,947,e82691ac1caaca89,Lung Opacity,on,0.10560453001574,1.0,0.377540033478802,0.5481362165501213,0.7851815823367122
1060,623,6fc49d603a768803,Consolidation,off,0.117845708521556,1.0,0.3276344441401232,0.493216368133745,1.8847253323711828
1060,623,6fc49d603a768803,Consolidation,on,0.117845708521556,1.0,0.3171261267343266,0.4815399690717095,1.981525427940944
1061,687,a08261c925ff8d87,Consolidation,off,0.1450326252747199,0.0,0.1368158124667694,0.2375988391294251,1.8423273570590148
1061,687,a08261c925ff8d87,Consolidation,on,0.1450326252747199,0.0,0.1830272241832443,0.3094052698974188,2.4010900050971755
1062,849,e657132d289a3d51,Lung Opacity,off,0.2010194484647359,0.0,0.0172341096503983,0.0336371133313411,0.933795531857276
1062,849,e657132d289a3d51,Lung Opacity,on,0.2010194484647359,0.0,0.0264877527466397,0.0516080610559483,0.4890034188859813
1063,495,15f6bb902a2c959a,Consolidation,off,0.1582045621780721,0.0,0.0147725877580755,0.0280350835678854,0.9375915172477768
1063,495,15f6bb902a2c959a,Consolidation,on,0.1582045621780721,0.0,0.133636685965926,0.235764244300484,0.6662513589568659
1064,1108,1ae4a6386bc83344,Lung Opacity,off,0.1650268750395938,1.0,0.3616580815306605,0.5305284074000642,2.200785777060594
1064,1108,1ae4a6386bc83344,Lung Opacity,on,0.1650268750395938,1.0,0.2957514080266383,0.4564924452317861,2.253764176819416
1065,835,63a0f8e87901b112,Lung Opacity,off,0.1005316530951371,1.0,0.5924402126221539,0.7419489800867585,2.542010856591159
1065,835,63a0f8e87901b112,Lung Opacity,on,0.1005316530951371,1.0,0.4850316439551325,0.6532222988216307,3.0863012739576656
1066,1120,770bcfbe59f7a3db,Pleural Effusion,off,0.1994551895872013,0.0,0.2096749563405322,0.3456299777539994,1.1858732404068095
1066,1120,770bcfbe59f7a3db,Pleural Effusion,on,0.1994551895872013,0.0,0.2432970994582847,0.3913740147312983,0.8103965066697527
1067,682,9e9dc881dce1f80f,Pleural Effusion,off,0.1443260285854909,1.0,0.3311255341809767,0.4972111884996918,1.4666067710829898
1067,682,9e9dc881dce1f80f,Pleural Effusion,on,0.1443260285854909,1.0,0.3489190409141511,0.5173309813479111,1.1827669335363051
1068,501,afef2a64487ccc52,Pleural Effusion,off,0.1474496732599447,0.0,0.2523416090855584,0.4027204877427948,1.7048166513024632
1068,501,afef2a64487ccc52,Pleural Effusion,on,0.1474496732599447,0.0,0.2026065649672375,0.3369443698203609,1.4800631035261826
1069,978,d4a24d57809210d6,Pleural Effusion,off,0.1455930295454877,1.0,0.3967987178176149,0.5676121369721108,2.308416729473828
1069,978,d4a24d57809210d6,Pleural Effusion,on,0.1455930295454877,1.0,0.3147184560227332,0.4787570329691274,2.429990512470348
1070,902,ce6cc922e4733aa7,Pleural Effusion,off,0.1279427315566081,1.0,0.2836556349594611,0.4414781987699404,1.2899230567182418
1070,902,ce6cc922e4733aa7,Pleural Effusion,on,0.1279427315566081,1.0,0.3208336888263901,0.4858047573085848,1.0930123246972292
1071,552,c8e12d7b589b5f7a,Pleural Effusion,off,0.1392239131811957,0.0,0.1496859727187651,0.2600332740171865,1.102335061560424
1071,552,c8e12d7b589b5f7a,Pleural Effusion,on,0.1392239131811957,0.0,0.1755325058701198,0.2986431508561723,0.9079204873245114
1072,987,32858eb95ff67333,Pleural Effusion,off,0.1397648251295021,0.0,0.2123545729589002,0.3498021266495111,2.115911669031896
1072,987,32858eb95ff67333,Pleural Effusion,on,0.1397648251295021,0.0,0.1665886759396614,0.2855694995425224,2.8271570787535625
1073,1038,5e8fe2fa834e1c32,Pleural Effusion,off,0.1443211555048755,0.0,0.2065027236121713,0.3421403375248793,2.0703277405318152
1073,1038,5e8fe2fa834e1c32,Pleural Effusion,on,0.1443211555048755,0.0,0.1690153546956821,0.2891557848342247,2.469550117303831
1074,555,f7c5f09b2030a7d8,Pleural Effusion,off,0.2005272673225833,1.0,0.2099415637446073,0.3416133927050725,0.8704839273708199
1074,555,f7c5f09b2030a7d8,Pleural Effusion,on,0.2005272673225833,1.0,0.3292462259484413,0.4953850110152538,0.5393562590010729
1075,446,fe58ac10abaf8090,Pleural Effusion,off,0.2010145753841205,1.0,0.1730909494948377,0.2950389789856642,1.4556246749638344
1075,446,fe58ac10abaf8090,Pleural Effusion,on,0.2010145753841205,1.0,0.1728717757380952,0.2947836393984759,1.1950256611006445
1076,912,8aaec40bc7225327,Pleural Effusion,off,0.1668688995122046,0.0,0.1529993991524005,0.2641569852132389,0.7992373497428831
1076,912,8aaec40bc7225327,Pleural Effusion,on,0.1668688995122046,0.0,0.2333545947762759,0.378403895934153,0.5182876516264657
1077,686,d8cae75ce335777c,Pleural Effusion,off,0.0875595124970152,1.0,0.2798370887350344,0.4358819371467997,0.8830024618244998
1077,686,d8cae75ce335777c,Pleural Effusion,on,0.0875595124970152,1.0,0.3282512842233192,0.4942576734289085,0.8236622597306514
1078,825,58646d9099d568d0,Pleural Effusion,off,0.1231524933116968,0.0,0.3075584768238853,0.4693641718923342,1.7805143205919165
1078,825,58646d9099d568d0,Pleural Effusion,on,0.1231524933116968,0.0,0.3745631423940954,0.544991104337527,1.788732429735614
1079,502,e067b5a011b6f780,Pleural Effusion,off,0.0986262785745264,1.0,0.3434800741234879,0.509227693381119,2.410353547798682
1079,502,e067b5a011b6f780,Pleural Effusion,on,0.0986262785745264,1.0,0.3095928824759282,0.4727984592194277,3.4868333817887094
1080,932,9e90087f741b0a4b,Pleural Effusion,off,0.1470841922137918,1.0,0.2423842401088609,0.3892073535307894,1.605406547347506
1080,932,9e90087f741b0a4b,Pleural Effusion,on,0.1470841922137918,1.0,0.2709301449343385,0.4263481412669597,1.5465954841716194
1081,1060,81bfaed24e14a36d,Pleural Effusion,off,0.1194830636083212,1.0,0.3504995417684993,0.5188587446918814,2.0158262866233265
1081,1060,81bfaed24e14a36d,Pleural Effusion,on,0.1194830636083212,1.0,0.2477674654344454,0.3971356652698593,1.983411396665516
1082,818,c9073232c6d4b940,Pleural Effusion,off,0.1587600933682245,0.0,0.087106483427494,0.1600480487964856,0.6602482418642616
1082,818,c9073232c6d4b940,Pleural Effusion,on,0.1587600933682245,0.0,0.1158420583410245,0.207631238110562,0.3978741232401737
1083,941,ac76e72ff49a04d1,Pleural Effusion,off,0.1486923088168647,0.0,0.4283373599393755,0.5988676010535187,2.305002125775994
1083,941,ac76e72ff49a04d1,Pleural Effusion,on,0.1486923088168647,0.0,0.3763132597361056,0.5468350224941478,2.564888940800848
1084,1128,43610d4623a4466c,Pleural Effusion,off,0.1074124429240433,0.0,0.4779235212673033,0.6455017887576803,3.8072424724851377
1084,1128,43610d4623a4466c,Pleural Effusion,on,0.1074124429240433,0.0,0.209607345035881,0.346567159191175,3.296070686371288
1085,450,84aca73e6943a78c,Pleural Effusion,off,0.1857277214936966,0.0,0.1235899111117371,0.2185409984994856,0.7398019120108394
1085,450,84aca73e6943a78c,Pleural Effusion,on,0.1857277214936966,0.0,0.1758867677175048,0.2991540775333389,0.4545406776695163
1086,815,feaa3ea4b1fbccfb,Pleural Effusion,off,0.1241027440316945,1.0,0.163593366986127,0.2805921220831103,0.9014079452031678
1086,815,feaa3ea4b1fbccfb,Pleural Effusion,on,0.1241027440316945,1.0,0.2237227729428474,0.3656428027871918,0.565440403890725
1087,836,23122b420d5fe60e,Pleural Effusion,off,0.1553879215823867,0.0,0.1380612725453961,0.2421177635199552,0.7702378199472104
1087,836,23122b420d5fe60e,Pleural Effusion,on,0.1553879215823867,0.0,0.156600697032633,0.2707947200732682,0.4937751250665592
1088,730,d67867fe0018946f,Pleural Effusion,off,0.1325672850605967,0.0,0.2096043114173681,0.3453130110360812,1.4317070824995952
1088,730,d67867fe0018946f,Pleural Effusion,on,0.1325672850605967,0.0,0.2672509495350845,0.4217801190665243,1.2604260768429332
1089,908,df4705a92b5db9bf,Pleural Effusion,off,0.1659966180820529,1.0,0.1655160531106001,0.2839592336384738,1.1466995255893238
1089,908,df4705a92b5db9bf,Pleural Effusion,on,0.1659966180820529,1.0,0.1747629276196267,0.2975274248107697,0.7588399769560308
1090,784,c10bc1f45238c893,Pleural Effusion,off,0.1547739134248497,1.0,0.3801772399651892,0.5469777056893745,2.0489222051813933
1090,784,c10bc1f45238c893,Pleural Effusion,on,0.1547739134248497,1.0,0.3962398551185285,0.5675765171016904,2.0943536080497225
1091,997,67a2a858716143a1,Pleural Effusion,off,0.1346480904833608,1.0,0.4313257630661599,0.6008181894935903,2.213275087969534
1091,997,67a2a858716143a1,Pleural Effusion,on,0.1346480904833608,1.0,0.3602278089008766,0.5296204931533572,2.469323859388963
1092,482,eb24fa44f568ccfa,Pleural Effusion,off,0.1386050319430434,1.0,0.1939688085313037,0.3243640243164267,0.8264585218309579
1092,482,eb24fa44f568ccfa,Pleural Effusion,on,0.1386050319430434,1.0,0.2183054293885345,0.3583754128068085,0.6370836172687521
1093,757,10ca37bd9be150be,Pleural Effusion,off,0.1587990780131475,0.0,0.1114578730223661,0.1994899090598701,0.5346572172121776
1093,757,10ca37bd9be150be,Pleural Effusion,on,0.1587990780131475,0.0,0.1878037110373301,0.3162184806129021,0.3459172977179852
1094,707,e3a24951af784f22,Pleural Effusion,off,0.1680286926986633,0.0,0.0703587751956729,0.1313222381592729,0.3277299063614981
1094,707,e3a24951af784f22,Pleural Effusion,on,0.1680286926986633,0.0,0.0873544154807863,0.1606729574133628,0.151459918296948
1095,566,47b9c4202e77cc1c,Pleural Effusion,off,0.1221242733018532,0.0,0.182138275834802,0.3078480957800736,1.8174499891328972
1095,566,47b9c4202e77cc1c,Pleural Effusion,on,0.1221242733018532,0.0,0.1967776227044673,0.3288444272323713,2.194586426648097
1096,994,a018d2ec2056ba13,Pleural Effusion,off,0.1848262015798527,1.0,0.2423606625715248,0.3884405183042182,0.7231345310692076
1096,994,a018d2ec2056ba13,Pleural Effusion,on,0.1848262015798527,1.0,0.2848461331187849,0.4433926350999503,0.538642330545753
1097,578,8250971e15436201,Pleural Effusion,off,0.1189811363049379,1.0,0.2526140198722112,0.4014389868847443,1.2204048774887994
1097,578,8250971e15436201,Pleural Effusion,on,0.1189811363049379,1.0,0.400305502259027,0.5717396462247512,0.9956373888266796
1098,104,ec0760fc67ee339f,Pleural Effusion,off,0.1362026031996647,0.0,0.2663982809360039,0.4184490679903332,1.3086447663431788
1098,104,ec0760fc67ee339f,Pleural Effusion,on,0.1362026031996647,0.0,0.3372856223451468,0.504433003801138,1.0125201562407773
1099,821,31454ced59f57f9b,Pleural Effusion,off,0.2086653119502556,1.0,0.186380096501157,0.3141598601355668,1.0395553111350586
1099,821,31454ced59f57f9b,Pleural Effusion,on,0.2086653119502556,1.0,0.1913714243431361,0.3212623829412604,0.8191999875193184
1100,1026,afd85468199ad4ac,Pleural Effusion,off,0.1192881403837063,1.0,0.4555487787698203,0.6258205191327721,2.1706127450013257
1100,1026,afd85468199ad4ac,Pleural Effusion,on,0.1192881403837063,1.0,0.3537894136033186,0.5226630234119507,2.1408420115662925
1101,877,3cf6f3a36e63c3d7,Pleural Effusion,off,0.1203553450384729,1.0,0.3209404085024891,0.4853838881189937,1.6562342706643784
1101,877,3cf6f3a36e63c3d7,Pleural Effusion,on,0.1203553450384729,1.0,0.3360795033270031,0.5030822350135368,1.5488915389960969
1102,802,f642a9532e776fba,Pleural Effusion,off,0.1634821084845206,1.0,0.221263242025015,0.3608339032678763,0.8818416524367574
1102,802,f642a9532e776fba,Pleural Effusion,on,0.1634821084845206,1.0,0.3191090583550159,0.4838250609958604,0.6675995313154758
1103,573,10fee9feaffc9d67,Pleural Effusion,off,0.1794560667417121,0.0,0.0233012360392705,0.0449566933106504,0.5818237976076809
1103,573,10fee9feaffc9d67,Pleural Effusion,on,0.1794560667417121,0.0,0.0660895537452324,0.1239843054753589,0.227489845033969
1104,1064,1b4b246fc1934132,Pleural Effusion,off,0.1066912269929681,0.0,0.2081072997513831,0.3426053207313145,1.2199024183690372
1104,1064,1b4b246fc1934132,Pleural Effusion,on,0.1066912269929681,0.0,0.3471433309990249,0.5153769468665491,1.1411002320657446
1105,917,8544f40e972ffb8b,Pleural Effusion,off,0.1498910866482464,0.0,0.0171545761455436,0.0332722915670697,-0.0740195554971071
1105,917,8544f40e972ffb8b,Pleural Effusion,on,0.1498910866482464,0.0,0.071786186583628,0.1339554001580536,-0.0719773080542915
1106,1110,cbfeb2200c7693e3,Pleural Effusion,off,0.153195035305469,0.0,0.0472810610248452,0.0900610578983774,0.0522967998134818
1106,1110,cbfeb2200c7693e3,Pleural Effusion,on,0.153195035305469,0.0,0.063639919047718,0.1196643971982331,0.0745996953516747
1107,611,90ba30781590a8c3,Pleural Effusion,off,0.1084016782889639,1.0,0.3170878843331115,0.480513478656032,2.0496050510562025
1107,611,90ba30781590a8c3,Pleural Effusion,on,0.1084016782889639,1.0,0.3664220648197283,0.5363181168294966,2.916480756506381
1108,349,6b56d0dbc96e87a3,Pleural Effusion,off,0.1683893006642008,0.0,0.0750695801215228,0.1395051910324112,0.5941000860909903
1108,349,6b56d0dbc96e87a3,Pleural Effusion,on,0.1683893006642008,0.0,0.0860317374231474,0.1584331840200745,0.1421711065724689
1109,896,71c224d9e56d6796,Pleural Effusion,off,0.1644518515269798,0.0,0.2118540885272299,0.3484210697908736,1.10968156754994
1109,896,71c224d9e56d6796,Pleural Effusion,on,0.1644518515269798,0.0,0.2776149809874264,0.4345826005522655,0.8115226333076366
1110,973,87f24fde5f11ea3e,Pleural Effusion,off,0.1168954578015584,1.0,0.268168082028519,0.4206258664801131,1.789163410112902
1110,973,87f24fde5f11ea3e,Pleural Effusion,on,0.1168954578015584,1.0,0.3994795707842763,0.5708971342427771,1.990063469416541
1111,1130,c447627e22128f05,Pleural Effusion,off,0.1890219239896885,1.0,0.1466633063320119,0.2557879915749524,0.5121550778626368
1111,1130,c447627e22128f05,Pleural Effusion,on,0.1890219239896885,1.0,0.1431342056180587,0.2504240899145608,0.3661394683825664
1112,519,cb23f15188ae0ac0,Pleural Effusion,off,0.1042790520883586,1.0,0.235168389168343,0.3787462509958885,1.34420803402707
1112,519,cb23f15188ae0ac0,Pleural Effusion,on,0.1042790520883586,1.0,0.3270797010558339,0.4929309394272395,1.3005490222161828
1113,500,962c6a113118443b,Pleural Effusion,off,0.1413144647651906,1.0,0.3600194653386763,0.5289247852539488,1.4944533945869385
1113,500,962c6a113118443b,Pleural Effusion,on,0.1413144647651906,1.0,0.24863733249608,0.3982410451683693,1.3217458654312144
1114,529,4881147b3065f434,Pleural Effusion,off,0.139594267307964,0.0,0.0,0.0,-0.9675399552572896
1114,529,4881147b3065f434,Pleural Effusion,on,0.139594267307964,0.0,0.0,0.0,-0.4624905842735531
1115,545,f2c7ecc55cd16fef,Pleural Effusion,off,0.1277039506064548,0.0,0.0002672945968306,0.0005338756832337,-0.1022957247382654
1115,545,f2c7ecc55cd16fef,Pleural Effusion,on,0.1277039506064548,0.0,0.0287445009356658,0.0558818008284225,-0.1563798702252211
1116,669,740b1c37f34a8265,Pleural Effusion,off,0.153063462128854,1.0,0.3292740712188283,0.4833864430441034,1.955055437821944
1116,669,740b1c37f34a8265,Pleural Effusion,on,0.153063462128854,1.0,0.4801828940421909,0.6488134184293047,1.930973975010017
1117,509,8c310bf79d9599ea,Pleural Effusion,off,0.1678825002802021,0.0,0.145854421362956,0.2544722757472773,1.2184836167552875
1117,509,8c310bf79d9599ea,Pleural Effusion,on,0.1678825002802021,0.0,0.1518704756980676,0.2636933767610562,1.0331746229754315
1118,614,3ff4d9de646f6970,Pleural Effusion,off,0.141699438133805,1.0,0.2469292604649663,0.3956844798910776,1.5261725813113436
1118,614,3ff4d9de646f6970,Pleural Effusion,on,0.141699438133805,1.0,0.2113669811314156,0.3489714832171653,1.2971094532460048
1119,893,52aac5703e299bfb,Pleural Effusion,off,0.1258667992144594,1.0,0.2385395319965428,0.3845910027693325,1.297113110501879
1119,893,52aac5703e299bfb,Pleural Effusion,on,0.1258667992144594,1.0,0.2940846802714996,0.4545058147477133,1.11308235405583
1120,648,190a822f1a70e22b,Pleural Effusion,off,0.134716313611976,1.0,0.0758990140506827,0.14086292143041,0.4382903188184265
1120,648,190a822f1a70e22b,Pleural Effusion,on,0.134716313611976,1.0,0.0607966947280004,0.1146172381361505,0.1017417240299049
1121,622,7e26ed073019eeec,Pleural Effusion,off,0.1079777202754265,1.0,0.2929815040527462,0.4527516358095741,1.6659496043241775
1121,622,7e26ed073019eeec,Pleural Effusion,on,0.1079777202754265,1.0,0.2558468393061936,0.4074424734392852,1.7198424347903465
1122,985,69b9494d1f0e2086,Pleural Effusion,off,0.1437120204279539,1.0,0.4006587068378933,0.570991703915879,1.9974821900043649
1122,985,69b9494d1f0e2086,Pleural Effusion,on,0.1437120204279539,1.0,0.313011005332384,0.47677796289418,1.905446508398772
1123,698,9cbffc87224139e9,Pleural Effusion,off,0.1220365578507765,0.0,0.1621422084789157,0.2783624657730761,1.0721637153420829
1123,698,9cbffc87224139e9,Pleural Effusion,on,0.1220365578507765,0.0,0.2207841911587545,0.3617072637389227,0.8912639918512051
1124,553,e1f7ee22e5418faf,Pleural Effusion,off,0.1385806665399665,1.0,0.3148744190863528,0.4788354887301579,1.6948770886710298
1124,553,e1f7ee22e5418faf,Pleural Effusion,on,0.1385806665399665,1.0,0.2780345984422935,0.4350959355142126,1.4822104597315646
1125,1051,7c1be6b3516ee49b,Pleural Effusion,off,0.1650366212008245,0.0,0.0823133323738928,0.1519400891053857,0.5150661225065691
1125,1051,7c1be6b3516ee49b,Pleural Effusion,on,0.1650366212008245,0.0,0.1305736459852324,0.2309843283868786,0.3032590392123766
1126,422,9edec8e40744cdcb,Pleural Effusion,off,0.1218757461904692,1.0,0.3338682313613568,0.4983703082964232,1.633296121608259
1126,422,9edec8e40744cdcb,Pleural Effusion,on,0.1218757461904692,1.0,0.5003995756096246,0.6670214020155896,1.5606703408917362
1127,1106,ae35c1b279e0edab,Pleural Effusion,off,0.1547592941830036,0.0,0.0,0.0,-0.6327801054655372
1127,1106,ae35c1b279e0edab,Pleural Effusion,on,0.1547592941830036,0.0,0.0,0.0,-0.454457629893269
1128,1061,2609a1069f715dcf,Pleural Effusion,off,0.1351061600612059,1.0,0.2531946281542447,0.4033441911051459,1.385180571827147
1128,1061,2609a1069f715dcf,Pleural Effusion,on,0.1351061600612059,1.0,0.3938534259268843,0.565126897275619,1.2606139376406902
1129,996,405493f18077e437,Pleural Effusion,off,0.1055801646126631,1.0,0.4024353729356401,0.5737797181037606,2.071009551335168
1129,996,405493f18077e437,Pleural Effusion,on,0.1055801646126631,1.0,0.3049249796013358,0.4673408678423431,2.1954485980605747
1130,455,d8cb15c8f3e169c6,Pleural Effusion,off,0.1910442524450682,1.0,0.2696701853787739,0.4218371384434359,1.5927618821139908
1130,455,d8cb15c8f3e169c6,Pleural Effusion,on,0.1910442524450682,1.0,0.3368407196302775,0.5039351944409602,1.3456553062635142
1131,359,71e064315174ab07,Pleural Effusion,off,0.1144832828969489,0.0,0.0568124653574206,0.1066049651669405,1.5113161559344552
1131,359,71e064315174ab07,Pleural Effusion,on,0.1144832828969489,0.0,0.1144380707243189,0.205373582669007,1.547149576342602
1132,799,568cdb13a6f3f611,Pleural Effusion,off,0.1054778299197403,0.0,0.1316343903402457,0.2321250522176805,0.8704998680256347
1132,799,568cdb13a6f3f611,Pleural Effusion,on,0.1054778299197403,0.0,0.1544258480739987,0.2675362283471044,0.6173407675961305
1133,851,dcfa47fe26c138af,Pleural Effusion,off,0.1727312154924979,1.0,0.1651808608962795,0.2810873105352644,0.6577438357392716
1133,851,dcfa47fe26c138af,Pleural Effusion,on,0.1727312154924979,1.0,0.2696897006025511,0.4248103307334664,0.4342969007508191
1134,642,20fb7eeeb458748f,Pleural Effusion,off,0.1190834709978607,1.0,0.1876413544650059,0.3150738992938454,0.7589103032948272
1134,642,20fb7eeeb458748f,Pleural Effusion,on,0.1190834709978607,1.0,0.2847623233770747,0.443290746984878,0.5952924498114709
1135,858,8c78043e308ff768,Pleural Effusion,off,0.1729115194752666,0.0,0.0370574679421077,0.0709551287972789,0.7278920717341173
1135,858,8c78043e308ff768,Pleural Effusion,on,0.1729115194752666,0.0,0.0730078144240967,0.1360802262251999,0.4343791088589286
1136,999,889e47cdf0777897,Pleural Effusion,off,0.157941415824842,1.0,0.4260328149312542,0.5921208171667545,1.851434795682312
1136,999,889e47cdf0777897,Pleural Effusion,on,0.157941415824842,1.0,0.5428646749953556,0.70370993558245,1.6442420955464876
1137,496,0a5891e034f34c59,Pleural Effusion,off,0.1414021802162673,0.0,0.0819764150890413,0.151163152868151,0.546511510159503
1137,496,0a5891e034f34c59,Pleural Effusion,on,0.1414021802162673,0.0,0.1911585646980814,0.3209348581067283,0.3509914854687797
1138,279,c4fc45e536c113f2,Pleural Effusion,off,0.1467966804574848,1.0,0.2608312569927549,0.4128386200105165,1.21026914948667
1138,279,c4fc45e536c113f2,Pleural Effusion,on,0.1467966804574848,1.0,0.2847950227271031,0.4433314463099318,0.9498223552002084
1139,833,ee687f9972a73784,Pleural Effusion,off,0.1321482001276747,1.0,0.3509352333391576,0.5177412357203968,1.510590970330122
1139,833,ee687f9972a73784,Pleural Effusion,on,0.1321482001276747,1.0,0.4246130894322025,0.5961096384478248,1.288234295033316
1140,1020,8632d4f4de11af44,Pleural Effusion,off,0.1129921202286449,1.0,0.1198759115835602,0.2135671934315529,0.532997323379585
1140,1020,8632d4f4de11af44,Pleural Effusion,on,0.1129921202286449,1.0,0.1976809544352904,0.3301053546749893,0.3669166478910368
1141,731,20f77398fe1a3218,Pleural Effusion,off,0.1778382039774084,1.0,0.1542827163634906,0.2671547176131142,0.6375672586027807
1141,731,20f77398fe1a3218,Pleural Effusion,on,0.1778382039774084,1.0,0.1437205661021199,0.2513208650825415,0.3448267780399955
1142,520,260c63daecc7305f,Pleural Effusion,off,0.178749470052483,0.0,0.1076745737480029,0.1888601042541356,0.6590495236699441
1142,520,260c63daecc7305f,Pleural Effusion,on,0.178749470052483,0.0,0.1951056898567059,0.3265073876052499,0.4896997563839845
1143,7,0d5f21fb4df88954,Pleural Effusion,off,0.1708063486494257,1.0,0.2492257791358388,0.3981030888623004,1.0733185822198237
1143,7,0d5f21fb4df88954,Pleural Effusion,on,0.1708063486494257,1.0,0.3225004519994602,0.4877121239718477,0.7728760837494701
1144,521,565ebecef494a902,Pleural Effusion,off,0.1993479818136631,0.0,0.1449377015859687,0.2528634736954387,1.1381576108407512
1144,521,565ebecef494a902,Pleural Effusion,on,0.1993479818136631,0.0,0.1952531308128843,0.3267123384766194,0.7037567471986216
1145,558,3fb94454930d19a5,Pleural Effusion,off,0.1342826094372079,1.0,0.2922287767217434,0.4506891536153466,1.0979816495414247
1145,558,3fb94454930d19a5,Pleural Effusion,on,0.1342826094372079,1.0,0.3620267667274536,0.5316000533500088,0.8766337427970893
1146,651,1a5351e70d0cbdd0,Pleural Effusion,off,0.1373916348698156,1.0,0.2690875058538197,0.4222888607465738,1.171838400081456
1146,651,1a5351e70d0cbdd0,Pleural Effusion,on,0.1373916348698156,1.0,0.2698448175819643,0.4250036283361142,0.8663699321183947
1147,1144,febea89507fcdc45,Pleural Effusion,off,0.126188422535074,1.0,0.3854104116530027,0.5548728105020111,1.6675701232775109
1147,1144,febea89507fcdc45,Pleural Effusion,on,0.126188422535074,1.0,0.452411252185747,0.622978626211658,1.477305841122441
1148,1145,2b70b76440ded8f1,Pleural Effusion,off,0.1736668469706494,0.0,0.0396103193919333,0.0729692727689675,0.9014752271584168
1148,1145,2b70b76440ded8f1,Pleural Effusion,on,0.1736668469706494,0.0,0.1076254658237155,0.1943315567424771,0.5036304484195678
1149,568,52b20aee5d4f76ee,Pleural Effusion,off,0.1308373414421395,0.0,0.1510813878882711,0.2621227230276776,1.6678933515556271
1149,568,52b20aee5d4f76ee,Pleural Effusion,on,0.1308373414421395,0.0,0.1693323784096323,0.2896221524832135,1.810627490842056
1150,559,5a33ba2940830d6f,Pleural Effusion,off,0.1854986867047741,1.0,0.2437407011850668,0.3916315171528899,1.2327881203815878
1150,559,5a33ba2940830d6f,Pleural Effusion,on,0.1854986867047741,1.0,0.2680564883905423,0.4227831639180326,0.9063459517428912
1151,954,e2f669c274470f5c,Pleural Effusion,off,0.139711221242733,1.0,0.3154291983913238,0.4780797804737874,2.4413647626634205
1151,954,e2f669c274470f5c,Pleural Effusion,on,0.139711221242733,1.0,0.2438938474735639,0.3921381036872062,2.8190265080243635
1152,972,4898d16d1d823a18,Pleural Effusion,off,0.1770341456758719,0.0,0.2426948598706562,0.3899863955337599,1.609157144417915
1152,972,4898d16d1d823a18,Pleural Effusion,on,0.1770341456758719,0.0,0.2445595014821243,0.3930038509145009,1.4987848528778294
1153,1157,209063cca1683265,Pleural Effusion,off,0.1368361036796631,0.0,0.0507413934701047,0.0943073566107519,0.8683277095245117
1153,1157,209063cca1683265,Pleural Effusion,on,0.1368361036796631,0.0,0.2195468738812437,0.3600375660087384,0.5905326803316263
1154,924,d906968e0193010d,Pleural Effusion,off,0.1556949256611552,0.0,0.0,0.0,-0.0534284845181831
1154,924,d906968e0193010d,Pleural Effusion,on,0.1556949256611552,0.0,0.0,0.0,-0.4423414364804906
1155,528,713d2a70401f9f91,Pleural Effusion,off,0.1542135091540819,0.0,0.1298778036707193,0.2287549130466245,0.7388950958433341
1155,528,713d2a70401f9f91,Pleural Effusion,on,0.1542135091540819,0.0,0.1943313264384779,0.3254219960452068,0.5036038260468634
1156,1041,17fc39be1f836acc,Pleural Effusion,off,0.122592089040929,0.0,0.2921630225194918,0.4490252259026169,2.025481906361209
1156,1041,17fc39be1f836acc,Pleural Effusion,on,0.122592089040929,0.0,0.4119992999819869,0.5835620342555268,2.79735151596024
1157,546,e28ff1f3ca2eb126,Pleural Effusion,off,0.1780185079601771,1.0,0.2897035910825171,0.4450751050447953,1.1682371537153544
1157,546,e28ff1f3ca2eb126,Pleural Effusion,on,0.1780185079601771,1.0,0.4368105121551185,0.6080275026668673,0.950449515569828
1158,998,34e1b7bee389a237,Pleural Effusion,off,0.1691397550789682,0.0,0.2974694831712727,0.4555019265787948,1.2468870604409443
1158,998,34e1b7bee389a237,Pleural Effusion,on,0.1691397550789682,0.0,0.4247205414885083,0.596213000510277,0.9216545554497412
1159,769,7c0407d951784c3b,Pleural Effusion,off,0.1528587927430083,1.0,0.3310608266293597,0.4926240960884311,1.2142376257623562
1159,769,7c0407d951784c3b,Pleural Effusion,on,0.1528587927430083,1.0,0.4669531177580629,0.6366253110691775,0.9538567400420788
1160,579,e0a3a3936bbceed3,Pleural Effusion,off,0.1819364647749367,1.0,0.2215136135080775,0.3574154963144615,0.9540904118556598
1160,579,e0a3a3936bbceed3,Pleural Effusion,on,0.1819364647749367,1.0,0.3499734752339823,0.518482233481856,0.6220335590066892
1161,653,4137599a9ebd2c1b,Pleural Effusion,off,0.1634918546457514,1.0,0.1985258066192013,0.3280622708120878,1.1447116437934932
1161,653,4137599a9ebd2c1b,Pleural Effusion,on,0.1634918546457514,1.0,0.3267836097337485,0.4925940832605811,0.8395905343068797
