idx,rank,pair_id,category,dhs,q,point,iou,dice,cnr
0,133,a69b6f1a4d61d8b1,Pneumonia,off,0.1940558162653684,1.0,0.4002623867264536,0.5688265787470007,1.9615740539414384
0,133,a69b6f1a4d61d8b1,Pneumonia,on,0.1940558162653684,1.0,0.4572482638533433,0.6275501260411029,1.7972938730716794
1,64,3dfe8fee5bd1ceed,Pneumonia,off,0.1141275480120267,1.0,0.2823993978015217,0.4377537375054323,1.1197666878323294
1,64,3dfe8fee5bd1ceed,Pneumonia,on,0.1141275480120267,1.0,0.3921413768619709,0.5633642676431914,0.8528334636070544
2,287,d736b1fc6877512b,Pneumothorax,off,0.1443893786334907,1.0,0.1016630435020371,0.1838537821831244,0.9615855787548854
2,287,d736b1fc6877512b,Pneumothorax,on,0.1443893786334907,1.0,0.3506678942518305,0.5192371104265299,0.692329930829609
3,221,4b1efc03403cd73c,Pneumonia,off,0.1312369340526,1.0,0.5602226316005089,0.7178210890999916,2.970818525031996
3,221,4b1efc03403cd73c,Pneumonia,on,0.1312369340526,1.0,0.2741753166365251,0.4303419550313098,3.1035281733484577
4,99,930f9bd2d8c63458,Pneumothorax,off,0.1597493287331452,1.0,0.2168866442428734,0.3531517619934377,1.247042938405331
4,99,930f9bd2d8c63458,Pneumothorax,on,0.1597493287331452,1.0,0.4111671895483234,0.5827273933295523,0.807372991635668
5,258,185d65aeccbfa70b,Pneumonia,off,0.1819169724524753,1.0,0.2658418452231645,0.4187078201368407,1.813762576972036
5,258,185d65aeccbfa70b,Pneumonia,on,0.1819169724524753,1.0,0.1896572141775697,0.3188424093169552,1.5462214928972782
6,232,dde31d4452de3e39,Pneumonia,off,0.1072223927800437,1.0,0.6228619424464776,0.7670526902869252,3.385262142959164
6,232,dde31d4452de3e39,Pneumonia,on,0.1072223927800437,1.0,0.369257772683496,0.5393421852895758,3.711166900788315
7,267,96238c9f05e3b238,Pneumothorax,off,0.1092642135578848,0.0,0.0,0.0,-0.1280555414795976
7,267,96238c9f05e3b238,Pneumothorax,on,0.1092642135578848,0.0,0.0,0.0,-0.3647944664471439
8,366,adfa39118b9e3489,Pneumothorax,off,0.1658065679380534,0.0,0.0080395626332743,0.0154577572294674,0.9311014839038164
8,366,adfa39118b9e3489,Pneumothorax,on,0.1658065679380534,0.0,0.1226605588653158,0.2185163994058913,0.6789550291430354
9,134,e09c63979aec3355,Pneumothorax,off,0.1391313246495036,1.0,0.2703574784250783,0.4254829087816739,1.652417727298625
9,134,e09c63979aec3355,Pneumothorax,on,0.1391313246495036,1.0,0.1930005343008295,0.3235525143365336,1.5191224161393162
10,89,944a3ee8201c0f57,Pneumothorax,off,0.0996496255037547,1.0,0.4204938419425484,0.5906355152283495,2.837934263976124
10,89,944a3ee8201c0f57,Pneumothorax,on,0.0996496255037547,1.0,0.2378533928228409,0.3842910232042915,3.4932775883239997
11,352,f927f7fc0016cedd,Pneumonia,off,0.1650999712488243,1.0,0.4378981397400763,0.6085678055722085,2.074728656231853
11,352,f927f7fc0016cedd,Pneumonia,on,0.1650999712488243,1.0,0.4316056068162029,0.6029658404178202,1.9111679487196136
12,371,7e6b1ef08113cdd8,Pneumothorax,off,0.1252138064119994,0.0,0.183470346431176,0.3087837264675738,1.8998151930143907
12,371,7e6b1ef08113cdd8,Pneumothorax,on,0.1252138064119994,0.0,0.1638523676889342,0.2815670318776145,2.2288312798023138
13,277,9e284dd7868db308,Pneumothorax,off,0.143268570091955,0.0,0.024299430316008,0.0469281517505306,0.4899124012348367
13,277,9e284dd7868db308,Pneumothorax,on,0.143268570091955,0.0,0.082761804550908,0.152869818047986,0.2334347251823321
14,358,ffe388efa401e2c7,Pneumonia,off,0.1037917440268214,1.0,0.1749607780471173,0.2968303059463106,0.6620227643223275
14,358,ffe388efa401e2c7,Pneumonia,on,0.1037917440268214,1.0,0.190582967832707,0.3201498379590836,0.4669439901061786
15,336,a2552a9bae4a584f,Pneumonia,off,0.1193027596255524,1.0,0.2072911422744266,0.342697261406986,1.124076262447204
15,336,a2552a9bae4a584f,Pneumonia,on,0.1193027596255524,1.0,0.2854317126183885,0.444102319937909,0.9871955061134006
16,388,5e0eb35c22d224fb,Pneumothorax,off,0.1375914311750459,0.0,0.0742507627684185,0.1368607564781013,0.6738453921074756
16,388,5e0eb35c22d224fb,Pneumothorax,on,0.1375914311750459,0.0,0.2016022557599617,0.3355516037911519,0.4419414149778229
17,383,ce476f54355d544d,Pneumonia,off,0.1157112992120228,1.0,0.2313938167527868,0.3733190675749827,1.313042006507671
17,383,ce476f54355d544d,Pneumonia,on,0.1157112992120228,1.0,0.4438821059422759,0.6148084232072756,0.9908197939714516
18,1,f464ffe0f4bdeed5,Pneumothorax,off,0.1580145120340725,0.0,0.0,0.0,-0.479545602854548
18,1,f464ffe0f4bdeed5,Pneumothorax,on,0.1580145120340725,0.0,0.0,0.0,-0.459687379348872
19,52,c6b1ec5d0007bcc8,Pneumothorax,off,0.1693054398198909,1.0,0.1850981247614291,0.3119493438212208,0.5371295297320677
19,52,c6b1ec5d0007bcc8,Pneumothorax,on,0.1693054398198909,1.0,0.1910275895458519,0.3207774398466357,0.3771474767426196
20,66,4a3abb70e8c0334e,Pneumonia,off,0.0980463819812971,1.0,0.2123730876171112,0.3493958932343412,1.0997286324480229
20,66,4a3abb70e8c0334e,Pneumonia,on,0.0980463819812971,1.0,0.3098725465180666,0.4731330287080507,0.7763626554657994
21,310,8adf4fbea2355342,Pneumothorax,off,0.1773947536414095,1.0,0.2968293447001154,0.4567371410117671,0.6173440115535034
21,310,8adf4fbea2355342,Pneumothorax,on,0.1773947536414095,1.0,0.3152376015996846,0.4793609845713904,0.6024657464745045
22,57,2f30a42db1b214d2,Pneumothorax,off,0.1435658280094927,0.0,0.0982359631484566,0.1758521596572932,0.7235734088769848
22,57,2f30a42db1b214d2,Pneumothorax,on,0.1435658280094927,0.0,0.1577288626830403,0.2724796030257138,0.4695258216708261
23,75,9d40b4647d175c1d,Pneumothorax,off,0.1346919482088992,0.0,0.0,0.0,-0.3724299033788755
23,75,9d40b4647d175c1d,Pneumothorax,on,0.1346919482088992,0.0,0.0,0.0,-0.4141344646129496
24,294,796252c659a6d63b,Pneumothorax,off,0.1553927946630021,0.0,0.0,0.0,-0.3742775803810594
24,294,796252c659a6d63b,Pneumothorax,on,0.1553927946630021,0.0,0.0,0.0,-0.4459561317247507
25,236,308f2b9dd5d34af9,Pneumothorax,off,0.1824919959650892,0.0,0.0021900209898085,0.0043325995597358,0.7282552366685835
25,236,308f2b9dd5d34af9,Pneumothorax,on,0.1824919959650892,0.0,0.0062590823780278,0.0124341524356393,0.0108847779616479
26,13,b43760d8864b67dc,Pneumothorax,off,0.1775701845435629,0.0,0.0,0.0,-0.4119045366939642
26,13,b43760d8864b67dc,Pneumothorax,on,0.1775701845435629,0.0,0.0,0.0,-0.484086833776114
27,215,61d50fd13c3afc43,Pneumothorax,off,0.1267390806446111,0.0,0.0,0.0,0.1600714485314702
27,215,61d50fd13c3afc43,Pneumothorax,on,0.1267390806446111,0.0,0.0,0.0,-0.4019717186415504
28,147,6b63c94e8cfd8324,Pneumothorax,off,0.1849772670789292,0.0,0.0131054034570275,0.0254816504691397,0.3383233907286422
28,147,6b63c94e8cfd8324,Pneumothorax,on,0.1849772670789292,0.0,0.0377886632676572,0.0728234736443137,-0.0602626696204831
29,301,8392c5876fbbed46,Pneumothorax,off,0.1839003162629319,0.0,0.00217348523957,0.0043006127948248,0.8873035071512522
29,301,8392c5876fbbed46,Pneumothorax,on,0.1839003162629319,0.0,0.0351057137633473,0.0678281467517433,0.4136681116254729
30,153,8374c5eceb0bdd93,Pneumonia,off,0.1810739295060158,1.0,0.0940501348485232,0.1715231238784931,1.031411046954876
30,153,8374c5eceb0bdd93,Pneumonia,on,0.1810739295060158,1.0,0.0944436167675303,0.1725870084172411,0.8404670790602397
31,152,d854ccc3473ae1c9,Pneumonia,off,0.1860688371367727,1.0,0.2067156806813979,0.3420150750930074,1.1451049178211503
31,152,d854ccc3473ae1c9,Pneumonia,on,0.1860688371367727,1.0,0.1570261814990747,0.2714285941803904,0.8427774819612653
32,429,2d400ff20632a25f,Pneumothorax,off,0.1320897231602902,0.0,0.0,0.0,0.7191090163900093
32,429,2d400ff20632a25f,Pneumothorax,on,0.1320897231602902,0.0,0.0591453138924691,0.1116768859832199,0.3772235010272147
33,204,e96c049804f0df2f,Pneumothorax,off,0.1753675521054145,0.0,0.0,0.0,-0.628485121063337
33,204,e96c049804f0df2f,Pneumothorax,on,0.1753675521054145,0.0,0.0,0.0,-0.4754351302440142
34,124,767135fe43de9223,Pneumonia,off,0.1457197296414874,1.0,0.3868897965032205,0.5454022418680935,2.8817735068114096
34,124,767135fe43de9223,Pneumonia,on,0.1457197296414874,1.0,0.1845131718834833,0.3115341773763319,2.754097618597352
35,169,1cff8384b9f1223b,Pneumonia,off,0.1177482469092486,1.0,0.2699789822168693,0.4243953073608867,1.0688864002323235
35,169,1cff8384b9f1223b,Pneumonia,on,0.1177482469092486,1.0,0.3333238403286488,0.4999889584214497,0.9081515012653923
36,170,a6a7caa06b6c0b26,Pneumonia,off,0.18812527715646,0.0,0.2654056924904482,0.4152565347214498,1.29734592353908
36,170,a6a7caa06b6c0b26,Pneumonia,on,0.18812527715646,0.0,0.3480900541696917,0.5164153309883286,0.928967307507725
37,326,de9f6d015fd908b7,Pneumonia,off,0.1733062390051118,1.0,0.4262116090811198,0.590875844741505,1.961759536566363
37,326,de9f6d015fd908b7,Pneumonia,on,0.1733062390051118,1.0,0.5403471070731642,0.7015911583445057,1.546542082534136
38,33,7bc33684e2eedab2,Pneumonia,off,0.1644957092525181,1.0,0.5258869219403142,0.689120862001286,2.507880864622251
38,33,7bc33684e2eedab2,Pneumonia,on,0.1644957092525181,1.0,0.4788350147268588,0.6475822639790229,2.8327323874274115
39,345,f7e574ed970b6fa4,Pneumonia,off,0.1079874664366572,0.0,0.1070603729287026,0.1927204424441539,0.7870317968885754
39,345,f7e574ed970b6fa4,Pneumonia,on,0.1079874664366572,0.0,0.2030568026889888,0.3375645940605914,0.7076549118696557
40,307,5b973b2a2b5d74e1,Pneumothorax,off,0.1632920583405211,1.0,0.5409820063158025,0.7010346084625116,2.655355868613606
40,307,5b973b2a2b5d74e1,Pneumothorax,on,0.1632920583405211,1.0,0.4141166872352069,0.5856817693358388,2.871775479312562
41,162,aef22881da576d57,Pneumonia,off,0.2026275650678089,1.0,0.2987618517387457,0.4579404089413313,1.019778277112615
41,162,aef22881da576d57,Pneumonia,on,0.2026275650678089,1.0,0.3176769356181423,0.482173448938783,0.5683069335897742
42,165,781f704802f75a3c,Pneumonia,off,0.1078071624538884,1.0,0.1827292615983142,0.3078936512791964,1.2638136956850694
42,165,781f704802f75a3c,Pneumonia,on,0.1078071624538884,1.0,0.301000608926666,0.46272129315915,1.15717138586045
43,250,d8d641a44a6f4ff4,Pneumonia,off,0.1459390182691792,1.0,0.2921151903901021,0.4516627401285601,1.0606921487852936
43,250,d8d641a44a6f4ff4,Pneumonia,on,0.1459390182691792,1.0,0.3225670519645308,0.4877892666677154,0.7906534759820523
44,251,7145c5e140005d8c,Pneumothorax,off,0.1485704818014804,0.0,0.022767915740604,0.043642683296862,1.1211898835159952
44,251,7145c5e140005d8c,Pneumothorax,on,0.1485704818014804,0.0,0.0665179790378802,0.1247383595870183,0.8737340325783254
45,353,d44232b5d5172511,Pneumonia,off,0.1416117226827283,1.0,0.206380045788166,0.3353401735193777,1.09120060736627
45,353,d44232b5d5172511,Pneumonia,on,0.1416117226827283,1.0,0.3995212441861995,0.5709395616616765,0.8742858577486966
46,293,4f55b0639e04180f,Pneumonia,off,0.1289806977276825,1.0,0.4060319154430307,0.5762370733466045,1.71654975661243
46,293,4f55b0639e04180f,Pneumonia,on,0.1289806977276825,1.0,0.3191668114410481,0.4838849821580216,1.76151500761476
47,247,ac0638d531d07d35,Pneumonia,off,0.1473960693731756,1.0,0.3120709817946714,0.4703906141508897,1.7190322366156596
47,247,ac0638d531d07d35,Pneumonia,on,0.1473960693731756,1.0,0.5131766327543417,0.6782768424318429,1.4948454903569608
48,380,1840d844a60aab1f,Pneumothorax,off,0.1000492181142152,0.0,0.0,0.0,-0.0448891011743825
48,380,1840d844a60aab1f,Pneumothorax,on,0.1000492181142152,0.0,0.0,0.0,-0.3556391082979545
49,214,d70bd304d57bf5ad,Pneumothorax,off,0.1025198699862091,0.0,0.0,0.0,-0.0280286435197177
49,214,d70bd304d57bf5ad,Pneumothorax,on,0.1025198699862091,0.0,0.0,0.0,-0.3635159384880427
50,101,005caf71e328e791,Pneumothorax,off,0.1716591377571159,0.0,0.0,0.0,-0.2580901856332261
50,101,005caf71e328e791,Pneumothorax,on,0.1716591377571159,0.0,0.0,0.0,-0.4745269243815712
51,370,1be3d80fc96adf0b,Pneumothorax,off,0.0960727843320712,0.0,0.0,0.0,0.3401733576081236
51,370,1be3d80fc96adf0b,Pneumothorax,on,0.0960727843320712,0.0,0.0,0.0,-0.2722240853035613
52,315,c33da9bc26f0918b,Pneumothorax,off,0.1582484199036104,0.0,0.0384439447038358,0.0731569963103358,1.130770319211735
52,315,c33da9bc26f0918b,Pneumothorax,on,0.1582484199036104,0.0,0.0936660941248747,0.1712875476869245,0.8699568032463453
53,119,fce19ecb366cd804,Pneumothorax,off,0.1559970566593083,0.0,0.0057400207678539,0.0112931347151699,1.3655131204178437
53,119,fce19ecb366cd804,Pneumothorax,on,0.1559970566593083,0.0,0.0269746487698647,0.0525322323973751,1.671604065010352
54,180,e9021db9e47370af,Pneumothorax,off,0.1659478872758992,1.0,0.4156769190996212,0.5850643598719258,1.7141828652512512
54,180,e9021db9e47370af,Pneumothorax,on,0.1659478872758992,1.0,0.4978103129973017,0.6647162243259385,1.2874770474580834
55,29,0561f662526d7d95,Pneumonia,off,0.1739787241300333,0.0,0.0525642248411619,0.0948200873849171,0.6886048041165005
55,29,0561f662526d7d95,Pneumonia,on,0.1739787241300333,0.0,0.1536679627563344,0.2663982534501506,0.4546878315136049
56,25,ec993e4f0023f70c,Pneumonia,off,0.1581607044525337,0.0,0.1009643591108456,0.1802008605279329,0.4588299559091861
56,25,ec993e4f0023f70c,Pneumonia,on,0.1581607044525337,0.0,0.1567866847575418,0.2710724846812057,0.4320693807221599
57,26,e4f5c835b82b6a0a,Pneumonia,off,0.1573127884254589,0.0,0.0001375266910354,0.0002748643761301,0.8014773081264935
57,26,e4f5c835b82b6a0a,Pneumonia,on,0.1573127884254589,0.0,0.0831279387435707,0.1534858961234728,0.406430343588234
58,302,8d4f655ab28f5771,Pneumothorax,off,0.1700851327183505,0.0,0.0859479707091669,0.1576666720999247,0.7888264224767528
58,302,8d4f655ab28f5771,Pneumothorax,on,0.1700851327183505,0.0,0.1272386806170213,0.2257526820628334,0.5034639772342283
59,9,97992e6c1c70eb7a,Pneumonia,off,0.1958101252869026,0.0,0.0658610596945237,0.1214684982828282,1.038854575396443
59,9,97992e6c1c70eb7a,Pneumonia,on,0.1958101252869026,0.0,0.1063159989672179,0.1921978099361398,0.6587995051753289
60,433,538b8f9490cbc12f,Pneumothorax,off,0.1784424659737146,0.0,0.0901554575461537,0.1582379102754608,0.7605372120006514
60,433,538b8f9490cbc12f,Pneumothorax,on,0.1784424659737146,0.0,0.2303483799989985,0.3744434006032668,0.563143938578353
61,61,e8b3fb4529ac1ed6,Pneumonia,off,0.1553635561793099,0.0,0.0948015636652169,0.1709138953133549,1.0147919388890796
61,61,e8b3fb4529ac1ed6,Pneumonia,on,0.1553635561793099,0.0,0.1514075601262315,0.2629953772455239,0.7538456283748951
62,127,731d6cd9a8a29ce2,Pneumonia,off,0.1498569750839388,1.0,0.3441879432305449,0.5037987477470743,1.683298214891528
62,127,731d6cd9a8a29ce2,Pneumonia,on,0.1498569750839388,1.0,0.6029933872048805,0.7523251969382556,1.314694126999788
63,126,bc970cf63214290c,Pneumothorax,off,0.1090936557363468,1.0,0.394768366401263,0.5659299140832373,3.0597862576105275
63,126,bc970cf63214290c,Pneumothorax,on,0.1090936557363468,1.0,0.2349456000620767,0.380491148822232,3.320375863068908
64,328,2d6e3f681ea5bbaf,Pneumonia,off,0.1083285820797333,1.0,0.4631731375820325,0.6309084815506332,2.550529473831391
64,328,2d6e3f681ea5bbaf,Pneumonia,on,0.1083285820797333,1.0,0.4542940315346653,0.6247538289991383,3.5081291343841867
65,355,724402cd96172832,Pneumonia,off,0.1622979498949851,1.0,0.2089633436314359,0.3419376944257652,1.1528506270344214
65,355,724402cd96172832,Pneumonia,on,0.1622979498949851,1.0,0.3768724761255387,0.5474229331429904,0.7788677689653052
66,176,2866eb95dd89335c,Pneumothorax,off,0.1639645434654425,1.0,0.3545367849180585,0.5208595033050061,1.245750826747038
66,176,2866eb95dd89335c,Pneumothorax,on,0.1639645434654425,1.0,0.4146546122224217,0.5862273303029103,1.0428248777036675
67,281,235e3976089eb09b,Pneumonia,off,0.1874186804672309,1.0,0.5043747644092276,0.6693546754328447,1.782502682177035
67,281,235e3976089eb09b,Pneumonia,on,0.1874186804672309,1.0,0.5451151634855556,0.7055980623416738,1.3978349098345255
68,194,22d968a4cf24a2ef,Pneumonia,off,0.1392239131811957,0.0,0.0051942533056568,0.0101255336774358,0.1331197262173351
68,194,22d968a4cf24a2ef,Pneumonia,on,0.1392239131811957,0.0,0.0,0.0,-0.4354724939578366
69,377,b3cf935ab991f9c3,Pneumothorax,off,0.1458220643344102,0.0,0.0,0.0,-0.501950160499632
69,377,b3cf935ab991f9c3,Pneumothorax,on,0.1458220643344102,0.0,0.0,0.0,-0.4269084443216979
70,330,2869d91524dd1960,Pneumonia,off,0.1853281288832361,1.0,0.5118935734146494,0.6749606727642044,2.0719672533759974
70,330,2869d91524dd1960,Pneumonia,on,0.1853281288832361,1.0,0.5569047097214457,0.7153983565663384,1.7912897412238336
71,270,78f06abe92b60498,Pneumothorax,off,0.103499359189899,0.0,0.0,0.0,0.2990916865247825
71,270,78f06abe92b60498,Pneumothorax,on,0.103499359189899,0.0,0.0,0.0,-0.3560643800672653
72,109,b20274fc29ca9b68,Pneumonia,off,0.118250174212632,1.0,0.368022693248922,0.5324965604973967,1.818445090838008
72,109,b20274fc29ca9b68,Pneumonia,on,0.118250174212632,1.0,0.5642144255613243,0.7214025443343359,1.709160710189883
73,110,c987ef8a69ec7d0c,Pneumonia,off,0.093821421087769,1.0,0.5941425701110388,0.7362763014666729,2.5338685819166105
73,110,c987ef8a69ec7d0c,Pneumonia,on,0.093821421087769,1.0,0.5370399540228133,0.6987642092879083,3.846392809013239
74,181,b2cd57f216938986,Pneumonia,off,0.1704847253288111,1.0,0.4569265934802058,0.6271346716139303,2.1118230457003326
74,181,b2cd57f216938986,Pneumonia,on,0.1704847253288111,1.0,0.4397052591720201,0.6108253625935486,1.8621741176404425
75,297,8293af30dcb2b692,Pneumothorax,off,0.1649976365559015,0.0,0.145083756496704,0.2528022983519153,1.127314408049968
75,297,8293af30dcb2b692,Pneumothorax,on,0.1649976365559015,0.0,0.171269076018921,0.2924503047702375,0.8427944742465395
76,296,159c7db7f927dc98,Pneumonia,off,0.1104337529055743,1.0,0.5440322263006289,0.6990392968957093,2.5852947212342765
76,296,159c7db7f927dc98,Pneumonia,on,0.1104337529055743,1.0,0.5801111759268665,0.73426271982831,3.351368285438128
77,229,9412b8e65f6f6840,Pneumonia,off,0.1639645434654425,1.0,0.2278883810369797,0.368312920639923,1.3848022453412696
77,229,9412b8e65f6f6840,Pneumonia,on,0.1639645434654425,1.0,0.4636371393814258,0.6335352917248144,0.9727014169924736
78,327,fbc302de04f21e52,Pneumonia,off,0.1791393165017129,0.0,0.1320007718265498,0.2285568648049368,0.9993499991118218
78,327,fbc302de04f21e52,Pneumonia,on,0.1791393165017129,0.0,0.1831641014875255,0.3096140131850036,0.7623419977302048
79,319,790472400a863083,Pneumonia,off,0.145125213806412,1.0,0.496839070835067,0.6601061668929531,2.277479488128247
79,319,790472400a863083,Pneumonia,on,0.145125213806412,1.0,0.4238220735812724,0.5953258873795232,2.404186145564038
80,68,818b471b2f6a5f3e,Pneumothorax,off,0.204956897601957,0.0,0.0,0.0,-0.652539067073473
80,68,818b471b2f6a5f3e,Pneumothorax,on,0.204956897601957,0.0,0.0,0.0,-0.5266116453678419
81,308,dfaedb6f55819466,Pneumonia,off,0.0955123800613033,1.0,0.366953322759193,0.5330199167466887,2.0624002906924925
81,308,dfaedb6f55819466,Pneumonia,on,0.0955123800613033,1.0,0.6189517389592145,0.764632676987053,2.6713275082644965
82,389,022cf70a01eb4a97,Pneumothorax,off,0.155509748597771,1.0,0.3440058076385312,0.5039366130441092,2.063719609275405
82,389,022cf70a01eb4a97,Pneumothorax,on,0.155509748597771,1.0,0.699436718606686,0.8231392752136601,2.1270124596704387
83,202,95ba87c7792a6caa,Pneumonia,off,0.1166566768514051,1.0,0.2096106277877076,0.3445048949930487,1.0802105552326484
83,202,95ba87c7792a6caa,Pneumonia,on,0.1166566768514051,1.0,0.3603084491853545,0.5297444419503579,0.8998696835747129
84,65,1a59056f0e47b4b4,Pneumothorax,off,0.1110769995468035,1.0,0.25477991369858,0.4056859438840325,1.8206851093225136
84,65,1a59056f0e47b4b4,Pneumothorax,on,0.1110769995468035,1.0,0.1669515428261586,0.2861282828956288,1.8377536174621103
85,15,b63a0f6302a22e69,Pneumothorax,off,0.1719710149164997,0.0,0.1112155325127562,0.2000619102688067,1.2555384430186654
85,15,b63a0f6302a22e69,Pneumothorax,on,0.1719710149164997,0.0,0.1196753119001517,0.2137678673413926,0.9850183922596396
86,187,99c15493b7dcd579,Pneumonia,off,0.1083626936440409,1.0,0.4056239117791752,0.5715224788967642,1.9858382675943984
86,187,99c15493b7dcd579,Pneumonia,on,0.1083626936440409,1.0,0.6668212764143011,0.8001107516884396,2.0672985936311843
87,142,3a1726fd39c92115,Pneumonia,off,0.1665667685140515,1.0,0.4113704993968509,0.5807705687749553,1.877987246185152
87,142,3a1726fd39c92115,Pneumonia,on,0.1665667685140515,1.0,0.4785536125570736,0.6473200298890497,1.9692102148185808
88,350,868b49c7c091d006,Pneumonia,off,0.1423426847750342,1.0,0.1648386618592428,0.2814190795216589,1.0688792177423596
88,350,868b49c7c091d006,Pneumonia,on,0.1423426847750342,1.0,0.3896594478646978,0.5607868969629907,0.7937904354099817
89,417,2cae18047a4fd0de,Pneumothorax,off,0.1722585266728067,1.0,0.2505991637450512,0.3975499363846557,1.0325301033652523
89,417,2cae18047a4fd0de,Pneumothorax,on,0.1722585266728067,1.0,0.3119812642154761,0.4740381893857727,0.6855971543072306
90,192,d3b1c0df71d64c6e,Pneumothorax,off,0.1714008644845011,0.0,0.0165874288708278,0.0324582636983975,0.7999624971068968
90,192,d3b1c0df71d64c6e,Pneumothorax,on,0.1714008644845011,0.0,0.0363231879089866,0.0700998135696473,0.5065419984157282
91,163,ff6c0b345508b50e,Pneumonia,off,0.1741687742740328,1.0,0.193954580934412,0.3241478070561962,0.692417072377381
91,163,ff6c0b345508b50e,Pneumonia,on,0.1741687742740328,1.0,0.2283470841526043,0.3717906943214411,0.3272341858064898
92,35,9ef65ccd2ea2538e,Pneumothorax,off,0.1141226749314113,1.0,0.1434924927061837,0.2489250090044088,1.03822173125718
92,35,9ef65ccd2ea2538e,Pneumothorax,on,0.1141226749314113,1.0,0.4058622790063412,0.5773768886166071,0.8589023119487819
93,36,25e07c942bb51e7b,Pneumonia,off,0.154476655507312,1.0,0.4139195908837654,0.5781485529907104,1.7607227079183312
93,36,25e07c942bb51e7b,Pneumonia,on,0.154476655507312,1.0,0.5649664666393674,0.722016405694823,1.357723973202474
94,226,0abf7661fc925447,Pneumonia,off,0.1704993445706572,0.0,0.0552745004193284,0.1025148761340362,0.4694273116800894
94,226,0abf7661fc925447,Pneumonia,on,0.1704993445706572,0.0,0.0977696197843019,0.178123651741087,0.3001677619361222
95,150,791e671c4f33e5f0,Pneumothorax,off,0.1013308383160582,0.0,0.0057225979547821,0.0112298626048289,1.632951328712673
95,150,791e671c4f33e5f0,Pneumothorax,on,0.1013308383160582,0.0,0.0924832194695387,0.1693080768683864,2.637771499297275
96,222,077ba979b42b2e06,Pneumonia,off,0.1536482318026987,1.0,0.2850631153185368,0.4344997411486963,1.8055373606305447
96,222,077ba979b42b2e06,Pneumonia,on,0.1536482318026987,1.0,0.5754717021987794,0.7305386368015132,1.5150031709800489
97,367,e392c9fcacb26e80,Pneumonia,off,0.1065840192194299,1.0,0.3241474183181485,0.4890034739734735,0.8651966935449825
97,367,e392c9fcacb26e80,Pneumonia,on,0.1065840192194299,1.0,0.2410524428117863,0.3884612959591577,0.6895884305975132
98,14,dc0b7cc379d0fccd,Pneumonia,off,0.1551247752291566,1.0,0.3358436022727152,0.5027621974674339,1.8170732496025088
98,14,dc0b7cc379d0fccd,Pneumonia,on,0.1551247752291566,1.0,0.3366035798977028,0.5036693670993176,1.6490851101044195
99,453,6a7ae10cef5405cd,Pneumothorax,off,0.1885492351699974,0.0,0.0,0.0,-0.2232586706387713
99,453,6a7ae10cef5405cd,Pneumothorax,on,0.1885492351699974,0.0,0.0,0.0,-0.4971952393022557
100,340,df9d2cb9cfb59860,Pneumothorax,off,0.1473668308894834,1.0,0.3130876272238316,0.4767577389440302,1.0389801039094622
100,340,df9d2cb9cfb59860,Pneumothorax,on,0.1473668308894834,1.0,0.2673800871386379,0.4219395096407449,0.9749687166835868
101,322,892a1f178fe73ab6,Pneumonia,off,0.1421477615504193,1.0,0.1733306122612438,0.2935318170507717,1.3072368628878974
101,322,892a1f178fe73ab6,Pneumonia,on,0.1421477615504193,1.0,0.4493171153077359,0.6199925255044942,0.9913224523691082
102,146,0abcdb1524aed62c,Pneumonia,off,0.1617667841079094,1.0,0.2021600940869754,0.3336571051314198,1.1041494607549085
102,146,0abcdb1524aed62c,Pneumonia,on,0.1617667841079094,1.0,0.3082536224726444,0.4712435358832296,0.8655191990029397
103,196,9cd672e6f6df4fad,Pneumothorax,off,0.1621956152020623,0.0,0.0,0.0,0.3134229059066818
103,196,9cd672e6f6df4fad,Pneumothorax,on,0.1621956152020623,0.0,0.0025431167882593,0.0050728390567717,-0.3186116874315122
104,269,8f693755259e29e4,Pneumothorax,off,0.175153136558338,1.0,0.4621460920868109,0.6226191897604754,1.7572250763915724
104,269,8f693755259e29e4,Pneumothorax,on,0.175153136558338,1.0,0.6407097065847582,0.7810139267124907,1.4457942528156618
105,273,3baee050c883a811,Pneumonia,off,0.1357981375085888,1.0,0.3105512820537576,0.4732765967818668,1.228352422300547
105,273,3baee050c883a811,Pneumonia,on,0.1357981375085888,1.0,0.3252246646801307,0.4908214472999725,1.0444593871525347
106,362,530e2b83ccfd49fe,Pneumothorax,off,0.1188495631283228,0.0,0.0,0.0,-0.2961411571973724
106,362,530e2b83ccfd49fe,Pneumothorax,on,0.1188495631283228,0.0,0.0,0.0,-0.3840199787794575
107,364,179927b58fab7ee0,Pneumothorax,off,0.1008484033351363,0.0,0.0,0.0,-0.2524779554527629
107,364,179927b58fab7ee0,Pneumothorax,on,0.1008484033351363,0.0,0.0,0.0,-0.3465462271588163
108,374,8fc340074e3658f5,Pneumonia,off,0.1092885789609617,1.0,0.5589756419893063,0.7151008377675454,2.671509008423287
108,374,8fc340074e3658f5,Pneumonia,on,0.1092885789609617,1.0,0.5081283681612137,0.6738441582651247,3.538632112301232
109,311,7a80693a8ceb051b,Pneumothorax,off,0.1801724095921718,1.0,0.234362206732723,0.3796864744985674,1.5147267449063788
109,311,7a80693a8ceb051b,Pneumothorax,on,0.1801724095921718,1.0,0.2037780626057591,0.3385632708934124,1.2154369793277569
110,235,6209aa50dc0a8a4a,Pneumonia,off,0.1597542018137606,1.0,0.2374922944922413,0.3809178650394104,1.147616527830314
110,235,6209aa50dc0a8a4a,Pneumonia,on,0.1597542018137606,1.0,0.3578063749176509,0.52703496248166,0.960816819929166
111,272,2588627431774c44,Pneumothorax,off,0.1276649659615319,0.0,0.0,0.0,0.3705991156364797
111,272,2588627431774c44,Pneumothorax,on,0.1276649659615319,0.0,0.0,0.0,-0.3958658504714319
112,313,8e5a6f1a03e3ba73,Pneumothorax,off,0.1630386581485217,1.0,0.3509664474745524,0.5195349604262615,1.6488568880720484
112,313,8e5a6f1a03e3ba73,Pneumothorax,on,0.1630386581485217,1.0,0.2882526137387956,0.4474992949118331,1.4135992103275097
113,106,54bd710f5acd0e34,Pneumonia,off,0.1073539659566588,1.0,0.4708415174055639,0.6346023410330807,2.426187068719675
113,106,54bd710f5acd0e34,Pneumonia,on,0.1073539659566588,1.0,0.6113262549251779,0.7587736004526815,3.307876656842002
114,136,b7a475c159e17b96,Pneumothorax,off,0.1413339570876521,0.0,0.0064765910064981,0.0126508657500764,1.0740489978265717
114,136,b7a475c159e17b96,Pneumothorax,on,0.1413339570876521,0.0,0.0858706715253204,0.1581584469205204,0.8870348593653018
115,129,025d0c502d76dbd1,Pneumothorax,off,0.1915510528290669,0.0,0.1905305000429026,0.318981153673858,1.7299369090082062
115,129,025d0c502d76dbd1,Pneumothorax,on,0.1915510528290669,0.0,0.1372699011355019,0.2413998923650942,1.6674913105714906
116,171,de0f216f69af3aa4,Pneumonia,off,0.2014141679945811,1.0,0.5539110239991627,0.7121461900923205,1.9283095120767288
116,171,de0f216f69af3aa4,Pneumonia,on,0.2014141679945811,1.0,0.5930341094102797,0.7445332773380847,1.7199841903858
117,49,b2b99029ccdf9b1a,Pneumothorax,off,0.1107602493068042,0.0,0.0436936913613132,0.0826615821636024,1.1075255434101337
117,49,b2b99029ccdf9b1a,Pneumothorax,on,0.1107602493068042,0.0,0.1735865874131973,0.2958208619242516,0.962903299941996
118,117,0f16ab8a0a186e36,Pneumonia,off,0.1737594355023415,1.0,0.4217125054446616,0.5925992555469772,1.8934617770653543
118,117,0f16ab8a0a186e36,Pneumonia,on,0.1737594355023415,1.0,0.3155658561001707,0.4797402801527671,1.588603042730486
119,193,db5f9901a838ad41,Pneumonia,off,0.114288359672334,1.0,0.3392130073984311,0.5027485962326148,1.805343509229662
119,193,db5f9901a838ad41,Pneumonia,on,0.114288359672334,1.0,0.5630859856202977,0.7204782335668108,1.7259932830079374
120,19,89a55b0c6e16ccee,Pneumothorax,off,0.0971058774225302,1.0,0.2662523486052898,0.4154787108750458,1.4325819482877462
120,19,89a55b0c6e16ccee,Pneumothorax,on,0.0971058774225302,1.0,0.652522960325273,0.7897239519184394,1.4953413220704077
121,18,68d594554781daaf,Pneumothorax,off,0.1480246967725587,0.0,0.0,0.0,0.3731920582363614
121,18,68d594554781daaf,Pneumothorax,on,0.1480246967725587,0.0,0.0,0.0,-0.3623158164258835
122,363,bf3a47063dba61d7,Pneumothorax,off,0.0953028375948423,0.0,0.0,0.0,-0.3355400567474454
122,363,bf3a47063dba61d7,Pneumothorax,on,0.0953028375948423,0.0,0.0,0.0,-0.3460242528386504
123,31,03100f6839353a88,Pneumonia,off,0.0924813239185415,1.0,0.574450503282222,0.7255985859308595,1.956000770929668
123,31,03100f6839353a88,Pneumonia,on,0.0924813239185415,1.0,0.4586950467437453,0.6287778577014141,2.384238716664113
124,30,d3484e6204746059,Pneumonia,off,0.1067253385572757,0.0,0.1157636311915456,0.2059579709156972,0.4786692888866314
124,30,d3484e6204746059,Pneumonia,on,0.1067253385572757,0.0,0.1342006075312168,0.2366353418749623,0.4642107542230965
125,397,f65b542b3dc69a6a,Pneumothorax,off,0.104283925168974,1.0,0.5066141285135413,0.6723761782579307,3.10057381907172
125,397,f65b542b3dc69a6a,Pneumothorax,on,0.104283925168974,1.0,0.3344274332139909,0.5012213332211866,3.660296045581536
126,338,d4643b9bd661e0f1,Pneumonia,off,0.1340048438421316,1.0,0.6115545218562884,0.7585411818757642,3.2286893334636395
126,338,d4643b9bd661e0f1,Pneumonia,on,0.1340048438421316,1.0,0.2605682321980723,0.4133865840655514,3.061159984236552
127,255,90debafa186291f2,Pneumothorax,off,0.1455248064168725,1.0,0.6026468326549415,0.7516582229129303,2.957511246783715
127,255,90debafa186291f2,Pneumothorax,on,0.1455248064168725,1.0,0.3883857964529268,0.5594642603377203,3.106899655827815
128,256,d500d2d19615d254,Pneumothorax,off,0.1472011461485607,0.0,0.0,0.0,-0.3413553553685118
128,256,d500d2d19615d254,Pneumothorax,on,0.1472011461485607,0.0,0.0,0.0,-0.4353015037617329
129,284,ad5c2e4baa04ebef,Pneumonia,off,0.1273628349633788,1.0,0.4063097084420766,0.5702620303860122,2.08781513354704
129,284,ad5c2e4baa04ebef,Pneumonia,on,0.1273628349633788,1.0,0.605122097017391,0.7539834987164797,2.078982029394547
130,329,a13a3c52d890e41c,Pneumonia,off,0.1973890034062833,1.0,0.2453284508983556,0.3927379439094333,1.078303148653548
130,329,a13a3c52d890e41c,Pneumonia,on,0.1973890034062833,1.0,0.2857542777845064,0.4444923233908689,0.6892122121178491
131,98,56da5643e7a2b4a6,Pneumothorax,off,0.1535653894322373,0.0,0.0047033397361514,0.0092616965585283,1.1326713371770292
131,98,56da5643e7a2b4a6,Pneumothorax,on,0.1535653894322373,0.0,0.0509010711905934,0.0968711186592545,0.9046816256278636
132,208,6ecfeeee8a984695,Pneumonia,off,0.167619353926972,1.0,0.3363739900977093,0.5028134142642992,1.399929695773135
132,208,6ecfeeee8a984695,Pneumonia,on,0.167619353926972,1.0,0.3680589301515528,0.5380744894012867,1.1241529182438652
133,292,439f83b97f776b7e,Pneumonia,off,0.1478297735479438,1.0,0.6728866642306067,0.8016421827314429,3.2169354428314154
133,292,439f83b97f776b7e,Pneumonia,on,0.1478297735479438,1.0,0.3197575754028529,0.4845525710064041,2.9979544105486133
134,233,99dd658ed527a4a3,Pneumonia,off,0.106808180927737,1.0,0.1431100558804806,0.2490359886064209,0.6173645642526707
134,233,99dd658ed527a4a3,Pneumonia,on,0.106808180927737,1.0,0.2952431190755499,0.4558880649471574,0.5886594898829709
135,178,67064801bb33c533,Pneumothorax,off,0.1694662514801982,0.0,0.0,0.0,0.3057271132439521
135,178,67064801bb33c533,Pneumothorax,on,0.1694662514801982,0.0,0.0,0.0,-0.4509677359416657
136,90,b39ee401f01fc11c,Pneumothorax,off,0.143268570091955,0.0,0.0088344645981493,0.017354954410533,0.9782115137888264
136,90,b39ee401f01fc11c,Pneumothorax,on,0.143268570091955,0.0,0.0421269414503361,0.0808477009485056,0.6510396573459055
137,423,0b407bb0207960fa,Pneumothorax,off,0.1408953798322685,0.0,0.0594437231318015,0.1106284051949315,1.0442800776924464
137,423,0b407bb0207960fa,Pneumothorax,on,0.1408953798322685,0.0,0.1331463232263739,0.2350028649040682,0.7769694000160823
138,268,b1a4805d5709bd1f,Pneumothorax,off,0.1005706377400601,0.0,0.0,0.0,-0.1975118520216753
138,268,b1a4805d5709bd1f,Pneumothorax,on,0.1005706377400601,0.0,0.0,0.0,-0.3482793415376006
139,444,c97c679d5ab523d8,Pneumothorax,off,0.1319289114999829,1.0,0.3311838396621837,0.4914142897581318,1.5204301640876623
139,444,c97c679d5ab523d8,Pneumothorax,on,0.1319289114999829,1.0,0.5266870609360378,0.6899731855081674,1.3465996310877617
140,414,8b08482972e09a3c,Pneumonia,off,0.1237859937916952,1.0,0.5183148535060158,0.6797337146198277,2.391533087377796
140,414,8b08482972e09a3c,Pneumonia,on,0.1237859937916952,1.0,0.498139349262373,0.6649845543282481,2.976862671220992
141,415,75725f616cc29fbf,Pneumonia,off,0.1430882661091862,0.0,0.02356995214682,0.0448720401605661,0.9502730863986704
141,415,75725f616cc29fbf,Pneumonia,on,0.1430882661091862,0.0,0.085434551878225,0.1574199139706604,0.6947125773311593
142,372,afe0b97320465cbb,Pneumonia,off,0.1015257615406731,1.0,0.4906601926811184,0.6574816370131508,2.8995457278913737
142,372,afe0b97320465cbb,Pneumonia,on,0.1015257615406731,1.0,0.3814974952045035,0.5522853849540682,3.823637252411884
143,78,30032890ee6eaef2,Pneumothorax,off,0.1415678649571899,1.0,0.3992290029285146,0.5690889533055506,1.3177516405583598
143,78,30032890ee6eaef2,Pneumothorax,on,0.1415678649571899,1.0,0.3241613875380078,0.4896078745025028,1.1114662773034698
144,46,40849f8f4588d1e3,Pneumonia,off,0.1816830645829374,1.0,0.3550368317037422,0.5239964021842236,1.911700322908833
144,46,40849f8f4588d1e3,Pneumonia,on,0.1816830645829374,1.0,0.3459196241939102,0.5140268907456803,1.6755233617589256
145,96,857b3bc9b7ac72d7,Pneumothorax,off,0.1283228318446072,0.0,0.0431443902525931,0.0814000493546673,1.0809481978845734
145,96,857b3bc9b7ac72d7,Pneumothorax,on,0.1283228318446072,0.0,0.1381065723368428,0.2426951219605392,0.9006372753828501
146,454,358aad16166fb6c3,Pneumothorax,off,0.1610845528217573,0.0,0.0017724187915925,0.0035136988538026,0.7518621172383655
146,454,358aad16166fb6c3,Pneumothorax,on,0.1610845528217573,0.0,0.0672475544226229,0.1260150146932397,0.2989693479483376
147,274,3ca26b9b28c3dc4d,Pneumonia,off,0.1588380626580705,0.0,0.227960587503028,0.3701190485194827,0.6269597934466008
147,274,3ca26b9b28c3dc4d,Pneumonia,on,0.1588380626580705,0.0,0.2240530298685859,0.3660763392212792,0.6604833757810613
148,324,1a2e21229d1c588a,Pneumothorax,off,0.1456953642384106,0.0,0.0,0.0,0.0005691149615385
148,324,1a2e21229d1c588a,Pneumothorax,on,0.1456953642384106,0.0,0.0,0.0,-0.4323075358282138
149,184,b41834be3e29c44f,Pneumothorax,off,0.1315195727282916,0.0,0.0,0.0,0.5450126401278038
149,184,b41834be3e29c44f,Pneumothorax,on,0.1315195727282916,0.0,0.0730707702311156,0.1361880846577239,0.3327414656959785
150,20,366f1766916dfa75,Pneumothorax,off,0.174734051625416,0.0,0.0,0.0,-0.237032457943546
150,20,366f1766916dfa75,Pneumothorax,on,0.174734051625416,0.0,0.0,0.0,-0.4925054690662762
151,361,b1c8137ad484eac1,Pneumonia,off,0.1325380465769045,1.0,0.3518974270609803,0.5183744458396942,1.5135394831891202
151,361,b1c8137ad484eac1,Pneumonia,on,0.1325380465769045,1.0,0.4551097435168765,0.6255331596524097,1.2050691786756194
152,401,c46bd3cf28d24372,Pneumothorax,off,0.0980756204649893,0.0,0.0,0.0,-0.35886997025572
152,401,c46bd3cf28d24372,Pneumothorax,on,0.0980756204649893,0.0,0.0,0.0,-0.3521844587466426
153,400,c4ab7b3220d45f3d,Pneumonia,off,0.1603974484549898,1.0,0.2144560944723661,0.3527936604878222,0.6052884462315737
153,400,c4ab7b3220d45f3d,Pneumonia,on,0.1603974484549898,1.0,0.2019043064111865,0.3359719928415777,0.6074983084830591
154,351,cee781693007010c,Pneumonia,off,0.1503394100648607,1.0,0.503694077658463,0.6694820280293369,2.4289114964283804
154,351,cee781693007010c,Pneumonia,on,0.1503394100648607,1.0,0.4153931929638816,0.5869592951355189,2.402858968270298
155,332,8c9146cd6f056c49,Pneumonia,off,0.1109892840957268,1.0,0.4171424138820137,0.5883758944564013,2.174069618571404
155,332,8c9146cd6f056c49,Pneumonia,on,0.1109892840957268,1.0,0.3334631531986999,0.5001445551990499,2.412332379699933
156,418,16feb1569a29f5a0,Pneumothorax,off,0.1691446281595836,0.0,0.0,0.0,-0.1189767746056083
156,418,16feb1569a29f5a0,Pneumothorax,on,0.1691446281595836,0.0,0.0039125960485783,0.0077944650653748,-0.3976836108010085
157,103,a640eeb65f3ac9d2,Pneumothorax,off,0.1866292414075406,0.0,0.0008019197472737,0.0015974344235016,0.7358549360586082
157,103,a640eeb65f3ac9d2,Pneumothorax,on,0.1866292414075406,0.0,0.0285383960084627,0.0554914215049612,0.187017250074906
158,139,1a868aa2c2a7ab1b,Pneumonia,off,0.1686475739368156,1.0,0.3389029023941985,0.5057795093747844,2.116709523403165
158,139,1a868aa2c2a7ab1b,Pneumonia,on,0.1686475739368156,1.0,0.24926771534344,0.3990593685657493,2.027561961013732
159,42,6a382312bfef556a,Pneumothorax,off,0.1391654362138112,1.0,0.3009089179016517,0.4609799413721567,1.3540439871483705
159,42,6a382312bfef556a,Pneumothorax,on,0.1391654362138112,1.0,0.429307495733825,0.6007201089798638,1.0762593083427092
160,246,ac9879b3bcc1d5b9,Pneumothorax,off,0.1242879210950786,1.0,0.2853545906275924,0.4385104589181627,1.646428694934722
160,246,ac9879b3bcc1d5b9,Pneumothorax,on,0.1242879210950786,1.0,0.6448554395627017,0.7840856315613361,1.514921246650337
161,166,07f6d43ff7442163,Pneumonia,off,0.1583020237903795,1.0,0.4784961558980658,0.6468300633854922,2.0273080501901948
161,166,07f6d43ff7442163,Pneumonia,on,0.1583020237903795,1.0,0.4312673397457894,0.6026346438384577,1.7999101453883406
162,195,94310590493db21b,Pneumothorax,off,0.1374647310790462,0.0,0.0,0.0,0.3566634282109706
162,195,94310590493db21b,Pneumothorax,on,0.1374647310790462,0.0,0.0028232496690095,0.0056297892329156,-0.2583426652869628
163,262,421b40d76dc65ae9,Pneumothorax,off,0.1649683980722093,1.0,0.2532069106246309,0.3965529978569498,1.802467378164676
163,262,421b40d76dc65ae9,Pneumothorax,on,0.1649683980722093,1.0,0.6084215143539309,0.7565362673627054,1.3372200182108431
164,342,9981e0f0e8d3ad3b,Pneumonia,off,0.1182989050187857,0.0,0.0,0.0,-3.124619911440025
164,342,9981e0f0e8d3ad3b,Pneumonia,on,0.1182989050187857,0.0,0.0,0.0,-0.3961136028323692
165,199,5db9065ecfba6f94,Pneumonia,off,0.1656506293583614,0.0,0.2423091636214521,0.3886741448044669,1.093395253350605
165,199,5db9065ecfba6f94,Pneumonia,on,0.1656506293583614,0.0,0.3143689783950446,0.4783550056377535,0.7389780285609253
166,177,c1d43e09d7d9bec7,Pneumonia,off,0.1342777363565925,1.0,0.2398049496566898,0.3839296994389683,1.4857613306211308
166,177,c1d43e09d7d9bec7,Pneumonia,on,0.1342777363565925,1.0,0.522124821796866,0.6860319933642834,1.1810960093340337
167,74,a95e5c78f29d3c6f,Pneumothorax,off,0.1594715631380689,0.0,0.0,0.0,0.4149366467868587
167,74,a95e5c78f29d3c6f,Pneumothorax,on,0.1594715631380689,0.0,0.0,0.0,-0.4137723941997859
168,73,6376c511055a284e,Pneumonia,off,0.1177726123123254,1.0,0.4249659521267011,0.594552554408537,1.9980960739230664
168,73,6376c511055a284e,Pneumonia,on,0.1177726123123254,1.0,0.5042806717193061,0.6704592411767809,2.1939564691624174
169,72,b94add6384c3c56b,Pneumonia,off,0.1594666900574536,0.0,0.1050448152949963,0.1806428400463545,1.7026749311512728
169,72,b94add6384c3c56b,Pneumonia,on,0.1594666900574536,0.0,0.3489637771437242,0.5173802062359203,1.987576032394237
170,240,04541ecb15f3ec4a,Pneumonia,off,0.1328645429781345,1.0,0.4311649767001797,0.6008080932305188,1.2858735206041982
170,240,04541ecb15f3ec4a,Pneumonia,on,0.1328645429781345,1.0,0.4339652073520678,0.6052559193569602,1.1759128381949546
171,254,36e588acb178eced,Pneumothorax,off,0.1241904594827712,0.0,0.2137577297199819,0.3501358922128094,1.472700006112294
171,254,36e588acb178eced,Pneumothorax,on,0.1241904594827712,0.0,0.3027250940786822,0.4647558794531431,1.4322584865065329
172,320,75bba632288ce1d3,Pneumonia,off,0.1090985288169622,0.0,0.2204856873855389,0.3591272127751255,1.1790073271499573
172,320,75bba632288ce1d3,Pneumonia,on,0.1090985288169622,0.0,0.3838801290094973,0.5547878300803492,1.1061714116055534
173,128,48d3207f19c2ee8f,Pneumonia,off,0.1475666271947137,0.0,0.0516221283298317,0.0952625323255548,0.5798082105982098
173,128,48d3207f19c2ee8f,Pneumonia,on,0.1475666271947137,0.0,0.1246359150355503,0.2216451001306306,0.3708778353906107
174,93,8bfe346954ca2a54,Pneumothorax,off,0.1370895038716625,0.0,0.1811177623136021,0.3043794083602593,1.556619589955493
174,93,8bfe346954ca2a54,Pneumothorax,on,0.1370895038716625,0.0,0.2112681384224398,0.3488362479016063,1.5004642226125746
175,190,18ade169c0e38f1b,Pneumonia,off,0.1116227845757252,1.0,0.3564509892452888,0.5223877632589553,1.6461863888361363
175,190,18ade169c0e38f1b,Pneumonia,on,0.1116227845757252,1.0,0.5166043017616022,0.6812643541268032,1.5536811543989442
176,191,b6743168ef9bbb93,Pneumonia,off,0.0993913522311399,0.0,0.0,0.0,0.5546414435758283
176,191,b6743168ef9bbb93,Pneumonia,on,0.0993913522311399,0.0,0.0,0.0,-0.3268783634345308
177,435,8065b42d7d8e8e46,Pneumothorax,off,0.1164081497400211,0.0,0.0,0.0,0.2394526209882752
177,435,8065b42d7d8e8e46,Pneumothorax,on,0.1164081497400211,0.0,0.0,0.0,-0.3619221078147351
178,132,b3b7784bd1c963b0,Pneumonia,off,0.1513871223971658,1.0,0.3070736156489338,0.4683629855634901,1.497358080527285
178,132,b3b7784bd1c963b0,Pneumonia,on,0.1513871223971658,1.0,0.440113136562326,0.6112171085534228,1.145768892316388
179,442,ba6337453bd8fbe2,Pneumothorax,off,0.1835055967330867,0.0,0.1340186305673659,0.2362906848791045,1.4636714540858382
179,442,ba6337453bd8fbe2,Pneumothorax,on,0.1835055967330867,0.0,0.1256646584098006,0.2232717723965444,1.2395368902623
180,198,2cf513fbcdcd7d1d,Pneumonia,off,0.102714793210824,1.0,0.4396293046864059,0.6067999054074444,2.4947812424452307
180,198,2cf513fbcdcd7d1d,Pneumonia,on,0.102714793210824,1.0,0.4838023259884686,0.6520945977505179,3.627659171013451
181,107,c5ba0875d8eeea25,Pneumonia,off,0.1348478867885911,1.0,0.2298858986322745,0.3721708571433985,1.11993356659445
181,107,c5ba0875d8eeea25,Pneumonia,on,0.1348478867885911,1.0,0.3509421850045887,0.5195504621267631,0.8475513260234832
182,108,61aef6e6626a971f,Pneumonia,off,0.1124512082803385,0.0,0.0,0.0,-0.4808590253724542
182,108,61aef6e6626a971f,Pneumonia,on,0.1124512082803385,0.0,0.0,0.0,-0.3760522294226441
183,416,a9e2cbe7c06e2ec5,Pneumothorax,off,0.1645249477362104,0.0,0.0696820831458955,0.1257072616701806,1.0125574359900051
183,416,a9e2cbe7c06e2ec5,Pneumothorax,on,0.1645249477362104,0.0,0.1344133927620611,0.236974264058868,0.752105306777039
184,404,52ccf86e7ccceedc,Pneumothorax,off,0.1831449887675491,1.0,0.2359503113795502,0.377506000358634,1.0661391531483566
184,404,52ccf86e7ccceedc,Pneumothorax,on,0.1831449887675491,1.0,0.4127420460208445,0.5843079199972224,0.8346222229136503
185,278,edde383473e98087,Pneumothorax,off,0.0920963505499271,1.0,0.313994795568873,0.474008868974969,1.2138132735485536
185,278,edde383473e98087,Pneumothorax,on,0.0920963505499271,1.0,0.4783015014396669,0.647095945315556,1.1349886698594298
186,263,7c7dd650c6019dc0,Pneumothorax,off,0.1104873567923434,1.0,0.133127325562308,0.2335372429881699,0.7124888265684961
186,263,7c7dd650c6019dc0,Pneumothorax,on,0.1104873567923434,1.0,0.2017252637906314,0.3357256591943621,0.5023112047754595
187,223,d48d2e3b0dc01ccf,Pneumonia,off,0.1090546710914238,1.0,0.2359905213706024,0.380708469434323,0.9485041611838622
187,223,d48d2e3b0dc01ccf,Pneumonia,on,0.1090546710914238,1.0,0.3581894309043935,0.5274508720260447,0.8402944012485293
188,344,3b0617fc4bf3f405,Pneumonia,off,0.08624865381148,1.0,0.6135040921691054,0.7564978407181521,2.1417400503918747
188,344,3b0617fc4bf3f405,Pneumonia,on,0.08624865381148,1.0,0.6856744482868508,0.8135209394309649,3.286731645431068
189,343,f74f3a36930f15e4,Pneumonia,off,0.0737297097105877,0.0,0.0609305596504358,0.1143500126941096,-0.3041754765760448
189,343,f74f3a36930f15e4,Pneumonia,on,0.0737297097105877,0.0,0.0147466862597524,0.0290619025464567,-0.1864585613511162
190,334,121f00b6460da473,Pneumonia,off,0.1547982788279266,0.0,0.0801887280117117,0.1333235268164427,1.1909995352684208
190,334,121f00b6460da473,Pneumonia,on,0.1547982788279266,0.0,0.2272321050418431,0.3703128686843463,1.3625697101778198
191,289,c47ec9ec3990eaf3,Pneumonia,off,0.1050148872612799,1.0,0.4404018998526533,0.6033654497043,1.7344523993692855
191,289,c47ec9ec3990eaf3,Pneumonia,on,0.1050148872612799,1.0,0.6872478710639689,0.8146298720148646,1.8996186639483896
192,288,d7bb30eed043ee33,Pneumonia,off,0.1170124117363273,1.0,0.3302244032367575,0.4951128743449812,1.455196378610898
192,288,d7bb30eed043ee33,Pneumonia,on,0.1170124117363273,1.0,0.3838984012018407,0.5548071670643188,1.2620447553248308
193,431,9f93ab8d1df09a76,Pneumothorax,off,0.1888513661681505,0.0,0.0511986846965484,0.0957345328565185,0.6739845783565862
193,431,9f93ab8d1df09a76,Pneumothorax,on,0.1888513661681505,0.0,0.1058562218887371,0.1914459736544879,0.3857906246287765
194,430,14db6ee01e29879b,Pneumothorax,off,0.2062823755293383,0.0,0.147073414489313,0.2551416638734749,1.980026159226685
194,430,14db6ee01e29879b,Pneumothorax,on,0.2062823755293383,0.0,0.1050777858009923,0.1901711423461523,2.114938354742783
195,45,d81040617f1c56b9,Pneumothorax,off,0.1226651852501596,0.0,0.0816976453737035,0.1500813609738311,0.6581368118225747
195,45,d81040617f1c56b9,Pneumothorax,on,0.1226651852501596,0.0,0.1560989433562169,0.2700437746180795,0.5822989374827978
196,206,1cf185c35f8ce322,Pneumothorax,off,0.1811518987958617,0.0,0.1823829686908801,0.3083595543866323,1.6027555851536672
196,206,1cf185c35f8ce322,Pneumothorax,on,0.1811518987958617,0.0,0.1687651862480035,0.2887918975454699,1.403360247270821
197,207,fe64161a616d5561,Pneumonia,off,0.1579365427442266,0.0,0.0147054325323609,0.0281051186414531,0.3804508213642202
197,207,fe64161a616d5561,Pneumonia,on,0.1579365427442266,0.0,0.1284948638789759,0.2277099630624854,0.1192729707396638
198,398,c3a8a9bbdf1983ae,Pneumothorax,off,0.1739251202432641,0.0,0.0078949318905785,0.0154442048631472,0.7610205030698651
198,398,c3a8a9bbdf1983ae,Pneumothorax,on,0.1739251202432641,0.0,0.0443965570735731,0.085017122478271,0.3222401553787454
199,67,8bcac9f76ba883ad,Pneumothorax,off,0.1046299138926655,0.0,0.0,0.0,0.0420770189575001
199,67,8bcac9f76ba883ad,Pneumothorax,on,0.1046299138926655,0.0,0.0,0.0,-0.3559617421718923
200,100,5ba3a4ec085622eb,Pneumothorax,off,0.1804209367035558,0.0,8.82933416432949e-05,0.0001765087605451,0.3237945577495811
200,100,5ba3a4ec085622eb,Pneumothorax,on,0.1804209367035558,0.0,0.0038244858852796,0.0076192921189678,-0.3192384186863359
201,412,6adfce3be1051462,Pneumothorax,off,0.1992310278788942,0.0,0.0,0.0,-0.2448423769570945
201,412,6adfce3be1051462,Pneumothorax,on,0.1992310278788942,0.0,0.0,0.0,-0.524031258158174
202,407,2d2ee9d090034632,Pneumothorax,off,0.1206720952784722,0.0,0.0,0.0,0.643220342149743
202,407,2d2ee9d090034632,Pneumothorax,on,0.1206720952784722,0.0,0.021362556389839,0.0418259998757862,0.1805162999548878
203,138,b6372b688f2df234,Pneumothorax,off,0.1589647627540702,0.0,0.1679973328692716,0.2846982178623006,1.7568788363223544
203,138,b6372b688f2df234,Pneumothorax,on,0.1589647627540702,0.0,0.1976053442016879,0.329996640883428,2.1837598904351854
204,137,b1e72898c89b15bd,Pneumonia,off,0.1708307140525025,0.0,0.0723691187370657,0.1289294427982411,0.819357306140225
204,137,b1e72898c89b15bd,Pneumonia,on,0.1708307140525025,0.0,0.2252618925174239,0.3676954980544786,0.589608338988541
205,238,b346774a4dbee0ea,Pneumonia,off,0.1215687421117007,1.0,0.4115486382198943,0.5822546724496394,1.9342679542223729
205,238,b346774a4dbee0ea,Pneumonia,on,0.1215687421117007,1.0,0.4519605475475157,0.6225505607679918,1.892170188199916
206,426,4120f29e59ccdaf6,Pneumothorax,off,0.1089036055923473,0.0,0.0,0.0,-0.2473070993297056
206,426,4120f29e59ccdaf6,Pneumothorax,on,0.1089036055923473,0.0,0.0,0.0,-0.3612390416739806
207,427,db25433da7613cdf,Pneumothorax,off,0.1047955986335882,0.0,0.0196234476551058,0.0381903961844719,1.150771934808052
207,427,db25433da7613cdf,Pneumothorax,on,0.1047955986335882,0.0,0.0857516021134038,0.1579579994390226,1.027539296393903
208,280,96d3da5e8964b6d6,Pneumothorax,off,0.1279817162015311,1.0,0.3901494640727115,0.5564499791298264,2.200114114521248
208,280,96d3da5e8964b6d6,Pneumothorax,on,0.1279817162015311,1.0,0.6522888842430523,0.7895578653797531,2.4912272710832544
209,378,b4acace0017c25d0,Pneumonia,off,0.107748685486504,0.0,0.2358670678903755,0.3809684572963813,1.8224417763260052
209,378,b4acace0017c25d0,Pneumonia,on,0.107748685486504,0.0,0.2801557127703279,0.4376888913177834,2.1546090364146178
210,396,7d354e4232c4250f,Pneumonia,off,0.0961410074606864,1.0,0.1389342205634307,0.2425562130386699,0.7207069188876908
210,396,7d354e4232c4250f,Pneumonia,on,0.0961410074606864,1.0,0.2870270128849576,0.4460310591768137,0.580926605882834
211,69,53d456a7677f9d60,Pneumothorax,off,0.1573517730703819,0.0,0.0,0.0,1.0737029891008545
211,69,53d456a7677f9d60,Pneumothorax,on,0.1573517730703819,0.0,0.1280570206974193,0.2270352263355322,0.7992179820270626
212,125,80eec41176dc56fd,Pneumothorax,off,0.1066863539123527,0.0,0.0,0.0,0.3999699990660689
212,125,80eec41176dc56fd,Pneumothorax,on,0.1066863539123527,0.0,0.0175696853109227,0.034525871441175,0.0025840458286636
213,16,b193933781c53116,Pneumothorax,off,0.186151679507234,0.0,0.0,0.0,-0.2072398411049502
213,16,b193933781c53116,Pneumothorax,on,0.186151679507234,0.0,0.0,0.0,-0.498064242621436
214,325,a5bdd073b780ec4a,Pneumonia,off,0.1134745552095668,1.0,0.4530307833196935,0.621733630875552,2.294089730684775
214,325,a5bdd073b780ec4a,Pneumonia,on,0.1134745552095668,1.0,0.4268002270838631,0.5982599742519705,2.787863225133566
215,11,175d85705c27b3df,Pneumonia,off,0.1436632896218002,0.0,0.0,0.0,-2.239237386764483
215,11,175d85705c27b3df,Pneumonia,on,0.1436632896218002,0.0,0.0,0.0,-0.4496175661065468
216,457,b47768dffffa9beb,Pneumothorax,off,0.1489115974445565,0.0,0.1139027299828488,0.2038525632631065,1.035683096066888
216,457,b47768dffffa9beb,Pneumothorax,on,0.1489115974445565,0.0,0.1261989944195246,0.2241148954613679,0.8157389683107853
217,413,be051a60e9c8a365,Pneumothorax,off,0.1284738973436837,1.0,0.2721993127147766,0.4220552380074974,1.5612192664456332
217,413,be051a60e9c8a365,Pneumothorax,on,0.1284738973436837,1.0,0.6089994804483473,0.7569875618931738,1.5440584054439397
218,385,7ccf19b06023b219,Pneumothorax,off,0.1573566461509973,0.0,0.0,0.0,-0.2323332878792114
218,385,7ccf19b06023b219,Pneumothorax,on,0.1573566461509973,0.0,0.0,0.0,-0.4545407030477247
219,248,b968112f0bbfbd97,Pneumonia,off,0.1640084011909809,1.0,0.1806215220081901,0.3055507272650957,1.0858361989735563
219,248,b968112f0bbfbd97,Pneumonia,on,0.1640084011909809,1.0,0.3182046375561943,0.4827832645015231,0.7729515876524168
220,357,e7127915e33fe1cd,Pneumothorax,off,0.1954251519182882,0.0,0.0613493729080057,0.1155417100339868,0.4334301285539002
220,357,e7127915e33fe1cd,Pneumothorax,on,0.1954251519182882,0.0,0.0670737710663931,0.1257152807007694,0.2447289792136701
221,356,04c74a41b993bc82,Pneumothorax,off,0.1226944237338518,0.0,0.0,0.0,0.2088634056804385
221,356,04c74a41b993bc82,Pneumothorax,on,0.1226944237338518,0.0,0.0203648879469506,0.0398816137743861,0.0003439756290215
222,260,d73038ab9e48f2c0,Pneumonia,off,0.1077389393252732,1.0,0.4741249526040539,0.6418118097311375,2.533036509357321
222,260,d73038ab9e48f2c0,Pneumonia,on,0.1077389393252732,1.0,0.4134906365760516,0.5850543167905465,3.2076178250584
223,32,62eada75bf2837e8,Pneumonia,off,0.1290099362113747,1.0,0.3403181300108568,0.5072088240056802,1.621687552164901
223,32,62eada75bf2837e8,Pneumonia,on,0.1290099362113747,1.0,0.3823626876000038,0.5532002647302413,1.4651382799765476
224,70,e3504747c728649b,Pneumothorax,off,0.1114473536735718,0.0,0.0,0.0,-0.3258904176800012
224,70,e3504747c728649b,Pneumothorax,on,0.1114473536735718,0.0,0.0,0.0,-0.3698406485526964
225,79,8a8c5bb34a6b86f0,Pneumothorax,off,0.121939096238469,1.0,0.4246230123485414,0.5939776344038054,1.815992426394744
225,79,8a8c5bb34a6b86f0,Pneumothorax,on,0.121939096238469,1.0,0.3909417396696816,0.5621180995291761,1.6579743676142835
226,135,8f7cd7675aaf7c8c,Pneumothorax,off,0.1302233332846025,0.0,0.0,0.0,0.436161333956106
226,135,8f7cd7675aaf7c8c,Pneumothorax,on,0.1302233332846025,0.0,0.0482543577041262,0.0920635637694474,0.2940871973303885
227,144,ef34d81df7c0b493,Pneumonia,off,0.1186107821781695,1.0,0.4339357811967469,0.6029409074861727,1.5829349839993292
227,144,ef34d81df7c0b493,Pneumonia,on,0.1186107821781695,1.0,0.5175222153358287,0.6820570786564575,1.5362712468190058
228,145,9d58e7f871787719,Pneumonia,off,0.1498179904390158,0.0,0.0248666168065523,0.0473470728543623,0.2441924542968975
228,145,9d58e7f871787719,Pneumonia,on,0.1498179904390158,0.0,0.0603937889212439,0.1139047844378426,0.0979465879360871
229,37,f4555291d75fe507,Pneumothorax,off,0.1322164232562899,0.0,0.1983761082852186,0.3278591986481022,1.2916472397394136
229,37,f4555291d75fe507,Pneumothorax,on,0.1322164232562899,0.0,0.4009177029485188,0.5723620133576672,1.0337524820567343
230,172,9e8b2f979cd78f75,Pneumonia,off,0.0985385631234497,1.0,0.3204271142397351,0.4802533903155866,1.2880026282768902
230,172,9e8b2f979cd78f75,Pneumonia,on,0.0985385631234497,1.0,0.5405350215808518,0.7017476605065254,1.2908181693812124
231,399,2530a1d7ac18389f,Pneumothorax,off,0.1139131324649503,1.0,0.3533706175125172,0.5213827521351504,1.0714202801939634
231,399,2530a1d7ac18389f,Pneumothorax,on,0.1139131324649503,1.0,0.3121852605311764,0.4758217121327616,0.9218841880717412
232,382,c62c43b5231675b0,Pneumothorax,off,0.1003757145154452,0.0,0.0,0.0,0.1427725619532109
232,382,c62c43b5231675b0,Pneumothorax,on,0.1003757145154452,0.0,0.0002670157476304,0.0005336086353847,-0.2891009178053539
233,394,e1ee24695381078c,Pneumothorax,off,0.1622979498949851,0.0,0.0036854137410738,0.0072814990915714,0.2730287249323386
233,394,e1ee24695381078c,Pneumothorax,on,0.1622979498949851,0.0,0.025532359318154,0.0497921443831998,0.0086214077064174
234,201,885246ee6a0cbe93,Pneumothorax,off,0.1681066619885092,0.0,0.0,0.0,-0.4283500823049525
234,201,885246ee6a0cbe93,Pneumothorax,on,0.1681066619885092,0.0,0.0,0.0,-0.4675079809283717
235,116,0534d639197316e3,Pneumonia,off,0.1675560038789721,1.0,0.2253758704160208,0.3671409470348206,1.1908596690793023
235,116,0534d639197316e3,Pneumonia,on,0.1675560038789721,1.0,0.3226558285373125,0.4878885281468522,0.8118506041943339
236,118,597abd2b1fb4b28c,Pneumonia,off,0.1047030101018961,1.0,0.412992008276684,0.5804773589219266,2.290054923493967
236,118,597abd2b1fb4b28c,Pneumonia,on,0.1047030101018961,1.0,0.5602426064177235,0.718143028919879,3.0731634483128176
237,230,e6689043e54e49db,Pneumothorax,off,0.1334298203295177,1.0,0.3255830767820654,0.4844500049152714,1.6513030397936357
237,230,e6689043e54e49db,Pneumothorax,on,0.1334298203295177,1.0,0.5451858908930228,0.7056559523476398,1.5464952695172396
238,231,87e1e30b9906f02d,Pneumothorax,off,0.1275382658655322,0.0,0.0,0.0,0.1949865009871892
238,231,87e1e30b9906f02d,Pneumothorax,on,0.1275382658655322,0.0,0.0939910529609579,0.171822535599343,0.1696615433332864
239,159,ec1c1b6a957bd691,Pneumonia,off,0.1785301814247913,1.0,0.2374839105436494,0.3803788228604051,1.507675491114078
239,159,ec1c1b6a957bd691,Pneumonia,on,0.1785301814247913,1.0,0.4812600248618099,0.6497913453227688,1.0840464746583192
240,411,d4c0f96bcd7c42a0,Pneumothorax,off,0.1067838155246602,0.0,0.0883507091848917,0.1604875317243795,1.414577471400149
240,411,d4c0f96bcd7c42a0,Pneumothorax,on,0.1067838155246602,0.0,0.229845282327308,0.3737790911945832,1.494054962336096
241,91,5a5ab9e7fc7ac9c1,Pneumonia,off,0.1468843959085615,0.0,0.1168767010564159,0.207281697917267,0.8202711328416152
241,91,5a5ab9e7fc7ac9c1,Pneumonia,on,0.1468843959085615,0.0,0.2090669764544043,0.3458312712955224,0.6430991945704766
242,387,0fc1bd6976bca990,Pneumothorax,off,0.1640912435614422,1.0,0.238220843420576,0.3839675035854126,1.4734243746388678
242,387,0fc1bd6976bca990,Pneumothorax,on,0.1640912435614422,1.0,0.2357632450561406,0.3815657366531282,1.2286011169526505
243,71,ef6749004f2f4cc3,Pneumonia,off,0.103996413412667,0.0,0.3852447619390484,0.5541123547905155,2.526963200138139
243,71,ef6749004f2f4cc3,Pneumonia,on,0.103996413412667,0.0,0.3407609027138544,0.508299104387638,3.631648183150357
244,160,b49bdd3279bc0b27,Pneumonia,off,0.1408905067516531,1.0,0.2647340189550587,0.4078959598927493,1.5570277993631754
244,160,b49bdd3279bc0b27,Pneumonia,on,0.1408905067516531,1.0,0.4711394338377957,0.6405080980816951,1.583835018852372
245,156,b6bb19f178bd17d9,Pneumonia,off,0.1122026811689545,1.0,0.2046571189529375,0.3369885413676668,0.8636044624850935
245,156,b6bb19f178bd17d9,Pneumonia,on,0.1122026811689545,1.0,0.3952270909339593,0.5665415187068851,0.7958527118660106
246,179,2a8d2dfcfc83516d,Pneumothorax,off,0.1527418388082394,1.0,0.2247112319066972,0.3658213281286732,1.1105027215310213
246,179,2a8d2dfcfc83516d,Pneumothorax,on,0.1527418388082394,1.0,0.2853171903999794,0.4439638537086613,0.8327793182819303
247,314,edc87ee173bd5f41,Pneumonia,off,0.1278452699443006,1.0,0.1871693222764205,0.3127057214649958,0.924220719923046
247,314,edc87ee173bd5f41,Pneumonia,on,0.1278452699443006,1.0,0.3459643735761863,0.5140744181084135,0.6913110469913453
248,237,620d12ad6a1b20b4,Pneumonia,off,0.1400572099664244,1.0,0.4662618002280785,0.6355038965867859,1.9068087461971
248,237,620d12ad6a1b20b4,Pneumonia,on,0.1400572099664244,1.0,0.3446792292313408,0.5126500065763995,1.66329118912596
249,3,ffb56bf454825a08,Pneumonia,off,0.1766589184684882,0.0,0.1448347546900687,0.2529328368841873,0.593124759014943
249,3,ffb56bf454825a08,Pneumonia,on,0.1766589184684882,0.0,0.1536477925129289,0.2663685892967971,0.4490473023071444
250,175,6bcddd6d8e8c8a7e,Pneumothorax,off,0.1614938915934486,0.0,0.0,0.0,-0.2922188243845212
250,175,6bcddd6d8e8c8a7e,Pneumothorax,on,0.1614938915934486,0.0,0.0,0.0,-0.4719421170389256
251,216,811bd9a2d86b8853,Pneumonia,off,0.1177628661510947,1.0,0.2371331871849634,0.3812859650252406,1.0803240733761124
251,216,811bd9a2d86b8853,Pneumonia,on,0.1177628661510947,1.0,0.3740617913770478,0.5444554955664743,0.8865747174259254
252,17,6dd0d0da8c7f6300,Pneumothorax,off,0.110194971955421,1.0,0.3704775826387176,0.5382638482240039,1.944955813978989
252,17,6dd0d0da8c7f6300,Pneumothorax,on,0.110194971955421,1.0,0.4497646340908892,0.6204628088537947,2.15800287874112
253,285,598076fbf61dbe60,Pneumonia,off,0.1366704189387405,0.0,0.0761530095879045,0.1342872766040993,0.9377201659596368
253,285,598076fbf61dbe60,Pneumonia,on,0.1366704189387405,0.0,0.254998792654718,0.406367472327839,0.7001768026388321
254,241,a670c2be27314d9a,Pneumothorax,off,0.1343898172107461,0.0,0.0,0.0,0.2165315319298558
254,241,a670c2be27314d9a,Pneumothorax,on,0.1343898172107461,0.0,0.0,0.0,-0.4095330108789303
255,384,7bc902cd7893af5d,Pneumothorax,off,0.1600270943282214,0.0,0.0,0.0,-0.3017197639316278
255,384,7bc902cd7893af5d,Pneumothorax,on,0.1600270943282214,0.0,0.0,0.0,-0.454111206289371
256,440,4e0539034217998c,Pneumothorax,off,0.1364365110692026,1.0,0.2698944165981879,0.4225072227946721,1.256216955804427
256,440,4e0539034217998c,Pneumothorax,on,0.1364365110692026,1.0,0.3169524230376655,0.4813403977777003,1.05781456190161
257,203,f78528ae0274616b,Pneumonia,off,0.1127289738754148,1.0,0.5048585253125566,0.661655346361146,2.7259246477719143
257,203,f78528ae0274616b,Pneumonia,on,0.1127289738754148,1.0,0.6023544833211438,0.7517885652378021,4.015769180149163
258,50,0aa92d922a58e312,Pneumothorax,off,0.1388438128931967,1.0,0.3023820657627371,0.4643091815885429,1.2128550365747786
258,50,0aa92d922a58e312,Pneumothorax,on,0.1388438128931967,1.0,0.246605559900457,0.3956251814148895,1.0811306643265293
259,375,a94f884b732e3bcd,Pneumothorax,off,0.1433319201399548,1.0,0.1770500342812684,0.2992363989070711,0.6616906938741942
259,375,a94f884b732e3bcd,Pneumothorax,on,0.1433319201399548,1.0,0.2207399537073744,0.3616423453691152,0.5524662207439717
260,299,5567de030f328352,Pneumothorax,off,0.1717176147245004,1.0,0.135514765699312,0.2385638067818742,0.9727620097137696
260,299,5567de030f328352,Pneumothorax,on,0.1717176147245004,1.0,0.159411604649547,0.2749868919691644,0.6585948078701294
261,300,a9b8cc2d0d94d723,Pneumonia,off,0.1324552042064432,1.0,0.5407971005218591,0.6927540910719723,2.756431843280512
261,300,a9b8cc2d0d94d723,Pneumonia,on,0.1324552042064432,1.0,0.4774065431085129,0.6461745124920715,3.3224296156029154
262,438,33572e77c0536600,Pneumothorax,off,0.1319337845805983,1.0,0.4131570504173752,0.583980765953245,1.7465498116760358
262,438,33572e77c0536600,Pneumothorax,on,0.1319337845805983,1.0,0.2935270853565557,0.4538316214453006,1.523466509603926
263,200,c930d55d4bb7581b,Pneumothorax,off,0.1416945650531896,0.0,0.0,0.0,-0.159138637976047
263,200,c930d55d4bb7581b,Pneumothorax,on,0.1416945650531896,0.0,0.0,0.0,-0.4356434960762597
264,360,12e5aab946d1ee7e,Pneumonia,off,0.1343751979689,1.0,0.5251424138874873,0.6865984745810627,2.8299338520830557
264,360,12e5aab946d1ee7e,Pneumonia,on,0.1343751979689,1.0,0.4152470785426019,0.5868077780705158,3.293853884094201
265,333,b1769427b211c108,Pneumonia,off,0.1372356962901237,1.0,0.2482494906247826,0.3961614675265688,1.4194487481890072
265,333,b1769427b211c108,Pneumonia,on,0.1372356962901237,1.0,0.4604537649575719,0.6305503117344109,1.012731708557299
266,167,0ff3d1e08ba008d3,Pneumonia,off,0.1841196048906237,0.0,0.1646430599339949,0.2748281694216981,0.5146749228165687
266,167,0ff3d1e08ba008d3,Pneumonia,on,0.1841196048906237,0.0,0.2298725738307296,0.3738055807929441,0.4334064164130908
267,197,35f82d500ee2a3fd,Pneumonia,off,0.1105945645658816,1.0,0.4587001163134737,0.6264778858411586,2.5642947832305643
267,197,35f82d500ee2a3fd,Pneumonia,on,0.1105945645658816,1.0,0.4711448961176001,0.6405040650738583,3.464436136891702
268,266,999591b2d12b3d78,Pneumothorax,off,0.1333226125559795,1.0,0.282624647978756,0.4355730743478462,1.1266175284881472
268,266,999591b2d12b3d78,Pneumothorax,on,0.1333226125559795,1.0,0.490783227819957,0.6584221195371506,1.0236440637201356
269,54,d6ee87b326190f6d,Pneumothorax,off,0.107344219795428,0.0,0.0,0.0,0.2620984594522312
269,54,d6ee87b326190f6d,Pneumothorax,on,0.107344219795428,0.0,0.0110991663077581,0.0219373811188524,-0.0677831429928261
270,102,e750eb553f2a9a6e,Pneumothorax,off,0.1689643241768148,0.0,0.0,0.0,-0.072874302734884
270,102,e750eb553f2a9a6e,Pneumothorax,on,0.1689643241768148,0.0,0.0,0.0,-0.4727361751550622
271,55,ba571a0593f57813,Pneumonia,off,0.1176556583775565,1.0,0.7247752456756908,0.8388483343412316,3.9028121393219752
271,55,ba571a0593f57813,Pneumonia,on,0.1176556583775565,1.0,0.3442003126002688,0.5121081139924942,3.467031658262299
272,346,c892bb0055c22cd0,Pneumonia,off,0.1847823438543143,0.0,0.1494501297845082,0.2598560588884995,1.0384109811132085
272,346,c892bb0055c22cd0,Pneumonia,on,0.1847823438543143,0.0,0.1597353067546422,0.2754685573401418,0.8043266552253548
273,84,5f39db396249a1f2,Pneumonia,off,0.1615816070445253,0.0,0.0,0.0,0.5639358051153659
273,84,5f39db396249a1f2,Pneumonia,on,0.1615816070445253,0.0,0.0264366118954896,0.0515085922140052,0.0846088568168175
274,265,68cb4910636dcabb,Pneumothorax,off,0.1076171123098889,0.0,0.0,0.0,-0.3959520355389663
274,265,68cb4910636dcabb,Pneumothorax,on,0.1076171123098889,0.0,0.0,0.0,-0.3580191957974299
275,306,49a6faf066875f4a,Pneumothorax,off,0.1446379057448747,0.0,0.1419542803216073,0.2472767397082072,0.8059009973799177
275,306,49a6faf066875f4a,Pneumothorax,on,0.1446379057448747,0.0,0.1930526163926348,0.3236279746685155,0.6202052327077966
276,305,fa851a693e873d99,Pneumothorax,off,0.1882373580106135,0.0,0.1857698386114351,0.3131209806459166,0.7220126889710365
276,305,fa851a693e873d99,Pneumothorax,on,0.1882373580106135,0.0,0.2090116760536275,0.3457560129434854,0.4916243600919114
277,275,1626d35d84c0d1b3,Pneumonia,off,0.1861224410235418,0.0,0.1687091010595195,0.2880793871376277,1.7088305833070816
277,275,1626d35d84c0d1b3,Pneumonia,on,0.1861224410235418,0.0,0.1825100987504886,0.3086809612450379,1.942267296724285
278,97,d486789ebff1ab61,Pneumothorax,off,0.1482098738359428,1.0,0.3911343390317308,0.5562989315114105,1.5849172731702974
278,97,d486789ebff1ab61,Pneumothorax,on,0.1482098738359428,1.0,0.483367123533616,0.6517134545229419,1.362547701603571
279,43,40930f98f262039d,Pneumonia,off,0.1677996579097408,1.0,0.4385126205871552,0.6028855391094823,1.8109421247166784
279,43,40930f98f262039d,Pneumonia,on,0.1677996579097408,1.0,0.5848775201969476,0.7380727824252769,1.4216296032551554
280,318,ced43a28077174f6,Pneumothorax,off,0.1063159997855844,0.0,0.2168516174376099,0.3535924007892031,1.983899897297857
280,318,ced43a28077174f6,Pneumothorax,on,0.1063159997855844,0.0,0.378393236251189,0.5490329476496539,2.704108893376835
281,225,9ea7c3106d11cc69,Pneumothorax,off,0.1261543109707663,0.0,0.1075068328943293,0.1934253214282152,0.7475164699433184
281,225,9ea7c3106d11cc69,Pneumothorax,on,0.1261543109707663,0.0,0.1281267697537852,0.2271477180844654,0.4574256108282226
282,405,96eed73623de6a68,Pneumothorax,off,0.1061892996895847,1.0,0.3033442057013786,0.4631264157587792,1.3474950643961696
282,405,96eed73623de6a68,Pneumothorax,on,0.1061892996895847,1.0,0.4309653555231669,0.602338010326363,1.2665206335584411
283,40,191a1b3130859e8b,Pneumonia,off,0.1242976672563094,1.0,0.1785762273983642,0.3016133233958563,0.8966860222762739
283,40,191a1b3130859e8b,Pneumonia,on,0.1242976672563094,1.0,0.2596064519653828,0.412199912614038,0.5455020099023891
284,41,329aca38ff02024a,Pneumonia,off,0.1115789268501868,0.0,3.8327637420550005e-05,7.66405875778381e-05,0.1722300946815909
284,41,329aca38ff02024a,Pneumonia,on,0.1115789268501868,0.0,0.1017394683855219,0.1846848015119271,0.2009218238112513
285,185,73562db6efa6210f,Pneumonia,off,0.1404519294962696,1.0,0.4645666996986592,0.6341832859880665,2.4317049005653297
285,185,73562db6efa6210f,Pneumonia,on,0.1404519294962696,1.0,0.2932639941858864,0.4535207776402328,2.5315247334995554
286,77,e288c9756beb2cef,Pneumothorax,off,0.142654561934418,0.0,0.0368464338681764,0.07007288448743,1.9890109475790452
286,77,e288c9756beb2cef,Pneumothorax,on,0.142654561934418,0.0,0.0557342626538896,0.1055833763268831,2.5581521236771656
287,337,6688f90e8260bfea,Pneumothorax,off,0.1420600460993426,0.0,0.0,0.0,-0.4015707443582826
287,337,6688f90e8260bfea,Pneumothorax,on,0.1420600460993426,0.0,0.0,0.0,-0.4220675289786759
288,253,ae0ac7c7b7034072,Pneumothorax,off,0.1457684604476412,1.0,0.2532309678484715,0.4019394370107269,1.6736459980534155
288,253,ae0ac7c7b7034072,Pneumothorax,on,0.1457684604476412,1.0,0.3263198774131172,0.4920654250788415,1.676324332000121
289,95,1099b54355b5823b,Pneumothorax,off,0.1405932488341154,1.0,0.1255358788044792,0.2218081534527808,0.6871595995601271
289,95,1099b54355b5823b,Pneumothorax,on,0.1405932488341154,1.0,0.28715839451645,0.4461867727657124,0.5285655239644061
290,112,1032f70bdb2e9251,Pneumothorax,off,0.1453981063208728,1.0,0.2355873894816809,0.3810637257906705,0.7247457018378605
290,112,1032f70bdb2e9251,Pneumothorax,on,0.1453981063208728,1.0,0.2494447255758533,0.3992880830658014,0.5887233634990894
291,252,423b0dd1b9cc0017,Pneumonia,off,0.1135281590963359,1.0,0.2115982325910735,0.3462382924560541,0.8030444913327908
291,252,423b0dd1b9cc0017,Pneumonia,on,0.1135281590963359,1.0,0.3144756266983551,0.4784805806703147,0.6370341132538655
292,24,e901609118d83284,Pneumonia,off,0.2028176152118084,1.0,0.2865924667995149,0.443058115311158,1.036834406589335
292,24,e901609118d83284,Pneumonia,on,0.2028176152118084,1.0,0.1957719416590251,0.3274379540819955,0.7990657234967457
293,48,4ffb5060113e379b,Pneumothorax,off,0.1231963510372352,0.0,0.0,0.0,-0.2654805532392352
293,48,4ffb5060113e379b,Pneumothorax,on,0.1231963510372352,0.0,0.0,0.0,-0.4061951217183934
294,331,0ed0789928a2b1d8,Pneumonia,off,0.1478882505153282,1.0,0.296090352145865,0.4488539069828672,1.0248572698162957
294,331,0ed0789928a2b1d8,Pneumonia,on,0.1478882505153282,1.0,0.4917100919140303,0.6592495205637541,1.008725446416324
295,276,62ad2c96692ed14a,Pneumonia,off,0.1222119887529299,0.0,0.2603951858278319,0.4114826315662109,2.341604142848416
295,276,62ad2c96692ed14a,Pneumonia,on,0.1222119887529299,0.0,0.2408259763822519,0.3881652414046664,3.004306482814756
296,12,a6abcbfc061442d5,Pneumothorax,off,0.1047225024243576,0.0,0.0,0.0,-0.4133687935653686
296,12,a6abcbfc061442d5,Pneumothorax,on,0.1047225024243576,0.0,0.0,0.0,-0.3542292382819991
297,449,98bf201558bb09ad,Pneumothorax,off,0.2002251363244302,0.0,0.050871984473405,0.0967875071024025,1.4618749644609834
297,449,98bf201558bb09ad,Pneumothorax,on,0.2002251363244302,0.0,0.0510114744418013,0.0970711401066672,1.597380885826376
298,83,e2544b85fe79e487,Pneumothorax,off,0.1675316384758953,0.0,0.0,0.0,-0.7005696752003177
298,83,e2544b85fe79e487,Pneumothorax,on,0.1675316384758953,0.0,0.0,0.0,-0.4860968883298736
299,82,0c4238b2f5c4388b,Pneumothorax,off,0.1338099206175168,0.0,0.0,0.0,-0.5776022094715721
299,82,0c4238b2f5c4388b,Pneumothorax,on,0.1338099206175168,0.0,0.0,0.0,-0.4149846315048512
300,63,246bf9a8cfbb0c68,Pneumonia,off,0.1546082286839271,1.0,0.2831794959200004,0.4403555724111885,1.1107386153961352
300,63,246bf9a8cfbb0c68,Pneumonia,on,0.1546082286839271,1.0,0.3634447541365775,0.5331265998184915,0.8773277047845731
301,62,ba0d34c73de98ddb,Pneumonia,off,0.1784765775380222,1.0,0.3245274423188767,0.4888777048295757,1.7936077460041342
301,62,ba0d34c73de98ddb,Pneumonia,on,0.1784765775380222,1.0,0.3789643131309211,0.5496361086673471,1.708003732758658
302,271,2e657ea72ea7deff,Pneumothorax,off,0.1120564887504934,0.0,0.0,0.0,0.0104889428711393
302,271,2e657ea72ea7deff,Pneumothorax,on,0.1120564887504934,0.0,0.0,0.0,-0.3682874619613108
303,227,9e1bcaf497d1a364,Pneumonia,off,0.1110818726274188,1.0,0.3171833214580911,0.4784683937707005,1.682159696004921
303,227,9e1bcaf497d1a364,Pneumonia,on,0.1110818726274188,1.0,0.495213853550537,0.6623986807957584,1.581578426866266
304,111,9a9f1ec1bf6c1e2a,Pneumothorax,off,0.1587064894814555,1.0,0.1649818746631066,0.2732940459827009,0.6473523967516666
304,111,9a9f1ec1bf6c1e2a,Pneumothorax,on,0.1587064894814555,1.0,0.1970392844253401,0.3201955375941326,0.3123162481408055
305,369,8dbb7830188b30a1,Pneumothorax,off,0.1026563162434396,0.0,0.0,0.0,-0.2646860847820111
305,369,8dbb7830188b30a1,Pneumothorax,on,0.1026563162434396,0.0,0.0,0.0,-0.3467286845766225
306,368,88b21b07728d1294,Pneumonia,off,0.1211301648563172,1.0,0.4741358173102048,0.6429030659376499,2.7803999935825874
306,368,88b21b07728d1294,Pneumonia,on,0.1211301648563172,1.0,0.329001281148411,0.495084846824346,3.396483117515435
307,295,81e0c859cc208433,Pneumonia,off,0.1212276264686246,1.0,0.2563645401013824,0.4036344988794901,1.216095570084163
307,295,81e0c859cc208433,Pneumonia,on,0.1212276264686246,1.0,0.5261978777143785,0.6895499729224912,1.1558094673012995
308,130,7320038e0603d2e2,Pneumothorax,off,0.1322749002236744,0.0,0.0,0.0,0.1505346701350575
308,130,7320038e0603d2e2,Pneumothorax,on,0.1322749002236744,0.0,0.0,0.0,-0.4063119378713275
309,6,d2d092a91fc0eca9,Pneumothorax,off,0.1728579155884975,0.0,0.0413771894435836,0.0792909818669298,1.2018552894720165
309,6,d2d092a91fc0eca9,Pneumothorax,on,0.1728579155884975,0.0,0.0524655400977561,0.0997002458247437,0.9903130650050505
310,113,3a3bfb40eb6e865c,Pneumothorax,off,0.1397794443713482,0.0,0.0,0.0,0.2066430803019913
310,113,3a3bfb40eb6e865c,Pneumothorax,on,0.1397794443713482,0.0,0.0,0.0,-0.4343742006458114
311,115,e059a2b12b2f8a9d,Pneumothorax,off,0.1274115657695325,0.0,0.0,0.0,-0.212848060545151
311,115,e059a2b12b2f8a9d,Pneumothorax,on,0.1274115657695325,0.0,0.0,0.0,-0.3939935780360755
312,114,02d1b5cb5d840174,Pneumothorax,off,0.1650025096365169,0.0,0.0673600580720194,0.1167720149910645,1.0875650143601174
312,114,02d1b5cb5d840174,Pneumothorax,on,0.1650025096365169,0.0,0.2423977298746311,0.3902065888544042,0.830296295661324
313,85,af1c5742d0805ffb,Pneumothorax,off,0.1372113308870468,1.0,0.3691898578548687,0.5382649724164732,2.0930404804010183
313,85,af1c5742d0805ffb,Pneumothorax,on,0.1372113308870468,1.0,0.4041812627931477,0.5756814571553159,2.470046638882736
314,76,2117e37867972f29,Pneumonia,off,0.1866341144881559,1.0,0.2619049584768664,0.4061492657243462,1.1977290538718766
314,76,2117e37867972f29,Pneumonia,on,0.1866341144881559,1.0,0.3881600404477441,0.5592335686837335,0.7164085993355336
315,105,03309e7059c9e1aa,Pneumothorax,off,0.1106384222914199,0.0,0.0,0.0,-0.5703417778513621
315,105,03309e7059c9e1aa,Pneumothorax,on,0.1106384222914199,0.0,0.0,0.0,-0.3634847522935946
316,425,2a5f54f58033adc0,Pneumothorax,off,0.1243463980624631,1.0,0.3223997209546136,0.4854313246551987,1.4536468672182417
316,425,2a5f54f58033adc0,Pneumothorax,on,0.1243463980624631,1.0,0.3046011543151228,0.466955960680229,1.343442716667593
317,242,adefe62649625a81,Pneumothorax,off,0.1175728160070952,1.0,0.4486637364644341,0.6120577513723238,2.3407271614459795
317,242,adefe62649625a81,Pneumothorax,on,0.1175728160070952,1.0,0.618760789906189,0.7644772931751058,2.814347592860294
318,243,cb9183bb73f82ec1,Pneumonia,off,0.1781939388623306,1.0,0.1865073379075192,0.314163733727416,0.8505407284562143
318,243,cb9183bb73f82ec1,Pneumonia,on,0.1781939388623306,1.0,0.2094065936763798,0.3462963658284175,0.570769594052863
319,92,751bb22cbcb548d1,Pneumothorax,off,0.1041620981535897,0.0,0.1230237961801429,0.2169317718928876,1.8349776236989443
319,92,751bb22cbcb548d1,Pneumothorax,on,0.1041620981535897,0.0,0.2020680670210568,0.3361978716820935,2.441506763350409
320,56,58c0774016deff7f,Pneumothorax,off,0.1303402872193714,0.0,0.0,0.0,-0.3386332008235778
320,56,58c0774016deff7f,Pneumothorax,on,0.1303402872193714,0.0,0.0,0.0,-0.4130599926681281
321,244,e2372b2d3608f078,Pneumothorax,off,0.1973305264388988,0.0,0.0,0.0,-0.4633238302550877
321,244,e2372b2d3608f078,Pneumothorax,on,0.1973305264388988,0.0,0.0,0.0,-0.5167275944996188
322,298,4870c4448aaec7b1,Pneumonia,off,0.1102290835197286,0.0,0.1678048493920118,0.2867677435220024,1.7697211758641571
322,298,4870c4448aaec7b1,Pneumonia,on,0.1102290835197286,0.0,0.1969564480859981,0.3290943101270638,2.1431713482465637
323,376,5b02f529850ec43a,Pneumonia,off,0.1111159841917264,1.0,0.3437523440381796,0.5054447116924704,1.7218767329715057
323,376,5b02f529850ec43a,Pneumonia,on,0.1111159841917264,1.0,0.6250159530408619,0.769242782100155,1.6468506564962344
324,22,c471fb69beaa4fad,Pneumothorax,off,0.139842794419348,1.0,0.5546268494185778,0.7120091798835294,2.633368815023682
324,22,c471fb69beaa4fad,Pneumothorax,on,0.139842794419348,1.0,0.3520110986653574,0.5207040356779484,3.133960850677752
325,21,6756182e25db6216,Pneumothorax,off,0.0985678016071419,0.0,0.0,0.0,-0.2600394437764989
325,21,6756182e25db6216,Pneumothorax,on,0.0985678016071419,0.0,0.0,0.0,-0.3484325657472876
326,88,b717e0e9f48ec793,Pneumonia,off,0.1009702303505206,1.0,0.6109898502163064,0.7512155458783069,3.259778447071903
326,88,b717e0e9f48ec793,Pneumonia,on,0.1009702303505206,1.0,0.531719950942579,0.6942618430352214,4.442665606892081
327,249,089ce8d3c9aa17ec,Pneumothorax,off,0.1520498613608565,0.0,0.0007136563876651,0.0014222378297704,0.8537078101728572
327,249,089ce8d3c9aa17ec,Pneumothorax,on,0.1520498613608565,0.0,0.0313562946826706,0.0608050978847844,0.4676616567392572
328,8,b845911f4dc57432,Pneumonia,off,0.113294251226798,1.0,0.305368372747428,0.4433824787435879,1.7298218995013508
328,8,b845911f4dc57432,Pneumonia,on,0.113294251226798,1.0,0.5869158819017412,0.7396414158931532,2.4397398692407646
329,403,779d0f06242503f4,Pneumothorax,off,0.1018863695062107,0.0,0.0,0.0,0.2086177932430311
329,403,779d0f06242503f4,Pneumothorax,on,0.1018863695062107,0.0,0.0,0.0,-0.346327631794228
330,402,4bb674f158c41a32,Pneumonia,off,0.1596128824759148,1.0,0.5757894174047553,0.7304018996604551,2.953915675886096
330,402,4bb674f158c41a32,Pneumonia,on,0.1596128824759148,1.0,0.2907821552921676,0.450541454590086,2.7882702137525563
331,141,ca20960c58c911d2,Pneumonia,off,0.1497741327134774,1.0,0.4282507722620364,0.5954270762318691,1.8274355070387776
331,141,ca20960c58c911d2,Pneumonia,on,0.1497741327134774,1.0,0.4869606792477373,0.6549738956500274,1.4919109500869536
332,174,bd6813023681f3ff,Pneumothorax,off,0.1852404134321594,0.0,0.0439248350404479,0.0829559158998916,1.1080260091338825
332,174,bd6813023681f3ff,Pneumothorax,on,0.1852404134321594,0.0,0.0962138406228937,0.1755367546622264,0.8401406296698787
333,239,1d11168139d68001,Pneumonia,off,0.1193027596255524,1.0,0.4260666142282008,0.5945668246304199,1.8881294114444225
333,239,1d11168139d68001,Pneumonia,on,0.1193027596255524,1.0,0.4533057130994523,0.6237834805967302,1.7897861675874698
334,282,654c34f32a0119be,Pneumonia,off,0.1210911802113942,0.0,0.0,0.0,-0.7275306258056226
334,282,654c34f32a0119be,Pneumonia,on,0.1210911802113942,0.0,0.0,0.0,-0.3962385386451546
335,335,fa2be29d6e38c9f5,Pneumonia,off,0.1121734426852623,1.0,0.1635349662032245,0.2803684237301705,0.7162097307289468
335,335,fa2be29d6e38c9f5,Pneumonia,on,0.1121734426852623,1.0,0.2752475522617029,0.4316758313432937,0.5899749225689397
336,304,bf2ac14fa2df62e6,Pneumothorax,off,0.163564950854982,1.0,0.4004922443878495,0.57179056389777,1.7479223602112042
336,304,bf2ac14fa2df62e6,Pneumothorax,on,0.163564950854982,1.0,0.3437765748452775,0.5116560896275347,1.369410345614553
337,224,adbb1682ee33ffa6,Pneumothorax,off,0.1901865902567626,0.0,0.0,0.0,0.4184784925212204
337,224,adbb1682ee33ffa6,Pneumothorax,on,0.1901865902567626,0.0,0.0,0.0,-0.4961744489649538
338,94,cb50623d468b9c03,Pneumothorax,off,0.1746755746580315,1.0,0.2212293822500635,0.3595909171737247,1.0937074451994928
338,94,cb50623d468b9c03,Pneumothorax,on,0.1746755746580315,1.0,0.4119683972285982,0.5835268562931908,0.8009219772352354
339,60,cea6127ed387cbd4,Pneumonia,off,0.1258131953276903,1.0,0.330887856575956,0.4935671313493177,1.8136941302010148
339,60,cea6127ed387cbd4,Pneumonia,on,0.1258131953276903,1.0,0.4888745540876805,0.6566799199563478,1.8346856386968189
340,59,d70d2b1a08b95126,Pneumonia,off,0.1458951605436408,0.0,0.1763645962868965,0.2998313242466364,1.4074222897815454
340,59,d70d2b1a08b95126,Pneumonia,on,0.1458951605436408,0.0,0.1729809230992687,0.2949421430727544,1.2002095898446568
341,51,73425dc64d11db07,Pneumothorax,off,0.1534728009005453,0.0,0.0204063382136407,0.0395884807698683,0.511092713504128
341,51,73425dc64d11db07,Pneumothorax,on,0.1534728009005453,0.0,0.0482213649115621,0.0920057479611957,0.3526388896747515
342,81,9a547d8892dea3a6,Pneumothorax,off,0.1652607829091316,0.0,0.0,0.0,-0.3052671952156193
342,81,9a547d8892dea3a6,Pneumothorax,on,0.1652607829091316,0.0,0.0,0.0,-0.4649105542106707
343,161,47cb5b42f2159764,Pneumonia,off,0.1779697771540234,1.0,0.1752527199743861,0.2962777219350181,0.8197438061435363
343,161,47cb5b42f2159764,Pneumonia,on,0.1779697771540234,1.0,0.269601378525523,0.4246934433057121,0.449993608010689
344,456,4663d942b5ea9757,Pneumothorax,off,0.1422257308402653,1.0,0.2996848680410334,0.4578291612963603,1.2422338870549212
344,456,4663d942b5ea9757,Pneumothorax,on,0.1422257308402653,1.0,0.3611190409877035,0.5306176996561811,1.091715537592849
345,149,9a3f950f149d0f37,Pneumonia,off,0.1214712804993933,1.0,0.0778895923865474,0.1439372315950124,0.2721833151778984
345,149,9a3f950f149d0f37,Pneumonia,on,0.1214712804993933,1.0,0.1674775823710119,0.2869029588343871,0.2460088486588877
346,123,72b342a7bd6092eb,Pneumothorax,off,0.14215750771165,0.0,0.0032227221913418,0.0063767966961476,0.62362949774521
346,123,72b342a7bd6092eb,Pneumothorax,on,0.14215750771165,0.0,0.0431523839177349,0.082732805346406,0.2537186216612375
347,257,be37ee4fa4a100ff,Pneumothorax,off,0.1396283788722717,0.0,0.09997740001372,0.1741159549513913,0.7888936443369857
347,257,be37ee4fa4a100ff,Pneumothorax,on,0.1396283788722717,0.0,0.2057172182027474,0.3412356553176844,0.6678686309825571
348,312,b5505e5ca319f34d,Pneumothorax,off,0.1777358692844855,0.0,0.1798574385656958,0.3017161457930724,0.9276602158614986
348,312,b5505e5ca319f34d,Pneumothorax,on,0.1777358692844855,0.0,0.2416240999265675,0.3892064896703277,0.6859497295176977
349,131,053e5b78358a568a,Pneumothorax,off,0.1663913376118981,0.0,0.0,0.0,0.0567420882283829
349,131,053e5b78358a568a,Pneumothorax,on,0.1663913376118981,0.0,0.0,0.0,-0.4677038954280052
350,164,be278530fe2c952e,Pneumonia,off,0.1239711708550794,1.0,0.5068285075133832,0.6701817052749365,2.463476793837921
350,164,be278530fe2c952e,Pneumonia,on,0.1239711708550794,1.0,0.5138887628795027,0.6788852542370813,3.0953637258822573
351,189,36a4c529abcad2c7,Pneumothorax,off,0.1497205288267084,0.0,0.0435099459196546,0.0822635789329729,1.356126265476193
351,189,36a4c529abcad2c7,Pneumothorax,on,0.1497205288267084,0.0,0.0935556748918294,0.1711035514997141,1.262358200051486
352,317,e9899fb1ecd89dfc,Pneumonia,off,0.1712351797435785,1.0,0.4730152121964485,0.6405291472855508,2.132505186401377
352,317,e9899fb1ecd89dfc,Pneumonia,on,0.1712351797435785,1.0,0.3562335479954407,0.5253145862915553,2.425930309340776
353,316,375552a7cb5dab94,Pneumonia,off,0.1683990468254316,0.0,0.3020773100003883,0.4586930935384397,1.1093093015967732
353,316,375552a7cb5dab94,Pneumonia,on,0.1683990468254316,0.0,0.3678378142747251,0.5378382460473778,1.0374781074758987
354,395,efd7cf52bf8c2702,Pneumothorax,off,0.0959119726717639,0.0,0.0,0.0,0.1438905379377593
354,395,efd7cf52bf8c2702,Pneumothorax,on,0.0959119726717639,0.0,0.0,0.0,-0.340489740285275
355,182,1fdb91e38cc9a33d,Pneumonia,off,0.1929008961595251,0.0,0.0476531682903068,0.0870645505560821,0.9395589189760416
355,182,1fdb91e38cc9a33d,Pneumonia,on,0.1929008961595251,0.0,0.11277268386886,0.2026859913843267,0.5798278989153903
356,432,5ecd815629cef624,Pneumothorax,off,0.1701874674112733,0.0,0.1186880846704685,0.2116432899596794,0.8741224080271428
356,432,5ecd815629cef624,Pneumothorax,on,0.1701874674112733,0.0,0.1742317776880604,0.296758197402364,0.5764144678987656
357,86,22ff98b072fd30e7,Pneumonia,off,0.1278793815086083,0.0,0.0,0.0,-0.128820734342795
357,86,22ff98b072fd30e7,Pneumonia,on,0.1278793815086083,0.0,0.0,0.0,-0.4134185017092772
358,80,65fa96e941804d66,Pneumonia,off,0.1447840981633359,0.0,0.0027998832132377,0.0055234004943018,0.8660764075225371
358,80,65fa96e941804d66,Pneumonia,on,0.1447840981633359,0.0,0.0938146492382459,0.1715277126178198,0.5446984839775152
359,348,8c844aa281c46dd8,Pneumonia,off,0.1147220638471022,1.0,0.5799352272843291,0.7232742838310047,3.247397830612306
359,348,8c844aa281c46dd8,Pneumonia,on,0.1147220638471022,1.0,0.5587814802714114,0.7169296911070095,4.118973539691626
360,437,1d9fab51249e7082,Pneumothorax,off,0.1234984820353883,0.0,0.0,0.0,0.3218882248761709
360,437,1d9fab51249e7082,Pneumothorax,on,0.1234984820353883,0.0,0.0033606667689783,0.0066964672108697,-0.2702203377873957
361,436,b60a8fdd4ab9eda7,Pneumothorax,off,0.1722828920758836,0.0,0.0,0.0,-0.5710376423481904
361,436,b60a8fdd4ab9eda7,Pneumothorax,on,0.1722828920758836,0.0,0.0,0.0,-0.4691473607227597
362,5,b6854428fb77d4cc,Pneumothorax,off,0.162283330653139,0.0,0.0,0.0,-0.4711024356485719
362,5,b6854428fb77d4cc,Pneumothorax,on,0.162283330653139,0.0,0.0,0.0,-0.4534513887893844
363,441,9dfd111947ef84b1,Pneumothorax,off,0.1487166742199416,0.0,0.020170798252313,0.0381177048430771,0.5643806066018775
363,441,9dfd111947ef84b1,Pneumothorax,on,0.1487166742199416,0.0,0.1508170154906234,0.2621022510195552,0.4093599215085936
364,87,34a2adb99ed3a090,Pneumothorax,off,0.1844461012918536,0.0,0.0,0.0,-0.053741119113327
364,87,34a2adb99ed3a090,Pneumothorax,on,0.1844461012918536,0.0,0.0,0.0,-0.5002829385687461
365,321,35bd34fcc0fac2f4,Pneumonia,off,0.125364871911076,0.0,0.1516577518025979,0.2603913218954431,0.0343871039475415
365,321,35bd34fcc0fac2f4,Pneumonia,on,0.125364871911076,0.0,0.2100780427618711,0.3472136414204273,0.4914025058597626
366,188,962712d312f31d26,Pneumonia,off,0.1505392063700909,0.0,0.0,0.0,0.8567002200472452
366,188,962712d312f31d26,Pneumonia,on,0.1505392063700909,0.0,0.1425470194086044,0.2495133582487506,0.5492528603144377
367,39,392da982c2571312,Pneumothorax,off,0.1308129760390626,1.0,0.329530314129791,0.4850306302817569,1.6905515048953728
367,39,392da982c2571312,Pneumothorax,on,0.1308129760390626,1.0,0.622814572695569,0.7605878134883282,1.5278681155577682
368,38,2528a87ecbcb8e80,Pneumonia,off,0.1188690554507843,1.0,0.1492514527128394,0.2586723250833871,1.074635476309257
368,38,2528a87ecbcb8e80,Pneumonia,on,0.1188690554507843,1.0,0.2301772208851385,0.3742029799748324,0.476942143697746
369,354,24a6a56c28991f2a,Pneumonia,off,0.15124580305932,1.0,0.3348096554136792,0.4980023906226437,1.6289124620111517
369,354,24a6a56c28991f2a,Pneumonia,on,0.15124580305932,1.0,0.482789611508552,0.6511903914904549,1.400628332782727
370,218,d0f2019aff34b8f9,Pneumonia,off,0.1945479974075211,1.0,0.3105550170542394,0.4716821609884192,1.3825470271828972
370,218,d0f2019aff34b8f9,Pneumonia,on,0.1945479974075211,1.0,0.3585979488135147,0.5278932144811309,0.9610338725379648
371,261,293489b2b3df5a77,Pneumothorax,off,0.1114668459960333,0.0,0.0,0.0,-0.2665209713402793
371,261,293489b2b3df5a77,Pneumothorax,on,0.1114668459960333,0.0,0.0,0.0,-0.3648942985450881
372,173,5d44fb526b0dd8f4,Pneumothorax,off,0.1187910861609383,0.0,0.0,0.0,0.5492431695591968
372,173,5d44fb526b0dd8f4,Pneumothorax,on,0.1187910861609383,0.0,0.0,0.0,-0.2898679892770831
373,439,6f154ecc10690653,Pneumothorax,off,0.1448084635664127,1.0,0.2486251425278478,0.3958741570039723,1.0033546778670843
373,439,6f154ecc10690653,Pneumothorax,on,0.1448084635664127,1.0,0.2650115345864294,0.4189855903037598,0.8256718061144204
374,339,828eee7606ce796f,Pneumonia,off,0.1787202315687908,0.0,0.2237687242201419,0.3631817136279156,0.5275096365707813
374,339,828eee7606ce796f,Pneumonia,on,0.1787202315687908,0.0,0.2212658810895472,0.3623528676400839,0.2799748911290449
375,245,b95212d56694ca87,Pneumothorax,off,0.1858641677509271,0.0,0.0,0.0,0.1303612050029836
375,245,b95212d56694ca87,Pneumothorax,on,0.1858641677509271,0.0,0.0,0.0,-0.4810916772247497
376,210,7118ed64529a1dc7,Pneumonia,off,0.1878036538358454,1.0,0.2381818690974357,0.3836380798299282,1.96955892083426
376,210,7118ed64529a1dc7,Pneumonia,on,0.1878036538358454,1.0,0.18253525201899,0.3087134976603788,2.072275974451148
377,209,afc095ddf95dd697,Pneumonia,off,0.1677752925066639,1.0,0.3675669234377315,0.5358132986490997,1.5540383270639797
377,209,afc095ddf95dd697,Pneumonia,on,0.1677752925066639,1.0,0.4120970096157262,0.5836649810604894,1.2037513694035442
378,148,cd99854e5dbf77e1,Pneumonia,off,0.1053657490655868,1.0,0.5582928615341056,0.7128789398997846,2.4590444399696945
378,148,cd99854e5dbf77e1,Pneumonia,on,0.1053657490655868,1.0,0.5338600303136616,0.6959963849149443,3.143584001735136
379,365,dfb3222308242762,Pneumothorax,off,0.1129238971000297,0.0,0.0355900644440682,0.0675467071579084,1.2706799377763949
379,365,dfb3222308242762,Pneumothorax,on,0.1129238971000297,0.0,0.0912572662799554,0.1672512930580749,1.232383596740204
380,23,fdefe57d4a82f518,Pneumothorax,off,0.0983874976243732,0.0,0.0,0.0,0.5185413590735993
380,23,fdefe57d4a82f518,Pneumothorax,on,0.0983874976243732,0.0,0.0576329652739426,0.10894399932152,0.2255534977189619
381,120,f4a30a69ad17c9f1,Pneumothorax,off,0.1999619899712001,0.0,0.0,0.0,0.276406635890322
381,120,f4a30a69ad17c9f1,Pneumothorax,on,0.1999619899712001,0.0,0.0,0.0,-0.5157147034067342
382,53,1988dd7e9ecd3c9b,Pneumothorax,off,0.1394675672119643,0.0,0.0809010239142164,0.1479704324365193,1.505594006584612
382,53,1988dd7e9ecd3c9b,Pneumothorax,on,0.1394675672119643,0.0,0.1119882417744669,0.2014196541356184,1.5754033535268754
383,219,aeffa36739cd1fe7,Pneumothorax,off,0.1123245081843389,0.0,0.1100857498812926,0.1959344087242662,1.6808841078398054
383,219,aeffa36739cd1fe7,Pneumothorax,on,0.1123245081843389,0.0,0.2402668161280077,0.3874432842538289,2.169505841604733
384,217,6e185d6966366df4,Pneumothorax,off,0.1382054393325829,1.0,0.3767544733157339,0.542950931132141,1.4990244205199894
384,217,6e185d6966366df4,Pneumothorax,on,0.1382054393325829,1.0,0.3859309915088286,0.5569032112040008,1.328141010935867
385,291,531b825349b69626,Pneumonia,off,0.1553733023405406,0.0,0.0957345517307028,0.1747297635360648,1.4417848303410712
385,291,531b825349b69626,Pneumonia,on,0.1553733023405406,0.0,0.1000302500717656,0.181868174876724,1.2549485051442406
386,0,8da0678acd714b9a,Pneumonia,off,0.1121734426852623,1.0,0.1922178073158472,0.3205742511259665,0.8599292160573309
386,0,8da0678acd714b9a,Pneumonia,on,0.1121734426852623,1.0,0.3790458075317661,0.5497174817861596,0.7906362291836042
387,428,4adcc53030271f8d,Pneumothorax,off,0.1666934686100512,0.0,0.2758225051385677,0.4316664113032875,1.9985617075001336
387,428,4adcc53030271f8d,Pneumothorax,on,0.1666934686100512,0.0,0.2812849094272225,0.4390659873233055,2.149788127431976
388,47,d95c4630fe47b10c,Pneumothorax,off,0.1509436720611669,0.0,0.0042607722490901,0.0084183129756924,0.1460212609234118
388,47,d95c4630fe47b10c,Pneumothorax,on,0.1509436720611669,0.0,0.0518083068693238,0.0985118135749189,-0.0155400663446405
389,386,91d6999fc87d4e27,Pneumothorax,off,0.1876087306112305,0.0,0.0872673573163845,0.1588750827688997,1.968728070625117
389,386,91d6999fc87d4e27,Pneumothorax,on,0.1876087306112305,0.0,0.0620845283739203,0.1169085685676248,2.2051436237528543
390,459,75c72eb210b86249,Pneumothorax,off,0.1397453328070406,1.0,0.3764166399349366,0.5461977136022947,2.056209739049609
390,459,75c72eb210b86249,Pneumothorax,on,0.1397453328070406,1.0,0.3125346358981397,0.4762184020403642,2.2143066433585608
391,480,bd80adc504f70e0c,Pneumothorax,off,0.1300625216242952,0.0,0.0389836014809451,0.0739906884858633,1.007928533598406
391,480,bd80adc504f70e0c,Pneumothorax,on,0.1300625216242952,0.0,0.1416893305553144,0.2482095047268878,0.7718627564171161
392,505,083150264aaf7e8a,Pneumothorax,off,0.1675072730728184,0.0,0.2558657382066108,0.4070338067421074,1.446219414453053
392,505,083150264aaf7e8a,Pneumothorax,on,0.1675072730728184,0.0,0.2884283065938609,0.4477209125477959,1.11102336516367
393,541,4bd35cb23907f01a,Pneumothorax,off,0.1430005506581095,0.0,0.0,0.0,0.5447382352596831
393,541,4bd35cb23907f01a,Pneumothorax,on,0.1430005506581095,0.0,0.0535120715662055,0.1015852734259938,0.2640142088973076
394,549,5b9725714acf0d0d,Pneumothorax,off,0.1443991247947214,0.0,0.0702759065024457,0.1304155866239773,0.8987650924045051
394,549,5b9725714acf0d0d,Pneumothorax,on,0.1443991247947214,0.0,0.1228321630912835,0.2187895570403736,0.6449755208119782
395,594,72f534e34c7697a5,Pneumothorax,off,0.1706455369891184,0.0,0.0,0.0,1.0888955794719
395,594,72f534e34c7697a5,Pneumothorax,on,0.1706455369891184,0.0,0.0428390676082158,0.0821520254992863,0.9985218684881132
396,604,dbd9a729c36f7908,Pneumothorax,off,0.1290879055012207,0.0,0.0,0.0,-0.5139594097973231
396,604,dbd9a729c36f7908,Pneumothorax,on,0.1290879055012207,0.0,0.0,0.0,-0.3979988284861923
397,654,3b135865c9bd3209,Pneumothorax,off,0.1750410557041845,0.0,0.0949903388665233,0.1730521921898563,0.830028484706006
397,654,3b135865c9bd3209,Pneumothorax,on,0.1750410557041845,0.0,0.1265140994333597,0.2246109045774522,0.5336866537842978
398,676,680cec365dfd5521,Pneumothorax,off,0.1347699174987451,0.0,0.0006275056649816,0.0012510860121633,1.0269450088825594
398,676,680cec365dfd5521,Pneumothorax,on,0.1347699174987451,0.0,0.0435751631533194,0.0835104815904531,0.863587879183958
399,681,2b05e8dc83f32556,Pneumothorax,off,0.1821167687577055,0.0,0.0001839309016342,0.0003675238083413,-0.736129488583875
399,681,2b05e8dc83f32556,Pneumothorax,on,0.1821167687577055,0.0,0.0,0.0,-0.5165945558727656
400,685,54b647e0838ab12b,Pneumothorax,off,0.1006242416268292,0.0,0.0,0.0,-0.2176306879849579
400,685,54b647e0838ab12b,Pneumothorax,on,0.1006242416268292,0.0,0.0,0.0,-0.3450346415897058
401,693,ce907c9fb434e83e,Pneumothorax,off,0.1391215784882729,1.0,0.3981177269892264,0.5656617746351345,1.8851139159983292
401,693,ce907c9fb434e83e,Pneumothorax,on,0.1391215784882729,1.0,0.4764417521800078,0.6453698589093426,1.7850292772228118
402,694,863b09154d53ef8c,Pneumothorax,off,0.1736814662124955,1.0,0.2897194924857224,0.4341066837646488,1.581797620616407
402,694,863b09154d53ef8c,Pneumothorax,on,0.1736814662124955,1.0,0.3782247588241213,0.5488390213458103,1.3873053963690067
403,696,dca7b95062e41fc2,Pneumothorax,off,0.1200483409597045,1.0,0.2728918070193337,0.3998997274098304,1.5189386712786332
403,696,dca7b95062e41fc2,Pneumothorax,on,0.1200483409597045,1.0,0.474683958967603,0.6174373158845915,1.3061149995528214
404,785,cd055a12d0f444bd,Pneumothorax,off,0.1544620362654659,0.0,0.0428805319774705,0.0820191998164255,1.077682096323616
404,785,cd055a12d0f444bd,Pneumothorax,on,0.1544620362654659,0.0,0.0619343683029803,0.1166444256095644,0.797114029133149
405,819,486450c9693f6c41,Pneumothorax,off,0.1813858066653996,0.0,0.1523427289412396,0.261841833483949,0.9024275535146128
405,819,486450c9693f6c41,Pneumothorax,on,0.1813858066653996,0.0,0.2519428045742912,0.4024806402378745,0.6851909639838343
406,822,787ac5e42fd1ee38,Pneumothorax,off,0.1470988114556379,0.0,0.0,0.0,0.3455915025248103
406,822,787ac5e42fd1ee38,Pneumothorax,on,0.1470988114556379,0.0,0.0042580891147486,0.0084781661315573,-0.2459847373498488
407,850,515b071541fd8afb,Pneumothorax,off,0.1709038102617331,0.0,0.0663335369531604,0.1217719073546119,0.8442637985611088
407,850,515b071541fd8afb,Pneumothorax,on,0.1709038102617331,0.0,0.1082219811588581,0.1953073650314844,0.6629210466366183
408,866,7f7981c486c13785,Pneumothorax,off,0.1309201838126008,0.0,0.0,0.0,0.714707037681042
408,866,7f7981c486c13785,Pneumothorax,on,0.1309201838126008,0.0,0.1343763351790011,0.2369052452665821,0.5186991832137697
409,884,c12602e668a07ed2,Pneumothorax,off,0.1473863232119449,0.0,0.0,0.0,-0.0171637720509457
409,884,c12602e668a07ed2,Pneumothorax,on,0.1473863232119449,0.0,0.0,0.0,-0.4292731265476412
410,889,debf8fe52669bd1f,Pneumothorax,off,0.1929155154013712,0.0,0.106226350304643,0.1918132040012733,1.466133395452163
410,889,debf8fe52669bd1f,Pneumothorax,on,0.1929155154013712,0.0,0.0888698190480475,0.1632329947590756,1.2623360642957768
411,916,481cbda5ec11e46c,Pneumothorax,off,0.1428787236427252,0.0,0.1408470041096783,0.2469022168406143,2.3598082038213546
411,916,481cbda5ec11e46c,Pneumothorax,on,0.1428787236427252,0.0,0.0948329988242349,0.1732360740261607,2.6194315468222187
412,925,39c315cbbe298bb1,Pneumothorax,off,0.1211886418237016,0.0,0.0043504260336821,0.0085269992337976,1.3728800489235102
412,925,39c315cbbe298bb1,Pneumothorax,on,0.1211886418237016,0.0,0.1088000167093636,0.1962477021167026,1.3820450078397708
413,940,193ba2b929433519,Pneumothorax,off,0.1203114873129346,1.0,0.3653242268259499,0.5347792755922944,1.3918548772669987
413,940,193ba2b929433519,Pneumothorax,on,0.1203114873129346,1.0,0.2236906471950472,0.3655990839367303,1.0974987727572183
414,981,f15cb57b356991a4,Pneumothorax,off,0.1299991715762954,0.0,0.1053292043947685,0.1891295929076059,1.1493904995600197
414,981,f15cb57b356991a4,Pneumothorax,on,0.1299991715762954,0.0,0.1547223692567959,0.2679814738593458,1.0645660739782266
415,988,009742263c8e7733,Pneumothorax,off,0.1519182881842414,0.0,0.0333093663181071,0.064448510671937,0.0658073047492427
415,988,009742263c8e7733,Pneumothorax,on,0.1519182881842414,0.0,0.0151415662670958,0.0298313089502013,-0.2464278527928574
416,991,555d178e00bc7c1e,Pneumothorax,off,0.1255061912489218,0.0,0.0,0.0,-0.3640422981719373
416,991,555d178e00bc7c1e,Pneumothorax,on,0.1255061912489218,0.0,0.0,0.0,-0.3871065318707755
417,1036,ca6f95a119b85590,Pneumothorax,off,0.1307642452329089,0.0,0.0009611717140895,0.0019131491041603,1.1661330523759466
417,1036,ca6f95a119b85590,Pneumothorax,on,0.1307642452329089,0.0,0.0681510525324029,0.1276043024782173,1.0422886021352522
418,1046,aad8f99bada1cb5d,Pneumothorax,off,0.1653631176020545,1.0,0.1182269239711552,0.2113254363205922,0.2715084144353415
418,1046,aad8f99bada1cb5d,Pneumothorax,on,0.1653631176020545,1.0,0.1186983527345287,0.2122071597730261,0.2123320919787356
419,1047,4d393cd50c54b936,Pneumothorax,off,0.097091258180684,0.0,0.0,0.0,-0.2537307083134392
419,1047,4d393cd50c54b936,Pneumothorax,on,0.097091258180684,0.0,0.0,0.0,-0.3374307913694544
420,1049,6634689c6ead98e8,Pneumothorax,off,0.1817659069533987,1.0,0.2568130213002542,0.4083557409439279,1.1297998532925229
420,1049,6634689c6ead98e8,Pneumothorax,on,0.1817659069533987,1.0,0.2819346138213227,0.4398577076052539,0.7942532043497356
421,1055,0748d125d669cd46,Pneumothorax,off,0.0976370432096058,0.0,0.0,0.0,-0.0074233209749526
421,1055,0748d125d669cd46,Pneumothorax,on,0.0976370432096058,0.0,0.0,0.0,-0.3357417948119872
422,1104,2f16e873dc93d803,Pneumothorax,off,0.1252674102987685,0.0,0.0026068253073165,0.005155403170965,1.2788603072463556
422,1104,2f16e873dc93d803,Pneumothorax,on,0.1252674102987685,0.0,0.0647807170457835,0.1216788457867291,1.2348607017917792
423,1127,d907b10e78a3c460,Pneumothorax,off,0.1344434210975152,0.0,0.0,0.0,-0.1512076346570967
423,1127,d907b10e78a3c460,Pneumothorax,on,0.1344434210975152,0.0,0.0,0.0,-0.4023409545753932
424,1135,3485119c4592cd19,Pneumothorax,off,0.1302184602039871,1.0,0.3201233248300071,0.4843456775081257,1.4546944350526934
424,1135,3485119c4592cd19,Pneumothorax,on,0.1302184602039871,1.0,0.2909877803429524,0.4507488009049896,1.3076233926676482
425,1152,15731a6cde76fdc2,Pneumothorax,off,0.1513188992685506,1.0,0.3488693031143197,0.5156895436340847,1.6203863823005866
425,1152,15731a6cde76fdc2,Pneumothorax,on,0.1513188992685506,1.0,0.4568162419713585,0.6271430826600372,1.411251358030118
426,1158,794c32900dac02b8,Pneumothorax,off,0.1266367459516882,1.0,0.2929036731034387,0.4520330848413086,1.2141983178526357
426,1158,794c32900dac02b8,Pneumothorax,on,0.1266367459516882,1.0,0.3523479805123697,0.5210907002989248,1.026357513411503
427,28,a570482c949ce5cf,Consolidation,off,0.1485022586728652,1.0,0.191538969506862,0.3160609044594881,1.0003879373510174
427,28,a570482c949ce5cf,Consolidation,on,0.1485022586728652,1.0,0.4182713010761743,0.5898290174117057,0.8317089221541177
428,155,ba67098ed4462110,Consolidation,off,0.1431126315122631,1.0,0.2386500246632936,0.3834032818395221,1.2759414692102204
428,155,ba67098ed4462110,Consolidation,on,0.1431126315122631,1.0,0.4077258457046403,0.5792670992360753,0.9113509911268732
429,264,0c2af963db3db5b3,Consolidation,off,0.1174168774274032,1.0,0.3913693511792034,0.5605249660330968,3.566802334682719
429,264,0c2af963db3db5b3,Consolidation,on,0.1174168774274032,1.0,0.178963541020091,0.3035906748600589,3.082855420703829
430,290,cc44c54a66347671,Consolidation,off,0.1299358215282955,1.0,0.4358777876756987,0.600712372037815,2.113709806442163
430,290,cc44c54a66347671,Consolidation,on,0.1299358215282955,1.0,0.5826030988828611,0.7362552042377905,2.034918741637756
431,390,7d3c20f80e870ec2,Consolidation,off,0.1755039983626449,1.0,0.1577431378463811,0.2717741848827573,1.2680599536133823
431,390,7d3c20f80e870ec2,Consolidation,on,0.1755039983626449,1.0,0.1950810685019714,0.3264732803049323,0.98325569074701
432,391,9958d21d8d9fe67b,Consolidation,off,0.1659576334371299,1.0,0.0862255942919591,0.1581168690371637,0.8470173110217164
432,391,9958d21d8d9fe67b,Consolidation,on,0.1659576334371299,1.0,0.3161406974418024,0.480381775519017,0.583705442802434
433,462,eaf68dbfa68ef84c,Consolidation,off,0.1472303846322529,1.0,0.2400619771669277,0.3848754005353158,1.0826675105692098
433,462,eaf68dbfa68ef84c,Consolidation,on,0.1472303846322529,1.0,0.315264016784743,0.4793925959622848,0.9384782908870426
434,467,9204afd0723591d5,Consolidation,off,0.1262322802606123,1.0,0.2527169683936819,0.4014695581138466,1.3613434326425646
434,467,9204afd0723591d5,Consolidation,on,0.1262322802606123,1.0,0.3908319948884867,0.5620111938638536,1.182528261687665
435,481,8c96285409af9413,Consolidation,off,0.1600270943282214,1.0,0.2556154117096966,0.3984640343849838,1.953378914947584
435,481,8c96285409af9413,Consolidation,on,0.1600270943282214,1.0,0.6365717220826432,0.7779316121917474,1.5528718160397217
436,493,9c731e6925e3a373,Consolidation,off,0.2256138863305215,1.0,0.3030033777022599,0.449780218107538,0.8096927768518097
436,493,9c731e6925e3a373,Consolidation,on,0.2256138863305215,1.0,0.2990857699375956,0.4512190655350889,0.3987446678898875
437,515,566905aac57a9887,Consolidation,off,0.1160377956132528,1.0,0.4196581238954649,0.5837234363331752,4.213139625544334
437,515,566905aac57a9887,Consolidation,on,0.1160377956132528,1.0,0.12989731070474,0.2299118401281421,3.078858872054344
438,517,6ec825316e840dc6,Consolidation,off,0.153156050660546,1.0,0.1886504585820352,0.312888605611039,1.2175750347067464
438,517,6ec825316e840dc6,Consolidation,on,0.153156050660546,1.0,0.4437064414774337,0.6146646702275624,0.93275634545738
439,522,e2775a9e9b9b05d3,Consolidation,off,0.1428738505621098,1.0,0.2838449114928806,0.4417704623929722,1.3975085997469603
439,522,e2775a9e9b9b05d3,Consolidation,on,0.1428738505621098,1.0,0.3105445892650204,0.4739167675594155,1.1149964481618129
440,535,6a0296c529692b25,Consolidation,off,0.1559337066113084,1.0,0.352901538759199,0.5213481587969963,1.9651416137064144
440,535,6a0296c529692b25,Consolidation,on,0.1559337066113084,1.0,0.2614765155385339,0.4145517288812609,1.8211987210812437
441,560,5d2d21a971eb5670,Consolidation,off,0.1397209674039637,1.0,0.1275746456672012,0.2242459798598995,0.915566310496324
441,560,5d2d21a971eb5670,Consolidation,on,0.1397209674039637,1.0,0.3367877231311708,0.5038628480979319,0.6851947101870342
442,561,fbc80b00ea93a76d,Consolidation,off,0.1633992661140593,0.0,0.0423026843288963,0.0772346535958985,1.2501113578771148
442,561,fbc80b00ea93a76d,Consolidation,on,0.1633992661140593,0.0,0.1690968391016998,0.2892774627807861,1.037441808637939
443,569,0bfd45dece853b5b,Consolidation,off,0.1364072725855104,1.0,0.3961689018331224,0.5618965593342014,1.5751857274737604
443,569,0bfd45dece853b5b,Consolidation,on,0.1364072725855104,1.0,0.469404742398273,0.6388840193332286,1.4416231853930446
444,570,fd4f48c668b17706,Consolidation,off,0.1021787543431331,0.0,0.2593782913646805,0.4113027483914179,1.890922879665932
444,570,fd4f48c668b17706,Consolidation,on,0.1021787543431331,0.0,0.2626928297621515,0.4160826437839859,2.266722722807814
445,574,a8e3c4f43e541154,Consolidation,off,0.1307252605879859,1.0,0.2279564129236493,0.3682052049092156,0.8524849520789175
445,574,a8e3c4f43e541154,Consolidation,on,0.1307252605879859,1.0,0.3585042058744086,0.527788184368923,0.7312160734114118
446,584,b2c46c4046f49e51,Consolidation,off,0.182842857769396,0.0,0.1493947290852342,0.2592428597767521,0.3437035536360459
446,584,b2c46c4046f49e51,Consolidation,on,0.182842857769396,0.0,0.1742530654718965,0.2967887862350394,0.263324249372403
447,608,225e15fe6310d743,Consolidation,off,0.124292794175694,1.0,0.3916951376911525,0.5548303701103976,4.313386415580759
447,608,225e15fe6310d743,Consolidation,on,0.124292794175694,1.0,0.1372597798661245,0.2413834135081013,2.918188674964279
448,615,366cb9cb3bb951f1,Consolidation,off,0.1185864167750927,1.0,0.4201538353122481,0.5899685709619478,2.0062687655766447
448,615,366cb9cb3bb951f1,Consolidation,on,0.1185864167750927,1.0,0.5676264509664655,0.7241855756743811,2.24720628085076
449,616,e22c3e000c4e88fe,Consolidation,off,0.077774366621347,0.0,0.0,0.0,-0.050367329616745
449,616,e22c3e000c4e88fe,Consolidation,on,0.077774366621347,0.0,0.0,0.0,-0.3282450051640069
450,633,b9ced1f944e75887,Consolidation,off,0.1415240072316516,0.0,0.3371611015873769,0.5041444713441436,2.2996866277311336
450,633,b9ced1f944e75887,Consolidation,on,0.1415240072316516,0.0,0.2438063585920282,0.3920244611187392,2.8106476034277
451,636,b01b91f217819dee,Consolidation,off,0.1711328450506556,0.0,0.1009292967579727,0.1831821496393273,0.5910071792223766
451,636,b01b91f217819dee,Consolidation,on,0.1711328450506556,0.0,0.0934014443304395,0.1708454792160026,0.5930438654552806
452,643,6afdc26213cbad6c,Consolidation,off,0.1913366372819905,1.0,0.2405492514760943,0.3853364142708099,0.9525747812231096
452,643,6afdc26213cbad6c,Consolidation,on,0.1913366372819905,1.0,0.3082476004660424,0.4712368019240843,0.652420575978114
453,645,3b0cd1a00fe5ab83,Consolidation,off,0.1696660477854285,0.0,0.1478828576222035,0.257552506930317,1.2388751535158675
453,645,3b0cd1a00fe5ab83,Consolidation,on,0.1696660477854285,0.0,0.1513970169458112,0.2629794820452601,0.9304908437612388
454,646,9523a52edd5e2cb2,Consolidation,off,0.1367776267122787,1.0,0.4944895404683511,0.6611886341074615,2.3150365561539115
454,646,9523a52edd5e2cb2,Consolidation,on,0.1367776267122787,1.0,0.4853292077966321,0.6534915931901136,3.053788904422189
455,655,57cc42476bc58a45,Consolidation,off,0.113333235871721,0.0,0.2244880982484693,0.3664072858306367,1.678470622652641
455,655,57cc42476bc58a45,Consolidation,on,0.113333235871721,0.0,0.1688970566219893,0.2889814656838065,1.7147607552166615
456,663,318d6d46d9b1cbfe,Consolidation,off,0.1490480437017869,1.0,0.17094959199816,0.2886863334289186,1.0612222568755514
456,663,318d6d46d9b1cbfe,Consolidation,on,0.1490480437017869,1.0,0.3872341309318833,0.5582739608228311,0.793443841662453
457,664,a77657cf1d66efeb,Consolidation,off,0.1490188052180947,1.0,0.4358972134921657,0.6015164889976343,1.970198460671216
457,664,a77657cf1d66efeb,Consolidation,on,0.1490188052180947,1.0,0.4222481215257874,0.5937546095540791,2.2224449565595807
458,665,f882c58f4f53f944,Consolidation,off,0.1432831893338011,1.0,0.2098721338068955,0.3431900532395249,1.340188954400977
458,665,f882c58f4f53f944,Consolidation,on,0.1432831893338011,1.0,0.4755722329579849,0.6445903087988974,1.034778814510145
459,666,3a2942da2da9a581,Consolidation,off,0.1442675516181064,1.0,0.3127790494709762,0.4728935252269234,1.4793724504600845
459,666,3a2942da2da9a581,Consolidation,on,0.1442675516181064,1.0,0.506516585885866,0.6724300704476718,1.1956675582593668
460,672,b981be74894de22a,Consolidation,off,0.0976029316452982,1.0,0.2410341812945512,0.3862219704114813,1.0668738237824436
460,672,b981be74894de22a,Consolidation,on,0.0976029316452982,1.0,0.3980938567788937,0.5694749197176708,0.9073630474427452
461,697,6c78ef6d944d3f83,Consolidation,off,0.1607093256143736,1.0,0.2471914854070751,0.3903964007248816,1.2825408859736067
461,697,6c78ef6d944d3f83,Consolidation,on,0.1607093256143736,1.0,0.3618543895862568,0.5314140252992038,0.9581794772739703
462,700,e54914530f4e5858,Consolidation,off,0.1391215784882729,0.0,0.1791530554622288,0.3033604344450504,1.9937822655525044
462,700,e54914530f4e5858,Consolidation,on,0.1391215784882729,0.0,0.1798286562592818,0.3048348000248075,2.7389344736787624
463,702,25a61b8420e7fe65,Consolidation,off,0.1322651540624436,0.0,0.1043981833354186,0.1883215617959147,0.459639616002591
463,702,25a61b8420e7fe65,Consolidation,on,0.1322651540624436,0.0,0.1591912267993574,0.2746588539999411,0.4346445984343557
464,708,96f41434652764ac,Consolidation,off,0.1305352104439864,0.0,0.3546759993117212,0.5211366815929216,2.036560309431088
464,708,96f41434652764ac,Consolidation,on,0.1305352104439864,0.0,0.4429834447131112,0.613980125679271,2.571019638090005
465,713,9febde28b37da9ca,Consolidation,off,0.0718925583185922,1.0,0.2221003799863367,0.3618811335668299,0.1197509435853343
465,713,9febde28b37da9ca,Consolidation,on,0.0718925583185922,1.0,0.265806630568263,0.4199768523955072,0.5864572524809328
466,723,16b3c75128d0e2b7,Consolidation,off,0.1517282380402419,0.0,0.0008098296565205,0.0015962570524287,-0.7024835964437979
466,723,16b3c75128d0e2b7,Consolidation,on,0.1517282380402419,0.0,0.0019689332183552,0.0038862637333188,-0.4281417998258947
467,726,34b6451794687173,Consolidation,off,0.1620689151060626,1.0,0.5840849683400405,0.7359363565427322,2.40126550603044
467,726,34b6451794687173,Consolidation,on,0.1620689151060626,1.0,0.5385348089567786,0.7000506738571686,2.48560672189709
468,746,1858786fb0104114,Consolidation,off,0.1385855396205819,1.0,0.487425128594391,0.651302191407815,2.0436097476079373
468,746,1858786fb0104114,Consolidation,on,0.1385855396205819,1.0,0.4593959707155747,0.6295662194460885,1.8078849274996789
469,747,9edfec1897db1848,Consolidation,off,0.0969450657622229,1.0,0.6615678472356512,0.7930745097379208,3.5825758945923303
469,747,9edfec1897db1848,Consolidation,on,0.0969450657622229,1.0,0.4487177481763613,0.619454104640023,4.205135519237958
470,753,4234a6fc45a40e5f,Consolidation,off,0.1589598896734548,0.0,0.0744014252781738,0.1384573253164892,1.243746198763547
470,753,4234a6fc45a40e5f,Consolidation,on,0.1589598896734548,0.0,0.0801667146917682,0.1484339151845924,1.0738567333089402
471,767,8d02fb4e96fdfef7,Consolidation,off,0.1010043419148283,1.0,0.473614317759888,0.6364363855323811,3.297605249752878
471,767,8d02fb4e96fdfef7,Consolidation,on,0.1010043419148283,1.0,0.2174266495949378,0.3571263088113173,3.506918279460306
472,771,62f1a81c8f18443c,Consolidation,off,0.1479905852082511,1.0,0.2289251851944601,0.3668371641500381,1.0088022560781014
472,771,62f1a81c8f18443c,Consolidation,on,0.1479905852082511,1.0,0.4210172449601934,0.592551403712293,0.8424866065542697
473,781,401672585661dd1d,Consolidation,off,0.135408291059359,1.0,0.1725489596083231,0.2915248254150991,1.0823391688480832
473,781,401672585661dd1d,Consolidation,on,0.135408291059359,1.0,0.3814545457255592,0.5522451846855925,0.7841084183179005
474,795,5029aee0e9c572fa,Consolidation,off,0.0329127864762266,1.0,0.0750821937442797,0.1396238953840062,-0.1557265861461381
474,795,5029aee0e9c572fa,Consolidation,on,0.0329127864762266,1.0,0.2270404310247388,0.3700546954590832,0.5819678727506373
475,805,2e8aac35ec38a7ab,Consolidation,off,0.1864440643441564,1.0,0.3426151175972902,0.5072875123691739,1.3569592978129372
475,805,2e8aac35ec38a7ab,Consolidation,on,0.1864440643441564,1.0,0.4243960078389267,0.5958953743515719,0.9173879635482702
476,809,a261584c8fbb576f,Consolidation,off,0.2021256377644255,1.0,0.4043287345464269,0.568233884459654,1.6500476708064584
476,809,a261584c8fbb576f,Consolidation,on,0.2021256377644255,1.0,0.4976677860669724,0.6645803075266963,0.9998725061866284
477,828,412bc3003e46d430,Consolidation,off,0.1209254954704715,1.0,0.3409562275267834,0.5082166723474615,3.136872581596155
477,828,412bc3003e46d430,Consolidation,on,0.1209254954704715,1.0,0.1635307754587573,0.281088728584983,3.014147794326672
478,831,d9f965aa6ea5cf7f,Consolidation,off,0.1081434050163491,1.0,0.1608681941838017,0.2754662499749193,0.9125500369228948
478,831,d9f965aa6ea5cf7f,Consolidation,on,0.1081434050163491,1.0,0.3615100192834939,0.5310378049046283,0.7445145958028491
479,834,0883fbcd6ee1ea30,Consolidation,off,0.1969845377152074,1.0,0.1482144172267522,0.2539838137286236,0.6530337158101779
479,834,0883fbcd6ee1ea30,Consolidation,on,0.1969845377152074,1.0,0.2588022707623306,0.4111844563606535,0.3607721172086035
480,839,faa9569ebbe0f9c1,Consolidation,off,0.155719291064232,1.0,0.2536441128238954,0.4045459941885542,1.1193529540242122
480,839,faa9569ebbe0f9c1,Consolidation,on,0.155719291064232,1.0,0.3048213507033453,0.4672228193168906,0.9168165390830832
481,845,4342545b77359fb5,Consolidation,off,0.0944549215677675,0.0,0.0,0.0,0.8717810757674447
481,845,4342545b77359fb5,Consolidation,on,0.0944549215677675,0.0,0.1029703722398076,0.1866640230268631,0.7806036313713862
482,859,d8cc11c0d6fc40a9,Consolidation,off,0.1238201053560029,1.0,0.2459168740855953,0.3931403854983304,0.9131489311019848
482,859,d8cc11c0d6fc40a9,Consolidation,on,0.1238201053560029,1.0,0.3154031407303824,0.4795525362544253,0.7265137205402082
483,862,5c3c4c028b21c939,Consolidation,off,0.1122952697006466,1.0,0.4580222747039733,0.6197868344978368,2.484717185419419
483,862,5c3c4c028b21c939,Consolidation,on,0.1122952697006466,1.0,0.6619294081804438,0.7965764868310201,3.056431368298425
484,864,bdacdcb26faebfe0,Consolidation,off,0.1067204654766603,1.0,0.5038969876207708,0.6699551679165637,3.1637381632165558
484,864,bdacdcb26faebfe0,Consolidation,on,0.1067204654766603,1.0,0.3089527039069931,0.4720520138834624,3.54795056696528
485,873,fcc6cf25e734d353,Consolidation,off,0.1673659537349726,1.0,0.2440331171283545,0.3835522978160973,1.4195676780820334
485,873,fcc6cf25e734d353,Consolidation,on,0.1673659537349726,1.0,0.497840812866657,0.6647323990171653,1.032770609923057
486,874,2f8c1ad1a08b33f0,Consolidation,off,0.1439995321842609,1.0,0.2990497364385525,0.459509824926585,1.2285511144598074
486,874,2f8c1ad1a08b33f0,Consolidation,on,0.1439995321842609,1.0,0.2579681011739662,0.410133575921375,0.8954302759960897
487,875,13914e356156cdbc,Consolidation,off,0.1506074294987062,1.0,0.3034916452677625,0.4628199431790865,1.9132012035977903
487,875,13914e356156cdbc,Consolidation,on,0.1506074294987062,1.0,0.4749630372474067,0.6440337072551288,1.9487808645009064
488,876,8f6bc0764cb909a2,Consolidation,off,0.1108187262741887,1.0,0.3937310369885082,0.5645599422556425,2.595776797508578
488,876,8f6bc0764cb909a2,Consolidation,on,0.1108187262741887,1.0,0.3074960344921496,0.4703516287666207,3.3253595941630425
489,883,2a297ecb96cbdf5e,Consolidation,off,0.1258326876501518,1.0,0.3388220552763099,0.5031307034889341,1.6442986012582783
489,883,2a297ecb96cbdf5e,Consolidation,on,0.1258326876501518,1.0,0.4843698741162126,0.6526258942807956,1.7920622063774527
490,885,ecc8fa1a45887b14,Consolidation,off,0.1605485139540663,1.0,0.3304776198445673,0.4946510857822778,1.1902940440149905
490,885,ecc8fa1a45887b14,Consolidation,on,0.1605485139540663,1.0,0.4180582239981388,0.5896204080168145,0.979862718805796
491,886,0e6c4727d672f341,Consolidation,off,0.1796412438050962,1.0,0.3830479335158304,0.5534584703909234,1.4492461807766286
491,886,0e6c4727d672f341,Consolidation,on,0.1796412438050962,1.0,0.3893032567877154,0.5604275918004531,1.0648379311741762
492,899,1e0761e8352e8e7a,Consolidation,off,0.130700895184909,1.0,0.2909529893256722,0.4489767984341462,1.1087968604803553
492,899,1e0761e8352e8e7a,Consolidation,on,0.130700895184909,1.0,0.3673708189474255,0.5373372243196367,0.9196620507306994
493,923,9e0f921c7684ff3a,Consolidation,off,0.1018620041031338,1.0,0.4004086043670784,0.5711730720011886,2.120215059893455
493,923,9e0f921c7684ff3a,Consolidation,on,0.1018620041031338,1.0,0.3615874622445358,0.5311233680991561,2.584162324784957
494,931,51a3708674a10295,Consolidation,off,0.11436632896218,1.0,0.4369177939026495,0.6064514398866647,2.2746047894338357
494,931,51a3708674a10295,Consolidation,on,0.11436632896218,1.0,0.4469316158780002,0.6177576420732506,2.9765053185357293
495,935,ba3866d683193aa0,Consolidation,off,0.1601489213436057,0.0,0.0,0.0,0.1735865281091413
495,935,ba3866d683193aa0,Consolidation,on,0.1601489213436057,0.0,0.0082941528531248,0.0164507310426993,-0.2224765082127505
496,942,82c85fc4dd874b40,Consolidation,off,0.124789848398462,1.0,0.311427723087789,0.4739597845299007,1.4901176782671814
496,942,82c85fc4dd874b40,Consolidation,on,0.124789848398462,1.0,0.4119191929730755,0.583487779354418,1.2418045209314406
497,946,a677aa1f5b36b700,Consolidation,off,0.1682333620845089,1.0,0.222695903416086,0.3584334941515326,1.2313655204982668
497,946,a677aa1f5b36b700,Consolidation,on,0.1682333620845089,1.0,0.4281785934447426,0.5996069769955352,0.8364360613470474
498,948,86e3166f932d743b,Consolidation,off,0.0998348025671388,1.0,0.1422185517738222,0.2473445577546735,0.6642317303749613
498,948,86e3166f932d743b,Consolidation,on,0.0998348025671388,1.0,0.322454021961868,0.4876555139395967,0.6908801582188078
499,958,18a81f0eb7e51290,Consolidation,off,0.1751238980746458,1.0,0.1731498982786895,0.2948320079386675,1.055439419488688
499,958,18a81f0eb7e51290,Consolidation,on,0.1751238980746458,1.0,0.1876460146722796,0.3159962459388445,0.7224484074911396
500,964,8397370f06feee51,Consolidation,off,0.1239614246938487,1.0,0.2736614756980357,0.4261074076171285,0.532062537299218
500,964,8397370f06feee51,Consolidation,on,0.1239614246938487,1.0,0.365636993958528,0.5354812434340056,0.7344676810868281
501,965,8377ec046dff9195,Consolidation,off,0.110024414133883,0.0,0.3358000487201354,0.5020998444552561,2.570364907532856
501,965,8377ec046dff9195,Consolidation,on,0.110024414133883,0.0,0.2513526524309929,0.4017209323513044,3.339658224633679
502,968,82dc03895b02069c,Consolidation,off,0.1334444395713638,1.0,0.5692675115693323,0.7246990678655283,2.8529468545985703
502,968,82dc03895b02069c,Consolidation,on,0.1334444395713638,1.0,0.3195465781918988,0.4843124028474674,3.158304302258995
503,986,704c28a31e97e69f,Consolidation,off,0.1644908361719028,1.0,0.46152118188099,0.6295855552827111,1.849215572280959
503,986,704c28a31e97e69f,Consolidation,on,0.1644908361719028,1.0,0.5164067043619001,0.6810924435228303,1.576188902773385
504,990,5d20a85044d09721,Consolidation,off,0.172458322978037,0.0,0.3137088273634277,0.4705481139780626,2.708416170751624
504,990,5d20a85044d09721,Consolidation,on,0.172458322978037,0.0,0.1357331588228754,0.2390203144356412,2.404050713562044
505,993,80ce437091158308,Consolidation,off,0.1053218913400484,1.0,0.1072310604396153,0.1927226823117373,0.6533434276610265
505,993,80ce437091158308,Consolidation,on,0.1053218913400484,1.0,0.21538140656149,0.3544161064385959,0.4413044381807861
506,1009,433b8e95e8312da9,Consolidation,off,0.1394139633251953,0.0,0.1210468172936762,0.2153054320640762,0.7961408970645042
506,1009,433b8e95e8312da9,Consolidation,on,0.1394139633251953,0.0,0.1441101788787435,0.2519165118141922,0.4590169533466735
507,1015,3c0096e17cc2688d,Consolidation,off,0.1749338479306463,1.0,0.1614757441128855,0.2743714135907333,1.0784798269640998
507,1015,3c0096e17cc2688d,Consolidation,on,0.1749338479306463,1.0,0.3285557014462741,0.4945976601702621,0.6460227541235745
508,1030,838d7b8777c24cdc,Consolidation,off,0.1260227377941513,1.0,0.3040532711148621,0.4639050957052189,1.596671005924156
508,1030,838d7b8777c24cdc,Consolidation,on,0.1260227377941513,1.0,0.3594721837629612,0.5288283579862357,1.4723824767028049
509,1033,cdc87877c8b61123,Consolidation,off,0.1072175196994283,1.0,0.5933276606869498,0.7437171533569632,3.7240279839287296
509,1033,cdc87877c8b61123,Consolidation,on,0.1072175196994283,1.0,0.2773343999491112,0.434229431574672,3.460726762387264
510,1037,4843d8df6c691692,Consolidation,off,0.1328499237362883,0.0,0.0,0.0,-0.4249593982012177
510,1037,4843d8df6c691692,Consolidation,on,0.1328499237362883,0.0,0.0074248532342213,0.0147386077678201,-0.3711524703727188
511,1063,4e355df0db0e824f,Consolidation,off,0.0945231446963827,0.0,0.2236518834445546,0.3631212800625593,1.6027619255284795
511,1063,4e355df0db0e824f,Consolidation,on,0.0945231446963827,0.0,0.3830409563514187,0.5539109947542554,1.851367186730408
512,1072,2b4752466d7dbab3,Consolidation,off,0.148604593365788,1.0,0.3113811280097501,0.473856797951196,1.2914193204184854
512,1072,2b4752466d7dbab3,Consolidation,on,0.148604593365788,1.0,0.3841131586636465,0.5550311443415028,0.9654557667170164
513,1073,77a9f576918dc347,Consolidation,off,0.156581826333153,0.0,0.2644270885161214,0.415424021062387,1.052370475871167
513,1073,77a9f576918dc347,Consolidation,on,0.156581826333153,0.0,0.3331902847950904,0.4998390503827072,0.8464841939778383
514,1074,6499d2e766d3c4db,Consolidation,off,0.142406034823034,1.0,0.1602081107446462,0.2740117760203423,1.3203127394349368
514,1074,6499d2e766d3c4db,Consolidation,on,0.142406034823034,1.0,0.4382752278515954,0.6094147243342589,0.9481294776254215
515,1076,8807b14d7d5f1828,Consolidation,off,0.1664157030149749,1.0,0.3555792183977669,0.5235693242605872,1.4866955168212117
515,1076,8807b14d7d5f1828,Consolidation,on,0.1664157030149749,1.0,0.3596105861143329,0.5289895979223862,1.152276454894145
516,1098,d1599ddf61852654,Consolidation,off,0.1660697142912835,1.0,0.1180145719489981,0.2087337035055137,1.1955288119745968
516,1098,d1599ddf61852654,Consolidation,on,0.1660697142912835,1.0,0.3635955954663771,0.5332681264815862,0.7825132452255906
517,1121,3802c59c7fb1822d,Consolidation,off,0.113255266581875,0.0,0.1965950958189114,0.3279924027047934,1.6506983976231997
517,1121,3802c59c7fb1822d,Consolidation,on,0.113255266581875,0.0,0.1829241866870957,0.309269306962986,1.845162759736306
518,1123,c32e7ffef11280ca,Consolidation,off,0.1130554702766447,1.0,0.55996029863473,0.7168888707596214,3.2764995537543045
518,1123,c32e7ffef11280ca,Consolidation,on,0.1130554702766447,1.0,0.2684648406163993,0.4232564442346213,3.412135946662693
519,1131,252929b7917291e3,Consolidation,off,0.1632140890506751,0.0,0.0663031168041851,0.1214931443785051,0.9126765654561032
519,1131,252929b7917291e3,Consolidation,on,0.1632140890506751,0.0,0.1602452194518897,0.27622581262305,0.6375109107760367
520,1137,48f46950c6af780a,Consolidation,off,0.1737643085829568,1.0,0.1571871449674759,0.2706601642290689,0.6047149114565911
520,1137,48f46950c6af780a,Consolidation,on,0.1737643085829568,1.0,0.2136366989718305,0.3520584233331871,0.3895184635654681
521,1156,41875f28d1a6bb51,Consolidation,off,0.2081926231305644,1.0,0.3506335172960003,0.5146539879636445,1.2175651604759048
521,1156,41875f28d1a6bb51,Consolidation,on,0.2081926231305644,1.0,0.4191566051169494,0.5907057436639326,0.7976415753286968
522,4,b4cdf6d04b4a2062,Atelectasis,off,0.1064134613978919,1.0,0.2979834734395999,0.4587748742634015,0.9772536589851644
522,4,b4cdf6d04b4a2062,Atelectasis,on,0.1064134613978919,1.0,0.181619613376027,0.3074053725495259,0.5716177128659523
523,186,377c879691fc477e,Atelectasis,off,0.1731503004254199,1.0,0.4745319748309368,0.6435277935799034,1.835134413420348
523,186,377c879691fc477e,Atelectasis,on,0.1731503004254199,1.0,0.4598030939178343,0.6299516490457948,1.5178019328362946
524,205,defa3fe8fbd3bc01,Atelectasis,off,0.1316462728242913,1.0,0.235528121232743,0.3793058820288834,0.769717338260016
524,205,defa3fe8fbd3bc01,Atelectasis,on,0.1316462728242913,1.0,0.3225912299365818,0.4878166294369189,0.6691233710322841
525,286,b1c55e29c4405de2,Atelectasis,off,0.1686427008562002,1.0,0.3170485722796648,0.4807769644691276,1.3741318865738936
525,286,b1c55e29c4405de2,Atelectasis,on,0.1686427008562002,1.0,0.3583585759633826,0.5276346372397656,1.0090135929223054
526,347,0d910e15cf3df18e,Atelectasis,off,0.1661866682260524,1.0,0.297524396845942,0.4523182037210169,1.0130768301388071
526,347,0d910e15cf3df18e,Atelectasis,on,0.1661866682260524,1.0,0.4263680052345782,0.5978362403070028,0.8399339452058604
527,434,08de60a4a7687ffe,Atelectasis,off,0.1755088714432602,1.0,0.3772925812496616,0.5478652675111528,1.8053538721485023
527,434,08de60a4a7687ffe,Atelectasis,on,0.1755088714432602,1.0,0.378236836628034,0.5488705477985599,1.4953629194767586
528,445,06ba8137b7b55507,Atelectasis,off,0.1908883138653762,0.0,0.115859588533429,0.2075786721159075,0.5596965664083792
528,445,06ba8137b7b55507,Atelectasis,on,0.1908883138653762,0.0,0.0635638529774746,0.1195216384140437,0.1012889400555752
529,451,3f66ef83bae0f84d,Atelectasis,off,0.1201896602975503,1.0,0.3254186770981478,0.4908180583363085,1.3131609735363827
529,451,3f66ef83bae0f84d,Atelectasis,on,0.1201896602975503,1.0,0.2208677453163789,0.3618207098617319,1.063442832457689
530,460,0d8a5ccd0a4db0f8,Atelectasis,off,0.1456856180771798,1.0,0.2983105408140596,0.4551460856188701,1.851344933405902
530,460,0d8a5ccd0a4db0f8,Atelectasis,on,0.1456856180771798,1.0,0.5613601048583329,0.719064413997751,1.8414468362145149
531,470,92fcdf6ded710162,Atelectasis,off,0.1773460228352557,0.0,0.2698121151573504,0.4249065069104582,1.7831550165152958
531,470,92fcdf6ded710162,Atelectasis,on,0.1773460228352557,0.0,0.2506477906876003,0.4008279346503353,1.681494297264427
532,478,51426c9cde48119b,Atelectasis,off,0.132270027143059,1.0,0.1424019687206553,0.247468838949689,1.3216360693133522
532,478,51426c9cde48119b,Atelectasis,on,0.132270027143059,1.0,0.4268561992034453,0.5982906658409498,0.9253197042480796
533,494,1db4456ab63d12f3,Atelectasis,off,0.1655629139072847,1.0,0.3216040892207325,0.4864134963093002,1.9823805740403435
533,494,1db4456ab63d12f3,Atelectasis,on,0.1655629139072847,1.0,0.3825076697641331,0.5533501710382344,2.5462502085918426
534,499,c8db963e82f7c785,Atelectasis,off,0.1376157965781227,1.0,0.276802229584395,0.4309685595254966,1.8102776106334613
534,499,c8db963e82f7c785,Atelectasis,on,0.1376157965781227,1.0,0.6336287356840844,0.7757269275752657,1.7197747932998
535,508,b6cd6a1cabc0249f,Atelectasis,off,0.1729748695232665,1.0,0.3185177022662319,0.4785480706456779,1.476430009144709
535,508,b6cd6a1cabc0249f,Atelectasis,on,0.1729748695232665,1.0,0.5134588724956379,0.6785172630140124,1.067323682594674
536,512,ecc77d5112e864b4,Atelectasis,off,0.1586236471109941,1.0,0.2438826887060035,0.3836062847926043,1.324167857601437
536,512,ecc77d5112e864b4,Atelectasis,on,0.1586236471109941,1.0,0.4831267598143756,0.6514937742310464,0.9902060775298608
537,518,1c10dc1ba26ea979,Atelectasis,off,0.0963651691689935,1.0,0.3786686443145612,0.5434578323436055,1.9235912583107229
537,518,1c10dc1ba26ea979,Atelectasis,on,0.0963651691689935,1.0,0.6418047911201434,0.7818283628501908,2.255257826610942
538,565,86181433d554299d,Atelectasis,off,0.1420454268574965,1.0,0.4280521409423153,0.5913552151675522,1.3868580599161155
538,565,86181433d554299d,Atelectasis,on,0.1420454268574965,1.0,0.5230177639228488,0.6868120178747794,1.2917076999412471
539,587,167f02788875e917,Atelectasis,off,0.1366996574224327,1.0,0.2988771911765773,0.458849546434459,1.92792670477464
539,587,167f02788875e917,Atelectasis,on,0.1366996574224327,1.0,0.3912576146052167,0.5624338686692264,3.154348052560585
540,588,c0e12f25e6c003f9,Atelectasis,off,0.1442675516181064,1.0,0.1734945980355728,0.2942141793098879,1.3399456551844429
540,588,c0e12f25e6c003f9,Atelectasis,on,0.1442675516181064,1.0,0.4843433487414689,0.6525824303949616,1.1147930694045416
541,592,e7b6ae7af6d75ad6,Atelectasis,off,0.1149705909584862,1.0,0.2846180052925954,0.4413286623359559,1.2680235254232393
541,592,e7b6ae7af6d75ad6,Atelectasis,on,0.1149705909584862,1.0,0.3909709857758563,0.5621554732938939,1.0909146505375262
542,597,11d809a52453db0a,Atelectasis,off,0.1269973539172258,1.0,0.1249783051375757,0.2217477774228453,0.4969474060448701
542,597,11d809a52453db0a,Atelectasis,on,0.1269973539172258,1.0,0.1895687207443464,0.3187177176674584,0.3516017596209562
543,603,1f38204277c319ea,Atelectasis,off,0.1113303997388028,1.0,0.5384441791838606,0.6990424263875636,1.7681474758792537
543,603,1f38204277c319ea,Atelectasis,on,0.1113303997388028,1.0,0.2499371159433196,0.399913884756979,1.2141969799690444
544,606,869cfbde90c5be3f,Atelectasis,off,0.0956342070766876,1.0,0.4963216236732144,0.6559014898330708,5.069919121639473
544,606,869cfbde90c5be3f,Atelectasis,on,0.0956342070766876,1.0,0.1451999576868559,0.253577347976274,3.382789015176181
545,612,0a51eadd62ea7d37,Atelectasis,off,0.1300722677855259,1.0,0.3631490549907281,0.5302436501599237,1.4986111810523262
545,612,0a51eadd62ea7d37,Atelectasis,on,0.1300722677855259,1.0,0.4667624840654849,0.6364527086002045,1.2301385759951882
546,621,9a42d6a21dfeba0c,Atelectasis,off,0.1112183188846493,1.0,0.2852027006117151,0.4428562362656632,3.5173749528567444
546,621,9a42d6a21dfeba0c,Atelectasis,on,0.1112183188846493,1.0,0.1229622289771402,0.2189947858904107,3.0638795828914045
547,634,5b3115c94b2fd4f5,Atelectasis,off,0.1170124117363273,1.0,0.4858617878365093,0.6531694214332264,1.2848396399857442
547,634,5b3115c94b2fd4f5,Atelectasis,on,0.1170124117363273,1.0,0.2488908490253744,0.3985743116100511,0.9881623405336312
548,678,8839052d4b213766,Atelectasis,off,0.1692420897718911,1.0,0.2174744722148497,0.352150396346174,1.083676273414323
548,678,8839052d4b213766,Atelectasis,on,0.1692420897718911,1.0,0.3587150098434454,0.5280164311793165,0.7957165802409228
549,683,f0f9f475b6f58c7a,Atelectasis,off,0.1165884537227899,1.0,0.2420512523502656,0.3882285013334876,0.4152278409077326
549,683,f0f9f475b6f58c7a,Atelectasis,on,0.1165884537227899,1.0,0.259008643069584,0.4114477324738743,0.503102039435913
550,695,3ea211b9320b58ab,Atelectasis,off,0.1399256367898094,1.0,0.5835406371787024,0.7361833952892606,3.144957860210224
550,695,3ea211b9320b58ab,Atelectasis,on,0.1399256367898094,1.0,0.3514886221650692,0.520141296811566,3.1384242746710886
551,748,a541f9ed0bf11bb3,Atelectasis,off,0.1477079465325594,1.0,0.1885733950732702,0.3171589138147212,1.4319974758349567
551,748,a541f9ed0bf11bb3,Atelectasis,on,0.1477079465325594,1.0,0.3031755754192696,0.4652856976773843,1.7866666168910157
552,752,f0176f93c5b15c7a,Atelectasis,off,0.1084650283369637,1.0,0.3520662702891045,0.5186047031358999,1.7508834278814174
552,752,f0176f93c5b15c7a,Atelectasis,on,0.1084650283369637,1.0,0.4070778765415253,0.5786136572111135,1.6922835931156222
553,762,9ccf55673ed4000d,Atelectasis,off,0.1061210765609695,1.0,0.5740709392740895,0.7273849981514818,3.2532505929124427
553,762,9ccf55673ed4000d,Atelectasis,on,0.1061210765609695,1.0,0.4175827884111626,0.5891360093346729,3.867231505490574
554,787,ae3f08592ef8ad5e,Atelectasis,off,0.09965449858437,0.0,0.0,0.0,-0.6369504226910935
554,787,ae3f08592ef8ad5e,Atelectasis,on,0.09965449858437,0.0,0.0031722916612559,0.0063243642649758,-0.3052984174054511
555,789,318d8e445e8ecf5e,Atelectasis,off,0.1227529007012363,1.0,0.1130625992551492,0.2031168421381619,0.4030607615364642
555,789,318d8e445e8ecf5e,Atelectasis,on,0.1227529007012363,1.0,0.1048698745391632,0.1898301574770191,0.1010986042344044
556,797,a9dfbf9d846f90fd,Atelectasis,off,0.1175143390397107,1.0,0.2056329038931129,0.3401816014083966,0.9697687596499328
556,797,a9dfbf9d846f90fd,Atelectasis,on,0.1175143390397107,1.0,0.2578390957311528,0.4099712866734647,0.5985739546647731
557,803,984b40c082cd3573,Atelectasis,off,0.1617326725436018,1.0,0.4059318535327353,0.573303591856438,1.565055608347237
557,803,984b40c082cd3573,Atelectasis,on,0.1617326725436018,1.0,0.4576144536748555,0.6278948647253018,1.1725784889254751
558,824,385b8a59b4f6e451,Atelectasis,off,0.179534036031558,0.0,0.0690309350361112,0.1241022622788982,0.4962737729055839
558,824,385b8a59b4f6e451,Atelectasis,on,0.179534036031558,0.0,0.2276605839734956,0.3708804155900823,0.3058841465145399
559,837,0e7903057b618889,Atelectasis,off,0.1685988431306619,1.0,0.3180508042507967,0.4790567893611785,1.7773070513721725
559,837,0e7903057b618889,Atelectasis,on,0.1685988431306619,1.0,0.3599720583149374,0.5293794976038091,1.534993746068578
560,841,77941632e67bb3a4,Atelectasis,off,0.1736034969226496,1.0,0.1919713263065817,0.3189801295344797,0.852895343787579
560,841,77941632e67bb3a4,Atelectasis,on,0.1736034969226496,1.0,0.1376853251880967,0.2420391155336393,0.8104846806296266
561,847,ca5639aa02e0db66,Atelectasis,off,0.146119322251948,0.0,0.2764016453700356,0.4317376649697009,2.467680606688941
561,847,ca5639aa02e0db66,Atelectasis,on,0.146119322251948,0.0,0.166337284630412,0.2852255557556685,2.704193260263484
562,852,dac1670e41cf55a3,Atelectasis,off,0.1796607361275577,1.0,0.3720944584685001,0.5405316906938198,0.924783518090538
562,852,dac1670e41cf55a3,Atelectasis,on,0.1796607361275577,1.0,0.3844308672916819,0.5553612159222635,0.7364759145610498
563,869,09c4bd6ce78609be,Atelectasis,off,0.1720977150124994,1.0,0.2377369890985265,0.3718367994629129,1.69148233612265
563,869,09c4bd6ce78609be,Atelectasis,on,0.1720977150124994,1.0,0.4876356884126857,0.6555846337403016,1.5805785600738145
564,897,02cb75ca53972049,Atelectasis,off,0.1504807294027065,1.0,0.3503854594545218,0.5129699474435908,1.8885194479266612
564,897,02cb75ca53972049,Atelectasis,on,0.1504807294027065,1.0,0.5180887442298062,0.6825537577534871,1.7301668125638376
565,920,5d253bd0d0de6db4,Atelectasis,off,0.1622394729276006,1.0,0.3303118421837157,0.4926932657035381,1.561368668278568
565,920,5d253bd0d0de6db4,Atelectasis,on,0.1622394729276006,1.0,0.4851464285107958,0.6533229001590576,1.1154993697105755
566,927,2d5108c8eff2ee69,Atelectasis,off,0.1637501279183661,1.0,0.2365087331498931,0.3745455207015059,1.5506971965780896
566,927,2d5108c8eff2ee69,Atelectasis,on,0.1637501279183661,1.0,0.4316369241571351,0.6029967432517364,1.4212152287352822
567,960,531cd21c479c115f,Atelectasis,off,0.1071005657646594,1.0,0.2242210960633897,0.3636622360783627,0.8099924473762861
567,960,531cd21c479c115f,Atelectasis,on,0.1071005657646594,1.0,0.2916414741029596,0.4515825553806831,0.6222486972433479
568,961,4eaaeffa43a63aa2,Atelectasis,off,0.0918234580354662,1.0,0.6428318368155498,0.7769083599968208,3.3521305008387032
568,961,4eaaeffa43a63aa2,Atelectasis,on,0.0918234580354662,1.0,0.5260582730140272,0.6892898661114288,4.669772910181709
569,1006,aa5d7467210b16f2,Atelectasis,off,0.181561237567553,1.0,0.2182612608095599,0.3576226181483179,0.4865719945951717
569,1006,aa5d7467210b16f2,Atelectasis,on,0.181561237567553,1.0,0.2197315516256291,0.3602938348853288,0.4007277399507744
570,1011,25a9407a69b30806,Atelectasis,off,0.1371820924033546,1.0,0.4867687481444235,0.6515520139217428,3.4934342064015027
570,1011,25a9407a69b30806,Atelectasis,on,0.1371820924033546,1.0,0.2456942002533416,0.3944640552954455,2.9396514917809946
571,1021,a177681245ed41a8,Atelectasis,off,0.1134550628871053,0.0,0.1277406061302605,0.2254828052437103,1.072744999860462
571,1021,a177681245ed41a8,Atelectasis,on,0.1134550628871053,0.0,0.2151009401421534,0.3540457821830694,0.9118819536015668
572,1057,1939319edcfe6817,Atelectasis,off,0.1125925276181843,1.0,0.2523358143927782,0.4004184611474226,1.1065459160575757
572,1057,1939319edcfe6817,Atelectasis,on,0.1125925276181843,1.0,0.3355027154962728,0.5024358509586795,0.7870775240623221
573,1068,6a9cebc92a2e4ea8,Atelectasis,off,0.1700217826703507,1.0,0.357984108549456,0.5230485806462806,1.6090169790074584
573,1068,6a9cebc92a2e4ea8,Atelectasis,on,0.1700217826703507,1.0,0.5069157732623026,0.6727842641129387,1.2568462685568338
574,1077,2252811e46d42f53,Atelectasis,off,0.1444186171171829,1.0,0.3332944951554303,0.4987903362414643,1.462538637601601
574,1077,2252811e46d42f53,Atelectasis,on,0.1444186171171829,1.0,0.3323008043751154,0.4988358388404594,1.183757152585197
575,1084,c0dd49da98159e6d,Atelectasis,off,0.1209693531960099,0.0,0.0,0.0,0.9311973585512228
575,1084,c0dd49da98159e6d,Atelectasis,on,0.1209693531960099,0.0,0.1004043405678325,0.1824271229596298,0.5287296328487094
576,1088,7dbf2987649f260e,Atelectasis,off,0.1197657022840128,1.0,0.3644108633051881,0.533163023409404,1.0339640695737045
576,1088,7dbf2987649f260e,Atelectasis,on,0.1197657022840128,1.0,0.3058087041512072,0.4683768515639472,0.9969816112989937
577,1091,6562e982e1ab1185,Atelectasis,off,0.1519572728291644,1.0,0.3948618904293974,0.5544989099234142,1.9194509868053675
577,1091,6562e982e1ab1185,Atelectasis,on,0.1519572728291644,1.0,0.5299609066168773,0.6927766650608059,1.722208450653261
578,1124,190bb860bd0fd26b,Atelectasis,off,0.1186107821781695,1.0,0.5215061376068189,0.6836462086414706,3.0085757985675343
578,1124,190bb860bd0fd26b,Atelectasis,on,0.1186107821781695,1.0,0.4316039093112032,0.6029561540419854,3.621600864425967
579,1147,b0c764398f5f135b,Atelectasis,off,0.1144540444132567,1.0,0.3906600867974396,0.5608696855865176,2.042316750150542
579,1147,b0c764398f5f135b,Atelectasis,on,0.1144540444132567,1.0,0.3825038757409834,0.5533479201082038,2.1508625675993374
580,1150,56305bd94b986e35,Atelectasis,off,0.1181137279554015,1.0,0.4392869664470078,0.6100625156174423,2.2649367157782274
580,1150,56305bd94b986e35,Atelectasis,on,0.1181137279554015,1.0,0.3553956543673979,0.5244125519691037,2.544292611370832
581,1151,8eb936b0cfda32f5,Atelectasis,off,0.1644177399626722,1.0,0.3057304515292063,0.4673228426672665,1.1177716023798294
581,1151,8eb936b0cfda32f5,Atelectasis,on,0.1644177399626722,1.0,0.354765018664003,0.523729192693219,0.8598977600570445
582,1154,3fb3afa6fbb4c602,Atelectasis,off,0.1180601240686324,0.0,0.0,0.0,-0.0520941513905691
582,1154,3fb3afa6fbb4c602,Atelectasis,on,0.1180601240686324,0.0,0.0007519135768141,0.0015025722638756,-0.3885325284742936
583,122,b2fad14eebc04be1,Edema,off,0.1665229107885131,1.0,0.1884719278827959,0.3169035638803363,1.206083553541114
583,122,b2fad14eebc04be1,Edema,on,0.1665229107885131,1.0,0.2026056611847572,0.3369431102684469,0.945331040796647
584,393,f0c5cd1dcaab0e47,Edema,off,0.1712741643885015,1.0,0.3314727964155505,0.4946344645159941,1.256681248381221
584,393,f0c5cd1dcaab0e47,Edema,on,0.1712741643885015,1.0,0.4375060641972143,0.6087005624232023,1.0055068853947378
585,406,a12aaef70490156c,Edema,off,0.1902986711109162,1.0,0.470558129181503,0.6367565999161245,2.5056484432074737
585,406,a12aaef70490156c,Edema,on,0.1902986711109162,1.0,0.3272501264038133,0.4931171081854752,2.52736785455254
586,409,2eed693b117c2db9,Edema,off,0.1115204498828024,1.0,0.1224813221643649,0.2164485064001859,0.2718979257964962
586,409,2eed693b117c2db9,Edema,on,0.1115204498828024,1.0,0.2522752999773602,0.4028957824333988,0.609808710448366
587,452,a986d76c581c681b,Edema,off,0.1719661418358843,0.0,0.2973180388381254,0.4570923877378409,0.7787684276990906
587,452,a986d76c581c681b,Edema,on,0.1719661418358843,0.0,0.3373762178269112,0.5045331994656685,0.8390138391877348
588,473,f15dea1ce3c9b5b4,Edema,off,0.1420795384218041,0.0,0.1741359204584217,0.2956890415922787,1.0324138772050346
588,473,f15dea1ce3c9b5b4,Edema,on,0.1420795384218041,0.0,0.2169032031083838,0.3564837455230899,0.7292302218945277
589,474,2b578ad2daf4f07c,Edema,off,0.1846946284032376,0.0,0.0939038352848584,0.1716485215165061,1.323613528215015
589,474,2b578ad2daf4f07c,Edema,on,0.1846946284032376,0.0,0.1045925575288763,0.1893773879549477,1.038857367828398
590,487,89c88b8ef9f0c6e4,Edema,off,0.1373770156279695,0.0,0.0417705198728059,0.0793079161964142,0.116162448091686
590,487,89c88b8ef9f0c6e4,Edema,on,0.1373770156279695,0.0,0.1173739908714516,0.2100867822350554,0.0301574456961504
591,491,2a30653355f7fc52,Edema,off,0.1991871701533558,1.0,0.4041139852158529,0.5700417456213999,1.4482890346306927
591,491,2a30653355f7fc52,Edema,on,0.1991871701533558,1.0,0.4835455246918306,0.6518708269409901,0.9439495427255752
592,523,80c6b3a0a74e5b10,Edema,off,0.1484242893830192,1.0,0.1011933388364497,0.1747608139951481,1.0859643294848036
592,523,80c6b3a0a74e5b10,Edema,on,0.1484242893830192,1.0,0.2665165272942612,0.4048891984766308,0.6508930030262645
593,618,19480804a2bf56f8,Edema,off,0.0990307442656023,1.0,0.2451685940548524,0.3871545034616172,-0.4024310239433337
593,618,19480804a2bf56f8,Edema,on,0.0990307442656023,1.0,0.0991943565048129,0.1804640922452344,0.1010139049561483
594,644,700255422ab49a1f,Edema,off,0.1671953959134346,1.0,0.511957417457533,0.6724295032208142,2.2098686992271714
594,644,700255422ab49a1f,Edema,on,0.1671953959134346,1.0,0.5839589779282813,0.7373343654570378,1.9697840007265417
595,656,a9646397048bc84c,Edema,off,0.1728189309435746,1.0,0.352613355445288,0.5125363218091171,1.415331201670953
595,656,a9646397048bc84c,Edema,on,0.1728189309435746,1.0,0.5642870336681491,0.7214586267617646,1.1758802121224434
596,657,e9184860388b2b47,Edema,off,0.1824188997558586,1.0,0.1410521554486172,0.2446398549622745,0.872940369086593
596,657,e9184860388b2b47,Edema,on,0.1824188997558586,1.0,0.2292854540200279,0.3730292481686076,0.5696671304511693
597,675,66af19b43d8acd4c,Edema,off,0.1586041547885326,1.0,0.3449144807101812,0.5019091978654613,0.741920066846453
597,675,66af19b43d8acd4c,Edema,on,0.1586041547885326,1.0,0.3160693164569313,0.4803002737549081,0.6063838685688923
598,692,c44da25c2b6e6e92,Edema,off,0.1909857754776837,0.0,0.0725548317132343,0.1342023473092563,0.203748944634132
598,692,c44da25c2b6e6e92,Edema,on,0.1909857754776837,0.0,0.1010036618790947,0.1834733851415967,0.055852800601166
599,721,fabe5ef3695a5461,Edema,off,0.1706552831503491,0.0,0.0509081770080782,0.0961281104520642,0.8245608873131922
599,721,fabe5ef3695a5461,Edema,on,0.1706552831503491,0.0,0.1077409418364168,0.1945208718865879,0.4534332446449546
600,725,921acbdad507f01a,Edema,off,0.1397258404845791,0.0,0.0,0.0,0.5836937310636449
600,725,921acbdad507f01a,Edema,on,0.1397258404845791,0.0,0.0053444366156359,0.01062222368311,-0.1946281012452028
601,737,eccfc478085c5c04,Edema,off,0.1695247284475827,0.0,0.2311355768007296,0.3752780308756117,1.870805984173627
601,737,eccfc478085c5c04,Edema,on,0.1695247284475827,0.0,0.2263161095644091,0.3690966402069494,2.0213010305318844
602,741,3d480d0e3bc6eeda,Edema,off,0.1627219079085225,1.0,0.464513958577532,0.6288176802337663,2.319238642367014
602,741,3d480d0e3bc6eeda,Edema,on,0.1627219079085225,1.0,0.4809832500689284,0.6495301023518478,2.8651295183083985
603,744,ec4e5ae6851c1dd7,Edema,off,0.1556608140968476,0.0,0.2916051759528144,0.4508883774466528,2.041158293145682
603,744,ec4e5ae6851c1dd7,Edema,on,0.1556608140968476,0.0,0.2038007889652398,0.3385884178933992,2.250766052865649
604,763,b816afc73b5ccdf4,Edema,off,0.1866146221656945,1.0,0.2923925852688015,0.4446759103712038,1.3256002401723117
604,763,b816afc73b5ccdf4,Edema,on,0.1866146221656945,1.0,0.3526411504330927,0.5213948674589324,0.7735291898647747
605,774,46215ce72bf546e2,Edema,off,0.1111549688366494,0.0,0.0729418934885428,0.1351534909692899,0.347043435554146
605,774,46215ce72bf546e2,Edema,on,0.1111549688366494,0.0,0.1004220536318784,0.1825155154551932,0.761024173571121
606,775,34a1605c846fa6ff,Edema,off,0.1453103908697961,1.0,0.4447922907641642,0.611876670276521,2.162535926836207
606,775,34a1605c846fa6ff,Edema,on,0.1453103908697961,1.0,0.5426022386286304,0.7034689664442793,2.9277433971359703
607,791,7275c8b6f51b35b8,Edema,off,0.1559580720143853,0.0,0.1820293731480113,0.3076783256471572,1.262378114132575
607,791,7275c8b6f51b35b8,Edema,on,0.1559580720143853,0.0,0.2039475794593478,0.3387969225522101,0.8789083908027052
608,846,86976ce0ce8ac118,Edema,off,0.1362903186507414,1.0,0.2492910467666549,0.399027436919289,1.278312943456375
608,846,86976ce0ce8ac118,Edema,on,0.1362903186507414,1.0,0.2995233850641891,0.4609735166519774,1.0247610593857446
609,860,01ec6fd2ecc2f08d,Edema,off,0.153311989240238,1.0,0.1851153896629676,0.3105594118538616,0.8256731469125582
609,860,01ec6fd2ecc2f08d,Edema,on,0.153311989240238,1.0,0.2098549404222313,0.3469043612116872,0.6338738797279279
610,871,34630c8127633573,Edema,off,0.1970722531662841,1.0,0.3251542989497898,0.4852677206318616,1.4230915224794327
610,871,34630c8127633573,Edema,on,0.1970722531662841,1.0,0.4441652522034392,0.6151106458094651,0.8532372182026414
611,888,b50198f49cbff008,Edema,off,0.23030178988251,0.0,0.1689908409664028,0.2882924193431583,0.4917025354373197
611,888,b50198f49cbff008,Edema,on,0.23030178988251,0.0,0.1678053051245263,0.2873842935150578,0.2345161967885227
612,919,ec44a683d57116d1,Edema,off,0.177872315541716,0.0,0.0,0.0,0.2105831074737827
612,919,ec44a683d57116d1,Edema,on,0.177872315541716,0.0,0.0091763711775601,0.0181838066347892,-0.3053451360257216
613,930,1d5d7295d9c4a3f1,Edema,off,0.1575466962949968,1.0,0.1401787154424336,0.2427750331667156,1.014858666013378
613,930,1d5d7295d9c4a3f1,Edema,on,0.1575466962949968,1.0,0.3337922045210033,0.5005027932846946,0.7319625164815482
614,938,4cb2f80f7e9a2742,Edema,off,0.1758743524894132,1.0,0.2811511489934668,0.4350294276670306,1.145895619226209
614,938,4cb2f80f7e9a2742,Edema,on,0.1758743524894132,1.0,0.3157890006346984,0.4799929532733073,0.5529015314351358
615,967,56d7a4445236725d,Edema,off,0.161001710451296,1.0,0.3393279974279561,0.4949206369014526,1.1843642680308983
615,967,56d7a4445236725d,Edema,on,0.161001710451296,1.0,0.5051189369390002,0.6711854472091627,1.0832496888661896
616,1004,50ab3732ce0f912e,Edema,off,0.1866389875687713,1.0,0.2678998835393404,0.4223533069902901,0.9627112095252698
616,1004,50ab3732ce0f912e,Edema,on,0.1866389875687713,1.0,0.2829977618385851,0.4411495131313593,0.5648029559475171
617,1013,3d2a1cae5d20b5b0,Edema,off,0.1900696363219936,1.0,0.2188094585514792,0.353116567954752,1.4883122547552958
617,1013,3d2a1cae5d20b5b0,Edema,on,0.1900696363219936,1.0,0.3767418345467029,0.5472829134697453,0.8102652010379489
618,1015,3c0096e17cc2688d,Edema,off,0.1749338479306463,1.0,0.1614757441128855,0.2743714135907333,1.0784798269640998
618,1015,3c0096e17cc2688d,Edema,on,0.1749338479306463,1.0,0.3285557014462741,0.4945976601702621,0.6460227541235745
619,1040,20d2e0e9014e2b3c,Edema,off,0.1839003162629319,1.0,0.4258109494937576,0.5961530461327961,1.7728041118672924
619,1040,20d2e0e9014e2b3c,Edema,on,0.1839003162629319,1.0,0.4394331827171468,0.6105598311059217,1.649924201021982
620,1045,0977ae2cf34d956a,Edema,off,0.184124477971239,0.0,0.1043793017639208,0.1889352361320878,1.3187737214866362
620,1045,0977ae2cf34d956a,Edema,on,0.184124477971239,0.0,0.110654198068764,0.1992594562888275,1.027700072050553
621,1083,53c1d93705bec81b,Edema,off,0.2070084645410289,1.0,0.2689994439203879,0.4188199639268465,1.176098188923603
621,1083,53c1d93705bec81b,Edema,on,0.2070084645410289,1.0,0.3583883913819267,0.527660400806235,0.6405157561382957
622,1086,b460e9f1059f3ac3,Edema,off,0.2031294923711923,0.0,0.3152530633951288,0.4782424616400253,1.002919617504674
622,1086,b460e9f1059f3ac3,Edema,on,0.2031294923711923,0.0,0.327740089120733,0.4936785599233361,0.6110738361289089
623,1090,f5f0abf5e33c563a,Edema,off,0.1630484043097525,0.0,0.1529300715279494,0.2591820126204976,1.1084563572992878
623,1090,f5f0abf5e33c563a,Edema,on,0.1630484043097525,0.0,0.368724465001755,0.5387712339891969,0.7357932516955064
624,1093,3c166be90502b65a,Edema,off,0.1470549537300995,1.0,0.1501095318775304,0.259026792159309,0.871294647161638
624,1093,3c166be90502b65a,Edema,on,0.1470549537300995,1.0,0.3056114351638669,0.4681376479474036,0.5878833601293623
625,1116,3b432a10b30bb91a,Edema,off,0.1257985760858442,1.0,0.2472475144241758,0.3963439296242455,0.8619723081347513
625,1116,3b432a10b30bb91a,Edema,on,0.1257985760858442,1.0,0.1885209152299629,0.3172320751187276,0.9377569738666294
626,1122,b4af76bb65a3b727,Edema,off,0.1845240705816996,0.0,0.2520696890645402,0.4017865378624672,1.1556956881251208
626,1122,b4af76bb65a3b727,Edema,on,0.1845240705816996,0.0,0.2789955379471207,0.4362728855313434,0.862634944303414
627,1139,f716986d2b4594bf,Edema,off,0.1231524933116968,1.0,0.1495762383584547,0.2580735059421969,0.5352758881472878
627,1139,f716986d2b4594bf,Edema,on,0.1231524933116968,1.0,0.267144004624638,0.4216422418604301,0.5931094211134341
628,1156,41875f28d1a6bb51,Edema,off,0.2081926231305644,1.0,0.3506335172960003,0.5146539879636445,1.2175651604759048
628,1156,41875f28d1a6bb51,Edema,on,0.2081926231305644,1.0,0.4191566051169494,0.5907057436639326,0.7976415753286968
629,2,7fdc846bf5c6595f,Cardiomegaly,off,0.170562694618657,1.0,0.3241590292878739,0.4888464029358753,1.3336444775678389
629,2,7fdc846bf5c6595f,Cardiomegaly,on,0.170562694618657,1.0,0.3672932773373965,0.5372560257334154,1.0017934615681643
630,10,6facf74a81a28169,Cardiomegaly,off,0.1262079148575355,1.0,0.2433019529257385,0.3873818363797967,1.488566159814565
630,10,6facf74a81a28169,Cardiomegaly,on,0.1262079148575355,1.0,0.5264913206063528,0.6897970414304573,1.153069102885045
631,34,ecc14faa47ae7453,Cardiomegaly,off,0.1723608613657295,1.0,0.3080579257547501,0.4692135401841614,1.116551104078295
631,34,ecc14faa47ae7453,Cardiomegaly,on,0.1723608613657295,1.0,0.3536319918265554,0.5224926143857536,0.9281837070602236
632,58,9602f43496ca35c1,Cardiomegaly,off,0.1853963520118513,1.0,0.5228803119809571,0.686091960853284,1.827357050340349
632,58,9602f43496ca35c1,Cardiomegaly,on,0.1853963520118513,1.0,0.5472641475899316,0.707395845984067,1.347506375216516
633,121,283cfccc2232dcf2,Cardiomegaly,off,0.1478395197091745,1.0,0.2751889913391183,0.4286749410093085,1.058055731763846
633,121,283cfccc2232dcf2,Cardiomegaly,on,0.1478395197091745,1.0,0.3880652074867952,0.5591427137457817,0.7886746618918271
634,140,c733667e05c1cd2d,Cardiomegaly,off,0.1669809803663582,0.0,0.1448486477467493,0.250379393186074,0.5989754987683064
634,140,c733667e05c1cd2d,Cardiomegaly,on,0.1669809803663582,0.0,0.2246961969612314,0.3669363966777909,0.3712989072517099
635,154,71b3c95f452d8a44,Cardiomegaly,off,0.2185820310025388,0.0,0.1657511716299536,0.2816179024911245,0.4717019751804925
635,154,71b3c95f452d8a44,Cardiomegaly,on,0.2185820310025388,0.0,0.2023471309301864,0.3365851650101947,0.2696243897452363
636,157,79fce779b6f1da93,Cardiomegaly,off,0.1672197613165114,1.0,0.240271170748249,0.3867326947039857,0.5502216026710782
636,157,79fce779b6f1da93,Cardiomegaly,on,0.1672197613165114,1.0,0.2641500077310535,0.4179089256675691,0.5034537415222252
637,168,2ac3080c1a1a1970,Cardiomegaly,off,0.2297511317729729,1.0,0.2538041172789368,0.4029104779300302,0.7862631859975582
637,168,2ac3080c1a1a1970,Cardiomegaly,on,0.2297511317729729,1.0,0.2771098313664247,0.4339616392576175,0.4967474762254209
638,183,90db5c1b12d21d6d,Cardiomegaly,off,0.1881935002850752,0.0,0.0706420967360367,0.1273971300037814,0.5396041095519412
638,183,90db5c1b12d21d6d,Cardiomegaly,on,0.1881935002850752,0.0,0.1790219106543973,0.3036737278436353,0.2485477296763845
639,211,1223e669033e37be,Cardiomegaly,off,0.1258521799726132,1.0,0.3896371474285419,0.5568364497832953,1.1244407672905088
639,211,1223e669033e37be,Cardiomegaly,on,0.1258521799726132,1.0,0.5279163193706655,0.691027786842907,1.2698236252693391
640,213,e1ceb68cb23d7857,Cardiomegaly,off,0.1326160158667504,1.0,0.3391036296050047,0.4984973770744572,1.9384055680123349
640,213,e1ceb68cb23d7857,Cardiomegaly,on,0.1326160158667504,1.0,0.6951511118923983,0.8201622096277749,1.7122455076306404
641,220,ef96461e46f8d094,Cardiomegaly,off,0.1508169719651672,1.0,0.2992955382321548,0.4574254325853994,1.3134948076353852
641,220,ef96461e46f8d094,Cardiomegaly,on,0.1508169719651672,1.0,0.4539456500019446,0.6244304472379892,1.0713594780056743
642,234,e5f4624cd98d6640,Cardiomegaly,off,0.1471816538260992,1.0,0.2767994237343087,0.4311834947185317,1.01323599514354
642,234,e5f4624cd98d6640,Cardiomegaly,on,0.1471816538260992,1.0,0.418856177850706,0.5904135935312688,0.8431034190546131
643,283,7a77793683be9602,Cardiomegaly,off,0.1405981219147308,1.0,0.2389755970185364,0.3840436993023581,0.7718602113548714
643,283,7a77793683be9602,Cardiomegaly,on,0.1405981219147308,1.0,0.3288179506485956,0.4949019916215077,0.7290209755719694
644,309,6c8f5f81c8357205,Cardiomegaly,off,0.1678922464414328,1.0,0.3350701698145039,0.5003832817095136,1.2920965215475415
644,309,6c8f5f81c8357205,Cardiomegaly,on,0.1678922464414328,1.0,0.4188792644331861,0.5904348997239055,0.8577313049584906
645,373,1f924d5148e24902,Cardiomegaly,off,0.1429859314162634,1.0,0.2498431553408375,0.3974165739429898,1.3343002787234908
645,373,1f924d5148e24902,Cardiomegaly,on,0.1429859314162634,1.0,0.4283184609557998,0.5997296555428328,1.0622709200503158
646,381,df722b3c373914e1,Cardiomegaly,off,0.2087286619982554,1.0,0.3892877676858693,0.5599766444361685,1.3207867046006765
646,381,df722b3c373914e1,Cardiomegaly,on,0.2087286619982554,1.0,0.3891070505047091,0.5602253524304721,0.857519570049617
647,392,affb1addb7bb42ed,Cardiomegaly,off,0.1491503783947098,1.0,0.3219462348424138,0.4857833331586093,1.2173175640316585
647,392,affb1addb7bb42ed,Cardiomegaly,on,0.1491503783947098,1.0,0.3929916238260661,0.5642410300288287,1.082195640348996
648,410,5ba1bc09602544c8,Cardiomegaly,off,0.2024667534075016,0.0,0.2329888197033461,0.3760510089140063,0.979485425743758
648,410,5ba1bc09602544c8,Cardiomegaly,on,0.2024667534075016,0.0,0.2663301846390061,0.4206308088260878,0.6192038856394668
649,419,eb5032a8b3f8052a,Cardiomegaly,off,0.1377717351578147,1.0,0.2714655126190532,0.4247767358059796,0.8767054680629074
649,419,eb5032a8b3f8052a,Cardiomegaly,on,0.1377717351578147,1.0,0.3850011453806473,0.5559572981932798,0.7975436364705267
650,420,5940198741acd68e,Cardiomegaly,off,0.1186351475812464,1.0,0.253507696216099,0.40109125657429,1.3086925719041944
650,420,5940198741acd68e,Cardiomegaly,on,0.1186351475812464,1.0,0.510428237142247,0.6758652358726682,1.1011685393921338
651,421,404e5dadeda8d710,Cardiomegaly,off,0.1424352733067263,1.0,0.2610321290250502,0.4092335216568936,1.0803647982185225
651,421,404e5dadeda8d710,Cardiomegaly,on,0.1424352733067263,1.0,0.4584669512374892,0.6286952608992863,0.965595638158366
652,424,5fbe41e547784e0c,Cardiomegaly,off,0.1267634460476879,1.0,0.3140164253015926,0.4751220716755219,1.1249527458820967
652,424,5fbe41e547784e0c,Cardiomegaly,on,0.1267634460476879,1.0,0.4890486362600531,0.6568590817234398,1.1416936634973385
653,447,570ab29238338c71,Cardiomegaly,off,0.1540770628968515,1.0,0.2166768643736184,0.3533908600556065,1.1188365139839307
653,447,570ab29238338c71,Cardiomegaly,on,0.1540770628968515,1.0,0.4424838222467698,0.6135025904299205,0.9314819855310408
654,448,30e47bf53ecb4626,Cardiomegaly,off,0.1602122713916056,1.0,0.2679778680729662,0.4160348029283434,1.588601119135044
654,448,30e47bf53ecb4626,Cardiomegaly,on,0.1602122713916056,1.0,0.5782140277130738,0.7327408218083321,1.2789094493272355
655,461,f58f795f86d14ebd,Cardiomegaly,off,0.2117256065767096,1.0,0.3585029648119422,0.5246737191156232,0.8535143406395979
655,461,f58f795f86d14ebd,Cardiomegaly,on,0.2117256065767096,1.0,0.4139170481604265,0.5854881645426974,0.731619859069289
656,464,57bcef4f82bf8195,Cardiomegaly,off,0.1086843169646555,1.0,0.2568590534311498,0.4040063540134696,1.2811845227841283
656,464,57bcef4f82bf8195,Cardiomegaly,on,0.1086843169646555,1.0,0.5589389548392932,0.7170740752582836,1.2325935431178323
657,465,996f10d9aa33dbb7,Cardiomegaly,off,0.1574151231183817,1.0,0.3004946103976157,0.4593799893141991,1.1597911891024326
657,465,996f10d9aa33dbb7,Cardiomegaly,on,0.1574151231183817,1.0,0.4300670299142918,0.6014629016241237,0.9035478172711178
658,466,efc98b588af63774,Cardiomegaly,off,0.1499300712931694,1.0,0.2552245329904049,0.4038450611401141,1.0314735405121005
658,466,efc98b588af63774,Cardiomegaly,on,0.1499300712931694,1.0,0.3960501894252789,0.5673855793816649,0.8832235286478917
659,468,62f30234391874f1,Cardiomegaly,off,0.147897996676559,1.0,0.4127782673347694,0.5827726355109971,1.962638274513251
659,468,62f30234391874f1,Cardiomegaly,on,0.147897996676559,1.0,0.4815990315254937,0.6501071052292227,1.9647336001441331
660,469,701deb57a48ea40e,Cardiomegaly,off,0.1871165494690778,1.0,0.2609903148103231,0.4076689442077614,1.070623637234159
660,469,701deb57a48ea40e,Cardiomegaly,on,0.1871165494690778,1.0,0.4104854620065548,0.582046254583414,0.7780448410456099
661,471,2cbf5e21fd5120c6,Cardiomegaly,off,0.1817512877115526,1.0,0.5074970623486392,0.6723022581038463,1.9624926304713544
661,471,2cbf5e21fd5120c6,Cardiomegaly,on,0.1817512877115526,1.0,0.5419372914092967,0.702930370818527,1.6738468453038309
662,472,ecf3e07abdbb2152,Cardiomegaly,off,0.1930470885779863,1.0,0.2847237328180711,0.4387286014325063,1.040828509695611
662,472,ecf3e07abdbb2152,Cardiomegaly,on,0.1930470885779863,1.0,0.3812557269849204,0.552039761333954,0.7022832526409984
663,475,79a1d67e9168770a,Cardiomegaly,off,0.1537067087700832,1.0,0.2540525544638283,0.4026599835153407,1.2015268381444555
663,475,79a1d67e9168770a,Cardiomegaly,on,0.1537067087700832,1.0,0.342066098409209,0.5097579509046265,0.7241185469072391
664,476,2004e3665e3f10dc,Cardiomegaly,off,0.1478785043540975,1.0,0.271769720694668,0.4237914052101391,1.030613545710202
664,476,2004e3665e3f10dc,Cardiomegaly,on,0.1478785043540975,1.0,0.4207004829261699,0.5922395892853065,0.8360102919429206
665,477,47f95af5fe0a0150,Cardiomegaly,off,0.1491649976365559,1.0,0.2716559666120767,0.4244585346123267,1.0030905043102027
665,477,47f95af5fe0a0150,Cardiomegaly,on,0.1491649976365559,1.0,0.3980026248951674,0.5693849085683226,0.8006935841211494
666,479,3291160dec18f107,Cardiomegaly,off,0.1847336130481606,1.0,0.4254824638520637,0.5935210232697992,1.4240424565726624
666,479,3291160dec18f107,Cardiomegaly,on,0.1847336130481606,1.0,0.5097180477391019,0.6752447672846038,1.0174337860904028
667,483,5c68c7c5bcf114db,Cardiomegaly,off,0.2029150768241159,1.0,0.3963016968511318,0.5632590984496603,1.3985122356762865
667,483,5c68c7c5bcf114db,Cardiomegaly,on,0.2029150768241159,1.0,0.4567297450752126,0.6270615840660975,1.0496389007781273
668,486,2e12dfdc50b6087d,Cardiomegaly,off,0.219342231578537,1.0,0.4099011129646157,0.5814301330236523,1.3442872538167436
668,486,2e12dfdc50b6087d,Cardiomegaly,on,0.219342231578537,1.0,0.4068174116712863,0.5783513540290064,0.9284720829316524
669,488,abb7ad451d66b842,Cardiomegaly,off,0.1881691348819983,1.0,0.3946833384299945,0.5630105792746259,1.150825423220728
669,488,abb7ad451d66b842,Cardiomegaly,on,0.1881691348819983,1.0,0.474509513046169,0.6436134647496757,0.9215304186766372
670,489,bd7d26f21807cd30,Cardiomegaly,off,0.1397843174519636,1.0,0.2074969259431198,0.3410565273904674,1.048771676341374
670,489,bd7d26f21807cd30,Cardiomegaly,on,0.1397843174519636,1.0,0.3905479180304215,0.561709533677836,0.7917758204668076
671,492,08ed699a1c98210c,Cardiomegaly,off,0.1443747593916446,1.0,0.2964097707212667,0.4534935191148174,1.290206692007003
671,492,08ed699a1c98210c,Cardiomegaly,on,0.1443747593916446,1.0,0.5076974039230207,0.6734646318530759,1.097675311060014
672,497,9c100e752176fe88,Cardiomegaly,off,0.1376986389485841,1.0,0.3815357220718923,0.5449186616457655,1.522215535269371
672,497,9c100e752176fe88,Cardiomegaly,on,0.1376986389485841,1.0,0.5342635076086664,0.6964428206550551,1.247347208398931
673,498,7cc075c5945a979b,Cardiomegaly,off,0.1427374043048794,1.0,0.468859409800903,0.6346317810644637,1.7466045713300626
673,498,7cc075c5945a979b,Cardiomegaly,on,0.1427374043048794,1.0,0.544040881069036,0.7046939628846791,1.4121679566613543
674,503,2183bc0d130fce0a,Cardiomegaly,off,0.1268414153375339,1.0,0.3016785411317191,0.4609293645046571,0.9275150877071726
674,503,2183bc0d130fce0a,Cardiomegaly,on,0.1268414153375339,1.0,0.4151328331150419,0.5867044976491057,0.9206915691436416
675,504,4376708f8d89c7cd,Cardiomegaly,off,0.1346773289670531,1.0,0.2004534467472604,0.3319656591065013,0.8624153828703354
675,504,4376708f8d89c7cd,Cardiomegaly,on,0.1346773289670531,1.0,0.302058026707204,0.4639698435720124,0.6886361025186369
676,506,cbcdda51d2f214f6,Cardiomegaly,off,0.1458025720119488,1.0,0.2635758402538196,0.4131555152982137,1.1820765214970612
676,506,cbcdda51d2f214f6,Cardiomegaly,on,0.1458025720119488,1.0,0.4407031392420469,0.6117848628427224,0.9350929816484416
677,507,0c4b5afba7f6553d,Cardiomegaly,off,0.1648855557017479,0.0,0.1681341600508909,0.2856801656273645,0.8210663280641758
677,507,0c4b5afba7f6553d,Cardiomegaly,on,0.1648855557017479,0.0,0.2536310141164133,0.404631418875313,0.5953801943636725
678,510,0360f2df64ba5ada,Cardiomegaly,off,0.1993820933779707,1.0,0.2490765689765747,0.3896690976741797,0.8572970093132498
678,510,0360f2df64ba5ada,Cardiomegaly,on,0.1993820933779707,1.0,0.408677591297041,0.5802259239843819,0.7607212829294041
679,511,680f7b75961eb8f4,Cardiomegaly,off,0.1658260602605148,1.0,0.1745698650701564,0.2953658711329458,0.5884679068212025
679,511,680f7b75961eb8f4,Cardiomegaly,on,0.1658260602605148,1.0,0.2657418705076062,0.419896989914264,0.4330657226648741
680,514,6b159bebb304e63d,Cardiomegaly,off,0.19217968022845,0.0,0.2114795258933362,0.3476535079899173,0.908482415012833
680,514,6b159bebb304e63d,Cardiomegaly,on,0.19217968022845,0.0,0.2668872062368552,0.4213271450138135,0.6101423760849503
681,526,a8847f04ce4b65e8,Cardiomegaly,off,0.1424742579516493,1.0,0.2244335431661913,0.3627750406774637,1.1402635404212198
681,526,a8847f04ce4b65e8,Cardiomegaly,on,0.1424742579516493,1.0,0.4818140275330704,0.6502981122705808,1.008471243554947
682,530,71e5e13c90e27554,Cardiomegaly,off,0.1901963364179933,1.0,0.3482359354823248,0.5156279231110167,1.3149171982342256
682,530,71e5e13c90e27554,Cardiomegaly,on,0.1901963364179933,1.0,0.3712686081940993,0.5414948387895464,0.837927090019033
683,531,608d260223d49da3,Cardiomegaly,off,0.1770292725952565,1.0,0.2649227749421058,0.4158097508341541,1.2840337331939922
683,531,608d260223d49da3,Cardiomegaly,on,0.1770292725952565,1.0,0.4338099457566752,0.605113370989151,0.9393444824417994
684,532,ee2e70dd281aedf8,Cardiomegaly,off,0.1589793819959163,1.0,0.3446490423070177,0.5109390928592898,0.9093088029279952
684,532,ee2e70dd281aedf8,Cardiomegaly,on,0.1589793819959163,1.0,0.3644399169870412,0.5341938216349919,0.7139296944617051
685,533,95d1ebe0176d42c5,Cardiomegaly,off,0.154842136553465,1.0,0.2434218593400366,0.389192076804818,0.9316386396631112
685,533,95d1ebe0176d42c5,Cardiomegaly,on,0.154842136553465,1.0,0.3272004707045562,0.4930658383944087,0.6763425194522189
686,534,c33c367dac2cf404,Cardiomegaly,off,0.1195317944144749,1.0,0.1791615131841711,0.3019984882522558,0.917647355800838
686,534,c33c367dac2cf404,Cardiomegaly,on,0.1195317944144749,1.0,0.2978990079367029,0.4590433030254521,0.6639680663701365
687,536,241d1f811631bde9,Cardiomegaly,off,0.1759133371343362,1.0,0.2574677636207724,0.4015526700956285,1.25533923183003
687,536,241d1f811631bde9,Cardiomegaly,on,0.1759133371343362,1.0,0.4595601074549651,0.6297239198089818,0.980739699983486
688,538,9949a1b3294f1d69,Cardiomegaly,off,0.1614451607872949,1.0,0.4374018185399088,0.6023757805562793,1.7517142610243717
688,538,9949a1b3294f1d69,Cardiomegaly,on,0.1614451607872949,1.0,0.6171394444718465,0.7632482225320895,1.4037726177149248
689,539,35e33ad272c6a698,Cardiomegaly,off,0.1421867461953423,1.0,0.1502467464106806,0.2595892970279302,0.7492598109746796
689,539,35e33ad272c6a698,Cardiomegaly,on,0.1421867461953423,1.0,0.2841680495639312,0.4425648483780776,0.5237234148397529
690,540,2547cf6ac257f1fb,Cardiomegaly,off,0.1595056747023766,1.0,0.1574763650395523,0.269414556552716,1.0936432232864164
690,540,2547cf6ac257f1fb,Cardiomegaly,on,0.1595056747023766,1.0,0.4558248123907656,0.6261941313836621,0.9338980375145004
691,542,11b5f13c4f987989,Cardiomegaly,off,0.1745781130457241,1.0,0.4838221923716868,0.6491972694008847,1.422714601368555
691,542,11b5f13c4f987989,Cardiomegaly,on,0.1745781130457241,1.0,0.5684472937682039,0.7248522338972655,1.1910104826929486
692,543,f6ca28625cd3db34,Cardiomegaly,off,0.1866048760044637,1.0,0.4452073237430007,0.6132530583786233,1.8177240986651069
692,543,f6ca28625cd3db34,Cardiomegaly,on,0.1866048760044637,1.0,0.5341041264744358,0.696304468787608,1.3218531232990496
693,544,06cef2e1a825b8c0,Cardiomegaly,off,0.1660307296463605,1.0,0.3742887677481882,0.541176327873251,1.2479450460219623
693,544,06cef2e1a825b8c0,Cardiomegaly,on,0.1660307296463605,1.0,0.5147497274568653,0.6796475505452703,1.0518656578941157
694,548,2ec66809201014ac,Cardiomegaly,off,0.1096735523295762,1.0,0.3523202877792741,0.5163168485070104,1.256978033517641
694,548,2ec66809201014ac,Cardiomegaly,on,0.1096735523295762,1.0,0.5674485062069685,0.7240401708552474,1.2725755232107658
695,550,4b73dc561cd967c1,Cardiomegaly,off,0.1552807138088485,0.0,0.1081626744314006,0.1941555077873765,0.3679688175402035
695,550,4b73dc561cd967c1,Cardiomegaly,on,0.1552807138088485,0.0,0.146315640936564,0.2552797064966449,0.2376184405179159
696,551,972349289dd76549,Cardiomegaly,off,0.1801431711084796,1.0,0.2272627446869638,0.3700716919906913,0.6885114104412752
696,551,972349289dd76549,Cardiomegaly,on,0.1801431711084796,1.0,0.2304579850296477,0.3745880700978624,0.5645487114901826
697,556,7544b8fd9fae86bb,Cardiomegaly,off,0.1495353517633242,1.0,0.3535770187763465,0.5197331605962703,1.1930333739185326
697,556,7544b8fd9fae86bb,Cardiomegaly,on,0.1495353517633242,1.0,0.4580060164600191,0.628260911596592,1.0275321916406328
698,563,1c8da14e96dece38,Cardiomegaly,off,0.2028224882924238,0.0,0.2909118866304042,0.4468381489636431,1.1258081042347388
698,563,1c8da14e96dece38,Cardiomegaly,on,0.2028224882924238,0.0,0.3517723491430989,0.5204597041755441,0.7698172232248262
699,564,5f920ed6737c40a1,Cardiomegaly,off,0.147610484920252,1.0,0.2325705483180829,0.3758579340507123,0.6156807600880873
699,564,5f920ed6737c40a1,Cardiomegaly,on,0.147610484920252,1.0,0.2681333529697677,0.4228764198016005,0.5298587893050632
700,575,214a8fe9f196e531,Cardiomegaly,off,0.1427568966273409,1.0,0.4845084057257889,0.6509580553686483,1.3802788637095278
700,575,214a8fe9f196e531,Cardiomegaly,on,0.1427568966273409,1.0,0.517908046834927,0.6823936549824096,1.1083743018242411
701,576,2f0b25b0451b7721,Cardiomegaly,off,0.1506610333854753,1.0,0.2259561098891076,0.3676097363189387,1.0984831281444396
701,576,2f0b25b0451b7721,Cardiomegaly,on,0.1506610333854753,1.0,0.2970727081557829,0.4580647227512245,0.7869467189566788
702,577,a3ec37f62a93ffbf,Cardiomegaly,off,0.1491649976365559,1.0,0.3401722752644288,0.5049792099701556,1.4273541816782072
702,577,a3ec37f62a93ffbf,Cardiomegaly,on,0.1491649976365559,1.0,0.4678989888274153,0.6375061347785851,1.119475142715928
703,580,797c2f40115e9520,Cardiomegaly,off,0.1259447685043053,1.0,0.2858336310016489,0.4411758546501935,1.389406900959074
703,580,797c2f40115e9520,Cardiomegaly,on,0.1259447685043053,1.0,0.5090662065312296,0.6746749925332629,1.1334695210173769
704,581,1dd35bdc701058b8,Cardiomegaly,off,0.1472742423577913,1.0,0.4334985216374962,0.6015032165279902,1.6304481085577995
704,581,1dd35bdc701058b8,Cardiomegaly,on,0.1472742423577913,1.0,0.5832217282058865,0.7367508138576565,1.3618398498445097
705,582,1721365ffc626d65,Cardiomegaly,off,0.1742906012894171,1.0,0.2555436441132547,0.4036373927789987,1.163957987633553
705,582,1721365ffc626d65,Cardiomegaly,on,0.1742906012894171,1.0,0.4113712717582706,0.5829356958636054,0.8108563626772299
706,583,8e7589220df31a0d,Cardiomegaly,off,0.1558411180796164,1.0,0.2745039226040839,0.4287669893496963,1.0417211694247264
706,583,8e7589220df31a0d,Cardiomegaly,on,0.1558411180796164,1.0,0.3956184893706008,0.566941197552244,0.8080603071153402
707,585,af0c034956436e0a,Cardiomegaly,off,0.1347601713375144,1.0,0.220560821278195,0.3588288049288443,1.0240233617404677
707,585,af0c034956436e0a,Cardiomegaly,on,0.1347601713375144,1.0,0.4089307530086327,0.580463268131768,0.8458986083784833
708,586,9b93318ddb7cd62b,Cardiomegaly,off,0.1867218299392327,1.0,0.2844528030738208,0.4369380675490558,0.931338491168468
708,586,9b93318ddb7cd62b,Cardiomegaly,on,0.1867218299392327,1.0,0.4097274402056838,0.5812835239733806,0.771176518599869
709,590,89f9b7849e46caa9,Cardiomegaly,off,0.1899819208709169,1.0,0.4356615154549723,0.6024136590678124,1.5083452693478792
709,590,89f9b7849e46caa9,Cardiomegaly,on,0.1899819208709169,1.0,0.5037842294214434,0.6700169654105393,1.0197192354883395
710,591,9386dc7a34a1e7dd,Cardiomegaly,off,0.1751872481226457,1.0,0.2792322800732151,0.4316887877625441,1.207720603833882
710,591,9386dc7a34a1e7dd,Cardiomegaly,on,0.1751872481226457,1.0,0.4257905374457461,0.5972611894332597,0.8278772072597094
711,593,126026090474fbb9,Cardiomegaly,off,0.1416848188919589,0.0,0.0937007956149497,0.1712534786145346,-0.3516342846834919
711,593,126026090474fbb9,Cardiomegaly,on,0.1416848188919589,0.0,0.1063062568702025,0.1921812445314504,0.1196535143876287
712,595,dcd8247a468ccb75,Cardiomegaly,off,0.1333128663947487,1.0,0.2763578108618144,0.4312944862906036,0.7788954929658096
712,595,dcd8247a468ccb75,Cardiomegaly,on,0.1333128663947487,1.0,0.3429579666563047,0.510749913914224,0.7059525384673714
713,596,7dbc96c71e7336c3,Cardiomegaly,off,0.1899478093066093,0.0,0.1417245837357511,0.2451425508601726,0.3044078056888027
713,596,7dbc96c71e7336c3,Cardiomegaly,on,0.1899478093066093,0.0,0.1923275470392099,0.3226061421476173,0.2334560785537779
714,598,b38df7a297c10dd5,Cardiomegaly,off,0.1273189772378404,1.0,0.2684192146822904,0.4204373918907028,0.9169560543112018
714,598,b38df7a297c10dd5,Cardiomegaly,on,0.1273189772378404,1.0,0.3894826071292835,0.5606093012711686,0.8198689588370369
715,599,07c65ac7e61ec610,Cardiomegaly,off,0.1718784263848077,1.0,0.3781266136532989,0.5475015960203106,1.1327887615446126
715,599,07c65ac7e61ec610,Cardiomegaly,on,0.1718784263848077,1.0,0.406286826900031,0.5778144557213872,0.9235256585710494
716,600,79f54cb01230a30e,Cardiomegaly,off,0.2037386274481138,1.0,0.2647298970819615,0.4129821458193629,1.1393924274533087
716,600,79f54cb01230a30e,Cardiomegaly,on,0.2037386274481138,1.0,0.3515292512928815,0.5201940566334518,0.7371447809199653
717,601,cc33d850a281e99f,Cardiomegaly,off,0.1582776583873027,1.0,0.328082429806228,0.4902325028971317,0.8666891934556691
717,601,cc33d850a281e99f,Cardiomegaly,on,0.1582776583873027,1.0,0.4462912930891508,0.6171497326173314,0.8809980955393417
718,602,bedf19097d27d0ba,Cardiomegaly,off,0.1687986394358921,1.0,0.4288413166873772,0.5980567129297791,1.507388170909852
718,602,bedf19097d27d0ba,Cardiomegaly,on,0.1687986394358921,1.0,0.5301010934584606,0.6928947226711332,1.1401269433221357
719,605,0b84b77a60ffbb36,Cardiomegaly,off,0.1211252917757018,1.0,0.2789419079476595,0.4323102256631153,1.1011272095105724
719,605,0b84b77a60ffbb36,Cardiomegaly,on,0.1211252917757018,1.0,0.4968841207293707,0.6638864428958704,1.084297608816399
720,607,cd9b8a1ed4c43573,Cardiomegaly,off,0.1397989366938097,1.0,0.2558018311261259,0.4052715914175593,1.124823213185752
720,607,cd9b8a1ed4c43573,Cardiomegaly,on,0.1397989366938097,1.0,0.3511495838628916,0.5197788720531631,0.8987039882908422
721,609,0f372aae9c5752a3,Cardiomegaly,off,0.1854548289792358,1.0,0.3320084774038819,0.4900374490760033,1.1886254830397007
721,609,0f372aae9c5752a3,Cardiomegaly,on,0.1854548289792358,1.0,0.4609433319935858,0.6310214814811268,0.9598165142648432
722,617,0bb24a56c2670768,Cardiomegaly,off,0.160636229405143,1.0,0.4010068635679845,0.569971728986415,1.3649484082572785
722,617,0bb24a56c2670768,Cardiomegaly,on,0.160636229405143,1.0,0.4739763018519977,0.643126076611791,1.1187205186296074
723,619,f6ce4753c7645ea2,Cardiomegaly,off,0.1548567557953111,1.0,0.2468384462557439,0.3886620242248518,1.471499142531285
723,619,f6ce4753c7645ea2,Cardiomegaly,on,0.1548567557953111,1.0,0.5654818987464978,0.7224326004518133,1.2061433358844469
724,620,bf9fef80db09bc13,Cardiomegaly,off,0.1736863392931109,1.0,0.3360410430572296,0.4997607178823964,1.1787044240558393
724,620,bf9fef80db09bc13,Cardiomegaly,on,0.1736863392931109,1.0,0.4401784997174468,0.6112794850182596,0.9295092108471776
725,625,54b1d80e19cdd92e,Cardiomegaly,off,0.195200990209981,1.0,0.2807171505781135,0.4358653426336903,1.110420154849198
725,625,54b1d80e19cdd92e,Cardiomegaly,on,0.195200990209981,1.0,0.3569974377763958,0.5261569982435927,0.7504516674997697
726,626,61dae602d0b69f43,Cardiomegaly,off,0.1767417608389495,1.0,0.2968833546511048,0.4508745660829462,1.2357079725741065
726,626,61dae602d0b69f43,Cardiomegaly,on,0.1767417608389495,1.0,0.4920414188048457,0.6595491654089233,0.9961701588332876
727,627,9d878e929646cca4,Cardiomegaly,off,0.194781905277059,1.0,0.2748740321840915,0.4301172369303392,0.9158115726677262
727,627,9d878e929646cca4,Cardiomegaly,on,0.194781905277059,1.0,0.3125794882804905,0.4762815557369103,0.6319080300138803
728,628,79d33f7627032c13,Cardiomegaly,off,0.1788469316647905,1.0,0.3214827470747431,0.483923184473281,1.1862827131272196
728,628,79d33f7627032c13,Cardiomegaly,on,0.1788469316647905,1.0,0.3971004836872695,0.5684596677492518,0.7505469872826945
729,629,ab728b61f30384c1,Cardiomegaly,off,0.1423670501781111,1.0,0.2545225434389808,0.4029166617259506,1.2471788380639766
729,629,ab728b61f30384c1,Cardiomegaly,on,0.1423670501781111,1.0,0.4281020032067267,0.5995351133616569,1.02563246463152
730,630,905c8db3c75a119a,Cardiomegaly,off,0.1489067243639411,1.0,0.3299163863941839,0.4920593966931689,1.569925203946939
730,630,905c8db3c75a119a,Cardiomegaly,on,0.1489067243639411,1.0,0.5418974990187843,0.7028915061991985,1.166934725387453
731,631,e2845c008a174e95,Cardiomegaly,off,0.1337855552144399,1.0,0.3018608953786086,0.4607660610332041,1.2193053747165084
731,631,e2845c008a174e95,Cardiomegaly,on,0.1337855552144399,1.0,0.4919272329704561,0.6594510660924066,1.140487897401358
732,632,ee1610fae5db6897,Cardiomegaly,off,0.1510801183183973,1.0,0.4096497072515028,0.5763313618490405,1.631760490708544
732,632,ee1610fae5db6897,Cardiomegaly,on,0.1510801183183973,1.0,0.5083969043032103,0.6740835266270274,1.4155289063718912
733,635,61884254369ca7b6,Cardiomegaly,off,0.1691787397238912,1.0,0.2391825927851323,0.3856243073867827,0.850889139934633
733,635,61884254369ca7b6,Cardiomegaly,on,0.1691787397238912,1.0,0.2761835478968991,0.4328264727835991,0.5339119859881498
734,638,e36010bbb7371368,Cardiomegaly,off,0.2104586056167127,0.0,0.2695313457610585,0.423917331073004,0.6368481477933055
734,638,e36010bbb7371368,Cardiomegaly,on,0.2104586056167127,0.0,0.261660857024413,0.4147858262551575,0.4210848193732948
735,639,6edd6abbc9ad1532,Cardiomegaly,off,0.1921894263896807,1.0,0.4417154521669649,0.6122813026987672,1.2321398119685962
735,639,6edd6abbc9ad1532,Cardiomegaly,on,0.1921894263896807,1.0,0.4491297440766864,0.6198596580996121,0.869521743682926
736,640,d1e93953200c1186,Cardiomegaly,off,0.1859323908795423,1.0,0.3727417812861519,0.5371085167118027,1.3290144469820118
736,640,d1e93953200c1186,Cardiomegaly,on,0.1859323908795423,1.0,0.4140855781856001,0.5856439335549668,0.795439742953617
737,641,294947320c2cca4a,Cardiomegaly,off,0.2238839427120643,1.0,0.4859858688512486,0.6519382844027249,1.2206885883697445
737,641,294947320c2cca4a,Cardiomegaly,on,0.2238839427120643,1.0,0.5323179590407071,0.6947877331406158,1.0477862294674585
738,649,163c8088c230cf46,Cardiomegaly,off,0.1263638534372274,1.0,0.2305695070742043,0.3722010680066742,1.2450334553204156
738,649,163c8088c230cf46,Cardiomegaly,on,0.1263638534372274,1.0,0.4501061056844329,0.6207842089435329,0.9451826603608632
739,652,8178baafc2b7ba5b,Cardiomegaly,off,0.1609870912094498,1.0,0.3663883455909018,0.5279602303231001,1.5690283325232732
739,652,8178baafc2b7ba5b,Cardiomegaly,on,0.1609870912094498,1.0,0.5439823985344814,0.7046469347175829,1.3770812536962718
740,658,02bb8bdaddf67809,Cardiomegaly,off,0.163696524031597,1.0,0.2536696365525087,0.4012796811901981,1.147731830424336
740,658,02bb8bdaddf67809,Cardiomegaly,on,0.163696524031597,1.0,0.435353673483274,0.606596947552134,0.8831007696803632
741,659,3f4eb9d75742b598,Cardiomegaly,off,0.2216130871453006,0.0,0.3271605523009754,0.4929366852035373,0.7520740177703354
741,659,3f4eb9d75742b598,Cardiomegaly,on,0.2216130871453006,0.0,0.3220800310262348,0.4872320042981463,0.5333682180377188
742,660,ad0a56ab2e391d06,Cardiomegaly,off,0.1793391128069431,1.0,0.3295918133251128,0.4933470428374247,1.2059041089719498
742,660,ad0a56ab2e391d06,Cardiomegaly,on,0.1793391128069431,1.0,0.3996020093889547,0.5710197486364029,0.7866462359626322
743,661,2c70900c590d74ad,Cardiomegaly,off,0.1492380938457864,1.0,0.2803468597163946,0.4316385908124761,1.4504785704237588
743,661,2c70900c590d74ad,Cardiomegaly,on,0.1492380938457864,1.0,0.5417988391649251,0.702804715177699,1.1437043168691738
744,668,a207cabae49761bc,Cardiomegaly,off,0.1803332212524792,1.0,0.5628097067172597,0.71849540046409,1.9809060737972488
744,668,a207cabae49761bc,Cardiomegaly,on,0.1803332212524792,1.0,0.61851803392605,0.7643014716397414,1.6171437201224876
745,670,31a5332679fdc782,Cardiomegaly,off,0.202929696065962,1.0,0.2095523503704457,0.3447553768649531,0.2937843906042776
745,670,31a5332679fdc782,Cardiomegaly,on,0.202929696065962,1.0,0.2172504631648205,0.3569490612369163,0.2480724460397645
746,671,ca6773a837562f0d,Cardiomegaly,off,0.2027688844056547,0.0,0.1488774236149581,0.2557145575600467,0.3454281511065856
746,671,ca6773a837562f0d,Cardiomegaly,on,0.2027688844056547,0.0,0.1971883350503224,0.3294155934021284,0.2166451098600196
747,673,a0d4ee8de8d31823,Cardiomegaly,off,0.1109844110151114,1.0,0.1640641509433962,0.2793750589458476,1.1567995469609995
747,673,a0d4ee8de8d31823,Cardiomegaly,on,0.1109844110151114,1.0,0.3992876074106736,0.5706910199324879,0.8558344407005137
748,674,d00e08c821daddb2,Cardiomegaly,off,0.2057512097422627,1.0,0.3396701041170499,0.505154000535421,1.083010289264064
748,674,d00e08c821daddb2,Cardiomegaly,on,0.2057512097422627,1.0,0.3355744468070266,0.502513534697286,0.6736005156223237
749,677,d31e90e1677b0e8a,Cardiomegaly,off,0.1690666588697376,1.0,0.3993194798855551,0.5683569278247095,1.4849267021286463
749,677,d31e90e1677b0e8a,Cardiomegaly,on,0.1690666588697376,1.0,0.469535207653574,0.6390254581703381,1.1521623126539668
750,679,dc533c92faa848e7,Cardiomegaly,off,0.1702654367011193,1.0,0.3950386305341485,0.5637995397631683,1.4854124592508289
750,679,dc533c92faa848e7,Cardiomegaly,on,0.1702654367011193,1.0,0.4684018463388542,0.6379749695374413,1.130618858316816
751,684,4d19a321fce81a88,Cardiomegaly,off,0.138848685973812,1.0,0.3217843427811181,0.4848871121872505,0.7162866635414284
751,684,4d19a321fce81a88,Cardiomegaly,on,0.138848685973812,1.0,0.3520444380356501,0.520755313288047,0.8414411799080256
752,688,c5e74a9e6d9866c6,Cardiomegaly,off,0.1462167838642554,1.0,0.2728471321869629,0.4261910343204459,1.1266949227000325
752,688,c5e74a9e6d9866c6,Cardiomegaly,on,0.1462167838642554,1.0,0.4303239342616164,0.6017103270406438,0.8656188872837607
753,689,ed4399b895f782c8,Cardiomegaly,off,0.1433416663011856,1.0,0.3181229900384343,0.4772372185771302,1.4510945594458236
753,689,ed4399b895f782c8,Cardiomegaly,on,0.1433416663011856,1.0,0.5434547268314918,0.7041972415604419,1.1403314292468876
754,691,52e293f3160d0ffe,Cardiomegaly,off,0.124005282419387,1.0,0.2936421921743604,0.4517891662771425,1.306679543002801
754,691,52e293f3160d0ffe,Cardiomegaly,on,0.124005282419387,1.0,0.3939926827636995,0.5652722375594523,1.013677173821201
755,699,2269b34cd39dc1cb,Cardiomegaly,off,0.2024862457299631,1.0,0.365615282218484,0.5308833975290661,1.095286138246692
755,699,2269b34cd39dc1cb,Cardiomegaly,on,0.2024862457299631,1.0,0.4319930729443394,0.6033451598169728,0.8441803078799466
756,705,4eabc937d96b0ffd,Cardiomegaly,off,0.176590695339873,1.0,0.5342330695975671,0.6936423783546071,1.84472148313322
756,705,4eabc937d96b0ffd,Cardiomegaly,on,0.176590695339873,1.0,0.6189734623846255,0.7646492572646786,1.429069934208703
757,706,b96969823d73a7bc,Cardiomegaly,off,0.1640863704808268,1.0,0.4368364113929933,0.6014711391212295,1.7916631168142252
757,706,b96969823d73a7bc,Cardiomegaly,on,0.1640863704808268,1.0,0.6283827404684166,0.7717849975669357,1.380045188177396
758,710,af5dde2eb6b9742a,Cardiomegaly,off,0.1279817162015311,1.0,0.18715821812596,0.3115653371247156,1.2597794461112946
758,710,af5dde2eb6b9742a,Cardiomegaly,on,0.1279817162015311,1.0,0.4650467371575484,0.6348483853939618,0.9619643140448106
759,711,b3da9d0303cf2c8f,Cardiomegaly,off,0.1143370904784877,1.0,0.3795185533351533,0.5491122379244948,0.9398344904838096
759,711,b3da9d0303cf2c8f,Cardiomegaly,on,0.1143370904784877,1.0,0.3800089219044404,0.5507304005718565,1.1310671445821694
760,712,48aff0553b673b8b,Cardiomegaly,off,0.1082701051123488,1.0,0.3520017488970989,0.5187863679910919,0.5840301152526336
760,712,48aff0553b673b8b,Cardiomegaly,on,0.1082701051123488,1.0,0.4044832324384341,0.5759875956769492,0.9369624577219626
761,714,b2fdc492ae0123c6,Cardiomegaly,off,0.105433972194202,1.0,0.4831405978785117,0.6498757560052383,0.9633265226599876
761,714,b2fdc492ae0123c6,Cardiomegaly,on,0.105433972194202,1.0,0.4678447304568751,0.6374528946822918,1.2350898358932625
762,715,af6cd7b956adeb19,Cardiomegaly,off,0.1786081507146372,1.0,0.3080301914782394,0.4704534338849992,1.0135609871618998
762,715,af6cd7b956adeb19,Cardiomegaly,on,0.1786081507146372,1.0,0.3323556885128903,0.498899099459349,0.7658214946818549
763,716,d71ce8514eaeb2a3,Cardiomegaly,off,0.1519865113128566,1.0,0.338738817705544,0.5017925175606491,1.5902493849989432
763,716,d71ce8514eaeb2a3,Cardiomegaly,on,0.1519865113128566,1.0,0.4783363984430132,0.6471241740746121,1.365462756337381
764,717,202e12d7ebba3624,Cardiomegaly,off,0.2042405547514972,1.0,0.3646440941125986,0.529379579013286,0.933258453516494
764,717,202e12d7ebba3624,Cardiomegaly,on,0.2042405547514972,1.0,0.4344474975052916,0.6057307062036746,0.7983934277778919
765,718,1d2fbbe6e22826c5,Cardiomegaly,off,0.1815807298900145,1.0,0.2698972110069421,0.4172353338454108,0.943983301049378
765,718,1d2fbbe6e22826c5,Cardiomegaly,on,0.1815807298900145,1.0,0.4205053064489917,0.592049632733669,0.7927033077490683
766,719,409ee47d21baa5db,Cardiomegaly,off,0.1457976989313334,1.0,0.3367542960792268,0.5008751925222581,1.5863679884734567
766,719,409ee47d21baa5db,Cardiomegaly,on,0.1457976989313334,1.0,0.4824631312614899,0.6508918940297687,1.2785217507513498
767,720,5f71da4bbf80cb20,Cardiomegaly,off,0.1499593097768616,1.0,0.2986395093488916,0.4574349027192051,1.1927288844793662
767,720,5f71da4bbf80cb20,Cardiomegaly,on,0.1499593097768616,1.0,0.4091233855368266,0.5806775424911682,0.8814054046240127
768,722,ad9c9cb07f6f78c8,Cardiomegaly,off,0.1576587771491504,1.0,0.3209933105103448,0.4790702719589929,1.3926785812283602
768,722,ad9c9cb07f6f78c8,Cardiomegaly,on,0.1576587771491504,1.0,0.5164246705006099,0.6811019779292784,1.098435542731043
769,724,59fa68de64ffaa7d,Cardiomegaly,off,0.1738568971146489,1.0,0.2523523441531581,0.4009450526726573,0.9746570917077978
769,724,59fa68de64ffaa7d,Cardiomegaly,on,0.1738568971146489,1.0,0.3261371910156497,0.4918549925712225,0.6510775708495936
770,727,73b7a98fb207af59,Cardiomegaly,off,0.118172204922786,1.0,0.2540912987392782,0.4008639431110637,1.453548352105726
770,727,73b7a98fb207af59,Cardiomegaly,on,0.118172204922786,1.0,0.5606688044770829,0.7184948933697282,1.235773869714182
771,728,e0858f869fb1d358,Cardiomegaly,off,0.1229088392809282,1.0,0.2045092985122885,0.3378378574300308,0.7821154706143779
771,728,e0858f869fb1d358,Cardiomegaly,on,0.1229088392809282,1.0,0.3347764304805536,0.5016209443924966,0.7309951476553399
772,729,3502d707ba4a3a3f,Cardiomegaly,off,0.1460852106876404,1.0,0.3252558312498815,0.4881049732091854,1.098721152122268
772,729,3502d707ba4a3a3f,Cardiomegaly,on,0.1460852106876404,1.0,0.4484921277204985,0.6192516700909031,0.977479185761832
773,733,f6fbdade42ecdb95,Cardiomegaly,off,0.1430005506581095,1.0,0.3790803828103656,0.5461817920906653,1.1893259367829336
773,733,f6fbdade42ecdb95,Cardiomegaly,on,0.1430005506581095,1.0,0.4810412699962209,0.6495985369214823,1.0692947304031593
774,734,4e8cc590986cc131,Cardiomegaly,off,0.143687655024877,1.0,0.2442346900769709,0.3904789825953398,1.0164295871627171
774,734,4e8cc590986cc131,Cardiomegaly,on,0.143687655024877,1.0,0.3871900771917885,0.5582330144152744,0.788679169220441
775,735,1fd96564896ac64e,Cardiomegaly,off,0.1439215628944149,1.0,0.2710747700290903,0.4198369914882024,1.901456279547664
775,735,1fd96564896ac64e,Cardiomegaly,on,0.1439215628944149,1.0,0.6500281614549455,0.7878934493717686,1.5198268079277366
776,736,9132311b5a5760bd,Cardiomegaly,off,0.1632092159700598,0.0,0.1472478430375571,0.254599990935862,0.4954029334450707
776,736,9132311b5a5760bd,Cardiomegaly,on,0.1632092159700598,0.0,0.2221668057753714,0.3635613991537455,0.3707533944651859
777,739,f282b543a98a6adf,Cardiomegaly,off,0.1300186638987568,1.0,0.2909605592180765,0.4488508520140183,0.6653812979174689
777,739,f282b543a98a6adf,Cardiomegaly,on,0.1300186638987568,1.0,0.3628724638515883,0.5325110424737665,0.7961600319479294
778,740,6a0cf8217cd19547,Cardiomegaly,off,0.2032415732253458,1.0,0.2019229345625881,0.3344233980808184,0.3833333873373868
778,740,6a0cf8217cd19547,Cardiomegaly,on,0.2032415732253458,1.0,0.2283693129159178,0.3718223692803172,0.2761201322148375
779,742,a6f2173b3167c667,Cardiomegaly,off,0.1737350700992646,1.0,0.1858138059872448,0.3119505355034541,0.6173739320982511
779,742,a6f2173b3167c667,Cardiomegaly,on,0.1737350700992646,1.0,0.2544049339552949,0.4056179156343248,0.4832529936169594
780,743,77833736695e8699,Cardiomegaly,off,0.1644664707688259,1.0,0.3490023809485054,0.5065021124199218,1.4877381098962688
780,743,77833736695e8699,Cardiomegaly,on,0.1644664707688259,1.0,0.5225240733704861,0.6863913223264311,1.130316609965461
781,745,ea67363fc3eed456,Cardiomegaly,off,0.1983295079650502,1.0,0.4178944384245162,0.5811988382916433,1.7209298070768149
781,745,ea67363fc3eed456,Cardiomegaly,on,0.1983295079650502,1.0,0.5588504844051663,0.7170004464238404,1.169831752051024
782,749,11663b0653bdfaec,Cardiomegaly,off,0.1557485295479243,1.0,0.1833567588312423,0.3090887976372627,0.5387058252455476
782,749,11663b0653bdfaec,Cardiomegaly,on,0.1557485295479243,1.0,0.2212420750398695,0.3623226223732067,0.4571439117576339
783,750,bb5184c8cffa9ed9,Cardiomegaly,off,0.1855961483170816,1.0,0.2935724364765952,0.4519891643497303,0.8664929175528944
783,750,bb5184c8cffa9ed9,Cardiomegaly,on,0.1855961483170816,1.0,0.3580835373841532,0.5273339051721871,0.6551814021421778
784,751,543a5528c87b2f5d,Cardiomegaly,off,0.1884127889127669,1.0,0.221246022551646,0.3550404906307843,0.9640887619570244
784,751,543a5528c87b2f5d,Cardiomegaly,on,0.1884127889127669,1.0,0.400471490336623,0.5719088629744832,0.7700225449587635
785,755,691b6a598d35f408,Cardiomegaly,off,0.1759035909731054,0.0,0.1461891374121568,0.2511755147647637,0.7910588943069593
785,755,691b6a598d35f408,Cardiomegaly,on,0.1759035909731054,0.0,0.271801906461741,0.427420577127856,0.488419766894815
786,756,3cb452eb0c7eb696,Cardiomegaly,off,0.1170270309781734,1.0,0.209475929941063,0.3442378290327543,0.6355442320448363
786,756,3cb452eb0c7eb696,Cardiomegaly,on,0.1170270309781734,1.0,0.3211447723872717,0.4861605083558338,0.6589583838922448
787,758,5655c391e89d0398,Cardiomegaly,off,0.1547446749411575,1.0,0.2823119022056967,0.4369997556196864,1.1510322143566514
787,758,5655c391e89d0398,Cardiomegaly,on,0.1547446749411575,1.0,0.4029395452050998,0.5744205919314476,0.8070535323356676
788,760,3e070b1789cb8517,Cardiomegaly,off,0.1118810578483399,1.0,0.4362867945590135,0.6061180042650227,0.7886609485663691
788,760,3e070b1789cb8517,Cardiomegaly,on,0.1118810578483399,1.0,0.475746627975057,0.6447482050434384,1.1612888087259456
789,761,df171907ed8ead8a,Cardiomegaly,off,0.138181073929506,1.0,0.1563645739127848,0.2694478450616432,0.1906922099603806
789,761,df171907ed8ead8a,Cardiomegaly,on,0.138181073929506,1.0,0.1956543788796604,0.3272751100271911,0.3422515897774052
790,764,b734b7047b19bcde,Cardiomegaly,off,0.1779259194284851,1.0,0.2669513612250471,0.4180647601971524,1.1533685277013594
790,764,b734b7047b19bcde,Cardiomegaly,on,0.1779259194284851,1.0,0.378958207554401,0.549622678490764,0.7206161957140292
791,765,2354bf39abc9bf7e,Cardiomegaly,off,0.1255500489744601,1.0,0.2479972306608621,0.3957103467763462,1.0935159267318502
791,765,2354bf39abc9bf7e,Cardiomegaly,on,0.1255500489744601,1.0,0.3617710713463248,0.5313238787109011,0.8984173951060285
792,766,1a3deff1a73dec78,Cardiomegaly,off,0.1851039671749289,1.0,0.3296710412656424,0.4950736487866168,1.227974254400667
792,766,1a3deff1a73dec78,Cardiomegaly,on,0.1851039671749289,1.0,0.363489407225651,0.5331744153571877,0.8212934806986019
793,768,afce7d9041b66379,Cardiomegaly,off,0.1405737565116539,1.0,0.2956686845659345,0.4542015690813054,1.3338982653479663
793,768,afce7d9041b66379,Cardiomegaly,on,0.1405737565116539,1.0,0.4391276206263743,0.610268174163815,1.04294533297731
794,770,8f741cc6579b8f35,Cardiomegaly,off,0.1432344585276474,1.0,0.1929440540512209,0.3218102383421845,0.828465546552904
794,770,8f741cc6579b8f35,Cardiomegaly,on,0.1432344585276474,1.0,0.3181451620493213,0.4827134439531902,0.6218962043517395
795,777,be62e3e05fdebc7e,Cardiomegaly,off,0.1486143395270188,1.0,0.1980355564849005,0.3283864709293627,1.3702968289379365
795,777,be62e3e05fdebc7e,Cardiomegaly,on,0.1486143395270188,1.0,0.440294621060069,0.61138525435482,1.0475674640866817
796,778,d03e8bd32d72f609,Cardiomegaly,off,0.2228021188154515,0.0,0.350629439081871,0.5169707832421601,0.9052667085339176
796,778,d03e8bd32d72f609,Cardiomegaly,on,0.2228021188154515,0.0,0.3562089274657574,0.5252967320610739,0.6490502820175081
797,779,3fa3bb780ed1fbf1,Cardiomegaly,off,0.1369481845338167,1.0,0.3433194580126132,0.507541864365183,1.244545797707132
797,779,3fa3bb780ed1fbf1,Cardiomegaly,on,0.1369481845338167,1.0,0.4885081532705532,0.656372251009715,1.2122106484728494
798,780,0b9c82f78ec906ae,Cardiomegaly,off,0.1368361036796631,1.0,0.2397388440129588,0.3845911219796872,1.0051913452576673
798,780,0b9c82f78ec906ae,Cardiomegaly,on,0.1368361036796631,1.0,0.3794068395077926,0.5500965097908292,0.7496196764809171
799,782,c5e022e3bbb4d365,Cardiomegaly,off,0.1324016003196741,1.0,0.3051357253898111,0.4648051044494017,1.2827070882144556
799,782,c5e022e3bbb4d365,Cardiomegaly,on,0.1324016003196741,1.0,0.4541860187991157,0.6246599324369572,1.1917782357682314
800,783,78d867a67581bec6,Cardiomegaly,off,0.1094688829437305,1.0,0.3825976645122437,0.5500968790088221,1.102272380446878
800,783,78d867a67581bec6,Cardiomegaly,on,0.1094688829437305,1.0,0.5105990060301726,0.6760216604809957,1.2818305915926624
801,788,02cd8956d2df2ded,Cardiomegaly,off,0.1121198387984932,1.0,0.1864077511945945,0.3120636973600786,0.8685642132455352
801,788,02cd8956d2df2ded,Cardiomegaly,on,0.1121198387984932,1.0,0.3613404362758916,0.5308566544741682,0.7384251010394451
802,790,9f3e1706f653df37,Cardiomegaly,off,0.1636916509509816,1.0,0.2302084869732258,0.3714078296771653,0.8920290289410905
802,790,9f3e1706f653df37,Cardiomegaly,on,0.1636916509509816,1.0,0.3391994729754047,0.5065683507292247,0.6701129272445691
803,792,9a54c509e24476a8,Cardiomegaly,off,0.1692567090137372,1.0,0.3395452818612144,0.5029967859446967,1.2736628421136262
803,792,9a54c509e24476a8,Cardiomegaly,on,0.1692567090137372,1.0,0.4592445918402238,0.6294233989986114,0.9229390386277904
804,793,b9598d90ce357368,Cardiomegaly,off,0.1206672221978568,1.0,0.2131705164412465,0.3494420113010609,0.6591717071423577
804,793,b9598d90ce357368,Cardiomegaly,on,0.1206672221978568,1.0,0.3332074908775428,0.4998552346262171,0.6820789143072242
805,796,4ae0fac5d7de98ea,Cardiomegaly,off,0.1800749479798644,1.0,0.1838658712426424,0.3101602972313726,0.6288209906058643
805,796,4ae0fac5d7de98ea,Cardiomegaly,on,0.1800749479798644,1.0,0.2180348664498358,0.3580102602754246,0.4155266744953284
806,800,a547abae9d91e112,Cardiomegaly,off,0.1473181000833296,1.0,0.1937791183740971,0.3225745673747422,0.7580785898946981
806,800,a547abae9d91e112,Cardiomegaly,on,0.1473181000833296,1.0,0.3181011956469313,0.4826622902328649,0.5983060907133021
807,804,fa6ff87391ab6d7e,Cardiomegaly,off,0.1149364793941786,0.0,0.0611370649588887,0.1143687652986303,0.0960862625831193
807,804,fa6ff87391ab6d7e,Cardiomegaly,on,0.1149364793941786,0.0,0.1410963566494453,0.2472984272240904,0.2351225932562322
808,807,a2535a6d389ba3d8,Cardiomegaly,off,0.1876038575306151,1.0,0.4116634181316939,0.5783368931665249,1.1040058512645474
808,807,a2535a6d389ba3d8,Cardiomegaly,on,0.1876038575306151,1.0,0.4831409861153896,0.651506438157472,0.9489321772835324
809,810,8336bd50aae30562,Cardiomegaly,off,0.2113455062887105,0.0,0.1653000560394208,0.2812978213217441,0.2922591682986072
809,810,8336bd50aae30562,Cardiomegaly,on,0.2113455062887105,0.0,0.1793002187671722,0.3040747130890151,0.1686478473176339
810,811,83929c209e10fe91,Cardiomegaly,off,0.1842219395835465,1.0,0.3081195296771293,0.4680929788627955,0.9162676762807146
810,811,83929c209e10fe91,Cardiomegaly,on,0.1842219395835465,1.0,0.3936391890489651,0.5649074864441591,0.7317359533851555
811,812,382d4e4bdf4cf814,Cardiomegaly,off,0.1417822805042664,1.0,0.32973604957175,0.4905992125679114,1.6405615272515996
811,812,382d4e4bdf4cf814,Cardiomegaly,on,0.1417822805042664,1.0,0.5913819022204239,0.7432196486461891,1.330266600049478
812,814,7e9eb887c924271c,Cardiomegaly,off,0.1600806982149905,1.0,0.2159908205715815,0.3543739615148951,0.3995467090890554
812,814,7e9eb887c924271c,Cardiomegaly,on,0.1600806982149905,1.0,0.1868929352263525,0.3149252221357643,0.3172266068449652
813,816,c58d55daf5dba616,Cardiomegaly,off,0.1293851634187584,1.0,0.1716132363142039,0.291384928291293,0.6973381336064499
813,816,c58d55daf5dba616,Cardiomegaly,on,0.1293851634187584,1.0,0.2747827857109675,0.4311015084051267,0.5635850269895817
814,820,70be5c0926d117d0,Cardiomegaly,off,0.1881301502370753,1.0,0.3364101473891973,0.5027235396090802,1.1562547937734011
814,820,70be5c0926d117d0,Cardiomegaly,on,0.1881301502370753,1.0,0.3726386718515629,0.5429508360206747,0.8144623147831013
815,823,89dc7150e980b6c2,Cardiomegaly,off,0.1625269846839076,1.0,0.3331317021982596,0.4979605697324695,1.0689898778203115
815,823,89dc7150e980b6c2,Cardiomegaly,on,0.1625269846839076,1.0,0.4079980936686868,0.5795418952281892,0.8745895215290678
816,826,0d8c82ab3e34e6da,Cardiomegaly,off,0.1268267960956878,1.0,0.2207636723618621,0.3595070028139025,1.002732533751962
816,826,0d8c82ab3e34e6da,Cardiomegaly,on,0.1268267960956878,1.0,0.35909444699282,0.528429479323545,0.8918027519133519
817,827,01596ecd36248645,Cardiomegaly,off,0.1831254964450877,0.0,0.3567347972318792,0.5237148882325379,1.320109149825252
817,827,01596ecd36248645,Cardiomegaly,on,0.1831254964450877,0.0,0.406247401552909,0.5777733510449623,0.9198041875923112
818,830,96f1e5974eaababc,Cardiomegaly,off,0.1388633052156581,1.0,0.2372082445866945,0.3816801866780472,0.8322092372427708
818,830,96f1e5974eaababc,Cardiomegaly,on,0.1388633052156581,1.0,0.3347110930501144,0.5015477289742291,0.7110522259783644
819,832,feec175e3b538d67,Cardiomegaly,off,0.1732672543601889,1.0,0.5324036828338309,0.6946231563274028,2.071471854773147
819,832,feec175e3b538d67,Cardiomegaly,on,0.1732672543601889,1.0,0.5549372089993783,0.7137743771129237,1.739546909977374
820,840,46c43c8bc8c1789b,Cardiomegaly,off,0.1127679585203378,1.0,0.2714450882035529,0.4245281163154856,0.7812005823630588
820,840,46c43c8bc8c1789b,Cardiomegaly,on,0.1127679585203378,1.0,0.4144249616796442,0.5859964276977486,0.9285975269085128
821,842,4a4dcb2d177bc16c,Cardiomegaly,off,0.1337368244082862,1.0,0.3220012007758467,0.4843707116170819,1.0663244830434664
821,842,4a4dcb2d177bc16c,Cardiomegaly,on,0.1337368244082862,1.0,0.4300414382564007,0.6014390855164786,1.1038284316884472
822,844,8d4712d393305819,Cardiomegaly,off,0.1625172385226768,0.0,0.1867771718918333,0.3138880550005033,0.6802101837216187
822,844,8d4712d393305819,Cardiomegaly,on,0.1625172385226768,0.0,0.2226009257715207,0.3641421860380602,0.5136674110438613
823,848,b3ed864778631c15,Cardiomegaly,off,0.1810008332967852,1.0,0.2586679230247575,0.4095865357165801,1.203871965384391
823,848,b3ed864778631c15,Cardiomegaly,on,0.1810008332967852,1.0,0.3068844384945471,0.4696427989233557,0.8899882551403266
824,853,7d49e3c835f3dce2,Cardiomegaly,off,0.165553167746054,1.0,0.312268377875705,0.4741577094235454,1.404650404822473
824,853,7d49e3c835f3dce2,Cardiomegaly,on,0.165553167746054,1.0,0.3890684843212039,0.5601836161428194,1.0014719161621992
825,854,be1d74fe78ab76db,Cardiomegaly,off,0.2059753714505699,1.0,0.223514871834574,0.3628015104601592,0.557053295265702
825,854,be1d74fe78ab76db,Cardiomegaly,on,0.2059753714505699,1.0,0.2630280689203491,0.4165012741458609,0.3988463067630598
826,855,fc0ea0e1d633a70d,Cardiomegaly,off,0.212817176634553,1.0,0.258608857875185,0.4108809552346489,0.3739350698218147
826,855,fc0ea0e1d633a70d,Cardiomegaly,on,0.212817176634553,1.0,0.2562907852286059,0.4080117533406359,0.3767645506530158
827,856,af41dee539933b93,Cardiomegaly,off,0.1667373263355895,1.0,0.4422890518873533,0.6112396041567322,1.6271131922906727
827,856,af41dee539933b93,Cardiomegaly,on,0.1667373263355895,1.0,0.5100820506365011,0.6755683955598378,1.4087177709273009
828,857,15a4cc8a11450d48,Cardiomegaly,off,0.1401887831430395,1.0,0.3460139990989974,0.5113808010082295,1.291129877976501
828,857,15a4cc8a11450d48,Cardiomegaly,on,0.1401887831430395,1.0,0.4713191502062159,0.6406727439338864,1.140996946890955
829,861,ae403474c3ce1cca,Cardiomegaly,off,0.1566159378974606,1.0,0.2350449086444345,0.3779648924407063,0.9975407225960752
829,861,ae403474c3ce1cca,Cardiomegaly,on,0.1566159378974606,1.0,0.3291445643960806,0.4952689806851104,0.6096584632796633
830,863,9c6a1811fb76fa29,Cardiomegaly,off,0.1621566305571393,1.0,0.3860748516230075,0.5539777832180446,1.2569394066315975
830,863,9c6a1811fb76fa29,Cardiomegaly,on,0.1621566305571393,1.0,0.4801513959189886,0.6487867023301476,1.0283117663929129
831,878,4e3b0c42eb0f4304,Cardiomegaly,off,0.1884663927995361,1.0,0.2530333214508743,0.4008534883185947,0.9674757009563268
831,878,4e3b0c42eb0f4304,Cardiomegaly,on,0.1884663927995361,1.0,0.3486566614299842,0.5170412695473898,0.6506355263372504
832,879,a0aa3991a0bb3e5b,Cardiomegaly,off,0.1807717985078627,1.0,0.2914038124746325,0.4489738591551274,0.8688111668789646
832,879,a0aa3991a0bb3e5b,Cardiomegaly,on,0.1807717985078627,1.0,0.3722696930779306,0.5425579125726717,0.6711105548619704
833,880,96a6632d91702e06,Cardiomegaly,off,0.1656993601645152,0.0,0.0178553670822379,0.0346174958833479,0.1292687590476402
833,880,96a6632d91702e06,Cardiomegaly,on,0.1656993601645152,0.0,0.0840204674294225,0.1550118220092139,-0.0550477513340306
834,887,7eb0d17af8e0d642,Cardiomegaly,off,0.2253361207354453,0.0,0.2818335297044047,0.4397196228276585,0.9056040830994628
834,887,7eb0d17af8e0d642,Cardiomegaly,on,0.2253361207354453,0.0,0.2808731088233751,0.4385649699708789,0.6236328788522201
835,891,2c387b7497386f40,Cardiomegaly,off,0.1066327500255836,1.0,0.2252462769006564,0.3643520747970658,0.8479458864494641
835,891,2c387b7497386f40,Cardiomegaly,on,0.1066327500255836,1.0,0.3993920694673616,0.570801368007076,0.9061138430170964
836,895,c9e268450f694cd3,Cardiomegaly,off,0.1196000175430902,1.0,0.3001213191565212,0.456562244230135,1.219687611979331
836,895,c9e268450f694cd3,Cardiomegaly,on,0.1196000175430902,1.0,0.5097009219955124,0.6752262194163683,1.0946701528178708
837,898,b26ce08f494a7db4,Cardiomegaly,off,0.1739056279208027,1.0,0.2991128756034586,0.4577874096982944,1.087348496792743
837,898,b26ce08f494a7db4,Cardiomegaly,on,0.1739056279208027,1.0,0.3743795230615122,0.5447976246609086,0.798543138444068
838,900,03be9ab047de4600,Cardiomegaly,off,0.1640181473522116,1.0,0.3197930777227764,0.4807047114547325,1.1739861008009032
838,900,03be9ab047de4600,Cardiomegaly,on,0.1640181473522116,1.0,0.4552685695039632,0.62568317423456,0.9787285517357002
839,901,e9ae29bae8122a11,Cardiomegaly,off,0.156464872398384,1.0,0.2936501321159609,0.4505455771075173,1.2536049948981018
839,901,e9ae29bae8122a11,Cardiomegaly,on,0.156464872398384,1.0,0.4592130826358599,0.6293935064038447,0.9376038350990472
840,903,0c0401fd4708849d,Cardiomegaly,off,0.127104561690764,1.0,0.183069630247296,0.3076430924467004,0.9874660931062026
840,903,0c0401fd4708849d,Cardiomegaly,on,0.127104561690764,1.0,0.3559132467078411,0.5249743027371945,0.7460060132976268
841,904,f2a99ba2c22ec977,Cardiomegaly,off,0.1653241329571315,1.0,0.2940057433856643,0.4532193966081752,1.1916981837161862
841,904,f2a99ba2c22ec977,Cardiomegaly,on,0.1653241329571315,1.0,0.3514629907083228,0.5201222492862996,0.9015926988851678
842,905,55870c2feee34d55,Cardiomegaly,off,0.1366216881325867,1.0,0.3949509724889403,0.5619164407465147,1.7195949804510535
842,905,55870c2feee34d55,Cardiomegaly,on,0.1366216881325867,1.0,0.6084993088659023,0.7566037966572375,1.4826689099598207
843,906,ac9a2bb3a0548caf,Cardiomegaly,off,0.1345506288710534,1.0,0.2525334636629452,0.3985810245386493,1.1604837124780023
843,906,ac9a2bb3a0548caf,Cardiomegaly,on,0.1345506288710534,1.0,0.4579700027880108,0.6282218925828478,0.9451336418963912
844,907,2ba90af17885feff,Cardiomegaly,off,0.2077735381976424,0.0,0.2354788873593598,0.3800557448851937,0.7978730851062489
844,907,2ba90af17885feff,Cardiomegaly,on,0.2077735381976424,0.0,0.2466947480384748,0.395756372442145,0.4855446169514948
845,909,cf2cf8f35b3e26b7,Cardiomegaly,off,0.1387366051196585,1.0,0.2804293637169017,0.4366887394730349,0.8510428779761318
845,909,cf2cf8f35b3e26b7,Cardiomegaly,on,0.1387366051196585,1.0,0.3300780076363306,0.4963271940171527,0.7697719776234943
846,910,1561ef7f47ec3c6f,Cardiomegaly,off,0.1563966492697688,1.0,0.3545426942027378,0.5213452168290449,1.4484467280611208
846,910,1561ef7f47ec3c6f,Cardiomegaly,on,0.1563966492697688,1.0,0.4856474976510636,0.6537855573876197,1.21300319722473
847,911,cc1a9a6c9210568f,Cardiomegaly,off,0.1571324844426901,1.0,0.5084456163125415,0.6734474854563527,1.9096625743645268
847,911,cc1a9a6c9210568f,Cardiomegaly,on,0.1571324844426901,1.0,0.4635510128172839,0.6334525805006642,1.672928367149337
848,913,c3f4bdc9c10e98cc,Cardiomegaly,off,0.1317632267590602,1.0,0.1694683393070489,0.2873027579461941,1.1589221397575986
848,913,c3f4bdc9c10e98cc,Cardiomegaly,on,0.1317632267590602,1.0,0.3956511350059737,0.5669655872544143,0.8466460597868817
849,915,3cd1f43abf66d336,Cardiomegaly,off,0.159603136314684,1.0,0.2641477082051692,0.4143718655048564,1.2630437297374848
849,915,3cd1f43abf66d336,Cardiomegaly,on,0.159603136314684,1.0,0.4419536742286357,0.6129859921909702,0.8801107437500211
850,918,c4d577be099a01a4,Cardiomegaly,off,0.1816879376635527,1.0,0.3309497804795165,0.4957850863643447,1.3092166198706905
850,918,c4d577be099a01a4,Cardiomegaly,on,0.1816879376635527,1.0,0.3864887124738968,0.557505732749902,0.8756019413814783
851,921,457fe3957e7b56af,Cardiomegaly,off,0.1339950976809009,1.0,0.3892071007225443,0.5549534276439116,1.5288026689368153
851,921,457fe3957e7b56af,Cardiomegaly,on,0.1339950976809009,1.0,0.5558687287026715,0.7145444975665609,1.2751219107993708
852,922,0b67d668040438d9,Cardiomegaly,off,0.1630532773903678,1.0,0.1156026082871951,0.2067838206713149,0.353161250476058
852,922,0b67d668040438d9,Cardiomegaly,on,0.1630532773903678,1.0,0.1616457777133841,0.2783004291545315,0.2202629802054785
853,928,d4d998e70eb02d4a,Cardiomegaly,off,0.1861370602653879,1.0,0.402044269798588,0.5714149477583362,1.5142488866556585
853,928,d4d998e70eb02d4a,Cardiomegaly,on,0.1861370602653879,1.0,0.4590354358664567,0.6292290522184695,1.0088985085414544
854,929,2a32d271c904b3d5,Cardiomegaly,off,0.1962243371392092,1.0,0.3341684096603968,0.5002230456698102,1.28204395082607
854,929,2a32d271c904b3d5,Cardiomegaly,on,0.1962243371392092,1.0,0.3549982488838608,0.5239825400700431,0.8269818771936319
855,933,0edc5e0c0eba3ced,Cardiomegaly,off,0.191931153117066,1.0,0.4337391664545017,0.6049729358282413,1.1242213922591846
855,933,0edc5e0c0eba3ced,Cardiomegaly,on,0.191931153117066,1.0,0.4431155401462787,0.6141094281520164,0.8991198442332965
856,934,74fc264d95280b44,Cardiomegaly,off,0.1707819832463488,1.0,0.255038764769017,0.4045534414751314,0.8757809779742602
856,934,74fc264d95280b44,Cardiomegaly,on,0.1707819832463488,1.0,0.3593085868087702,0.5286612395906087,0.6521470207826998
857,936,783e7db10dce15e4,Cardiomegaly,off,0.1971063647305917,1.0,0.2374097459952886,0.3832981820622146,0.8265399257748314
857,936,783e7db10dce15e4,Cardiomegaly,on,0.1971063647305917,1.0,0.2707514370863385,0.4261273344472334,0.5725859009222342
858,937,b93a498274316f1d,Cardiomegaly,off,0.1730041080069587,1.0,0.379715258451153,0.5453297727888254,1.169013989151714
858,937,b93a498274316f1d,Cardiomegaly,on,0.1730041080069587,1.0,0.4971754213800713,0.6641503106458433,1.0181527666437007
859,939,44676a6c22bbc733,Cardiomegaly,off,0.1430395353030325,1.0,0.2700124457055226,0.4219142657191764,0.932002797074615
859,939,44676a6c22bbc733,Cardiomegaly,on,0.1430395353030325,1.0,0.4076285312700919,0.5791653340686047,0.8130203624364349
860,943,ca57dc7d2c579615,Cardiomegaly,off,0.133473678055056,1.0,0.2430455536685004,0.3873735636784866,1.1313028183387852
860,943,ca57dc7d2c579615,Cardiomegaly,on,0.133473678055056,1.0,0.4661661545186561,0.6358952167524946,0.9790866186112356
861,944,681a904a771384c1,Cardiomegaly,off,0.1104971029535741,1.0,0.2240063651674401,0.3636823407385529,0.8524464591976328
861,944,681a904a771384c1,Cardiomegaly,on,0.1104971029535741,1.0,0.4015578917324977,0.5730116407322889,0.8599822938513239
862,945,d65412eb0caf13b6,Cardiomegaly,off,0.2079148575354882,1.0,0.3072507296723746,0.4700708220164747,1.032545358144903
862,945,d65412eb0caf13b6,Cardiomegaly,on,0.2079148575354882,1.0,0.3084787576756707,0.4715074467764024,0.724733159247333
863,950,bb719db62ff21541,Cardiomegaly,off,0.1475520079528675,1.0,0.3759927183319195,0.5419988293760679,1.293589924251083
863,950,bb719db62ff21541,Cardiomegaly,on,0.1475520079528675,1.0,0.5394354570513827,0.7008209040573761,1.1787442719534298
864,951,4fe76432fdb173d5,Cardiomegaly,off,0.1368555960021246,1.0,0.1617483605481321,0.2769879843652683,0.7192144223879938
864,951,4fe76432fdb173d5,Cardiomegaly,on,0.1368555960021246,1.0,0.3057013485133368,0.4682492514076825,0.5831669132463663
865,952,89ef9383e71e14ac,Cardiomegaly,off,0.1848749323860064,0.0,0.1556304470201716,0.2629450707290696,1.028190014200678
865,952,89ef9383e71e14ac,Cardiomegaly,on,0.1848749323860064,0.0,0.2552515388209005,0.4066907934954987,0.6260340931789479
866,955,befc0c99b4dd6e6c,Cardiomegaly,off,0.1645444400586719,1.0,0.1163747546283684,0.2084684194189686,0.037606717586165
866,955,befc0c99b4dd6e6c,Cardiomegaly,on,0.1645444400586719,1.0,0.1182518654667642,0.2114936867605447,0.1210737159072877
867,956,72f7954fb0161c5d,Cardiomegaly,off,0.1749777056561846,0.0,0.1524031166642873,0.2625223480285696,0.3813080595368036
867,956,72f7954fb0161c5d,Cardiomegaly,on,0.1749777056561846,0.0,0.2081523865310968,0.3445778263945988,0.3034061630394052
868,957,8ed57312da57662c,Cardiomegaly,off,0.1325088080932122,1.0,0.3719723764609732,0.5392008133757095,0.976130375038577
868,957,8ed57312da57662c,Cardiomegaly,on,0.1325088080932122,1.0,0.4068022275609909,0.578330812725907,0.8313818805696367
869,959,18fa7ed3a4c38830,Cardiomegaly,off,0.1300722677855259,1.0,0.2902075576554387,0.4485982183614309,0.4905054313618573
869,959,18fa7ed3a4c38830,Cardiomegaly,on,0.1300722677855259,1.0,0.3240789240830772,0.4895156274631013,0.710168554879384
870,962,00f3d968b485ab18,Cardiomegaly,off,0.1480636814174817,1.0,0.1997068304449808,0.3304408920975624,0.7207007451176882
870,962,00f3d968b485ab18,Cardiomegaly,on,0.1480636814174817,1.0,0.3196515653858304,0.4844439653075314,0.5958958803804228
871,963,270f597c3ae829e3,Cardiomegaly,off,0.1894897397287643,1.0,0.2330549639146796,0.3775076280000883,0.5176339156028752
871,963,270f597c3ae829e3,Cardiomegaly,on,0.1894897397287643,1.0,0.2423169456530901,0.3901039520409643,0.4782826599014927
872,966,b06d5b89bfe7e4f9,Cardiomegaly,off,0.1176946430224795,1.0,0.1839469032467023,0.3079035115905902,1.052794535978024
872,966,b06d5b89bfe7e4f9,Cardiomegaly,on,0.1176946430224795,1.0,0.4117985306270508,0.5833643198910462,0.8400415171248614
873,969,d26b663717915394,Cardiomegaly,off,0.1774824690924862,1.0,0.3564963019421472,0.5251738895956232,1.220615229403901
873,969,d26b663717915394,Cardiomegaly,on,0.1774824690924862,1.0,0.3858591156385656,0.5568515264407483,0.8452679421342734
874,970,c496622f0d34bcdd,Cardiomegaly,off,0.1816586991798605,0.0,0.0575762169008964,0.1055589708481966,0.2311929810669044
874,970,c496622f0d34bcdd,Cardiomegaly,on,0.1816586991798605,0.0,0.0642335591947175,0.1207051273698353,-0.0787619750158063
875,971,88c90e9bcd88233b,Cardiomegaly,off,0.1902207018210702,0.0,0.2283793679720838,0.3676947713232255,0.65878538311449
875,971,88c90e9bcd88233b,Cardiomegaly,on,0.1902207018210702,0.0,0.2752516793695146,0.4316807725187477,0.5245716804284052
876,974,0fd3a51f7c7139b9,Cardiomegaly,off,0.1115107037215716,1.0,0.2575329239369716,0.407389100339444,1.0064380590987645
876,974,0fd3a51f7c7139b9,Cardiomegaly,on,0.1115107037215716,1.0,0.4091902967855604,0.580743605820284,1.0626123301893455
877,975,ed4fefd6128d9cd5,Cardiomegaly,off,0.1761716104069509,1.0,0.1887997754662044,0.3147833313280956,0.6685086384585989
877,975,ed4fefd6128d9cd5,Cardiomegaly,on,0.1761716104069509,1.0,0.2975715925489982,0.4586536003454998,0.4945236866337818
878,976,c29166e493d19f2e,Cardiomegaly,off,0.1773850074801787,1.0,0.3736320835055716,0.5388111225857812,1.3297463761182715
878,976,c29166e493d19f2e,Cardiomegaly,on,0.1773850074801787,1.0,0.4813000215901286,0.6498315311825535,0.9618149284680296
879,977,7f94daf6c078208b,Cardiomegaly,off,0.1962584487035169,0.0,0.0690617101493906,0.1259560947422592,0.3066479261586083
879,977,7f94daf6c078208b,Cardiomegaly,on,0.1962584487035169,0.0,0.1265188465546247,0.2246144989865492,0.1302544266829818
880,979,b50c310ab039d823,Cardiomegaly,off,0.182384788191551,1.0,0.2667240286257482,0.4203187962316709,0.7079295958586193
880,979,b50c310ab039d823,Cardiomegaly,on,0.182384788191551,1.0,0.2705108718559968,0.4258282978988857,0.4628790387669947
881,980,add9d47c8799e3e3,Cardiomegaly,off,0.1939632277336763,1.0,0.292111773664559,0.4511926543145393,0.9264442759837742
881,980,add9d47c8799e3e3,Cardiomegaly,on,0.1939632277336763,1.0,0.3051711707910901,0.4676326164018924,0.6317702153431931
882,982,8cebd91da402e33d,Cardiomegaly,off,0.1576197925042274,1.0,0.3785796486083262,0.5464360971157358,1.5653452632500404
882,982,8cebd91da402e33d,Cardiomegaly,on,0.1576197925042274,1.0,0.4980993580762368,0.6649732259055948,1.1290075968058635
883,983,d1d4e9bef6643e23,Cardiomegaly,off,0.1687450355491231,1.0,0.1257115292492364,0.2229745089513496,0.2375696185381041
883,983,d1d4e9bef6643e23,Cardiomegaly,on,0.1687450355491231,1.0,0.1506986044231268,0.2619247471887179,0.1126942368780554
884,984,4da0332e60bf86b8,Cardiomegaly,off,0.1992066624758173,0.0,0.1987191423325412,0.3275752684012033,0.4594548465985544
884,984,4da0332e60bf86b8,Cardiomegaly,on,0.1992066624758173,0.0,0.2447130002595014,0.3932015223538065,0.3622479856998444
885,992,8ef6d0a1def1cf1b,Cardiomegaly,off,0.2110482483711728,1.0,0.3552221963070545,0.5234506277657672,1.1259438487878146
885,992,8ef6d0a1def1cf1b,Cardiomegaly,on,0.2110482483711728,1.0,0.3612064012064732,0.5307139156165539,0.703319563078117
886,995,12686c36026b3031,Cardiomegaly,off,0.1821021495158594,1.0,0.3960718902979938,0.5650383493838109,1.3309554942129145
886,995,12686c36026b3031,Cardiomegaly,on,0.1821021495158594,1.0,0.468971188038161,0.6384990099123885,1.0598341620238592
887,1000,824eacc60bf5aceb,Cardiomegaly,off,0.117845708521556,1.0,0.3256548096014767,0.4882938441954068,0.911451824786722
887,1000,824eacc60bf5aceb,Cardiomegaly,on,0.117845708521556,1.0,0.4137687331856917,0.585340979587078,1.0697962095730482
888,1001,fdcff99e7265a8de,Cardiomegaly,off,0.1608701372746809,1.0,0.3018629621874731,0.4615858196169832,1.0779305547071674
888,1001,fdcff99e7265a8de,Cardiomegaly,on,0.1608701372746809,1.0,0.3976305338876144,0.5690058631309654,0.8271741824299674
889,1002,52b72ff5f88f0a37,Cardiomegaly,off,0.12718253098061,1.0,0.3200259706953897,0.4823817202909824,1.456337536098285
889,1002,52b72ff5f88f0a37,Cardiomegaly,on,0.12718253098061,1.0,0.4842421676895684,0.6525095659266122,1.3517059005727174
890,1005,f1f07bedc325e82e,Cardiomegaly,off,0.203675277400114,1.0,0.3391337083207701,0.5055125245472677,0.8283008755015147
890,1005,f1f07bedc325e82e,Cardiomegaly,on,0.203675277400114,1.0,0.3586994739301574,0.5280028179364468,0.6146704827380592
891,1007,6fc6a60d0335fbd6,Cardiomegaly,off,0.1387999551676583,1.0,0.1970441915605188,0.3267118352016401,0.8503358034826328
891,1007,6fc6a60d0335fbd6,Cardiomegaly,on,0.1387999551676583,1.0,0.3356958257329023,0.5026314695529173,0.6994665886215363
892,1008,5e88f0f16c7e6a47,Cardiomegaly,off,0.1112865420132645,1.0,0.4145023845040475,0.5831731786739582,0.6312632644207249
892,1008,5e88f0f16c7e6a47,Cardiomegaly,on,0.1112865420132645,1.0,0.4844007904876496,0.6526548810424182,1.1118288422054132
893,1012,74605b9a2e60db04,Cardiomegaly,off,0.1553343176956176,1.0,0.1823948145281985,0.3062173047447247,0.7360374055961201
893,1012,74605b9a2e60db04,Cardiomegaly,on,0.1553343176956176,1.0,0.3216966492525799,0.486782351598147,0.5992591512548171
894,1014,a75c3f979a938d95,Cardiomegaly,off,0.16530464063467,1.0,0.3191243772187998,0.4691523749071878,1.7713390847164845
894,1014,a75c3f979a938d95,Cardiomegaly,on,0.16530464063467,1.0,0.6511602889938091,0.7887290797281346,1.5450974076051955
895,1016,cd4a1485e9f93a94,Cardiomegaly,off,0.1913122718789137,0.0,0.1931002950528259,0.3220674136984994,0.6716224411264902
895,1016,cd4a1485e9f93a94,Cardiomegaly,on,0.1913122718789137,0.0,0.210493536773113,0.3477786787666113,0.3611345754535064
896,1017,7d078f83e9932755,Cardiomegaly,off,0.2037776120930368,0.0,0.3615706136155882,0.52556637628879,1.2099219813648174
896,1017,7d078f83e9932755,Cardiomegaly,on,0.2037776120930368,0.0,0.4231084506342091,0.5946257255357953,0.9691657610467238
897,1019,094881505a8ff1b3,Cardiomegaly,off,0.2041284738973436,1.0,0.2385773029655535,0.3849629229113913,0.6602470326039726
897,1019,094881505a8ff1b3,Cardiomegaly,on,0.2041284738973436,1.0,0.2413190294629188,0.3888103368508596,0.3645701098455489
898,1022,1d83329f432409d6,Cardiomegaly,off,0.17936347821002,0.0,0.3173842183229061,0.4805403009111463,1.51069226014456
898,1022,1d83329f432409d6,Cardiomegaly,on,0.17936347821002,0.0,0.3706146894571726,0.5408004903485657,1.1756760608749794
899,1024,8dfa509238d5a956,Cardiomegaly,off,0.1837931084893937,0.0,0.3002197097112402,0.460561393166996,0.923958630105254
899,1024,8dfa509238d5a956,Cardiomegaly,on,0.1837931084893937,0.0,0.3461879757788287,0.5143218965977829,0.6239103610980649
900,1025,2864099e6d54ee2c,Cardiomegaly,off,0.18027961736571,1.0,0.2966498067705415,0.4557123367524133,1.1253345281312634
900,1025,2864099e6d54ee2c,Cardiomegaly,on,0.18027961736571,1.0,0.3521690375949113,0.5208942318406242,0.7748188098057989
901,1027,273ac948181f7eea,Cardiomegaly,off,0.1477615504193286,1.0,0.385165196983345,0.5507855370792419,1.6556557806918015
901,1027,273ac948181f7eea,Cardiomegaly,on,0.1477615504193286,1.0,0.5826860222576102,0.7363206258181829,1.267423565874452
902,1028,382871315310f9db,Cardiomegaly,off,0.1707040139565029,1.0,0.2671084745643864,0.4187644302162674,0.8296072619843664
902,1028,382871315310f9db,Cardiomegaly,on,0.1707040139565029,1.0,0.3413724607886794,0.508987668744717,0.6212153340581913
903,1029,2e80f309fb870991,Cardiomegaly,off,0.1366704189387405,1.0,0.2929605844387394,0.4505187615143931,1.1193809687334526
903,1029,2e80f309fb870991,Cardiomegaly,on,0.1366704189387405,1.0,0.4137880702802038,0.5853566036889918,0.9500628345736216
904,1031,21972a3282017c95,Cardiomegaly,off,0.1201165640883197,1.0,0.197627605776854,0.3281942072543266,1.0809712898160917
904,1031,21972a3282017c95,Cardiomegaly,on,0.1201165640883197,1.0,0.3637362131414224,0.5334356545217321,0.7411966011214813
905,1034,2014a5fe5fbf1d92,Cardiomegaly,off,0.145661252674103,1.0,0.2639176443900338,0.4151846673395236,1.1004836215302716
905,1034,2014a5fe5fbf1d92,Cardiomegaly,on,0.145661252674103,1.0,0.4127314718578413,0.5842997065620377,0.848504741235372
906,1035,a3835dd57513682a,Cardiomegaly,off,0.189616439824764,1.0,0.2374564032365777,0.3814605930000751,0.8227422636864155
906,1035,a3835dd57513682a,Cardiomegaly,on,0.189616439824764,1.0,0.3223008758860669,0.4874833408336151,0.6225793599256082
907,1039,d0e09902a8cf7f55,Cardiomegaly,off,0.2352430936264978,0.0,0.1588933497295048,0.271792130588557,0.0477726281433951
907,1039,d0e09902a8cf7f55,Cardiomegaly,on,0.2352430936264978,0.0,0.1439600346422705,0.2516808872654587,-0.0357361856761681
908,1042,a1edbe156ffe4a43,Cardiomegaly,off,0.2019209683785799,1.0,0.3474045781145592,0.5147179493223291,1.1271853731045258
908,1042,a1edbe156ffe4a43,Cardiomegaly,on,0.2019209683785799,1.0,0.3681449011303536,0.5381654671663474,0.8047510103756119
909,1043,840606d79ea0bbc6,Cardiomegaly,off,0.1293071941289124,1.0,0.2828217358297866,0.4379611023963777,0.8287659909603579
909,1043,840606d79ea0bbc6,Cardiomegaly,on,0.1293071941289124,1.0,0.3628149810724269,0.5324491866045917,0.7516065493100785
910,1044,f6413aef8fe70758,Cardiomegaly,off,0.1625805885706767,1.0,0.1926304680776076,0.3205631107823902,0.8907047332296869
910,1044,f6413aef8fe70758,Cardiomegaly,on,0.1625805885706767,1.0,0.3308681912113084,0.4972190711924522,0.6510239565058601
911,1048,1605ba691cedb4e6,Cardiomegaly,off,0.1812006296020155,0.0,0.2887458968988229,0.4463401741595476,0.907481631874796
911,1048,1605ba691cedb4e6,Cardiomegaly,on,0.1812006296020155,0.0,0.29043987965074,0.4501377409573197,0.5618766427091546
912,1050,437d8e6db071e050,Cardiomegaly,off,0.1656603755195922,1.0,0.5758615017478034,0.7289630099393427,2.0818463748704032
912,1050,437d8e6db071e050,Cardiomegaly,on,0.1656603755195922,1.0,0.628408849938798,0.7718025650790695,2.187537674773048
913,1052,84cf2a960de27285,Cardiomegaly,off,0.1592522745103772,1.0,0.1477737739940615,0.2560281855113868,0.6194687378357842
913,1052,84cf2a960de27285,Cardiomegaly,on,0.1592522745103772,1.0,0.2874564983152081,0.4465300976103797,0.519604520522221
914,1053,42aaaec43b390010,Cardiomegaly,off,0.1180406317461709,1.0,0.1574648653549732,0.2693868041747191,0.7165796830301774
914,1053,42aaaec43b390010,Cardiomegaly,on,0.1180406317461709,1.0,0.3648294098389512,0.5346129305241473,0.7433933274815424
915,1054,c1ebe3497131f467,Cardiomegaly,off,0.1723900998494218,1.0,0.356639024308235,0.5223548050243003,1.105013324658096
915,1054,c1ebe3497131f467,Cardiomegaly,on,0.1723900998494218,1.0,0.4385973766196346,0.609755851031372,0.9287859645132044
916,1056,1439214a04d8402b,Cardiomegaly,off,0.2134945348400898,0.0,0.1323069263632842,0.2313154696092028,0.2980138316086068
916,1056,1439214a04d8402b,Cardiomegaly,on,0.2134945348400898,0.0,0.146087017630034,0.2549263199428741,0.0780402880373471
917,1058,7fde84c083851f22,Cardiomegaly,off,0.1806548445730937,1.0,0.2192062951437103,0.3594019452109361,0.7807150780588308
917,1058,7fde84c083851f22,Cardiomegaly,on,0.1806548445730937,1.0,0.2362935097011556,0.3822609652386192,0.4896708849148323
918,1062,02b51014a85c1663,Cardiomegaly,off,0.1755770945718755,1.0,0.311453515642098,0.4698594353786118,1.2995694261346733
918,1062,02b51014a85c1663,Cardiomegaly,on,0.1755770945718755,1.0,0.4690825187595031,0.6386017544245153,0.9349468315617112
919,1065,d7aa4e4a46f520bb,Cardiomegaly,off,0.2072911032167205,1.0,0.3205099678207058,0.4849156083801113,0.80645952081658
919,1065,d7aa4e4a46f520bb,Cardiomegaly,on,0.2072911032167205,1.0,0.3357375280123633,0.5026998408655905,0.6631479613591353
920,1066,fe801ee1c7637098,Cardiomegaly,off,0.1573566461509973,1.0,0.3685463041636204,0.5357839714922774,1.4461202437894327
920,1066,fe801ee1c7637098,Cardiomegaly,on,0.1573566461509973,1.0,0.4834151512555021,0.6517562182751104,1.0473828157127834
921,1069,9d0c66651c1b5ba9,Cardiomegaly,off,0.1662061605485139,1.0,0.3587265213345657,0.5268959929293111,1.6514856895680396
921,1069,9d0c66651c1b5ba9,Cardiomegaly,on,0.1662061605485139,1.0,0.4168375761533157,0.5884055855425663,1.3006934281011184
922,1070,94c7afec0324dd4b,Cardiomegaly,off,0.1845679283072379,1.0,0.3092933667850427,0.4714326413416813,1.0191606244640052
922,1070,94c7afec0324dd4b,Cardiomegaly,on,0.1845679283072379,1.0,0.3516225427577898,0.5202961160084305,0.6773754069866216
923,1075,44d14d61561b1386,Cardiomegaly,off,0.1366947843418173,1.0,0.2585960767488798,0.4062592948726057,1.4745884863470524
923,1075,44d14d61561b1386,Cardiomegaly,on,0.1366947843418173,1.0,0.5203650455500115,0.6845209608655005,1.0967556834594254
924,1078,ea650221b3a462e6,Cardiomegaly,off,0.1904497366099927,0.0,0.2131267404742515,0.3498378484680806,1.0024296654976543
924,1078,ea650221b3a462e6,Cardiomegaly,on,0.1904497366099927,0.0,0.2571289981496585,0.4090724533739441,0.5969450316164443
925,1079,fc74f46e0ae69b4e,Cardiomegaly,off,0.1801431711084796,1.0,0.4175507718072713,0.5875600524199303,1.4446493781644023
925,1079,fc74f46e0ae69b4e,Cardiomegaly,on,0.1801431711084796,1.0,0.4873650282378638,0.6553391137689101,1.1805105822857065
926,1080,3f71a3f804aa8c4c,Cardiomegaly,off,0.141489895667344,1.0,0.2924016260781071,0.4470853230344899,1.1321073346550263
926,1080,3f71a3f804aa8c4c,Cardiomegaly,on,0.141489895667344,1.0,0.4808206939857843,0.649397018583126,1.009756332461247
927,1081,638f2e9bd1fd7468,Cardiomegaly,off,0.1319678961449059,1.0,0.2212321053640237,0.3592070499141234,1.314638322000835
927,1081,638f2e9bd1fd7468,Cardiomegaly,on,0.1319678961449059,1.0,0.5204257436192955,0.6845760403149999,1.1465571044265186
928,1082,cd430ecde71ab7a4,Cardiomegaly,off,0.1896408052278408,0.0,0.1887507242924914,0.3171447628222362,0.4987138946928518
928,1082,cd430ecde71ab7a4,Cardiomegaly,on,0.1896408052278408,0.0,0.1988487247005713,0.3317321697335614,0.3541127163085166
929,1085,c40b17d3b9e8d8f3,Cardiomegaly,off,0.1703677713940421,1.0,0.2889292574821211,0.4473383710688957,0.9565920724044582
929,1085,c40b17d3b9e8d8f3,Cardiomegaly,on,0.1703677713940421,1.0,0.3415924331511954,0.5092337586571587,0.754855489754032
930,1089,ccc6e3953f9c8e69,Cardiomegaly,off,0.1596372478789916,1.0,0.3684543131595664,0.5364668513882267,1.5902542430248856
930,1089,ccc6e3953f9c8e69,Cardiomegaly,on,0.1596372478789916,1.0,0.4677565919880893,0.6373761620598831,1.3764294379747732
931,1092,1596b54de7535b16,Cardiomegaly,off,0.1852160480290825,0.0,0.3383578280722558,0.5052897033366178,1.6657890651614211
931,1092,1596b54de7535b16,Cardiomegaly,on,0.1852160480290825,0.0,0.3531514112095406,0.521968789768085,1.3245599164892548
932,1094,ffcdb2676970c5db,Cardiomegaly,off,0.1380689930753524,1.0,0.2458134610088326,0.3900593869844244,1.450887518070749
932,1094,ffcdb2676970c5db,Cardiomegaly,on,0.1380689930753524,1.0,0.5463199520638679,0.7066034716965925,1.2119509399006547
933,1095,f451fc4d2a9f67e0,Cardiomegaly,off,0.143897197491338,1.0,0.2488218034360254,0.393301363163799,1.252516217403899
933,1095,f451fc4d2a9f67e0,Cardiomegaly,on,0.143897197491338,1.0,0.4603109574644105,0.6303534692718494,1.005755650649252
934,1096,2037bdd82ce632fa,Cardiomegaly,off,0.1713618798395781,1.0,0.4366354052292197,0.6070846705552719,1.4543816756632073
934,1096,2037bdd82ce632fa,Cardiomegaly,on,0.1713618798395781,1.0,0.4624907687435124,0.6324697784487803,1.1314598112081216
935,1097,b67fd708ddd4c9d6,Cardiomegaly,off,0.1652510367479009,0.0,0.1707689024091158,0.2882413500929479,1.0803979691354313
935,1097,b67fd708ddd4c9d6,Cardiomegaly,on,0.1652510367479009,0.0,0.3071450442317914,0.46994652483949,0.7803491295649323
936,1100,d6b828df6bd6c5f9,Cardiomegaly,off,0.1912830333952214,0.0,0.1472558860947463,0.2493854766413102,0.8432575569841791
936,1100,d6b828df6bd6c5f9,Cardiomegaly,on,0.1912830333952214,0.0,0.2755507491016113,0.4320452314548573,0.5806510824588208
937,1101,9417a465b90295db,Cardiomegaly,off,0.1610065835319113,1.0,0.1947624657873718,0.3252047862421486,0.7802760576405803
937,1101,9417a465b90295db,Cardiomegaly,on,0.1610065835319113,1.0,0.2604113731887743,0.4132157275351057,0.5148994411159721
938,1102,d3473ad26d4bd2b2,Cardiomegaly,off,0.1291610017104513,1.0,0.3449619952255126,0.5099026790674317,1.340889650296977
938,1102,d3473ad26d4bd2b2,Cardiomegaly,on,0.1291610017104513,1.0,0.4871738542281217,0.6551671165738588,1.1840813577891998
939,1103,668cf5db5fe96307,Cardiomegaly,off,0.1237080245018493,1.0,0.1736252872545726,0.2942788989838223,0.9263110215756268
939,1103,668cf5db5fe96307,Cardiomegaly,on,0.1237080245018493,1.0,0.3569320486196184,0.526081978260581,0.718409814818875
940,1105,ae14d9858d0bac9d,Cardiomegaly,off,0.1225628505572367,1.0,0.2516088048071483,0.3991635568875701,1.2823141743518776
940,1105,ae14d9858d0bac9d,Cardiomegaly,on,0.1225628505572367,1.0,0.4767044567267841,0.6456278758738101,1.0635826553679188
941,1107,d7e55c1dd35bc46a,Cardiomegaly,off,0.1305352104439864,1.0,0.1888831968399686,0.3153567590499547,0.8697150727173981
941,1107,d7e55c1dd35bc46a,Cardiomegaly,on,0.1305352104439864,1.0,0.3086683778898437,0.4717281812176622,0.5987102677865317
942,1109,43be89cc652a0ec2,Cardiomegaly,off,0.1349697138039754,1.0,0.2363218309306896,0.379979562736734,1.0203517703359994
942,1109,43be89cc652a0ec2,Cardiomegaly,on,0.1349697138039754,1.0,0.3877169261233164,0.558780026867385,0.7896539770759068
943,1111,4d6947f7b7d2fe3d,Cardiomegaly,off,0.1645298208168257,1.0,0.3415266868061073,0.5029407413912605,1.7079254221338516
943,1111,4d6947f7b7d2fe3d,Cardiomegaly,on,0.1645298208168257,1.0,0.5281624853549868,0.6912369092312275,1.336841330393845
944,1112,35697eceff38abd1,Cardiomegaly,off,0.1645882977842102,1.0,0.3427780923239601,0.504569201772876,1.7525892848260969
944,1112,35697eceff38abd1,Cardiomegaly,on,0.1645882977842102,1.0,0.5791150431647517,0.7334650464924077,1.588382424967091
945,1113,28704d3df7d54ff7,Cardiomegaly,off,0.1781110964918692,1.0,0.4438779310052947,0.6147593081760925,1.6359724265146272
945,1113,28704d3df7d54ff7,Cardiomegaly,on,0.1781110964918692,1.0,0.4535881644846028,0.6240942399736328,1.46481868191519
946,1118,a3686ee3ea5706e2,Cardiomegaly,off,0.1509777836254745,1.0,0.4074540674208025,0.5753911690508089,1.4618749424930488
946,1118,a3686ee3ea5706e2,Cardiomegaly,on,0.1509777836254745,1.0,0.5546096513284666,0.7135019276572994,1.2869135864635957
947,1119,bc569f7bbbe48ed0,Cardiomegaly,off,0.1596323747983763,1.0,0.1754188532475178,0.2971813768289884,0.798475465974081
947,1119,bc569f7bbbe48ed0,Cardiomegaly,on,0.1596323747983763,1.0,0.230365652407506,0.3744659018527555,0.4895040757382419
948,1125,2a0edca9a07017a6,Cardiomegaly,off,0.1308129760390626,1.0,0.1504922975705783,0.2601967286879289,1.112771774378538
948,1125,2a0edca9a07017a6,Cardiomegaly,on,0.1308129760390626,1.0,0.4040496983387992,0.5755335514443114,0.8367736903915683
949,1126,ddd31eb5a4ee3e1a,Cardiomegaly,off,0.1267098421609188,0.0,0.0669315707929274,0.1246384390920866,0.8651764704002025
949,1126,ddd31eb5a4ee3e1a,Cardiomegaly,on,0.1267098421609188,0.0,0.1496176089284721,0.2602818426412495,0.3257527882036613
950,1133,122bb6e0ed2718f9,Cardiomegaly,off,0.1350720484968982,1.0,0.3232743548549047,0.4843266570002311,1.3867807792997044
950,1133,122bb6e0ed2718f9,Cardiomegaly,on,0.1350720484968982,1.0,0.5138287698844796,0.6788298315932524,1.126020038560419
951,1134,af9e54641c07f285,Cardiomegaly,off,0.1835689467810866,1.0,0.2821329386014114,0.4397268312629492,0.7162790096727724
951,1134,af9e54641c07f285,Cardiomegaly,on,0.1835689467810866,1.0,0.2972497846807923,0.4582763863268503,0.562909482335973
952,1136,736a8b9e30f13908,Cardiomegaly,off,0.1342095132279773,1.0,0.3484082143753378,0.5139332900503024,1.3696023962325965
952,1136,736a8b9e30f13908,Cardiomegaly,on,0.1342095132279773,1.0,0.4806448750766111,0.6492369905642577,1.1896329677822193
953,1138,73bc7952bfff8707,Cardiomegaly,off,0.1512263107368585,1.0,0.3468717199687903,0.5115321292545565,1.1183177356944352
953,1138,73bc7952bfff8707,Cardiomegaly,on,0.1512263107368585,1.0,0.4742150978575565,0.6433433232859079,0.9839211851514412
954,1140,6a71d0d1f69700bd,Cardiomegaly,off,0.1735937507614188,1.0,0.3982768589703147,0.5647553712078601,1.6011647111328926
954,1140,6a71d0d1f69700bd,Cardiomegaly,on,0.1735937507614188,1.0,0.5358465721001128,0.6977847248604413,1.284157630870823
955,1141,b90eb647d582b7e9,Cardiomegaly,off,0.152030369038395,1.0,0.3278890911601052,0.4911667544138001,1.1473875220424696
955,1141,b90eb647d582b7e9,Cardiomegaly,on,0.152030369038395,1.0,0.4567478042015486,0.6270747814469699,0.944828063957027
956,1142,fd33d40594fe12ba,Cardiomegaly,off,0.1166664230126359,1.0,0.2081852721624152,0.3413667989738251,1.1443963808817297
956,1142,fd33d40594fe12ba,Cardiomegaly,on,0.1166664230126359,1.0,0.4611000846272686,0.6311644307716359,0.9540734588594894
957,1146,37bf2d617731ffdf,Cardiomegaly,off,0.1932566310444473,0.0,0.0790028333521342,0.1434289945055361,0.4507806520256581
957,1146,37bf2d617731ffdf,Cardiomegaly,on,0.1932566310444473,0.0,0.1143611139692253,0.2052467551066845,0.2000467916106473
958,1148,8949e949e58919ed,Cardiomegaly,off,0.1490967745079406,1.0,0.2846179673385635,0.4396053944424537,1.1499482229558018
958,1148,8949e949e58919ed,Cardiomegaly,on,0.1490967745079406,1.0,0.4386495916484147,0.6098024701844684,0.8778479048553138
959,1149,8a491f78b4efd39e,Cardiomegaly,off,0.1549201058433109,1.0,0.2976944251803169,0.4543391063357768,1.110701370988694
959,1149,8a491f78b4efd39e,Cardiomegaly,on,0.1549201058433109,1.0,0.453850063468933,0.6243342098766994,0.9172404654804664
960,1155,dd45016fdfaa6388,Cardiomegaly,off,0.1544717824266966,1.0,0.3253641530501523,0.4883447783769413,1.22754036106461
960,1155,dd45016fdfaa6388,Cardiomegaly,on,0.1544717824266966,1.0,0.3865609176276104,0.5575822084671425,0.9668567368025952
961,1159,7026b654149c2a17,Cardiomegaly,off,0.1900209055158399,1.0,0.3152832876693474,0.4706781535899734,1.3401086887410307
961,1159,7026b654149c2a17,Cardiomegaly,on,0.1900209055158399,1.0,0.4580010581082384,0.628257502147285,0.9414859612634928
962,143,50a78104f389d4c5,Lung Opacity,off,0.1027732701782085,1.0,0.498099776069359,0.6635412289697596,2.278413971686597
962,143,50a78104f389d4c5,Lung Opacity,on,0.1027732701782085,1.0,0.4279021284090882,0.5993412603011644,2.496956680885149
963,151,e2c9e2770f83c49c,Lung Opacity,off,0.1517574765239341,0.0,0.1730906061937972,0.2906567054272507,0.9466115055427028
963,151,e2c9e2770f83c49c,Lung Opacity,on,0.1517574765239341,0.0,0.2206216799110013,0.3614765176560632,1.0958135989595896
964,158,c99d34d384583ad4,Lung Opacity,off,0.108128785774503,1.0,0.2468181949494804,0.3922601644612024,1.0264387817290566
964,158,c99d34d384583ad4,Lung Opacity,on,0.108128785774503,1.0,0.4315154606511838,0.6028778830554317,0.9016050529918832
965,212,12ed86139ce1a5fc,Lung Opacity,off,0.16811640814974,1.0,0.1565973059338897,0.2680959099605065,0.865826557340055
965,212,12ed86139ce1a5fc,Lung Opacity,on,0.16811640814974,1.0,0.3492783847408597,0.5177177975489743,0.6440852883048842
966,228,63dd77962bfc8ea6,Lung Opacity,off,0.1920675993742964,1.0,0.1911658960510981,0.3196561869074577,-0.211681901583395
966,228,63dd77962bfc8ea6,Lung Opacity,on,0.1920675993742964,1.0,0.1736473462578725,0.2959078457107948,0.0396339191600323
967,303,d58d7cf71038f221,Lung Opacity,off,0.1792367781140203,0.0,0.1939772743857861,0.3248140613114529,1.1257366466492793
967,303,d58d7cf71038f221,Lung Opacity,on,0.1792367781140203,0.0,0.1427775164801649,0.2498765216404241,0.8897323549857725
968,341,35d739886f487191,Lung Opacity,off,0.1610748066605266,1.0,0.4106458258800287,0.573784005343703,3.123126684330871
968,341,35d739886f487191,Lung Opacity,on,0.1610748066605266,1.0,0.136415290818654,0.2400755869030723,2.5267822511634788
969,408,2a3bfc4860febc31,Lung Opacity,off,0.1125535429732614,0.0,0.2910178170768215,0.4505019247911431,3.464612920129354
969,408,2a3bfc4860febc31,Lung Opacity,on,0.1125535429732614,0.0,0.1094925845931432,0.1973695607548173,3.05979149644576
970,463,b2bfd15dcfd7db56,Lung Opacity,off,0.1731015696192662,1.0,0.2759705256194202,0.4288999541738182,0.6409725934735523
970,463,b2bfd15dcfd7db56,Lung Opacity,on,0.1731015696192662,1.0,0.344056627779237,0.5119646456989658,0.616190825800758
971,484,64f6247382eddc70,Lung Opacity,off,0.1353108294470515,0.0,0.1246428146008049,0.2208587210451215,1.8870822930756648
971,484,64f6247382eddc70,Lung Opacity,on,0.1353108294470515,0.0,0.1158655302506576,0.207666355294945,2.4122269881044067
972,513,182d40fcb761e39f,Lung Opacity,off,0.1472303846322529,1.0,0.3711558753910421,0.5292324883904751,3.4087365817470983
972,513,182d40fcb761e39f,Lung Opacity,on,0.1472303846322529,1.0,0.1257920365180941,0.2234693187368551,2.635539212555314
973,516,c252c9f0e3946a5b,Lung Opacity,off,0.1581996890974567,1.0,0.2309989773737208,0.3735327100718161,1.4486603123570032
973,516,c252c9f0e3946a5b,Lung Opacity,on,0.1581996890974567,1.0,0.4762281609052318,0.645192473706671,1.158356054446607
974,524,d96d19a010e9b5ec,Lung Opacity,off,0.1680676773435863,1.0,0.4103709216814108,0.5802936138017202,1.7584403226159049
974,524,d96d19a010e9b5ec,Lung Opacity,on,0.1680676773435863,1.0,0.4776894489915241,0.6465348996773572,1.4359118522639929
975,525,a2e340bc6f6d2fe6,Lung Opacity,off,0.1707771101657334,1.0,0.3478863306120339,0.5128516134836447,1.6079026993615355
975,525,a2e340bc6f6d2fe6,Lung Opacity,on,0.1707771101657334,1.0,0.4596765512126312,0.6298332808264784,1.2947176103573486
976,527,0dadd1025949721e,Lung Opacity,off,0.1071444234901978,1.0,0.3486594132476145,0.5163971993154868,2.520095427524661
976,527,0dadd1025949721e,Lung Opacity,on,0.1071444234901978,1.0,0.2867538503922855,0.4456942193422367,3.3929262486182767
977,537,69854d4fd80a2c6a,Lung Opacity,off,0.1394139633251953,1.0,0.1762497909308083,0.2995282228528241,1.0220581661507755
977,537,69854d4fd80a2c6a,Lung Opacity,on,0.1394139633251953,1.0,0.1610599685613178,0.2774360546073448,0.7921106948050808
978,557,855d0b6a55e9d1b2,Lung Opacity,off,0.1817512877115526,0.0,0.1121990910209721,0.1999037959269297,0.4305255398067135
978,557,855d0b6a55e9d1b2,Lung Opacity,on,0.1817512877115526,0.0,0.187134417983342,0.3152678035869772,0.2537881380815554
979,567,02a86431f9853461,Lung Opacity,off,0.1063208728661998,0.0,0.2694151165245056,0.4238736111293862,2.1480273109127297
979,567,02a86431f9853461,Lung Opacity,on,0.1063208728661998,0.0,0.2546713644760664,0.4059516443491648,2.960975538989165
980,571,dd8625df6eb2922e,Lung Opacity,off,0.1409392375578069,0.0,0.2006130108325252,0.3331183254102047,2.668378814647584
980,571,dd8625df6eb2922e,Lung Opacity,on,0.1409392375578069,0.0,0.0949612276380963,0.1734497958240893,2.645411215766213
981,610,c16642274f26f0b5,Lung Opacity,off,0.1669955996082043,0.0,0.1570549054063222,0.2706731609056942,1.2186801562802865
981,610,c16642274f26f0b5,Lung Opacity,on,0.1669955996082043,0.0,0.211710918463395,0.3494336794297855,0.8577976457534017
982,613,b01d229a4ee33bdf,Lung Opacity,off,0.1581265928882261,1.0,0.2773364393513003,0.4238782070473726,1.6267210711593056
982,613,b01d229a4ee33bdf,Lung Opacity,on,0.1581265928882261,1.0,0.55799594425904,0.716290234889119,1.186508659987417
983,647,b77f5518c6ea21c5,Lung Opacity,off,0.1188690554507843,1.0,0.3284577065803939,0.4942860943401511,3.0670309871253227
983,647,b77f5518c6ea21c5,Lung Opacity,on,0.1188690554507843,1.0,0.1744219149830871,0.2970300068826635,3.0566827421304925
984,650,709345d40ed87430,Lung Opacity,off,0.1147610484920252,1.0,0.5609176801699116,0.7136673071078039,2.7398797988538632
984,650,709345d40ed87430,Lung Opacity,on,0.1147610484920252,1.0,0.5582939925395408,0.7165069864920582,4.200591538608594
985,667,10e6d128b671bab0,Lung Opacity,off,0.1685160007602005,0.0,0.1072946124412926,0.1911756717093279,0.7876363404763269
985,667,10e6d128b671bab0,Lung Opacity,on,0.1685160007602005,0.0,0.2207594028331124,0.3616702493582913,0.471145474427093
986,701,31a354fdbc7b6e02,Lung Opacity,off,0.1902012094986087,1.0,0.35585728389153,0.5239736992422517,1.627886159295968
986,701,31a354fdbc7b6e02,Lung Opacity,on,0.1902012094986087,1.0,0.4034823101736832,0.5749725836534514,1.1967469946255267
987,704,77b2f5c6347ade66,Lung Opacity,off,0.1197657022840128,0.0,0.0105988863214515,0.0201309446722785,0.5971153582711493
987,704,77b2f5c6347ade66,Lung Opacity,on,0.1197657022840128,0.0,0.0901200761321012,0.1653344566970132,0.3197052069163274
988,732,a70b2bd05171ee4d,Lung Opacity,off,0.178081858008177,1.0,0.4429042996633298,0.6124065281625628,1.7955218116637135
988,732,a70b2bd05171ee4d,Lung Opacity,on,0.178081858008177,1.0,0.4939347586833466,0.661253360720333,1.4266119949555516
989,738,58d11e3c99f8ae62,Lung Opacity,off,0.1353985448981282,0.0,0.0213328848011053,0.041335169418627,0.3108863480084033
989,738,58d11e3c99f8ae62,Lung Opacity,on,0.1353985448981282,0.0,0.0604514123696549,0.1140096207377677,0.1544327754893652
990,754,4cdac0e50b3d5fd9,Lung Opacity,off,0.1718881725460384,1.0,0.2694018989877074,0.421217733050523,1.0414124158388216
990,754,4cdac0e50b3d5fd9,Lung Opacity,on,0.1718881725460384,1.0,0.3603129774172265,0.5297494764998116,0.8152375764838568
991,776,76217cc90ae0671a,Lung Opacity,off,0.1124560813609539,0.0,0.0596744788212805,0.1023864127402977,0.5783948789503405
991,776,76217cc90ae0671a,Lung Opacity,on,0.1124560813609539,0.0,0.0266955909668864,0.0518029197434624,0.1070182730237151
992,798,0c5fba7cf760b0e4,Lung Opacity,off,0.1041718443148205,1.0,0.7167302113889887,0.8329485556833788,3.433444611075996
992,798,0c5fba7cf760b0e4,Lung Opacity,on,0.1041718443148205,1.0,0.4442980184647278,0.6152180910853725,4.0453965195901445
993,801,a6fa296cf657deb0,Lung Opacity,off,0.1672295074777422,0.0,0.0456012643426201,0.0844092773503543,1.505476083089928
993,801,a6fa296cf657deb0,Lung Opacity,on,0.1672295074777422,0.0,0.0895771203439578,0.1644253471851774,1.812883804028396
994,808,867eceaf4a60dbcf,Lung Opacity,off,0.2090795238025622,1.0,0.3481450730432563,0.5089919579062397,1.2261238016522886
994,808,867eceaf4a60dbcf,Lung Opacity,on,0.2090795238025622,1.0,0.3642589060946438,0.5339872610700758,0.6245770135945566
995,813,da64c724c1148a3a,Lung Opacity,off,0.0898498603862403,1.0,0.2851775674002225,0.4435972564653506,2.994677145511305
995,813,da64c724c1148a3a,Lung Opacity,on,0.0898498603862403,1.0,0.1588590370350337,0.2741610426215191,3.534333058478542
996,817,c68b1cd7fdf50a21,Lung Opacity,off,0.1427861351110331,0.0,9.078337608596974e-05,0.0001814843733513,-1.053351197481098
996,817,c68b1cd7fdf50a21,Lung Opacity,on,0.1427861351110331,0.0,0.0,0.0,-0.4346143673442046
997,829,41e2dbdd46e05066,Lung Opacity,off,0.1970722531662841,1.0,0.3323230298092648,0.4896069212910502,1.2850851859015278
997,829,41e2dbdd46e05066,Lung Opacity,on,0.1970722531662841,1.0,0.4369124197103157,0.6081180366417729,0.8546511206661029
998,838,baf23ac2df4ae881,Lung Opacity,off,0.1199070216218586,1.0,0.2840151984225602,0.4362012295504433,4.078424727035793
998,838,baf23ac2df4ae881,Lung Opacity,on,0.1199070216218586,1.0,0.1290767944239049,0.2286381270129426,2.965428245203589
999,843,4bd52de750502d8a,Lung Opacity,off,0.1169490616883275,1.0,0.1631617177698047,0.2780431890243778,0.6688756391792173
999,843,4bd52de750502d8a,Lung Opacity,on,0.1169490616883275,1.0,0.3539943174817358,0.5228887544600566,0.7103351649931116
1000,865,f5e97290ecc2f7f1,Lung Opacity,off,0.1354521487848973,1.0,0.243299832101122,0.3897657722858689,1.97819058275382
1000,865,f5e97290ecc2f7f1,Lung Opacity,on,0.1354521487848973,1.0,0.1742398179094163,0.2967668094078736,2.225493416644083
1001,870,0c97e3818d27ed1a,Lung Opacity,off,0.1133527281941825,1.0,0.4904772681168005,0.6578689857499913,2.633771472628948
1001,870,0c97e3818d27ed1a,Lung Opacity,on,0.1133527281941825,1.0,0.3845645459757658,0.5554954220411119,3.4318847458799904
1002,881,cc807973eae70749,Lung Opacity,off,0.1100439064563445,1.0,0.4753494435338009,0.6423380583117505,4.119818251954627
1002,881,cc807973eae70749,Lung Opacity,on,0.1100439064563445,1.0,0.1662081894656093,0.2850361976391298,3.174176040011452
1003,882,ec62b90d012a7f36,Lung Opacity,off,0.0992061751677558,1.0,0.3021955338679277,0.4639403913109491,2.102943138201303
1003,882,ec62b90d012a7f36,Lung Opacity,on,0.0992061751677558,1.0,0.2335799481309904,0.3787008005804672,2.789209929496928
1004,894,3353c04b904316c9,Lung Opacity,off,0.1207062068427798,0.0,0.0856701644877724,0.157238097156114,0.9824401078980224
1004,894,3353c04b904316c9,Lung Opacity,on,0.1207062068427798,0.0,0.1017078147654898,0.1846362605767387,0.8490284574388258
1005,914,f780b938a0599c9d,Lung Opacity,off,0.154515640152235,0.0,0.136867424584295,0.2380583233257913,2.3933629502738474
1005,914,f780b938a0599c9d,Lung Opacity,on,0.154515640152235,0.0,0.0942285725893644,0.1722261113383157,2.518260383115335
1006,989,ad9ff444d7023459,Lung Opacity,off,0.1618642457202169,0.0,0.2264548447084798,0.3646907319102662,1.5487335133233622
1006,989,ad9ff444d7023459,Lung Opacity,on,0.1618642457202169,0.0,0.3309204495135395,0.4972804087246604,1.5428518121126986
1007,1010,da98b885287c0f5e,Lung Opacity,off,0.1752944558961839,1.0,0.2340374295907645,0.3714952272910549,1.2031887691052114
1007,1010,da98b885287c0f5e,Lung Opacity,on,0.1752944558961839,1.0,0.3958174743146337,0.567146822414446,0.822624709850345
1008,1018,163cee564a6cfc12,Lung Opacity,off,0.1364365110692026,0.0,0.00881932552988,0.0172348838721842,1.4331273113359533
1008,1018,163cee564a6cfc12,Lung Opacity,on,0.1364365110692026,0.0,0.0542216390919277,0.102865724756843,1.4612076418608662
1009,1023,561ab0f3de7db10c,Lung Opacity,off,0.1607336910174505,1.0,0.1843024624719092,0.3110445529704415,0.9405857605367496
1009,1023,561ab0f3de7db10c,Lung Opacity,on,0.1607336910174505,1.0,0.1816418554567375,0.3074396340832318,0.7416346933091881
1010,1032,3648bbc08abfe9fb,Lung Opacity,off,0.1346822020476684,1.0,0.5734800567949968,0.7244526291605913,3.7856910227646177
1010,1032,3648bbc08abfe9fb,Lung Opacity,on,0.1346822020476684,1.0,0.2654282149335221,0.4194999882427569,3.016839729644667
1011,1059,4e6b02da4dcc915f,Lung Opacity,off,0.139959748354117,0.0,0.0270853508205617,0.0499205205002163,1.4651344981526548
1011,1059,4e6b02da4dcc915f,Lung Opacity,on,0.139959748354117,0.0,0.127941938946221,0.2268589926205391,1.796312556411306
1012,1071,d2d1c6634af7be5d,Lung Opacity,off,0.1180162663430941,1.0,0.3659453973640022,0.5316605794340354,1.487705478130244
1012,1071,d2d1c6634af7be5d,Lung Opacity,on,0.1180162663430941,1.0,0.4865886959805813,0.6546278453204419,1.3589246902950654
1013,1087,b2249a0431083ac3,Lung Opacity,off,0.1873212188549235,1.0,0.2616293026384249,0.4075660624089814,1.24918399490352
1013,1087,b2249a0431083ac3,Lung Opacity,on,0.1873212188549235,1.0,0.3866320202887409,0.5576526143200922,0.853087095822128
1014,1099,7bc2cc696d4337d2,Lung Opacity,off,0.1807620523466319,0.0,0.1538856218793623,0.2664300741729112,1.8081090011586216
1014,1099,7bc2cc696d4337d2,Lung Opacity,on,0.1807620523466319,0.0,0.1333871295128922,0.2353730467239525,2.2434778324540807
1015,1117,e1d459756f1b3518,Lung Opacity,off,0.134716313611976,1.0,0.4139425528401304,0.5850402816462105,2.365904136131305
1015,1117,e1d459756f1b3518,Lung Opacity,on,0.134716313611976,1.0,0.3455706658348634,0.5136225139592842,3.1744396687489997
1016,1132,a7f9e47fecee141b,Lung Opacity,off,0.1183037780994011,1.0,0.3838585841476084,0.5499297232050935,1.2258406982009962
1016,1132,a7f9e47fecee141b,Lung Opacity,on,0.1183037780994011,1.0,0.4358285295882099,0.6070708098078825,1.1076039601757337
1017,953,e85aa1af55a864a7,Consolidation,off,0.1482634777227119,0.0,0.1377340176149429,0.2414509450860532,0.9792302090535704
1017,953,e85aa1af55a864a7,Consolidation,on,0.1482634777227119,0.0,0.1842093225707791,0.3111090380969571,0.7728162911483709
1018,490,59455916e32ce344,Lung Opacity,off,0.0529557670472542,0.0,0.0139800995633673,0.027566033074971,0.018492029806305
1018,490,59455916e32ce344,Lung Opacity,on,0.0529557670472542,0.0,0.0,0.0,-0.2861992294411309
1019,680,af3ebc6f5b2639d8,Consolidation,off,0.1041279865892821,0.0,0.053579642588596,0.1012930766436117,0.5484330562830608
1019,680,af3ebc6f5b2639d8,Consolidation,on,0.1041279865892821,0.0,0.1173343988109879,0.2100255719380227,0.2547543574315213
1020,892,9b7143602c54f938,Consolidation,off,0.1607288179368351,0.0,0.2913104885475369,0.4482642107640638,1.4792422137840695
1020,892,9b7143602c54f938,Consolidation,on,0.1607288179368351,0.0,0.3614857066789322,0.5310132757198389,1.246757972239718
1021,1114,5287b5a18fe396fa,Consolidation,off,0.1679361041669712,0.0,0.1236259100010534,0.2185371420848871,0.636338410929035
1021,1114,5287b5a18fe396fa,Consolidation,on,0.1679361041669712,0.0,0.1749637135511559,0.2978180047332078,0.4502545283565352
1022,458,8210c0794bf934d5,Consolidation,off,0.1697683824783513,1.0,0.144557922828779,0.2504896579638225,0.6706206829553548
1022,458,8210c0794bf934d5,Consolidation,on,0.1697683824783513,1.0,0.0978773119136948,0.1783001684864253,0.8230265836521816
1023,867,4ee7651e8cc5fac7,Lung Opacity,off,0.1678922464414328,0.0,0.0046508806941487,0.0092245934263863,0.3226835965164518
1023,867,4ee7651e8cc5fac7,Lung Opacity,on,0.1678922464414328,0.0,0.0157319521570061,0.0309764275774597,-0.0963302720286557
1024,27,0963775551c15d7a,Consolidation,off,0.1139326247874118,1.0,0.2947217552587405,0.4552541014003188,1.7125745232458784
1024,27,0963775551c15d7a,Consolidation,on,0.1139326247874118,1.0,0.2419653231988182,0.3896486773368025,1.6385051859937485
1025,443,47bc38c2af99e042,Lung Opacity,off,0.1495499710051703,1.0,0.1805576416493459,0.3048777869939146,2.1404741738543613
1025,443,47bc38c2af99e042,Lung Opacity,on,0.1495499710051703,1.0,0.1349990588081012,0.2378828746509408,2.343719660442583
1026,1067,e84b241dfd2370bb,Consolidation,off,0.1776286615109474,1.0,0.5134487597544297,0.6781161561322648,1.6576745355934877
1026,1067,e84b241dfd2370bb,Consolidation,on,0.1776286615109474,1.0,0.4543630684887715,0.6248199874513065,1.5429344319699418
1027,572,2a154d96440d534f,Lung Opacity,off,0.1369335652919706,0.0,0.1647425958261597,0.2808630408640766,1.1068076117575958
1027,572,2a154d96440d534f,Lung Opacity,on,0.1369335652919706,0.0,0.3222773589493011,0.4874560973641337,0.8279897656512867
1028,1143,10c2f530cb8f51fd,Consolidation,off,0.1775165806567938,1.0,0.2553881853146519,0.4011270681307113,1.4535203353240562
1028,1143,10c2f530cb8f51fd,Consolidation,on,0.1775165806567938,1.0,0.4230991253877816,0.5946142017001493,1.059233276424592
1029,379,5a7d7262a11a2c20,Consolidation,off,0.1206623491172414,0.0,0.0,0.0,-0.2048483472494894
1029,379,5a7d7262a11a2c20,Consolidation,on,0.1206623491172414,0.0,0.0,0.0,-0.3861011352125005
1030,709,2de53fac8a1b349f,Consolidation,off,0.1325867773830582,1.0,0.2778981900318256,0.4336504243357761,1.728994485164419
1030,709,2de53fac8a1b349f,Consolidation,on,0.1325867773830582,1.0,0.4861999832083711,0.6542816945356373,2.090802605892093
1031,547,3b2b31b61fa0372a,Lung Opacity,off,0.1587406010457631,1.0,0.2823104281796749,0.4313925768675936,1.700325200767846
1031,547,3b2b31b61fa0372a,Lung Opacity,on,0.1587406010457631,1.0,0.5702831328531653,0.7263435895797544,1.347352050015988
1032,786,05002b2b0885808c,Lung Opacity,off,0.1469623651984074,1.0,0.2170486615000297,0.3546854950945854,1.1193565897778293
1032,786,05002b2b0885808c,Lung Opacity,on,0.1469623651984074,1.0,0.3729912958088389,0.5433238810010831,0.8130400049580884
1033,759,99e540e33016898d,Consolidation,off,0.1679166118445097,0.0,0.0,0.0,0.6552167587325942
1033,759,99e540e33016898d,Consolidation,on,0.1679166118445097,0.0,0.0370615249758278,0.071473276700998,0.472550181964409
1034,589,ec7f48cbd6ef8211,Lung Opacity,off,0.1207841761326257,0.0,0.1787484515799158,0.3026478700344019,1.7251320273310482
1034,589,ec7f48cbd6ef8211,Lung Opacity,on,0.1207841761326257,0.0,0.1206722578600585,0.2153527336985315,1.766389976225984
1035,1129,6febfbb83df0148b,Lung Opacity,off,0.1455150602556418,1.0,0.2569043244131248,0.4087237297514686,2.1833407799970006
1035,1129,6febfbb83df0148b,Lung Opacity,on,0.1455150602556418,1.0,0.1851605637980413,0.312461593179406,2.387383297335288
1036,806,3f86260cf64dcb05,Lung Opacity,off,0.181064183344785,0.0,0.1060114754921906,0.191189843423701,0.4313633756899577
1036,806,3f86260cf64dcb05,Lung Opacity,on,0.181064183344785,0.0,0.1281437397343259,0.2271762619656459,0.3552465829732328
1037,44,1468a545136dd5ba,Consolidation,off,0.1195171751726288,1.0,0.2862468938593033,0.4449858818711528,1.6625795931409035
1037,44,1468a545136dd5ba,Consolidation,on,0.1195171751726288,1.0,0.3180813914190922,0.4826429986214474,2.445217777968
1038,485,be773e0028215e81,Consolidation,off,0.1147074446052561,1.0,0.3283199178824318,0.4907036791987741,1.2345452077445975
1038,485,be773e0028215e81,Consolidation,on,0.1147074446052561,1.0,0.4100855535501279,0.5816415751579423,1.058380303204251
1039,949,9728ddeca70a3995,Lung Opacity,off,0.1643933745595953,1.0,0.3416243263488812,0.5027304469318811,1.9957913733218
1039,949,9728ddeca70a3995,Lung Opacity,on,0.1643933745595953,1.0,0.5245934051762708,0.6881746608935158,1.959650242884204
1040,690,1ebc12624450b252,Lung Opacity,off,0.1704506137645035,1.0,0.2832391609356358,0.434659235082942,3.036482865433092
1040,690,1ebc12624450b252,Lung Opacity,on,0.1704506137645035,1.0,0.1046584658654065,0.189483811492001,2.3800065779674977
1041,662,4cc1fcdeed43b68a,Consolidation,off,0.1731503004254199,1.0,0.2107257498133702,0.3435101392180336,1.1734897199106753
1041,662,4cc1fcdeed43b68a,Consolidation,on,0.1731503004254199,1.0,0.3510493871643602,0.5196653220013459,0.7807814577156611
1042,773,d18833095a890c5d,Consolidation,off,0.1673659537349726,0.0,0.121577110509903,0.2158558087349455,0.9131331869942014
1042,773,d18833095a890c5d,Consolidation,on,0.1673659537349726,0.0,0.1413317755614022,0.2476581556757414,0.4138784611534706
1043,868,bb593e75db4ae1f1,Lung Opacity,off,0.1454614563688727,1.0,0.2935442568885311,0.4534566433287991,2.209543763319421
1043,868,bb593e75db4ae1f1,Lung Opacity,on,0.1454614563688727,1.0,0.2430643579992299,0.3910670238650616,2.5632621145575274
1044,703,42af86817a1fc686,Lung Opacity,off,0.1303061756550638,0.0,0.1992570334415864,0.3305576869039624,1.4464184430223497
1044,703,42af86817a1fc686,Lung Opacity,on,0.1303061756550638,0.0,0.3369523703350739,0.5040587221867666,1.2202235456216963
1045,890,2e8a1d279ded7080,Consolidation,off,0.111764103913571,1.0,0.5294873241901554,0.6891889810182024,2.7477408146546822
1045,890,2e8a1d279ded7080,Consolidation,on,0.111764103913571,1.0,0.51182176116683,0.6770840408725111,3.790999668936815
1046,259,f635afc2d61f85db,Lung Opacity,off,0.1300868870273721,1.0,0.5070712891493444,0.6727657727293608,2.9681279616982468
1046,259,f635afc2d61f85db,Lung Opacity,on,0.1300868870273721,1.0,0.31814093705824,0.4827044665854557,3.15634066765844
1047,637,529ec12b23c96a2e,Lung Opacity,off,0.16811640814974,0.0,0.0880665094766896,0.1606041225114894,0.8621109369564335
1047,637,529ec12b23c96a2e,Lung Opacity,on,0.16811640814974,0.0,0.1775550123778843,0.3015646068318423,0.5367113064221842
1048,926,0fec6a529bcfd2f9,Lung Opacity,off,0.1437510050728769,0.0,0.1767376949906979,0.300260354616112,2.381436616207084
1048,926,0fec6a529bcfd2f9,Lung Opacity,on,0.1437510050728769,0.0,0.0776435885097408,0.1440895409150207,2.6765195409321567
1049,554,d11f8f5efb8b1d40,Consolidation,off,0.1429274544488789,1.0,0.217931552856432,0.3567135416368373,1.0276324960188392
1049,554,d11f8f5efb8b1d40,Consolidation,on,0.1429274544488789,1.0,0.3031128863256198,0.4652124969926778,0.6932641295073804
1050,323,4c1c2fa84ef6dde3,Lung Opacity,off,0.1455637910617955,1.0,0.2279678307448207,0.3709787166307993,0.8837440172183161
1050,323,4c1c2fa84ef6dde3,Lung Opacity,on,0.1455637910617955,1.0,0.2162175434316648,0.355556435028442,0.7635503167612714
1051,624,840a379583bc3556,Consolidation,off,0.1081921358225029,1.0,0.2423801874722184,0.3892867359680551,3.002933906859918
1051,624,840a379583bc3556,Consolidation,on,0.1081921358225029,1.0,0.109342979219828,0.197129192709927,3.098110661198591
1052,1115,3b7a9cf6b7b5b5ce,Lung Opacity,off,0.1264515688883041,0.0,0.0,0.0,-0.2742716505759874
1052,1115,3b7a9cf6b7b5b5ce,Lung Opacity,on,0.1264515688883041,0.0,0.0,0.0,-0.3919676194733387
1053,794,f351439061d5ad61,Lung Opacity,off,0.1301502370753719,0.0,0.3092122374678157,0.4707002557904485,3.059936954074701
1053,794,f351439061d5ad61,Lung Opacity,on,0.1301502370753719,0.0,0.104031865941911,0.1884475620441423,2.868224299645282
1054,772,f4985731f315e372,Lung Opacity,off,0.177716376962024,1.0,0.247001874327119,0.387808282682932,2.945553216505626
1054,772,f4985731f315e372,Lung Opacity,on,0.177716376962024,1.0,0.1117857217272402,0.2010892885853095,2.340154389759138
1055,1003,5e887ff332cd84e0,Consolidation,off,0.1570252766691519,1.0,0.3036205408183407,0.465122272041668,1.4392264128991157
1055,1003,5e887ff332cd84e0,Consolidation,on,0.1570252766691519,1.0,0.2405498770276296,0.3878107151307418,1.1993097649832567
1056,562,dc0a4d5aa64453b1,Lung Opacity,off,0.1363975264242796,0.0,0.0,0.0,-0.2925579644287189
1056,562,dc0a4d5aa64453b1,Lung Opacity,on,0.1363975264242796,0.0,0.0,0.0,-0.411736753307839
1057,1153,54499e14c7ac5da4,Lung Opacity,off,0.1044544829905121,1.0,0.2789776935179278,0.4356116016744263,1.050803006177656
1057,1153,54499e14c7ac5da4,Lung Opacity,on,0.1044544829905121,1.0,0.2570293471784458,0.4089432588293613,0.8104055313352111
1058,872,f7153e69885c5835,Lung Opacity,off,0.1743490782568016,0.0,0.0729137505557931,0.1347184209987798,0.7015833071240242
1058,872,f7153e69885c5835,Lung Opacity,on,0.1743490782568016,0.0,0.0957871706265578,0.1748280561455847,0.4471983485959293
1059,947,e82691ac1caaca89,Lung Opacity,off,0.116028049452022,1.0,0.2194471818096104,0.3572657119327064,0.9919340193432306
1059,947,e82691ac1caaca89,Lung Opacity,on,0.116028049452022,1.0,0.4170570267041432,0.5886226462062792,0.8781785439092241
1060,623,6fc49d603a768803,Consolidation,off,0.117845708521556,1.0,0.3276344441401232,0.493216368133745,1.8847253323711828
1060,623,6fc49d603a768803,Consolidation,on,0.117845708521556,1.0,0.3171261267343266,0.4815399690717095,1.981525427940944
1061,687,a08261c925ff8d87,Consolidation,off,0.151625903347319,0.0,0.0075944710500966,0.0149731712252497,-0.4567336316287387
1061,687,a08261c925ff8d87,Consolidation,on,0.151625903347319,0.0,0.0160166336094712,0.0315282147785726,-0.1000569396064383
1062,849,e657132d289a3d51,Lung Opacity,off,0.2010194484647359,0.0,0.0172341096503983,0.0336371133313411,0.933795531857276
1062,849,e657132d289a3d51,Lung Opacity,on,0.2010194484647359,0.0,0.0264877527466397,0.0516080610559483,0.4890034188859813
1063,495,15f6bb902a2c959a,Consolidation,off,0.1284982627467606,0.0,0.0,0.0,0.6057149925001978
1063,495,15f6bb902a2c959a,Consolidation,on,0.1284982627467606,0.0,0.1370808838834037,0.2411023759914893,0.6317704853433257
1064,1108,1ae4a6386bc83344,Lung Opacity,off,0.1652948944734392,1.0,0.4141689784728244,0.5846247439937999,2.368654849075662
1064,1108,1ae4a6386bc83344,Lung Opacity,on,0.1652948944734392,1.0,0.3058053291363803,0.4683742294309136,2.5049964286325648
1065,835,63a0f8e87901b112,Lung Opacity,off,0.15405757057439,1.0,0.5716558149314268,0.7246489685307009,2.334244363328977
1065,835,63a0f8e87901b112,Lung Opacity,on,0.15405757057439,1.0,0.3126135939255117,0.4763109009117533,2.116134701165069
1066,1120,770bcfbe59f7a3db,Pleural Effusion,off,0.2068720182837984,0.0,0.1659001083508276,0.2839989537651908,0.93719471694791
1066,1120,770bcfbe59f7a3db,Pleural Effusion,on,0.2068720182837984,0.0,0.172847321923402,0.2947473240608717,0.5106540437577375
1067,682,9e9dc881dce1f80f,Pleural Effusion,off,0.1393262478741185,1.0,0.3736417487474392,0.5433614027732255,1.656198535158129
1067,682,9e9dc881dce1f80f,Pleural Effusion,on,0.1393262478741185,1.0,0.4018265918824917,0.5732895902148663,1.418583054930216
1068,501,afef2a64487ccc52,Pleural Effusion,off,0.150173725323938,0.0,0.232008424395324,0.3760669661321522,1.665054575246785
1068,501,afef2a64487ccc52,Pleural Effusion,on,0.150173725323938,0.0,0.1984980185388218,0.3312432485341631,1.456970989688916
1069,978,d4a24d57809210d6,Pleural Effusion,off,0.1036699170114371,0.0,0.1741636893576479,0.2966059471985911,0.6865553537448693
1069,978,d4a24d57809210d6,Pleural Effusion,on,0.1036699170114371,0.0,0.1719198181159626,0.2933984206301767,0.6902447548498398
1070,902,ce6cc922e4733aa7,Pleural Effusion,off,0.1275333927849168,0.0,0.1946525131259069,0.3250531012320141,1.0747706343938852
1070,902,ce6cc922e4733aa7,Pleural Effusion,on,0.1275333927849168,0.0,0.2633636702870825,0.4169243684130167,0.8643792404034942
1071,552,c8e12d7b589b5f7a,Pleural Effusion,off,0.1304474949929096,1.0,0.2197102794970178,0.3598351486593131,1.435082883120036
1071,552,c8e12d7b589b5f7a,Pleural Effusion,on,0.1304474949929096,1.0,0.2313670577414017,0.3757865624421104,1.267881949649082
1072,987,32858eb95ff67333,Pleural Effusion,off,0.131656018985522,0.0,0.1497416976605511,0.2599113007334759,1.8465246450551227
1072,987,32858eb95ff67333,Pleural Effusion,on,0.131656018985522,0.0,0.1635612346188155,0.2811354215962879,2.4134625010028685
1073,1038,5e8fe2fa834e1c32,Pleural Effusion,off,0.1269534961916875,0.0,0.2648123762814002,0.4181444437554481,2.117665652300899
1073,1038,5e8fe2fa834e1c32,Pleural Effusion,on,0.1269534961916875,0.0,0.1927572636566941,0.3232071210774783,2.6653980563219246
1074,555,f7c5f09b2030a7d8,Pleural Effusion,off,0.214634835704087,0.0,0.2379341235963464,0.3778556943026204,0.7985984164457983
1074,555,f7c5f09b2030a7d8,Pleural Effusion,on,0.214634835704087,0.0,0.3251658185548316,0.4907525047476938,0.5108724246148119
1075,446,fe58ac10abaf8090,Pleural Effusion,off,0.1733452236500348,1.0,0.275246212779378,0.4313384574189567,1.739803245312472
1075,446,fe58ac10abaf8090,Pleural Effusion,on,0.1733452236500348,1.0,0.2335761635361677,0.3786945394179368,1.7837426097447906
1076,912,8aaec40bc7225327,Pleural Effusion,off,0.180645098411863,1.0,0.2142276924219544,0.351752735835013,1.068092525692953
1076,912,8aaec40bc7225327,Pleural Effusion,on,0.180645098411863,1.0,0.2913664999808465,0.4512516757450691,0.6947290681451479
1077,686,d8cae75ce335777c,Pleural Effusion,off,0.0970035427296073,1.0,0.2741085820038983,0.4290488413344374,0.8505717896358982
1077,686,d8cae75ce335777c,Pleural Effusion,on,0.0970035427296073,1.0,0.2761468064904625,0.4327509011367524,0.7010826415798912
1078,825,58646d9099d568d0,Pleural Effusion,off,0.1242002056440019,0.0,0.3068678854935019,0.4685052721992243,1.8268853540034884
1078,825,58646d9099d568d0,Pleural Effusion,on,0.1242002056440019,0.0,0.381624953226525,0.5524283237760856,1.890360269519181
1079,502,e067b5a011b6f780,Pleural Effusion,off,0.1246826406249238,1.0,0.3023430986328745,0.462469032561139,2.108398469536944
1079,502,e067b5a011b6f780,Pleural Effusion,on,0.1246826406249238,1.0,0.2397804434665965,0.3867983443201228,2.6326713213803066
1080,932,9e90087f741b0a4b,Pleural Effusion,off,0.1607824218236042,1.0,0.2197524990271079,0.3599668142884086,1.2550790982422768
1080,932,9e90087f741b0a4b,Pleural Effusion,on,0.1607824218236042,1.0,0.2026880840279426,0.3370568687382312,1.0454168400402672
1081,1060,81bfaed24e14a36d,Pleural Effusion,off,0.1344726595812074,1.0,0.3606762422559396,0.5296941540669394,1.9820522834894347
1081,1060,81bfaed24e14a36d,Pleural Effusion,on,0.1344726595812074,1.0,0.2184636427884782,0.358586102755187,1.81186057535355
1082,818,c9073232c6d4b940,Pleural Effusion,off,0.1400425907245783,0.0,0.1153157795296929,0.205091875685886,0.7145722790727383
1082,818,c9073232c6d4b940,Pleural Effusion,on,0.1400425907245783,0.0,0.154953861733914,0.2683277600996872,0.5688961940156421
1083,941,ac76e72ff49a04d1,Pleural Effusion,off,0.0984995784785267,0.0,0.2803041955213405,0.4356116484170037,1.3559871566838742
1083,941,ac76e72ff49a04d1,Pleural Effusion,on,0.0984995784785267,0.0,0.3029399447373216,0.4650089584521435,1.1135742444383638
1084,1128,43610d4623a4466c,Pleural Effusion,off,0.0964431384588395,1.0,0.5510128183012475,0.7078354109000349,4.133945872296653
1084,1128,43610d4623a4466c,Pleural Effusion,on,0.0964431384588395,1.0,0.2334980400980308,0.3785905272307724,3.5537588625154117
1085,450,84aca73e6943a78c,Pleural Effusion,off,0.1308470876033702,0.0,0.1103159874015554,0.1973709328583178,0.6651375505642582
1085,450,84aca73e6943a78c,Pleural Effusion,on,0.1308470876033702,0.0,0.2005279328183817,0.3340647961618807,0.51123231724508
1086,815,feaa3ea4b1fbccfb,Pleural Effusion,off,0.2100395206837906,0.0,0.1240065668573418,0.2195568097064636,0.7130558742004941
1086,815,feaa3ea4b1fbccfb,Pleural Effusion,on,0.2100395206837906,0.0,0.1495536470576606,0.2601942109921671,0.3553527805530689
1087,836,23122b420d5fe60e,Pleural Effusion,off,0.1742808551281864,0.0,0.1028661860674169,0.1862661656120179,0.7085671222663326
1087,836,23122b420d5fe60e,Pleural Effusion,on,0.1742808551281864,0.0,0.1246640951388842,0.2216908439619374,0.367672316442764
1088,730,d67867fe0018946f,Pleural Effusion,off,0.1539259973977749,0.0,0.2334147073350774,0.3775764842907809,1.4445443465171326
1088,730,d67867fe0018946f,Pleural Effusion,on,0.1539259973977749,0.0,0.2357924896919316,0.3816048557286457,1.2006666762549716
1089,908,df4705a92b5db9bf,Pleural Effusion,off,0.15811197364638,1.0,0.1529183593921692,0.264757974062265,0.8074514922105945
1089,908,df4705a92b5db9bf,Pleural Effusion,on,0.15811197364638,1.0,0.1411641587322762,0.2474035833424626,0.5496631994149129
1090,784,c10bc1f45238c893,Pleural Effusion,off,0.1544230516205429,1.0,0.3644693287336899,0.5331367733505671,1.941358416900152
1090,784,c10bc1f45238c893,Pleural Effusion,on,0.1544230516205429,1.0,0.3812828530126195,0.5520691340624817,1.935430558745465
1091,997,67a2a858716143a1,Pleural Effusion,off,0.1080556895652724,1.0,0.4719714536781036,0.6377100164191025,2.5730281165710784
1091,997,67a2a858716143a1,Pleural Effusion,on,0.1080556895652724,1.0,0.4665603898530313,0.6362542142152797,3.6111566895687295
1092,482,eb24fa44f568ccfa,Pleural Effusion,off,0.1384149817990439,1.0,0.2470950248025037,0.39564099111236,1.0559263566420345
1092,482,eb24fa44f568ccfa,Pleural Effusion,on,0.1384149817990439,1.0,0.2729830479970485,0.4288865700923288,0.827212383202329
1093,757,10ca37bd9be150be,Pleural Effusion,off,0.1681407735528169,0.0,0.1462012466186323,0.2534990796479442,0.5221509274608603
1093,757,10ca37bd9be150be,Pleural Effusion,on,0.1681407735528169,0.0,0.1912413470022083,0.3210772487536261,0.3521132965590867
1094,707,e3a24951af784f22,Pleural Effusion,off,0.1750702941878767,0.0,0.0637592024714774,0.1196993572495856,0.2273961736161661
1094,707,e3a24951af784f22,Pleural Effusion,on,0.1750702941878767,0.0,0.0820213359203642,0.1516074541770458,0.1178814452797663
1095,566,47b9c4202e77cc1c,Pleural Effusion,off,0.1547690403442344,0.0,0.0,0.0,-1.690822426571003
1095,566,47b9c4202e77cc1c,Pleural Effusion,on,0.1547690403442344,0.0,0.0,0.0,-0.452064247998837
1096,994,a018d2ec2056ba13,Pleural Effusion,off,0.1848262015798527,1.0,0.2423606625715248,0.3884405183042182,0.7231345310692076
1096,994,a018d2ec2056ba13,Pleural Effusion,on,0.1848262015798527,1.0,0.2848461331187849,0.4433926350999503,0.538642330545753
1097,578,8250971e15436201,Pleural Effusion,off,0.1189811363049379,1.0,0.2526140198722112,0.4014389868847443,1.2204048774887994
1097,578,8250971e15436201,Pleural Effusion,on,0.1189811363049379,1.0,0.400305502259027,0.5717396462247512,0.9956373888266796
1098,104,ec0760fc67ee339f,Pleural Effusion,off,0.1295995789658348,1.0,0.2849781516539389,0.4416326335710387,1.4045401839774063
1098,104,ec0760fc67ee339f,Pleural Effusion,on,0.1295995789658348,1.0,0.3808263614868767,0.5515913089800879,1.1594546396675889
1099,821,31454ced59f57f9b,Pleural Effusion,off,0.1671174266235886,1.0,0.1262501713441998,0.2240509156472115,1.052445696133514
1099,821,31454ced59f57f9b,Pleural Effusion,on,0.1671174266235886,1.0,0.1691174411666306,0.2893045891238331,0.6467739964498249
1100,1026,afd85468199ad4ac,Pleural Effusion,off,0.1203066142323192,1.0,0.4315991031237139,0.6028571384876692,2.005217103676404
1100,1026,afd85468199ad4ac,Pleural Effusion,on,0.1203066142323192,1.0,0.3341954635911436,0.5009669670417674,1.8794636149048805
1101,877,3cf6f3a36e63c3d7,Pleural Effusion,off,0.1178408354409407,1.0,0.4023105039594739,0.5735362389755777,1.8880202559648216
1101,877,3cf6f3a36e63c3d7,Pleural Effusion,on,0.1178408354409407,1.0,0.3763391133818629,0.5468684898202139,1.8856916032310385
1102,802,f642a9532e776fba,Pleural Effusion,off,0.1743393320955708,1.0,0.3483531449006821,0.5149909895343702,1.189269558291394
1102,802,f642a9532e776fba,Pleural Effusion,on,0.1743393320955708,1.0,0.409942491948313,0.581502113821407,0.9028158669846162
1103,573,10fee9feaffc9d67,Pleural Effusion,off,0.1698463517681973,0.0,0.0,0.0,0.1820214022042197
1103,573,10fee9feaffc9d67,Pleural Effusion,on,0.1698463517681973,0.0,0.0149971597348127,0.0295500191625432,-0.2219423808585791
1104,1064,1b4b246fc1934132,Pleural Effusion,off,0.1207646838101642,1.0,0.2518518493817241,0.4001518655771127,1.3299466929795942
1104,1064,1b4b246fc1934132,Pleural Effusion,on,0.1207646838101642,1.0,0.3422898180274817,0.5100065181827653,1.2072928164958574
1105,917,8544f40e972ffb8b,Pleural Effusion,off,0.1408563951873455,0.0,0.0109873977866791,0.0214651339061941,-0.1463605133334767
1105,917,8544f40e972ffb8b,Pleural Effusion,on,0.1408563951873455,0.0,0.0622015281625861,0.1171173340442466,-0.098109553865515
1106,1110,cbfeb2200c7693e3,Pleural Effusion,off,0.208553231096102,0.0,0.0069688403000424,0.0137906547913729,-0.398265588464795
1106,1110,cbfeb2200c7693e3,Pleural Effusion,on,0.208553231096102,0.0,0.0137232890702528,0.0270749300046662,-0.3579341972713998
1107,611,90ba30781590a8c3,Pleural Effusion,off,0.1040695096218976,1.0,0.2945192291001688,0.4537893282969202,2.016455825071966
1107,611,90ba30781590a8c3,Pleural Effusion,on,0.1040695096218976,1.0,0.3786719780593249,0.5493249623796013,2.91955353276606
1108,349,6b56d0dbc96e87a3,Pleural Effusion,off,0.1945577435687518,1.0,0.1266848830647038,0.2243201825629712,0.8078973866593614
1108,349,6b56d0dbc96e87a3,Pleural Effusion,on,0.1945577435687518,1.0,0.1469564660585133,0.2562539648917494,0.4272175793803303
1109,896,71c224d9e56d6796,Pleural Effusion,off,0.1714447222100395,0.0,0.3187822651785433,0.4830241713898294,1.48510157186963
1109,896,71c224d9e56d6796,Pleural Effusion,on,0.1714447222100395,0.0,0.357213025606839,0.5263913323905447,1.1636191338245137
1110,973,87f24fde5f11ea3e,Pleural Effusion,off,0.116183988031714,1.0,0.2633451344325657,0.4145428519194588,1.7674819447733636
1110,973,87f24fde5f11ea3e,Pleural Effusion,on,0.116183988031714,1.0,0.3964442423546974,0.5677908779941702,1.9476609615490437
1111,1130,c447627e22128f05,Pleural Effusion,off,0.1900501439995321,0.0,0.1069612955982948,0.1923930850838238,0.4351925970052869
1111,1130,c447627e22128f05,Pleural Effusion,on,0.1900501439995321,0.0,0.1205893026341222,0.215224345084735,0.277650497058789
1112,519,cb23f15188ae0ac0,Pleural Effusion,off,0.0931976667690013,1.0,0.2753616324565741,0.430297091046518,1.4039996994073012
1112,519,cb23f15188ae0ac0,Pleural Effusion,on,0.0931976667690013,1.0,0.3769368763585499,0.5475005720696557,1.45088462653009
1113,500,962c6a113118443b,Pleural Effusion,off,0.1416896919725743,1.0,0.3419569684973292,0.507481474784546,1.409830451830992
1113,500,962c6a113118443b,Pleural Effusion,on,0.1416896919725743,1.0,0.2425546422496738,0.3904005395433105,1.2742392386684436
1114,529,4881147b3065f434,Pleural Effusion,off,0.1110526341437266,0.0,0.0,0.0,-0.950233729949673
1114,529,4881147b3065f434,Pleural Effusion,on,0.1110526341437266,0.0,0.0,0.0,-0.4155249377301792
1115,545,f2c7ecc55cd16fef,Pleural Effusion,off,0.1331910393793644,0.0,0.0002250384934265,0.0004495711328009,-0.1660209508394202
1115,545,f2c7ecc55cd16fef,Pleural Effusion,on,0.1331910393793644,0.0,0.0271390607640474,0.0528430688628765,-0.1748581214772155
1116,669,740b1c37f34a8265,Pleural Effusion,off,0.1552319830026948,1.0,0.4205950296141935,0.5887668223542957,2.024978294899258
1116,669,740b1c37f34a8265,Pleural Effusion,on,0.1552319830026948,1.0,0.4722912471675508,0.6415710881150419,1.889347181024661
1117,509,8c310bf79d9599ea,Pleural Effusion,off,0.1705821869411185,1.0,0.210366525298474,0.3475255067612816,1.6924783363735094
1117,509,8c310bf79d9599ea,Pleural Effusion,on,0.1705821869411185,1.0,0.184088688747394,0.3109361769924114,1.4965273652660178
1118,614,3ff4d9de646f6970,Pleural Effusion,off,0.1330351007996725,0.0,0.2341739232611164,0.3785541782957161,1.6058329099272124
1118,614,3ff4d9de646f6970,Pleural Effusion,on,0.1330351007996725,0.0,0.2335894047264505,0.3787137846596861,1.4379955841059853
1119,893,52aac5703e299bfb,Pleural Effusion,off,0.1250237562679999,1.0,0.2052313979850544,0.3399148395957265,1.1311396833763818
1119,893,52aac5703e299bfb,Pleural Effusion,on,0.1250237562679999,1.0,0.2592054405070284,0.4116967797363299,0.9466374986622612
1120,648,190a822f1a70e22b,Pleural Effusion,off,0.1186351475812464,1.0,0.1581721254021672,0.273102192137742,0.7877180348580862
1120,648,190a822f1a70e22b,Pleural Effusion,on,0.1186351475812464,1.0,0.1407879924919147,0.2468217271782943,0.5209263739911248
1121,622,7e26ed073019eeec,Pleural Effusion,off,0.1010043419148283,1.0,0.2992819492926489,0.4602982730218058,1.8170668951076032
1121,622,7e26ed073019eeec,Pleural Effusion,on,0.1010043419148283,1.0,0.2877250853226186,0.4468720568233072,2.056732613202182
1122,985,69b9494d1f0e2086,Pleural Effusion,off,0.1322261694175206,1.0,0.4929001732308704,0.659154542336337,2.1336683400509617
1122,985,69b9494d1f0e2086,Pleural Effusion,on,0.1322261694175206,1.0,0.3581120016168501,0.5273136773400438,2.1815569990542443
1123,698,9cbffc87224139e9,Pleural Effusion,off,0.1790905856955591,0.0,0.0905983401318763,0.166099962916171,0.5793228555753068
1123,698,9cbffc87224139e9,Pleural Effusion,on,0.1790905856955591,0.0,0.0997222638650168,0.1813588919619853,0.3910083176842043
1124,553,e1f7ee22e5418faf,Pleural Effusion,off,0.1418748690359584,0.0,0.0050001621856345,0.0097651052294598,0.6401097251758247
1124,553,e1f7ee22e5418faf,Pleural Effusion,on,0.1418748690359584,0.0,0.1148976223516861,0.2061113328890062,0.476416875569532
1125,1051,7c1be6b3516ee49b,Pleural Effusion,off,0.1743734436598784,0.0,0.0501981511236871,0.094582967176706,0.3980275571594351
1125,1051,7c1be6b3516ee49b,Pleural Effusion,on,0.1743734436598784,0.0,0.1112255077397041,0.2001835011371704,0.223095070509059
1126,422,9edec8e40744cdcb,Pleural Effusion,off,0.1131870434532598,1.0,0.3326182347737912,0.495114791245235,1.446769243128626
1126,422,9edec8e40744cdcb,Pleural Effusion,on,0.1131870434532598,1.0,0.4864051942388821,0.6544685105726296,1.3984411245867918
1127,1106,ae35c1b279e0edab,Pleural Effusion,off,0.1669517418826659,0.0,0.0810121857710285,0.149642745025594,0.4927416971937987
1127,1106,ae35c1b279e0edab,Pleural Effusion,on,0.1669517418826659,0.0,0.1054857773588062,0.1908403589951967,0.2989589941839611
1128,1061,2609a1069f715dcf,Pleural Effusion,off,0.1569278150568444,1.0,0.1740589594988875,0.2959573737607868,0.9897661497705638
1128,1061,2609a1069f715dcf,Pleural Effusion,on,0.1569278150568444,1.0,0.2478100360442567,0.3971913133553933,0.7588174478500498
1129,996,405493f18077e437,Pleural Effusion,off,0.175596586894337,1.0,0.3858116100846591,0.5497218110095619,1.7789474455615126
1129,996,405493f18077e437,Pleural Effusion,on,0.175596586894337,1.0,0.1703203957467683,0.2910637661284913,1.386325672689146
1130,455,d8cb15c8f3e169c6,Pleural Effusion,off,0.1926669882899872,1.0,0.3480346468114773,0.5163325324175022,1.7812594760761689
1130,455,d8cb15c8f3e169c6,Pleural Effusion,on,0.1926669882899872,1.0,0.3528442083927872,0.5216331693689764,1.4554543894641565
1131,359,71e064315174ab07,Pleural Effusion,off,0.1318655614519831,0.0,0.0240663300034349,0.0464387818274541,1.0207746800585475
1131,359,71e064315174ab07,Pleural Effusion,on,0.1318655614519831,0.0,0.0671270471642805,0.1258089047120365,0.7746390223261826
1132,799,568cdb13a6f3f611,Pleural Effusion,off,0.1249360408169232,0.0,0.0120573988906182,0.023662208867963,-0.3407508388243007
1132,799,568cdb13a6f3f611,Pleural Effusion,on,0.1249360408169232,0.0,0.0,0.0,-0.4178189719800137
1133,851,dcfa47fe26c138af,Pleural Effusion,off,0.1727312154924979,1.0,0.1651808608962795,0.2810873105352644,0.6577438357392716
1133,851,dcfa47fe26c138af,Pleural Effusion,on,0.1727312154924979,1.0,0.2696897006025511,0.4248103307334664,0.4342969007508191
1134,642,20fb7eeeb458748f,Pleural Effusion,off,0.173661973890034,0.0,0.0957141712849322,0.1730663574120868,0.6288653807748951
1134,642,20fb7eeeb458748f,Pleural Effusion,on,0.173661973890034,0.0,0.188655142170505,0.3174200714387247,0.3378772873754483
1135,858,8c78043e308ff768,Pleural Effusion,off,0.1625805885706767,0.0,0.0187719314345757,0.0365480835673297,0.6857561772377103
1135,858,8c78043e308ff768,Pleural Effusion,on,0.1625805885706767,0.0,0.0507502113066403,0.0965970736868108,0.237884138222431
1136,999,889e47cdf0777897,Pleural Effusion,off,0.1544133054593122,1.0,0.4719594241252223,0.6387270518602962,1.982575491296561
1136,999,889e47cdf0777897,Pleural Effusion,on,0.1544133054593122,1.0,0.562708760316031,0.7201708802161739,1.7090343339773897
1137,496,0a5891e034f34c59,Pleural Effusion,off,0.1414021802162673,0.0,0.0819764150890413,0.151163152868151,0.546511510159503
1137,496,0a5891e034f34c59,Pleural Effusion,on,0.1414021802162673,0.0,0.1911585646980814,0.3209348581067283,0.3509914854687797
1138,279,c4fc45e536c113f2,Pleural Effusion,off,0.1584823277731483,1.0,0.2006612713953129,0.3338866230683061,1.051411407471172
1138,279,c4fc45e536c113f2,Pleural Effusion,on,0.1584823277731483,1.0,0.229453263476951,0.3732603501083961,0.7521805010938044
1139,833,ee687f9972a73784,Pleural Effusion,off,0.1321482001276747,1.0,0.3509352333391576,0.5177412357203968,1.510590970330122
1139,833,ee687f9972a73784,Pleural Effusion,on,0.1321482001276747,1.0,0.4246130894322025,0.5961096384478248,1.288234295033316
1140,1020,8632d4f4de11af44,Pleural Effusion,off,0.1129921202286449,1.0,0.1198759115835602,0.2135671934315529,0.532997323379585
1140,1020,8632d4f4de11af44,Pleural Effusion,on,0.1129921202286449,1.0,0.1976809544352904,0.3301053546749893,0.3669166478910368
1141,731,20f77398fe1a3218,Pleural Effusion,off,0.1906202944315307,0.0,0.0697259820169487,0.1272860072283854,0.1511090833736471
1141,731,20f77398fe1a3218,Pleural Effusion,on,0.1906202944315307,0.0,0.0729143917083594,0.1359119745488298,0.0491077255937405
1142,520,260c63daecc7305f,Pleural Effusion,off,0.148853120477172,1.0,0.2835164416977062,0.4398657937088745,1.0138174480281752
1142,520,260c63daecc7305f,Pleural Effusion,on,0.148853120477172,1.0,0.3035081651852957,0.4656789364266321,0.815333192750178
1143,7,0d5f21fb4df88954,Pleural Effusion,off,0.1696952862691207,1.0,0.2072871381476045,0.3419810001954034,0.9469920370854964
1143,7,0d5f21fb4df88954,Pleural Effusion,on,0.1696952862691207,1.0,0.2927214522625737,0.4528749171579446,0.6839873362846652
1144,521,565ebecef494a902,Pleural Effusion,off,0.2019891915071951,0.0,0.2579704578006373,0.4100938923128522,1.44993374577474
1144,521,565ebecef494a902,Pleural Effusion,on,0.2019891915071951,0.0,0.2663207710848334,0.4206212287091612,1.098243080898937
1145,558,3fb94454930d19a5,Pleural Effusion,off,0.1331764201375183,1.0,0.2687394917428538,0.4219576529469059,1.0935234550496913
1145,558,3fb94454930d19a5,Pleural Effusion,on,0.1331764201375183,1.0,0.3644931406464217,0.5342539485581882,0.8817964090714345
1146,651,1a5351e70d0cbdd0,Pleural Effusion,off,0.1960050485115175,1.0,0.1793966772802662,0.303560523260738,1.112859494119322
1146,651,1a5351e70d0cbdd0,Pleural Effusion,on,0.1960050485115175,1.0,0.2142736124074716,0.3529246222267574,0.7781519193943819
1147,1144,febea89507fcdc45,Pleural Effusion,off,0.126188422535074,1.0,0.3854104116530027,0.5548728105020111,1.6675701232775109
1147,1144,febea89507fcdc45,Pleural Effusion,on,0.126188422535074,1.0,0.452411252185747,0.622978626211658,1.477305841122441
1148,1145,2b70b76440ded8f1,Pleural Effusion,off,0.1541550321866974,0.0,0.0139609333190153,0.0267821992181713,0.6748113465163678
1148,1145,2b70b76440ded8f1,Pleural Effusion,on,0.1541550321866974,0.0,0.0661985993353819,0.12416835632949,0.2350870570810146
1149,568,52b20aee5d4f76ee,Pleural Effusion,off,0.1293364326126047,0.0,0.1373257816460444,0.2410089250515357,1.67491357568867
1149,568,52b20aee5d4f76ee,Pleural Effusion,on,0.1293364326126047,0.0,0.1754461207670286,0.2985181430474829,1.900970586203221
1150,559,5a33ba2940830d6f,Pleural Effusion,off,0.1618496264783708,0.0,0.1143778467712826,0.2048861094332981,-0.1855044160721256
1150,559,5a33ba2940830d6f,Pleural Effusion,on,0.1618496264783708,0.0,0.0965320662591168,0.1760621018217775,0.2024205569963046
1151,954,e2f669c274470f5c,Pleural Effusion,off,0.1090497980108085,0.0,0.3013024734021258,0.462443357823082,1.984765125050896
1151,954,e2f669c274470f5c,Pleural Effusion,on,0.1090497980108085,0.0,0.2927160445271344,0.4528638044635489,2.605412909967158
1152,972,4898d16d1d823a18,Pleural Effusion,off,0.1410951761374988,1.0,0.4276576287372674,0.5961233346710505,2.0818658903955
1152,972,4898d16d1d823a18,Pleural Effusion,on,0.1410951761374988,1.0,0.3483251183860488,0.5166682471065307,2.3992277204088617
1153,1157,209063cca1683265,Pleural Effusion,off,0.1360271722975113,0.0,0.0726322782020782,0.1320040604802206,0.879115884149215
1153,1157,209063cca1683265,Pleural Effusion,on,0.1360271722975113,0.0,0.2314412261629096,0.3758819875904348,0.6184094884591114
1154,924,d906968e0193010d,Pleural Effusion,off,0.147035461407638,0.0,0.0,0.0,-0.3568985140566458
1154,924,d906968e0193010d,Pleural Effusion,on,0.147035461407638,0.0,0.0,0.0,-0.4290892303084834
1155,528,713d2a70401f9f91,Pleural Effusion,off,0.1520547344414718,0.0,0.102484487533687,0.1839409239146449,0.6764773655530796
1155,528,713d2a70401f9f91,Pleural Effusion,on,0.1520547344414718,0.0,0.1817144948961795,0.3075433274513364,0.4592138631553232
1156,1041,17fc39be1f836acc,Pleural Effusion,off,0.1198972754606279,0.0,0.3100082535786077,0.4701457164506744,2.056064659866061
1156,1041,17fc39be1f836acc,Pleural Effusion,on,0.1198972754606279,0.0,0.4274794089982902,0.5989180825214733,2.962067670796126
1157,546,e28ff1f3ca2eb126,Pleural Effusion,off,0.1083480744021948,0.0,0.0634524459046152,0.1187837027974224,0.6301266161191338
1157,546,e28ff1f3ca2eb126,Pleural Effusion,on,0.1083480744021948,0.0,0.1892334069607554,0.3182125833489889,0.3954294668229507
1158,998,34e1b7bee389a237,Pleural Effusion,off,0.1585164393374559,1.0,0.2426958664931896,0.3887060587944189,1.0650594206037478
1158,998,34e1b7bee389a237,Pleural Effusion,on,0.1585164393374559,1.0,0.3634158086030915,0.5330933654962527,0.7587675716505748
1159,769,7c0407d951784c3b,Pleural Effusion,off,0.1917411029730664,1.0,0.3135554083015982,0.4741144164656017,1.0748812036837492
1159,769,7c0407d951784c3b,Pleural Effusion,on,0.1917411029730664,1.0,0.3899598567268274,0.5611093649833665,0.7516132721695368
1160,579,e0a3a3936bbceed3,Pleural Effusion,off,0.1869898493730781,1.0,0.2892942776089929,0.4460186989429132,0.9613421477915804
1160,579,e0a3a3936bbceed3,Pleural Effusion,on,0.1869898493730781,1.0,0.3675704247345812,0.5375468661281081,0.655698932690492
1161,653,4137599a9ebd2c1b,Pleural Effusion,off,0.1750264364623384,0.0,0.1032488766327706,0.1862115742888788,0.7039260267342017
1161,653,4137599a9ebd2c1b,Pleural Effusion,on,0.1750264364623384,0.0,0.1630367505891428,0.280360901083482,0.3408779226677928
