idx,rank,pair_id,category,dhs,q,point,iou,dice,cnr
0,133,a69b6f1a4d61d8b1,Pneumonia,off,0.1744221744660322,1.0,0.5318158515906741,0.6933787500304074,2.1561800233760184
0,133,a69b6f1a4d61d8b1,Pneumonia,on,0.1744221744660322,1.0,0.5285236322690415,0.6915451445052545,2.0768122613574698
1,64,3dfe8fee5bd1ceed,Pneumonia,off,0.158857554980532,1.0,0.3494595191463223,0.5088194054231974,1.499542824823756
1,64,3dfe8fee5bd1ceed,Pneumonia,on,0.158857554980532,1.0,0.4918561673124889,0.6593844955997958,1.276242797580662
2,287,d736b1fc6877512b,Pneumothorax,off,0.227241495256056,1.0,0.4896950208932648,0.6567654352586306,1.3353617294411737
2,287,d736b1fc6877512b,Pneumothorax,on,0.227241495256056,1.0,0.4740387943165913,0.6431818976757367,0.9004256187876907
3,221,4b1efc03403cd73c,Pneumonia,off,0.1256670029092291,1.0,0.5405334406751436,0.7000667267125347,3.0908673687246777
3,221,4b1efc03403cd73c,Pneumonia,on,0.1256670029092291,1.0,0.2889029303111933,0.4482641610275563,3.233618345605101
4,99,930f9bd2d8c63458,Pneumothorax,off,0.1841829549386235,1.0,0.5410549249150676,0.6943728055321114,1.6644349075078058
4,99,930f9bd2d8c63458,Pneumothorax,on,0.1841829549386235,1.0,0.5376374475883241,0.6992797399776773,1.1741643532624255
5,258,185d65aeccbfa70b,Pneumonia,off,0.1100195410532676,1.0,0.5844641441904104,0.7359631702001848,2.7312682576849587
5,258,185d65aeccbfa70b,Pneumonia,on,0.1100195410532676,1.0,0.3779780848783755,0.5485539515868312,3.700225329367341
6,232,dde31d4452de3e39,Pneumonia,off,0.0929832512219249,1.0,0.5819178551142253,0.7352586654584735,2.7767992557044607
6,232,dde31d4452de3e39,Pneumonia,on,0.0929832512219249,1.0,0.4275418294069646,0.5989686630346386,4.194704918248361
7,267,96238c9f05e3b238,Pneumothorax,off,0.1989532622838179,0.0,0.1707441886358011,0.2910952020753035,1.479510064687441
7,267,96238c9f05e3b238,Pneumothorax,on,0.1989532622838179,0.0,0.1639905450604742,0.2817722552140284,1.3479920607005895
8,366,adfa39118b9e3489,Pneumothorax,off,0.2258234287969825,1.0,0.155523009687804,0.2671232288365442,1.743940868098166
8,366,adfa39118b9e3489,Pneumothorax,on,0.2258234287969825,1.0,0.1907190504496709,0.3203292447725155,2.0258984478808166
9,134,e09c63979aec3355,Pneumothorax,off,0.2153657977963929,1.0,0.1203241479147779,0.2143939439423442,1.4825544843380811
9,134,e09c63979aec3355,Pneumothorax,on,0.2153657977963929,1.0,0.1286714602968195,0.2280041011885833,1.2894758276808014
10,89,944a3ee8201c0f57,Pneumothorax,off,0.1712741643885015,0.0,0.1607043044645871,0.2654052041183905,1.7632400519989964
10,89,944a3ee8201c0f57,Pneumothorax,on,0.1712741643885015,0.0,0.1424356317795583,0.2493356175193285,2.483193802319882
11,352,f927f7fc0016cedd,Pneumonia,off,0.1275090273818399,1.0,0.4092692769765289,0.5741479138306682,1.7492176760809466
11,352,f927f7fc0016cedd,Pneumonia,on,0.1275090273818399,1.0,0.5007787216048275,0.6673438033876986,1.779026630766944
12,371,7e6b1ef08113cdd8,Pneumothorax,off,0.1851770633841595,0.0,0.1656387754079003,0.2829507360404564,1.950583901965748
12,371,7e6b1ef08113cdd8,Pneumothorax,on,0.1851770633841595,0.0,0.1199937018958773,0.2142731261014363,2.28248033680524
13,277,9e284dd7868db308,Pneumothorax,off,0.2069743529767213,1.0,0.2481120355518261,0.3956696385311357,1.5705582778595977
13,277,9e284dd7868db308,Pneumothorax,on,0.2069743529767213,1.0,0.2446564594590454,0.3931198614070986,1.3865401160356414
14,358,ffe388efa401e2c7,Pneumonia,off,0.1325136811738276,1.0,0.3417255054545551,0.5021639674563839,1.6928199883105146
14,358,ffe388efa401e2c7,Pneumonia,on,0.1325136811738276,1.0,0.488580694853765,0.6564372292369282,1.5587229729358971
15,336,a2552a9bae4a584f,Pneumonia,off,0.1489115974445565,1.0,0.4245852086206034,0.5951506233917723,2.1632921366247966
15,336,a2552a9bae4a584f,Pneumonia,on,0.1489115974445565,1.0,0.4367390769340488,0.6079525323436132,2.769554109966316
16,388,5e0eb35c22d224fb,Pneumothorax,off,0.1794999244672504,1.0,0.3902459989071354,0.5587966090096301,1.5107538609875824
16,388,5e0eb35c22d224fb,Pneumothorax,on,0.1794999244672504,1.0,0.437276341411802,0.6084790770130087,1.220158452870744
17,383,ce476f54355d544d,Pneumonia,off,0.1441554707639528,1.0,0.3234687562742231,0.4762582580150588,1.4304277486429728
17,383,ce476f54355d544d,Pneumonia,on,0.1441554707639528,1.0,0.5292639822392449,0.6921812372154879,1.1995176045097533
18,1,f464ffe0f4bdeed5,Pneumothorax,off,0.1819315916943214,0.0,0.0346842713910761,0.0656308669491761,1.078978220750167
18,1,f464ffe0f4bdeed5,Pneumothorax,on,0.1819315916943214,0.0,0.0714573007289212,0.1333832586066103,0.9797969411750131
19,52,c6b1ec5d0007bcc8,Pneumothorax,off,0.1613135876106798,1.0,0.4289430271279575,0.5941947609259056,1.464546045713782
19,52,c6b1ec5d0007bcc8,Pneumothorax,on,0.1613135876106798,1.0,0.5200948612257192,0.6842869566362808,1.3683399395613025
20,66,4a3abb70e8c0334e,Pneumonia,off,0.1326403812698273,1.0,0.3511031220414632,0.5156714635973125,1.7712047764134244
20,66,4a3abb70e8c0334e,Pneumonia,on,0.1326403812698273,1.0,0.503145542738225,0.6694542311126714,1.6689798958708375
21,310,8adf4fbea2355342,Pneumothorax,off,0.1631312466802138,1.0,0.2905202243225928,0.4440703052927958,1.1934340389289269
21,310,8adf4fbea2355342,Pneumothorax,on,0.1631312466802138,1.0,0.3669708926482271,0.5368926503540887,0.7896089278953388
22,57,2f30a42db1b214d2,Pneumothorax,off,0.1898162361299943,1.0,0.203853061841071,0.3367537245656321,0.8833359582169699
22,57,2f30a42db1b214d2,Pneumothorax,on,0.1898162361299943,1.0,0.177886356459122,0.302039796411501,0.5853340460630172
23,75,9d40b4647d175c1d,Pneumothorax,off,0.1613038414494491,0.0,0.0813080995967063,0.1499644957755689,0.7809324319957475
23,75,9d40b4647d175c1d,Pneumothorax,on,0.1613038414494491,0.0,0.0855800442657346,0.1576660884731474,0.6406289263424577
24,294,796252c659a6d63b,Pneumothorax,off,0.1418066459073432,0.0,0.00963718296782,0.0188699937031895,0.3343355184161503
24,294,796252c659a6d63b,Pneumothorax,on,0.1418066459073432,0.0,0.0048187583099012,0.0095904711990641,-0.3076718903977201
25,236,308f2b9dd5d34af9,Pneumothorax,off,0.2004395518715066,0.0,0.0152760336703176,0.0300618786377432,0.6531718283890435
25,236,308f2b9dd5d34af9,Pneumothorax,on,0.2004395518715066,0.0,0.0136566627286549,0.0269452321478686,0.1837612933171911
26,13,b43760d8864b67dc,Pneumothorax,off,0.1995672704413549,0.0,0.1229254271351151,0.2176469567763284,1.5276240655810442
26,13,b43760d8864b67dc,Pneumothorax,on,0.1995672704413549,0.0,0.1011601423933243,0.1837309191170536,1.4960239073294694
27,215,61d50fd13c3afc43,Pneumothorax,off,0.1733988275368039,0.0,0.0896788744919298,0.1640917353439811,1.4425911912083833
27,215,61d50fd13c3afc43,Pneumothorax,on,0.1733988275368039,0.0,0.1081980603545996,0.1952683790071084,1.5543270266027451
28,147,6b63c94e8cfd8324,Pneumothorax,off,0.1568839573313061,0.0,0.2120843545081631,0.3481628014463731,1.2365373255803247
28,147,6b63c94e8cfd8324,Pneumothorax,on,0.1568839573313061,0.0,0.2618057826336296,0.4149683312806546,1.2122000082009825
29,301,8392c5876fbbed46,Pneumothorax,off,0.2077004419884118,0.0,0.0670477610261477,0.1253787497199148,1.1908205302155987
29,301,8392c5876fbbed46,Pneumothorax,on,0.2077004419884118,0.0,0.0611071404573497,0.1151757745716118,0.9286371240007824
30,153,8374c5eceb0bdd93,Pneumonia,off,0.1368555960021246,1.0,0.4250937453662324,0.5824869146459238,2.983885750421186
30,153,8374c5eceb0bdd93,Pneumonia,on,0.1368555960021246,1.0,0.2077744111437532,0.3440257029518122,2.956234683273119
31,152,d854ccc3473ae1c9,Pneumonia,off,0.1292048594359896,1.0,0.3783385646798469,0.5472736769184949,1.844953675064881
31,152,d854ccc3473ae1c9,Pneumonia,on,0.1292048594359896,1.0,0.3367580059215439,0.5038096439466377,2.125316123478449
32,429,2d400ff20632a25f,Pneumothorax,off,0.1780672387663309,0.0,0.1326789931251929,0.2338831147035511,1.4550428538398492
32,429,2d400ff20632a25f,Pneumothorax,on,0.1780672387663309,0.0,0.1466674357305242,0.2558145491178633,1.5129690223732448
33,204,e96c049804f0df2f,Pneumothorax,off,0.1993577279748939,0.0,0.056808477053237,0.1059395516217842,1.5331111325208773
33,204,e96c049804f0df2f,Pneumothorax,on,0.1993577279748939,0.0,0.0670711778916027,0.1257072106390159,2.1641607312991837
34,124,767135fe43de9223,Pneumonia,off,0.1340730669707469,1.0,0.2986531398115148,0.4408317274241149,2.4888819325246727
34,124,767135fe43de9223,Pneumonia,on,0.1340730669707469,1.0,0.2040669545474374,0.3389348900634356,2.9856004471838333
35,169,1cff8384b9f1223b,Pneumonia,off,0.1426448157731873,1.0,0.5189889347921468,0.678399913254224,2.086819453200802
35,169,1cff8384b9f1223b,Pneumonia,on,0.1426448157731873,1.0,0.5967775377071677,0.747446048900852,2.721530279097326
36,170,a6a7caa06b6c0b26,Pneumonia,off,0.1488872320414796,0.0,0.1230699515283944,0.2087205193055318,0.4636976629478764
36,170,a6a7caa06b6c0b26,Pneumonia,on,0.1488872320414796,0.0,0.1813629017597602,0.3070281213024678,0.3923798943279139
37,326,de9f6d015fd908b7,Pneumonia,off,0.158399485402687,1.0,0.5419577821774599,0.698189722333135,1.9532759835874431
37,326,de9f6d015fd908b7,Pneumonia,on,0.158399485402687,1.0,0.6125941379442384,0.7597593353556331,1.7395094680047185
38,33,7bc33684e2eedab2,Pneumonia,off,0.1187228630323231,1.0,0.5696593866151082,0.7243644307346981,2.3486783141771785
38,33,7bc33684e2eedab2,Pneumonia,on,0.1187228630323231,1.0,0.6204387193439256,0.7657605981556562,2.9809937153038164
39,345,f7e574ed970b6fa4,Pneumonia,off,0.1437071473473385,1.0,0.1281051974281887,0.2270297183846278,0.8415355216898495
39,345,f7e574ed970b6fa4,Pneumonia,on,0.1437071473473385,1.0,0.1396429698660758,0.2450640646309815,0.5165573171029034
40,307,5b973b2a2b5d74e1,Pneumothorax,off,0.1633407891466748,1.0,0.4472969863098567,0.6004464461275679,2.181978795958452
40,307,5b973b2a2b5d74e1,Pneumothorax,on,0.1633407891466748,1.0,0.4094465896789067,0.580907287985071,2.482139891180483
41,162,aef22881da576d57,Pneumonia,off,0.1323041387073666,1.0,0.2333037818527545,0.3740427883900464,1.1399809257025006
41,162,aef22881da576d57,Pneumonia,on,0.1323041387073666,1.0,0.4557792862554991,0.6261562663418493,0.9425025608960004
42,165,781f704802f75a3c,Pneumonia,off,0.1230160470544664,0.0,0.2851245311065091,0.4350301826660511,1.6505933850070202
42,165,781f704802f75a3c,Pneumonia,on,0.1230160470544664,0.0,0.3914355149732421,0.5626246615682873,1.9486336169337344
43,250,d8d641a44a6f4ff4,Pneumonia,off,0.162531857764523,1.0,0.5151494552807135,0.6788779001370304,1.946006650259959
43,250,d8d641a44a6f4ff4,Pneumonia,on,0.162531857764523,1.0,0.5607596733706359,0.7185725511311851,1.819336582127122
44,251,7145c5e140005d8c,Pneumothorax,off,0.2263399753422121,0.0,0.0391341419367114,0.0752976214248062,0.954131681085255
44,251,7145c5e140005d8c,Pneumothorax,on,0.2263399753422121,0.0,0.0379577139064029,0.0731389762520054,0.5409835536209254
45,353,d44232b5d5172511,Pneumonia,off,0.1752554712512609,1.0,0.4913352783179235,0.6561924276994003,1.7835811562512454
45,353,d44232b5d5172511,Pneumonia,on,0.1752554712512609,1.0,0.5500492241821254,0.7097183624792835,1.4076493012523064
46,293,4f55b0639e04180f,Pneumonia,off,0.1368507229215093,1.0,0.5042351518595785,0.669425261448151,2.2097024873107296
46,293,4f55b0639e04180f,Pneumonia,on,0.1368507229215093,1.0,0.3475535046974603,0.5158010894677403,2.3618747414874126
47,247,ac0638d531d07d35,Pneumonia,off,0.1493355554580939,1.0,0.4007434431177388,0.5581525009985333,2.035669905548777
47,247,ac0638d531d07d35,Pneumonia,on,0.1493355554580939,1.0,0.5971495648375782,0.7477668068900618,1.9730966738318867
48,380,1840d844a60aab1f,Pneumothorax,off,0.2051518208265719,0.0,0.0424401525063313,0.0813994550918655,1.0039076390153117
48,380,1840d844a60aab1f,Pneumothorax,on,0.2051518208265719,0.0,0.043392055411482,0.0831749450153227,0.6112232465108441
49,214,d70bd304d57bf5ad,Pneumothorax,off,0.1678435156352791,0.0,0.0483006743280034,0.0921017788053224,0.7105971527881477
49,214,d70bd304d57bf5ad,Pneumothorax,on,0.1678435156352791,0.0,0.0473607892932599,0.0904380518384474,0.3423545572451371
50,101,005caf71e328e791,Pneumothorax,off,0.200653967418583,0.0,0.0124683667095093,0.024315716754432,0.6394570120217394
50,101,005caf71e328e791,Pneumothorax,on,0.200653967418583,0.0,0.0179139624785936,0.0351962227240736,0.0109058481595094
51,370,1be3d80fc96adf0b,Pneumothorax,off,0.1853866058506205,0.0,0.05331961457205,0.1007949905723308,0.8493743172262729
51,370,1be3d80fc96adf0b,Pneumothorax,on,0.1853866058506205,0.0,0.0674956042522695,0.1264556344465846,0.6281365580137591
52,315,c33da9bc26f0918b,Pneumothorax,off,0.1592376552685311,0.0,0.1113266900389732,0.2002637263058055,1.3795291375676102
52,315,c33da9bc26f0918b,Pneumothorax,on,0.1592376552685311,0.0,0.1196819535772919,0.2137782656009397,1.2404656508518423
53,119,fce19ecb366cd804,Pneumothorax,off,0.1607434371786812,0.0,0.0325651898621482,0.0630308833792349,1.6977521671807332
53,119,fce19ecb366cd804,Pneumothorax,on,0.1607434371786812,0.0,0.0288656390391729,0.0561114864273269,2.163537682209178
54,180,e9021db9e47370af,Pneumothorax,off,0.2358034978972657,1.0,0.4453783225611402,0.613259911166179,1.6714811872050226
54,180,e9021db9e47370af,Pneumothorax,on,0.2358034978972657,1.0,0.5135264059427518,0.6785735099322346,1.7770957726920709
55,29,0561f662526d7d95,Pneumonia,off,0.1931250578678323,1.0,0.3527305233219574,0.5159719492669319,1.7870236396308503
55,29,0561f662526d7d95,Pneumonia,on,0.1931250578678323,1.0,0.35045580715528,0.519015911142727,1.6645367927520895
56,25,ec993e4f0023f70c,Pneumonia,off,0.1395699019048872,1.0,0.5037336860337337,0.6679650624254467,1.813552922582552
56,25,ec993e4f0023f70c,Pneumonia,on,0.1395699019048872,1.0,0.4707771466405229,0.6401577233182755,1.7280470407143682
57,26,e4f5c835b82b6a0a,Pneumonia,off,0.209547339541638,0.0,0.1710875629969572,0.2916184773611203,1.4911692757167287
57,26,e4f5c835b82b6a0a,Pneumonia,on,0.209547339541638,0.0,0.1954383947887663,0.326972217954753,1.8220595169476064
58,302,8d4f655ab28f5771,Pneumothorax,off,0.1952351017742886,0.0,0.1634750861037493,0.2808634404117631,1.1178297070105765
58,302,8d4f655ab28f5771,Pneumothorax,on,0.1952351017742886,0.0,0.1634239399775803,0.2809356713770866,0.7776343704300938
59,9,97992e6c1c70eb7a,Pneumonia,off,0.1125145583283384,0.0,0.2339170712276423,0.3783972085881149,1.333010218385669
59,9,97992e6c1c70eb7a,Pneumonia,on,0.1125145583283384,0.0,0.2281924510955379,0.3715848589165852,1.1895506756516028
60,433,538b8f9490cbc12f,Pneumothorax,off,0.2347362932424991,0.0,0.278792535131051,0.432966350862186,1.405474570127139
60,433,538b8f9490cbc12f,Pneumothorax,on,0.2347362932424991,0.0,0.3023711016223733,0.4643276165805828,0.955520147704338
61,61,e8b3fb4529ac1ed6,Pneumonia,off,0.1305400835246017,1.0,0.6094665845920006,0.7475456513635235,2.653313180547043
61,61,e8b3fb4529ac1ed6,Pneumonia,on,0.1305400835246017,1.0,0.3712315213297538,0.5414060692501461,3.3981528149373057
62,127,731d6cd9a8a29ce2,Pneumonia,off,0.1777456154457163,1.0,0.4399276104706142,0.593795939939866,1.9152324082055123
62,127,731d6cd9a8a29ce2,Pneumonia,on,0.1777456154457163,1.0,0.6563568438748956,0.7925271963436387,1.5073589100089846
63,126,bc970cf63214290c,Pneumothorax,off,0.1863855873767719,1.0,0.1908031238759958,0.3140833184579392,2.0150462693073528
63,126,bc970cf63214290c,Pneumothorax,on,0.1863855873767719,1.0,0.1381617877555089,0.2427728619817221,2.2285087105377346
64,328,2d6e3f681ea5bbaf,Pneumonia,off,0.1052244297277409,1.0,0.6277276110529013,0.7674033989670728,2.945479540683557
64,328,2d6e3f681ea5bbaf,Pneumonia,on,0.1052244297277409,1.0,0.4859606616894144,0.6540366716716377,4.163000640425991
65,355,724402cd96172832,Pneumonia,off,0.1325039350125969,1.0,0.3810057924342188,0.5496689118125724,1.0556132854602582
65,355,724402cd96172832,Pneumonia,on,0.1325039350125969,1.0,0.4571438693352642,0.6274515319121112,0.9355468877824804
66,176,2866eb95dd89335c,Pneumothorax,off,0.2011022908351973,1.0,0.4365311043413268,0.6077210440700069,1.6146417580261645
66,176,2866eb95dd89335c,Pneumothorax,on,0.2011022908351973,1.0,0.4436186525643719,0.6145925619043924,1.2655746284435154
67,281,235e3976089eb09b,Pneumonia,off,0.1464945494593317,1.0,0.3589795995779764,0.5181219055680254,1.5126732631130837
67,281,235e3976089eb09b,Pneumonia,on,0.1464945494593317,1.0,0.5825301657404987,0.7362000816093031,1.393410809435322
68,194,22d968a4cf24a2ef,Pneumonia,off,0.1470890652944071,1.0,0.533221472285471,0.6872471397780914,2.122936256112069
68,194,22d968a4cf24a2ef,Pneumonia,on,0.1470890652944071,1.0,0.4269261206969892,0.5982257796652539,2.9847311323495984
69,377,b3cf935ab991f9c3,Pneumothorax,off,0.2100200283613292,0.0,0.0401733355059819,0.0772237391850803,1.0461715725813134
69,377,b3cf935ab991f9c3,Pneumothorax,on,0.2100200283613292,0.0,0.0417922603870605,0.0802313862316135,0.7957526927140738
70,330,2869d91524dd1960,Pneumonia,off,0.1362659532476645,1.0,0.2514514504035749,0.3910046024617168,1.3169504492163326
70,330,2869d91524dd1960,Pneumonia,on,0.1362659532476645,1.0,0.4787312481099771,0.6474890979352532,1.1689559482675798
71,270,78f06abe92b60498,Pneumothorax,off,0.1818779878075523,0.0,0.0698290325862213,0.1302464536845349,1.5090774770432338
71,270,78f06abe92b60498,Pneumothorax,on,0.1818779878075523,0.0,0.0563620606093571,0.1067092926319442,1.3042906238832737
72,109,b20274fc29ca9b68,Pneumonia,off,0.1305498296858324,1.0,0.4859282499154606,0.6497977935619866,2.071902057610303
72,109,b20274fc29ca9b68,Pneumonia,on,0.1305498296858324,1.0,0.6369748342397561,0.7782336028362152,2.495659459131117
73,110,c987ef8a69ec7d0c,Pneumonia,off,0.1433806509461086,1.0,0.2373737474173603,0.3831040600244799,1.3732145791069628
73,110,c987ef8a69ec7d0c,Pneumonia,on,0.1433806509461086,1.0,0.2261644668317573,0.3688966840633436,1.097188162034452
74,181,b2cd57f216938986,Pneumonia,off,0.1693882821903522,1.0,0.3384664947185564,0.497694685918742,1.4439434695983189
74,181,b2cd57f216938986,Pneumonia,on,0.1693882821903522,1.0,0.3777292965500546,0.548328106491866,1.3698287052362197
75,297,8293af30dcb2b692,Pneumothorax,off,0.2122957570087082,1.0,0.1501965468353645,0.2611659090866047,1.2413576034950011
75,297,8293af30dcb2b692,Pneumothorax,on,0.2122957570087082,1.0,0.1493090187633349,0.2598239704272392,0.8345295783447028
76,296,159c7db7f927dc98,Pneumonia,off,0.1028561125486698,1.0,0.5051172741470858,0.6663278507161297,2.084939075901871
76,296,159c7db7f927dc98,Pneumonia,on,0.1028561125486698,1.0,0.5765021803238375,0.7313619027361442,2.669403552703528
77,229,9412b8e65f6f6840,Pneumonia,off,0.1627560194728301,1.0,0.4804012560257369,0.6404568505122004,1.9080901850658272
77,229,9412b8e65f6f6840,Pneumonia,on,0.1627560194728301,1.0,0.6617764529945278,0.7964638337829579,1.55223394173477
78,327,fbc302de04f21e52,Pneumonia,off,0.1096491869264993,1.0,0.5618496528742009,0.7169176468969548,2.2675797734498584
78,327,fbc302de04f21e52,Pneumonia,on,0.1096491869264993,1.0,0.5674317401457245,0.7240113229722352,3.2242257623062267
79,319,790472400a863083,Pneumonia,off,0.1171586041547885,1.0,0.612404864806743,0.7576216784304133,2.50395868266747
79,319,790472400a863083,Pneumonia,on,0.1171586041547885,1.0,0.5573296897161263,0.7157292971777667,3.497594821624032
80,68,818b471b2f6a5f3e,Pneumothorax,off,0.2076273457791812,0.0,0.0773217774179435,0.1431692154807072,0.996307324743136
80,68,818b471b2f6a5f3e,Pneumothorax,on,0.2076273457791812,0.0,0.0920285649398158,0.1685445729933149,0.8577992067236487
81,308,dfaedb6f55819466,Pneumonia,off,0.1277526814126086,1.0,0.4914457659768635,0.6562900518186099,1.8163540290451372
81,308,dfaedb6f55819466,Pneumonia,on,0.1277526814126086,1.0,0.468128428660498,0.6376881387074116,2.0578755959328703
82,389,022cf70a01eb4a97,Pneumothorax,off,0.2118133220277863,0.0,0.4101805670861119,0.5807062330305103,1.467027747697559
82,389,022cf70a01eb4a97,Pneumothorax,on,0.2118133220277863,0.0,0.4408891777496481,0.6119680067634249,1.207352224892815
83,202,95ba87c7792a6caa,Pneumonia,off,0.1179334239726327,1.0,0.4221559882767429,0.5899304717243006,1.5940410311686295
83,202,95ba87c7792a6caa,Pneumonia,on,0.1179334239726327,1.0,0.5383642660334437,0.699917626887388,1.4498876401182443
84,65,1a59056f0e47b4b4,Pneumothorax,off,0.201570106574273,0.0,0.1388033761338798,0.2416917545388041,2.066637305863308
84,65,1a59056f0e47b4b4,Pneumothorax,on,0.201570106574273,0.0,0.1080955923875175,0.1950992163541931,2.157822089448072
85,15,b63a0f6302a22e69,Pneumothorax,off,0.2025788342616551,0.0,0.1576386145895316,0.2714431580724903,1.7973745773033851
85,15,b63a0f6302a22e69,Pneumothorax,on,0.2025788342616551,0.0,0.1521157819225165,0.2640602723293778,2.0770110604000886
86,187,99c15493b7dcd579,Pneumonia,off,0.1197462099615514,1.0,0.5674914129177211,0.7130820851935218,2.157706442413359
86,187,99c15493b7dcd579,Pneumonia,on,0.1197462099615514,1.0,0.7136433907028188,0.832887597159349,2.685198445833085
87,142,3a1726fd39c92115,Pneumonia,off,0.1655970254715923,1.0,0.5768904242526027,0.7291741457989909,2.266870673827248
87,142,3a1726fd39c92115,Pneumonia,on,0.1655970254715923,1.0,0.5562782925720164,0.714846187763342,3.137404185075296
88,350,868b49c7c091d006,Pneumonia,off,0.1524202154876248,1.0,0.2593524677612568,0.4031889443830893,1.3427570250622534
88,350,868b49c7c091d006,Pneumonia,on,0.1524202154876248,1.0,0.4812641569418616,0.6497938181298801,1.0176037485082594
89,417,2cae18047a4fd0de,Pneumothorax,off,0.1750800403491074,1.0,0.3276647445029664,0.4887030330043106,1.2570152955070728
89,417,2cae18047a4fd0de,Pneumothorax,on,0.1750800403491074,1.0,0.393269214029229,0.562697297619678,0.9215200781658808
90,192,d3b1c0df71d64c6e,Pneumothorax,off,0.1916533875219897,0.0,0.0472190111320288,0.0901666432753805,1.089912015365039
90,192,d3b1c0df71d64c6e,Pneumothorax,on,0.1916533875219897,0.0,0.048749754082286,0.0929673600877185,0.8490104084564618
91,163,ff6c0b345508b50e,Pneumonia,off,0.1506415410630138,1.0,0.2539617102822357,0.3989303568120544,1.312090808616527
91,163,ff6c0b345508b50e,Pneumonia,on,0.1506415410630138,1.0,0.4447355297815121,0.6156567441545253,0.9055572939017102
92,35,9ef65ccd2ea2538e,Pneumothorax,off,0.1946698244229054,1.0,0.6531705835359054,0.7879106547751907,2.098365549577642
92,35,9ef65ccd2ea2538e,Pneumothorax,on,0.1946698244229054,1.0,0.6680102992913302,0.8009617588060722,1.4924980380460515
93,36,25e07c942bb51e7b,Pneumonia,off,0.1422939539688805,1.0,0.5014538908294917,0.6594860989997067,2.064058815978918
93,36,25e07c942bb51e7b,Pneumonia,on,0.1422939539688805,1.0,0.722224074866031,0.8387109185629932,1.8739312380557875
94,226,0abf7661fc925447,Pneumonia,off,0.1105117221954202,1.0,0.4846322595896509,0.646556206295319,2.069031563840179
94,226,0abf7661fc925447,Pneumonia,on,0.1105117221954202,1.0,0.5318459879598934,0.6943317528348614,2.7241040634936664
95,150,791e671c4f33e5f0,Pneumothorax,off,0.1360320453781267,0.0,0.0687844038702587,0.1284259339056807,1.4175198253139112
95,150,791e671c4f33e5f0,Pneumothorax,on,0.1360320453781267,0.0,0.0593801259325242,0.1121026015298951,1.4472784911611634
96,222,077ba979b42b2e06,Pneumonia,off,0.1536189933190064,1.0,0.292540573156942,0.4433736688720878,1.5777198140038098
96,222,077ba979b42b2e06,Pneumonia,on,0.1536189933190064,1.0,0.5212308859799465,0.6852732997515922,1.315872677802865
97,367,e392c9fcacb26e80,Pneumonia,off,0.1332787548304411,1.0,0.4468472375979109,0.6093536161824479,2.1923804549234305
97,367,e392c9fcacb26e80,Pneumonia,on,0.1332787548304411,1.0,0.50949515356775,0.675035474318573,2.456200702367836
98,14,dc0b7cc379d0fccd,Pneumonia,off,0.1287614090999907,1.0,0.6059740798326311,0.7537287178024341,2.582011606250068
98,14,dc0b7cc379d0fccd,Pneumonia,on,0.1287614090999907,1.0,0.5054455967316993,0.6714518170995608,3.391076544295452
99,453,6a7ae10cef5405cd,Pneumothorax,off,0.180148044189095,0.0,0.0344240250260729,0.0665427780050539,1.1104129119046395
99,453,6a7ae10cef5405cd,Pneumothorax,on,0.180148044189095,0.0,0.0379026420045249,0.073036959106804,0.8286676308259963
100,340,df9d2cb9cfb59860,Pneumothorax,off,0.1902255749016856,0.0,0.2891276287780219,0.4479031278084399,1.55698547414791
100,340,df9d2cb9cfb59860,Pneumothorax,on,0.1902255749016856,0.0,0.2955723467248409,0.4562781631228147,1.468439503186437
101,322,892a1f178fe73ab6,Pneumonia,off,0.161459780029141,1.0,0.2225802266106316,0.3534150973029811,1.4693509444146216
101,322,892a1f178fe73ab6,Pneumonia,on,0.161459780029141,1.0,0.5522420706730673,0.7115367784157479,1.212502659602233
102,146,0abcdb1524aed62c,Pneumonia,off,0.1365388457621254,1.0,0.2819597249552253,0.4380801556497376,1.1911804225484377
102,146,0abcdb1524aed62c,Pneumonia,on,0.1365388457621254,1.0,0.3320009311566411,0.4984990315867748,0.897729764147827
103,196,9cd672e6f6df4fad,Pneumothorax,off,0.2180849767797708,0.0,0.0372917315607865,0.0717884131527861,0.9558949217006388
103,196,9cd672e6f6df4fad,Pneumothorax,on,0.2180849767797708,0.0,0.0387649398691818,0.0746365051378986,0.4658809710203885
104,269,8f693755259e29e4,Pneumothorax,off,0.2007368097890443,1.0,0.5358834189160003,0.680267275456428,2.339333891393282
104,269,8f693755259e29e4,Pneumothorax,on,0.2007368097890443,1.0,0.7045802513037884,0.8266634524925752,2.001280890850011
105,273,3baee050c883a811,Pneumonia,off,0.148604593365788,0.0,0.2990508539319746,0.457191954865714,1.3460626928264563
105,273,3baee050c883a811,Pneumonia,on,0.148604593365788,0.0,0.3480788919406781,0.5164025800453723,1.2214033486880316
106,362,530e2b83ccfd49fe,Pneumothorax,off,0.2037045158838062,0.0,0.0799560115281781,0.1480044623423471,1.2765926294175685
106,362,530e2b83ccfd49fe,Pneumothorax,on,0.2037045158838062,0.0,0.0838329773765678,0.1546971884395443,1.11250782185095
107,364,179927b58fab7ee0,Pneumothorax,off,0.2105170825840971,0.0,0.0771433077424753,0.1432280503376899,1.1726248683985216
107,364,179927b58fab7ee0,Pneumothorax,on,0.2105170825840971,0.0,0.0750804801855456,0.1396741388530119,0.7832440491696246
108,374,8fc340074e3658f5,Pneumonia,off,0.127850143024916,1.0,0.5073748581708868,0.6683321120334915,2.1364450294970614
108,374,8fc340074e3658f5,Pneumonia,on,0.127850143024916,1.0,0.4173519020570745,0.588894135158122,2.627342213751265
109,311,7a80693a8ceb051b,Pneumothorax,off,0.1860932025398496,1.0,0.3094180553193936,0.4700987758825034,2.1554298558323897
109,311,7a80693a8ceb051b,Pneumothorax,on,0.1860932025398496,1.0,0.2599629278317127,0.4126344335198455,2.1408693731329542
110,235,6209aa50dc0a8a4a,Pneumonia,off,0.1461241953325633,1.0,0.5504347332856894,0.7080352516270098,1.9064234699106255
110,235,6209aa50dc0a8a4a,Pneumonia,on,0.1461241953325633,1.0,0.6097103098796103,0.7575219179546141,1.9791640257980456
111,272,2588627431774c44,Pneumothorax,off,0.1515528071380885,0.0,0.0943888863790092,0.1720272606880726,1.704867693469189
111,272,2588627431774c44,Pneumothorax,on,0.1515528071380885,0.0,0.0785332530274353,0.1456288035925054,1.625772361544877
112,313,8e5a6f1a03e3ba73,Pneumothorax,off,0.217695130330541,0.0,0.3152521641905103,0.4757474280111067,1.876891907521252
112,313,8e5a6f1a03e3ba73,Pneumothorax,on,0.217695130330541,0.0,0.2795000547230215,0.4368822750153177,2.2151635969475443
113,106,54bd710f5acd0e34,Pneumonia,off,0.1285518666335297,1.0,0.4833985387008444,0.6476818129456655,1.8898881677080808
113,106,54bd710f5acd0e34,Pneumonia,on,0.1285518666335297,1.0,0.4163381565986421,0.5878958589654525,1.7071721102285735
114,136,b7a475c159e17b96,Pneumothorax,off,0.1939047507662919,0.0,0.1307499672738471,0.2296240663392896,1.5823768826235771
114,136,b7a475c159e17b96,Pneumothorax,on,0.1939047507662919,0.0,0.0987153986955534,0.1796863172982211,1.4933438386171207
115,129,025d0c502d76dbd1,Pneumothorax,off,0.2164232562899288,1.0,0.0943697648658207,0.17217253047653,1.1950740776519315
115,129,025d0c502d76dbd1,Pneumothorax,on,0.2164232562899288,1.0,0.0984209094987338,0.1792034135706876,0.979773968499068
116,171,de0f216f69af3aa4,Pneumonia,off,0.1257157337153828,1.0,0.2362546091871445,0.3785852896998908,1.0081644471787197
116,171,de0f216f69af3aa4,Pneumonia,on,0.1257157337153828,1.0,0.3831206972851414,0.55399433756169,0.8250847810891646
117,49,b2b99029ccdf9b1a,Pneumothorax,off,0.1330302277190571,0.0,0.1568715337289776,0.2708905752120346,1.2347327700975137
117,49,b2b99029ccdf9b1a,Pneumothorax,on,0.1330302277190571,0.0,0.1705523411505546,0.2914042534211464,1.0714738251753062
118,117,0f16ab8a0a186e36,Pneumonia,off,0.1120954733954163,1.0,0.5433112469056729,0.6966473337047346,2.1721885497946087
118,117,0f16ab8a0a186e36,Pneumonia,on,0.1120954733954163,1.0,0.5834812842639174,0.7369140508123097,3.57337904211436
119,193,db5f9901a838ad41,Pneumonia,off,0.1429566929325711,1.0,0.3378522518617028,0.4935492491385747,1.7737373170043926
119,193,db5f9901a838ad41,Pneumonia,on,0.1429566929325711,1.0,0.581306237229559,0.7352186724747769,2.3187237139597774
120,19,89a55b0c6e16ccee,Pneumothorax,off,0.190074509402609,1.0,0.3009179296751297,0.4618914610945628,1.245996439203995
120,19,89a55b0c6e16ccee,Pneumothorax,on,0.190074509402609,1.0,0.3035580491920332,0.4657371587194331,0.7672924487308034
121,18,68d594554781daaf,Pneumothorax,off,0.1567816226383833,1.0,0.3587160955990351,0.5246566277130672,1.559011396113274
121,18,68d594554781daaf,Pneumothorax,on,0.1567816226383833,1.0,0.4027602308718206,0.5742333001028007,1.4307160392216938
122,363,bf3a47063dba61d7,Pneumothorax,off,0.1790905856955591,0.0,0.2207975839767382,0.3351908421747528,1.6436414690137835
122,363,bf3a47063dba61d7,Pneumothorax,on,0.1790905856955591,0.0,0.3879552965333038,0.5590296234441425,1.7179650317434985
123,31,03100f6839353a88,Pneumonia,off,0.1237470091467723,1.0,0.5284193103295771,0.6882926472407519,2.0877282094881333
123,31,03100f6839353a88,Pneumonia,on,0.1237470091467723,1.0,0.3993229948530014,0.570309477400144,2.941998984288361
124,30,d3484e6204746059,Pneumonia,off,0.1350769215775136,1.0,0.4383531869677491,0.6086075168448353,1.8671471783809064
124,30,d3484e6204746059,Pneumonia,on,0.1350769215775136,1.0,0.3986163385949154,0.5699869118627369,2.205204146013128
125,397,f65b542b3dc69a6a,Pneumothorax,off,0.1611479028697571,1.0,0.488192745984467,0.6427406859631517,2.1230051525559364
125,397,f65b542b3dc69a6a,Pneumothorax,on,0.1611479028697571,1.0,0.2045059807359706,0.3395427090336637,1.9997459850826105
126,338,d4643b9bd661e0f1,Pneumonia,off,0.1096102022815763,1.0,0.5490684078837662,0.7023637463304027,2.5655835630086794
126,338,d4643b9bd661e0f1,Pneumonia,on,0.1096102022815763,1.0,0.3179719970251096,0.4824823442407857,3.5778481961621607
127,255,90debafa186291f2,Pneumothorax,off,0.1966190566690544,1.0,0.2683654357781923,0.4186940318396313,1.93891784553776
127,255,90debafa186291f2,Pneumothorax,on,0.1966190566690544,1.0,0.2888797232484674,0.4482541573674531,2.447311596425842
128,256,d500d2d19615d254,Pneumothorax,off,0.1788420585841751,0.0,0.0229719383088166,0.0449115004134171,0.7725603025631843
128,256,d500d2d19615d254,Pneumothorax,on,0.1788420585841751,0.0,0.0233925936199504,0.0457157229361978,0.3863980052252864
129,284,ad5c2e4baa04ebef,Pneumonia,off,0.128137654781223,1.0,0.5621427763815152,0.7125135426645373,2.256502547886762
129,284,ad5c2e4baa04ebef,Pneumonia,on,0.128137654781223,1.0,0.6774519327769164,0.8077121398321214,2.8614039709075496
130,329,a13a3c52d890e41c,Pneumonia,off,0.1405493911085771,1.0,0.3878416749692991,0.5430094373727018,2.105324459212417
130,329,a13a3c52d890e41c,Pneumonia,on,0.1405493911085771,1.0,0.7084367847246662,0.8293386029695726,2.2073222561671675
131,98,56da5643e7a2b4a6,Pneumothorax,off,0.2013264525435044,0.0,0.0532253814843386,0.1009383187332706,1.2240814314720962
131,98,56da5643e7a2b4a6,Pneumothorax,on,0.2013264525435044,0.0,0.0487416435080197,0.0929514324752085,1.0502070254785811
132,208,6ecfeeee8a984695,Pneumonia,off,0.1559288335306931,1.0,0.5274632017085775,0.6896939449301391,1.7038325589742194
132,208,6ecfeeee8a984695,Pneumonia,on,0.1559288335306931,1.0,0.4781400639021058,0.6469314959844892,1.560716398312728
133,292,439f83b97f776b7e,Pneumonia,off,0.1211350379369325,1.0,0.4736424654773264,0.6338737044700697,2.205676271607367
133,292,439f83b97f776b7e,Pneumonia,on,0.1211350379369325,1.0,0.399631079997453,0.5709544546215976,3.531022746722711
134,233,99dd658ed527a4a3,Pneumonia,off,0.13810310463966,1.0,0.2041007181902858,0.3340648597134104,0.7899595168173287
134,233,99dd658ed527a4a3,Pneumonia,on,0.13810310463966,1.0,0.3602443779674255,0.5296742006203338,0.7094793167348438
135,178,67064801bb33c533,Pneumothorax,off,0.2130705768265524,0.0,0.0354768325675302,0.0676125216361129,1.223204558241327
135,178,67064801bb33c533,Pneumothorax,on,0.2130705768265524,0.0,0.0560631670457561,0.106173309216505,1.2348654799650804
136,90,b39ee401f01fc11c,Pneumothorax,off,0.2107704827760965,0.0,0.0704242973662347,0.1312116829510645,1.828555204366536
136,90,b39ee401f01fc11c,Pneumothorax,on,0.2107704827760965,0.0,0.0597451360263748,0.1127533664133662,2.000271101439332
137,423,0b407bb0207960fa,Pneumothorax,off,0.2045475588302657,0.0,0.1552632688075072,0.2684683419495558,1.4912717225349368
137,423,0b407bb0207960fa,Pneumothorax,on,0.2045475588302657,0.0,0.1611747059540889,0.2776059801496259,1.5752084637096877
138,268,b1a4805d5709bd1f,Pneumothorax,off,0.2050202476499568,0.0,0.1651402465112873,0.2821724617019712,1.628721479188697
138,268,b1a4805d5709bd1f,Pneumothorax,on,0.2050202476499568,0.0,0.1534108406126976,0.2660104310264509,1.440289904889316
139,444,c97c679d5ab523d8,Pneumothorax,off,0.1731503004254199,0.0,0.230553006824608,0.3724811499224144,1.081007756872297
139,444,c97c679d5ab523d8,Pneumothorax,on,0.1731503004254199,0.0,0.2887741311872342,0.4481360898149835,0.7169127362672941
140,414,8b08482972e09a3c,Pneumonia,off,0.1107846147098811,1.0,0.569312737441818,0.717345098160975,2.5046404743616644
140,414,8b08482972e09a3c,Pneumonia,on,0.1107846147098811,1.0,0.5878546067645297,0.7403886755711415,4.208898350671999
141,415,75725f616cc29fbf,Pneumonia,off,0.1336247435541326,0.0,0.2504087233296187,0.3975001398567236,2.016723351878937
141,415,75725f616cc29fbf,Pneumonia,on,0.1336247435541326,0.0,0.197451370240319,0.3297507635402803,2.907334638757457
142,372,afe0b97320465cbb,Pneumonia,off,0.1006583531911368,1.0,0.5636716696977109,0.7181749575886155,2.528215510374125
142,372,afe0b97320465cbb,Pneumonia,on,0.1006583531911368,1.0,0.3929892293882251,0.5641359727684789,3.592454989351119
143,78,30032890ee6eaef2,Pneumothorax,off,0.1992359009595095,0.0,0.1840860150010081,0.3100033958404544,1.0613449188048008
143,78,30032890ee6eaef2,Pneumothorax,on,0.1992359009595095,0.0,0.2006334065017353,0.334210780464066,0.744058009342802
144,46,40849f8f4588d1e3,Pneumonia,off,0.203061269242577,1.0,0.49268100221762,0.6529831457737469,2.370153156064088
144,46,40849f8f4588d1e3,Pneumonia,on,0.203061269242577,1.0,0.3836756209200486,0.5545374565571072,2.63226699323507
145,96,857b3bc9b7ac72d7,Pneumothorax,off,0.20434288944442,0.0,0.1298825252411006,0.2295091363121024,1.3578577993478442
145,96,857b3bc9b7ac72d7,Pneumothorax,on,0.20434288944442,0.0,0.1189544245897022,0.2126166026579841,1.1208339170968955
146,454,358aad16166fb6c3,Pneumothorax,off,0.2164768601766979,0.0,0.1034601254542008,0.1875177388761377,0.8864429925967319
146,454,358aad16166fb6c3,Pneumothorax,on,0.2164768601766979,0.0,0.1023105714960642,0.1856292642050491,0.5963089300058816
147,274,3ca26b9b28c3dc4d,Pneumonia,off,0.1734767968266499,1.0,0.5059349908928464,0.6696149524029821,1.8696029411761756
147,274,3ca26b9b28c3dc4d,Pneumonia,on,0.1734767968266499,1.0,0.3953090983062008,0.5666063159295588,1.5752028593058418
148,324,1a2e21229d1c588a,Pneumothorax,off,0.2214571485656087,0.0,0.0498693449897208,0.0949913687260878,0.9918415430670684
148,324,1a2e21229d1c588a,Pneumothorax,on,0.2214571485656087,0.0,0.0479418884491996,0.0914971320439171,0.5652362605204522
149,184,b41834be3e29c44f,Pneumothorax,off,0.2164086370480827,0.0,0.101417900498741,0.1819991309848584,1.161118514142493
149,184,b41834be3e29c44f,Pneumothorax,on,0.2164086370480827,0.0,0.1282608568229376,0.2273581698989285,1.0043859854271089
150,20,366f1766916dfa75,Pneumothorax,off,0.2172321876720806,0.0,0.1161345270337661,0.2070321551921214,1.4865906778644884
150,20,366f1766916dfa75,Pneumothorax,on,0.2172321876720806,0.0,0.1250352431761247,0.2222682146100365,1.7989975517642454
151,361,b1c8137ad484eac1,Pneumonia,off,0.1308909453289085,1.0,0.4019831424800607,0.570694679156466,1.6737003604523664
151,361,b1c8137ad484eac1,Pneumonia,on,0.1308909453289085,1.0,0.5192051769122832,0.6835218758934877,1.4416893966510764
152,401,c46bd3cf28d24372,Pneumothorax,off,0.2176317802825412,0.0,0.1952009967422766,0.3262295773103666,1.213917200959179
152,401,c46bd3cf28d24372,Pneumothorax,on,0.2176317802825412,0.0,0.202334198562112,0.3365674715701585,0.9031946248448308
153,400,c4ab7b3220d45f3d,Pneumonia,off,0.1451203407257966,1.0,0.4365543360756944,0.6051246784138039,1.1576877744346354
153,400,c4ab7b3220d45f3d,Pneumonia,on,0.1451203407257966,1.0,0.3618411368501018,0.5313628813198934,1.1849476073978338
154,351,cee781693007010c,Pneumonia,off,0.1205453951824725,1.0,0.5209308324787785,0.6838657040811752,2.0511382153851296
154,351,cee781693007010c,Pneumonia,on,0.1205453951824725,1.0,0.4687516825190226,0.6382923000160147,2.1352518113793733
155,332,8c9146cd6f056c49,Pneumonia,off,0.1040500172994361,1.0,0.4485821429628034,0.6192930391147317,2.309064865546841
155,332,8c9146cd6f056c49,Pneumonia,on,0.1040500172994361,1.0,0.3823752928378719,0.5532089492277518,3.2656604367743176
156,418,16feb1569a29f5a0,Pneumothorax,off,0.1793732243712507,1.0,0.1985493683008059,0.3307339004333184,1.3058386001698306
156,418,16feb1569a29f5a0,Pneumothorax,on,0.1793732243712507,1.0,0.2016698724414652,0.3356478577088833,1.0782667912017392
157,103,a640eeb65f3ac9d2,Pneumothorax,off,0.2227777534123747,0.0,0.0192028474049984,0.0371793620386696,0.5362407585921358
157,103,a640eeb65f3ac9d2,Pneumothorax,on,0.2227777534123747,0.0,0.0047300308053295,0.0094137733962599,-0.3213157216338134
158,139,1a868aa2c2a7ab1b,Pneumonia,off,0.1241417286766174,1.0,0.6283788792000026,0.7679722058714545,2.8005137131485016
158,139,1a868aa2c2a7ab1b,Pneumonia,on,0.1241417286766174,1.0,0.3726843378466571,0.5429704631301978,3.435852805369365
159,42,6a382312bfef556a,Pneumothorax,off,0.2039481699145749,1.0,0.3374571820085162,0.5045193712598135,1.3568231941656312
159,42,6a382312bfef556a,Pneumothorax,on,0.2039481699145749,1.0,0.3510384512520905,0.5196571987743996,0.977837288085565
160,246,ac9879b3bcc1d5b9,Pneumothorax,off,0.1474448001793293,1.0,0.4523872663575441,0.6131626251654573,1.8206831414259832
160,246,ac9879b3bcc1d5b9,Pneumothorax,on,0.1474448001793293,1.0,0.6137151646989205,0.7606238681547272,1.5528782870931748
161,166,07f6d43ff7442163,Pneumonia,off,0.1495256056020934,1.0,0.6300021724199356,0.772763153677131,2.7963403975808685
161,166,07f6d43ff7442163,Pneumonia,on,0.1495256056020934,1.0,0.5505506454839131,0.7101308257300102,3.3428816862064603
162,195,94310590493db21b,Pneumothorax,off,0.2086214542247172,0.0,0.0188591303767425,0.0367361702149731,0.6692377336094887
162,195,94310590493db21b,Pneumothorax,on,0.2086214542247172,0.0,0.0198014681101321,0.038833147249764,0.087222237928125
163,262,421b40d76dc65ae9,Pneumothorax,off,0.2201170513963812,1.0,0.6744136931791194,0.797221581115885,2.4816292682431578
163,262,421b40d76dc65ae9,Pneumothorax,on,0.2201170513963812,1.0,0.7686431162098194,0.8691893937432635,2.16991132852258
164,342,9981e0f0e8d3ad3b,Pneumonia,off,0.1681992505202013,1.0,0.1456652335083331,0.2521775573116295,1.8304369607066555
164,342,9981e0f0e8d3ad3b,Pneumonia,on,0.1681992505202013,1.0,0.1525467130575911,0.2647053578620587,2.1374613162469385
165,199,5db9065ecfba6f94,Pneumonia,off,0.1491649976365559,1.0,0.3107739097707575,0.4656010952256174,1.5200567940355345
165,199,5db9065ecfba6f94,Pneumonia,on,0.1491649976365559,1.0,0.4932473781025949,0.6606364246221554,1.2427196440780464
166,177,c1d43e09d7d9bec7,Pneumonia,off,0.1209108762286254,1.0,0.4269907438396673,0.5929177468275484,1.5074655595059072
166,177,c1d43e09d7d9bec7,Pneumonia,on,0.1209108762286254,1.0,0.5868188927723931,0.7396089816496871,1.290833405312161
167,74,a95e5c78f29d3c6f,Pneumothorax,off,0.1746073515294163,0.0,0.0054706552383588,0.0107396937437172,0.6812669087222035
167,74,a95e5c78f29d3c6f,Pneumothorax,on,0.1746073515294163,0.0,0.0071566886651376,0.0142088834983357,-0.0733335168169963
168,73,6376c511055a284e,Pneumonia,off,0.116276576563406,1.0,0.4546427077433819,0.6231812985708713,2.082706265288934
168,73,6376c511055a284e,Pneumonia,on,0.116276576563406,1.0,0.5632095000765714,0.7205398794809351,2.7271205851137927
169,72,b94add6384c3c56b,Pneumonia,off,0.1483219546900964,1.0,0.5864828603241484,0.7336571094442106,2.315329133070342
169,72,b94add6384c3c56b,Pneumonia,on,0.1483219546900964,1.0,0.4386136907978543,0.6097145749006073,2.996060798561633
170,240,04541ecb15f3ec4a,Pneumonia,off,0.1068033078471217,1.0,0.5047557407280399,0.6626589142978255,1.8235041583734477
170,240,04541ecb15f3ec4a,Pneumonia,on,0.1068033078471217,1.0,0.6765196493811376,0.8070520612477191,1.99781737694654
171,254,36e588acb178eced,Pneumothorax,off,0.228484130812976,0.0,0.1372265761875008,0.2412428618475858,1.105689347192158
171,254,36e588acb178eced,Pneumothorax,on,0.228484130812976,0.0,0.1430035620516376,0.2502241482675031,0.7908180183509025
172,320,75bba632288ce1d3,Pneumonia,off,0.1386196511848895,1.0,0.2382384605713281,0.3802485075622744,1.4687599927279336
172,320,75bba632288ce1d3,Pneumonia,on,0.1386196511848895,1.0,0.3807386634970324,0.5514999026095224,1.2781849135135546
173,128,48d3207f19c2ee8f,Pneumonia,off,0.1594471977349921,1.0,0.3896172640657938,0.559437986582645,1.8548348351859107
173,128,48d3207f19c2ee8f,Pneumonia,on,0.1594471977349921,1.0,0.4156941126725549,0.5872654016176501,2.352168784597961
174,93,8bfe346954ca2a54,Pneumothorax,off,0.1641887051737497,1.0,0.1733363709944296,0.2952518302063806,1.3751148887468536
174,93,8bfe346954ca2a54,Pneumothorax,on,0.1641887051737497,1.0,0.1604109668776926,0.2764674498117195,1.1346400206698066
175,190,18ade169c0e38f1b,Pneumonia,off,0.1288783630347597,1.0,0.4934229846980265,0.6575720221464108,1.7769135897645416
175,190,18ade169c0e38f1b,Pneumonia,on,0.1288783630347597,1.0,0.5229277456942751,0.6867338369328818,1.8003381073650586
176,191,b6743168ef9bbb93,Pneumonia,off,0.1596275017177609,1.0,0.1264788136992186,0.2240384527149762,1.580305711937671
176,191,b6743168ef9bbb93,Pneumonia,on,0.1596275017177609,1.0,0.1331347975004681,0.2349841881968914,1.5839771157575306
177,435,8065b42d7d8e8e46,Pneumothorax,off,0.1608165333879118,0.0,0.0867940770913717,0.1592658452927806,1.3034141669047763
177,435,8065b42d7d8e8e46,Pneumothorax,on,0.1608165333879118,0.0,0.1082561017847081,0.1953629587662722,1.4356154650942607
178,132,b3b7784bd1c963b0,Pneumonia,off,0.1454322178851805,1.0,0.4915072597561919,0.6566845878984721,1.6188432482162352
178,132,b3b7784bd1c963b0,Pneumonia,on,0.1454322178851805,1.0,0.5486302367645484,0.7085356976677863,1.4635465094763478
179,442,ba6337453bd8fbe2,Pneumothorax,off,0.195946571544133,1.0,0.1422674399537252,0.2476785693679026,1.8716947270167417
179,442,ba6337453bd8fbe2,Pneumothorax,on,0.195946571544133,1.0,0.1449640149787514,0.2532176293780492,1.920650392161949
180,198,2cf513fbcdcd7d1d,Pneumonia,off,0.1476445964845596,0.0,0.3359902168696455,0.5024563466283272,1.838307653361981
180,198,2cf513fbcdcd7d1d,Pneumonia,on,0.1476445964845596,0.0,0.2963979962113562,0.4572547409766748,1.864854099197918
181,107,c5ba0875d8eeea25,Pneumonia,off,0.1263833457596889,1.0,0.323453315217329,0.4862662450815522,1.386222298998379
181,107,c5ba0875d8eeea25,Pneumonia,on,0.1263833457596889,1.0,0.4566172769254503,0.6269465135242728,1.1521859932050926
182,108,61aef6e6626a971f,Pneumonia,off,0.1814491567133995,1.0,0.1355666516833017,0.2386696570094325,0.8812200766682803
182,108,61aef6e6626a971f,Pneumonia,on,0.1814491567133995,1.0,0.1384234402551652,0.2431844512665418,0.6628235797613283
183,416,a9e2cbe7c06e2ec5,Pneumothorax,off,0.1443893786334907,1.0,0.2194233966895863,0.358138819607479,0.8139180381281811
183,416,a9e2cbe7c06e2ec5,Pneumothorax,on,0.1443893786334907,1.0,0.1527476542372225,0.2650077812108716,0.7774695409639181
184,404,52ccf86e7ccceedc,Pneumothorax,off,0.1900550170801475,1.0,0.6662893633843944,0.7992030436477725,2.1501835967119485
184,404,52ccf86e7ccceedc,Pneumothorax,on,0.1900550170801475,1.0,0.6907697194049425,0.8171066447553941,1.6702806193641055
185,278,edde383473e98087,Pneumothorax,off,0.2311886905545078,1.0,0.3358946653606577,0.5012821277406985,1.4771016047063268
185,278,edde383473e98087,Pneumothorax,on,0.2311886905545078,1.0,0.3056506034262153,0.4681935733854165,1.0476276299475862
186,263,7c7dd650c6019dc0,Pneumothorax,off,0.1946064743749055,1.0,0.4073475089052127,0.578604194513084,1.829221244341936
186,263,7c7dd650c6019dc0,Pneumothorax,on,0.1946064743749055,1.0,0.3970116251541333,0.5683700114452347,1.607654411395835
187,223,d48d2e3b0dc01ccf,Pneumonia,off,0.1381567085264291,1.0,0.4606793467129944,0.6226273163198497,1.971870026946605
187,223,d48d2e3b0dc01ccf,Pneumonia,on,0.1381567085264291,1.0,0.6195874537480528,0.7651163536324779,1.9251349801495317
188,344,3b0617fc4bf3f405,Pneumonia,off,0.1315585573732146,1.0,0.5177727486730684,0.6778940277390776,2.0303091670400897
188,344,3b0617fc4bf3f405,Pneumonia,on,0.1315585573732146,1.0,0.4759485910858576,0.6449092171389468,2.723778678823506
189,343,f74f3a36930f15e4,Pneumonia,off,0.1626000808931382,1.0,0.5501056206316496,0.7085969241422609,2.167635873501874
189,343,f74f3a36930f15e4,Pneumonia,on,0.1626000808931382,1.0,0.5724630835844178,0.7281045253273712,2.304348769708103
190,334,121f00b6460da473,Pneumonia,off,0.1526248848734704,1.0,0.2270032949084788,0.3694081405783405,1.479749936421325
190,334,121f00b6460da473,Pneumonia,on,0.1526248848734704,1.0,0.2257650156710883,0.3683620267888894,1.2681065536035905
191,289,c47ec9ec3990eaf3,Pneumonia,off,0.1426984196599564,1.0,0.5394858144759607,0.6970093969047533,1.630636602592209
191,289,c47ec9ec3990eaf3,Pneumonia,on,0.1426984196599564,1.0,0.5535582025429295,0.7126125344002509,1.6870008153689269
192,288,d7bb30eed043ee33,Pneumonia,off,0.1701289904438889,1.0,0.5028554638220168,0.6636499997209377,2.3993384136716105
192,288,d7bb30eed043ee33,Pneumonia,on,0.1701289904438889,1.0,0.4341590932089171,0.605439547236592,2.5047631082924697
193,431,9f93ab8d1df09a76,Pneumothorax,off,0.1942507394899834,1.0,0.1557348079698229,0.2693837983621511,1.01743269075283
193,431,9f93ab8d1df09a76,Pneumothorax,on,0.1942507394899834,1.0,0.1626613570347041,0.2798077136405083,0.7129806125820848
194,430,14db6ee01e29879b,Pneumothorax,off,0.2000984362284305,1.0,0.1284883004599701,0.2254280965492955,2.0752485117260284
194,430,14db6ee01e29879b,Pneumothorax,on,0.2000984362284305,1.0,0.1091223604643727,0.1967695351521554,2.176186966390666
195,45,d81040617f1c56b9,Pneumothorax,off,0.1268219230150724,0.0,0.2664005618622049,0.4199019004043156,1.353629557120093
195,45,d81040617f1c56b9,Pneumothorax,on,0.1268219230150724,0.0,0.2866157130903919,0.4455294031573585,1.2583653477933254
196,206,1cf185c35f8ce322,Pneumothorax,off,0.2345852277434225,0.0,0.1678695770934428,0.2859621434734633,2.027024927027472
196,206,1cf185c35f8ce322,Pneumothorax,on,0.2345852277434225,0.0,0.1602820414082426,0.2762792393816386,2.00486313024803
197,207,fe64161a616d5561,Pneumonia,off,0.1659332680340531,1.0,0.5664406965165546,0.7167876281086342,2.134465447089014
197,207,fe64161a616d5561,Pneumonia,on,0.1659332680340531,1.0,0.6975782472909993,0.8218439729462703,1.6336014680573556
198,398,c3a8a9bbdf1983ae,Pneumothorax,off,0.1950109400659815,0.0,0.0645913801540335,0.1213385265258123,0.9654078782243624
198,398,c3a8a9bbdf1983ae,Pneumothorax,on,0.1950109400659815,0.0,0.0664065008286614,0.1245425627199642,0.5946185431470306
199,67,8bcac9f76ba883ad,Pneumothorax,off,0.2021889878124254,0.0,0.0691517531546392,0.1281101312348929,1.0437644220052642
199,67,8bcac9f76ba883ad,Pneumothorax,on,0.2021889878124254,0.0,0.0904223390430339,0.1658480896291478,0.5802874851986894
200,100,5ba3a4ec085622eb,Pneumothorax,off,0.2190985775477683,0.0,0.0089191499020494,0.0175038611685605,0.5282207624074351
200,100,5ba3a4ec085622eb,Pneumothorax,on,0.2190985775477683,0.0,0.0144961688034227,0.0285769055930307,-0.0597366298217899
201,412,6adfce3be1051462,Pneumothorax,off,0.1579950197116111,0.0,0.0597472846177594,0.1095421899881704,0.814386234668573
201,412,6adfce3be1051462,Pneumothorax,on,0.1579950197116111,0.0,0.0835664491486646,0.1542370951397233,0.4123094173534508
202,407,2d2ee9d090034632,Pneumothorax,off,0.2124565686690155,0.0,0.0486940313034794,0.0927333055425461,1.1956010572501112
202,407,2d2ee9d090034632,Pneumothorax,on,0.2124565686690155,0.0,0.0530099548718754,0.1006823755371043,0.8695857020036944
203,138,b6372b688f2df234,Pneumothorax,off,0.1904448635293773,0.0,0.1477219326394934,0.2572196470520086,1.5122877646895303
203,138,b6372b688f2df234,Pneumothorax,on,0.1904448635293773,0.0,0.1391915597121657,0.2443687616321493,1.2809902505472812
204,137,b1e72898c89b15bd,Pneumonia,off,0.1563430453829997,1.0,0.4840625715426204,0.6522266289668047,1.834814666175751
204,137,b1e72898c89b15bd,Pneumonia,on,0.1563430453829997,1.0,0.4961289659162591,0.6632158972153926,1.6238403260619558
205,238,b346774a4dbee0ea,Pneumonia,off,0.1089815748821932,1.0,0.6437287709674628,0.7811589692561369,2.590967446685376
205,238,b346774a4dbee0ea,Pneumonia,on,0.1089815748821932,1.0,0.6084841878680955,0.7565770786109688,3.4246514445210408
206,426,4120f29e59ccdaf6,Pneumothorax,off,0.2291419966960513,0.0,0.0553368819082248,0.1048335309723215,0.9865256117084878
206,426,4120f29e59ccdaf6,Pneumothorax,on,0.2291419966960513,0.0,0.0598016461234121,0.1128544113900504,0.7120173645646394
207,427,db25433da7613cdf,Pneumothorax,off,0.2165986871920822,0.0,0.0331573701192718,0.06293306965443,1.2882622326409598
207,427,db25433da7613cdf,Pneumothorax,on,0.2165986871920822,0.0,0.0566659962316072,0.1072542980013489,1.2727743439015324
208,280,96d3da5e8964b6d6,Pneumothorax,off,0.1939778469755225,1.0,0.429402749702031,0.5987688057885843,1.81341096249618
208,280,96d3da5e8964b6d6,Pneumothorax,on,0.1939778469755225,1.0,0.4205355799800587,0.5920674158014799,1.5977371954215087
209,378,b4acace0017c25d0,Pneumonia,off,0.1055119414840479,1.0,0.3996352087929263,0.5708899341952728,2.3056086772866644
209,378,b4acace0017c25d0,Pneumonia,on,0.1055119414840479,1.0,0.3130246901424385,0.4767941434172235,2.88180662577289
210,396,7d354e4232c4250f,Pneumonia,off,0.1607824218236042,1.0,0.3177331284750624,0.4812681662831181,0.7936558133718289
210,396,7d354e4232c4250f,Pneumonia,on,0.1607824218236042,1.0,0.352939915222049,0.5217369926998059,0.6782735893634354
211,69,53d456a7677f9d60,Pneumothorax,off,0.2083241963071795,0.0,0.1751425833328382,0.297706761338251,1.6303322513251768
211,69,53d456a7677f9d60,Pneumothorax,on,0.2083241963071795,0.0,0.1698738174154727,0.2904132280259667,1.608670952483764
212,125,80eec41176dc56fd,Pneumothorax,off,0.2181824383920783,1.0,0.1160707754023198,0.2075589943058903,1.6758829382879037
212,125,80eec41176dc56fd,Pneumothorax,on,0.2181824383920783,1.0,0.1220471198361792,0.2175417646262967,1.948634563854297
213,16,b193933781c53116,Pneumothorax,off,0.1728871540721898,0.0,0.1628929455597603,0.2764794493228565,1.6544314567826366
213,16,b193933781c53116,Pneumothorax,on,0.1728871540721898,0.0,0.1268212461168533,0.2250902467081115,1.906472226143265
214,325,a5bdd073b780ec4a,Pneumonia,off,0.1287224244550677,1.0,0.5065318563854337,0.6719196057314165,2.3461729551048056
214,325,a5bdd073b780ec4a,Pneumonia,on,0.1287224244550677,1.0,0.411456035245786,0.582992243829831,3.3361512180821777
215,11,175d85705c27b3df,Pneumonia,off,0.15183544581378,1.0,0.3580721471493866,0.525522536842931,1.899293733010964
215,11,175d85705c27b3df,Pneumonia,on,0.15183544581378,1.0,0.3509069610066925,0.5195101619884932,1.912241322987009
216,457,b47768dffffa9beb,Pneumothorax,off,0.2314274715046611,0.0,0.0733956722803438,0.136131638015491,0.8700645337056219
216,457,b47768dffffa9beb,Pneumothorax,on,0.2314274715046611,0.0,0.0649905590313632,0.1220450530682423,0.4444113900840392
217,413,be051a60e9c8a365,Pneumothorax,off,0.2102831747145593,1.0,0.3618102039265413,0.5312361476837915,1.362561824550962
217,413,be051a60e9c8a365,Pneumothorax,on,0.2102831747145593,1.0,0.3783837821665755,0.5490247869429071,0.9932190391223754
218,385,7ccf19b06023b219,Pneumothorax,off,0.1882519772524596,0.0,0.1652634255493762,0.2818273537749052,1.6281128021074402
218,385,7ccf19b06023b219,Pneumothorax,on,0.1882519772524596,0.0,0.1690684574953005,0.2892266874589613,1.6022412374353876
219,248,b968112f0bbfbd97,Pneumonia,off,0.1401887831430395,1.0,0.4405252465005061,0.6036323688516897,1.8745040614169584
219,248,b968112f0bbfbd97,Pneumonia,on,0.1401887831430395,1.0,0.6088580638283251,0.7568814693419511,1.690213823162964
220,357,e7127915e33fe1cd,Pneumothorax,off,0.1818292570013985,1.0,0.192553400887397,0.3210644556167628,1.4605035305762053
220,357,e7127915e33fe1cd,Pneumothorax,on,0.1818292570013985,1.0,0.1784247770816678,0.3028159156057577,1.101170816807714
221,356,04c74a41b993bc82,Pneumothorax,off,0.1691153896758914,1.0,0.2119005302062542,0.3458752660485022,1.6198928677414834
221,356,04c74a41b993bc82,Pneumothorax,on,0.1691153896758914,1.0,0.2115949133112994,0.3492646646552918,1.7872695794691695
222,260,d73038ab9e48f2c0,Pneumonia,off,0.1390192437953501,1.0,0.5555905760266368,0.7085442192069654,2.2729466627617407
222,260,d73038ab9e48f2c0,Pneumonia,on,0.1390192437953501,1.0,0.3509840872514754,0.5194508710335903,3.25359518065311
223,32,62eada75bf2837e8,Pneumonia,off,0.1241563479184636,1.0,0.6313356447783479,0.7692800055778812,2.4211341764743506
223,32,62eada75bf2837e8,Pneumonia,on,0.1241563479184636,1.0,0.5666650020924369,0.7233433884953165,3.4989550303439474
224,70,e3504747c728649b,Pneumothorax,off,0.17968997461125,0.0,0.0524624554516356,0.0962096706255435,1.0750793367277152
224,70,e3504747c728649b,Pneumothorax,on,0.17968997461125,0.0,0.1146068490507979,0.2056431163016308,0.6870693141441031
225,79,8a8c5bb34a6b86f0,Pneumothorax,off,0.1738276586309567,1.0,0.2463648128850753,0.395170663677766,1.4985345944375783
225,79,8a8c5bb34a6b86f0,Pneumothorax,on,0.1738276586309567,1.0,0.2543261844627359,0.4055178889633081,1.1956906292341472
226,135,8f7cd7675aaf7c8c,Pneumothorax,off,0.1718881725460384,0.0,0.0664427952165321,0.1243799501218102,0.8374754576942026
226,135,8f7cd7675aaf7c8c,Pneumothorax,on,0.1718881725460384,0.0,0.0752698123411333,0.140001319607153,0.5812567180088297
227,144,ef34d81df7c0b493,Pneumonia,off,0.1391946746975035,1.0,0.5639417097381644,0.719001780973225,2.022465805909653
227,144,ef34d81df7c0b493,Pneumonia,on,0.1391946746975035,1.0,0.5745963167762281,0.7298261825561667,1.9502455641826928
228,145,9d58e7f871787719,Pneumonia,off,0.1538675204303904,0.0,0.0934580215968175,0.1637102905019445,0.733430899877808
228,145,9d58e7f871787719,Pneumonia,on,0.1538675204303904,0.0,0.1731876653150024,0.2952428775964574,0.6331906005923491
229,37,f4555291d75fe507,Pneumothorax,off,0.1783547505226378,1.0,0.4256802566109838,0.5967319867827396,1.638247472849414
229,37,f4555291d75fe507,Pneumothorax,on,0.1783547505226378,1.0,0.4420214510086342,0.6130576373054341,1.3789830013867443
230,172,9e8b2f979cd78f75,Pneumonia,off,0.1414557841030364,1.0,0.4616632884544841,0.6184620691795982,1.926216370687981
230,172,9e8b2f979cd78f75,Pneumonia,on,0.1414557841030364,1.0,0.6188366470322161,0.7645387892582771,2.1377723502264083
231,399,2530a1d7ac18389f,Pneumothorax,off,0.1963266718321321,1.0,0.2742948561279327,0.4300761399608682,1.3890337711951937
231,399,2530a1d7ac18389f,Pneumothorax,on,0.1963266718321321,1.0,0.235593165390772,0.3813439292091696,0.9456180362090169
232,382,c62c43b5231675b0,Pneumothorax,off,0.1899721747096862,0.0,0.2010765349731336,0.3345568608571326,1.5923831363826364
232,382,c62c43b5231675b0,Pneumothorax,on,0.1899721747096862,0.0,0.2110983919115797,0.3486024035063874,1.783082448085019
233,394,e1ee24695381078c,Pneumothorax,off,0.228693673279437,1.0,0.1085400910012007,0.1953419502932693,1.5036471584782327
233,394,e1ee24695381078c,Pneumothorax,on,0.228693673279437,1.0,0.1302666564452113,0.2305057728176101,1.8159908144048225
234,201,885246ee6a0cbe93,Pneumothorax,off,0.2096886588794838,0.0,0.045431887413998,0.0869025292786269,0.7595659287021653
234,201,885246ee6a0cbe93,Pneumothorax,on,0.2096886588794838,0.0,0.0488199751284563,0.0930950176830817,0.5846520969963911
235,116,0534d639197316e3,Pneumonia,off,0.1319289114999829,1.0,0.2864862589345268,0.4377839115829061,1.338470551880764
235,116,0534d639197316e3,Pneumonia,on,0.1319289114999829,1.0,0.4899564436087198,0.6576783729669289,1.233241306480077
236,118,597abd2b1fb4b28c,Pneumonia,off,0.155183252196541,1.0,0.5672562177897991,0.7219311655901689,2.4161753023292625
236,118,597abd2b1fb4b28c,Pneumonia,on,0.155183252196541,1.0,0.4336819775228415,0.6048600195943422,3.2632185057024645
237,230,e6689043e54e49db,Pneumothorax,off,0.1382492970581212,1.0,0.3386139048496311,0.5004862474893115,1.5166870623120363
237,230,e6689043e54e49db,Pneumothorax,on,0.1382492970581212,1.0,0.4494715339520896,0.62018501518227,1.3010385432166114
238,231,87e1e30b9906f02d,Pneumothorax,off,0.1736181161644957,1.0,0.2743807657897011,0.4291211530803916,1.1995351577782616
238,231,87e1e30b9906f02d,Pneumothorax,on,0.1736181161644957,1.0,0.3138539335572507,0.4777607556127405,0.9583203288859986
239,159,ec1c1b6a957bd691,Pneumonia,off,0.1533363546433148,1.0,0.4616021026598497,0.6264375521602681,1.6666477230193997
239,159,ec1c1b6a957bd691,Pneumonia,on,0.1533363546433148,1.0,0.5837719473498293,0.7371884346013424,1.327871838971992
240,411,d4c0f96bcd7c42a0,Pneumothorax,off,0.2311545789902002,0.0,0.0683108910616153,0.1272076305006163,0.9625583386421862
240,411,d4c0f96bcd7c42a0,Pneumothorax,on,0.2311545789902002,0.0,0.0610045349016134,0.1149920000459674,0.4082690622702045
241,91,5a5ab9e7fc7ac9c1,Pneumonia,off,0.1158526185498686,1.0,0.5372907724761395,0.6963174150673568,2.080332560372981
241,91,5a5ab9e7fc7ac9c1,Pneumonia,on,0.1158526185498686,1.0,0.5925340436461569,0.7441333139422726,2.454157278450054
242,387,0fc1bd6976bca990,Pneumothorax,off,0.2072959762973359,1.0,0.1941659964327305,0.3248678217638347,1.4204331158541246
242,387,0fc1bd6976bca990,Pneumothorax,on,0.2072959762973359,1.0,0.1925223810917774,0.3228819822929778,1.1265267740211664
243,71,ef6749004f2f4cc3,Pneumonia,off,0.1730430926518817,0.0,0.1855750531729509,0.3124893998859998,1.3963064836947217
243,71,ef6749004f2f4cc3,Pneumonia,on,0.1730430926518817,0.0,0.1500812423494588,0.2609913102327699,1.192955896150622
244,160,b49bdd3279bc0b27,Pneumonia,off,0.1278160314606084,1.0,0.5344709240871701,0.6920161383061598,1.915662264304652
244,160,b49bdd3279bc0b27,Pneumonia,on,0.1278160314606084,1.0,0.5475963748516391,0.7076553993319461,1.747253302924936
245,156,b6bb19f178bd17d9,Pneumonia,off,0.1584969470149944,1.0,0.3513967475899409,0.514112818019407,1.5898667149966417
245,156,b6bb19f178bd17d9,Pneumonia,on,0.1584969470149944,1.0,0.5204230867587067,0.684570853470237,1.1560085873060104
246,179,2a8d2dfcfc83516d,Pneumothorax,off,0.1672343805583575,1.0,0.5266316320379703,0.6898205136222378,2.299258395159128
246,179,2a8d2dfcfc83516d,Pneumothorax,on,0.1672343805583575,1.0,0.5118458338080514,0.6771118971701676,2.3359796423829877
247,314,edc87ee173bd5f41,Pneumonia,off,0.1339512399553626,1.0,0.2522361163390335,0.3990776604154314,0.8415699965591776
247,314,edc87ee173bd5f41,Pneumonia,on,0.1339512399553626,1.0,0.3598878062535617,0.529290315421777,0.7154904017574577
248,237,620d12ad6a1b20b4,Pneumonia,off,0.1151411487800242,1.0,0.6185273026864234,0.7617304301106868,2.411418082817217
248,237,620d12ad6a1b20b4,Pneumonia,on,0.1151411487800242,1.0,0.5050336754821899,0.6710835442909524,3.009734324339714
249,3,ffb56bf454825a08,Pneumonia,off,0.1597103440882222,1.0,0.3581311898731164,0.5270675582230628,1.5264791943981626
249,3,ffb56bf454825a08,Pneumonia,on,0.1597103440882222,1.0,0.354191760435251,0.5231019390506535,1.341405218485858
250,175,6bcddd6d8e8c8a7e,Pneumothorax,off,0.1790662202924823,1.0,0.1753034999810933,0.2952537678984505,1.4671196617522506
250,175,6bcddd6d8e8c8a7e,Pneumothorax,on,0.1790662202924823,1.0,0.2372761334632682,0.3835418188890961,1.5788666584082742
251,216,811bd9a2d86b8853,Pneumonia,off,0.1432636970113396,1.0,0.3322549674034899,0.491410669742286,1.5475278660247282
251,216,811bd9a2d86b8853,Pneumonia,on,0.1432636970113396,1.0,0.4963199624814599,0.6633873905041804,1.2954823991879645
252,17,6dd0d0da8c7f6300,Pneumothorax,off,0.1658699179860532,1.0,0.3133530736928624,0.4771752785266054,1.8643221928609592
252,17,6dd0d0da8c7f6300,Pneumothorax,on,0.1658699179860532,1.0,0.3086238561055957,0.471676298120845,1.8387827885679493
253,285,598076fbf61dbe60,Pneumonia,off,0.1395406634211949,1.0,0.3845185376139627,0.5551389074561729,1.3875141182363913
253,285,598076fbf61dbe60,Pneumonia,on,0.1395406634211949,1.0,0.3909767002557776,0.5621604277098917,1.12330136039857
254,241,a670c2be27314d9a,Pneumothorax,off,0.2046645127650346,0.0,0.031786534327378,0.0615567379308499,1.1998811351367065
254,241,a670c2be27314d9a,Pneumothorax,on,0.2046645127650346,0.0,0.0370362603581666,0.0714271230324837,1.108915833906846
255,384,7bc902cd7893af5d,Pneumothorax,off,0.1868241646321555,0.0,0.1450416898711479,0.2527606870077471,1.4226943968180286
255,384,7bc902cd7893af5d,Pneumothorax,on,0.1868241646321555,0.0,0.1392160097513317,0.2444031356858363,1.4016269162466446
256,440,4e0539034217998c,Pneumothorax,off,0.1605387677928356,0.0,0.1537691500773387,0.2663602034776322,0.8065847365813787
256,440,4e0539034217998c,Pneumothorax,on,0.1605387677928356,0.0,0.1581651671109189,0.2731300095982766,0.490892031627703
257,203,f78528ae0274616b,Pneumonia,off,0.1186741322261694,1.0,0.5860121312293104,0.7380163007664402,2.207539835768495
257,203,f78528ae0274616b,Pneumonia,on,0.1186741322261694,1.0,0.5132497605862396,0.6783223578869887,2.490200173461904
258,50,0aa92d922a58e312,Pneumothorax,off,0.1758743524894132,1.0,0.2347400413889555,0.3728681303677864,1.8048848745076695
258,50,0aa92d922a58e312,Pneumothorax,on,0.1758743524894132,1.0,0.2983660800895694,0.4595824915516401,2.210590995853982
259,375,a94f884b732e3bcd,Pneumothorax,off,0.1971599686173608,0.0,0.3698326913838217,0.5396269868574822,1.5959084252188174
259,375,a94f884b732e3bcd,Pneumothorax,on,0.1971599686173608,0.0,0.3901896208804189,0.5613472452240732,1.3673430657549512
260,299,5567de030f328352,Pneumothorax,off,0.1847336130481606,0.0,0.1308985903214786,0.2310790623013642,0.880034324879814
260,299,5567de030f328352,Pneumothorax,on,0.1847336130481606,0.0,0.1352177205082124,0.2382225991527186,0.5529967162595238
261,300,a9b8cc2d0d94d723,Pneumonia,off,0.110808980112958,1.0,0.7068104049441504,0.8259076847505993,2.5559163035661885
261,300,a9b8cc2d0d94d723,Pneumonia,on,0.110808980112958,1.0,0.595682354465626,0.7464275232174963,4.685237366920471
262,438,33572e77c0536600,Pneumothorax,off,0.1805573829607863,0.0,0.1944269091583051,0.3216410746147017,1.49224733731222
262,438,33572e77c0536600,Pneumothorax,on,0.1805573829607863,0.0,0.2498738041296889,0.3998187946492993,1.740235183459387
263,200,c930d55d4bb7581b,Pneumothorax,off,0.1996111281668932,1.0,0.1161734068041669,0.20798204412478,1.1789089136838284
263,200,c930d55d4bb7581b,Pneumothorax,on,0.1996111281668932,1.0,0.1204247623562461,0.2149626748488554,0.7917770553640874
264,360,12e5aab946d1ee7e,Pneumonia,off,0.1293851634187584,1.0,0.673561100588195,0.8038972533926554,3.2410620673619306
264,360,12e5aab946d1ee7e,Pneumonia,on,0.1293851634187584,1.0,0.439488873519279,0.6105842966494448,3.565933003220704
265,333,b1769427b211c108,Pneumonia,off,0.1445453172131826,1.0,0.4855216431545078,0.6480999917189015,1.870452781916304
265,333,b1769427b211c108,Pneumonia,on,0.1445453172131826,1.0,0.6785805431732493,0.8085131443073369,1.6223610446568466
266,167,0ff3d1e08ba008d3,Pneumonia,off,0.1357445336218197,1.0,0.3481526713252229,0.5074597092425892,1.2508916982777705
266,167,0ff3d1e08ba008d3,Pneumonia,on,0.1357445336218197,1.0,0.5110955419056278,0.6764556922574329,1.1208303534971151
267,197,35f82d500ee2a3fd,Pneumonia,off,0.106808180927737,1.0,0.3114633685123237,0.471377265723723,1.4473550495583618
267,197,35f82d500ee2a3fd,Pneumonia,on,0.106808180927737,1.0,0.3552652989699601,0.5242382881023026,1.4990512653092376
268,266,999591b2d12b3d78,Pneumothorax,off,0.183705393038317,1.0,0.5120090847625822,0.6688223567681704,1.7596888339113894
268,266,999591b2d12b3d78,Pneumothorax,on,0.183705393038317,1.0,0.5672264969531884,0.7238365133126756,1.397413567231186
269,54,d6ee87b326190f6d,Pneumothorax,off,0.1839344278272395,0.0,0.0733962226128574,0.1343420853362454,1.1460901810669744
269,54,d6ee87b326190f6d,Pneumothorax,on,0.1839344278272395,0.0,0.1014095543081158,0.1841449931446692,0.9356764617724356
270,102,e750eb553f2a9a6e,Pneumothorax,off,0.2033828925631916,0.0,0.0866364779154697,0.1583644115094255,1.184977517329584
270,102,e750eb553f2a9a6e,Pneumothorax,on,0.2033828925631916,0.0,0.0973242600146064,0.1773810424210124,0.9330691614705812
271,55,ba571a0593f57813,Pneumonia,off,0.1756112061361831,1.0,0.5288290456905969,0.6703515454030816,2.2987558377654307
271,55,ba571a0593f57813,Pneumonia,on,0.1756112061361831,1.0,0.2353168921993413,0.3809424252316873,2.60079515985946
272,346,c892bb0055c22cd0,Pneumonia,off,0.1339561130359779,1.0,0.3601774481542644,0.5291099725176804,1.8080499906628045
272,346,c892bb0055c22cd0,Pneumonia,on,0.1339561130359779,1.0,0.3273802127430022,0.4932562868342598,1.8491642777382016
273,84,5f39db396249a1f2,Pneumonia,off,0.1533899585300839,0.0,0.1351418824635923,0.2376637426769876,1.4981487464269396
273,84,5f39db396249a1f2,Pneumonia,on,0.1533899585300839,0.0,0.1509510754494379,0.2623062965108512,1.799227688343719
274,265,68cb4910636dcabb,Pneumothorax,off,0.1507195103528597,0.0,0.120895989486671,0.2155384514620175,1.6181993363241685
274,265,68cb4910636dcabb,Pneumothorax,on,0.1507195103528597,0.0,0.1129533245135519,0.2029790012501761,1.5894315761756186
275,306,49a6faf066875f4a,Pneumothorax,off,0.2058389251933394,0.0,0.1139313198085067,0.2044784560240781,0.6346269128502846
275,306,49a6faf066875f4a,Pneumothorax,on,0.2058389251933394,0.0,0.1172259707015631,0.2098515922041957,0.3390278592462531
276,305,fa851a693e873d99,Pneumothorax,off,0.1643202783503647,1.0,0.4137500743037312,0.584689470745601,1.2827061128195616
276,305,fa851a693e873d99,Pneumothorax,on,0.1643202783503647,1.0,0.3932262638719511,0.5644814229392999,1.0620486211192353
277,275,1626d35d84c0d1b3,Pneumonia,off,0.1366606727775097,1.0,0.313213378690877,0.4740992450718721,1.9988824862109744
277,275,1626d35d84c0d1b3,Pneumonia,on,0.1366606727775097,1.0,0.2669676884636772,0.4214137477222406,2.95852293624758
278,97,d486789ebff1ab61,Pneumothorax,off,0.1950596708721352,0.0,0.308381297212809,0.4711514913847039,1.1434405876084002
278,97,d486789ebff1ab61,Pneumothorax,on,0.1950596708721352,0.0,0.3092498199526953,0.4724067866906258,0.8758155885556437
279,43,40930f98f262039d,Pneumonia,off,0.175689175426029,1.0,0.5445583573794984,0.7025013775238526,1.896361267408748
279,43,40930f98f262039d,Pneumonia,on,0.175689175426029,1.0,0.6200257489865304,0.7654516159947351,1.5954314060475785
280,318,ced43a28077174f6,Pneumothorax,off,0.209469370251792,0.0,0.2457232870105268,0.3904484596138506,1.7739161483140815
280,318,ced43a28077174f6,Pneumothorax,on,0.209469370251792,0.0,0.1901844307877647,0.3195839150846667,1.6496122094970598
281,225,9ea7c3106d11cc69,Pneumothorax,off,0.1855717829140047,0.0,0.0804704931490606,0.1446017996699629,0.8452006905661645
281,225,9ea7c3106d11cc69,Pneumothorax,on,0.1855717829140047,0.0,0.0836309923420853,0.1543375733770654,0.2934863544122631
282,405,96eed73623de6a68,Pneumothorax,off,0.1531268121768538,1.0,0.2680910453884044,0.4224040025803198,1.1507717429120574
282,405,96eed73623de6a68,Pneumothorax,on,0.1531268121768538,1.0,0.2559529432737183,0.4075813066555092,0.8311651383776593
283,40,191a1b3130859e8b,Pneumonia,off,0.1635893162580588,1.0,0.3905214350101023,0.5516524253060289,1.7551412757855336
283,40,191a1b3130859e8b,Pneumonia,on,0.1635893162580588,1.0,0.5657249308438029,0.7226337570065064,1.3361479058419017
284,41,329aca38ff02024a,Pneumonia,off,0.1539893474457748,1.0,0.412446830984137,0.583917178494769,1.6842979295083431
284,41,329aca38ff02024a,Pneumonia,on,0.1539893474457748,1.0,0.405976818558084,0.5775013526391712,1.2517294559612409
285,185,73562db6efa6210f,Pneumonia,off,0.1196877329941669,1.0,0.5397274808710681,0.6954222803309534,2.7918460991217664
285,185,73562db6efa6210f,Pneumonia,on,0.1196877329941669,1.0,0.3842200486181767,0.555025735357346,3.5564688507395767
286,77,e288c9756beb2cef,Pneumothorax,off,0.1810300717804774,0.0,0.046770122787015,0.0893135506294673,1.6941977704429385
286,77,e288c9756beb2cef,Pneumothorax,on,0.1810300717804774,0.0,0.0440261465502235,0.0843387489003854,2.2131471503662192
287,337,6688f90e8260bfea,Pneumothorax,off,0.1849236631921602,0.0,0.0054411409737744,0.010644241813419,1.0987118627544823
287,337,6688f90e8260bfea,Pneumothorax,on,0.1849236631921602,0.0,0.0345573209978129,0.0668017262209011,1.0962149088621276
288,253,ae0ac7c7b7034072,Pneumothorax,off,0.2030076653558079,1.0,0.1887795582864927,0.3175907647466743,1.2527932943991256
288,253,ae0ac7c7b7034072,Pneumothorax,on,0.2030076653558079,1.0,0.190022993917965,0.3193601113172348,0.9382420728863636
289,95,1099b54355b5823b,Pneumothorax,off,0.1925549074358337,1.0,0.4176367931120152,0.5703767876557619,1.7183163735413458
289,95,1099b54355b5823b,Pneumothorax,on,0.1925549074358337,1.0,0.5290515649308778,0.6919691452425869,1.1213051261751517
290,112,1032f70bdb2e9251,Pneumothorax,off,0.1748315132377235,1.0,0.235288120754835,0.3806017209299178,0.984537194235447
290,112,1032f70bdb2e9251,Pneumothorax,on,0.1748315132377235,1.0,0.1998279271247356,0.3330941365789237,0.4692746720620609
291,252,423b0dd1b9cc0017,Pneumonia,off,0.1554512716303865,1.0,0.2147751450948905,0.3467892557890129,1.5270160908471166
291,252,423b0dd1b9cc0017,Pneumonia,on,0.1554512716303865,1.0,0.5323461101957698,0.6948047351678388,1.1829285095298627
292,24,e901609118d83284,Pneumonia,off,0.1388779244575043,1.0,0.4609753216440808,0.6204809572942128,2.006671729946881
292,24,e901609118d83284,Pneumonia,on,0.1388779244575043,1.0,0.4501583065438806,0.6207952565286055,2.3259870773987528
293,48,4ffb5060113e379b,Pneumothorax,off,0.2116037795613252,0.0,0.0884146277252005,0.1567748299392527,1.330429566043327
293,48,4ffb5060113e379b,Pneumothorax,on,0.2116037795613252,0.0,0.1552933048233829,0.2688377890023784,1.4084550771715811
294,331,0ed0789928a2b1d8,Pneumonia,off,0.1386830012328894,1.0,0.2020292498872687,0.3299372941921698,1.2393423916612076
294,331,0ed0789928a2b1d8,Pneumonia,on,0.1386830012328894,1.0,0.4615363483832764,0.6315711224597635,0.9416513699252034
295,276,62ad2c96692ed14a,Pneumonia,off,0.1215297574667777,1.0,0.5593593981504268,0.7160548884276152,3.05412862779246
295,276,62ad2c96692ed14a,Pneumonia,on,0.1215297574667777,1.0,0.2483649515217176,0.3978859637258826,3.2045445043744145
296,12,a6abcbfc061442d5,Pneumothorax,off,0.2064431871896457,0.0,0.087563655959763,0.160923840225047,0.968815510881217
296,12,a6abcbfc061442d5,Pneumothorax,on,0.2064431871896457,0.0,0.0817723832184336,0.1511815800452592,0.572078640973098
297,449,98bf201558bb09ad,Pneumothorax,off,0.2242640430000633,0.0,0.0289789328727406,0.0563234637162206,1.0071279069374852
297,449,98bf201558bb09ad,Pneumothorax,on,0.2242640430000633,0.0,0.0296539081466197,0.0575997452621171,0.6487804334810631
298,83,e2544b85fe79e487,Pneumothorax,off,0.1558070065153088,1.0,0.2695500318958663,0.4223491346740095,1.2024404771637105
298,83,e2544b85fe79e487,Pneumothorax,on,0.1558070065153088,1.0,0.3349279763324878,0.501790478789198,1.0909102484506847
299,82,0c4238b2f5c4388b,Pneumothorax,off,0.163657539386674,0.0,0.0639351047954976,0.1201721845690723,0.6518805680481905
299,82,0c4238b2f5c4388b,Pneumothorax,on,0.163657539386674,0.0,0.0670105576894239,0.1256039860908347,0.3741552030967559
300,63,246bf9a8cfbb0c68,Pneumonia,off,0.1306765297818321,1.0,0.5430538024862346,0.692960512874903,2.4385644576790098
300,63,246bf9a8cfbb0c68,Pneumonia,on,0.1306765297818321,1.0,0.8493413446597122,0.9185332385257826,3.139804396066672
301,62,ba0d34c73de98ddb,Pneumonia,off,0.0864776886004025,1.0,0.374554042939156,0.5419518231925089,1.179295916148238
301,62,ba0d34c73de98ddb,Pneumonia,on,0.0864776886004025,1.0,0.4678510159976604,0.6374634366103619,1.2252707664134033
302,271,2e657ea72ea7deff,Pneumothorax,off,0.2090600314801007,0.0,0.1189133180048293,0.2116867064937785,1.662896600544342
302,271,2e657ea72ea7deff,Pneumothorax,on,0.2090600314801007,0.0,0.1071299434674415,0.193526392536927,1.505338515767078
303,227,9e1bcaf497d1a364,Pneumonia,off,0.1133186166298749,1.0,0.4009427145954072,0.5688688262643807,1.7649171483077386
303,227,9e1bcaf497d1a364,Pneumonia,on,0.1133186166298749,1.0,0.5175309742402157,0.6820689521239143,1.743625621185058
304,111,9a9f1ec1bf6c1e2a,Pneumothorax,off,0.1474496732599447,0.0,0.2324581173537062,0.365012267903855,0.5578213958647258
304,111,9a9f1ec1bf6c1e2a,Pneumothorax,on,0.1474496732599447,0.0,0.1228829051840365,0.2126360228423392,0.1436969541669905
305,369,8dbb7830188b30a1,Pneumothorax,off,0.1948891130505972,0.0,0.0357569333462572,0.0680426088191542,1.3916348702038022
305,369,8dbb7830188b30a1,Pneumothorax,on,0.1948891130505972,0.0,0.0605099240181594,0.1141144758857704,1.9795021810878857
306,368,88b21b07728d1294,Pneumonia,off,0.1478687581928668,1.0,0.6138845422732265,0.7536818768744489,2.9250613161887697
306,368,88b21b07728d1294,Pneumonia,on,0.1478687581928668,1.0,0.280192829424717,0.4376317895218307,2.997971973852437
307,295,81e0c859cc208433,Pneumonia,off,0.1295216096759888,1.0,0.3042349286851188,0.4586652964377508,1.481574623776806
307,295,81e0c859cc208433,Pneumonia,on,0.1295216096759888,1.0,0.5958488533433849,0.7467414957705184,1.38594520506048
308,130,7320038e0603d2e2,Pneumothorax,off,0.2077101881496425,0.0,0.0179713423169538,0.0350447719216552,0.9683130897774508
308,130,7320038e0603d2e2,Pneumothorax,on,0.2077101881496425,0.0,0.0201446013670708,0.039492436159671,0.4982288964539581
309,6,d2d092a91fc0eca9,Pneumothorax,off,0.2059217675638008,0.0,0.0527000590039555,0.1000009639317422,1.412438652433169
309,6,d2d092a91fc0eca9,Pneumothorax,on,0.2059217675638008,0.0,0.0571674193413492,0.1081517015321708,1.458899235397538
310,113,3a3bfb40eb6e865c,Pneumothorax,off,0.1906836444795306,0.0,0.2539706558879739,0.4048532319239233,1.4377946666940624
310,113,3a3bfb40eb6e865c,Pneumothorax,on,0.1906836444795306,0.0,0.2570908160538182,0.4090232624087538,1.185442285616063
311,115,e059a2b12b2f8a9d,Pneumothorax,off,0.1708794448586563,0.0,0.0851457668128845,0.1565536401202592,1.225252222833758
311,115,e059a2b12b2f8a9d,Pneumothorax,on,0.1708794448586563,0.0,0.1072430583827633,0.1937117015480094,1.2480258819901064
312,114,02d1b5cb5d840174,Pneumothorax,off,0.1603730830519129,0.0,0.0495486314071166,0.0923680429667673,0.3347975598865215
312,114,02d1b5cb5d840174,Pneumothorax,on,0.1603730830519129,0.0,0.0963846012076082,0.1758195301036553,0.2141516396842673
313,85,af1c5742d0805ffb,Pneumothorax,off,0.2175489379120798,0.0,0.1995636008341636,0.332668110750788,1.4369876148036602
313,85,af1c5742d0805ffb,Pneumothorax,on,0.2175489379120798,0.0,0.2008225255200762,0.334474588844193,1.0968416350640535
314,76,2117e37867972f29,Pneumonia,off,0.131158964762754,1.0,0.2834968250809643,0.4345935365633175,0.94739413585708
314,76,2117e37867972f29,Pneumonia,on,0.131158964762754,1.0,0.3940704604717042,0.5653352892768705,0.8417644474123186
315,105,03309e7059c9e1aa,Pneumothorax,off,0.204878928312111,0.0,0.0,0.0,-0.5741694556178398
315,105,03309e7059c9e1aa,Pneumothorax,on,0.204878928312111,0.0,0.0,0.0,-0.5258154006330351
316,425,2a5f54f58033adc0,Pneumothorax,off,0.1980956000955124,1.0,0.2158774572792314,0.3536628350441173,1.4571837537379508
316,425,2a5f54f58033adc0,Pneumothorax,on,0.1980956000955124,1.0,0.1965201546267187,0.3284832144584101,1.088537286775718
317,242,adefe62649625a81,Pneumothorax,off,0.1987729583010491,1.0,0.3025993321786641,0.4644679780785695,1.608921328040333
317,242,adefe62649625a81,Pneumothorax,on,0.1987729583010491,1.0,0.3081880144240729,0.4711674366558688,1.314935364697137
318,243,cb9183bb73f82ec1,Pneumonia,off,0.1435365895258005,1.0,0.4737445194598987,0.6409041244011078,1.7536703846565451
318,243,cb9183bb73f82ec1,Pneumonia,on,0.1435365895258005,1.0,0.4991487559428858,0.665878305886201,1.6057199331692016
319,92,751bb22cbcb548d1,Pneumothorax,off,0.1738715163564951,0.0,0.1079231368811908,0.1946222180800769,1.329890856341068
319,92,751bb22cbcb548d1,Pneumothorax,on,0.1738715163564951,0.0,0.098735842834094,0.1797252889595009,1.1687448953090906
320,56,58c0774016deff7f,Pneumothorax,off,0.1973110341164373,1.0,0.2158838397146184,0.3509626448238646,1.3588964260439775
320,56,58c0774016deff7f,Pneumothorax,on,0.1973110341164373,1.0,0.1876227051570005,0.3159498299754214,1.0326853828691254
321,244,e2372b2d3608f078,Pneumothorax,off,0.2160480290825451,0.0,0.1311855865138603,0.2297585837846066,1.6412734538700062
321,244,e2372b2d3608f078,Pneumothorax,on,0.2160480290825451,0.0,0.1221833326389385,0.2177525655706825,2.0923620374380043
322,298,4870c4448aaec7b1,Pneumonia,off,0.1248629446076926,1.0,0.4843127189183525,0.6495897661391743,2.767342741808504
322,298,4870c4448aaec7b1,Pneumonia,on,0.1248629446076926,1.0,0.1951951850979325,0.3266255495246508,2.9202675942021914
323,376,5b02f529850ec43a,Pneumonia,off,0.1233961473424654,1.0,0.4800823858900825,0.641760058587446,1.9699171948455665
323,376,5b02f529850ec43a,Pneumonia,on,0.1233961473424654,1.0,0.6499043470245732,0.787804564502607,1.89175284486562
324,22,c471fb69beaa4fad,Pneumothorax,off,0.2062336447231846,0.0,0.1685078908696368,0.2879586777557829,1.3742486636266145
324,22,c471fb69beaa4fad,Pneumothorax,on,0.2062336447231846,0.0,0.1745267529768535,0.297185577563355,1.1036847484144048
325,21,6756182e25db6216,Pneumothorax,off,0.2178559419908483,0.0,0.0866912358637571,0.1594946770177971,1.0749988508540445
325,21,6756182e25db6216,Pneumothorax,on,0.2178559419908483,0.0,0.0952493044056778,0.1739317281566584,0.9335422012721428
326,88,b717e0e9f48ec793,Pneumonia,off,0.0962725806373014,1.0,0.4972400405212428,0.6568119435571409,2.175993850524134
326,88,b717e0e9f48ec793,Pneumonia,on,0.0962725806373014,1.0,0.5139334859464919,0.6788797902676789,2.9253232667981446
327,249,089ce8d3c9aa17ec,Pneumothorax,off,0.2012533563342738,0.0,0.0687996919071418,0.1285608223068846,1.8550550720788628
327,249,089ce8d3c9aa17ec,Pneumothorax,on,0.2012533563342738,0.0,0.0629029888760955,0.118360291843326,2.0062733323764856
328,8,b845911f4dc57432,Pneumonia,off,0.1177336276674025,1.0,0.4963648449252973,0.6536357648045427,2.009207432823094
328,8,b845911f4dc57432,Pneumonia,on,0.1177336276674025,1.0,0.6382499037612165,0.7791776310413978,3.4158688520918505
329,403,779d0f06242503f4,Pneumothorax,off,0.1992895048462786,0.0,0.0437421048751005,0.0826538111909053,1.0526146622741206
329,403,779d0f06242503f4,Pneumothorax,on,0.1992895048462786,0.0,0.0654942817087458,0.1229356773421673,0.6790409144153502
330,402,4bb674f158c41a32,Pneumonia,off,0.1235715782446189,1.0,0.690392316428048,0.8111995402766856,3.5431221849635044
330,402,4bb674f158c41a32,Pneumonia,on,0.1235715782446189,1.0,0.3770139995275802,0.5475635962254932,3.4633508179118917
331,141,ca20960c58c911d2,Pneumonia,off,0.1526687425990088,1.0,0.4385223274569054,0.6060832523484475,1.81480522658632
331,141,ca20960c58c911d2,Pneumonia,on,0.1526687425990088,1.0,0.512024447992943,0.6772682034005368,1.6599560328010043
332,174,bd6813023681f3ff,Pneumothorax,off,0.239521658406795,0.0,0.1209063414569925,0.2153619422938077,1.552141054518819
332,174,bd6813023681f3ff,Pneumothorax,on,0.239521658406795,0.0,0.1209646403764955,0.2158212356515385,1.8421226372147543
333,239,1d11168139d68001,Pneumonia,off,0.1010433265597512,1.0,0.5947700283186664,0.7379755750328354,2.2964667510228223
333,239,1d11168139d68001,Pneumonia,on,0.1010433265597512,1.0,0.6345957228628919,0.7764248135098859,3.1312701995000407
334,282,654c34f32a0119be,Pneumonia,off,0.1695442207700442,1.0,0.4167627014001581,0.5775237555800924,1.8093233818580297
334,282,654c34f32a0119be,Pneumonia,on,0.1695442207700442,1.0,0.3751877337966915,0.5456121178212201,1.940768817772836
335,335,fa2be29d6e38c9f5,Pneumonia,off,0.1608652641940655,1.0,0.5856840148487177,0.7361331063179389,2.1823179979893617
335,335,fa2be29d6e38c9f5,Pneumonia,on,0.1608652641940655,1.0,0.6667908568572574,0.8000886539637474,1.941791313415933
336,304,bf2ac14fa2df62e6,Pneumothorax,off,0.1802308865595563,1.0,0.4419115302424513,0.6090737710773361,2.136956709172753
336,304,bf2ac14fa2df62e6,Pneumothorax,on,0.1802308865595563,1.0,0.3964361853488669,0.5677709601740253,2.1531356575019056
337,224,adbb1682ee33ffa6,Pneumothorax,off,0.2130072267785526,0.0,0.0041527098556283,0.0082579976508167,0.7713743827086194
337,224,adbb1682ee33ffa6,Pneumothorax,on,0.2130072267785526,0.0,0.0045006087863111,0.0089608428878135,0.226398470326632
338,94,cb50623d468b9c03,Pneumothorax,off,0.1667665648192818,1.0,0.3780342199282869,0.5382738066876067,1.583547647564535
338,94,cb50623d468b9c03,Pneumothorax,on,0.1667665648192818,1.0,0.487886563396512,0.6557966504708732,1.0240456536902904
339,60,cea6127ed387cbd4,Pneumonia,off,0.1190298671110916,1.0,0.4147186795184955,0.5791386589667963,2.232280566077208
339,60,cea6127ed387cbd4,Pneumonia,on,0.1190298671110916,1.0,0.6325934331333822,0.7749462467550925,3.4317054364194988
340,59,d70d2b1a08b95126,Pneumonia,off,0.143882578249492,1.0,0.2583183212109413,0.4089262464561977,1.3102611083605058
340,59,d70d2b1a08b95126,Pneumonia,on,0.143882578249492,1.0,0.1582253949322914,0.2732159529146655,1.031034823395484
341,51,73425dc64d11db07,Pneumothorax,off,0.1857277214936966,0.0,0.0861956195945255,0.1579492707607202,1.270600593008296
341,51,73425dc64d11db07,Pneumothorax,on,0.1857277214936966,0.0,0.1000178360982137,0.1818443954346203,1.1419517191174673
342,81,9a547d8892dea3a6,Pneumothorax,off,0.1842852896315463,0.0,0.0136668389271749,0.0267202629397563,-0.0102096084905283
342,81,9a547d8892dea3a6,Pneumothorax,on,0.1842852896315463,0.0,0.0008941944071744,0.0017866592555719,-0.4699563971601927
343,161,47cb5b42f2159764,Pneumonia,off,0.1394968056956566,1.0,0.1512678743815849,0.2586830219890997,1.0020896228981035
343,161,47cb5b42f2159764,Pneumonia,on,0.1394968056956566,1.0,0.4244078865569678,0.5958916283351992,0.8766275639006614
344,456,4663d942b5ea9757,Pneumothorax,off,0.1714106106457319,1.0,0.4220938270287208,0.5838360671029279,1.8490348353650612
344,456,4663d942b5ea9757,Pneumothorax,on,0.1714106106457319,1.0,0.4771304424321952,0.6460009143068971,2.0898111789579983
345,149,9a3f950f149d0f37,Pneumonia,off,0.1353887987368975,1.0,0.2785834925311374,0.4313872483359391,0.9870002757966144
345,149,9a3f950f149d0f37,Pneumonia,on,0.1353887987368975,1.0,0.366504508979156,0.5364008230847357,0.7433835630965463
346,123,72b342a7bd6092eb,Pneumothorax,off,0.1668299148672816,0.0,0.0840970551344405,0.1550514225460131,1.115374165584389
346,123,72b342a7bd6092eb,Pneumothorax,on,0.1668299148672816,0.0,0.0900485759744096,0.1652193309564618,0.79906358983895
347,257,be37ee4fa4a100ff,Pneumothorax,off,0.1795242898703273,1.0,0.2847801898400606,0.442716290717928,1.5579507793801728
347,257,be37ee4fa4a100ff,Pneumothorax,on,0.1795242898703273,1.0,0.3024078329253162,0.4643821272085504,1.3090462779248222
348,312,b5505e5ca319f34d,Pneumothorax,off,0.1803234750912484,0.0,0.3121464621469331,0.475183377448511,1.379881193787167
348,312,b5505e5ca319f34d,Pneumothorax,on,0.1803234750912484,0.0,0.3303876898754437,0.4966785439078549,1.042427648215994
349,131,053e5b78358a568a,Pneumothorax,off,0.183169354170626,0.0,0.0398038927342899,0.0747775415012852,0.8120944303662551
349,131,053e5b78358a568a,Pneumothorax,on,0.183169354170626,0.0,0.0627917185433001,0.1181630869057586,0.4812429148799267
350,164,be278530fe2c952e,Pneumonia,off,0.1312807917781384,1.0,0.3706248796747683,0.540440665732799,1.494211563744175
350,164,be278530fe2c952e,Pneumonia,on,0.1312807917781384,1.0,0.3149636676318933,0.4790378365364187,1.1939394289810896
351,189,36a4c529abcad2c7,Pneumothorax,off,0.1730966965386508,0.0,0.0948018334908967,0.1730588361676487,1.5357308824286229
351,189,36a4c529abcad2c7,Pneumothorax,on,0.1730966965386508,0.0,0.0922501544648499,0.168917273216143,1.5603821799584197
352,317,e9899fb1ecd89dfc,Pneumonia,off,0.1381079777202754,1.0,0.4031173465428094,0.5729660598037843,1.702896186140062
352,317,e9899fb1ecd89dfc,Pneumonia,on,0.1381079777202754,1.0,0.3558631384533194,0.5249141519242533,1.6264439162443836
353,316,375552a7cb5dab94,Pneumonia,off,0.1378448313670453,1.0,0.5375800344800058,0.6847100851446439,2.0265493492428
353,316,375552a7cb5dab94,Pneumonia,on,0.1378448313670453,1.0,0.6726910260797625,0.8042957210335991,2.414192230244477
354,395,efd7cf52bf8c2702,Pneumothorax,off,0.1926231305644489,0.0,0.1130325364405409,0.2023660554533681,1.1924299188889418
354,395,efd7cf52bf8c2702,Pneumothorax,on,0.1926231305644489,0.0,0.1253621345329036,0.2227932655698668,0.8567008380869156
355,182,1fdb91e38cc9a33d,Pneumonia,off,0.1501152483565535,1.0,0.3238564385110726,0.4824151214878904,1.9910201240606304
355,182,1fdb91e38cc9a33d,Pneumonia,on,0.1501152483565535,1.0,0.2923380108890528,0.452397465550697,2.0660287608839014
356,432,5ecd815629cef624,Pneumothorax,off,0.2166376718370052,1.0,0.2232464612104933,0.3648073045056289,1.376350877914171
356,432,5ecd815629cef624,Pneumothorax,on,0.2166376718370052,1.0,0.2146714630073563,0.3534628100858471,0.9293019840995954
357,86,22ff98b072fd30e7,Pneumonia,off,0.1732185235540351,1.0,0.4057746028956913,0.5757766508448618,1.6026061849740905
357,86,22ff98b072fd30e7,Pneumonia,on,0.1732185235540351,1.0,0.3529289849659109,0.5217162097419982,1.2294442026354506
358,80,65fa96e941804d66,Pneumonia,off,0.1273433426409173,0.0,0.2758566015489782,0.4266655298931149,1.7863778427177694
358,80,65fa96e941804d66,Pneumonia,on,0.1273433426409173,0.0,0.264810522453923,0.4186926671263521,1.964512073546928
359,348,8c844aa281c46dd8,Pneumonia,off,0.1160426686938682,1.0,0.609623547878355,0.7488736316568196,2.4660501549669096
359,348,8c844aa281c46dd8,Pneumonia,on,0.1160426686938682,1.0,0.5311071818682861,0.6936888836165022,3.055322824114102
360,437,1d9fab51249e7082,Pneumothorax,off,0.1691446281595836,0.0,0.1195204872136248,0.2055191734161711,1.374641691962199
360,437,1d9fab51249e7082,Pneumothorax,on,0.1691446281595836,0.0,0.1835423665420377,0.3101576280282551,1.613868697350337
361,436,b60a8fdd4ab9eda7,Pneumothorax,off,0.1770049071921796,0.0,0.0132605098044884,0.025647968240619,0.6792959056840076
361,436,b60a8fdd4ab9eda7,Pneumothorax,on,0.1770049071921796,0.0,0.0024573605714078,0.0048987455178804,-0.1080254525535524
362,5,b6854428fb77d4cc,Pneumothorax,off,0.2487756384953876,0.0,0.0632208022538561,0.1188648645558887,1.3940561961435307
362,5,b6854428fb77d4cc,Pneumothorax,on,0.2487756384953876,0.0,0.0710849590195891,0.1327341188582976,1.129335684923393
363,441,9dfd111947ef84b1,Pneumothorax,off,0.2029735537915003,1.0,0.2522799009412525,0.4014105654794117,1.1572950394582755
363,441,9dfd111947ef84b1,Pneumothorax,on,0.2029735537915003,1.0,0.2145568932641883,0.3533025343586854,0.7016012270761605
364,87,34a2adb99ed3a090,Pneumothorax,off,0.2126417457323996,1.0,0.1059379877152958,0.1908540968736848,1.47241820556753
364,87,34a2adb99ed3a090,Pneumothorax,on,0.2126417457323996,1.0,0.1753216166787282,0.2983202681867948,1.5489127406486225
365,321,35bd34fcc0fac2f4,Pneumonia,off,0.1727896924598823,1.0,0.3598222896050315,0.5280576021190188,1.385453901044872
365,321,35bd34fcc0fac2f4,Pneumonia,on,0.1727896924598823,1.0,0.3979980458769687,0.5693828040288291,1.1172063480617682
366,188,962712d312f31d26,Pneumonia,off,0.143307554736878,1.0,0.4344432120719291,0.6031639605408231,1.7791736509883445
366,188,962712d312f31d26,Pneumonia,on,0.143307554736878,1.0,0.3402430179058464,0.5077293690169312,1.5849647362469017
367,39,392da982c2571312,Pneumothorax,off,0.176931810982949,1.0,0.5663088184017535,0.7128439110475056,1.9742109033589157
367,39,392da982c2571312,Pneumothorax,on,0.176931810982949,1.0,0.6276327714659826,0.7651012517878989,1.951737539241748
368,38,2528a87ecbcb8e80,Pneumonia,off,0.1948062706801358,1.0,0.5213062976512023,0.679954954225013,1.9227754820820475
368,38,2528a87ecbcb8e80,Pneumonia,on,0.1948062706801358,1.0,0.5970664614954092,0.7476964869538534,1.270089899779444
369,354,24a6a56c28991f2a,Pneumonia,off,0.1332397701855182,1.0,0.5595965720987685,0.7090440246534365,2.1334709561661644
369,354,24a6a56c28991f2a,Pneumonia,on,0.1332397701855182,1.0,0.7124016004542219,0.8320454993608621,2.5857926528804107
370,218,d0f2019aff34b8f9,Pneumonia,off,0.1315195727282916,1.0,0.3547994918572413,0.5195464628966611,1.182414326364316
370,218,d0f2019aff34b8f9,Pneumonia,on,0.1315195727282916,1.0,0.4659251443327045,0.6356736509343616,1.118530466434782
371,261,293489b2b3df5a77,Pneumothorax,off,0.1992261547982788,0.0,0.0363137317560747,0.0693592708598724,1.1658566691879486
371,261,293489b2b3df5a77,Pneumothorax,on,0.1992261547982788,0.0,0.0551046947844621,0.104453046810027,0.864859060708934
372,173,5d44fb526b0dd8f4,Pneumothorax,off,0.2270124604671335,0.0,0.0823660940550427,0.1521552955538889,1.330895392177713
372,173,5d44fb526b0dd8f4,Pneumothorax,on,0.2270124604671335,0.0,0.0854598674541524,0.1574628828921248,1.0879044107538276
373,439,6f154ecc10690653,Pneumothorax,off,0.1949280976955201,1.0,0.2646706599109873,0.417224819583755,1.263483030798373
373,439,6f154ecc10690653,Pneumothorax,on,0.1949280976955201,1.0,0.2328465320052525,0.3777369785055337,0.8211118618433896
374,339,828eee7606ce796f,Pneumonia,off,0.1582581660648412,1.0,0.3104340129391653,0.4694527547787377,1.260041802606169
374,339,828eee7606ce796f,Pneumonia,on,0.1582581660648412,1.0,0.3858444837158815,0.5568197529606174,0.7868427656856863
375,245,b95212d56694ca87,Pneumothorax,off,0.2122713916056313,1.0,0.1528788045117904,0.263116866880697,2.11197713766574
375,245,b95212d56694ca87,Pneumothorax,on,0.2122713916056313,1.0,0.1492302693539068,0.2597007679472453,2.141370904653703
376,210,7118ed64529a1dc7,Pneumonia,off,0.1625513500869845,1.0,0.2614976832827855,0.3993358202190923,2.0559722941574203
376,210,7118ed64529a1dc7,Pneumonia,on,0.1625513500869845,1.0,0.2216758230769476,0.3628850730157585,2.6411954744142063
377,209,afc095ddf95dd697,Pneumonia,off,0.1266757305966112,1.0,0.3730964808377949,0.5221747016578455,1.9954854142908456
377,209,afc095ddf95dd697,Pneumonia,on,0.1266757305966112,1.0,0.7114284135254054,0.831384188780816,2.3812516965594974
378,148,cd99854e5dbf77e1,Pneumonia,off,0.1251017255578459,1.0,0.56702850571249,0.7233928794228164,2.7534130905947656
378,148,cd99854e5dbf77e1,Pneumonia,on,0.1251017255578459,1.0,0.473241452731483,0.6424338748256954,3.7172498502461857
379,365,dfb3222308242762,Pneumothorax,off,0.1907859791724534,0.0,0.0554929514527876,0.1050757153200759,1.304844187476376
379,365,dfb3222308242762,Pneumothorax,on,0.1907859791724534,0.0,0.0618489189601928,0.1164926798798984,1.2543417355828186
380,23,fdefe57d4a82f518,Pneumothorax,off,0.2104732248585588,0.0,0.1572803905307943,0.2709037867938468,1.2694502229106177
380,23,fdefe57d4a82f518,Pneumothorax,on,0.2104732248585588,0.0,0.1814111469196025,0.3071071870522709,1.2783878594921565
381,120,f4a30a69ad17c9f1,Pneumothorax,off,0.1622297267663699,0.0,0.1493041900078091,0.2573921423072419,1.7072099389912698
381,120,f4a30a69ad17c9f1,Pneumothorax,on,0.1622297267663699,0.0,0.1190155268193933,0.2127100686477732,1.9980173031557305
382,53,1988dd7e9ecd3c9b,Pneumothorax,off,0.1844997051786227,1.0,0.079129030158513,0.1459458683523966,1.3614521454026955
382,53,1988dd7e9ecd3c9b,Pneumothorax,on,0.1844997051786227,1.0,0.0858459738109558,0.1581141205966646,1.2866966209169928
383,219,aeffa36739cd1fe7,Pneumothorax,off,0.140953856799653,0.0,0.3567806005097468,0.5253919790284554,2.334834305123048
383,219,aeffa36739cd1fe7,Pneumothorax,on,0.140953856799653,0.0,0.2219863106726295,0.3633100918733385,2.7460813880326187
384,217,6e185d6966366df4,Pneumothorax,off,0.1840854933263161,1.0,0.2700149267605174,0.4248587176723379,1.4152215040573497
384,217,6e185d6966366df4,Pneumothorax,on,0.1840854933263161,1.0,0.2920167630607882,0.4520324555261058,1.1710260212514327
385,291,531b825349b69626,Pneumonia,off,0.1339220014716703,1.0,0.2684160294313458,0.4163712546839769,2.0441118570060657
385,291,531b825349b69626,Pneumonia,on,0.1339220014716703,1.0,0.1478536521469917,0.2576160952894483,2.398664555423855
386,0,8da0678acd714b9a,Pneumonia,off,0.1255646682163063,1.0,0.3410126007569731,0.4979835868939881,1.3955978228218708
386,0,8da0678acd714b9a,Pneumonia,on,0.1255646682163063,1.0,0.581338511911509,0.7352432550601271,1.288091938894846
387,428,4adcc53030271f8d,Pneumothorax,off,0.1683356967774318,0.0,0.1890545732946466,0.3177547844322576,1.3407395194128997
387,428,4adcc53030271f8d,Pneumothorax,on,0.1683356967774318,0.0,0.2009293969858549,0.3346230217805219,1.0842663131122174
388,47,d95c4630fe47b10c,Pneumothorax,off,0.1948160168413666,0.0,0.1376016914036875,0.228898429355577,1.231272441777956
388,47,d95c4630fe47b10c,Pneumothorax,on,0.1948160168413666,0.0,0.2582838463812578,0.4105334760171343,0.982372738636808
389,386,91d6999fc87d4e27,Pneumothorax,off,0.1729066463946513,0.0,0.0282366239480692,0.0545243510620854,1.0230181903450055
389,386,91d6999fc87d4e27,Pneumothorax,on,0.1729066463946513,0.0,0.0317171775399469,0.0614829571049918,0.6509402526763359
390,459,75c72eb210b86249,Pneumothorax,off,0.17655171069495,1.0,0.2304447930900162,0.3735028434757633,1.590871061205565
390,459,75c72eb210b86249,Pneumothorax,on,0.17655171069495,1.0,0.217443248905221,0.3572097119290656,1.4331989461051635
391,480,bd80adc504f70e0c,Pneumothorax,off,0.1712546720660399,0.0,0.1443668954432709,0.2518212516329334,1.236132332437375
391,480,bd80adc504f70e0c,Pneumothorax,on,0.1712546720660399,0.0,0.1687661064419736,0.2887936064159103,1.2485281504353594
392,505,083150264aaf7e8a,Pneumothorax,off,0.1822434688537052,1.0,0.493184889973629,0.6571262542323252,2.1814070578645794
392,505,083150264aaf7e8a,Pneumothorax,on,0.1822434688537052,1.0,0.3850301621305089,0.5559796954523414,2.068965458024467
393,541,4bd35cb23907f01a,Pneumothorax,off,0.1796802284500192,1.0,0.1873017329497039,0.3142020989659366,1.760683074858782
393,541,4bd35cb23907f01a,Pneumothorax,on,0.1796802284500192,1.0,0.1673354044348046,0.2866906942757407,1.6023236534585217
394,549,5b9725714acf0d0d,Pneumothorax,off,0.1632969314211365,1.0,0.2445947849320912,0.3929541144609145,1.8850707789704095
394,549,5b9725714acf0d0d,Pneumothorax,on,0.1632969314211365,1.0,0.2253797231974361,0.3678509536351502,1.9044739434303888
395,594,72f534e34c7697a5,Pneumothorax,off,0.2361397404597264,0.0,0.0537892535936718,0.1018733238003025,1.970130175123374
395,594,72f534e34c7697a5,Pneumothorax,on,0.2361397404597264,0.0,0.0512175687303542,0.0974438753809343,1.885068987390664
396,604,dbd9a729c36f7908,Pneumothorax,off,0.1743295859343401,0.0,0.0155525045098682,0.0304127300268075,0.7970551657913096
396,604,dbd9a729c36f7908,Pneumothorax,on,0.1743295859343401,0.0,0.0192226323621232,0.0377196905083573,0.2828207514447282
397,654,3b135865c9bd3209,Pneumothorax,off,0.1914974489422978,0.0,0.1687001620900149,0.2886429377913331,1.196320268545929
397,654,3b135865c9bd3209,Pneumothorax,on,0.1914974489422978,0.0,0.1714495877018644,0.2927134740327212,0.8687300354638781
398,676,680cec365dfd5521,Pneumothorax,off,0.2019989376684258,0.0,0.0387454809763675,0.0745139187912792,1.36062802676845
398,676,680cec365dfd5521,Pneumothorax,on,0.2019989376684258,0.0,0.0452860038288785,0.0866480137179184,1.4968339376194266
399,681,2b05e8dc83f32556,Pneumothorax,off,0.2156338172302384,0.0,0.1498397166054063,0.2594658461501445,1.3609815571293264
399,681,2b05e8dc83f32556,Pneumothorax,on,0.2156338172302384,0.0,0.1876383525595041,0.3159813440822301,1.584898663171887
400,685,54b647e0838ab12b,Pneumothorax,off,0.1733744621337271,0.0,1.20966522514894e-05,2.4191841301521062e-05,0.543995179641071
400,685,54b647e0838ab12b,Pneumothorax,on,0.1733744621337271,0.0,0.030067725476514,0.058371845546283,0.1302761452996554
401,693,ce907c9fb434e83e,Pneumothorax,off,0.1787933277780214,1.0,0.4148060673530664,0.5860574261492841,1.91296771615827
401,693,ce907c9fb434e83e,Pneumothorax,on,0.1787933277780214,1.0,0.3871746465835772,0.5582185845735075,1.6813798267923503
402,694,863b09154d53ef8c,Pneumothorax,off,0.1805720022026324,1.0,0.5859245257029129,0.7367989588026799,2.4731710608260578
402,694,863b09154d53ef8c,Pneumothorax,on,0.1805720022026324,1.0,0.457094107003013,0.6274012454569352,2.244545856105025
403,696,dca7b95062e41fc2,Pneumothorax,off,0.1901086209669166,0.0,0.3970212024111538,0.5500439219768946,1.7350233262684325
403,696,dca7b95062e41fc2,Pneumothorax,on,0.1901086209669166,0.0,0.4124181579053919,0.5657582198682747,1.528039528493721
404,785,cd055a12d0f444bd,Pneumothorax,off,0.2179144189582328,0.0,0.0737179745979052,0.1369001960342785,1.757015449229102
404,785,cd055a12d0f444bd,Pneumothorax,on,0.2179144189582328,0.0,0.0766696266943388,0.1424186065135365,2.0171704066910205
405,819,486450c9693f6c41,Pneumothorax,off,0.1838126008118552,1.0,0.2537019373530592,0.4028142035306941,1.24956844632611
405,819,486450c9693f6c41,Pneumothorax,on,0.1838126008118552,1.0,0.2963888179887273,0.4572491134669971,0.8632373444889413
406,822,787ac5e42fd1ee38,Pneumothorax,off,0.1712303066629631,0.0,0.0369589142007403,0.069620507995254,0.9270046460791388
406,822,787ac5e42fd1ee38,Pneumothorax,on,0.1712303066629631,0.0,0.0556601249758963,0.1054460858523455,0.5808928520240576
407,850,515b071541fd8afb,Pneumothorax,off,0.2018478721693493,0.0,0.1293486259251051,0.2267765076303607,1.505301932890873
407,850,515b071541fd8afb,Pneumothorax,on,0.2018478721693493,0.0,0.1748343204731171,0.2976117257633107,1.745434220977021
408,866,7f7981c486c13785,Pneumothorax,off,0.1498277366002466,0.0,0.3134001783706982,0.4733935029032566,1.5355445738600673
408,866,7f7981c486c13785,Pneumothorax,on,0.1498277366002466,0.0,0.2962679808953028,0.4570944352674398,1.4542320805522522
409,884,c12602e668a07ed2,Pneumothorax,off,0.1663084952414368,0.0,0.0423840094641833,0.0796492651358583,0.9561991202713844
409,884,c12602e668a07ed2,Pneumothorax,on,0.1663084952414368,0.0,0.0652034075989851,0.122419234990006,0.5950274352831102
410,889,debf8fe52669bd1f,Pneumothorax,off,0.215380417038239,0.0,0.0784459184993176,0.1453679722152629,1.4496813593691014
410,889,debf8fe52669bd1f,Pneumothorax,on,0.215380417038239,0.0,0.0882776417017791,0.1622336597017576,1.558443299832632
411,916,481cbda5ec11e46c,Pneumothorax,off,0.2127586996671686,1.0,0.0738965107075187,0.137168332093714,1.9779188677041344
411,916,481cbda5ec11e46c,Pneumothorax,on,0.2127586996671686,1.0,0.0635347185911132,0.1194778202637734,2.01243928826264
412,925,39c315cbbe298bb1,Pneumothorax,off,0.1798069285460189,0.0,0.1011392261000263,0.1833022861422828,1.7736120196721106
412,925,39c315cbbe298bb1,Pneumothorax,on,0.1798069285460189,0.0,0.0951577264923148,0.1737775478661999,1.864214483456822
413,940,193ba2b929433519,Pneumothorax,off,0.1551393944710027,0.0,0.3052143780354902,0.4675516863333087,2.172074150113617
413,940,193ba2b929433519,Pneumothorax,on,0.1551393944710027,0.0,0.281337711163837,0.4391265150907308,2.681143813054158
414,981,f15cb57b356991a4,Pneumothorax,off,0.1490821552660945,0.0,0.1450443130147793,0.2512035246655644,1.4767769640416262
414,981,f15cb57b356991a4,Pneumothorax,on,0.1490821552660945,0.0,0.1648145238627917,0.2829840581170587,1.4247151775779334
415,988,009742263c8e7733,Pneumothorax,off,0.1884322812352284,0.0,0.3810963526173935,0.5456658985387358,2.202849777703232
415,988,009742263c8e7733,Pneumothorax,on,0.1884322812352284,0.0,0.3123353385416222,0.4759888575137468,2.3712346805162987
416,991,555d178e00bc7c1e,Pneumothorax,off,0.2209162366173023,0.0,0.0099296548821501,0.019407823093139,0.643185825799988
416,991,555d178e00bc7c1e,Pneumothorax,on,0.2209162366173023,0.0,0.0048310967423568,0.0096154242315536,-0.2834285260320706
417,1036,ca6f95a119b85590,Pneumothorax,off,0.2019989376684258,0.0,0.0594939691976744,0.1118782648431885,2.0205645881970904
417,1036,ca6f95a119b85590,Pneumothorax,on,0.2019989376684258,0.0,0.0714683753561675,0.1334010154155027,2.120252212349208
418,1046,aad8f99bada1cb5d,Pneumothorax,off,0.1969601723121305,0.0,0.2841555667418982,0.4424833631446722,1.0970704696243625
418,1046,aad8f99bada1cb5d,Pneumothorax,on,0.1969601723121305,0.0,0.2932606323278106,0.4535212159807799,0.8954401754729115
419,1047,4d393cd50c54b936,Pneumothorax,off,0.1927644499022947,0.0,0.0613730821452461,0.1153548715114412,1.2615687988410047
419,1047,4d393cd50c54b936,Pneumothorax,on,0.1927644499022947,0.0,0.0697738416503396,0.1304456989491954,1.1445492053901551
420,1049,6634689c6ead98e8,Pneumothorax,off,0.1724339575749601,1.0,0.4504553119222055,0.6173443832689653,1.6838084063005263
420,1049,6634689c6ead98e8,Pneumothorax,on,0.1724339575749601,1.0,0.4519179134094709,0.6224980504337524,1.470682373817083
421,1055,0748d125d669cd46,Pneumothorax,off,0.2010438138678128,0.0,0.0065524583297212,0.0129576179369797,1.0530370020831226
421,1055,0748d125d669cd46,Pneumothorax,on,0.2010438138678128,0.0,0.0110680531881536,0.021893645759896,0.803929653588828
422,1104,2f16e873dc93d803,Pneumothorax,off,0.1948939861312125,0.0,0.0589749791559535,0.1112539818551142,1.6216540136290063
422,1104,2f16e873dc93d803,Pneumothorax,on,0.1948939861312125,0.0,0.0578379277700709,0.1093506160681758,2.102079433963328
423,1127,d907b10e78a3c460,Pneumothorax,off,0.2128464151182453,0.0,0.0041207328366333,0.0081434023158719,0.8644883292350591
423,1127,d907b10e78a3c460,Pneumothorax,on,0.2128464151182453,0.0,0.0001457385551752,0.0002914016952388,-0.2600374493885101
424,1135,3485119c4592cd19,Pneumothorax,off,0.2187136041791539,1.0,0.2049430432074316,0.337048516401522,1.714985566776933
424,1135,3485119c4592cd19,Pneumothorax,on,0.2187136041791539,1.0,0.2434745558957136,0.3915943519945963,2.1123668206647843
425,1152,15731a6cde76fdc2,Pneumothorax,off,0.2085873426604096,1.0,0.3955233727534497,0.566789931389218,1.824218023969641
425,1152,15731a6cde76fdc2,Pneumothorax,on,0.2085873426604096,1.0,0.4035589258045332,0.5750509007239902,1.550939276000087
426,1158,794c32900dac02b8,Pneumothorax,off,0.1863319834900028,1.0,0.310245149300737,0.4720958187423678,1.6058103936806398
426,1158,794c32900dac02b8,Pneumothorax,on,0.1863319834900028,1.0,0.3448002057898122,0.512790207721703,1.3340737857495186
427,28,a570482c949ce5cf,Consolidation,off,0.164690632477133,1.0,0.1707855652690049,0.285285307018838,1.1915534183870429
427,28,a570482c949ce5cf,Consolidation,on,0.164690632477133,1.0,0.447471370132088,0.6182646491090547,0.911944090550347
428,155,ba67098ed4462110,Consolidation,off,0.1626683040217534,1.0,0.3956203013359868,0.5513995771320273,1.8282720139389756
428,155,ba67098ed4462110,Consolidation,on,0.1626683040217534,1.0,0.6159647118403802,0.7623489123753611,1.5757931184506917
429,264,0c2af963db3db5b3,Consolidation,off,0.1425571003221106,1.0,0.507260435891052,0.6611969615183593,3.3533412822040853
429,264,0c2af963db3db5b3,Consolidation,on,0.1425571003221106,1.0,0.1507707956159488,0.2620195436494098,2.7778983580839776
430,290,cc44c54a66347671,Consolidation,off,0.1226944237338518,1.0,0.5057599784496098,0.6662586415862503,2.2884338747502384
430,290,cc44c54a66347671,Consolidation,on,0.1226944237338518,1.0,0.7164507674414237,0.8347965844535474,3.340158264644548
431,390,7d3c20f80e870ec2,Consolidation,off,0.1529611274359311,1.0,0.2441878447534959,0.3924690552949206,1.451676173732772
431,390,7d3c20f80e870ec2,Consolidation,on,0.1529611274359311,1.0,0.2433384157987168,0.3914274522774136,1.2159213826148572
432,391,9958d21d8d9fe67b,Consolidation,off,0.1407735528168842,1.0,0.2998956326340561,0.457855214491252,0.8405211429609607
432,391,9958d21d8d9fe67b,Consolidation,on,0.1407735528168842,1.0,0.3837356678050079,0.554631689707511,0.7697379390645009
433,462,eaf68dbfa68ef84c,Consolidation,off,0.1688522433226613,0.0,0.2175609665880912,0.3475670422269796,1.2582357674333835
433,462,eaf68dbfa68ef84c,Consolidation,on,0.1688522433226613,0.0,0.3211430314526425,0.4861570054115652,1.0771105818105484
434,467,9204afd0723591d5,Consolidation,off,0.1421477615504193,1.0,0.610429394411719,0.7552085387302476,2.496369831758245
434,467,9204afd0723591d5,Consolidation,on,0.1421477615504193,1.0,0.5884013507884613,0.7408571822367993,2.8525675054257364
435,481,8c96285409af9413,Consolidation,off,0.1357201682187428,1.0,0.2833477620730832,0.4337389972784098,1.6771618077985335
435,481,8c96285409af9413,Consolidation,on,0.1357201682187428,1.0,0.6213279033077922,0.7664338960935281,1.4230811303513442
436,493,9c731e6925e3a373,Consolidation,off,0.2061800408364155,1.0,0.401484578509763,0.5553166948016446,1.264012847015215
436,493,9c731e6925e3a373,Consolidation,on,0.2061800408364155,1.0,0.4365125336641998,0.5952279124995695,0.8902133446162404
437,515,566905aac57a9887,Consolidation,off,0.1296385636107578,1.0,0.4260617500721399,0.5909659657005479,3.170456629093444
437,515,566905aac57a9887,Consolidation,on,0.1296385636107578,1.0,0.1200968183600585,0.2143990299368352,2.982183217277363
438,517,6ec825316e840dc6,Consolidation,off,0.1508023527233211,1.0,0.1523307613917601,0.2589080417175128,1.2312624249803337
438,517,6ec825316e840dc6,Consolidation,on,0.1508023527233211,1.0,0.4403814237880332,0.6114625172036495,0.937186235742306
439,522,e2775a9e9b9b05d3,Consolidation,off,0.1307301336686012,1.0,0.6569313643471576,0.791995905155286,2.833272138020629
439,522,e2775a9e9b9b05d3,Consolidation,on,0.1307301336686012,1.0,0.5701737315466764,0.7262412377606189,3.764198541156782
440,535,6a0296c529692b25,Consolidation,off,0.1456320141904107,1.0,0.2368149326315063,0.3819599016182093,1.6778943705703395
440,535,6a0296c529692b25,Consolidation,on,0.1456320141904107,1.0,0.2731499539740574,0.4290902026740532,1.810118044737034
441,560,5d2d21a971eb5670,Consolidation,off,0.1667909302223586,1.0,0.3653610188856279,0.5274883313603207,1.4175378800281664
441,560,5d2d21a971eb5670,Consolidation,on,0.1667909302223586,1.0,0.4460672845129348,0.616924728025962,0.9195210013300208
442,561,fbc80b00ea93a76d,Consolidation,off,0.1292340979196818,1.0,0.4510661918819634,0.6187223202275263,2.6572318327978515
442,561,fbc80b00ea93a76d,Consolidation,on,0.1292340979196818,1.0,0.3356839385439488,0.5026222343733864,3.2597680086684964
443,569,0bfd45dece853b5b,Consolidation,off,0.1485363702371728,1.0,0.6198270092813696,0.7625470504205711,2.2927894599860905
443,569,0bfd45dece853b5b,Consolidation,on,0.1485363702371728,1.0,0.6273705743366217,0.7710087409699558,3.3009860047682635
444,570,fd4f48c668b17706,Consolidation,off,0.1074660468108123,0.0,0.2508317896486393,0.3942958521621272,2.278142167059581
444,570,fd4f48c668b17706,Consolidation,on,0.1074660468108123,0.0,0.2861477889126013,0.4449574094296167,3.46808863958459
445,574,a8e3c4f43e541154,Consolidation,off,0.1424401463873416,1.0,0.3772886459837598,0.5457944634949728,0.9533237937631036
445,574,a8e3c4f43e541154,Consolidation,on,0.1424401463873416,1.0,0.4372855358767716,0.6084878371319415,0.8985877681302583
446,584,b2c46c4046f49e51,Consolidation,off,0.1724290844943448,1.0,0.4359160673082039,0.5972273001163961,1.9449804348966224
446,584,b2c46c4046f49e51,Consolidation,on,0.1724290844943448,1.0,0.6210254914909373,0.7662130270281695,1.580722859170333
447,608,225e15fe6310d743,Consolidation,off,0.1050343795837414,1.0,0.3269664459300385,0.4846496136969359,3.911041439771751
447,608,225e15fe6310d743,Consolidation,on,0.1050343795837414,1.0,0.1651698504241048,0.2834976291841476,3.306543342262292
448,615,366cb9cb3bb951f1,Consolidation,off,0.130988406941216,1.0,0.6509948316430298,0.7878446310457704,2.4096685938143927
448,615,366cb9cb3bb951f1,Consolidation,on,0.130988406941216,1.0,0.5562278723250473,0.7148334993596124,2.363769035336569
449,616,e22c3e000c4e88fe,Consolidation,off,0.1550468059393106,1.0,0.324689893688041,0.4841747204721864,1.617274263477228
449,616,e22c3e000c4e88fe,Consolidation,on,0.1550468059393106,1.0,0.5018050266513957,0.6682566206581633,1.044912970009691
450,633,b9ced1f944e75887,Consolidation,off,0.1237665014692338,1.0,0.5121078718401163,0.6693502898397105,3.3203326847761443
450,633,b9ced1f944e75887,Consolidation,on,0.1237665014692338,1.0,0.2827569650131709,0.4408420415393153,3.2217000982578825
451,636,b01b91f217819dee,Consolidation,off,0.1225336120735445,1.0,0.3808551162998043,0.5512180664418476,2.372205132012232
451,636,b01b91f217819dee,Consolidation,on,0.1225336120735445,1.0,0.2756229463156946,0.4321293691473359,3.0547536717324686
452,643,6afdc26213cbad6c,Consolidation,off,0.1610796797411419,1.0,0.5483142891984555,0.7056760801146599,1.9934853774941133
452,643,6afdc26213cbad6c,Consolidation,on,0.1610796797411419,1.0,0.6305033341836095,0.7733843484654863,1.6077267973718867
453,645,3b0cd1a00fe5ab83,Consolidation,off,0.1384734587664284,1.0,0.3751444707752628,0.5455462195589598,2.212559937424043
453,645,3b0cd1a00fe5ab83,Consolidation,on,0.1384734587664284,1.0,0.2949779173593218,0.4555452208239482,2.6924508646904712
454,646,9523a52edd5e2cb2,Consolidation,off,0.1282887202802995,0.0,0.3733432767029684,0.5394159934209998,2.047144877489977
454,646,9523a52edd5e2cb2,Consolidation,on,0.1282887202802995,0.0,0.4754707124383149,0.6444995241016269,2.461495775855432
455,655,57cc42476bc58a45,Consolidation,off,0.1374793503208923,1.0,0.4327065326990911,0.6021184901887078,2.843745610640916
455,655,57cc42476bc58a45,Consolidation,on,0.1374793503208923,1.0,0.1743702158323962,0.2969331015770665,2.8997960264263654
456,663,318d6d46d9b1cbfe,Consolidation,off,0.1245364482064626,1.0,0.1587337478801583,0.2716952606441262,1.0392698999542993
456,663,318d6d46d9b1cbfe,Consolidation,on,0.1245364482064626,1.0,0.3434673504763529,0.5112913250571903,0.7650635158849081
457,664,a77657cf1d66efeb,Consolidation,off,0.1724290844943448,1.0,0.389375049786857,0.559727271678161,2.137206212546599
457,664,a77657cf1d66efeb,Consolidation,on,0.1724290844943448,1.0,0.3796241503433632,0.5503257228367457,2.279539362725601
458,665,f882c58f4f53f944,Consolidation,off,0.1576636502297657,1.0,0.5297670899213506,0.6861243962697485,1.9883653920855544
458,665,f882c58f4f53f944,Consolidation,on,0.1576636502297657,1.0,0.6701271853962989,0.8024851810670167,1.6486860713810965
459,666,3a2942da2da9a581,Consolidation,off,0.171059748841425,1.0,0.6089824584728658,0.7559487241292813,2.200539653615932
459,666,3a2942da2da9a581,Consolidation,on,0.171059748841425,1.0,0.6540957855256992,0.7908799277057736,1.864041343553188
460,672,b981be74894de22a,Consolidation,off,0.1354180372205897,1.0,0.45699034550697,0.6225509889039995,1.0835272059398142
460,672,b981be74894de22a,Consolidation,on,0.1354180372205897,1.0,0.4667627094071148,0.636433455866886,1.1189654084954594
461,697,6c78ef6d944d3f83,Consolidation,off,0.1357591528636658,1.0,0.4552131919305068,0.6249139782244629,1.7980532709085026
461,697,6c78ef6d944d3f83,Consolidation,on,0.1357591528636658,1.0,0.5054226198549546,0.6714692630913452,1.3914344599424375
462,700,e54914530f4e5858,Consolidation,off,0.1455930295454877,0.0,0.1643432987893192,0.2822106546792048,1.6185820409383047
462,700,e54914530f4e5858,Consolidation,on,0.1455930295454877,0.0,0.1491408695725962,0.2595663629911968,1.6939506290884552
463,702,25a61b8420e7fe65,Consolidation,off,0.1465725187491776,1.0,0.1796845885943935,0.3036639708123283,1.0238408902573046
463,702,25a61b8420e7fe65,Consolidation,on,0.1465725187491776,1.0,0.21390881054792,0.3524262929172473,0.6688178706525784
464,708,96f41434652764ac,Consolidation,off,0.1580583697596109,1.0,0.4666796094718691,0.62921898070995,2.5282836808707456
464,708,96f41434652764ac,Consolidation,on,0.1580583697596109,1.0,0.4029691973530755,0.5744344315967658,2.989895090373678
465,713,9febde28b37da9ca,Consolidation,off,0.1507438757559366,1.0,0.2141871251516769,0.3476552136293688,0.8537874307230743
465,713,9febde28b37da9ca,Consolidation,on,0.1507438757559366,1.0,0.3380450349648753,0.5052797970322441,0.6458700736468614
466,723,16b3c75128d0e2b7,Consolidation,off,0.1674000652992802,1.0,0.3388501795772601,0.4989418335622792,1.374867543003731
466,723,16b3c75128d0e2b7,Consolidation,on,0.1674000652992802,1.0,0.3592986539770209,0.5231185606986152,1.3209881424359096
467,726,34b6451794687173,Consolidation,off,0.1524592001325478,1.0,0.7111767662590868,0.8266494579774537,2.8821075895049493
467,726,34b6451794687173,Consolidation,on,0.1524592001325478,1.0,0.6275130483095225,0.7711113501904807,3.795388612272856
468,746,1858786fb0104114,Consolidation,off,0.112012631024955,1.0,0.5152480185506108,0.6711790152275764,2.329138375904784
468,746,1858786fb0104114,Consolidation,on,0.112012631024955,1.0,0.6927047405110037,0.818448205127097,4.055956499251173
469,747,9edfec1897db1848,Consolidation,off,0.1018620041031338,1.0,0.598099319986783,0.7400412283944953,2.3144618449731342
469,747,9edfec1897db1848,Consolidation,on,0.1018620041031338,1.0,0.4432971006114628,0.6141012021118546,3.867390952624538
470,753,4234a6fc45a40e5f,Consolidation,off,0.13091043765137,1.0,0.2906033871401398,0.4476309378124787,2.5376447352487936
470,753,4234a6fc45a40e5f,Consolidation,on,0.13091043765137,1.0,0.1459149067493719,0.254638881111355,2.964844903801533
471,767,8d02fb4e96fdfef7,Consolidation,off,0.1582435468229951,1.0,0.2985281706149437,0.4485842701888153,3.101726496410956
471,767,8d02fb4e96fdfef7,Consolidation,on,0.1582435468229951,1.0,0.1301130928573338,0.2302576146707105,2.5722736752389146
472,771,62f1a81c8f18443c,Consolidation,off,0.154018585929467,1.0,0.3247101334198501,0.4817542152606758,1.396788939917101
472,771,62f1a81c8f18443c,Consolidation,on,0.154018585929467,1.0,0.4937890525413873,0.661112239362325,1.022092895951828
473,781,401672585661dd1d,Consolidation,off,0.1692225974494296,1.0,0.4072521419828641,0.5751411078401718,1.745243744121997
473,781,401672585661dd1d,Consolidation,on,0.1692225974494296,1.0,0.5241952264381885,0.6878245272105195,1.0908663910397405
474,795,5029aee0e9c572fa,Consolidation,off,0.1143468366397185,1.0,0.515239069259714,0.6792229112908812,1.4551822975098758
474,795,5029aee0e9c572fa,Consolidation,on,0.1143468366397185,1.0,0.4398313878897884,0.6109267247548915,1.3243967986567495
475,805,2e8aac35ec38a7ab,Consolidation,off,0.1387512243615046,1.0,0.4224270083017818,0.588672119532972,1.504076047024116
475,805,2e8aac35ec38a7ab,Consolidation,on,0.1387512243615046,1.0,0.5580516798885548,0.7163421943486612,1.2298466872054563
476,809,a261584c8fbb576f,Consolidation,off,0.1534679278199299,1.0,0.2356079983042464,0.3749095212573481,1.1971664835550817
476,809,a261584c8fbb576f,Consolidation,on,0.1534679278199299,1.0,0.4364700063590758,0.6076854127125767,0.9211386014723816
477,828,412bc3003e46d430,Consolidation,off,0.1780721118469463,0.0,0.1025704823828348,0.1846073047560931,1.610385985837463
477,828,412bc3003e46d430,Consolidation,on,0.1780721118469463,0.0,0.1025490376707627,0.1860185046685126,1.774926831684379
478,831,d9f965aa6ea5cf7f,Consolidation,off,0.1382298047356597,1.0,0.3243012422360248,0.484503049450077,1.7304003088330555
478,831,d9f965aa6ea5cf7f,Consolidation,on,0.1382298047356597,1.0,0.593886794830434,0.7451900442026006,1.2933186698071066
479,834,0883fbcd6ee1ea30,Consolidation,off,0.1573615192316126,1.0,0.2032246800370443,0.3322393661832881,0.8918763308917161
479,834,0883fbcd6ee1ea30,Consolidation,on,0.1573615192316126,1.0,0.4450398770631779,0.6159451625405714,0.9098734890721774
480,839,faa9569ebbe0f9c1,Consolidation,off,0.1339902246002855,1.0,0.3291539612123625,0.4894335450485627,0.9689554532118188
480,839,faa9569ebbe0f9c1,Consolidation,on,0.1339902246002855,1.0,0.3493606150111968,0.5178001319174185,0.9861928779786177
481,845,4342545b77359fb5,Consolidation,off,0.1360612838618189,1.0,0.3925448804593737,0.5504462070780187,2.9998455698708617
481,845,4342545b77359fb5,Consolidation,on,0.1360612838618189,1.0,0.1930519139463908,0.3236070334365832,2.9151446688530607
482,859,d8cc11c0d6fc40a9,Consolidation,off,0.1739641048881871,1.0,0.4266630748547316,0.5979859189122071,1.56727227377807
482,859,d8cc11c0d6fc40a9,Consolidation,on,0.1739641048881871,1.0,0.4399278697526771,0.6110414483320195,1.1834645834287794
483,862,5c3c4c028b21c939,Consolidation,off,0.1512701684623968,1.0,0.4782049303417094,0.645589262260624,2.0956797232294333
483,862,5c3c4c028b21c939,Consolidation,on,0.1512701684623968,1.0,0.4709474847784926,0.64032444794678,2.091603620307131
484,864,bdacdcb26faebfe0,Consolidation,off,0.108494266820656,1.0,0.6762501837414063,0.8038489000432447,3.4674604874403423
484,864,bdacdcb26faebfe0,Consolidation,on,0.108494266820656,1.0,0.312287493722812,0.4758983125730062,3.5892091143743703
485,873,fcc6cf25e734d353,Consolidation,off,0.136441384149818,1.0,0.3306376926638883,0.4917576601633681,1.2197028086711776
485,873,fcc6cf25e734d353,Consolidation,on,0.136441384149818,1.0,0.453208308526824,0.6237196211907191,0.9596721601252622
486,874,2f8c1ad1a08b33f0,Consolidation,off,0.1670248380918965,1.0,0.4058913978392588,0.571532678443494,2.087281721039064
486,874,2f8c1ad1a08b33f0,Consolidation,on,0.1670248380918965,1.0,0.4097309039209215,0.5812807775748545,2.2669465950553067
487,875,13914e356156cdbc,Consolidation,off,0.1092690866385002,1.0,0.4008150535437085,0.5667244870277814,1.8133894358799805
487,875,13914e356156cdbc,Consolidation,on,0.1092690866385002,1.0,0.5830485112151453,0.7366136609764488,1.9843406066250515
488,876,8f6bc0764cb909a2,Consolidation,off,0.14529577162795,1.0,0.3524926315017774,0.5179792488441936,2.2826383691393435
488,876,8f6bc0764cb909a2,Consolidation,on,0.14529577162795,1.0,0.2408015580609776,0.3881000720288154,2.750568989485213
489,883,2a297ecb96cbdf5e,Consolidation,off,0.1522447845854714,1.0,0.4862255129350288,0.6522819274763783,2.068636574982941
489,883,2a297ecb96cbdf5e,Consolidation,on,0.1522447845854714,1.0,0.4810137990120946,0.6495683277320984,2.107334914594935
490,885,ecc8fa1a45887b14,Consolidation,off,0.149754640391016,1.0,0.3633180746785739,0.5248647528305952,1.3586469478804195
490,885,ecc8fa1a45887b14,Consolidation,on,0.149754640391016,1.0,0.482990816273082,0.6513702027089396,1.1818852002990723
491,886,0e6c4727d672f341,Consolidation,off,0.1538675204303904,1.0,0.320493164277846,0.4832405696224867,1.3409048463123396
491,886,0e6c4727d672f341,Consolidation,on,0.1538675204303904,1.0,0.3701832743538062,0.5403412440960349,0.9765308396776438
492,899,1e0761e8352e8e7a,Consolidation,off,0.1345896135159764,1.0,0.6875791528416895,0.8097221751312528,2.5653327840987425
492,899,1e0761e8352e8e7a,Consolidation,on,0.1345896135159764,1.0,0.7772300944538909,0.8746485713245387,3.5614902918982656
493,923,9e0f921c7684ff3a,Consolidation,off,0.1500080405830153,1.0,0.3554225262572236,0.5206978799611144,2.001428575490868
493,923,9e0f921c7684ff3a,Consolidation,on,0.1500080405830153,1.0,0.2456426354623582,0.3943897204758397,2.042176692416416
494,931,51a3708674a10295,Consolidation,off,0.1414557841030364,1.0,0.5872512219458116,0.7342803286162077,2.961957803372278
494,931,51a3708674a10295,Consolidation,on,0.1414557841030364,1.0,0.3952232516619194,0.5664875870406295,3.28052005446102
495,935,ba3866d683193aa0,Consolidation,off,0.1349892061264369,1.0,0.3611359596040185,0.5258774335386478,2.6732582434099776
495,935,ba3866d683193aa0,Consolidation,on,0.1349892061264369,1.0,0.2056851159164595,0.3411836309635879,2.8542657843719645
496,942,82c85fc4dd874b40,Consolidation,off,0.1212471187910861,1.0,0.5182588561180674,0.6800491450713483,1.9546157488361915
496,942,82c85fc4dd874b40,Consolidation,on,0.1212471187910861,1.0,0.5540420933139667,0.7130270375953667,1.8686939792809056
497,946,a677aa1f5b36b700,Consolidation,off,0.1403154832390392,1.0,0.2366375582183475,0.3746878245990817,1.1717241127484246
497,946,a677aa1f5b36b700,Consolidation,on,0.1403154832390392,1.0,0.4734395740981328,0.6426107064927389,1.0061439398114305
498,948,86e3166f932d743b,Consolidation,off,0.1172560657670959,1.0,0.1884625631071583,0.3144340554756697,1.1179352498205346
498,948,86e3166f932d743b,Consolidation,on,0.1172560657670959,1.0,0.3712687482051597,0.5414787637342371,0.7940570927729544
499,958,18a81f0eb7e51290,Consolidation,off,0.1554853831946941,1.0,0.3352267817234308,0.4971976959199116,1.0862557921149962
499,958,18a81f0eb7e51290,Consolidation,on,0.1554853831946941,1.0,0.2475322875894926,0.3968133136561887,0.9285137054291412
500,964,8397370f06feee51,Consolidation,off,0.1369286922113552,1.0,0.2858142037258281,0.4404397941249161,1.415371522156047
500,964,8397370f06feee51,Consolidation,on,0.1369286922113552,1.0,0.5421455423847565,0.7030960570871051,1.2132582373161818
501,965,8377ec046dff9195,Consolidation,off,0.1558216257571549,1.0,0.5112669567960719,0.6648878811855553,2.8135678613184565
501,965,8377ec046dff9195,Consolidation,on,0.1558216257571549,1.0,0.1820415942796272,0.3079891378302376,2.6993107090823973
502,968,82dc03895b02069c,Consolidation,off,0.1535556432710066,1.0,0.4436055331283399,0.600768533369546,2.729334698641129
502,968,82dc03895b02069c,Consolidation,on,0.1535556432710066,1.0,0.2806672524066528,0.4382899819955013,2.8624111951251443
503,986,704c28a31e97e69f,Consolidation,off,0.1490090590568639,1.0,0.4656060481846026,0.6315923796418164,1.908857809840638
503,986,704c28a31e97e69f,Consolidation,on,0.1490090590568639,1.0,0.5720795665632112,0.7277997126884058,1.7318975875140112
504,990,5d20a85044d09721,Consolidation,off,0.1398233020968866,1.0,0.2767092013028584,0.4222663313294613,3.0006271942916163
504,990,5d20a85044d09721,Consolidation,on,0.1398233020968866,1.0,0.1716690168969157,0.2930140835309636,2.8284102402488664
505,993,80ce437091158308,Consolidation,off,0.1709720333903484,1.0,0.3664197535945198,0.5266871961456071,1.412892502047451
505,993,80ce437091158308,Consolidation,on,0.1709720333903484,1.0,0.4813837037675849,0.6498982357569298,1.0019586221070518
506,1009,433b8e95e8312da9,Consolidation,off,0.1417530420205741,1.0,0.5115805369427832,0.6767524382772492,2.384771427124837
506,1009,433b8e95e8312da9,Consolidation,on,0.1417530420205741,1.0,0.489790621151978,0.6575181185442741,3.2559188348047425
507,1015,3c0096e17cc2688d,Consolidation,off,0.1686475739368156,1.0,0.2824783217999207,0.4354611206898099,1.300286036334216
507,1015,3c0096e17cc2688d,Consolidation,on,0.1686475739368156,1.0,0.3594465167530288,0.5288019311620878,0.7796851723811864
508,1030,838d7b8777c24cdc,Consolidation,off,0.1303305410581407,1.0,0.4806402410421869,0.6473088739003321,2.0366298435258776
508,1030,838d7b8777c24cdc,Consolidation,on,0.1303305410581407,1.0,0.4243339593946461,0.5958104218429402,2.158728223912954
509,1033,cdc87877c8b61123,Consolidation,off,0.1394968056956566,1.0,0.5651331997069329,0.7068903580551165,3.1601167858288304
509,1033,cdc87877c8b61123,Consolidation,on,0.1394968056956566,1.0,0.2147519664686893,0.3535614369896004,2.8846941942241378
510,1037,4843d8df6c691692,Consolidation,off,0.1540770628968515,1.0,0.4484887483663181,0.6088770400140426,2.0586698571350173
510,1037,4843d8df6c691692,Consolidation,on,0.1540770628968515,1.0,0.6664043236138621,0.7998089072205777,1.7807487482528797
511,1063,4e355df0db0e824f,Consolidation,off,0.1240929978704637,1.0,0.4732406543902338,0.64215374900363,2.67438896157142
511,1063,4e355df0db0e824f,Consolidation,on,0.1240929978704637,1.0,0.3751635819402926,0.5456215001115302,3.03823169496324
512,1072,2b4752466d7dbab3,Consolidation,off,0.130203840962141,1.0,0.5661534249193948,0.7178967074895468,2.1550218185252232
512,1072,2b4752466d7dbab3,Consolidation,on,0.130203840962141,1.0,0.7062000665335278,0.827804519644175,2.178837183803134
513,1073,77a9f576918dc347,Consolidation,off,0.1391167054076575,1.0,0.583268297270497,0.7339163827311618,2.205224647891221
513,1073,77a9f576918dc347,Consolidation,on,0.1391167054076575,1.0,0.6586199100728743,0.7941778954981564,2.259748422624207
514,1074,6499d2e766d3c4db,Consolidation,off,0.1589842550765317,1.0,0.2204714154049686,0.354911725818837,1.5638755007122211
514,1074,6499d2e766d3c4db,Consolidation,on,0.1589842550765317,1.0,0.4820269973728647,0.6504813852069125,1.0134995144104102
515,1076,8807b14d7d5f1828,Consolidation,off,0.1802747442850947,1.0,0.5892958426234969,0.7306468798088425,2.475038465853168
515,1076,8807b14d7d5f1828,Consolidation,on,0.1802747442850947,1.0,0.543478729897177,0.7041981581194667,3.12419317671094
516,1098,d1599ddf61852654,Consolidation,off,0.1792660165977125,1.0,0.2931898907103825,0.4462046062202914,1.2892723819017575
516,1098,d1599ddf61852654,Consolidation,on,0.1792660165977125,1.0,0.4098360655737705,0.5813808522715286,0.8758772757466179
517,1121,3802c59c7fb1822d,Consolidation,off,0.1220706694150841,1.0,0.2973264447923516,0.4580542403628068,2.4250920026417826
517,1121,3802c59c7fb1822d,Consolidation,on,0.1220706694150841,1.0,0.2025744392197532,0.3368895065673697,3.0914064269028785
518,1123,c32e7ffef11280ca,Consolidation,off,0.1699291941386586,1.0,0.3450112243867987,0.4876938395554516,2.399707936032853
518,1123,c32e7ffef11280ca,Consolidation,on,0.1699291941386586,1.0,0.1778857858386034,0.3020270114391233,2.53789051810632
519,1131,252929b7917291e3,Consolidation,off,0.1484925125116344,1.0,0.5851080218623107,0.7358399190745081,2.8383671262395564
519,1131,252929b7917291e3,Consolidation,on,0.1484925125116344,1.0,0.4129134125091398,0.5844722525113041,3.191709593382849
520,1137,48f46950c6af780a,Consolidation,off,0.1638183510469813,1.0,0.609371031603508,0.7565528495599365,1.8393171777429052
520,1137,48f46950c6af780a,Consolidation,on,0.1638183510469813,1.0,0.630858425462745,0.7736513359722087,1.578390718121079
521,1156,41875f28d1a6bb51,Consolidation,off,0.1786276430370987,1.0,0.2224367730726376,0.3574976002971261,1.1556879795947683
521,1156,41875f28d1a6bb51,Consolidation,on,0.1786276430370987,1.0,0.3822683739093304,0.553079891946666,0.7994414354370705
522,4,b4cdf6d04b4a2062,Atelectasis,off,0.095142025934535,1.0,0.3380044328227417,0.5025372837758609,1.6507405654812577
522,4,b4cdf6d04b4a2062,Atelectasis,on,0.095142025934535,1.0,0.5094028461571917,0.6749709895292592,1.982394467706639
523,186,377c879691fc477e,Atelectasis,off,0.1512896607848583,1.0,0.4730047050159983,0.6367345327687683,1.581200446677883
523,186,377c879691fc477e,Atelectasis,on,0.1512896607848583,1.0,0.5109061121334506,0.676287859270888,1.5920263107435475
524,205,defa3fe8fbd3bc01,Atelectasis,off,0.1458854143824101,1.0,0.3733341676547484,0.5415408592707718,1.4709817986951137
524,205,defa3fe8fbd3bc01,Atelectasis,on,0.1458854143824101,1.0,0.4561536680331916,0.6265185725508682,1.0296070832352675
525,286,b1c55e29c4405de2,Atelectasis,off,0.1268901461436876,1.0,0.432251380924643,0.5988478473549737,1.8967781217991444
525,286,b1c55e29c4405de2,Atelectasis,on,0.1268901461436876,1.0,0.6348134579335261,0.7766186642405678,1.9557775017458336
526,347,0d910e15cf3df18e,Atelectasis,off,0.1682577274875858,1.0,0.3741753280487965,0.5402900404137065,1.3669703639679245
526,347,0d910e15cf3df18e,Atelectasis,on,0.1682577274875858,1.0,0.4949141077005308,0.662127403647361,0.9970533331328144
527,434,08de60a4a7687ffe,Atelectasis,off,0.1180698702298632,1.0,0.574839086432658,0.7266682891436089,2.178176381498425
527,434,08de60a4a7687ffe,Atelectasis,on,0.1180698702298632,1.0,0.6178115188093771,0.7637562238692341,2.414627811295325
528,445,06ba8137b7b55507,Atelectasis,off,0.1656067716328231,1.0,0.1594707313869,0.2742356717725771,0.8799541145368391
528,445,06ba8137b7b55507,Atelectasis,on,0.1656067716328231,1.0,0.1674059362291405,0.2867843993134745,0.5601968402164856
529,451,3f66ef83bae0f84d,Atelectasis,off,0.1580632428402263,1.0,0.3427427049594513,0.5086242150579545,1.9054734874569956
529,451,3f66ef83bae0f84d,Atelectasis,on,0.1580632428402263,1.0,0.2715382037204723,0.4270929547971663,2.002594617219964
530,460,0d8a5ccd0a4db0f8,Atelectasis,off,0.1578488272931499,1.0,0.3714781121527656,0.540553712393817,1.3161485613502557
530,460,0d8a5ccd0a4db0f8,Atelectasis,on,0.1578488272931499,1.0,0.3946062759817613,0.5659013912584591,1.1285266980171371
531,470,92fcdf6ded710162,Atelectasis,off,0.1512994069460891,1.0,0.338724397470052,0.5037615386426724,1.6534256654353767
531,470,92fcdf6ded710162,Atelectasis,on,0.1512994069460891,1.0,0.2827774745045853,0.440872682716821,1.6479434158385151
532,478,51426c9cde48119b,Atelectasis,off,0.1500421521473229,1.0,0.2555500660325082,0.4016544029059575,1.2708325269598946
532,478,51426c9cde48119b,Atelectasis,on,0.1500421521473229,1.0,0.4464202014972843,0.6172610701914009,0.9255478900386724
533,494,1db4456ab63d12f3,Atelectasis,off,0.1234594973904653,1.0,0.6916552651005778,0.8147915819328873,3.1096594021832784
533,494,1db4456ab63d12f3,Atelectasis,on,0.1234594973904653,1.0,0.5318141496536033,0.694333937422304,3.708295454255832
534,499,c8db963e82f7c785,Atelectasis,off,0.1680092003762018,1.0,0.6177129778748662,0.7625030099431462,2.2132393738573097
534,499,c8db963e82f7c785,Atelectasis,on,0.1680092003762018,1.0,0.6329603045767903,0.7752284390088768,1.9432133380223284
535,508,b6cd6a1cabc0249f,Atelectasis,off,0.1672489998002037,1.0,0.4339378334116032,0.5960943716710524,1.7850290281249668
535,508,b6cd6a1cabc0249f,Atelectasis,on,0.1672489998002037,1.0,0.6274703405286796,0.7710926888833849,1.397369325216692
536,512,ecc77d5112e864b4,Atelectasis,off,0.1789833779220209,1.0,0.4848184997031721,0.6498306342443354,1.586751970288146
536,512,ecc77d5112e864b4,Atelectasis,on,0.1789833779220209,1.0,0.5401151688930238,0.7013923381234544,1.1409526861862844
537,518,1c10dc1ba26ea979,Atelectasis,off,0.1052244297277409,1.0,0.5597194208073932,0.7118752050093571,2.003021577687065
537,518,1c10dc1ba26ea979,Atelectasis,on,0.1052244297277409,1.0,0.615140059362794,0.7617096323964236,2.265652363223987
538,565,86181433d554299d,Atelectasis,off,0.1628924657300605,1.0,0.4269892764560982,0.5916172101123435,1.815641411731063
538,565,86181433d554299d,Atelectasis,on,0.1628924657300605,1.0,0.5578439779265547,0.7161743396698527,1.6227145244315355
539,587,167f02788875e917,Atelectasis,off,0.1317291151947526,1.0,0.3938802350489793,0.5639382748634523,2.136833314173192
539,587,167f02788875e917,Atelectasis,on,0.1317291151947526,1.0,0.3818467999653469,0.5526534310926075,2.606675406010573
540,588,c0e12f25e6c003f9,Atelectasis,off,0.1340194630839778,1.0,0.3479065996947104,0.5087228136341662,1.7104005696846043
540,588,c0e12f25e6c003f9,Atelectasis,on,0.1340194630839778,1.0,0.6429003781677691,0.7826334712500302,1.5076682368892362
541,592,e7b6ae7af6d75ad6,Atelectasis,off,0.1242586826113864,1.0,0.4255545392806759,0.5922516012764808,1.7242781644946692
541,592,e7b6ae7af6d75ad6,Atelectasis,on,0.1242586826113864,1.0,0.5317921275350301,0.6943180557169045,1.7755937637044148
542,597,11d809a52453db0a,Atelectasis,off,0.1561432490777695,1.0,0.3018514150356336,0.4625682402357339,0.5747322012748275
542,597,11d809a52453db0a,Atelectasis,on,0.1561432490777695,1.0,0.3486428014680879,0.5170263903783805,0.7152518937864719
543,603,1f38204277c319ea,Atelectasis,off,0.1022323582299022,1.0,0.5061949769046941,0.6719877753216463,2.182793731577871
543,603,1f38204277c319ea,Atelectasis,on,0.1022323582299022,1.0,0.3907589503970711,0.5619194226837372,2.8569825549804726
544,606,869cfbde90c5be3f,Atelectasis,off,0.0893722984859338,1.0,0.4530427881829757,0.6192717123622457,3.842455287986418
544,606,869cfbde90c5be3f,Atelectasis,on,0.0893722984859338,1.0,0.1584822750237234,0.2735916156038159,3.58310611913635
545,612,0a51eadd62ea7d37,Atelectasis,off,0.1307642452329089,1.0,0.5817159433215756,0.7321155672522028,2.10935774053166
545,612,0a51eadd62ea7d37,Atelectasis,on,0.1307642452329089,1.0,0.6605612044367527,0.7955857634490002,2.09310803092556
546,621,9a42d6a21dfeba0c,Atelectasis,off,0.1373867617892002,1.0,0.322013311488777,0.4829725197064272,3.190038107297858
546,621,9a42d6a21dfeba0c,Atelectasis,on,0.1373867617892002,1.0,0.1020427739820957,0.1851818932251838,2.7381130567852265
547,634,5b3115c94b2fd4f5,Atelectasis,off,0.1216515844821621,1.0,0.5981289441640986,0.7477637416005014,2.480218634933437
547,634,5b3115c94b2fd4f5,Atelectasis,on,0.1216515844821621,1.0,0.4294814940089314,0.6008305835467904,3.0763173850923997
548,678,8839052d4b213766,Atelectasis,off,0.1658894103085147,1.0,0.4242881403058985,0.5916555547294414,1.6347427592990078
548,678,8839052d4b213766,Atelectasis,on,0.1658894103085147,1.0,0.5312369879916397,0.6938663947281505,1.2910825586916428
549,683,f0f9f475b6f58c7a,Atelectasis,off,0.1350769215775136,1.0,0.2647761855486287,0.4136925510511213,0.6876486508590465
549,683,f0f9f475b6f58c7a,Atelectasis,on,0.1350769215775136,1.0,0.3709937758924882,0.5412037555110037,0.7617805466995908
550,695,3ea211b9320b58ab,Atelectasis,off,0.1800408364155568,0.0,0.318239704539181,0.4815802927586583,2.363451491058982
550,695,3ea211b9320b58ab,Atelectasis,on,0.1800408364155568,0.0,0.2684028820487573,0.4232104737592309,2.4136885958846697
551,748,a541f9ed0bf11bb3,Atelectasis,off,0.1523666116008557,1.0,0.4937035690970953,0.6585176075050069,2.358746672235438
551,748,a541f9ed0bf11bb3,Atelectasis,on,0.1523666116008557,1.0,0.3471848359797167,0.5154117206839409,2.3736739495213555
552,752,f0176f93c5b15c7a,Atelectasis,off,0.1171293656710963,1.0,0.5111913799660736,0.6748368289030807,2.3839860692934263
552,752,f0176f93c5b15c7a,Atelectasis,on,0.1171293656710963,1.0,0.4921567674689493,0.6596400579783058,3.148599708974703
553,762,9ccf55673ed4000d,Atelectasis,off,0.1073052351505051,1.0,0.6322828710124742,0.7710073992526544,2.8204319273728107
553,762,9ccf55673ed4000d,Atelectasis,on,0.1073052351505051,1.0,0.4213397688086996,0.592822865128664,3.8921205436426343
554,787,ae3f08592ef8ad5e,Atelectasis,off,0.1559239604500777,0.0,0.2041912011615469,0.3382865392537626,1.3542450770936847
554,787,ae3f08592ef8ad5e,Atelectasis,on,0.1559239604500777,0.0,0.1956409182042816,0.3272543597702462,1.0715945142140133
555,789,318d8e445e8ecf5e,Atelectasis,off,0.1604071946162205,1.0,0.1920372858895479,0.3188232283430158,0.4653706822256615
555,789,318d8e445e8ecf5e,Atelectasis,on,0.1604071946162205,1.0,0.2501389360537066,0.4001777887314423,0.4992159366199385
556,797,a9dfbf9d846f90fd,Atelectasis,off,0.1573420269091511,1.0,0.2468603992587743,0.3946009022526894,0.9175511556933328
556,797,a9dfbf9d846f90fd,Atelectasis,on,0.1573420269091511,1.0,0.2797590126908359,0.4372056836505132,0.7053832451167038
557,803,984b40c082cd3573,Atelectasis,off,0.1327134774790579,1.0,0.4074385762950187,0.5743473903755734,1.6429330719302393
557,803,984b40c082cd3573,Atelectasis,on,0.1327134774790579,1.0,0.6025961445857052,0.75202011660784,1.5555203879305963
558,824,385b8a59b4f6e451,Atelectasis,off,0.1876623344979996,1.0,0.4981438860707004,0.6592083515407586,1.8558785756401996
558,824,385b8a59b4f6e451,Atelectasis,on,0.1876623344979996,1.0,0.5625677348621361,0.7200471567219611,1.1796446018619418
559,837,0e7903057b618889,Atelectasis,off,0.1324016003196741,1.0,0.4429494375039864,0.6112837842977241,1.7624303164627448
559,837,0e7903057b618889,Atelectasis,on,0.1324016003196741,1.0,0.4802394042207734,0.6488622441826041,1.9682559642585031
560,841,77941632e67bb3a4,Atelectasis,off,0.1269047653855337,1.0,0.381356635477229,0.5519487037012104,2.1353814413600243
560,841,77941632e67bb3a4,Atelectasis,on,0.1269047653855337,1.0,0.3030960025809249,0.4651799988391448,2.485002146932957
561,847,ca5639aa02e0db66,Atelectasis,off,0.1265782689843038,1.0,0.2470935305796258,0.3946559981252484,1.944072461131514
561,847,ca5639aa02e0db66,Atelectasis,on,0.1265782689843038,1.0,0.1698261463209513,0.2903387065977457,1.935970242606758
562,852,dac1670e41cf55a3,Atelectasis,off,0.1749777056561846,1.0,0.4916579724277133,0.6520243715762266,1.6689618976118854
562,852,dac1670e41cf55a3,Atelectasis,on,0.1749777056561846,1.0,0.5947059164680836,0.7458442249119885,1.299189996602608
563,869,09c4bd6ce78609be,Atelectasis,off,0.1230209201350818,1.0,0.4370509196007583,0.603831743864354,1.3754470148214817
563,869,09c4bd6ce78609be,Atelectasis,on,0.1230209201350818,1.0,0.5539997329105488,0.712995527294367,1.4437657788281413
564,897,02cb75ca53972049,Atelectasis,off,0.1291073978236822,1.0,0.4372631032676127,0.603435765756237,1.3930281267400584
564,897,02cb75ca53972049,Atelectasis,on,0.1291073978236822,1.0,0.4800008344076675,0.6486438543857684,1.3283858550221
565,920,5d253bd0d0de6db4,Atelectasis,off,0.1397648251295021,1.0,0.1892796981600437,0.3068941307502995,1.4580701883112384
565,920,5d253bd0d0de6db4,Atelectasis,on,0.1397648251295021,1.0,0.5648418049327567,0.7219123556288786,1.286425794685892
566,927,2d5108c8eff2ee69,Atelectasis,off,0.1290684131787592,1.0,0.3180295363327866,0.4804778745748037,1.1081549822080732
566,927,2d5108c8eff2ee69,Atelectasis,on,0.1290684131787592,1.0,0.3394032699241315,0.5067956325555422,0.8725400725936219
567,960,531cd21c479c115f,Atelectasis,off,0.1265539035812269,1.0,0.2300544700922072,0.3714470947211123,1.2076962757007008
567,960,531cd21c479c115f,Atelectasis,on,0.1265539035812269,1.0,0.4352260985242013,0.6064352957230685,1.0577783180702798
568,961,4eaaeffa43a63aa2,Atelectasis,off,0.1322846463849051,1.0,0.5310590388291438,0.6932767148221937,2.20729342696302
568,961,4eaaeffa43a63aa2,Atelectasis,on,0.1322846463849051,1.0,0.3409720959558056,0.508434685236457,2.5766851540710016
569,1006,aa5d7467210b16f2,Atelectasis,off,0.1371382346778162,1.0,0.3313052271084503,0.4909086438227614,1.282936111082726
569,1006,aa5d7467210b16f2,Atelectasis,on,0.1371382346778162,1.0,0.5015768248505929,0.6680618670829587,1.115916877615113
570,1011,25a9407a69b30806,Atelectasis,off,0.1403057370778084,1.0,0.4077734771121115,0.5761141111967945,2.3947808595250857
570,1011,25a9407a69b30806,Atelectasis,on,0.1403057370778084,1.0,0.2442752539427336,0.392619224151732,2.941018205443302
571,1021,a177681245ed41a8,Atelectasis,off,0.1207451914877027,1.0,0.3051354116642459,0.4669352464017677,1.6540463547918944
571,1021,a177681245ed41a8,Atelectasis,on,0.1207451914877027,1.0,0.3313120641891795,0.4977182139077977,1.8055441740132052
572,1057,1939319edcfe6817,Atelectasis,off,0.1264320765658426,1.0,0.3500947963286006,0.5184385303719877,1.0364363567579302
572,1057,1939319edcfe6817,Atelectasis,on,0.1264320765658426,1.0,0.327832924227991,0.4937833790681686,0.778348650693655
573,1068,6a9cebc92a2e4ea8,Atelectasis,off,0.1664595607405133,1.0,0.4920188614935824,0.6522743152861068,1.8032826502322656
573,1068,6a9cebc92a2e4ea8,Atelectasis,on,0.1664595607405133,1.0,0.5938945209742759,0.7452118129743155,1.5551114805956088
574,1077,2252811e46d42f53,Atelectasis,off,0.1436632896218002,1.0,0.5551282816253011,0.7049167247781387,2.281577447202268
574,1077,2252811e46d42f53,Atelectasis,on,0.1436632896218002,1.0,0.552236520363051,0.711503653661318,3.0637541260621286
575,1084,c0dd49da98159e6d,Atelectasis,off,0.1511239760439356,0.0,0.0,0.0,0.1973339417033681
575,1084,c0dd49da98159e6d,Atelectasis,on,0.1511239760439356,0.0,0.0,0.0,-0.4527424011157699
576,1088,7dbf2987649f260e,Atelectasis,off,0.1428738505621098,1.0,0.4076220622117817,0.5774292563587922,1.9729703707085304
576,1088,7dbf2987649f260e,Atelectasis,on,0.1428738505621098,1.0,0.4487141589861704,0.6194628091298829,2.5159175261396003
577,1091,6562e982e1ab1185,Atelectasis,off,0.1609091219196039,1.0,0.4049491977019089,0.5665785713319252,1.7136719862214569
577,1091,6562e982e1ab1185,Atelectasis,on,0.1609091219196039,1.0,0.4934048368396516,0.6607780123830335,1.6002249021423771
578,1124,190bb860bd0fd26b,Atelectasis,off,0.1208962569867793,1.0,0.3940750634395356,0.562550257287131,2.238800036743576
578,1124,190bb860bd0fd26b,Atelectasis,on,0.1208962569867793,1.0,0.4168782812850177,0.5884386364427306,3.3297164881726298
579,1147,b0c764398f5f135b,Atelectasis,off,0.1212909765166245,1.0,0.6169324512255743,0.7625133188161548,2.5074191655249325
579,1147,b0c764398f5f135b,Atelectasis,on,0.1212909765166245,1.0,0.4240278233739492,0.5954666581417548,3.0927733007871456
580,1150,56305bd94b986e35,Atelectasis,off,0.1129287701806451,1.0,0.5236684877635066,0.6856206935938904,2.3127206293925417
580,1150,56305bd94b986e35,Atelectasis,on,0.1129287701806451,1.0,0.417168771202561,0.58866445744913,3.6274952551441055
581,1151,8eb936b0cfda32f5,Atelectasis,off,0.13091043765137,1.0,0.4344285762855062,0.6033156447791057,1.4084205821357632
581,1151,8eb936b0cfda32f5,Atelectasis,on,0.13091043765137,1.0,0.44045966715384,0.6115179203452779,1.0034623516804069
582,1154,3fb3afa6fbb4c602,Atelectasis,off,0.1360174261362805,1.0,0.5444793234501042,0.696849629269664,1.974814428528445
582,1154,3fb3afa6fbb4c602,Atelectasis,on,0.1360174261362805,1.0,0.6930608194348308,0.8187075035804252,2.1596198966761904
583,122,b2fad14eebc04be1,Edema,off,0.1318460691295216,1.0,0.2913357382570481,0.4507172617954733,1.5257819043606171
583,122,b2fad14eebc04be1,Edema,on,0.1318460691295216,1.0,0.3090289314617546,0.4721479041804729,1.4958196121334697
584,393,f0c5cd1dcaab0e47,Edema,off,0.1574102500377663,1.0,0.3449566496668202,0.5023032668583045,1.4672058575961036
584,393,f0c5cd1dcaab0e47,Edema,on,0.1574102500377663,1.0,0.5074500247339563,0.6732560634695378,1.2021590924165275
585,406,a12aaef70490156c,Edema,off,0.1387268589584277,0.0,0.3389205469459533,0.5051433884202327,1.615841734416991
585,406,a12aaef70490156c,Edema,on,0.1387268589584277,0.0,0.3507842399785941,0.5193651635536558,1.6562575732450455
586,409,2eed693b117c2db9,Edema,off,0.1686329546949695,1.0,0.4043153577137101,0.570066925269374,0.9763898012863568
586,409,2eed693b117c2db9,Edema,on,0.1686329546949695,1.0,0.3780102697666392,0.5486168375676412,0.8159176955446463
587,452,a986d76c581c681b,Edema,off,0.167828896393433,1.0,0.4084913508020566,0.5793298884192267,1.3853493369731218
587,452,a986d76c581c681b,Edema,on,0.167828896393433,1.0,0.4246377837044126,0.5961342904926695,1.124743834868144
588,473,f15dea1ce3c9b5b4,Edema,off,0.1379471660599681,1.0,0.2904408631440954,0.4469761777881555,1.638960285985507
588,473,f15dea1ce3c9b5b4,Edema,on,0.1379471660599681,1.0,0.4042339928829849,0.5757348604598166,1.7908899577399924
589,474,2b578ad2daf4f07c,Edema,off,0.1318168306458293,1.0,0.3045504820941093,0.4642387250878732,1.4997447984145331
589,474,2b578ad2daf4f07c,Edema,on,0.1318168306458293,1.0,0.1652930872238892,0.2836855002489432,1.404843207389067
590,487,89c88b8ef9f0c6e4,Edema,off,0.1642276898186726,1.0,0.3020734028823174,0.4567981151396934,0.9588872646871354
590,487,89c88b8ef9f0c6e4,Edema,on,0.1642276898186726,1.0,0.3561490357560557,0.5252227767300012,0.7018668182269157
591,491,2a30653355f7fc52,Edema,off,0.1539259973977749,1.0,0.2941533759719741,0.4475379542005689,1.2505334485941566
591,491,2a30653355f7fc52,Edema,on,0.1539259973977749,1.0,0.4466692156966262,0.6175044533085655,0.9108729888907512
592,523,80c6b3a0a74e5b10,Edema,off,0.1591694321399158,1.0,0.2455541362080841,0.3733353897060277,0.6596577823349238
592,523,80c6b3a0a74e5b10,Edema,on,0.1591694321399158,1.0,0.2578162667752152,0.3945524052696051,0.5636410022383124
593,618,19480804a2bf56f8,Edema,off,0.14843403554425,1.0,0.1281898007429922,0.2237662499824911,1.0622903649585582
593,618,19480804a2bf56f8,Edema,on,0.14843403554425,1.0,0.2488804457953394,0.3985491475245636,0.6158356550679649
594,644,700255422ab49a1f,Edema,off,0.1611235374666803,1.0,0.3786593535628734,0.5484834573575552,1.4122683578513129
594,644,700255422ab49a1f,Edema,on,0.1611235374666803,1.0,0.4166114161678459,0.5881801034075937,1.1279086686519018
595,656,a9646397048bc84c,Edema,off,0.1504027601128605,1.0,0.3981868741950595,0.5590470616867248,1.5287054051877105
595,656,a9646397048bc84c,Edema,on,0.1504027601128605,1.0,0.5268639576250331,0.6901047286701005,1.128980854123408
596,657,e9184860388b2b47,Edema,off,0.1800846941410951,1.0,0.1954868135043787,0.323992141982097,0.8740672150475236
596,657,e9184860388b2b47,Edema,on,0.1800846941410951,1.0,0.2269094975436304,0.3698807813783427,0.5636420585939879
597,675,66af19b43d8acd4c,Edema,off,0.1501591060820919,1.0,0.1801360878832595,0.3010225944337602,1.2564025895621622
597,675,66af19b43d8acd4c,Edema,on,0.1501591060820919,1.0,0.4099524512215117,0.5814895219547489,0.8881514427787811
598,692,c44da25c2b6e6e92,Edema,off,0.1653095137152854,1.0,0.2613374607606578,0.4142386498887139,0.6463746719631892
598,692,c44da25c2b6e6e92,Edema,on,0.1653095137152854,1.0,0.2658715005030729,0.4200600981396424,0.5762821912968282
599,721,fabe5ef3695a5461,Edema,off,0.1684380314703546,0.0,0.2418774361777335,0.3885226445431167,1.441002646346096
599,721,fabe5ef3695a5461,Edema,on,0.1684380314703546,0.0,0.2298376218372468,0.3737675443606575,1.2390872903197812
600,725,921acbdad507f01a,Edema,off,0.1614305415454487,1.0,0.1516698124942144,0.2589819393730468,1.7667035837741774
600,725,921acbdad507f01a,Edema,on,0.1614305415454487,1.0,0.2191557409018096,0.3595045601412236,2.2474026636001554
601,737,eccfc478085c5c04,Edema,off,0.1515771725411653,0.0,0.3385100427367766,0.5050499315715591,2.0896209010742397
601,737,eccfc478085c5c04,Edema,on,0.1515771725411653,0.0,0.259326660914101,0.411841394013247,2.292992494279664
602,741,3d480d0e3bc6eeda,Edema,off,0.187014214776155,1.0,0.3953552120530778,0.5642591850208791,2.119089030947233
602,741,3d480d0e3bc6eeda,Edema,on,0.187014214776155,1.0,0.395470926310579,0.5667853124222791,2.1317145160895112
603,744,ec4e5ae6851c1dd7,Edema,off,0.1651828136192857,0.0,0.1333980313457675,0.2352855697812784,1.150697089188119
603,744,ec4e5ae6851c1dd7,Edema,on,0.1651828136192857,0.0,0.1272799506820514,0.2258167353609602,0.9280500212417908
604,763,b816afc73b5ccdf4,Edema,off,0.1625659693288306,1.0,0.2109081241216908,0.3445831035344494,1.088088538092577
604,763,b816afc73b5ccdf4,Edema,on,0.1625659693288306,1.0,0.310516920505906,0.4738760893704992,0.6974562850348986
605,774,46215ce72bf546e2,Edema,off,0.1521570691343947,0.0,0.1499378885158102,0.2585695114475289,1.459528839681593
605,774,46215ce72bf546e2,Edema,on,0.1521570691343947,0.0,0.1228949957869053,0.2188833139757403,1.3575338650730788
606,775,34a1605c846fa6ff,Edema,off,0.166469306901744,0.0,0.4716516854155882,0.6381498954900228,2.0462348849746808
606,775,34a1605c846fa6ff,Edema,on,0.166469306901744,0.0,0.4633125076771673,0.6332168810348607,2.3819298944172527
607,791,7275c8b6f51b35b8,Edema,off,0.1714057375651165,0.0,0.3868515958477411,0.553155903244736,2.2912355476278807
607,791,7275c8b6f51b35b8,Edema,on,0.1714057375651165,0.0,0.3553797512316912,0.5243828449356829,2.8147340498597044
608,846,86976ce0ce8ac118,Edema,off,0.1656701216808229,1.0,0.4915892795064179,0.6559682957965784,2.3019933578191814
608,846,86976ce0ce8ac118,Edema,on,0.1656701216808229,1.0,0.4464749642558681,0.6173181416618536,2.562267894712124
609,860,01ec6fd2ecc2f08d,Edema,off,0.192218664873373,1.0,0.2132672214857246,0.3513579765104381,0.7887395702100788
609,860,01ec6fd2ecc2f08d,Edema,on,0.192218664873373,1.0,0.217816516724875,0.3577155178388439,0.7266460933094869
610,871,34630c8127633573,Edema,off,0.1773411497546403,1.0,0.4217055595359834,0.5877211518237464,1.2853855183616143
610,871,34630c8127633573,Edema,on,0.1773411497546403,1.0,0.4663553438745506,0.6360597103440461,0.9643669206447016
611,888,b50198f49cbff008,Edema,off,0.1712887836303476,1.0,0.2412872198362593,0.3872081502598042,1.0492712841477518
611,888,b50198f49cbff008,Edema,on,0.1712887836303476,1.0,0.2974741770754401,0.4585293148679056,0.6615979678434194
612,919,ec44a683d57116d1,Edema,off,0.1740323280168023,0.0,0.0044987038263771,0.00886758594639,0.3793585668008871
612,919,ec44a683d57116d1,Edema,on,0.1740323280168023,0.0,0.0305803110709402,0.0593400614747617,-0.0499517349625478
613,930,1d5d7295d9c4a3f1,Edema,off,0.1843583858407769,1.0,0.3181168013356914,0.4757727866413064,1.1472555198730607
613,930,1d5d7295d9c4a3f1,Edema,on,0.1843583858407769,1.0,0.3948579394800759,0.5661510756679775,0.8379654074731667
614,938,4cb2f80f7e9a2742,Edema,off,0.1679848349731249,1.0,0.3596241786445275,0.514406387752797,1.442679682193984
614,938,4cb2f80f7e9a2742,Edema,on,0.1679848349731249,1.0,0.4691919834613987,0.6386832486724391,1.00162855012263
615,967,56d7a4445236725d,Edema,off,0.1437948627984152,1.0,0.3638168574257216,0.5279362565449264,1.1826362265839334
615,967,56d7a4445236725d,Edema,on,0.1437948627984152,1.0,0.4825538284992866,0.6509731317459914,0.9944788830749112
616,1004,50ab3732ce0f912e,Edema,off,0.1809131178457085,0.0,0.4023002824961186,0.5695126927231376,1.361800342783483
616,1004,50ab3732ce0f912e,Edema,on,0.1809131178457085,0.0,0.4635499687446785,0.6334526465097319,1.0771749715750616
617,1013,3d2a1cae5d20b5b0,Edema,off,0.1545010209103889,1.0,0.2859895510647863,0.4366720447528897,1.2113424706019131
617,1013,3d2a1cae5d20b5b0,Edema,on,0.1545010209103889,1.0,0.3038226879498195,0.4660285988918448,0.6985231946139672
618,1015,3c0096e17cc2688d,Edema,off,0.1686475739368156,1.0,0.2824783217999207,0.4354611206898099,1.300286036334216
618,1015,3c0096e17cc2688d,Edema,on,0.1686475739368156,1.0,0.3594465167530288,0.5288019311620878,0.7796851723811864
619,1040,20d2e0e9014e2b3c,Edema,off,0.1498618481645542,1.0,0.4506715565965522,0.6210716285808167,1.7563705611107552
619,1040,20d2e0e9014e2b3c,Edema,on,0.1498618481645542,1.0,0.4640465123385233,0.6339230446198977,1.5242920690815256
620,1045,0977ae2cf34d956a,Edema,off,0.1352084947541287,1.0,0.3309881014662285,0.4960491335098235,2.1509842277522577
620,1045,0977ae2cf34d956a,Edema,on,0.1352084947541287,1.0,0.2049861391102891,0.3402221860492379,2.262132149820341
621,1083,53c1d93705bec81b,Edema,off,0.1759913064241821,1.0,0.3290772754667406,0.4893223131236318,1.3571281621168534
621,1083,53c1d93705bec81b,Edema,on,0.1759913064241821,1.0,0.3723436791428059,0.5426256186912027,0.81057829418147
622,1086,b460e9f1059f3ac3,Edema,off,0.1664059568537442,1.0,0.3694913171780487,0.5347619811975155,1.481922532422361
622,1086,b460e9f1059f3ac3,Edema,on,0.1664059568537442,1.0,0.4624173590978236,0.632392968425924,0.9761209565388924
623,1090,f5f0abf5e33c563a,Edema,off,0.1643251514309801,1.0,0.4149712929237307,0.5772320241408988,1.6617305922250325
623,1090,f5f0abf5e33c563a,Edema,on,0.1643251514309801,1.0,0.5677411053718344,0.7242734214050056,1.2320007302163414
624,1093,3c166be90502b65a,Edema,off,0.1457002373190259,1.0,0.2791678540450583,0.4258096445108323,1.35948193963907
624,1093,3c166be90502b65a,Edema,on,0.1457002373190259,1.0,0.420466033311384,0.591989480774348,0.900755644166538
625,1116,3b432a10b30bb91a,Edema,off,0.1415093879898055,1.0,0.488934453501949,0.654187305675517,2.485673860072286
625,1116,3b432a10b30bb91a,Edema,on,0.1415093879898055,1.0,0.303848107082826,0.4660335743117533,3.079322781775484
626,1122,b4af76bb65a3b727,Edema,off,0.1672148882358961,0.0,0.1747434766474776,0.2931288638447985,1.0294716756660645
626,1122,b4af76bb65a3b727,Edema,on,0.1672148882358961,0.0,0.2426541534039943,0.3905387543103308,0.7100774037034452
627,1139,f716986d2b4594bf,Edema,off,0.1615085108352947,1.0,0.1925250934825437,0.315496500507131,1.184513249816946
627,1139,f716986d2b4594bf,Edema,on,0.1615085108352947,1.0,0.3597424720368505,0.5291099607502098,0.779074529847595
628,1156,41875f28d1a6bb51,Edema,off,0.1786276430370987,1.0,0.2224367730726376,0.3574976002971261,1.1556879795947683
628,1156,41875f28d1a6bb51,Edema,on,0.1786276430370987,1.0,0.3822683739093304,0.553079891946666,0.7994414354370705
629,2,7fdc846bf5c6595f,Cardiomegaly,off,0.1518159534913186,1.0,0.4970918558353817,0.6610713465788742,2.0486093773290954
629,2,7fdc846bf5c6595f,Cardiomegaly,on,0.1518159534913186,1.0,0.6080185579990103,0.7562330071220679,2.0581224300004566
630,10,6facf74a81a28169,Cardiomegaly,off,0.1447110019541053,1.0,0.3667997172151903,0.529930089345711,1.4030248334602768
630,10,6facf74a81a28169,Cardiomegaly,on,0.1447110019541053,1.0,0.5259267162705716,0.6893207909206163,1.1574731588417713
631,34,ecc14faa47ae7453,Cardiomegaly,off,0.1387658436033507,0.0,0.2049797227104973,0.3381991150665552,1.1117260167554572
631,34,ecc14faa47ae7453,Cardiomegaly,on,0.1387658436033507,0.0,0.359769227611022,0.5291564037303496,0.9004905901143081
632,58,9602f43496ca35c1,Cardiomegaly,off,0.148526624075942,1.0,0.3470993809543003,0.509013278181329,1.301186538622847
632,58,9602f43496ca35c1,Cardiomegaly,on,0.148526624075942,1.0,0.4954069752232544,0.6625710673822796,1.1147901133061533
633,121,283cfccc2232dcf2,Cardiomegaly,off,0.1523325000365481,1.0,0.2511209094011418,0.3933435284615255,1.3813221646772595
633,121,283cfccc2232dcf2,Cardiomegaly,on,0.1523325000365481,1.0,0.4734996895861909,0.6426773393497577,1.0172874383817947
634,140,c733667e05c1cd2d,Cardiomegaly,off,0.1310907416341388,1.0,0.1863698193885956,0.3123793256091933,0.9112913096077644
634,140,c733667e05c1cd2d,Cardiomegaly,on,0.1310907416341388,1.0,0.2840325342775788,0.4423951202506176,0.5741736546478159
635,154,71b3c95f452d8a44,Cardiomegaly,off,0.1603194791651438,1.0,0.2869968153583181,0.442073337400115,1.0977084564069282
635,154,71b3c95f452d8a44,Cardiomegaly,on,0.1603194791651438,1.0,0.3996955369482754,0.5711165461119049,0.8007884524187521
636,157,79fce779b6f1da93,Cardiomegaly,off,0.1350720484968982,1.0,0.3148233402137854,0.4709241918674752,1.480901145384076
636,157,79fce779b6f1da93,Cardiomegaly,on,0.1350720484968982,1.0,0.532178312948487,0.6946577323988582,1.1907861052369415
637,168,2ac3080c1a1a1970,Cardiomegaly,off,0.1557680218703858,1.0,0.3253158118757825,0.4890286464858836,1.06694645897734
637,168,2ac3080c1a1a1970,Cardiomegaly,on,0.1557680218703858,1.0,0.365841012067133,0.5356978718856897,0.744117594623246
638,183,90db5c1b12d21d6d,Cardiomegaly,off,0.1470257152464073,1.0,0.2027524171598246,0.3307217637152792,1.4645958803508938
638,183,90db5c1b12d21d6d,Cardiomegaly,on,0.1470257152464073,1.0,0.5034091314494573,0.6696864172183907,1.0853424675162726
639,211,1223e669033e37be,Cardiomegaly,off,0.1539454897202364,1.0,0.3915824246532134,0.5588957468237886,1.556127990453451
639,211,1223e669033e37be,Cardiomegaly,on,0.1539454897202364,1.0,0.4768199165338482,0.6457386672623932,1.2362155195949909
640,213,e1ceb68cb23d7857,Cardiomegaly,off,0.1585797893854558,1.0,0.2674581862873141,0.4088151955851688,1.1685658261431249
640,213,e1ceb68cb23d7857,Cardiomegaly,on,0.1585797893854558,1.0,0.4777712860929219,0.6466105812214387,1.0929900674377937
641,220,ef96461e46f8d094,Cardiomegaly,off,0.1925500343552183,1.0,0.3213368768592399,0.4834479441743842,1.472450345776921
641,220,ef96461e46f8d094,Cardiomegaly,on,0.1925500343552183,1.0,0.3772383118305361,0.5478166656269149,0.9299010301689764
642,234,e5f4624cd98d6640,Cardiomegaly,off,0.1325819043024428,1.0,0.2672004686186761,0.4152807074824903,0.9035636774504022
642,234,e5f4624cd98d6640,Cardiomegaly,on,0.1325819043024428,1.0,0.4889244703176449,0.6567455987832203,1.0149084982481784
643,283,7a77793683be9602,Cardiomegaly,off,0.1362708263282799,1.0,0.3928614124522834,0.5567884579737475,1.414349158756702
643,283,7a77793683be9602,Cardiomegaly,on,0.1362708263282799,1.0,0.5372981077592923,0.6990151319274683,1.282744206660326
644,309,6c8f5f81c8357205,Cardiomegaly,off,0.1527077272439318,1.0,0.332712649614957,0.4936359982429798,1.2244057233300556
644,309,6c8f5f81c8357205,Cardiomegaly,on,0.1527077272439318,1.0,0.4808778306633187,0.6494465632886717,1.0071494912971135
645,373,1f924d5148e24902,Cardiomegaly,off,0.1604023215356051,1.0,0.3915853574442772,0.5575382622260361,1.6339340861527567
645,373,1f924d5148e24902,Cardiomegaly,on,0.1604023215356051,1.0,0.532332498356037,0.694794056119927,1.3784109311097827
646,381,df722b3c373914e1,Cardiomegaly,off,0.1679799618925095,1.0,0.2982274435143245,0.4517747987858732,1.3532930697616088
646,381,df722b3c373914e1,Cardiomegaly,on,0.1679799618925095,1.0,0.4368333679908173,0.6080471766347031,0.981814128801338
647,392,affb1addb7bb42ed,Cardiomegaly,off,0.1304280026704481,1.0,0.2245042309851117,0.3608426629416353,1.333055020537606
647,392,affb1addb7bb42ed,Cardiomegaly,on,0.1304280026704481,1.0,0.4539335357373742,0.6244030564015488,1.31019966190013
648,410,5ba1bc09602544c8,Cardiomegaly,off,0.155339190776233,1.0,0.3364432771775058,0.4984476952898594,1.3997540645760216
648,410,5ba1bc09602544c8,Cardiomegaly,on,0.155339190776233,1.0,0.4297564345273865,0.6011600703350721,1.0582544739189823
649,419,eb5032a8b3f8052a,Cardiomegaly,off,0.1476397234039442,1.0,0.319633306696251,0.4811240181630279,0.9750227276039072
649,419,eb5032a8b3f8052a,Cardiomegaly,on,0.1476397234039442,1.0,0.4221132853509298,0.5936396863502901,0.9003599506835331
650,420,5940198741acd68e,Cardiomegaly,off,0.1466943457645619,1.0,0.2314346991945664,0.3699154599501439,0.9185064711325804
650,420,5940198741acd68e,Cardiomegaly,on,0.1466943457645619,1.0,0.3684704790640753,0.5385122720231623,0.7877528219422761
651,421,404e5dadeda8d710,Cardiomegaly,off,0.1567036533485373,1.0,0.3411286166133099,0.5045274540080926,1.26842472774014
651,421,404e5dadeda8d710,Cardiomegaly,on,0.1567036533485373,1.0,0.4234839884395578,0.5949915066695628,0.9087000767508004
652,424,5fbe41e547784e0c,Cardiomegaly,off,0.1559629450950007,1.0,0.3219136342445253,0.4756374421273942,1.4397777748707283
652,424,5fbe41e547784e0c,Cardiomegaly,on,0.1559629450950007,1.0,0.495342401242027,0.6625104202629949,1.2505337857096084
653,447,570ab29238338c71,Cardiomegaly,off,0.1666447378038975,1.0,0.3671580037594935,0.5343561799402927,1.0829935732955955
653,447,570ab29238338c71,Cardiomegaly,on,0.1666447378038975,1.0,0.425576621124892,0.5970572563819643,0.914471989483824
654,448,30e47bf53ecb4626,Cardiomegaly,off,0.1628096233595992,1.0,0.3568856859856856,0.5166347606765642,1.6148705773669672
654,448,30e47bf53ecb4626,Cardiomegaly,on,0.1628096233595992,1.0,0.5360104912274083,0.6979097078469074,1.186289994607604
655,461,f58f795f86d14ebd,Cardiomegaly,off,0.147113430697484,1.0,0.2336144714022981,0.3744543427808319,1.1156921167009468
655,461,f58f795f86d14ebd,Cardiomegaly,on,0.147113430697484,1.0,0.363716750542054,0.5334101312736641,0.7542249850731237
656,464,57bcef4f82bf8195,Cardiomegaly,off,0.156659795622999,1.0,0.3328383523657899,0.491230498871932,1.1239074374873037
656,464,57bcef4f82bf8195,Cardiomegaly,on,0.156659795622999,1.0,0.4233721809228313,0.5948855519303887,0.9772065406256916
657,465,996f10d9aa33dbb7,Cardiomegaly,off,0.1577075079553041,1.0,0.2794053450443839,0.4348821887167403,0.9851155463087686
657,465,996f10d9aa33dbb7,Cardiomegaly,on,0.1577075079553041,1.0,0.3645517238552835,0.5343152798264349,0.7500391226105098
658,466,efc98b588af63774,Cardiomegaly,off,0.1701777212500426,1.0,0.4226762486951234,0.5924883424170132,1.4939481911772272
658,466,efc98b588af63774,Cardiomegaly,on,0.1701777212500426,1.0,0.47069404503759,0.6400975510207032,1.154307296347805
659,468,62f30234391874f1,Cardiomegaly,off,0.1578780657768421,1.0,0.5463129883354626,0.6966363302915475,2.706681781568898
659,468,62f30234391874f1,Cardiomegaly,on,0.1578780657768421,1.0,0.5626323877519858,0.7200950392100589,3.4579989477631377
660,469,701deb57a48ea40e,Cardiomegaly,off,0.1736424815675725,1.0,0.2712326782541246,0.4242126142766875,0.9406167955934024
660,469,701deb57a48ea40e,Cardiomegaly,on,0.1736424815675725,1.0,0.3457374958215607,0.5138233730854815,0.6358072185007976
661,471,2cbf5e21fd5120c6,Cardiomegaly,off,0.1685257469214313,1.0,0.3613199338583802,0.521139395354087,1.7385114191007651
661,471,2cbf5e21fd5120c6,Cardiomegaly,on,0.1685257469214313,1.0,0.544732894886658,0.7052764185600295,1.5691367133114238
662,472,ecf3e07abdbb2152,Cardiomegaly,off,0.1600953174568367,1.0,0.3168454592445163,0.4765591780121105,1.245129365440913
662,472,ecf3e07abdbb2152,Cardiomegaly,on,0.1600953174568367,1.0,0.4484122474847886,0.6191732688833009,0.8949326051393531
663,475,79a1d67e9168770a,Cardiomegaly,off,0.1624880000389846,1.0,0.4447038136759855,0.6096700050711718,1.679693287494502
663,475,79a1d67e9168770a,Cardiomegaly,on,0.1624880000389846,1.0,0.5673754047015654,0.7239800855716765,1.3219955846429827
664,476,2004e3665e3f10dc,Cardiomegaly,off,0.1649001749435941,1.0,0.3242838044037943,0.4806391442888141,1.1749098890869678
664,476,2004e3665e3f10dc,Cardiomegaly,on,0.1649001749435941,1.0,0.4740495627787755,0.6431873967995911,0.9527333132833176
665,477,47f95af5fe0a0150,Cardiomegaly,off,0.164598043945441,1.0,0.2538099773688673,0.3982371973693622,1.187581495994857
665,477,47f95af5fe0a0150,Cardiomegaly,on,0.164598043945441,1.0,0.4373197495011993,0.6085211189185442,0.9114557904214746
666,479,3291160dec18f107,Cardiomegaly,off,0.1577270002777656,1.0,0.2352183450917745,0.3749912220365997,0.9922586830491767
666,479,3291160dec18f107,Cardiomegaly,on,0.1577270002777656,1.0,0.3732487035090062,0.5435914690818764,0.7247684917068331
667,483,5c68c7c5bcf114db,Cardiomegaly,off,0.1603828292131436,1.0,0.3102707313097778,0.4708173401368681,1.2041910545384087
667,483,5c68c7c5bcf114db,Cardiomegaly,on,0.1603828292131436,1.0,0.3872010456404975,0.5582449424787911,0.8364902866948644
668,486,2e12dfdc50b6087d,Cardiomegaly,off,0.1728676617497283,1.0,0.2750943720783816,0.4246131099268527,1.2116372237938935
668,486,2e12dfdc50b6087d,Cardiomegaly,on,0.1728676617497283,1.0,0.3962593468248406,0.5676005507244465,0.860509706602591
669,488,abb7ad451d66b842,Cardiomegaly,off,0.1855912752364662,1.0,0.3214869202235711,0.4802106670565688,1.1137543316076168
669,488,abb7ad451d66b842,Cardiomegaly,on,0.1855912752364662,1.0,0.4570254456598695,0.627338121323182,0.8753181017408709
670,489,bd7d26f21807cd30,Cardiomegaly,off,0.1459195259467177,1.0,0.1941403668475819,0.3179625599711288,1.2060054312941764
670,489,bd7d26f21807cd30,Cardiomegaly,on,0.1459195259467177,1.0,0.4734770290297858,0.6426456368551963,1.0163213268810176
671,492,08ed699a1c98210c,Cardiomegaly,off,0.1548372634728496,1.0,0.2285149272912431,0.3625133650691422,1.5886421374263937
671,492,08ed699a1c98210c,Cardiomegaly,on,0.1548372634728496,1.0,0.5751614736104425,0.730242721605013,1.3901280185766387
672,497,9c100e752176fe88,Cardiomegaly,off,0.1140690710446423,1.0,0.2572944709995514,0.4059882613363393,1.2466884172651445
672,497,9c100e752176fe88,Cardiomegaly,on,0.1140690710446423,1.0,0.532586538677019,0.6949556738951749,1.2406812334345565
673,498,7cc075c5945a979b,Cardiomegaly,off,0.1189080400957073,1.0,0.3393651371202279,0.501188231789478,1.5306081475370588
673,498,7cc075c5945a979b,Cardiomegaly,on,0.1189080400957073,1.0,0.554561588406485,0.713450611036255,1.3829514911367706
674,503,2183bc0d130fce0a,Cardiomegaly,off,0.1254915720070757,1.0,0.2672871680657537,0.4151127119850128,1.2610344343716575
674,503,2183bc0d130fce0a,Cardiomegaly,on,0.1254915720070757,1.0,0.527459401118259,0.6906339622147091,1.220073781369606
675,504,4376708f8d89c7cd,Cardiomegaly,off,0.1423767963393418,1.0,0.2945199255031535,0.4477335307259469,1.6484678033654907
675,504,4376708f8d89c7cd,Cardiomegaly,on,0.1423767963393418,1.0,0.5406893256946601,0.7018633805543545,1.4416435969322268
676,506,cbcdda51d2f214f6,Cardiomegaly,off,0.145753841205795,1.0,0.3476052343754606,0.5108307975655406,1.4528953226291583
676,506,cbcdda51d2f214f6,Cardiomegaly,on,0.145753841205795,1.0,0.4717279868991027,0.6410423342579414,1.0478568435474334
677,507,0c4b5afba7f6553d,Cardiomegaly,off,0.1509875297867052,1.0,0.4745698111612728,0.6290559692372251,1.8885753917019776
677,507,0c4b5afba7f6553d,Cardiomegaly,on,0.1509875297867052,1.0,0.620375484154083,0.7657165394356686,1.9222261510136311
678,510,0360f2df64ba5ada,Cardiomegaly,off,0.1590086204796086,1.0,0.1968858020807788,0.3227812202742959,1.0779941073822643
678,510,0360f2df64ba5ada,Cardiomegaly,on,0.1590086204796086,1.0,0.3547297254518015,0.5236776049816609,0.7268503525052191
679,511,680f7b75961eb8f4,Cardiomegaly,off,0.1548518827146957,1.0,0.1998295145109801,0.327522512951425,0.9416054566023936
679,511,680f7b75961eb8f4,Cardiomegaly,on,0.1548518827146957,1.0,0.3848488864294842,0.5557919375793594,0.7585514828141365
680,514,6b159bebb304e63d,Cardiomegaly,off,0.1421721269534961,1.0,0.2759401568519316,0.4318104089953696,1.0263422662282955
680,514,6b159bebb304e63d,Cardiomegaly,on,0.1421721269534961,1.0,0.3347361301142707,0.5015752510159869,0.7680351124646335
681,526,a8847f04ce4b65e8,Cardiomegaly,off,0.1346383443221301,1.0,0.2784243488953671,0.4268207664507611,1.1462798122249402
681,526,a8847f04ce4b65e8,Cardiomegaly,on,0.1346383443221301,1.0,0.47038131470572,0.6398072659910713,0.9751021121722492
682,530,71e5e13c90e27554,Cardiomegaly,off,0.1645152015749796,1.0,0.3187093452198334,0.4806440136463983,1.39784584290169
682,530,71e5e13c90e27554,Cardiomegaly,on,0.1645152015749796,1.0,0.4412474510226448,0.6123050783985196,1.0278719074789344
683,531,608d260223d49da3,Cardiomegaly,off,0.1351987485928979,1.0,0.2453328696972038,0.3860523747199301,1.2192850687428605
683,531,608d260223d49da3,Cardiomegaly,on,0.1351987485928979,1.0,0.4228264547857502,0.5943376828455272,0.9157869246125062
684,532,ee2e70dd281aedf8,Cardiomegaly,off,0.185025997885083,1.0,0.3372021670435046,0.5015577120348953,1.244531852869741
684,532,ee2e70dd281aedf8,Cardiomegaly,on,0.185025997885083,1.0,0.3818504118206989,0.5526636212170741,0.7614038650157232
685,533,95d1ebe0176d42c5,Cardiomegaly,off,0.155183252196541,1.0,0.2499970698018678,0.3979277718881659,1.1031518992569336
685,533,95d1ebe0176d42c5,Cardiomegaly,on,0.155183252196541,1.0,0.3556158426060388,0.5246535201412459,0.7541182470648685
686,534,c33c367dac2cf404,Cardiomegaly,off,0.1484584009473268,1.0,0.2298390989150179,0.3710546482707584,1.2688172363930486
686,534,c33c367dac2cf404,Cardiomegaly,on,0.1484584009473268,1.0,0.3939708301563914,0.565242884264532,0.9599431532487848
687,536,241d1f811631bde9,Cardiomegaly,off,0.1481172853042507,1.0,0.3876440730839614,0.5538603031147707,1.4395090092793406
687,536,241d1f811631bde9,Cardiomegaly,on,0.1481172853042507,1.0,0.5175160972612028,0.6820510074102618,1.14181687233761
688,538,9949a1b3294f1d69,Cardiomegaly,off,0.1665716415946669,1.0,0.4033959273247839,0.5618754949402935,2.132430543551743
688,538,9949a1b3294f1d69,Cardiomegaly,on,0.1665716415946669,1.0,0.6708553087527733,0.8030056113305282,1.6665141223866695
689,539,35e33ad272c6a698,Cardiomegaly,off,0.1761033872783357,1.0,0.2139684436422537,0.3461637214511756,0.8975298973344414
689,539,35e33ad272c6a698,Cardiomegaly,on,0.1761033872783357,1.0,0.347045477956079,0.515261337818641,0.6367986104816578
690,540,2547cf6ac257f1fb,Cardiomegaly,off,0.1538675204303904,1.0,0.167672998938594,0.2803818222836208,0.8662350380478095
690,540,2547cf6ac257f1fb,Cardiomegaly,on,0.1538675204303904,1.0,0.3449707436160973,0.512964804819785,0.6697676534490405
691,542,11b5f13c4f987989,Cardiomegaly,off,0.1391556900525805,1.0,0.2875209825440942,0.4407695991603975,1.2296281660105302
691,542,11b5f13c4f987989,Cardiomegaly,on,0.1391556900525805,1.0,0.4582572293601196,0.6284924733931195,0.9429961436976168
692,543,f6ca28625cd3db34,Cardiomegaly,off,0.1655629139072847,1.0,0.3576912172846676,0.5198827106162158,1.634592262899215
692,543,f6ca28625cd3db34,Cardiomegaly,on,0.1655629139072847,1.0,0.5802442469861915,0.73436771123468,1.4257116406377668
693,544,06cef2e1a825b8c0,Cardiomegaly,off,0.1497692596328621,1.0,0.2833340706489666,0.4334822617851478,1.5222670726369787
693,544,06cef2e1a825b8c0,Cardiomegaly,on,0.1497692596328621,1.0,0.530672985148391,0.6933673316450346,1.1446764239177014
694,548,2ec66809201014ac,Cardiomegaly,off,0.1355691027196663,1.0,0.3446036077979501,0.504424432441793,1.5779329271359277
694,548,2ec66809201014ac,Cardiomegaly,on,0.1355691027196663,1.0,0.5692325047143363,0.7254914339533951,1.45369316567405
695,550,4b73dc561cd967c1,Cardiomegaly,off,0.1744757783528013,1.0,0.2634866963352632,0.4076081792495395,1.2446253382950885
695,550,4b73dc561cd967c1,Cardiomegaly,on,0.1744757783528013,1.0,0.3809174817478948,0.5516874004474974,0.9268218064820286
696,551,972349289dd76549,Cardiomegaly,off,0.1507341295947059,1.0,0.3217467741063806,0.480920489045423,1.628241332964361
696,551,972349289dd76549,Cardiomegaly,on,0.1507341295947059,1.0,0.5453222228567158,0.7057709135343948,1.6322550862220055
697,556,7544b8fd9fae86bb,Cardiomegaly,off,0.1700071634285046,1.0,0.4974115666837654,0.6567966836784829,2.095179238620068
697,556,7544b8fd9fae86bb,Cardiomegaly,on,0.1700071634285046,1.0,0.6700824748940367,0.8024432789546501,1.9012584320633832
698,563,1c8da14e96dece38,Cardiomegaly,off,0.1501298675983997,1.0,0.3170272916034187,0.4779653376110383,1.2448152872370788
698,563,1c8da14e96dece38,Cardiomegaly,on,0.1501298675983997,1.0,0.4124446731970813,0.5840142780443058,0.8928773135952238
699,564,5f920ed6737c40a1,Cardiomegaly,off,0.1191127094815529,1.0,0.2804362184433963,0.4353473521579833,1.1989623371052245
699,564,5f920ed6737c40a1,Cardiomegaly,on,0.1191127094815529,1.0,0.4258172246406295,0.597291916868463,0.8953379050443293
700,575,214a8fe9f196e531,Cardiomegaly,off,0.1643154052697494,1.0,0.3507701614587203,0.5144263568236016,1.283293032115787
700,575,214a8fe9f196e531,Cardiomegaly,on,0.1643154052697494,1.0,0.4668248083250251,0.636509588847395,0.9884829746744244
701,576,2f0b25b0451b7721,Cardiomegaly,off,0.1618057687528324,1.0,0.4130043110832689,0.5820765786480615,1.7526580709309991
701,576,2f0b25b0451b7721,Cardiomegaly,on,0.1618057687528324,1.0,0.5038711473055102,0.6700970767523232,1.674718623393508
702,577,a3ec37f62a93ffbf,Cardiomegaly,off,0.1560945182716157,1.0,0.2528199718153979,0.3958390563117575,1.4011252871098645
702,577,a3ec37f62a93ffbf,Cardiomegaly,on,0.1560945182716157,1.0,0.5193621167998149,0.6836580050890458,1.2895355042318717
703,580,797c2f40115e9520,Cardiomegaly,off,0.1396576173559639,1.0,0.3657493687863405,0.5285865138856202,1.4999793927883116
703,580,797c2f40115e9520,Cardiomegaly,on,0.1396576173559639,1.0,0.5679529951404066,0.7244483884918791,1.3430198015684636
704,581,1dd35bdc701058b8,Cardiomegaly,off,0.1396771096784254,1.0,0.2962871588344322,0.4470377360811855,1.8736221638306765
704,581,1dd35bdc701058b8,Cardiomegaly,on,0.1396771096784254,1.0,0.6675515078503028,0.8006225557872785,1.6686895822658507
705,582,1721365ffc626d65,Cardiomegaly,off,0.1756940485066444,1.0,0.2820673169477164,0.4347341421920071,1.0846323975894736
705,582,1721365ffc626d65,Cardiomegaly,on,0.1756940485066444,1.0,0.4231292382760375,0.5946425932499058,0.8608251402821534
706,583,8e7589220df31a0d,Cardiomegaly,off,0.1150631794901783,1.0,0.2290540290596408,0.3694762688382348,1.1937733992740056
706,583,8e7589220df31a0d,Cardiomegaly,on,0.1150631794901783,1.0,0.4387425624374559,0.6098768487575301,0.9411032781755156
707,585,af0c034956436e0a,Cardiomegaly,off,0.1712644182272707,1.0,0.1819857526747306,0.3003241273846387,0.9030053646187304
707,585,af0c034956436e0a,Cardiomegaly,on,0.1712644182272707,1.0,0.394749104779389,0.5660493541526677,0.7584119740064614
708,586,9b93318ddb7cd62b,Cardiomegaly,off,0.1861175679429264,1.0,0.3179016170452623,0.4700791228722415,1.24079373340934
708,586,9b93318ddb7cd62b,Cardiomegaly,on,0.1861175679429264,1.0,0.459051715867922,0.6292379253409803,0.9281270414792372
709,590,89f9b7849e46caa9,Cardiomegaly,off,0.1620981535897548,1.0,0.2398537291072199,0.3792002934464334,1.2777464593374328
709,590,89f9b7849e46caa9,Cardiomegaly,on,0.1620981535897548,1.0,0.4408739371579976,0.611947029041082,0.8787429069345627
710,591,9386dc7a34a1e7dd,Cardiomegaly,off,0.1673074767675881,1.0,0.3300648865790108,0.4909216578076931,1.2706221675610088
710,591,9386dc7a34a1e7dd,Cardiomegaly,on,0.1673074767675881,1.0,0.4669614461777486,0.6366323239378058,0.933391384604503
711,593,126026090474fbb9,Cardiomegaly,off,0.1542232553153126,1.0,0.2327340417324009,0.3726837096767786,1.0538489072442383
711,593,126026090474fbb9,Cardiomegaly,on,0.1542232553153126,1.0,0.3463052752645992,0.5144527554096603,0.8309577730302176
712,595,dcd8247a468ccb75,Cardiomegaly,off,0.121271484194163,1.0,0.2498361211573236,0.3935974026902765,1.4406205012143076
712,595,dcd8247a468ccb75,Cardiomegaly,on,0.121271484194163,1.0,0.5482364363932682,0.7081944683953831,1.238896960541919
713,596,7dbc96c71e7336c3,Cardiomegaly,off,0.1601635405854519,1.0,0.2190602356904104,0.357170856926071,0.6871538930145135
713,596,7dbc96c71e7336c3,Cardiomegaly,on,0.1601635405854519,1.0,0.2881514515025625,0.4473858003095546,0.5228928746078384
714,598,b38df7a297c10dd5,Cardiomegaly,off,0.1459585105916407,1.0,0.3256337480360796,0.485823693486016,1.6833656491797808
714,598,b38df7a297c10dd5,Cardiomegaly,on,0.1459585105916407,1.0,0.6000219945848351,0.7500035538799817,1.3947450954644731
715,599,07c65ac7e61ec610,Cardiomegaly,off,0.1370992500328933,1.0,0.2601992311723987,0.4063659905888077,1.3045128234225372
715,599,07c65ac7e61ec610,Cardiomegaly,on,0.1370992500328933,1.0,0.4962894059503702,0.6633573724057944,1.1423134399115136
716,600,79f54cb01230a30e,Cardiomegaly,off,0.1509729105448591,1.0,0.3093529820808873,0.4668582561801808,1.5841033241484268
716,600,79f54cb01230a30e,Cardiomegaly,on,0.1509729105448591,1.0,0.494859411138386,0.662077167878364,1.0921762223046974
717,601,cc33d850a281e99f,Cardiomegaly,off,0.1676924501362026,1.0,0.3293508056753423,0.4863121990253548,1.3524762071657226
717,601,cc33d850a281e99f,Cardiomegaly,on,0.1676924501362026,1.0,0.4621066210215622,0.6320901398212591,0.963262801901406
718,602,bedf19097d27d0ba,Cardiomegaly,off,0.1578683196156114,1.0,0.3302319930640965,0.4860977310436197,1.392542739180458
718,602,bedf19097d27d0ba,Cardiomegaly,on,0.1578683196156114,1.0,0.5832656395821096,0.7367729758189746,1.3041081354343638
719,605,0b84b77a60ffbb36,Cardiomegaly,off,0.1485120048340959,1.0,0.2064165613787836,0.3383199528274451,0.9986094718714568
719,605,0b84b77a60ffbb36,Cardiomegaly,on,0.1485120048340959,1.0,0.3987209788076112,0.5701170410637074,0.8777996180531986
720,607,cd9b8a1ed4c43573,Cardiomegaly,off,0.1548762481177726,0.0,0.2495124746357913,0.3935668217116719,1.171613406300929
720,607,cd9b8a1ed4c43573,Cardiomegaly,on,0.1548762481177726,0.0,0.3443633199433881,0.5123067323569678,0.9156762888207252
721,609,0f372aae9c5752a3,Cardiomegaly,off,0.161055314338065,1.0,0.3386450504317422,0.4957803426918465,1.4084557812898115
721,609,0f372aae9c5752a3,Cardiomegaly,on,0.161055314338065,1.0,0.5751947419533178,0.7303123531381132,1.259814263997217
722,617,0bb24a56c2670768,Cardiomegaly,off,0.2019404607010413,1.0,0.2317534915380332,0.3759426202459776,0.905254448774947
722,617,0bb24a56c2670768,Cardiomegaly,on,0.2019404607010413,1.0,0.2436396850726336,0.3918164833717782,0.5023795797546965
723,619,f6ce4753c7645ea2,Cardiomegaly,off,0.1704603599257342,1.0,0.3120268043763944,0.468643295278159,1.280493154128909
723,619,f6ce4753c7645ea2,Cardiomegaly,on,0.1704603599257342,1.0,0.4696410586808367,0.6391156928569875,0.9667432246533902
724,620,bf9fef80db09bc13,Cardiomegaly,off,0.1591645590593005,1.0,0.2757941228314481,0.4240635407547401,1.3825824620777418
724,620,bf9fef80db09bc13,Cardiomegaly,on,0.1591645590593005,1.0,0.4712637665008308,0.6406182260672659,1.0272977441029574
725,625,54b1d80e19cdd92e,Cardiomegaly,off,0.1635503316131358,1.0,0.4128027227154769,0.5796184177485205,1.5619920143530577
725,625,54b1d80e19cdd92e,Cardiomegaly,on,0.1635503316131358,1.0,0.5242014296434633,0.6878356929649849,1.186873078298283
726,626,61dae602d0b69f43,Cardiomegaly,off,0.1437168935085693,1.0,0.1897760183019182,0.3129238135680249,1.1697667002805414
726,626,61dae602d0b69f43,Cardiomegaly,on,0.1437168935085693,1.0,0.4013736925350592,0.5728162789533895,0.8411582817135519
727,627,9d878e929646cca4,Cardiomegaly,off,0.1550370597780799,1.0,0.3010074373364747,0.4591474349238468,1.204666829890929
727,627,9d878e929646cca4,Cardiomegaly,on,0.1550370597780799,1.0,0.4166109983073228,0.5881790269008953,0.8912178659163967
728,628,79d33f7627032c13,Cardiomegaly,off,0.1621761228796008,1.0,0.3367967283197461,0.4980199142147837,1.3786900566349232
728,628,79d33f7627032c13,Cardiomegaly,on,0.1621761228796008,1.0,0.4922003120812864,0.659692797190987,0.9974034320832804
729,629,ab728b61f30384c1,Cardiomegaly,off,0.1603779561325283,1.0,0.3296533499591391,0.4892466653549484,1.503467592360555
729,629,ab728b61f30384c1,Cardiomegaly,on,0.1603779561325283,1.0,0.4672341294488241,0.6368895300486359,1.1893899896731766
730,630,905c8db3c75a119a,Cardiomegaly,off,0.1618350072365247,1.0,0.327195156813005,0.4836201851150069,1.861710545142993
730,630,905c8db3c75a119a,Cardiomegaly,on,0.1618350072365247,1.0,0.609639298191482,0.7574812908622789,1.3806058494716118
731,631,e2845c008a174e95,Cardiomegaly,off,0.1355496103972048,1.0,0.2845608353991881,0.4381269583041927,1.2886921861569656
731,631,e2845c008a174e95,Cardiomegaly,on,0.1355496103972048,1.0,0.469286730341184,0.6387940418678646,1.1022851693207272
732,632,ee1610fae5db6897,Cardiomegaly,off,0.1450277521941045,1.0,0.3730670355007966,0.5402515419734124,1.5534488961275468
732,632,ee1610fae5db6897,Cardiomegaly,on,0.1450277521941045,1.0,0.4772102509087329,0.6460965434720791,1.3200812332367888
733,635,61884254369ca7b6,Cardiomegaly,off,0.1844266089693921,1.0,0.4126655182355003,0.5791128192967843,1.5192008778298527
733,635,61884254369ca7b6,Cardiomegaly,on,0.1844266089693921,1.0,0.5086615765417288,0.6743186445961828,1.184734441147118
734,638,e36010bbb7371368,Cardiomegaly,off,0.1467187111676388,1.0,0.3469987552256391,0.5105678163389085,0.9463914165643388
734,638,e36010bbb7371368,Cardiomegaly,on,0.1467187111676388,1.0,0.4643170937509864,0.634174124164921,0.9417080563943436
735,639,6edd6abbc9ad1532,Cardiomegaly,off,0.1581314659688415,1.0,0.3437262326767497,0.5065152056929643,0.8937331104871382
735,639,6edd6abbc9ad1532,Cardiomegaly,on,0.1581314659688415,1.0,0.4362287197056981,0.6074601422513128,0.8622259938304921
736,640,d1e93953200c1186,Cardiomegaly,off,0.1619129765263706,1.0,0.3173776642397249,0.472875672785371,1.2192632449173362
736,640,d1e93953200c1186,Cardiomegaly,on,0.1619129765263706,1.0,0.478042051108296,0.6468504106026434,0.972839136014672
737,641,294947320c2cca4a,Cardiomegaly,off,0.1530975736931616,1.0,0.3353165823756374,0.4954436312740656,1.3043102381044105
737,641,294947320c2cca4a,Cardiomegaly,on,0.1530975736931616,1.0,0.5099665554321076,0.6754291190077248,1.0968446743460645
738,649,163c8088c230cf46,Cardiomegaly,off,0.1609675988869884,1.0,0.4156572477179369,0.5826269670753983,1.4502434583283836
738,649,163c8088c230cf46,Cardiomegaly,on,0.1609675988869884,1.0,0.5407080737718141,0.7018944463349606,1.1857208419835323
739,652,8178baafc2b7ba5b,Cardiomegaly,off,0.1364657495528948,1.0,0.2901493311304595,0.4361785510159038,1.55634947768921
739,652,8178baafc2b7ba5b,Cardiomegaly,on,0.1364657495528948,1.0,0.5516135005822429,0.7110139367067292,1.362106583451412
740,658,02bb8bdaddf67809,Cardiomegaly,off,0.1470695729719456,1.0,0.2401179507138858,0.3808545046272835,1.1319636396048234
740,658,02bb8bdaddf67809,Cardiomegaly,on,0.1470695729719456,1.0,0.4032460535629354,0.5747245632402359,0.8126138957165923
741,659,3f4eb9d75742b598,Cardiomegaly,off,0.1703190405878884,1.0,0.2559869970232475,0.4020629630147374,1.0637846782756757
741,659,3f4eb9d75742b598,Cardiomegaly,on,0.1703190405878884,1.0,0.3674373922814995,0.5374023876186341,0.7035598263265385
742,660,ad0a56ab2e391d06,Cardiomegaly,off,0.1266367459516882,1.0,0.2709372216690247,0.4212764359959561,1.0730586060744909
742,660,ad0a56ab2e391d06,Cardiomegaly,on,0.1266367459516882,1.0,0.4164066410497608,0.5879655533792096,0.8635877093785412
743,661,2c70900c590d74ad,Cardiomegaly,off,0.1439800398617994,1.0,0.2195850505754622,0.3530893440965854,1.2932905166329889
743,661,2c70900c590d74ad,Cardiomegaly,on,0.1439800398617994,1.0,0.410772719821927,0.5823211046448378,0.8572252950992317
744,668,a207cabae49761bc,Cardiomegaly,off,0.1634382507589823,1.0,0.2855594909042621,0.4303998747693944,1.8014412154580253
744,668,a207cabae49761bc,Cardiomegaly,on,0.1634382507589823,1.0,0.6344988177696158,0.776377937848918,1.6281833197993862
745,670,31a5332679fdc782,Cardiomegaly,off,0.1670345842531273,1.0,0.2559122898133641,0.4041727845685353,0.9741616900736996
745,670,31a5332679fdc782,Cardiomegaly,on,0.1670345842531273,1.0,0.3373231421916542,0.5044697006188505,0.615367876488441
746,671,ca6773a837562f0d,Cardiomegaly,off,0.1883250734616902,1.0,0.3010174239010557,0.4605018095544035,0.818483859591717
746,671,ca6773a837562f0d,Cardiomegaly,on,0.1883250734616902,1.0,0.3091924214317696,0.4723357908672828,0.5346854113997828
747,673,a0d4ee8de8d31823,Cardiomegaly,off,0.1448230828082589,1.0,0.2346281902183621,0.3735521541353345,0.9852804741176112
747,673,a0d4ee8de8d31823,Cardiomegaly,on,0.1448230828082589,1.0,0.40295546093946,0.5744289002491464,0.8117827485255394
748,674,d00e08c821daddb2,Cardiomegaly,off,0.1571422306039208,1.0,0.3010942512886342,0.4595352426254829,1.221094345549305
748,674,d00e08c821daddb2,Cardiomegaly,on,0.1571422306039208,1.0,0.4315604341263697,0.6029166113813222,0.9209652634214712
749,677,d31e90e1677b0e8a,Cardiomegaly,off,0.1513530108328582,1.0,0.2636528142101119,0.4127333004740118,1.2932365407011506
749,677,d31e90e1677b0e8a,Cardiomegaly,on,0.1513530108328582,1.0,0.3942722951742115,0.5655594969970219,0.9195003612472784
750,679,dc533c92faa848e7,Cardiomegaly,off,0.1674439230248186,1.0,0.3930480627421993,0.5596137135045313,1.69534552440261
750,679,dc533c92faa848e7,Cardiomegaly,on,0.1674439230248186,1.0,0.513676556325618,0.6787127836850024,1.3043996473988562
751,684,4d19a321fce81a88,Cardiomegaly,off,0.1273969465276864,1.0,0.1658127747909997,0.2823892705849721,0.8766683318225382
751,684,4d19a321fce81a88,Cardiomegaly,on,0.1273969465276864,1.0,0.3018655131237767,0.4637362055596197,0.7077188574067945
752,688,c5e74a9e6d9866c6,Cardiomegaly,off,0.1668542802703585,1.0,0.2797043781177195,0.4299368740007714,1.2326065893942737
752,688,c5e74a9e6d9866c6,Cardiomegaly,on,0.1668542802703585,1.0,0.5057968618072949,0.6717946847507493,1.043739216071523
753,689,ed4399b895f782c8,Cardiomegaly,off,0.1463922147664088,1.0,0.2912597906906853,0.4454347335382229,1.1276407719614212
753,689,ed4399b895f782c8,Cardiomegaly,on,0.1463922147664088,1.0,0.449407129095774,0.6201142512738519,0.9150850581738312
754,691,52e293f3160d0ffe,Cardiomegaly,off,0.1325721581412121,1.0,0.2958025745466244,0.4542654843373377,1.1500413459000638
754,691,52e293f3160d0ffe,Cardiomegaly,on,0.1325721581412121,1.0,0.3768664540199567,0.5474261567387044,1.001132168460668
755,699,2269b34cd39dc1cb,Cardiomegaly,off,0.1714447222100395,1.0,0.3077462924105419,0.4658017322430936,1.0361606831227743
755,699,2269b34cd39dc1cb,Cardiomegaly,on,0.1714447222100395,1.0,0.4216067177942517,0.5931382050346488,0.8330368313086287
756,705,4eabc937d96b0ffd,Cardiomegaly,off,0.1434293817522623,1.0,0.344776465640984,0.5076989450978739,1.5052557226833403
756,705,4eabc937d96b0ffd,Cardiomegaly,on,0.1434293817522623,1.0,0.5235263285714573,0.6872509699688455,1.127605924887206
757,706,b96969823d73a7bc,Cardiomegaly,off,0.1376596543036611,1.0,0.2538572538241672,0.3978322010765677,1.1759741140630424
757,706,b96969823d73a7bc,Cardiomegaly,on,0.1376596543036611,1.0,0.4789729226490727,0.64770411714498,1.003983813947812
758,710,af5dde2eb6b9742a,Cardiomegaly,off,0.1270314654815334,1.0,0.1319283154121863,0.2306339876468671,1.0360249211767507
758,710,af5dde2eb6b9742a,Cardiomegaly,on,0.1270314654815334,1.0,0.3933367985015989,0.5645674607307701,0.8440807413229171
759,711,b3da9d0303cf2c8f,Cardiomegaly,off,0.0983680053019117,1.0,0.30903814899178,0.4690027594249438,1.3729583752713412
759,711,b3da9d0303cf2c8f,Cardiomegaly,on,0.0983680053019117,1.0,0.3972972153580123,0.5686650446703486,1.1903541354439613
760,712,48aff0553b673b8b,Cardiomegaly,off,0.1541842706703897,1.0,0.4210467995926606,0.5845319002355596,1.8739929715812111
760,712,48aff0553b673b8b,Cardiomegaly,on,0.1541842706703897,1.0,0.599700543425801,0.7497648450007859,1.8403410018541213
761,714,b2fdc492ae0123c6,Cardiomegaly,off,0.1209206223898562,1.0,0.4311412669177312,0.6020415857076358,1.6314964991697172
761,714,b2fdc492ae0123c6,Cardiomegaly,on,0.1209206223898562,1.0,0.4495595441243026,0.62026848874004,1.381174310511368
762,715,af6cd7b956adeb19,Cardiomegaly,off,0.1274944081399938,1.0,0.1945768833838094,0.321281898885593,1.034909055283772
762,715,af6cd7b956adeb19,Cardiomegaly,on,0.1274944081399938,1.0,0.4419298281301729,0.612965136794669,1.0188943766535328
763,716,d71ce8514eaeb2a3,Cardiomegaly,off,0.1424547656291878,1.0,0.1870681412507295,0.3144131283044354,1.187129611878807
763,716,d71ce8514eaeb2a3,Cardiomegaly,on,0.1424547656291878,1.0,0.357888372076396,0.5271202027387749,0.9129568225654198
764,717,202e12d7ebba3624,Cardiomegaly,off,0.188583346734305,1.0,0.2689649210523676,0.4151055033566748,0.9921721047106132
764,717,202e12d7ebba3624,Cardiomegaly,on,0.188583346734305,1.0,0.3799401892832156,0.5506507066091582,0.6969438342616451
765,718,1d2fbbe6e22826c5,Cardiomegaly,off,0.1500762637116305,1.0,0.248357236588453,0.3897119178389395,1.1897171769395078
765,718,1d2fbbe6e22826c5,Cardiomegaly,on,0.1500762637116305,1.0,0.4344272989466055,0.6057044421671386,0.8928859589137479
766,719,409ee47d21baa5db,Cardiomegaly,off,0.1645346938974411,1.0,0.3467304198153317,0.5098832963114261,1.663708927291489
766,719,409ee47d21baa5db,Cardiomegaly,on,0.1645346938974411,1.0,0.4899403575811403,0.6576569249952448,1.4507166426859226
767,720,5f71da4bbf80cb20,Cardiomegaly,off,0.1432539508501089,1.0,0.4071265737423781,0.5764031941805337,1.3858664600993875
767,720,5f71da4bbf80cb20,Cardiomegaly,on,0.1432539508501089,1.0,0.4715016439407075,0.6408421389979455,1.0469365167779707
768,722,ad9c9cb07f6f78c8,Cardiomegaly,off,0.1537018356894678,1.0,0.2798184684757191,0.4287676247991401,1.2512423807278303
768,722,ad9c9cb07f6f78c8,Cardiomegaly,on,0.1537018356894678,1.0,0.4936094871176515,0.6609596520414248,1.0314423253100058
769,724,59fa68de64ffaa7d,Cardiomegaly,off,0.1578537003737652,1.0,0.3039479136493652,0.4605916860051637,1.222122441038528
769,724,59fa68de64ffaa7d,Cardiomegaly,on,0.1578537003737652,1.0,0.4270944806414789,0.5985478266868925,0.8790635105289187
770,727,73b7a98fb207af59,Cardiomegaly,off,0.1307155144267551,1.0,0.2361320232804444,0.3749330185550538,1.6430701541310304
770,727,73b7a98fb207af59,Cardiomegaly,on,0.1307155144267551,1.0,0.6437332628178913,0.7832473802130948,1.5502493965887916
771,728,e0858f869fb1d358,Cardiomegaly,off,0.135656818170743,1.0,0.2718007518177482,0.4205437285587757,1.2684612266719435
771,728,e0858f869fb1d358,Cardiomegaly,on,0.135656818170743,1.0,0.4696390694199642,0.6391209857961817,1.093282101381494
772,729,3502d707ba4a3a3f,Cardiomegaly,off,0.1148926216686402,1.0,0.3237617041358199,0.485261188634765,1.2611247179003704
772,729,3502d707ba4a3a3f,Cardiomegaly,on,0.1148926216686402,1.0,0.4736697899116802,0.642835667490168,1.0371804152740614
773,733,f6fbdade42ecdb95,Cardiomegaly,off,0.1420405537768811,1.0,0.2912942240432799,0.4446946573354511,1.2621735769337197
773,733,f6fbdade42ecdb95,Cardiomegaly,on,0.1420405537768811,1.0,0.4341009721533974,0.6053963649059908,0.9732707295024264
774,734,4e8cc590986cc131,Cardiomegaly,off,0.1315829227762915,1.0,0.2175612917318823,0.3552951823600515,0.948714026264284
774,734,4e8cc590986cc131,Cardiomegaly,on,0.1315829227762915,1.0,0.372355382918159,0.542646197180853,0.7723441395431546
775,735,1fd96564896ac64e,Cardiomegaly,off,0.1640132742715963,1.0,0.3226636250689643,0.4765493992959677,1.8476834507917144
775,735,1fd96564896ac64e,Cardiomegaly,on,0.1640132742715963,1.0,0.6075365879368743,0.7558547408358637,1.4546637518181569
776,736,9132311b5a5760bd,Cardiomegaly,off,0.1649878903946708,1.0,0.3241445424744255,0.4881955702318167,1.0081442465487611
776,736,9132311b5a5760bd,Cardiomegaly,on,0.1649878903946708,1.0,0.3682733517302837,0.5383029043583981,0.7308493962004311
777,739,f282b543a98a6adf,Cardiomegaly,off,0.1670589496562041,1.0,0.4142930684259623,0.5846678668529212,1.5263107108749334
777,739,f282b543a98a6adf,Cardiomegaly,on,0.1670589496562041,1.0,0.4559503322203412,0.6263257016267059,1.11692950893541
778,740,6a0cf8217cd19547,Cardiomegaly,off,0.1770536379983334,1.0,0.3083741639221668,0.4694412047686466,0.8480928307358401
778,740,6a0cf8217cd19547,Cardiomegaly,on,0.1770536379983334,1.0,0.3330650428102036,0.4996948678754935,0.58454226836225
779,742,a6f2173b3167c667,Cardiomegaly,off,0.1720489842063457,1.0,0.269327558241463,0.423333083201394,0.9138583868360431
779,742,a6f2173b3167c667,Cardiomegaly,on,0.1720489842063457,1.0,0.3107742600933897,0.4741823029273896,0.6374561099389582
780,743,77833736695e8699,Cardiomegaly,off,0.1606459755663738,1.0,0.4360208454317061,0.6030625659227724,1.665371077036902
780,743,77833736695e8699,Cardiomegaly,on,0.1606459755663738,1.0,0.5619403486273866,0.7195380218073756,1.2494125654004131
781,745,ea67363fc3eed456,Cardiomegaly,off,0.1739007548401873,1.0,0.342476320480074,0.505108515175315,1.1136817199480555
781,745,ea67363fc3eed456,Cardiomegaly,on,0.1739007548401873,1.0,0.4368592278316946,0.6080724387405988,0.8535168530446836
782,749,11663b0653bdfaec,Cardiomegaly,off,0.1287419167775292,1.0,0.1918146258843848,0.3201675196568845,0.9817380969499448
782,749,11663b0653bdfaec,Cardiomegaly,on,0.1287419167775292,1.0,0.3274656665787943,0.4933565194934615,0.7581721403543066
783,750,bb5184c8cffa9ed9,Cardiomegaly,off,0.1694077745128137,1.0,0.2960779530414535,0.4545756992326235,0.9907496765067754
783,750,bb5184c8cffa9ed9,Cardiomegaly,on,0.1694077745128137,1.0,0.3807678905172747,0.5515277464873474,0.7229823901141743
784,751,543a5528c87b2f5d,Cardiomegaly,off,0.161459780029141,1.0,0.3811979900025685,0.5471406476713637,1.330724115777104
784,751,543a5528c87b2f5d,Cardiomegaly,on,0.161459780029141,1.0,0.4686986207717638,0.6382457157511612,0.9557365684641086
785,755,691b6a598d35f408,Cardiomegaly,off,0.1604315600192974,1.0,0.4092775678806323,0.577454703793107,1.28767293354805
785,755,691b6a598d35f408,Cardiomegaly,on,0.1604315600192974,1.0,0.4770630704198008,0.6459600882646759,0.9840487570256772
786,756,3cb452eb0c7eb696,Cardiomegaly,off,0.1115984191726483,1.0,0.1907293789677752,0.3174665976227971,0.922219951660728
786,756,3cb452eb0c7eb696,Cardiomegaly,on,0.1115984191726483,1.0,0.3320709253479247,0.4985768012874089,0.6954749364754972
787,758,5655c391e89d0398,Cardiomegaly,off,0.1406907104464229,1.0,0.3340026529448184,0.4947882594945055,1.3916034711725145
787,758,5655c391e89d0398,Cardiomegaly,on,0.1406907104464229,1.0,0.4898893557492693,0.6576070959812966,1.0442667007332849
788,760,3e070b1789cb8517,Cardiomegaly,off,0.1410659376538066,1.0,0.4787728492162513,0.6385855881833339,2.0444757459516105
788,760,3e070b1789cb8517,Cardiomegaly,on,0.1410659376538066,1.0,0.6241427190685369,0.7685767170479539,2.1213923609486534
789,761,df171907ed8ead8a,Cardiomegaly,off,0.1844850859367766,1.0,0.2009218685204796,0.3268305820640523,0.9980930308145372
789,761,df171907ed8ead8a,Cardiomegaly,on,0.1844850859367766,1.0,0.3264916740191649,0.4922393229185825,0.6981587220852574
790,764,b734b7047b19bcde,Cardiomegaly,off,0.1569473073793059,1.0,0.2785414190229663,0.4284524995374548,1.031710404297179
790,764,b734b7047b19bcde,Cardiomegaly,on,0.1569473073793059,1.0,0.4255033328538305,0.5969833054423482,0.8461966386180424
791,765,2354bf39abc9bf7e,Cardiomegaly,off,0.1380543738335063,1.0,0.2707804120751997,0.4209447114482566,1.6232247751477862
791,765,2354bf39abc9bf7e,Cardiomegaly,on,0.1380543738335063,1.0,0.5832782000362422,0.7367976686312834,1.7991316826242396
792,766,1a3deff1a73dec78,Cardiomegaly,off,0.1597542018137606,1.0,0.4528790534803231,0.6206868716935555,1.6889707735590482
792,766,1a3deff1a73dec78,Cardiomegaly,on,0.1597542018137606,1.0,0.5114248231856415,0.6767423841731594,1.240755638219548
793,768,afce7d9041b66379,Cardiomegaly,off,0.1616205916894483,1.0,0.3184804438655978,0.475839363508744,1.6107862387922292
793,768,afce7d9041b66379,Cardiomegaly,on,0.1616205916894483,1.0,0.4648612058942217,0.6346816483813927,1.2222187055153884
794,770,8f741cc6579b8f35,Cardiomegaly,off,0.1375378272882768,1.0,0.189757471625842,0.3166396427410893,0.8901999700804839
794,770,8f741cc6579b8f35,Cardiomegaly,on,0.1375378272882768,1.0,0.3254952664656501,0.4911228673598571,0.6518803636631306
795,777,be62e3e05fdebc7e,Cardiomegaly,off,0.1505586986925524,1.0,0.4251548933904674,0.5917106690334779,1.5876305053776711
795,777,be62e3e05fdebc7e,Cardiomegaly,on,0.1505586986925524,1.0,0.5256872011298099,0.6891152643644766,1.3091519055771843
796,778,d03e8bd32d72f609,Cardiomegaly,off,0.1425912118864182,1.0,0.2772919139906976,0.4253638074921,1.0116579127108971
796,778,d03e8bd32d72f609,Cardiomegaly,on,0.1425912118864182,1.0,0.4360177824889657,0.6072544156334202,0.8804807262675246
797,779,3fa3bb780ed1fbf1,Cardiomegaly,off,0.14405313607103,1.0,0.3539501097919094,0.5163068586235217,1.6162174372338136
797,779,3fa3bb780ed1fbf1,Cardiomegaly,on,0.14405313607103,1.0,0.5174890791296906,0.6820318107031229,1.363747311237088
798,780,0b9c82f78ec906ae,Cardiomegaly,off,0.1307886106359857,1.0,0.2382383230539177,0.3809682405415395,1.0290410474316702
798,780,0b9c82f78ec906ae,Cardiomegaly,on,0.1307886106359857,1.0,0.3619673912348317,0.5315316469351562,0.7256960825653889
799,782,c5e022e3bbb4d365,Cardiomegaly,off,0.1302525717682947,1.0,0.3191560854975247,0.4801748018979639,1.4457584455388173
799,782,c5e022e3bbb4d365,Cardiomegaly,on,0.1302525717682947,1.0,0.4455950402623866,0.6164810225285214,1.2070785553535153
800,783,78d867a67581bec6,Cardiomegaly,off,0.1411926377498062,1.0,0.3046036729224781,0.4641600452899216,1.395400293102183
800,783,78d867a67581bec6,Cardiomegaly,on,0.1411926377498062,1.0,0.410935323390526,0.5825005735129941,1.1383268239962143
801,788,02cd8956d2df2ded,Cardiomegaly,off,0.1223533080907757,1.0,0.1933655777060751,0.3206565532694532,1.0933038221659006
801,788,02cd8956d2df2ded,Cardiomegaly,on,0.1223533080907757,1.0,0.3950452119360098,0.566340929677889,0.8280100069214327
802,790,9f3e1706f653df37,Cardiomegaly,off,0.1532047814666998,1.0,0.3012636438693502,0.4595496780562532,1.163496410960552
802,790,9f3e1706f653df37,Cardiomegaly,on,0.1532047814666998,1.0,0.4141986874883238,0.585766456436738,0.8620028734869225
803,792,9a54c509e24476a8,Cardiomegaly,off,0.1719271571909614,1.0,0.324700423684948,0.4882322121479031,0.9368872819290672
803,792,9a54c509e24476a8,Cardiomegaly,on,0.1719271571909614,1.0,0.3755443118595217,0.5460271041523544,0.723915127141551
804,793,b9598d90ce357368,Cardiomegaly,off,0.1288198860673752,1.0,0.2391965557270031,0.3827878453009411,0.9533306925036944
804,793,b9598d90ce357368,Cardiomegaly,on,0.1288198860673752,1.0,0.3849990431737963,0.5559484536612717,0.813578806634412
805,796,4ae0fac5d7de98ea,Cardiomegaly,off,0.1567572572353064,1.0,0.3751269581565009,0.5435927349901911,1.252905376401015
805,796,4ae0fac5d7de98ea,Cardiomegaly,on,0.1567572572353064,1.0,0.4559902564622587,0.626363733779748,1.0455059794683097
806,800,a547abae9d91e112,Cardiomegaly,off,0.1585213124180713,1.0,0.2856800273404957,0.4405343728861997,0.9188807797638704
806,800,a547abae9d91e112,Cardiomegaly,on,0.1585213124180713,1.0,0.3929199290617532,0.5641646054588774,0.7666344135024135
807,804,fa6ff87391ab6d7e,Cardiomegaly,off,0.1579950197116111,0.0,0.2670883899049419,0.4202975360226615,0.7606607256243648
807,804,fa6ff87391ab6d7e,Cardiomegaly,on,0.1579950197116111,0.0,0.2888885264211666,0.4482743511721488,0.5982599824738175
808,807,a2535a6d389ba3d8,Cardiomegaly,off,0.139711221242733,1.0,0.1676828915467921,0.2833478998949467,0.8763592505910659
808,807,a2535a6d389ba3d8,Cardiomegaly,on,0.139711221242733,1.0,0.3872773126127183,0.5583010748210455,0.7998125692325188
809,810,8336bd50aae30562,Cardiomegaly,off,0.1123147620231081,1.0,0.2394326653141651,0.3819271009809865,0.7118175073921577
809,810,8336bd50aae30562,Cardiomegaly,on,0.1123147620231081,1.0,0.3136317990793533,0.4775001516531169,0.6529356340535729
810,811,83929c209e10fe91,Cardiomegaly,off,0.1820875302740133,1.0,0.2363831418475271,0.374838527315656,0.927469594457628
810,811,83929c209e10fe91,Cardiomegaly,on,0.1820875302740133,1.0,0.3612127318576661,0.5307199071880635,0.6705289780061147
811,812,382d4e4bdf4cf814,Cardiomegaly,off,0.1577903503257654,1.0,0.3669742020469381,0.5296492546956855,1.7371829454054566
811,812,382d4e4bdf4cf814,Cardiomegaly,on,0.1577903503257654,1.0,0.5943644076328359,0.7455709610451954,1.3844098287883926
812,814,7e9eb887c924271c,Cardiomegaly,off,0.1523909770039326,1.0,0.1924922510511621,0.31922576998565,0.8935051424997953
812,814,7e9eb887c924271c,Cardiomegaly,on,0.1523909770039326,1.0,0.3224639376911285,0.4876681718418638,0.6653279936037957
813,816,c58d55daf5dba616,Cardiomegaly,off,0.1446184134224132,1.0,0.2248523708487078,0.3636246610747813,1.020433058770005
813,816,c58d55daf5dba616,Cardiomegaly,on,0.1446184134224132,1.0,0.3377052511759707,0.5048984749145027,0.7138662910664872
814,820,70be5c0926d117d0,Cardiomegaly,off,0.1502906792587069,1.0,0.3196007953560599,0.4782478346945562,1.404189622315691
814,820,70be5c0926d117d0,Cardiomegaly,on,0.1502906792587069,1.0,0.5108814751309089,0.6762681536753198,1.1448018456254003
815,823,89dc7150e980b6c2,Cardiomegaly,off,0.1332105317018259,1.0,0.3611787795225576,0.5273195612937801,0.8221121703479392
815,823,89dc7150e980b6c2,Cardiomegaly,on,0.1332105317018259,1.0,0.4327365510652693,0.6040688723811131,0.9278906244330848
816,826,0d8c82ab3e34e6da,Cardiomegaly,off,0.1417822805042664,1.0,0.3384264920748983,0.5023660528929791,1.5469375339231115
816,826,0d8c82ab3e34e6da,Cardiomegaly,on,0.1417822805042664,1.0,0.4799566244650916,0.6485934074338088,1.3552903980018485
817,827,01596ecd36248645,Cardiomegaly,off,0.1576880156328426,1.0,0.3086566145562349,0.4697006402595234,1.0373604416203184
817,827,01596ecd36248645,Cardiomegaly,on,0.1576880156328426,1.0,0.3718747605540322,0.5421406559067277,0.7924609483837355
818,830,96f1e5974eaababc,Cardiomegaly,off,0.1375719388525844,1.0,0.2991846831667392,0.4574385433857593,1.188093910337559
818,830,96f1e5974eaababc,Cardiomegaly,on,0.1375719388525844,1.0,0.4097259040599672,0.581283031999613,0.9150428934987176
819,832,feec175e3b538d67,Cardiomegaly,off,0.1426301965313412,1.0,0.5094695387656326,0.672422373717075,1.8685508603689545
819,832,feec175e3b538d67,Cardiomegaly,on,0.1426301965313412,1.0,0.5822914885326674,0.7360073263146958,1.6461441827356436
820,840,46c43c8bc8c1789b,Cardiomegaly,off,0.1361733647159725,1.0,0.372569279686592,0.5405771983158283,1.0435226618428015
820,840,46c43c8bc8c1789b,Cardiomegaly,on,0.1361733647159725,1.0,0.4473738384820988,0.6181866553630231,1.0408773906872228
821,842,4a4dcb2d177bc16c,Cardiomegaly,off,0.1136889707566432,1.0,0.3081443231762718,0.4680860653249051,1.460094138538019
821,842,4a4dcb2d177bc16c,Cardiomegaly,on,0.1136889707566432,1.0,0.462526928554173,0.6325011933587749,1.1790795745811424
822,844,8d4712d393305819,Cardiomegaly,off,0.1923453649693726,1.0,0.3132686159885895,0.4769540757600856,1.1429780794436788
822,844,8d4712d393305819,Cardiomegaly,on,0.1923453649693726,1.0,0.3205703243438803,0.4855027497732093,0.8398533479744223
823,848,b3ed864778631c15,Cardiomegaly,off,0.1144784098163335,1.0,0.3750718933064274,0.5423253984998696,1.4770119752437385
823,848,b3ed864778631c15,Cardiomegaly,on,0.1144784098163335,1.0,0.5012800656608375,0.6678027965773978,1.3428498331102394
824,853,7d49e3c835f3dce2,Cardiomegaly,off,0.1247216252698468,1.0,0.2960197744023559,0.4530081708937225,1.285277952083483
824,853,7d49e3c835f3dce2,Cardiomegaly,on,0.1247216252698468,1.0,0.4161378282444773,0.5877053232360873,0.9921737388683574
825,854,be1d74fe78ab76db,Cardiomegaly,off,0.1667665648192818,1.0,0.2602268418375835,0.4109469300087462,0.8313777832448173
825,854,be1d74fe78ab76db,Cardiomegaly,on,0.1667665648192818,1.0,0.3081801787482591,0.4711560144149598,0.5512597030170656
826,855,fc0ea0e1d633a70d,Cardiomegaly,off,0.1516307764279344,1.0,0.1596004719549532,0.2708952395318836,0.7000696245460237
826,855,fc0ea0e1d633a70d,Cardiomegaly,on,0.1516307764279344,1.0,0.3260482102373737,0.491756924599401,0.6106119385624971
827,856,af41dee539933b93,Cardiomegaly,off,0.1427763889498024,1.0,0.3663952682657777,0.5348971594172232,1.2722840749430206
827,856,af41dee539933b93,Cardiomegaly,on,0.1427763889498024,1.0,0.4146758913732256,0.5862474778818894,1.0079816884173949
828,857,15a4cc8a11450d48,Cardiomegaly,off,0.1405640103504232,1.0,0.2835849664305528,0.4406929976354223,0.8921304140473436
828,857,15a4cc8a11450d48,Cardiomegaly,on,0.1405640103504232,1.0,0.3241032335707467,0.4895437149534829,0.7332579084807109
829,861,ae403474c3ce1cca,Cardiomegaly,off,0.1462167838642554,1.0,0.1923948896204131,0.3156838133589478,1.0938953197713148
829,861,ae403474c3ce1cca,Cardiomegaly,on,0.1462167838642554,1.0,0.396181016093989,0.5674969786901969,0.8234860313326209
830,863,9c6a1811fb76fa29,Cardiomegaly,off,0.1634918546457514,1.0,0.3083276329293164,0.4648161447285324,1.4054056147742853
830,863,9c6a1811fb76fa29,Cardiomegaly,on,0.1634918546457514,1.0,0.4553752612372775,0.6257824463609228,0.9732490698245262
831,878,4e3b0c42eb0f4304,Cardiomegaly,off,0.159145066736839,1.0,0.2536081069281733,0.3980084450901094,1.137414313182924
831,878,4e3b0c42eb0f4304,Cardiomegaly,on,0.159145066736839,1.0,0.4208469039665404,0.5923850910299489,0.8444172156436659
832,879,a0aa3991a0bb3e5b,Cardiomegaly,off,0.1501932176463995,1.0,0.2720540479798176,0.425133931750482,0.7060515811420601
832,879,a0aa3991a0bb3e5b,Cardiomegaly,on,0.1501932176463995,1.0,0.3479077455038846,0.5162161310087782,0.6587844129708118
833,880,96a6632d91702e06,Cardiomegaly,off,0.1618008956722171,1.0,0.2011815545386779,0.3343029444139315,0.545569575714676
833,880,96a6632d91702e06,Cardiomegaly,on,0.1618008956722171,1.0,0.224649181906777,0.3668786416033313,0.3717039864999933
834,887,7eb0d17af8e0d642,Cardiomegaly,off,0.1339561130359779,1.0,0.2986591721633059,0.4557452653175719,1.3352877732667474
834,887,7eb0d17af8e0d642,Cardiomegaly,on,0.1339561130359779,1.0,0.4468415636723004,0.6176765285853014,1.0151543336974138
835,891,2c387b7497386f40,Cardiomegaly,off,0.1657968217768226,1.0,0.3173653290439066,0.4794277510501019,1.344011828641599
835,891,2c387b7497386f40,Cardiomegaly,on,0.1657968217768226,1.0,0.3718624741859418,0.5421270492829627,0.9092855393912952
836,895,c9e268450f694cd3,Cardiomegaly,off,0.1500665175503998,1.0,0.400598418703685,0.5656503950774905,1.4694064508954905
836,895,c9e268450f694cd3,Cardiomegaly,on,0.1500665175503998,1.0,0.5774971560823355,0.7321662260617825,1.3018570345694636
837,898,b26ce08f494a7db4,Cardiomegaly,off,0.1628437349239068,1.0,0.2286584457298855,0.363246857146167,1.469954508196626
837,898,b26ce08f494a7db4,Cardiomegaly,on,0.1628437349239068,1.0,0.5317453101956948,0.6942849137312941,1.2839739376048502
838,900,03be9ab047de4600,Cardiomegaly,off,0.1685257469214313,1.0,0.3778125077272635,0.5369786462006976,1.6886052545284742
838,900,03be9ab047de4600,Cardiomegaly,on,0.1685257469214313,1.0,0.5856714366880709,0.7386949953210133,1.4081664101726603
839,901,e9ae29bae8122a11,Cardiomegaly,off,0.1522935153916251,1.0,0.3747119952189389,0.5403998574893325,1.3977172547492815
839,901,e9ae29bae8122a11,Cardiomegaly,on,0.1522935153916251,1.0,0.4938954092590265,0.6612113302960234,1.0402293652312018
840,903,0c0401fd4708849d,Cardiomegaly,off,0.1523763577620864,1.0,0.2573938696198398,0.4063538697294183,1.188825425742048
840,903,0c0401fd4708849d,Cardiomegaly,on,0.1523763577620864,1.0,0.3936143617841759,0.5648790234062935,0.8456961704616982
841,904,f2a99ba2c22ec977,Cardiomegaly,off,0.1487410396230185,1.0,0.3115187726169518,0.4687851331063289,1.548991657814119
841,904,f2a99ba2c22ec977,Cardiomegaly,on,0.1487410396230185,1.0,0.4572642613396988,0.6275580929525953,1.251020536815167
842,905,55870c2feee34d55,Cardiomegaly,off,0.1378448313670453,1.0,0.3206829713517608,0.4768523347102942,1.87364893989988
842,905,55870c2feee34d55,Cardiomegaly,on,0.1378448313670453,1.0,0.7084819656935675,0.8293689161137193,1.8757212534608576
843,906,ac9a2bb3a0548caf,Cardiomegaly,off,0.1453103908697961,1.0,0.3156720462089984,0.46591219942018,1.1215899486015568
843,906,ac9a2bb3a0548caf,Cardiomegaly,on,0.1453103908697961,1.0,0.4930071285697898,0.6604082554783128,1.020484400617065
844,907,2ba90af17885feff,Cardiomegaly,off,0.1418553767134969,1.0,0.209547688573167,0.3406275134886261,1.1385763998120135
844,907,2ba90af17885feff,Cardiomegaly,on,0.1418553767134969,1.0,0.3647906193317063,0.5345671621540299,0.8059353477586093
845,909,cf2cf8f35b3e26b7,Cardiomegaly,off,0.1570545151528441,1.0,0.4356552412173825,0.6030613797966111,1.626939840735472
845,909,cf2cf8f35b3e26b7,Cardiomegaly,on,0.1570545151528441,1.0,0.527178499902142,0.6903951025660267,1.470074775181417
846,910,1561ef7f47ec3c6f,Cardiomegaly,off,0.1426838004181103,1.0,0.2841183975046403,0.4399107199923153,0.9604057050107064
846,910,1561ef7f47ec3c6f,Cardiomegaly,on,0.1426838004181103,1.0,0.3647645770198415,0.5345457533391771,0.853895274625901
847,911,cc1a9a6c9210568f,Cardiomegaly,off,0.1262371533412277,1.0,0.3719970460578325,0.5325054182710026,1.7888714818377551
847,911,cc1a9a6c9210568f,Cardiomegaly,on,0.1262371533412277,1.0,0.5750928577069787,0.7302210152311639,1.929879893870741
848,913,c3f4bdc9c10e98cc,Cardiomegaly,off,0.1474886579048677,1.0,0.248603789978472,0.3909167427676553,1.18010308642897
848,913,c3f4bdc9c10e98cc,Cardiomegaly,on,0.1474886579048677,1.0,0.4202211485649799,0.591744058502881,0.9011412665688656
849,915,3cd1f43abf66d336,Cardiomegaly,off,0.1527077272439318,1.0,0.2743109202624416,0.4254764264129137,1.1988173613276265
849,915,3cd1f43abf66d336,Cardiomegaly,on,0.1527077272439318,1.0,0.4475632576639666,0.6183628270141625,0.9026707501139796
850,918,c4d577be099a01a4,Cardiomegaly,off,0.1519962574740874,1.0,0.3215883223361685,0.4810677439447628,1.2253133699346388
850,918,c4d577be099a01a4,Cardiomegaly,on,0.1519962574740874,1.0,0.4660613693642126,0.6358001772727561,1.047252338632242
851,921,457fe3957e7b56af,Cardiomegaly,off,0.1531706699023922,1.0,0.3241214858694153,0.4837188971209807,1.276171653386507
851,921,457fe3957e7b56af,Cardiomegaly,on,0.1531706699023922,1.0,0.4580728864275795,0.6283248076370866,1.0772823001748824
852,922,0b67d668040438d9,Cardiomegaly,off,0.1636819047897509,1.0,0.3511716627813591,0.5169498013893131,1.0278301836403814
852,922,0b67d668040438d9,Cardiomegaly,on,0.1636819047897509,1.0,0.4207866557012344,0.5923288298317175,0.8603559862581028
853,928,d4d998e70eb02d4a,Cardiomegaly,off,0.1346091058384378,1.0,0.203021877902748,0.3301445386279389,1.313548684500741
853,928,d4d998e70eb02d4a,Cardiomegaly,on,0.1346091058384378,1.0,0.4630917713039638,0.6330242918977868,0.9998449817959976
854,929,2a32d271c904b3d5,Cardiomegaly,off,0.15438406697562,1.0,0.3071310964694468,0.4685051994651001,1.1839688361659002
854,929,2a32d271c904b3d5,Cardiomegaly,on,0.15438406697562,1.0,0.3582819476007177,0.5275507340778468,0.802282619536537
855,933,0edc5e0c0eba3ced,Cardiomegaly,off,0.1472596231159452,1.0,0.3969896496487844,0.562946833682864,1.4367353726487315
855,933,0edc5e0c0eba3ced,Cardiomegaly,on,0.1472596231159452,1.0,0.524486275444539,0.6880747492172217,1.1167964479451076
856,934,74fc264d95280b44,Cardiomegaly,off,0.1530732082900847,1.0,0.2292984638959192,0.3660410430821779,1.1271902602734
856,934,74fc264d95280b44,Cardiomegaly,on,0.1530732082900847,1.0,0.4327759882087596,0.6041026371891924,0.873619429703037
857,936,783e7db10dce15e4,Cardiomegaly,off,0.1419041075196506,1.0,0.2756994028143389,0.4282186082943452,1.1036156618472857
857,936,783e7db10dce15e4,Cardiomegaly,on,0.1419041075196506,1.0,0.40411236673372,0.5756113909688756,0.89742623312909
858,937,b93a498274316f1d,Cardiomegaly,off,0.1641058628032883,1.0,0.3609261253331707,0.5223727061914651,1.3823000569529762
858,937,b93a498274316f1d,Cardiomegaly,on,0.1641058628032883,1.0,0.5187552010495662,0.6831258199889032,1.0919030855893712
859,939,44676a6c22bbc733,Cardiomegaly,off,0.1446379057448747,1.0,0.2071953323347989,0.3386447588195543,0.8222609608111747
859,939,44676a6c22bbc733,Cardiomegaly,on,0.1446379057448747,1.0,0.3699650368764226,0.5401029165865638,0.7272561203158817
860,943,ca57dc7d2c579615,Cardiomegaly,off,0.1173340350569419,1.0,0.2119517158414356,0.3462593400185346,1.2797840468841697
860,943,ca57dc7d2c579615,Cardiomegaly,on,0.1173340350569419,1.0,0.5073976225857144,0.6731930881984376,1.1093227124080718
861,944,681a904a771384c1,Cardiomegaly,off,0.122723662217544,1.0,0.3247649764885134,0.4858660046443469,1.3473098930296614
861,944,681a904a771384c1,Cardiomegaly,on,0.122723662217544,1.0,0.4633670108258338,0.6332880866130766,1.001495215711302
862,945,d65412eb0caf13b6,Cardiomegaly,off,0.1609383604032961,1.0,0.2607634718781948,0.4099547011890344,0.983419697133484
862,945,d65412eb0caf13b6,Cardiomegaly,on,0.1609383604032961,1.0,0.353678838143301,0.5225440586077407,0.8247314641280752
863,950,bb719db62ff21541,Cardiomegaly,off,0.1510801183183973,1.0,0.367918285736809,0.5302462207638148,1.535539839460664
863,950,bb719db62ff21541,Cardiomegaly,on,0.1510801183183973,1.0,0.5860347804064471,0.7389927974050735,1.309273062243112
864,951,4fe76432fdb173d5,Cardiomegaly,off,0.1660453488882066,1.0,0.2653732595438598,0.4169191289119002,0.7022715654486804
864,951,4fe76432fdb173d5,Cardiomegaly,on,0.1660453488882066,1.0,0.319711109591107,0.4845166152756709,0.5741307144492828
865,952,89ef9383e71e14ac,Cardiomegaly,off,0.2042697932351894,1.0,0.3191246453269389,0.4794260961829127,1.5158118327208705
865,952,89ef9383e71e14ac,Cardiomegaly,on,0.2042697932351894,1.0,0.4047529057355188,0.5762613360543822,1.2140929129528848
866,955,befc0c99b4dd6e6c,Cardiomegaly,off,0.1415191341510362,1.0,0.3313698364786622,0.4931384848387722,0.9895914644114678
866,955,befc0c99b4dd6e6c,Cardiomegaly,on,0.1415191341510362,1.0,0.428676809696377,0.6000944694439939,0.9508881114989808
867,956,72f7954fb0161c5d,Cardiomegaly,off,0.1846361514358532,1.0,0.2120231316522046,0.3483639713592723,0.7943409650304176
867,956,72f7954fb0161c5d,Cardiomegaly,on,0.1846361514358532,1.0,0.2422152076411912,0.3899680487907273,0.4000212256567063
868,957,8ed57312da57662c,Cardiomegaly,off,0.1387902090064276,1.0,0.3206845627222766,0.4801771613010224,1.1310126425344715
868,957,8ed57312da57662c,Cardiomegaly,on,0.1387902090064276,1.0,0.4512061520689527,0.6218358523525811,0.9200539671339572
869,959,18fa7ed3a4c38830,Cardiomegaly,off,0.1408027913005765,1.0,0.2155412627472786,0.3530201112034848,0.9201762349149916
869,959,18fa7ed3a4c38830,Cardiomegaly,on,0.1408027913005765,1.0,0.3244571749031602,0.4899428920469477,0.724970429689291
870,962,00f3d968b485ab18,Cardiomegaly,off,0.1577416195196117,1.0,0.3208498695604215,0.4810060151806962,1.1055176648053775
870,962,00f3d968b485ab18,Cardiomegaly,on,0.1577416195196117,1.0,0.4404225597809255,0.6115154495380816,0.8689773121542613
871,963,270f597c3ae829e3,Cardiomegaly,off,0.164729617122056,1.0,0.4074121640388595,0.5788823333287935,1.2541270720946178
871,963,270f597c3ae829e3,Cardiomegaly,on,0.164729617122056,1.0,0.4158355058091124,0.5874063890703196,0.9403019724894393
872,966,b06d5b89bfe7e4f9,Cardiomegaly,off,0.1762690720192584,1.0,0.2392704409049581,0.3745074349160585,1.2292405969156264
872,966,b06d5b89bfe7e4f9,Cardiomegaly,on,0.1762690720192584,1.0,0.4241106088651637,0.595612092311083,0.8520420857928304
873,969,d26b663717915394,Cardiomegaly,off,0.1495012401990166,1.0,0.3286417980001703,0.4903555409577214,1.3300936941152302
873,969,d26b663717915394,Cardiomegaly,on,0.1495012401990166,1.0,0.4442607151192056,0.6152071190102542,0.985872661265028
874,970,c496622f0d34bcdd,Cardiomegaly,off,0.1686914316623539,1.0,0.2721176045907228,0.4265345746810812,1.07300695123457
874,970,c496622f0d34bcdd,Cardiomegaly,on,0.1686914316623539,1.0,0.2967379503627079,0.4576660899437498,0.6881454826541046
875,971,88c90e9bcd88233b,Cardiomegaly,off,0.1671174266235886,1.0,0.2392453733493615,0.3805802858439856,1.05711899830756
875,971,88c90e9bcd88233b,Cardiomegaly,on,0.1671174266235886,1.0,0.3694442685350507,0.5395492035759704,0.7759727782420898
876,974,0fd3a51f7c7139b9,Cardiomegaly,off,0.1395893942273487,1.0,0.2805266654881125,0.4377506066032158,1.2296019459035803
876,974,0fd3a51f7c7139b9,Cardiomegaly,on,0.1395893942273487,1.0,0.3413591449502243,0.5089735768761079,0.951906306668394
877,975,ed4fefd6128d9cd5,Cardiomegaly,off,0.1525322963417784,1.0,0.231111104562877,0.3699338037703433,0.9223919949823264
877,975,ed4fefd6128d9cd5,Cardiomegaly,on,0.1525322963417784,1.0,0.3941926976388867,0.565471776856308,0.7978891968539567
878,976,c29166e493d19f2e,Cardiomegaly,off,0.1606264832439123,1.0,0.3671472695235285,0.531356741570268,1.1119956524919334
878,976,c29166e493d19f2e,Cardiomegaly,on,0.1606264832439123,1.0,0.4567141806301709,0.6270397689975009,0.9252500565503128
879,977,7f94daf6c078208b,Cardiomegaly,off,0.1661233181780526,1.0,0.2385007908742236,0.3845636545362151,0.7270709688041211
879,977,7f94daf6c078208b,Cardiomegaly,on,0.1661233181780526,1.0,0.2545430964135323,0.4057940772599758,0.5217819212382958
880,979,b50c310ab039d823,Cardiomegaly,off,0.1620884074285241,1.0,0.1957454924056714,0.3221592408009237,1.0957026115548507
880,979,b50c310ab039d823,Cardiomegaly,on,0.1620884074285241,1.0,0.3446223662828146,0.5125757097271822,0.6904330958716182
881,980,add9d47c8799e3e3,Cardiomegaly,off,0.1775019614149477,1.0,0.2693857549357196,0.4223467631440251,0.9973567487166556
881,980,add9d47c8799e3e3,Cardiomegaly,on,0.1775019614149477,1.0,0.3293619339689683,0.4955177772249995,0.6927997621412053
882,982,8cebd91da402e33d,Cardiomegaly,off,0.1499836751799385,1.0,0.3964792202084604,0.554327539427178,1.9633583511024455
882,982,8cebd91da402e33d,Cardiomegaly,on,0.1499836751799385,1.0,0.6591963511021453,0.7945943325292106,1.6325020462633473
883,983,d1d4e9bef6643e23,Cardiomegaly,off,0.1619081034457553,1.0,0.3621210565207792,0.5289144035866842,1.0314359816638856
883,983,d1d4e9bef6643e23,Cardiomegaly,on,0.1619081034457553,1.0,0.3982127624942355,0.5695982414061501,0.7705940992772268
884,984,4da0332e60bf86b8,Cardiomegaly,off,0.1473424654864065,1.0,0.2486083963591349,0.3950745089859603,0.9472939938842776
884,984,4da0332e60bf86b8,Cardiomegaly,on,0.1473424654864065,1.0,0.411188099831939,0.582745199555452,0.8258961204760151
885,992,8ef6d0a1def1cf1b,Cardiomegaly,off,0.1696904131885054,1.0,0.3409458673002178,0.504955184832902,1.3475500615989937
885,992,8ef6d0a1def1cf1b,Cardiomegaly,on,0.1696904131885054,1.0,0.4333871615007624,0.6047007713468181,0.8969993146719382
886,995,12686c36026b3031,Cardiomegaly,off,0.1351305254642827,1.0,0.3318815563862026,0.4902846145993539,1.4453282432117445
886,995,12686c36026b3031,Cardiomegaly,on,0.1351305254642827,1.0,0.5027613247683339,0.6691122222027795,1.115238833460538
887,1000,824eacc60bf5aceb,Cardiomegaly,off,0.134755298256899,1.0,0.3467290546237507,0.5089384363938899,1.6729315406200658
887,1000,824eacc60bf5aceb,Cardiomegaly,on,0.134755298256899,1.0,0.5189596639104571,0.6833091991050809,1.5965385399970915
888,1001,fdcff99e7265a8de,Cardiomegaly,off,0.1657724563737458,1.0,0.3821538624903515,0.5492864125022621,1.584821895040163
888,1001,fdcff99e7265a8de,Cardiomegaly,on,0.1657724563737458,1.0,0.5065586138912092,0.6724601307092961,1.1511994821888774
889,1002,52b72ff5f88f0a37,Cardiomegaly,off,0.1546131017645425,1.0,0.3952618880406781,0.5611347069216325,1.9019949972066887
889,1002,52b72ff5f88f0a37,Cardiomegaly,on,0.1546131017645425,1.0,0.5220076617219946,0.6859461493504158,1.793884781876944
890,1005,f1f07bedc325e82e,Cardiomegaly,off,0.1814491567133995,1.0,0.3081553033476781,0.4677379035513677,0.8270129305889854
890,1005,f1f07bedc325e82e,Cardiomegaly,on,0.1814491567133995,1.0,0.3682121408163001,0.5382343123364046,0.6681677474831258
891,1007,6fc6a60d0335fbd6,Cardiomegaly,off,0.1786520084401756,1.0,0.2959459070182039,0.4505474252150646,1.0641773118193458
891,1007,6fc6a60d0335fbd6,Cardiomegaly,on,0.1786520084401756,1.0,0.3903783235323428,0.561540910945421,0.8009336103073829
892,1008,5e88f0f16c7e6a47,Cardiomegaly,off,0.1559921835786929,1.0,0.3475977190909495,0.514013150875562,1.207179286684948
892,1008,5e88f0f16c7e6a47,Cardiomegaly,on,0.1559921835786929,1.0,0.3964620827013142,0.5678087625900977,1.0052386329429552
893,1012,74605b9a2e60db04,Cardiomegaly,off,0.1482293661584043,1.0,0.2168733630420955,0.353034251932749,0.8719607724571748
893,1012,74605b9a2e60db04,Cardiomegaly,on,0.1482293661584043,1.0,0.2941270445817487,0.4545523648292495,0.5415599514955071
894,1014,a75c3f979a938d95,Cardiomegaly,off,0.1550419328586952,1.0,0.2749843424780234,0.4198334360000195,1.423283769755364
894,1014,a75c3f979a938d95,Cardiomegaly,on,0.1550419328586952,1.0,0.4828368409561235,0.6512250254568699,1.069809898878407
895,1016,cd4a1485e9f93a94,Cardiomegaly,off,0.1653826099245159,1.0,0.2819574611370714,0.4384663621854204,1.0292142536037483
895,1016,cd4a1485e9f93a94,Cardiomegaly,on,0.1653826099245159,1.0,0.3205253360179808,0.4854506507170854,0.6547938063380726
896,1017,7d078f83e9932755,Cardiomegaly,off,0.1230550316993894,1.0,0.3974043900532708,0.5629328129088014,1.3873875945629557
896,1017,7d078f83e9932755,Cardiomegaly,on,0.1230550316993894,1.0,0.5222936405068612,0.6861859997749559,1.1482664211199871
897,1019,094881505a8ff1b3,Cardiomegaly,off,0.1558606104020778,1.0,0.1564364042260169,0.2676319539384522,0.8062219396135725
897,1019,094881505a8ff1b3,Cardiomegaly,on,0.1558606104020778,1.0,0.2594769463210533,0.4120321340290377,0.4765859889940232
898,1022,1d83329f432409d6,Cardiomegaly,off,0.1646467747515947,1.0,0.4885741986931059,0.6559656849663071,1.9377024057818857
898,1022,1d83329f432409d6,Cardiomegaly,on,0.1646467747515947,1.0,0.5185786295956984,0.6829787678473856,1.9961563002831613
899,1024,8dfa509238d5a956,Cardiomegaly,off,0.1671564112685116,1.0,0.4107198271607518,0.5746921167573544,1.5851928261832604
899,1024,8dfa509238d5a956,Cardiomegaly,on,0.1671564112685116,1.0,0.4971672213113859,0.66413399017535,1.034761428077107
900,1025,2864099e6d54ee2c,Cardiomegaly,off,0.1371723462421238,1.0,0.3554545536357991,0.5199586590799863,1.44133638326775
900,1025,2864099e6d54ee2c,Cardiomegaly,on,0.1371723462421238,1.0,0.4970731596354081,0.6640543995726969,1.1509682034038864
901,1027,273ac948181f7eea,Cardiomegaly,off,0.1233084318913887,1.0,0.2802400232591529,0.4286305508230217,1.245212616608781
901,1027,273ac948181f7eea,Cardiomegaly,on,0.1233084318913887,1.0,0.5335385901419322,0.6957989072896656,1.1592488095904423
902,1028,382871315310f9db,Cardiomegaly,off,0.1656311370359,1.0,0.2646596181370876,0.4128950017613563,1.148207289977557
902,1028,382871315310f9db,Cardiomegaly,on,0.1656311370359,1.0,0.4300745652367992,0.6014679106757181,0.849501635418256
903,1029,2e80f309fb870991,Cardiomegaly,off,0.1377278774322763,1.0,0.2995185655581565,0.4492780405393802,1.6565112062546563
903,1029,2e80f309fb870991,Cardiomegaly,on,0.1377278774322763,1.0,0.6839090584037464,0.8122836258950257,1.8007768781037516
904,1031,21972a3282017c95,Cardiomegaly,off,0.1111695880784955,1.0,0.2690278555825043,0.4206630184357868,1.2575865298742168
904,1031,21972a3282017c95,Cardiomegaly,on,0.1111695880784955,1.0,0.4495613335038493,0.620242527553254,0.9778920663306416
905,1034,2014a5fe5fbf1d92,Cardiomegaly,off,0.1429566929325711,1.0,0.3315453201844557,0.4896551882951794,1.3606459572872671
905,1034,2014a5fe5fbf1d92,Cardiomegaly,on,0.1429566929325711,1.0,0.5354505964211473,0.6974480174008824,1.1693654020599669
906,1035,a3835dd57513682a,Cardiomegaly,off,0.1409002529128839,1.0,0.3095224918086136,0.4694813053010748,1.0244723404362372
906,1035,a3835dd57513682a,Cardiomegaly,on,0.1409002529128839,1.0,0.4094917117828912,0.5810485969285664,0.8326838916035716
907,1039,d0e09902a8cf7f55,Cardiomegaly,off,0.1742711089669556,1.0,0.2873254111682568,0.4415314025377491,0.9138036706241098
907,1039,d0e09902a8cf7f55,Cardiomegaly,on,0.1742711089669556,1.0,0.3426644827213994,0.5104110959476637,0.629690837675129
908,1042,a1edbe156ffe4a43,Cardiomegaly,off,0.1519621459097797,1.0,0.3989320858116259,0.5684770867131439,1.127109283314772
908,1042,a1edbe156ffe4a43,Cardiomegaly,on,0.1519621459097797,1.0,0.4569498887824436,0.62726874162052,1.0023495415044887
909,1043,840606d79ea0bbc6,Cardiomegaly,off,0.1323138848685973,1.0,0.3721550812358334,0.5330443742971799,1.4262695434617088
909,1043,840606d79ea0bbc6,Cardiomegaly,on,0.1323138848685973,1.0,0.5923568923939868,0.7439964328569866,1.3286230481427563
910,1044,f6413aef8fe70758,Cardiomegaly,off,0.1623564268623696,1.0,0.3525568294841351,0.518779348373229,1.44559483070402
910,1044,f6413aef8fe70758,Cardiomegaly,on,0.1623564268623696,1.0,0.4411341441695146,0.6121990842050479,0.9333593909308764
911,1048,1605ba691cedb4e6,Cardiomegaly,off,0.1724729422198831,1.0,0.4024832712480616,0.5720480298524385,1.4434907983467435
911,1048,1605ba691cedb4e6,Cardiomegaly,on,0.1724729422198831,1.0,0.466450654783012,0.6361597388596818,1.0020327540970904
912,1050,437d8e6db071e050,Cardiomegaly,off,0.1336393627959787,1.0,0.3823690728818225,0.5484851119212304,1.6644399762799915
912,1050,437d8e6db071e050,Cardiomegaly,on,0.1336393627959787,1.0,0.5786333100884,0.7330810396383427,1.5349855325842974
913,1052,84cf2a960de27285,Cardiomegaly,off,0.1739543587269564,1.0,0.2662353234118662,0.4114188766796284,1.2069787316665797
913,1052,84cf2a960de27285,Cardiomegaly,on,0.1739543587269564,1.0,0.4416453096366851,0.6126865974282591,0.8672327703139965
914,1053,42aaaec43b390010,Cardiomegaly,off,0.1140934364477191,1.0,0.1334155408468582,0.2329458968375989,1.0733729939930616
914,1053,42aaaec43b390010,Cardiomegaly,on,0.1140934364477191,1.0,0.3564423704856728,0.5255467673299132,0.7580691145861221
915,1054,c1ebe3497131f467,Cardiomegaly,off,0.1661233181780526,1.0,0.3398227754423674,0.5028147856863134,1.4850028548123464
915,1054,c1ebe3497131f467,Cardiomegaly,on,0.1661233181780526,1.0,0.4525833476588957,0.6231390174519438,0.9826093399009328
916,1056,1439214a04d8402b,Cardiomegaly,off,0.1561871068033078,1.0,0.3016412930164502,0.4522030878444093,1.1920321174294235
916,1056,1439214a04d8402b,Cardiomegaly,on,0.1561871068033078,1.0,0.4183948253867874,0.5899237194424625,0.8737603271579432
917,1058,7fde84c083851f22,Cardiomegaly,off,0.1703775175552729,1.0,0.3732348420507437,0.5428461183338291,1.3701195452565502
917,1058,7fde84c083851f22,Cardiomegaly,on,0.1703775175552729,1.0,0.3979720681368023,0.569355318119653,0.963655375075112
918,1062,02b51014a85c1663,Cardiomegaly,off,0.146825918941177,1.0,0.3150178015471596,0.4730630619746382,1.3750880019595948
918,1062,02b51014a85c1663,Cardiomegaly,on,0.146825918941177,1.0,0.4924848095904847,0.659946460110335,1.014317902251056
919,1065,d7aa4e4a46f520bb,Cardiomegaly,off,0.161381810739295,1.0,0.4280933484027118,0.5974816045299745,1.3601976464500996
919,1065,d7aa4e4a46f520bb,Cardiomegaly,on,0.161381810739295,1.0,0.4799355973282749,0.6485877082015115,1.0352296943935009
920,1066,fe801ee1c7637098,Cardiomegaly,off,0.1622784575725236,1.0,0.3983107782046781,0.5624495711801606,1.517324591134106
920,1066,fe801ee1c7637098,Cardiomegaly,on,0.1622784575725236,1.0,0.5897275782912719,0.7419210431853794,1.3428015233481962
921,1069,9d0c66651c1b5ba9,Cardiomegaly,off,0.1650317481202091,1.0,0.3847997522817076,0.5524542211220419,1.7676019688801274
921,1069,9d0c66651c1b5ba9,Cardiomegaly,on,0.1650317481202091,1.0,0.4705414402196198,0.6399534509506912,1.643132063920041
922,1070,94c7afec0324dd4b,Cardiomegaly,off,0.1641887051737497,1.0,0.2807207435651666,0.4363429190907194,0.9033642359560576
922,1070,94c7afec0324dd4b,Cardiomegaly,on,0.1641887051737497,1.0,0.3457086850449821,0.513792207563101,0.6764016225073526
923,1075,44d14d61561b1386,Cardiomegaly,off,0.1465725187491776,1.0,0.3464316404830142,0.5086933702043874,1.5860862311837998
923,1075,44d14d61561b1386,Cardiomegaly,on,0.1465725187491776,1.0,0.5571808164465802,0.7156201758169091,1.213049379800741
924,1078,ea650221b3a462e6,Cardiomegaly,off,0.1297262790618345,1.0,0.2007860167377873,0.3316478238665662,1.093299775474084
924,1078,ea650221b3a462e6,Cardiomegaly,on,0.1297262790618345,1.0,0.3417730444934075,0.5094287815437906,0.815198354993529
925,1079,fc74f46e0ae69b4e,Cardiomegaly,off,0.1388291936513505,1.0,0.3816291044277838,0.5445845679406759,1.554474557468811
925,1079,fc74f46e0ae69b4e,Cardiomegaly,on,0.1388291936513505,1.0,0.5459114459855678,0.7062476230613874,1.338177328777761
926,1080,3f71a3f804aa8c4c,Cardiomegaly,off,0.131695003630445,1.0,0.2384342382063745,0.3784214336861271,1.246127537510157
926,1080,3f71a3f804aa8c4c,Cardiomegaly,on,0.131695003630445,1.0,0.4621527819986847,0.6321486440950029,0.9800735104585953
927,1081,638f2e9bd1fd7468,Cardiomegaly,off,0.1348576329498219,1.0,0.2896734007231011,0.4392031189375481,1.5755156027054489
927,1081,638f2e9bd1fd7468,Cardiomegaly,on,0.1348576329498219,1.0,0.5872957774010963,0.7399496431187321,1.3957397149070363
928,1082,cd430ecde71ab7a4,Cardiomegaly,off,0.15438406697562,1.0,0.3693739986100985,0.5355178580266938,1.32690096815883
928,1082,cd430ecde71ab7a4,Cardiomegaly,on,0.15438406697562,1.0,0.4221261879163214,0.5936493438949253,0.9788655531625629
929,1085,c40b17d3b9e8d8f3,Cardiomegaly,off,0.1248483253658465,1.0,0.221889092322079,0.3598636127284871,0.9918180250976336
929,1085,c40b17d3b9e8d8f3,Cardiomegaly,on,0.1248483253658465,1.0,0.3642663080907511,0.5340091823367012,0.7877285312165951
930,1089,ccc6e3953f9c8e69,Cardiomegaly,off,0.1628681003269837,1.0,0.3867196420178612,0.556747438748449,1.5953037206879266
930,1089,ccc6e3953f9c8e69,Cardiomegaly,on,0.1628681003269837,1.0,0.4430794779698844,0.6140703634554241,1.3394052266654786
931,1092,1596b54de7535b16,Cardiomegaly,off,0.16622077979036,1.0,0.3927545198518668,0.5613522081720579,1.7146578399247228
931,1092,1596b54de7535b16,Cardiomegaly,on,0.16622077979036,1.0,0.4327032006173129,0.6040323166867123,1.6619857918564136
932,1094,ffcdb2676970c5db,Cardiomegaly,off,0.1525469155836245,1.0,0.3469479820295547,0.5002943137951028,1.8509211730855757
932,1094,ffcdb2676970c5db,Cardiomegaly,on,0.1525469155836245,1.0,0.7006795078112613,0.8239976372742884,1.744424850908198
933,1095,f451fc4d2a9f67e0,Cardiomegaly,off,0.1617521648660634,1.0,0.2713448734530491,0.4212240148331351,0.9762404435535452
933,1095,f451fc4d2a9f67e0,Cardiomegaly,on,0.1617521648660634,1.0,0.4097924933114936,0.5813463157766168,0.8301197549101544
934,1096,2037bdd82ce632fa,Cardiomegaly,off,0.1554853831946941,1.0,0.336255586184631,0.4876598378995343,1.535498166212584
934,1096,2037bdd82ce632fa,Cardiomegaly,on,0.1554853831946941,1.0,0.5961609814719036,0.7469885263122171,1.5132587184100843
935,1097,b67fd708ddd4c9d6,Cardiomegaly,off,0.1625659693288306,1.0,0.3327075179908605,0.4925411056411991,1.6290363064934523
935,1097,b67fd708ddd4c9d6,Cardiomegaly,on,0.1625659693288306,1.0,0.5033253709286458,0.6696144579565096,1.4635336176287408
936,1100,d6b828df6bd6c5f9,Cardiomegaly,off,0.1397209674039637,1.0,0.3065060130210059,0.4663688918533739,1.3401926123344172
936,1100,d6b828df6bd6c5f9,Cardiomegaly,on,0.1397209674039637,1.0,0.4344020816374702,0.6056744182053475,1.0071562542984185
937,1101,9417a465b90295db,Cardiomegaly,off,0.0986750093806801,1.0,0.1947109080641128,0.3235685243003582,0.958756886862268
937,1101,9417a465b90295db,Cardiomegaly,on,0.0986750093806801,1.0,0.369458037580309,0.5395654631604317,0.7928944687885983
938,1102,d3473ad26d4bd2b2,Cardiomegaly,off,0.1321287078052132,1.0,0.4049912662112871,0.5693784379392722,1.4726474899133732
938,1102,d3473ad26d4bd2b2,Cardiomegaly,on,0.1321287078052132,1.0,0.5345754462890417,0.696707919275344,1.336131252086619
939,1103,668cf5db5fe96307,Cardiomegaly,off,0.1458854143824101,1.0,0.2012799283611212,0.3298838075167129,0.9964652791912608
939,1103,668cf5db5fe96307,Cardiomegaly,on,0.1458854143824101,1.0,0.4417828594209401,0.6128224654074412,0.9009615097830972
940,1105,ae14d9858d0bac9d,Cardiomegaly,off,0.148526624075942,1.0,0.3257722247389684,0.4835835429368207,1.4636803345661689
940,1105,ae14d9858d0bac9d,Cardiomegaly,on,0.148526624075942,1.0,0.5332159371166703,0.6955521812943968,1.2465736221136905
941,1107,d7e55c1dd35bc46a,Cardiomegaly,off,0.1480052044500972,1.0,0.2058410884185962,0.3301361681212434,1.429335236314334
941,1107,d7e55c1dd35bc46a,Cardiomegaly,on,0.1480052044500972,1.0,0.5071960185176071,0.6730231357776153,1.0927981759584195
942,1109,43be89cc652a0ec2,Cardiomegaly,off,0.1653582445214391,1.0,0.3055879984334406,0.464469127612366,1.1666472340713792
942,1109,43be89cc652a0ec2,Cardiomegaly,on,0.1653582445214391,1.0,0.4000198886233249,0.5714460020902044,0.8222994325661862
943,1111,4d6947f7b7d2fe3d,Cardiomegaly,off,0.1579755273891496,1.0,0.3463562872315737,0.5130903448954532,1.3039533756277557
943,1111,4d6947f7b7d2fe3d,Cardiomegaly,on,0.1579755273891496,1.0,0.3956364245244135,0.5669615571350726,0.9069132862786669
944,1112,35697eceff38abd1,Cardiomegaly,off,0.1447158750347207,1.0,0.3786893088349404,0.5441457302429099,1.4686807723696227
944,1112,35697eceff38abd1,Cardiomegaly,on,0.1447158750347207,1.0,0.5235817804596212,0.6873036742100977,1.2560454961513088
945,1113,28704d3df7d54ff7,Cardiomegaly,off,0.1491893630396327,1.0,0.3337884098554228,0.480449298616821,2.034059937590281
945,1113,28704d3df7d54ff7,Cardiomegaly,on,0.1491893630396327,1.0,0.6316022689760004,0.7741976530068889,2.331629630755705
946,1118,a3686ee3ea5706e2,Cardiomegaly,off,0.133015608477211,1.0,0.2744253306207481,0.4229879292385967,1.4746150147221917
946,1118,a3686ee3ea5706e2,Cardiomegaly,on,0.133015608477211,1.0,0.533941573098619,0.6961609819178314,1.2166009185495952
947,1119,bc569f7bbbe48ed0,Cardiomegaly,off,0.1858154369447733,1.0,0.4029014397673953,0.5729654794610937,1.6211370361866315
947,1119,bc569f7bbbe48ed0,Cardiomegaly,on,0.1858154369447733,1.0,0.4413455464372495,0.612405217847986,1.1800060049061674
948,1125,2a0edca9a07017a6,Cardiomegaly,off,0.1422890808882651,1.0,0.345424772407176,0.5094596296270969,1.2852545454246669
948,1125,2a0edca9a07017a6,Cardiomegaly,on,0.1422890808882651,1.0,0.4960367585526266,0.6631285394872523,1.0367020951010806
949,1126,ddd31eb5a4ee3e1a,Cardiomegaly,off,0.1674634153472801,1.0,0.5333252459361807,0.6939227397398057,1.8726032248640003
949,1126,ddd31eb5a4ee3e1a,Cardiomegaly,on,0.1674634153472801,1.0,0.5850206713208672,0.7381833146150621,1.670790768654716
950,1133,122bb6e0ed2718f9,Cardiomegaly,off,0.1687109239848155,1.0,0.3015430148761097,0.4578681665899671,1.2574250091813268
950,1133,122bb6e0ed2718f9,Cardiomegaly,on,0.1687109239848155,1.0,0.4545807383590855,0.6250287522054754,0.9867803589375808
951,1134,af9e54641c07f285,Cardiomegaly,off,0.1403203563196546,1.0,0.2201033071295632,0.3567718626104287,0.961220671909604
951,1134,af9e54641c07f285,Cardiomegaly,on,0.1403203563196546,1.0,0.333916739340082,0.5006522488114232,0.6927137255544824
952,1136,736a8b9e30f13908,Cardiomegaly,off,0.1632238352119059,1.0,0.3020355207439031,0.4589582720332421,1.3918936806314222
952,1136,736a8b9e30f13908,Cardiomegaly,on,0.1632238352119059,1.0,0.4131838601854743,0.5847547592122683,1.112410534429366
953,1138,73bc7952bfff8707,Cardiomegaly,off,0.1313685072292151,1.0,0.2481726970884648,0.3928288587719965,1.2239165436716493
953,1138,73bc7952bfff8707,Cardiomegaly,on,0.1313685072292151,1.0,0.4271484108342809,0.5985949635295513,0.8970591323281761
954,1140,6a71d0d1f69700bd,Cardiomegaly,off,0.1556510679356168,1.0,0.331190888138264,0.4891155729468691,1.5964139042285042
954,1140,6a71d0d1f69700bd,Cardiomegaly,on,0.1556510679356168,1.0,0.5543343049586925,0.7132710442596725,1.3398800210054698
955,1141,b90eb647d582b7e9,Cardiomegaly,off,0.1348966175947448,1.0,0.2441608659421272,0.3851419421094098,1.3283647489800692
955,1141,b90eb647d582b7e9,Cardiomegaly,on,0.1348966175947448,1.0,0.524535325081388,0.6881093578898982,1.1318422726772248
956,1142,fd33d40594fe12ba,Cardiomegaly,off,0.1300186638987568,1.0,0.2138614435099984,0.3467864132158432,1.4117697162961105
956,1142,fd33d40594fe12ba,Cardiomegaly,on,0.1300186638987568,1.0,0.5204386486435325,0.6845685106011606,1.1496748586460102
957,1146,37bf2d617731ffdf,Cardiomegaly,off,0.1400620830470398,0.0,0.287160658769143,0.4436195954637145,1.361859979880524
957,1146,37bf2d617731ffdf,Cardiomegaly,on,0.1400620830470398,0.0,0.3615703950113679,0.5311044210865236,1.0146193964529635
958,1148,8949e949e58919ed,Cardiomegaly,off,0.1656993601645152,1.0,0.3735034124764067,0.5366515934819585,1.5572139779629
958,1148,8949e949e58919ed,Cardiomegaly,on,0.1656993601645152,1.0,0.5617484791148009,0.7193739441061199,1.1880041406207436
959,1149,8a491f78b4efd39e,Cardiomegaly,off,0.1599539981189909,1.0,0.2570261091425095,0.4015875546344841,1.2086205451786585
959,1149,8a491f78b4efd39e,Cardiomegaly,on,0.1599539981189909,1.0,0.4216748111791046,0.5932014704285752,0.8395173208829045
960,1155,dd45016fdfaa6388,Cardiomegaly,off,0.1498618481645542,1.0,0.3855987878157285,0.5502142617504819,1.644383957413998
960,1155,dd45016fdfaa6388,Cardiomegaly,on,0.1498618481645542,1.0,0.5286657931636356,0.6916690652538281,1.478816681176378
961,1159,7026b654149c2a17,Cardiomegaly,off,0.1560798990297696,1.0,0.2603122681240311,0.4004383137021395,1.4633205229053765
961,1159,7026b654149c2a17,Cardiomegaly,on,0.1560798990297696,1.0,0.4880826036186422,0.6559745518900664,1.062693607594024
962,143,50a78104f389d4c5,Lung Opacity,off,0.1469867306014843,1.0,0.4838073787846985,0.6502047895450869,2.537188069348986
962,143,50a78104f389d4c5,Lung Opacity,on,0.1469867306014843,1.0,0.3434862081716545,0.5113190429588231,3.02639244726092
963,151,e2c9e2770f83c49c,Lung Opacity,off,0.1055314338065094,1.0,0.24071128094189,0.3869816652206028,1.148388478741925
963,151,e2c9e2770f83c49c,Lung Opacity,on,0.1055314338065094,1.0,0.1971828787304878,0.3294079204643096,0.8177046572997902
964,158,c99d34d384583ad4,Lung Opacity,off,0.1623369345399081,1.0,0.6911354487827588,0.8091727633846302,2.520602476242591
964,158,c99d34d384583ad4,Lung Opacity,on,0.1623369345399081,1.0,0.8305423836237533,0.907421373051465,2.8757943734146503
965,212,12ed86139ce1a5fc,Lung Opacity,off,0.1914925758616824,1.0,0.2429795978549135,0.3788529760977076,1.4143783403349277
965,212,12ed86139ce1a5fc,Lung Opacity,on,0.1914925758616824,1.0,0.4735480083978965,0.6427108296586914,0.9593279256310272
966,228,63dd77962bfc8ea6,Lung Opacity,off,0.1955615981755186,1.0,0.1957540143219399,0.3165289032991673,1.0928145523106418
966,228,63dd77962bfc8ea6,Lung Opacity,on,0.1955615981755186,1.0,0.3209511175327619,0.4859030180963589,0.701194863985099
967,303,d58d7cf71038f221,Lung Opacity,off,0.1673269690900496,1.0,0.2959092478774525,0.4556476747360063,1.822630144402314
967,303,d58d7cf71038f221,Lung Opacity,on,0.1673269690900496,1.0,0.2306160021842881,0.3747924134268675,2.1105140748753937
968,341,35d739886f487191,Lung Opacity,off,0.0896987948871638,1.0,0.5664538701772669,0.7087910061129252,2.933394708812591
968,341,35d739886f487191,Lung Opacity,on,0.0896987948871638,1.0,0.261311937049011,0.4142882069876585,3.821614242521059
969,408,2a3bfc4860febc31,Lung Opacity,off,0.1086112207554249,1.0,0.3951439953359544,0.5653390893684176,3.56166034236064
969,408,2a3bfc4860febc31,Lung Opacity,on,0.1086112207554249,1.0,0.1154061985397939,0.206919983259718,3.170807301746976
970,463,b2bfd15dcfd7db56,Lung Opacity,off,0.1576392848266888,1.0,0.2663362586626949,0.4117857114238751,1.19005259464015
970,463,b2bfd15dcfd7db56,Lung Opacity,on,0.1576392848266888,1.0,0.4438245924044527,0.6147745020419181,0.9338446230087232
971,484,64f6247382eddc70,Lung Opacity,off,0.1533802123688532,1.0,0.2319957570175232,0.3657495983376548,2.6601306307150656
971,484,64f6247382eddc70,Lung Opacity,on,0.1533802123688532,1.0,0.1091288653678013,0.1967637727181609,2.652202962740469
972,513,182d40fcb761e39f,Lung Opacity,off,0.1575272039725353,1.0,0.220571648258552,0.3522421801639652,2.9691651923987417
972,513,182d40fcb761e39f,Lung Opacity,on,0.1575272039725353,1.0,0.1195258260222923,0.2135196874225358,2.5699862692162765
973,516,c252c9f0e3946a5b,Lung Opacity,off,0.1376645273842765,1.0,0.4076871944460385,0.5743867957886624,1.6906788961098431
973,516,c252c9f0e3946a5b,Lung Opacity,on,0.1376645273842765,1.0,0.5905594535824907,0.742579047800189,1.4372811297689505
974,524,d96d19a010e9b5ec,Lung Opacity,off,0.1839977778752393,1.0,0.3397044304329374,0.503255939128862,1.3278996455124137
974,524,d96d19a010e9b5ec,Lung Opacity,on,0.1839977778752393,1.0,0.3951082463131401,0.5664186643586092,1.1328526994281751
975,525,a2e340bc6f6d2fe6,Lung Opacity,off,0.1326403812698273,1.0,0.324130607635449,0.4772711055961614,1.7048892203572936
975,525,a2e340bc6f6d2fe6,Lung Opacity,on,0.1326403812698273,1.0,0.6188361718621034,0.7645444071612746,1.7064004283915908
976,527,0dadd1025949721e,Lung Opacity,off,0.104322909813897,1.0,0.6469163320760974,0.7765881888275781,3.317602847849091
976,527,0dadd1025949721e,Lung Opacity,on,0.104322909813897,1.0,0.3036142566789519,0.4657645452233653,3.648749593627025
977,537,69854d4fd80a2c6a,Lung Opacity,off,0.1685549854051235,1.0,0.2886605082331633,0.4477638987404638,1.8645035340432847
977,537,69854d4fd80a2c6a,Lung Opacity,on,0.1685549854051235,1.0,0.2372332714141932,0.3834871188159855,1.7433584229204202
978,557,855d0b6a55e9d1b2,Lung Opacity,off,0.137723004351661,1.0,0.4045549892425577,0.5637924909124981,1.8697974058440432
978,557,855d0b6a55e9d1b2,Lung Opacity,on,0.137723004351661,1.0,0.6154546224933185,0.7619209601518436,1.4175927667526604
979,567,02a86431f9853461,Lung Opacity,off,0.1134989206126436,1.0,0.4035223415140504,0.5744180377558255,2.304058050198238
979,567,02a86431f9853461,Lung Opacity,on,0.1134989206126436,1.0,0.2518834284081653,0.4023796582078233,3.344664086002377
980,571,dd8625df6eb2922e,Lung Opacity,off,0.1124853198446461,1.0,0.4337648289503192,0.6030012150892103,3.5535305042471688
980,571,dd8625df6eb2922e,Lung Opacity,on,0.1124853198446461,1.0,0.1210757965572434,0.2159919578041636,3.0824927143196423
981,610,c16642274f26f0b5,Lung Opacity,off,0.132937639187365,0.0,0.1184789768570484,0.2099217175038556,0.7087203734186877
981,610,c16642274f26f0b5,Lung Opacity,on,0.132937639187365,0.0,0.1491972955204076,0.2596528225524382,0.472648419076167
982,613,b01d229a4ee33bdf,Lung Opacity,off,0.1525615348254706,1.0,0.224893342997542,0.3588038041895897,1.630320432367904
982,613,b01d229a4ee33bdf,Lung Opacity,on,0.1525615348254706,1.0,0.5614434707229353,0.7191125881323203,1.2172619935279652
983,647,b77f5518c6ea21c5,Lung Opacity,off,0.1405055333830387,1.0,0.2816209463364905,0.4299402309716765,3.0961506968223524
983,647,b77f5518c6ea21c5,Lung Opacity,on,0.1405055333830387,1.0,0.1494848755341851,0.2600810834890108,2.773743796463405
984,650,709345d40ed87430,Lung Opacity,off,0.1414021802162673,1.0,0.5231685275865271,0.6819358168707667,2.088408079024382
984,650,709345d40ed87430,Lung Opacity,on,0.1414021802162673,1.0,0.4207759568149233,0.5922828231130354,2.5315521050781298
985,667,10e6d128b671bab0,Lung Opacity,off,0.1729699964426511,1.0,0.2411316849281954,0.3856588734520817,0.7787108795068187
985,667,10e6d128b671bab0,Lung Opacity,on,0.1729699964426511,1.0,0.2875125955273471,0.4466171278665063,0.6474415974204966
986,701,31a354fdbc7b6e02,Lung Opacity,off,0.156294314576846,1.0,0.346033458869958,0.5119918505128047,1.4522553397688351
986,701,31a354fdbc7b6e02,Lung Opacity,on,0.156294314576846,1.0,0.4386468959693395,0.6098042042882816,1.2007421150904098
987,704,77b2f5c6347ade66,Lung Opacity,off,0.1294631327086044,1.0,0.5961992849340295,0.7445350625616174,2.3380096176511738
987,704,77b2f5c6347ade66,Lung Opacity,on,0.1294631327086044,1.0,0.4244669130533034,0.5958892749630806,2.937843562348842
988,732,a70b2bd05171ee4d,Lung Opacity,off,0.1552368560833102,1.0,0.4030213694213739,0.5722881278833134,1.4862507369488198
988,732,a70b2bd05171ee4d,Lung Opacity,on,0.1552368560833102,1.0,0.4614580871281417,0.6315031610667676,1.1924556398041706
989,738,58d11e3c99f8ae62,Lung Opacity,off,0.142693546579341,1.0,0.4744815502293961,0.6379687090769498,2.645678972811861
989,738,58d11e3c99f8ae62,Lung Opacity,on,0.142693546579341,1.0,0.3774069490884922,0.5479715055548393,3.205668172307234
990,754,4cdac0e50b3d5fd9,Lung Opacity,off,0.1473083539220989,1.0,0.4131287696875048,0.5771539588927963,1.7762559246660492
990,754,4cdac0e50b3d5fd9,Lung Opacity,on,0.1473083539220989,1.0,0.6161663317673468,0.7624975436647817,1.5523465123229885
991,776,76217cc90ae0671a,Lung Opacity,off,0.1217782845781617,1.0,0.6570646945550317,0.7902099919782477,2.58577855405573
991,776,76217cc90ae0671a,Lung Opacity,on,0.1217782845781617,1.0,0.5220160366377625,0.6859303588078066,3.389850489441522
992,798,0c5fba7cf760b0e4,Lung Opacity,off,0.1723608613657295,1.0,0.5494448352710408,0.7046627495060169,2.440751567038721
992,798,0c5fba7cf760b0e4,Lung Opacity,on,0.1723608613657295,1.0,0.277265908313902,0.4340879111099681,2.747726679297303
993,801,a6fa296cf657deb0,Lung Opacity,off,0.1224848812673908,1.0,0.366654789911319,0.5360194117274941,2.4778955660755466
993,801,a6fa296cf657deb0,Lung Opacity,on,0.1224848812673908,1.0,0.1460950004697319,0.2548821767206556,3.112413981137637
994,808,867eceaf4a60dbcf,Lung Opacity,off,0.1616108455282175,1.0,0.3057922830366835,0.4619939324991305,1.2777636331998223
994,808,867eceaf4a60dbcf,Lung Opacity,on,0.1616108455282175,1.0,0.4551616310506282,0.625570428579837,0.9526433363252008
995,813,da64c724c1148a3a,Lung Opacity,off,0.1720636034481918,1.0,0.1235602196885766,0.216132580399865,2.6462356952807333
995,813,da64c724c1148a3a,Lung Opacity,on,0.1720636034481918,1.0,0.0837266728160622,0.1545136295458249,2.3618303122656386
996,817,c68b1cd7fdf50a21,Lung Opacity,off,0.1633700276303671,1.0,0.1650195607815164,0.2740236056142343,2.0881400926648146
996,817,c68b1cd7fdf50a21,Lung Opacity,on,0.1633700276303671,1.0,0.1420524939472948,0.2487499971101884,2.5086493365219638
997,829,41e2dbdd46e05066,Lung Opacity,off,0.1582435468229951,1.0,0.313369549333037,0.4688721739539088,1.6001205553968458
997,829,41e2dbdd46e05066,Lung Opacity,on,0.1582435468229951,1.0,0.5712596196764872,0.7271238781160532,1.2429465157694082
998,838,baf23ac2df4ae881,Lung Opacity,off,0.1288929822766058,1.0,0.1949713459308111,0.3224169630091343,2.8843084367872125
998,838,baf23ac2df4ae881,Lung Opacity,on,0.1288929822766058,1.0,0.1205122277577697,0.2150979569752515,2.84191512715476
999,843,4bd52de750502d8a,Lung Opacity,off,0.1174851005560185,1.0,0.2796944817415421,0.420488554788365,1.1907284935928195
999,843,4bd52de750502d8a,Lung Opacity,on,0.1174851005560185,1.0,0.5059843416436149,0.6719442685561241,1.081789819906024
1000,865,f5e97290ecc2f7f1,Lung Opacity,off,0.1803868251392482,1.0,0.3108959127042934,0.4378956295008529,2.298573136561128
1000,865,f5e97290ecc2f7f1,Lung Opacity,on,0.1803868251392482,1.0,0.1445809138152619,0.2526139157144028,2.441935954620135
1001,870,0c97e3818d27ed1a,Lung Opacity,off,0.1282789741190688,1.0,0.4559965846266294,0.6246335083527352,2.1620272580909146
1001,870,0c97e3818d27ed1a,Lung Opacity,on,0.1282789741190688,1.0,0.3216151753578582,0.486685336882595,2.49710550525083
1002,881,cc807973eae70749,Lung Opacity,off,0.1542622399602356,1.0,0.4138720543341704,0.567293535708193,3.4356695454862374
1002,881,cc807973eae70749,Lung Opacity,on,0.1542622399602356,1.0,0.1204825742259088,0.2150472183157093,2.599861913391522
1003,882,ec62b90d012a7f36,Lung Opacity,off,0.1339999707615163,1.0,0.3622943973305669,0.5230983479288049,3.187435645172152
1003,882,ec62b90d012a7f36,Lung Opacity,on,0.1339999707615163,1.0,0.1867676893584523,0.3147387205231807,2.906789223019521
1004,894,3353c04b904316c9,Lung Opacity,off,0.1630045465842141,1.0,0.2845426579570869,0.4297621645481458,2.7140192959180958
1004,894,3353c04b904316c9,Lung Opacity,on,0.1630045465842141,1.0,0.1453032957447298,0.2537195663277136,2.572294761459178
1005,914,f780b938a0599c9d,Lung Opacity,off,0.118172204922786,1.0,0.2141427896347686,0.3431587135141398,3.030014232842559
1005,914,f780b938a0599c9d,Lung Opacity,on,0.118172204922786,1.0,0.1287024702795975,0.2280279529159267,3.0764662161154903
1006,989,ad9ff444d7023459,Lung Opacity,off,0.1278988738310698,1.0,0.6329050488443482,0.7697859005286947,2.424448356501118
1006,989,ad9ff444d7023459,Lung Opacity,on,0.1278988738310698,1.0,0.5495733397403838,0.7092739306787665,3.605013722372975
1007,1010,da98b885287c0f5e,Lung Opacity,off,0.1376694004648919,1.0,0.4867543597519903,0.6448937032911362,1.8485756496990475
1007,1010,da98b885287c0f5e,Lung Opacity,on,0.1376694004648919,1.0,0.6684293529101124,0.801254657432431,1.5627556564701983
1008,1018,163cee564a6cfc12,Lung Opacity,off,0.1322018040144438,1.0,0.1350844197356297,0.2356209393678356,2.562000180280985
1008,1018,163cee564a6cfc12,Lung Opacity,on,0.1322018040144438,1.0,0.0708976556464634,0.1324052930270555,2.740267712609763
1009,1023,561ab0f3de7db10c,Lung Opacity,off,0.1337124590052093,0.0,0.2506713988738175,0.399199433476895,1.416494942964894
1009,1023,561ab0f3de7db10c,Lung Opacity,on,0.1337124590052093,0.0,0.3108306327401064,0.4742493063476614,1.3695582686808552
1010,1032,3648bbc08abfe9fb,Lung Opacity,off,0.1204040758446267,1.0,0.4762040477100527,0.6311337405731591,2.661693938678133
1010,1032,3648bbc08abfe9fb,Lung Opacity,on,0.1204040758446267,1.0,0.3055390500997678,0.4680139436792216,3.3863908432831966
1011,1059,4e6b02da4dcc915f,Lung Opacity,off,0.2018917298948876,0.0,0.091068507344569,0.1655777183505024,1.7496236147310618
1011,1059,4e6b02da4dcc915f,Lung Opacity,on,0.2018917298948876,0.0,0.1037691720579069,0.1880237065765316,2.1254128216400026
1012,1071,d2d1c6634af7be5d,Lung Opacity,off,0.1175923083295567,1.0,0.5131467718553765,0.6761930216370811,1.6311118631988288
1012,1071,d2d1c6634af7be5d,Lung Opacity,on,0.1175923083295567,1.0,0.5605925314252591,0.7184164161637365,1.669074176095636
1013,1087,b2249a0431083ac3,Lung Opacity,off,0.1768538416931031,1.0,0.4311462291442124,0.5981011941078793,1.697601632922434
1013,1087,b2249a0431083ac3,Lung Opacity,on,0.1768538416931031,1.0,0.5380037020104133,0.6996122240412814,1.2755320111200137
1014,1099,7bc2cc696d4337d2,Lung Opacity,off,0.1446866365510284,1.0,0.3921149068122936,0.5492521504795631,2.821793352948524
1014,1099,7bc2cc696d4337d2,Lung Opacity,on,0.1446866365510284,1.0,0.172351777779157,0.2940070414779052,2.7715785502023675
1015,1117,e1d459756f1b3518,Lung Opacity,off,0.1312856648587537,1.0,0.4370149387382539,0.6050056010986714,2.257174452900256
1015,1117,e1d459756f1b3518,Lung Opacity,on,0.1312856648587537,1.0,0.3496721364318157,0.5181141769178257,2.946585384787534
1016,1132,a7f9e47fecee141b,Lung Opacity,off,0.1592132898654542,1.0,0.3155950721019477,0.4793982387920584,1.116968559732168
1016,1132,a7f9e47fecee141b,Lung Opacity,on,0.1592132898654542,1.0,0.3180661059151158,0.4826250787910823,0.8633647020214312
1017,953,e85aa1af55a864a7,Consolidation,off,0.1529123966297774,1.0,0.4155416361930167,0.5844776414259306,2.1589897382752987
1017,953,e85aa1af55a864a7,Consolidation,on,0.1529123966297774,1.0,0.3464552417981315,0.5145991207372284,2.215620527766549
1018,490,59455916e32ce344,Lung Opacity,off,0.160100190537452,1.0,0.1694204146277566,0.2792727736529387,2.7664697207285878
1018,490,59455916e32ce344,Lung Opacity,on,0.160100190537452,1.0,0.0876916866026721,0.1612343922592069,2.510419499558449
1019,680,af3ebc6f5b2639d8,Consolidation,off,0.1607970410654503,1.0,0.4461846315743095,0.6162203293886772,1.775379518955884
1019,680,af3ebc6f5b2639d8,Consolidation,on,0.1607970410654503,1.0,0.473898627376169,0.6430543812045595,1.4934150600081055
1020,892,9b7143602c54f938,Consolidation,off,0.1456173949485646,1.0,0.457168931792616,0.6272161412865565,1.6702360729624128
1020,892,9b7143602c54f938,Consolidation,on,0.1456173949485646,1.0,0.4369371357514888,0.608139641206223,1.465963033416687
1021,1114,5287b5a18fe396fa,Consolidation,off,0.1490772821854792,1.0,0.591239880525019,0.7428438372987617,2.3577792191918
1021,1114,5287b5a18fe396fa,Consolidation,on,0.1490772821854792,1.0,0.5552416006092331,0.7140244021540587,2.173177895436598
1022,458,8210c0794bf934d5,Consolidation,off,0.1204576797313958,1.0,0.2512310137539653,0.3967529911086856,1.7374964088994564
1022,458,8210c0794bf934d5,Consolidation,on,0.1204576797313958,1.0,0.182110625469701,0.3081109066171832,1.7566242418131155
1023,867,4ee7651e8cc5fac7,Lung Opacity,off,0.1647734748475944,1.0,0.250378773376357,0.3926714199168114,2.099391095972166
1023,867,4ee7651e8cc5fac7,Lung Opacity,on,0.1647734748475944,1.0,0.1618084610927792,0.278525376647894,2.5662034047763687
1024,27,0963775551c15d7a,Consolidation,off,0.1496133210531701,1.0,0.3564467837790476,0.5240507526917151,2.6823747641782383
1024,27,0963775551c15d7a,Consolidation,on,0.1496133210531701,1.0,0.2367366091246724,0.3828354814354903,2.7772147418014903
1025,443,47bc38c2af99e042,Lung Opacity,off,0.1122319196526468,1.0,0.3001064203438858,0.4606297793806944,2.3356220523456392
1025,443,47bc38c2af99e042,Lung Opacity,on,0.1122319196526468,1.0,0.1882020287889824,0.3167746214780695,3.202720460294042
1026,1067,e84b241dfd2370bb,Consolidation,off,0.1583117699516103,1.0,0.4438828309018832,0.6087682699926524,1.774754912387877
1026,1067,e84b241dfd2370bb,Consolidation,on,0.1583117699516103,1.0,0.4948553653584896,0.6620528970291774,1.6032666381496052
1027,572,2a154d96440d534f,Lung Opacity,off,0.1541696514285435,1.0,0.5665942495825321,0.7218038618512292,2.3862131086306646
1027,572,2a154d96440d534f,Lung Opacity,on,0.1541696514285435,1.0,0.634372014165723,0.7762883483965737,2.600024700487865
1028,1143,10c2f530cb8f51fd,Consolidation,off,0.149311190055017,1.0,0.5885964852772035,0.7342271341231504,2.0459986099187266
1028,1143,10c2f530cb8f51fd,Consolidation,on,0.149311190055017,1.0,0.7106273599104707,0.8308378429833434,2.086076103643088
1029,379,5a7d7262a11a2c20,Consolidation,off,0.1331423085732107,0.0,0.0835410500376471,0.1529867769300652,0.9065835986931312
1029,379,5a7d7262a11a2c20,Consolidation,on,0.1331423085732107,0.0,0.1176137216254459,0.2104728971339072,0.6323824240407541
1030,709,2de53fac8a1b349f,Consolidation,off,0.1065742730581992,1.0,0.4069716154035793,0.5733783965384159,1.2330674143189164
1030,709,2de53fac8a1b349f,Consolidation,on,0.1065742730581992,1.0,0.3629082859697509,0.5325422502470966,1.0527994776164098
1031,547,3b2b31b61fa0372a,Lung Opacity,off,0.1753334405411068,1.0,0.5367084493459723,0.6908021847137752,2.239406036600368
1031,547,3b2b31b61fa0372a,Lung Opacity,on,0.1753334405411068,1.0,0.7030864643815166,0.8256612978811898,2.009448316668467
1032,786,05002b2b0885808c,Lung Opacity,off,0.1751141519134151,1.0,0.5797583667828526,0.7328156040086874,2.2030448067332338
1032,786,05002b2b0885808c,Lung Opacity,on,0.1751141519134151,1.0,0.624183051657847,0.7686113409052063,1.698138356687371
1033,759,99e540e33016898d,Consolidation,off,0.1487507857842492,1.0,0.203515004826002,0.3371116657582703,2.412550380529819
1033,759,99e540e33016898d,Consolidation,on,0.1487507857842492,1.0,0.1069201262041024,0.1931774411477597,2.6285125281744715
1034,589,ec7f48cbd6ef8211,Lung Opacity,off,0.1400474638051937,0.0,0.1587719820998495,0.272675676469757,1.9568428758413092
1034,589,ec7f48cbd6ef8211,Lung Opacity,on,0.1400474638051937,0.0,0.1233987573958432,0.2196771946378728,2.75449753747908
1035,1129,6febfbb83df0148b,Lung Opacity,off,0.1426448157731873,1.0,0.3430264366529867,0.5060193739222408,2.939337289204093
1035,1129,6febfbb83df0148b,Lung Opacity,on,0.1426448157731873,1.0,0.1969114599169509,0.3290259954033091,2.798446437160033
1036,806,3f86260cf64dcb05,Lung Opacity,off,0.1510557529153204,0.0,0.3375956087805219,0.4991119990219747,1.4713055444128966
1036,806,3f86260cf64dcb05,Lung Opacity,on,0.1510557529153204,0.0,0.3896644252269173,0.5607990758041097,1.5394022961499194
1037,44,1468a545136dd5ba,Consolidation,off,0.1228990931196974,1.0,0.3883013528614251,0.5584036363221718,2.2717610240616803
1037,44,1468a545136dd5ba,Consolidation,on,0.1228990931196974,1.0,0.3461979305741701,0.5143167057617469,3.341179145787062
1038,485,be773e0028215e81,Consolidation,off,0.1294241480636814,1.0,0.4625840131236274,0.6322911498770919,1.085903730167654
1038,485,be773e0028215e81,Consolidation,on,0.1294241480636814,1.0,0.3817265099845696,0.5525252809549902,1.019739274433091
1039,949,9728ddeca70a3995,Lung Opacity,off,0.1700705134765044,1.0,0.585298566320569,0.737391976660108,2.2244686517449352
1039,949,9728ddeca70a3995,Lung Opacity,on,0.1700705134765044,1.0,0.5352704326193554,0.6972934027827566,2.1066667848562743
1040,690,1ebc12624450b252,Lung Opacity,off,0.1558898488857701,1.0,0.2391788087969317,0.3747805818704907,2.6758536029319666
1040,690,1ebc12624450b252,Lung Opacity,on,0.1558898488857701,1.0,0.1187710683081637,0.2123083215228442,2.6139863785052557
1041,662,4cc1fcdeed43b68a,Consolidation,off,0.1513286454297813,1.0,0.4514956291977119,0.615717866727147,1.8810343622065189
1041,662,4cc1fcdeed43b68a,Consolidation,on,0.1513286454297813,1.0,0.6295602745055059,0.7726715152815227,1.6014254313093674
1042,773,d18833095a890c5d,Consolidation,off,0.1540721898162361,1.0,0.4270585371538875,0.5955812027397965,1.814546691357452
1042,773,d18833095a890c5d,Consolidation,on,0.1540721898162361,1.0,0.4614349332146773,0.6314506143032245,2.0870567141740675
1043,868,bb593e75db4ae1f1,Lung Opacity,off,0.170850206374964,1.0,0.5369473614881751,0.696955395092734,2.5413577440747472
1043,868,bb593e75db4ae1f1,Lung Opacity,on,0.170850206374964,1.0,0.2134502070165073,0.3517979100843215,2.55982989513044
1044,703,42af86817a1fc686,Lung Opacity,off,0.1436096857350311,0.0,0.3406099430071193,0.5047396072025021,1.685830779596696
1044,703,42af86817a1fc686,Lung Opacity,on,0.1436096857350311,0.0,0.4051174400384726,0.5766298528017448,1.8129523501701112
1045,890,2e8a1d279ded7080,Consolidation,off,0.1114863383184948,1.0,0.5930088667765336,0.7408348740087908,2.451715462870034
1045,890,2e8a1d279ded7080,Consolidation,on,0.1114863383184948,1.0,0.5127914721270047,0.6778723410011234,3.329670930373253
1046,259,f635afc2d61f85db,Lung Opacity,off,0.1335272819418251,1.0,0.6458147196405003,0.7807691198133477,3.229653553680642
1046,259,f635afc2d61f85db,Lung Opacity,on,0.1335272819418251,1.0,0.3163043550587164,0.4805666869922674,3.190647481739059
1047,637,529ec12b23c96a2e,Lung Opacity,off,0.1676144808463566,1.0,0.3634901307323414,0.5330369444115803,1.6075170128029472
1047,637,529ec12b23c96a2e,Lung Opacity,on,0.1676144808463566,1.0,0.3560628638244639,0.525141239955861,1.3330105843874955
1048,926,0fec6a529bcfd2f9,Lung Opacity,off,0.1441944554088758,1.0,0.1664305814114418,0.2794098787912439,2.8722856619066977
1048,926,0fec6a529bcfd2f9,Lung Opacity,on,0.1441944554088758,1.0,0.0749318098568998,0.1394147643493079,2.6026314980892518
1049,554,d11f8f5efb8b1d40,Consolidation,off,0.130242825607064,1.0,0.5024595020641001,0.6674972272755124,1.8220322966268072
1049,554,d11f8f5efb8b1d40,Consolidation,on,0.130242825607064,1.0,0.5711128979856457,0.7270061309092362,1.5066674515314022
1050,323,4c1c2fa84ef6dde3,Lung Opacity,off,0.1633456622272902,1.0,0.2906798189114542,0.4465348727553559,0.7586991386583761
1050,323,4c1c2fa84ef6dde3,Lung Opacity,on,0.1633456622272902,1.0,0.2219097376074531,0.3632101288425028,0.8098944545832503
1051,624,840a379583bc3556,Consolidation,off,0.1398038097744251,1.0,0.2678611102248729,0.415110841571248,3.429346732894552
1051,624,840a379583bc3556,Consolidation,on,0.1398038097744251,1.0,0.0862684181560729,0.1588298541104641,2.690120886560055
1052,1115,3b7a9cf6b7b5b5ce,Lung Opacity,off,0.1399158906285786,0.0,0.1372285410257751,0.2348155709261825,1.8244012751599952
1052,1115,3b7a9cf6b7b5b5ce,Lung Opacity,on,0.1399158906285786,0.0,0.145308550662513,0.2537372846162989,2.679642177607525
1053,794,f351439061d5ad61,Lung Opacity,off,0.137070011549201,0.0,0.2216656223176012,0.3610943492771867,2.332199324494752
1053,794,f351439061d5ad61,Lung Opacity,on,0.137070011549201,0.0,0.0987146019629219,0.1796817189849994,2.765183870114747
1054,772,f4985731f315e372,Lung Opacity,off,0.169320059061737,1.0,0.2344657627918958,0.3640670719943669,2.6860456007932787
1054,772,f4985731f315e372,Lung Opacity,on,0.169320059061737,1.0,0.1208170736429857,0.2155729820323795,2.48853860699246
1055,1003,5e887ff332cd84e0,Consolidation,off,0.1524543270519324,1.0,0.485216257479161,0.6511035224405772,2.7170059465734933
1055,1003,5e887ff332cd84e0,Consolidation,on,0.1524543270519324,1.0,0.3563800719674806,0.5254770006603818,2.77025228483566
1056,562,dc0a4d5aa64453b1,Lung Opacity,off,0.1582630391454565,0.0,0.0250390359383043,0.0485625912929133,2.468738523205316
1056,562,dc0a4d5aa64453b1,Lung Opacity,on,0.1582630391454565,0.0,0.0263686933260506,0.0513812338089116,2.448003285349178
1057,1153,54499e14c7ac5da4,Lung Opacity,off,0.1787299777300215,1.0,0.3236870188521824,0.4880421275050762,1.654344406251952
1057,1153,54499e14c7ac5da4,Lung Opacity,on,0.1787299777300215,1.0,0.3061772179593879,0.4688043097949997,1.663351983182318
1058,872,f7153e69885c5835,Lung Opacity,off,0.1484096701411731,1.0,0.3548417388472668,0.5229899083349699,1.9409797697787097
1058,872,f7153e69885c5835,Lung Opacity,on,0.1484096701411731,1.0,0.2804237943760292,0.4380036009865222,2.1536135648298456
1059,947,e82691ac1caaca89,Lung Opacity,off,0.1274115657695325,1.0,0.3388599598074648,0.5003007753845277,1.5961923160432938
1059,947,e82691ac1caaca89,Lung Opacity,on,0.1274115657695325,1.0,0.5637461918167563,0.7210149100427657,1.2910914249633578
1060,623,6fc49d603a768803,Consolidation,off,0.1287321706162985,1.0,0.4160567376694065,0.5864270022583296,2.229953226154388
1060,623,6fc49d603a768803,Consolidation,on,0.1287321706162985,1.0,0.3398457192160266,0.5072412414227054,2.731239257816415
1061,687,a08261c925ff8d87,Consolidation,off,0.1641351012869805,0.0,0.1726108429211918,0.2925685486032675,1.6050624269527625
1061,687,a08261c925ff8d87,Consolidation,on,0.1641351012869805,0.0,0.1649521222085502,0.2831767980213186,2.327091542395188
1062,849,e657132d289a3d51,Lung Opacity,off,0.1630727697128293,0.0,0.1320173991664189,0.2301179242688169,2.300475185577315
1062,849,e657132d289a3d51,Lung Opacity,on,0.1630727697128293,0.0,0.0737601191508985,0.1373844830852133,2.421765644613921
1063,495,15f6bb902a2c959a,Consolidation,off,0.1361246339098187,1.0,0.6375016630165533,0.7750168011064036,2.7817351938538515
1063,495,15f6bb902a2c959a,Consolidation,on,0.1361246339098187,1.0,0.3536604581968768,0.5224727912186528,3.1297819702526284
1064,1108,1ae4a6386bc83344,Lung Opacity,off,0.1247654829953851,1.0,0.5545864251414598,0.7102238708964447,2.636818626484289
1064,1108,1ae4a6386bc83344,Lung Opacity,on,0.1247654829953851,1.0,0.4136327047043736,0.5851806314923438,3.2737875121143136
1065,835,63a0f8e87901b112,Lung Opacity,off,0.1353936718175128,1.0,0.4854690576215404,0.6522114169898245,2.1583134412506526
1065,835,63a0f8e87901b112,Lung Opacity,on,0.1353936718175128,1.0,0.3593124244947883,0.5286341481274379,2.251226363982498
1066,1120,770bcfbe59f7a3db,Pleural Effusion,off,0.1411292877018064,1.0,0.4469389805983134,0.6164491637985183,1.6932649774004431
1066,1120,770bcfbe59f7a3db,Pleural Effusion,on,0.1411292877018064,1.0,0.4735128338402966,0.6426973651696823,1.6526240160965482
1067,682,9e9dc881dce1f80f,Pleural Effusion,off,0.1746707015774161,1.0,0.5142309296821217,0.674680372258972,2.052265010004969
1067,682,9e9dc881dce1f80f,Pleural Effusion,on,0.1746707015774161,1.0,0.4167282444561547,0.5882850456663758,1.9962994234224316
1068,501,afef2a64487ccc52,Pleural Effusion,off,0.1634674892426745,1.0,0.3801802385984628,0.5442777852425426,2.4199127127879447
1068,501,afef2a64487ccc52,Pleural Effusion,on,0.1634674892426745,1.0,0.2290374269881858,0.3726968362139922,2.4950945376783134
1069,978,d4a24d57809210d6,Pleural Effusion,off,0.1041572250729743,1.0,0.2812682584228775,0.439008925272405,1.3553719496499737
1069,978,d4a24d57809210d6,Pleural Effusion,on,0.1041572250729743,1.0,0.2923534697846194,0.4524355939072856,1.3164649030284084
1070,902,ce6cc922e4733aa7,Pleural Effusion,off,0.127353088802148,1.0,0.4434250114980511,0.6140007725560492,1.7950948935722453
1070,902,ce6cc922e4733aa7,Pleural Effusion,on,0.127353088802148,1.0,0.428608057266465,0.6000299608088282,1.6873916517897969
1071,552,c8e12d7b589b5f7a,Pleural Effusion,off,0.1599345057965294,1.0,0.2150815910692035,0.3520527526557361,1.5405287907078584
1071,552,c8e12d7b589b5f7a,Pleural Effusion,on,0.1599345057965294,1.0,0.2288302746032439,0.3724311905363812,1.5986230789172309
1072,987,32858eb95ff67333,Pleural Effusion,off,0.1464604378950241,1.0,0.2662472356912467,0.4177092953370265,2.589373148327169
1072,987,32858eb95ff67333,Pleural Effusion,on,0.1464604378950241,1.0,0.153443888463528,0.2660593620717056,2.6710929737889413
1073,1038,5e8fe2fa834e1c32,Pleural Effusion,off,0.13999873299904,0.0,0.3105446505944254,0.4732576400445838,2.252184798794015
1073,1038,5e8fe2fa834e1c32,Pleural Effusion,on,0.13999873299904,0.0,0.1873109677932432,0.3154735894451194,2.9187523499344006
1074,555,f7c5f09b2030a7d8,Pleural Effusion,off,0.1969309338284383,1.0,0.5176556207414332,0.6748635162669111,2.059048681314821
1074,555,f7c5f09b2030a7d8,Pleural Effusion,on,0.1969309338284383,1.0,0.6256001804976639,0.7696788064277676,1.3508167146326604
1075,446,fe58ac10abaf8090,Pleural Effusion,off,0.141450911022421,1.0,0.48608936002904,0.6502842020799393,2.468320375579404
1075,446,fe58ac10abaf8090,Pleural Effusion,on,0.141450911022421,1.0,0.31900481677063,0.4836861439628328,2.720275037710165
1076,912,8aaec40bc7225327,Pleural Effusion,off,0.1661379374198987,1.0,0.4787279687612092,0.6433420013002886,1.8763674347489443
1076,912,8aaec40bc7225327,Pleural Effusion,on,0.1661379374198987,1.0,0.5345874503361383,0.6966998383526557,1.5092475472939904
1077,686,d8cae75ce335777c,Pleural Effusion,off,0.1304328757510635,1.0,0.224717175831843,0.3631417326936653,0.9683770858343786
1077,686,d8cae75ce335777c,Pleural Effusion,on,0.1304328757510635,1.0,0.2670652913915955,0.4215455603002671,0.7964027033984554
1078,825,58646d9099d568d0,Pleural Effusion,off,0.1513188992685506,1.0,0.5026381813651007,0.6684907215608812,2.048809320879553
1078,825,58646d9099d568d0,Pleural Effusion,on,0.1513188992685506,1.0,0.3605218529727482,0.5298932722698079,2.1354821661322805
1079,502,e067b5a011b6f780,Pleural Effusion,off,0.1420113152931889,1.0,0.5491231717617031,0.6942485396622182,2.673113772968032
1079,502,e067b5a011b6f780,Pleural Effusion,on,0.1420113152931889,1.0,0.2215342458110996,0.3626946081332689,2.88749296206752
1080,932,9e90087f741b0a4b,Pleural Effusion,off,0.1381469623651984,1.0,0.3035124827936698,0.4656652892340069,1.5351558540423291
1080,932,9e90087f741b0a4b,Pleural Effusion,on,0.1381469623651984,1.0,0.2821958582542022,0.4401722535081472,1.517578644966534
1081,1060,81bfaed24e14a36d,Pleural Effusion,off,0.1750459287847998,1.0,0.4419701351840274,0.6077471563220591,2.9540285240273563
1081,1060,81bfaed24e14a36d,Pleural Effusion,on,0.1750459287847998,1.0,0.1992170674595419,0.3322301017970558,2.515129858069694
1082,818,c9073232c6d4b940,Pleural Effusion,off,0.1587600933682245,0.0,0.1458705573205534,0.254542731652123,0.8014447678557008
1082,818,c9073232c6d4b940,Pleural Effusion,on,0.1587600933682245,0.0,0.1496895566065457,0.2603998326175821,0.5627415898393602
1083,941,ac76e72ff49a04d1,Pleural Effusion,off,0.1422306039208806,1.0,0.5179449433636759,0.6810285213507088,2.587254855986457
1083,941,ac76e72ff49a04d1,Pleural Effusion,on,0.1422306039208806,1.0,0.4131317141753466,0.5846827717446267,3.1557619767391376
1084,1128,43610d4623a4466c,Pleural Effusion,off,0.1652705290703624,1.0,0.5427895482480233,0.6960920196018636,2.724145816573752
1084,1128,43610d4623a4466c,Pleural Effusion,on,0.1652705290703624,1.0,0.1440754156162174,0.2518230251235852,2.596926598192494
1085,450,84aca73e6943a78c,Pleural Effusion,off,0.1729651233620358,1.0,0.276046922142834,0.4325349546292977,1.2509176095114043
1085,450,84aca73e6943a78c,Pleural Effusion,on,0.1729651233620358,1.0,0.2843508765455239,0.4427929526576738,0.845444759537678
1086,815,feaa3ea4b1fbccfb,Pleural Effusion,off,0.1250286293486153,1.0,0.3133598700415587,0.4768923126836917,1.0594813387860187
1086,815,feaa3ea4b1fbccfb,Pleural Effusion,on,0.1250286293486153,1.0,0.3167924752871737,0.4811577479959333,0.8339349670927614
1087,836,23122b420d5fe60e,Pleural Effusion,off,0.1329327661067497,1.0,0.447545503696331,0.6182763844528398,1.8821238639436997
1087,836,23122b420d5fe60e,Pleural Effusion,on,0.1329327661067497,1.0,0.4345775709387118,0.6058568829943576,1.7396937842133706
1088,730,d67867fe0018946f,Pleural Effusion,off,0.1505684448537832,1.0,0.3571703558020622,0.5256659838312155,1.7717712577155686
1088,730,d67867fe0018946f,Pleural Effusion,on,0.1505684448537832,1.0,0.2770129550520952,0.433844660547325,1.576592672705414
1089,908,df4705a92b5db9bf,Pleural Effusion,off,0.1911417140573756,1.0,0.2539057796715891,0.4035818018516166,1.4585411000295665
1089,908,df4705a92b5db9bf,Pleural Effusion,on,0.1911417140573756,1.0,0.2317840174079129,0.3763359773622593,1.2202489989924383
1090,784,c10bc1f45238c893,Pleural Effusion,off,0.145125213806412,1.0,0.5812360807768617,0.7336661697796564,2.682720542885904
1090,784,c10bc1f45238c893,Pleural Effusion,on,0.145125213806412,1.0,0.4620575905187992,0.6320532433538427,2.8919080804424326
1091,997,67a2a858716143a1,Pleural Effusion,off,0.1762349604549508,1.0,0.4133603128829941,0.5784823269805257,2.2362356236583896
1091,997,67a2a858716143a1,Pleural Effusion,on,0.1762349604549508,1.0,0.2976388035293021,0.4587067436376849,2.669080864214995
1092,482,eb24fa44f568ccfa,Pleural Effusion,off,0.135905345282127,1.0,0.6472826271607156,0.7848688270105157,2.452337446126444
1092,482,eb24fa44f568ccfa,Pleural Effusion,on,0.135905345282127,1.0,0.5727614282363328,0.7283346765643693,2.7359349332930343
1093,757,10ca37bd9be150be,Pleural Effusion,off,0.1721025880931148,1.0,0.3847699939068533,0.5542007424277556,1.453303102562357
1093,757,10ca37bd9be150be,Pleural Effusion,on,0.1721025880931148,1.0,0.4467822372750009,0.617621426916056,1.068417663993057
1094,707,e3a24951af784f22,Pleural Effusion,off,0.1504856024833218,1.0,0.3150118411397399,0.4787167851775661,1.3429433133905353
1094,707,e3a24951af784f22,Pleural Effusion,on,0.1504856024833218,1.0,0.3378150716472337,0.5050233674429357,1.1835091843751715
1095,566,47b9c4202e77cc1c,Pleural Effusion,off,0.1870873109853856,1.0,0.5259342111256047,0.6626494381021001,2.3146462665969407
1095,566,47b9c4202e77cc1c,Pleural Effusion,on,0.1870873109853856,1.0,0.1436445746499566,0.2511851691122334,2.258495228256889
1096,994,a018d2ec2056ba13,Pleural Effusion,off,0.1575418232143814,1.0,0.3380417674316015,0.5037801305871727,0.971162957214101
1096,994,a018d2ec2056ba13,Pleural Effusion,on,0.1575418232143814,1.0,0.3795715280834727,0.5502736389772712,0.7820131246126447
1097,578,8250971e15436201,Pleural Effusion,off,0.1247216252698468,1.0,0.4813937551009425,0.6474433010333105,1.649079931616051
1097,578,8250971e15436201,Pleural Effusion,on,0.1247216252698468,1.0,0.5885621373119159,0.7409994657945831,1.6398979697068867
1098,104,ec0760fc67ee339f,Pleural Effusion,off,0.1681700120365091,1.0,0.5021396960480897,0.6656348525947996,2.0598082403949243
1098,104,ec0760fc67ee339f,Pleural Effusion,on,0.1681700120365091,1.0,0.4683571453264681,0.6379206343795022,2.000492205725631
1099,821,31454ced59f57f9b,Pleural Effusion,off,0.1552563484057716,1.0,0.2830971227529924,0.4400108022752848,1.4577147117794782
1099,821,31454ced59f57f9b,Pleural Effusion,on,0.1552563484057716,1.0,0.2998500828465272,0.4613588060147243,1.295628915358437
1100,1026,afd85468199ad4ac,Pleural Effusion,off,0.1531268121768538,1.0,0.6638096375256874,0.7949191030312022,2.709403498455929
1100,1026,afd85468199ad4ac,Pleural Effusion,on,0.1531268121768538,1.0,0.3409446701577007,0.5083380692307763,3.1131213118623093
1101,877,3cf6f3a36e63c3d7,Pleural Effusion,off,0.1351402716255135,1.0,0.4227571692677392,0.5939760177486922,2.029975910546276
1101,877,3cf6f3a36e63c3d7,Pleural Effusion,on,0.1351402716255135,1.0,0.3505441396880346,0.5191086507521521,1.9193970650807728
1102,802,f642a9532e776fba,Pleural Effusion,off,0.1618057687528324,1.0,0.3324500624901534,0.4954553403249997,0.8529757731926499
1102,802,f642a9532e776fba,Pleural Effusion,on,0.1618057687528324,1.0,0.3980067209409611,0.5693904506700292,0.8600749804732171
1103,573,10fee9feaffc9d67,Pleural Effusion,off,0.1723657344463449,1.0,0.2748669994574452,0.4299713736898521,1.786275402388152
1103,573,10fee9feaffc9d67,Pleural Effusion,on,0.1723657344463449,1.0,0.2678295528767258,0.4224937270866848,2.305435856501026
1104,1064,1b4b246fc1934132,Pleural Effusion,off,0.1477420580968671,1.0,0.407417445455067,0.5786421472524779,1.729113628267504
1104,1064,1b4b246fc1934132,Pleural Effusion,on,0.1477420580968671,1.0,0.3521351500586716,0.5208572829423348,1.5773040301640744
1105,917,8544f40e972ffb8b,Pleural Effusion,off,0.202067160797041,0.0,0.276328172402556,0.4327163985548986,0.6213899500388712
1105,917,8544f40e972ffb8b,Pleural Effusion,on,0.202067160797041,0.0,0.2663378859748622,0.4206405798232825,0.4968046467859532
1106,1110,cbfeb2200c7693e3,Pleural Effusion,off,0.1295605943209118,0.0,0.1637027955964754,0.2806930510070288,1.0360197658373962
1106,1110,cbfeb2200c7693e3,Pleural Effusion,on,0.1295605943209118,0.0,0.2014802071568972,0.3353853446095155,0.6747945930665884
1107,611,90ba30781590a8c3,Pleural Effusion,off,0.1217149345301619,1.0,0.3850103903076065,0.5551192032175059,2.2584834643451965
1107,611,90ba30781590a8c3,Pleural Effusion,on,0.1217149345301619,1.0,0.3311326183991787,0.4975169218185972,2.8956118171516465
1108,349,6b56d0dbc96e87a3,Pleural Effusion,off,0.1766394261460267,1.0,0.5070862619151815,0.6704617847908125,2.0595584359828147
1108,349,6b56d0dbc96e87a3,Pleural Effusion,on,0.1766394261460267,1.0,0.4463773866929467,0.6172037352001751,2.3379862542604
1109,896,71c224d9e56d6796,Pleural Effusion,off,0.1521180844894717,1.0,0.4334955325553034,0.6045210313116188,1.80657579896476
1109,896,71c224d9e56d6796,Pleural Effusion,on,0.1521180844894717,1.0,0.4459035671361384,0.6167811543616921,1.463648743599569
1110,973,87f24fde5f11ea3e,Pleural Effusion,off,0.1641448474482113,1.0,0.5413078862285394,0.7009861731595838,2.325628065340652
1110,973,87f24fde5f11ea3e,Pleural Effusion,on,0.1641448474482113,1.0,0.3377654719358897,0.5049489433336602,2.372173748637964
1111,1130,c447627e22128f05,Pleural Effusion,off,0.1180991087135554,1.0,0.5175263351729902,0.6801353867730721,1.9768043458908329
1111,1130,c447627e22128f05,Pleural Effusion,on,0.1180991087135554,1.0,0.5753338046490662,0.7304273812203544,2.040682534913837
1112,519,cb23f15188ae0ac0,Pleural Effusion,off,0.1471183037780994,1.0,0.364043317882379,0.5304096949921323,1.575378079105574
1112,519,cb23f15188ae0ac0,Pleural Effusion,on,0.1471183037780994,1.0,0.2835542041603613,0.4418168586679005,1.4502505959760332
1113,500,962c6a113118443b,Pleural Effusion,off,0.154803151908542,1.0,0.3454263561019763,0.5132951020199343,1.85767501886724
1113,500,962c6a113118443b,Pleural Effusion,on,0.154803151908542,1.0,0.282005066429933,0.4399026377564846,1.8942914256011043
1114,529,4881147b3065f434,Pleural Effusion,off,0.1645785516229795,1.0,0.2120209368904422,0.3489172600754884,0.8341377447741877
1114,529,4881147b3065f434,Pleural Effusion,on,0.1645785516229795,1.0,0.2447180251911249,0.3932092192645866,0.5682445026644559
1115,545,f2c7ecc55cd16fef,Pleural Effusion,off,0.1541306667836206,1.0,0.3405505860654875,0.5075114338561464,1.4066034769050564
1115,545,f2c7ecc55cd16fef,Pleural Effusion,on,0.1541306667836206,1.0,0.3554259261986882,0.5244473461565506,1.1233743674998804
1116,669,740b1c37f34a8265,Pleural Effusion,off,0.1555633524845401,1.0,0.467665145599919,0.6347788778076306,2.026910249013569
1116,669,740b1c37f34a8265,Pleural Effusion,on,0.1555633524845401,1.0,0.4882885489360135,0.6561694502511577,2.029800162535412
1117,509,8c310bf79d9599ea,Pleural Effusion,off,0.1666496108845128,1.0,0.2795169188558322,0.4350517059742433,1.7684836883005102
1117,509,8c310bf79d9599ea,Pleural Effusion,on,0.1666496108845128,1.0,0.1909456790164469,0.3206567725741976,1.5433461508469115
1118,614,3ff4d9de646f6970,Pleural Effusion,off,0.160387702293759,1.0,0.4036436065007624,0.5620796311969796,2.488018720306774
1118,614,3ff4d9de646f6970,Pleural Effusion,on,0.160387702293759,1.0,0.2606832901869104,0.4135385354810068,2.693846344597155
1119,893,52aac5703e299bfb,Pleural Effusion,off,0.1260665955196896,1.0,0.317142562406726,0.4813209999058115,1.5599795949872035
1119,893,52aac5703e299bfb,Pleural Effusion,on,0.1260665955196896,1.0,0.3529760103083168,0.5217753673326725,1.5188203488718683
1120,648,190a822f1a70e22b,Pleural Effusion,off,0.1354813872685895,0.0,0.2603879418836535,0.4115597762691784,1.2748313532975837
1120,648,190a822f1a70e22b,Pleural Effusion,on,0.1354813872685895,0.0,0.2815190094773584,0.4393506894380634,1.16018221699364
1121,622,7e26ed073019eeec,Pleural Effusion,off,0.2034511156918068,0.0,0.1422945273950745,0.2489668703904066,1.387633842849472
1121,622,7e26ed073019eeec,Pleural Effusion,on,0.2034511156918068,0.0,0.1244744140760589,0.2213894442385594,1.080293240724863
1122,985,69b9494d1f0e2086,Pleural Effusion,off,0.1811080410703234,1.0,0.5893121031838857,0.7323979924172135,2.29444153238905
1122,985,69b9494d1f0e2086,Pleural Effusion,on,0.1811080410703234,1.0,0.299847021536209,0.4612651961196882,2.65128281888796
1123,698,9cbffc87224139e9,Pleural Effusion,off,0.123337670375081,1.0,0.3325878920117865,0.498768186117808,1.533971570482102
1123,698,9cbffc87224139e9,Pleural Effusion,on,0.123337670375081,1.0,0.3241342399007486,0.4895254590979304,1.487441452363673
1124,553,e1f7ee22e5418faf,Pleural Effusion,off,0.1261835494544586,1.0,0.6337785736076765,0.7748344412404491,2.933367043689312
1124,553,e1f7ee22e5418faf,Pleural Effusion,on,0.1261835494544586,1.0,0.4164663277281466,0.5879716433286465,3.5933346151427514
1125,1051,7c1be6b3516ee49b,Pleural Effusion,off,0.1429177082876482,1.0,0.2085201845085879,0.3390943081331392,1.2448676613113197
1125,1051,7c1be6b3516ee49b,Pleural Effusion,on,0.1429177082876482,1.0,0.3402969262834487,0.5077931930877954,1.0237180059869042
1126,422,9edec8e40744cdcb,Pleural Effusion,off,0.1792513973558664,1.0,0.2818211203989823,0.4374601584565336,1.3077572224987044
1126,422,9edec8e40744cdcb,Pleural Effusion,on,0.1792513973558664,1.0,0.3427373582824873,0.5105002275034385,1.1645723928352292
1127,1106,ae35c1b279e0edab,Pleural Effusion,off,0.1493453016193247,1.0,0.4162283449221647,0.5877391687527312,1.954968572233263
1127,1106,ae35c1b279e0edab,Pleural Effusion,on,0.1493453016193247,1.0,0.3893521938216137,0.5604777026150024,1.8878024100891515
1128,1061,2609a1069f715dcf,Pleural Effusion,off,0.1681651389558937,1.0,0.5051003204791975,0.6705933527819893,1.9507649756979808
1128,1061,2609a1069f715dcf,Pleural Effusion,on,0.1681651389558937,1.0,0.4349583332842853,0.6062144685518678,1.7599831170317517
1129,996,405493f18077e437,Pleural Effusion,off,0.1495597171664011,1.0,0.3345231226765956,0.495176871562238,2.1894279199659983
1129,996,405493f18077e437,Pleural Effusion,on,0.1495597171664011,1.0,0.236624608697874,0.3826641840741487,2.2176222883919774
1130,455,d8cb15c8f3e169c6,Pleural Effusion,off,0.1258570530532286,1.0,0.3610884367211394,0.5301887704046169,1.5529260995600718
1130,455,d8cb15c8f3e169c6,Pleural Effusion,on,0.1258570530532286,1.0,0.432677415676548,0.6040106147786646,1.4165279226344905
1131,359,71e064315174ab07,Pleural Effusion,off,0.1816099683737068,1.0,0.289127208358742,0.4372963429348539,2.783444403725724
1131,359,71e064315174ab07,Pleural Effusion,on,0.1816099683737068,1.0,0.094062214845316,0.1719444187905865,2.330841600260247
1132,799,568cdb13a6f3f611,Pleural Effusion,off,0.131772972920291,1.0,0.3458378283955434,0.5104577735516025,1.9944580836222736
1132,799,568cdb13a6f3f611,Pleural Effusion,on,0.131772972920291,1.0,0.3176233290346669,0.4821102269876333,2.235066253223525
1133,851,dcfa47fe26c138af,Pleural Effusion,off,0.1572396922162283,1.0,0.3420686111371567,0.5064356165879975,1.181813511806363
1133,851,dcfa47fe26c138af,Pleural Effusion,on,0.1572396922162283,1.0,0.4225553627409993,0.5940556446704505,0.8542025626443548
1134,642,20fb7eeeb458748f,Pleural Effusion,off,0.1658114410186687,1.0,0.3812069340273567,0.5491052710908078,1.368754923039701
1134,642,20fb7eeeb458748f,Pleural Effusion,on,0.1658114410186687,1.0,0.4499471055651087,0.6206378697535175,1.0393756637615703
1135,858,8c78043e308ff768,Pleural Effusion,off,0.1441798361670297,0.0,0.26752089732533,0.4217256011292025,2.0558995219983958
1135,858,8c78043e308ff768,Pleural Effusion,on,0.1441798361670297,0.0,0.2390799983011874,0.3858843789763684,2.875391618798337
1136,999,889e47cdf0777897,Pleural Effusion,off,0.1595105477829919,1.0,0.397770132185935,0.5646006831195158,1.3811805203380474
1136,999,889e47cdf0777897,Pleural Effusion,on,0.1595105477829919,1.0,0.4739118315839904,0.6430667120661531,1.3416037812735246
1137,496,0a5891e034f34c59,Pleural Effusion,off,0.1556461948550014,1.0,0.242851167829514,0.3901287290689749,0.7854814428935846
1137,496,0a5891e034f34c59,Pleural Effusion,on,0.1556461948550014,1.0,0.2654986239061628,0.4195937874424092,0.5228371184046354
1138,279,c4fc45e536c113f2,Pleural Effusion,off,0.1782767812327919,0.0,0.2447940670521626,0.3931579759937975,1.1674330109108326
1138,279,c4fc45e536c113f2,Pleural Effusion,on,0.1782767812327919,0.0,0.2403156176457428,0.3875062570098663,0.842527870762262
1139,833,ee687f9972a73784,Pleural Effusion,off,0.1520108767159335,1.0,0.6354565401292188,0.7769137668833926,2.520580987258805
1139,833,ee687f9972a73784,Pleural Effusion,on,0.1520108767159335,1.0,0.5644652422155809,0.7215880395705264,2.635357211913865
1140,1020,8632d4f4de11af44,Pleural Effusion,off,0.1520011305547027,1.0,0.2622529907869425,0.414202263586402,0.744959609268718
1140,1020,8632d4f4de11af44,Pleural Effusion,on,0.1520011305547027,1.0,0.3099724378624551,0.4732491110602437,0.607565500142845
1141,731,20f77398fe1a3218,Pleural Effusion,off,0.1654898176980541,1.0,0.3633364598168144,0.5324789248412447,1.536486358344067
1141,731,20f77398fe1a3218,Pleural Effusion,on,0.1654898176980541,1.0,0.3905102323287102,0.5616789846263193,1.3734774970140466
1142,520,260c63daecc7305f,Pleural Effusion,off,0.155719291064232,1.0,0.2906549868322522,0.4493789443872887,0.8449538701698509
1142,520,260c63daecc7305f,Pleural Effusion,on,0.155719291064232,1.0,0.3099220483694302,0.4731871152029872,0.823219269366343
1143,7,0d5f21fb4df88954,Pleural Effusion,off,0.1535069124648529,1.0,0.3549685426248407,0.5168380183358289,1.56349084516788
1143,7,0d5f21fb4df88954,Pleural Effusion,on,0.1535069124648529,1.0,0.4929978265742685,0.6604133077862251,1.2674961315724769
1144,521,565ebecef494a902,Pleural Effusion,off,0.1659089026309762,1.0,0.3703942187848041,0.5343259981466048,1.6604378757963765
1144,521,565ebecef494a902,Pleural Effusion,on,0.1659089026309762,1.0,0.3706043293758255,0.540750378357816,1.521408473398526
1145,558,3fb94454930d19a5,Pleural Effusion,off,0.1413339570876521,1.0,0.3737708896227906,0.5436779209834566,1.289105014841352
1145,558,3fb94454930d19a5,Pleural Effusion,on,0.1413339570876521,1.0,0.3941015916738347,0.5653841166750049,0.9774971466332634
1146,651,1a5351e70d0cbdd0,Pleural Effusion,off,0.1511873260919355,1.0,0.3543000208275916,0.523019888620841,1.5232116716641722
1146,651,1a5351e70d0cbdd0,Pleural Effusion,on,0.1511873260919355,1.0,0.3602284693848111,0.5296580490025404,1.367112678367162
1147,1144,febea89507fcdc45,Pleural Effusion,off,0.1265197920169193,1.0,0.5264003419929455,0.6889649340687117,1.972363244311311
1147,1144,febea89507fcdc45,Pleural Effusion,on,0.1265197920169193,1.0,0.5427655360655989,0.7036254358902038,2.0871007893450844
1148,1145,2b70b76440ded8f1,Pleural Effusion,off,0.1389364014248887,1.0,0.4261119539461699,0.5961590450212035,2.1394487274894862
1148,1145,2b70b76440ded8f1,Pleural Effusion,on,0.1389364014248887,1.0,0.35997353047191,0.5293572061207876,2.9793361558273848
1149,568,52b20aee5d4f76ee,Pleural Effusion,off,0.1420405537768811,0.0,0.1717296130929678,0.2931047893909722,1.8069507072026587
1149,568,52b20aee5d4f76ee,Pleural Effusion,on,0.1420405537768811,0.0,0.1714117982955745,0.292657518413199,2.204102049671881
1150,559,5a33ba2940830d6f,Pleural Effusion,off,0.1713375144365013,1.0,0.3078175469812937,0.4705812325835449,1.2739764461232683
1150,559,5a33ba2940830d6f,Pleural Effusion,on,0.1713375144365013,1.0,0.2888517635840265,0.4482273718392421,0.9531741072469976
1151,954,e2f669c274470f5c,Pleural Effusion,off,0.1384734587664284,0.0,0.1518323225145643,0.2628899587795641,1.5335136796947793
1151,954,e2f669c274470f5c,Pleural Effusion,on,0.1384734587664284,0.0,0.1976315231040377,0.3300371357270142,1.644187829465905
1152,972,4898d16d1d823a18,Pleural Effusion,off,0.1287662821806061,0.0,0.2627092731991921,0.4157363365431067,1.2804364941802435
1152,972,4898d16d1d823a18,Pleural Effusion,on,0.1287662821806061,0.0,0.2533106658032529,0.4042212203158205,1.1273612199319436
1153,1157,209063cca1683265,Pleural Effusion,off,0.1961317486075172,1.0,0.3041930860113132,0.4662134147381155,1.4531166244509617
1153,1157,209063cca1683265,Pleural Effusion,on,0.1961317486075172,1.0,0.3111876734679619,0.4746649262178617,1.0253067660829849
1154,924,d906968e0193010d,Pleural Effusion,off,0.2123493608954773,0.0,0.0867522525369661,0.1595951488039452,1.539239051263498
1154,924,d906968e0193010d,Pleural Effusion,on,0.2123493608954773,0.0,0.0894327665235416,0.1641819348816028,1.8200430000830607
1155,528,713d2a70401f9f91,Pleural Effusion,off,0.1316170343405991,1.0,0.2285341286846496,0.3712679362150607,1.179242367899937
1155,528,713d2a70401f9f91,Pleural Effusion,on,0.1316170343405991,1.0,0.3140068204176259,0.4779337654167613,0.8766514986530604
1156,1041,17fc39be1f836acc,Pleural Effusion,off,0.1253453795886145,1.0,0.4898631916045099,0.6558059831191244,2.0310264190309604
1156,1041,17fc39be1f836acc,Pleural Effusion,on,0.1253453795886145,1.0,0.3812442055998529,0.5520034849524509,2.214302306580984
1157,546,e28ff1f3ca2eb126,Pleural Effusion,off,0.1728530425078822,1.0,0.3413043512265477,0.5038971960447289,1.1943478189130146
1157,546,e28ff1f3ca2eb126,Pleural Effusion,on,0.1728530425078822,1.0,0.4210038282014959,0.5925416357669452,0.9107349132473594
1158,998,34e1b7bee389a237,Pleural Effusion,off,0.150173725323938,1.0,0.4200523755219498,0.5874138257740873,1.6534741977387757
1158,998,34e1b7bee389a237,Pleural Effusion,on,0.150173725323938,1.0,0.5384071890672597,0.6999493167345191,1.2225717703331505
1159,769,7c0407d951784c3b,Pleural Effusion,off,0.1288003937449137,1.0,0.1902889509111804,0.3128924977904442,1.0474615464464083
1159,769,7c0407d951784c3b,Pleural Effusion,on,0.1288003937449137,1.0,0.4514937366500026,0.6220878929733515,0.9462506013516576
1160,579,e0a3a3936bbceed3,Pleural Effusion,off,0.1791198241792514,1.0,0.4557731625720852,0.6189590328886168,1.5418490317447144
1160,579,e0a3a3936bbceed3,Pleural Effusion,on,0.1791198241792514,1.0,0.5174043892716916,0.6819407205575242,1.089737527655529
1161,653,4137599a9ebd2c1b,Pleural Effusion,off,0.1763372951478736,1.0,0.1892055363629612,0.3158593189919854,0.750284297120421
1161,653,4137599a9ebd2c1b,Pleural Effusion,on,0.1763372951478736,1.0,0.2070648212615302,0.3430851712712197,0.4763747837817245
