idx,rank,pair_id,category,dhs,q,point,iou,dice,cnr
0,133,a69b6f1a4d61d8b1,Pneumonia,off,0.1745001437558781,1.0,0.5248980699580457,0.6872270932586861,2.155622247531684
0,133,a69b6f1a4d61d8b1,Pneumonia,on,0.1745001437558781,1.0,0.5339112281173476,0.6961400670325653,2.1288114744329825
1,64,3dfe8fee5bd1ceed,Pneumonia,off,0.1691738666432758,1.0,0.365813550855219,0.5260751179060716,1.5263990952878133
1,64,3dfe8fee5bd1ceed,Pneumonia,on,0.1691738666432758,1.0,0.5097603500163863,0.6752851638417068,1.3627128127087345
2,287,d736b1fc6877512b,Pneumothorax,off,0.2230603920880663,1.0,0.4534098429236923,0.6228420514859101,1.1969798853045592
2,287,d736b1fc6877512b,Pneumothorax,on,0.2230603920880663,1.0,0.456986595857182,0.6273023360418647,0.8557734917155047
3,221,4b1efc03403cd73c,Pneumonia,off,0.1252966487824608,1.0,0.5438170522720276,0.7023501623571242,3.1812756265870106
3,221,4b1efc03403cd73c,Pneumonia,on,0.1252966487824608,1.0,0.289963277530081,0.4495383395653345,3.257895357303668
4,99,930f9bd2d8c63458,Pneumothorax,off,0.171098733486348,1.0,0.4624307327180113,0.6248254395844619,1.4596392309338069
4,99,930f9bd2d8c63458,Pneumothorax,on,0.171098733486348,1.0,0.489990659250001,0.6576943215161133,1.0205374424434854
5,258,185d65aeccbfa70b,Pneumonia,off,0.1134696821289514,1.0,0.5663339028189351,0.7179753467447443,2.747419168131614
5,258,185d65aeccbfa70b,Pneumonia,on,0.1134696821289514,1.0,0.3616040699622257,0.5311235335360827,3.583493277762124
6,232,dde31d4452de3e39,Pneumonia,off,0.096633188602839,1.0,0.5813625904784436,0.7349366305746868,2.843547621155317
6,232,dde31d4452de3e39,Pneumonia,on,0.096633188602839,1.0,0.412242638210325,0.5837898401558238,4.076924585801286
7,267,96238c9f05e3b238,Pneumothorax,off,0.1927059729349102,0.0,0.1647063206964846,0.2823729013453492,1.385367909733973
7,267,96238c9f05e3b238,Pneumothorax,on,0.1927059729349102,0.0,0.1605677245639716,0.2767044734209786,1.2315403333284662
8,366,adfa39118b9e3489,Pneumothorax,off,0.2233479038443733,1.0,0.1587841054562054,0.2720814708941518,1.7251206208940248
8,366,adfa39118b9e3489,Pneumothorax,on,0.2233479038443733,1.0,0.189309744016662,0.3183403740033445,1.923828007298043
9,134,e09c63979aec3355,Pneumothorax,off,0.213601742613628,0.0,0.1101008545698206,0.1981783134063591,1.3100593204776774
9,134,e09c63979aec3355,Pneumothorax,on,0.213601742613628,0.0,0.1186733305119283,0.2121679118243036,1.0990847533056132
10,89,944a3ee8201c0f57,Pneumothorax,off,0.167658338571895,0.0,0.1311234961311414,0.2170962094756039,1.7439352992991513
10,89,944a3ee8201c0f57,Pneumothorax,on,0.167658338571895,0.0,0.1453131591764811,0.2537337228565374,2.5079241593556603
11,352,f927f7fc0016cedd,Pneumonia,off,0.1264808073719963,1.0,0.4171594202947067,0.5826547940524011,1.7565029370228376
11,352,f927f7fc0016cedd,Pneumonia,on,0.1264808073719963,1.0,0.5062687316589136,0.6721980564776301,1.8014503402967037
12,371,7e6b1ef08113cdd8,Pneumothorax,off,0.1845728013878533,0.0,0.1661824527474623,0.282781787891085,2.0436996029636267
12,371,7e6b1ef08113cdd8,Pneumothorax,on,0.1845728013878533,0.0,0.1205760286999413,0.2152008207378683,2.291759214879232
13,277,9e284dd7868db308,Pneumothorax,off,0.1998888937619695,1.0,0.2598084756610684,0.4105099165238365,1.5699653051807412
13,277,9e284dd7868db308,Pneumothorax,on,0.1998888937619695,1.0,0.2483927954504805,0.3979339030689707,1.375954252303825
14,358,ffe388efa401e2c7,Pneumonia,off,0.132596523544289,1.0,0.3161154414316022,0.473438333825371,1.5497252302652993
14,358,ffe388efa401e2c7,Pneumonia,on,0.132596523544289,1.0,0.4570629400739929,0.6273748639522365,1.409923810533111
15,336,a2552a9bae4a584f,Pneumonia,off,0.1507974796427057,1.0,0.425228409358712,0.5958658704290007,2.1701230424626954
15,336,a2552a9bae4a584f,Pneumonia,on,0.1507974796427057,1.0,0.4325090280552637,0.6038409833350414,2.757460396745768
16,388,5e0eb35c22d224fb,Pneumothorax,off,0.1750361826235691,1.0,0.3783117812556683,0.5461769172237332,1.4638279708100403
16,388,5e0eb35c22d224fb,Pneumothorax,on,0.1750361826235691,1.0,0.4301593720666618,0.6015544510181741,1.1730450186895518
17,383,ce476f54355d544d,Pneumonia,off,0.1493306823774785,1.0,0.3887080734107665,0.5508654464566242,1.3732731332147678
17,383,ce476f54355d544d,Pneumonia,on,0.1493306823774785,1.0,0.5115405619738513,0.6768424153193183,1.1516118304593097
18,1,f464ffe0f4bdeed5,Pneumothorax,off,0.1865366528758485,0.0,0.025668175014741,0.0487699172510237,1.023621096884832
18,1,f464ffe0f4bdeed5,Pneumothorax,on,0.1865366528758485,0.0,0.0662403445435999,0.124249158340292,0.8983964689558895
19,52,c6b1ec5d0007bcc8,Pneumothorax,off,0.1564697454789994,1.0,0.430374171894917,0.596853302856081,1.4015198087831906
19,52,c6b1ec5d0007bcc8,Pneumothorax,on,0.1564697454789994,1.0,0.5121342095229554,0.6773619950341124,1.3192285359583402
20,66,4a3abb70e8c0334e,Pneumonia,off,0.1309055645707547,1.0,0.3278686675912832,0.4893939978401457,1.6483720898525969
20,66,4a3abb70e8c0334e,Pneumonia,on,0.1309055645707547,1.0,0.467086639735791,0.6367512296864055,1.4546960520161794
21,310,8adf4fbea2355342,Pneumothorax,off,0.1637306355959046,1.0,0.2502177336380565,0.3924303201676388,1.2433473168319358
21,310,8adf4fbea2355342,Pneumothorax,on,0.1637306355959046,1.0,0.380696349971644,0.5514401836227181,0.8258121542691643
22,57,2f30a42db1b214d2,Pneumothorax,off,0.1833545312340102,1.0,0.2124850555334483,0.3488167706128992,0.8757471597467161
22,57,2f30a42db1b214d2,Pneumothorax,on,0.1833545312340102,1.0,0.1890419790889329,0.3179695715870676,0.624705463972475
23,75,9d40b4647d175c1d,Pneumothorax,off,0.1626926694248303,0.0,0.088696291261843,0.1622250801943112,0.8969769366067583
23,75,9d40b4647d175c1d,Pneumothorax,on,0.1626926694248303,0.0,0.0977183479252001,0.1780372964359043,0.7692824429222328
24,294,796252c659a6d63b,Pneumothorax,off,0.1680676773435863,0.0,0.0031812723150587,0.0062926966611622,0.2676133418262168
24,294,796252c659a6d63b,Pneumothorax,on,0.1680676773435863,0.0,0.0002246675689345,0.0004491246709569,-0.4382499959844658
25,236,308f2b9dd5d34af9,Pneumothorax,off,0.2040261392044208,0.0,0.0115456541041403,0.022783920687112,0.5747564900466441
25,236,308f2b9dd5d34af9,Pneumothorax,on,0.2040261392044208,0.0,0.0101085252994247,0.0200146402004222,0.0452359105488856
26,13,b43760d8864b67dc,Pneumothorax,off,0.200824525240121,0.0,0.0994245455121887,0.177946641657019,1.4863728334752566
26,13,b43760d8864b67dc,Pneumothorax,on,0.200824525240121,0.0,0.0998966567165349,0.1816449427259256,1.482246151866368
27,215,61d50fd13c3afc43,Pneumothorax,off,0.18250174212632,0.0,0.0812151679479136,0.149907065877235,1.3209039730500902
27,215,61d50fd13c3afc43,Pneumothorax,on,0.18250174212632,0.0,0.0939576150631043,0.1717752893971452,1.2798976108076936
28,147,6b63c94e8cfd8324,Pneumothorax,off,0.1566013186556145,0.0,0.1681279469112849,0.2867638255018149,1.0913178911823265
28,147,6b63c94e8cfd8324,Pneumothorax,on,0.1566013186556145,0.0,0.2154247313817871,0.3544839930375941,0.9297015395513252
29,301,8392c5876fbbed46,Pneumothorax,off,0.2119448952044013,0.0,0.0632822638301378,0.1188484527724746,1.1225392586526617
29,301,8392c5876fbbed46,Pneumothorax,on,0.2119448952044013,0.0,0.0580796057160543,0.1097828457278203,0.8755353614296917
30,153,8374c5eceb0bdd93,Pneumonia,off,0.1336393627959787,1.0,0.4496472684755721,0.6061853416625194,3.101417173232915
30,153,8374c5eceb0bdd93,Pneumonia,on,0.1336393627959787,1.0,0.2138182475815918,0.3522610569972576,3.0171234775821074
31,152,d854ccc3473ae1c9,Pneumonia,off,0.1279817162015311,1.0,0.3767950602961579,0.5461043142442985,1.8212895811763137
31,152,d854ccc3473ae1c9,Pneumonia,on,0.1279817162015311,1.0,0.3369934591943804,0.5040764719156093,2.1133075075614824
32,429,2d400ff20632a25f,Pneumothorax,off,0.1769659225472567,0.0,0.120044993934838,0.213391292630405,1.381844628207845
32,429,2d400ff20632a25f,Pneumothorax,on,0.1769659225472567,0.0,0.1418113305685927,0.2483970241829718,1.4083261488311605
33,204,e96c049804f0df2f,Pneumothorax,off,0.2022377186185791,0.0,0.0638968459566329,0.1185563651662453,1.6005289706382004
33,204,e96c049804f0df2f,Pneumothorax,on,0.2022377186185791,0.0,0.0663022301915884,0.1243547946262086,2.1479396608025545
34,124,767135fe43de9223,Pneumonia,off,0.1359638222495114,1.0,0.2569852891798095,0.3888712440781759,2.3557763860974226
34,124,767135fe43de9223,Pneumonia,on,0.1359638222495114,1.0,0.2032691706748681,0.3378323236127997,2.9567579987157435
35,169,1cff8384b9f1223b,Pneumonia,off,0.1371674731615085,1.0,0.5071393638816455,0.6676360614224783,2.0294503976836387
35,169,1cff8384b9f1223b,Pneumonia,on,0.1371674731615085,1.0,0.6077830042496913,0.7560294943328743,2.636720409271696
36,170,a6a7caa06b6c0b26,Pneumonia,off,0.1484535278667115,0.0,0.0,0.0,-0.1248612537602491
36,170,a6a7caa06b6c0b26,Pneumonia,on,0.1484535278667115,0.0,0.0,0.0,-0.4748343947295342
37,326,de9f6d015fd908b7,Pneumonia,off,0.1663864645312827,1.0,0.5596216966561635,0.7145678594545097,1.999287947258999
37,326,de9f6d015fd908b7,Pneumonia,on,0.1663864645312827,1.0,0.593528544142522,0.7449203498023499,1.7113304265912048
38,33,7bc33684e2eedab2,Pneumonia,off,0.1195756521400133,1.0,0.5743628802065819,0.7282207961148496,2.38603906699838
38,33,7bc33684e2eedab2,Pneumonia,on,0.1195756521400133,1.0,0.6219966394065829,0.7669459189754682,3.051576160312784
39,345,f7e574ed970b6fa4,Pneumonia,off,0.1360417915393574,1.0,0.1446864063963981,0.2525722999183101,0.9491323651013462
39,345,f7e574ed970b6fa4,Pneumonia,on,0.1360417915393574,1.0,0.1652474298723164,0.2836260028194275,0.6311236531735567
40,307,5b973b2a2b5d74e1,Pneumothorax,off,0.1530147313227002,1.0,0.5234569993647031,0.6742922566794246,2.507720777030858
40,307,5b973b2a2b5d74e1,Pneumothorax,on,0.1530147313227002,1.0,0.4576222246077698,0.6278418616137096,3.2561595873575357
41,162,aef22881da576d57,Pneumonia,off,0.1353790525756667,1.0,0.231414314089273,0.3712299644287438,1.1674597955668515
41,162,aef22881da576d57,Pneumonia,on,0.1353790525756667,1.0,0.4430013738609954,0.6139917590535001,0.9133270032551952
42,165,781f704802f75a3c,Pneumonia,off,0.1229478239258512,0.0,0.2670099403663147,0.4127833092809997,1.5979210247793292
42,165,781f704802f75a3c,Pneumonia,on,0.1229478239258512,0.0,0.3829299663343772,0.5537853085892533,1.8507835370834804
43,250,d8d641a44a6f4ff4,Pneumonia,off,0.1613623184168335,1.0,0.5254746372664033,0.6881611505135614,1.9557077286014413
43,250,d8d641a44a6f4ff4,Pneumonia,on,0.1613623184168335,1.0,0.5702337360522554,0.7263042109211739,1.864544544122636
44,251,7145c5e140005d8c,Pneumothorax,off,0.2317393486640449,0.0,0.0418348734996655,0.0803096249670489,1.0167462547476072
44,251,7145c5e140005d8c,Pneumothorax,on,0.2317393486640449,0.0,0.0413679718585385,0.0794492606773001,0.6232170179814829
45,353,d44232b5d5172511,Pneumonia,off,0.1697976209620435,1.0,0.3468127723600526,0.5075068064551639,1.434810072179392
45,353,d44232b5d5172511,Pneumonia,on,0.1697976209620435,1.0,0.4646777483192965,0.6345093864877677,1.1128008549660502
46,293,4f55b0639e04180f,Pneumonia,off,0.1365242265202793,1.0,0.482834334431366,0.6500756439789381,2.098316535573998
46,293,4f55b0639e04180f,Pneumonia,on,0.1365242265202793,1.0,0.339892948198727,0.5073184331156513,2.204959561233525
47,247,ac0638d531d07d35,Pneumonia,off,0.1466456149584082,1.0,0.4012730524178307,0.5591637479412597,1.99687323318121
47,247,ac0638d531d07d35,Pneumonia,on,0.1466456149584082,1.0,0.5966037095248062,0.7473392298631141,1.9328770936768396
48,380,1840d844a60aab1f,Pneumothorax,off,0.2059558791281084,0.0,0.03221022099783,0.0622892921808284,0.7345267712481763
48,380,1840d844a60aab1f,Pneumothorax,on,0.2059558791281084,0.0,0.017819289818765,0.0350136527337934,0.0988635872656649
49,214,d70bd304d57bf5ad,Pneumothorax,off,0.188217865688152,0.0,0.0496809838879229,0.0946550528545862,0.7183119793644066
49,214,d70bd304d57bf5ad,Pneumothorax,on,0.188217865688152,0.0,0.0485947204206341,0.0926853940176246,0.3777156739730142
50,101,005caf71e328e791,Pneumothorax,off,0.1915071951035286,0.0,0.0039289202678146,0.0077514271436417,0.4963839522718338
50,101,005caf71e328e791,Pneumothorax,on,0.1915071951035286,0.0,0.0041447544760415,0.0082547781963493,-0.3133526053697756
51,370,1be3d80fc96adf0b,Pneumothorax,off,0.1789395201964826,0.0,0.0568680640564732,0.1072905111318687,0.8238965310255972
51,370,1be3d80fc96adf0b,Pneumothorax,on,0.1789395201964826,0.0,0.0702499318921806,0.1312772028980907,0.6438158385885453
52,315,c33da9bc26f0918b,Pneumothorax,off,0.1572591845386898,0.0,0.1172703353648561,0.2098915773398426,1.343261366377246
52,315,c33da9bc26f0918b,Pneumothorax,on,0.1572591845386898,0.0,0.1194279709260355,0.213371762323062,1.205427559742772
53,119,fce19ecb366cd804,Pneumothorax,off,0.1639011934174427,0.0,0.029143841908728,0.0566170111293741,1.6195389355408232
53,119,fce19ecb366cd804,Pneumothorax,on,0.1639011934174427,0.0,0.0275875652453741,0.053693801983404,1.9816884969466984
54,180,e9021db9e47370af,Pneumothorax,off,0.2370510065348011,1.0,0.4991446665524034,0.6650639692280709,1.871266168159031
54,180,e9021db9e47370af,Pneumothorax,on,0.2370510065348011,1.0,0.5460448562667543,0.7063742754091971,1.9751551553614912
55,29,0561f662526d7d95,Pneumonia,off,0.193344346495524,1.0,0.3336314627450953,0.4958074358354537,1.7440858534138586
55,29,0561f662526d7d95,Pneumonia,on,0.193344346495524,1.0,0.3529874508949763,0.5217874315718893,1.674946274022088
56,25,ec993e4f0023f70c,Pneumonia,off,0.1484194163024038,1.0,0.4758038718392374,0.6440361025762154,1.659584489914026
56,25,ec993e4f0023f70c,Pneumonia,on,0.1484194163024038,1.0,0.4264206481153419,0.5978517113003884,1.5183432590375654
57,26,e4f5c835b82b6a0a,Pneumonia,off,0.2114478409816333,0.0,0.1857707375305627,0.3120246766565464,1.682641189922648
57,26,e4f5c835b82b6a0a,Pneumonia,on,0.2114478409816333,0.0,0.2018600788152339,0.3359100542075246,2.0255754216468365
58,302,8d4f655ab28f5771,Pneumothorax,off,0.1940753085878299,0.0,0.1609732486228653,0.2771975939480455,1.091065575688921
58,302,8d4f655ab28f5771,Pneumothorax,on,0.1940753085878299,0.0,0.1609215509835552,0.2772303098023594,0.7554860747830228
59,9,97992e6c1c70eb7a,Pneumonia,off,0.1430005506581095,0.0,0.1344700209702557,0.2351382234648517,0.9548145557033678
59,9,97992e6c1c70eb7a,Pneumonia,on,0.1430005506581095,0.0,0.1410664221932289,0.2472528285844789,0.7520813254476781
60,433,538b8f9490cbc12f,Pneumothorax,off,0.2266810909852881,0.0,0.2499268096075066,0.397333186751123,1.3106968389236766
60,433,538b8f9490cbc12f,Pneumothorax,on,0.2266810909852881,0.0,0.2704245954713002,0.4257193880155136,0.7836480117265509
61,61,e8b3fb4529ac1ed6,Pneumonia,off,0.1389412745055041,1.0,0.5653664351859626,0.7054835813056917,2.5696945294118345
61,61,e8b3fb4529ac1ed6,Pneumonia,on,0.1389412745055041,1.0,0.3487900933378555,0.5171413881646415,3.220523587905867
62,127,731d6cd9a8a29ce2,Pneumonia,off,0.1811713911183232,1.0,0.208840289803595,0.3326432680176672,1.429786265672771
62,127,731d6cd9a8a29ce2,Pneumonia,on,0.1811713911183232,1.0,0.4954720662917394,0.662616717812232,1.0484547874979837
63,126,bc970cf63214290c,Pneumothorax,off,0.1943725665053677,1.0,0.1841547660678408,0.3050571508498093,2.105504277371193
63,126,bc970cf63214290c,Pneumothorax,on,0.1943725665053677,1.0,0.1318047848372074,0.2329060566230095,2.182489046482716
64,328,2d6e3f681ea5bbaf,Pneumonia,off,0.1015598731049807,1.0,0.6199784077410204,0.7608855034788307,2.9483663434422045
64,328,2d6e3f681ea5bbaf,Pneumonia,on,0.1015598731049807,1.0,0.5044043194025251,0.6705339265438559,4.328092220648417
65,355,724402cd96172832,Pneumonia,off,0.1315488112119839,1.0,0.3555026085088707,0.5219606278015979,1.072110045471144
65,355,724402cd96172832,Pneumonia,on,0.1315488112119839,1.0,0.4564954343807462,0.6268408429600918,0.9283522596848096
66,176,2866eb95dd89335c,Pneumothorax,off,0.2000107207773538,0.0,0.4333343054312905,0.6046196070304399,1.5491790720411105
66,176,2866eb95dd89335c,Pneumothorax,on,0.2000107207773538,0.0,0.4414211122096552,0.6124804277587363,1.2510959736730858
67,281,235e3976089eb09b,Pneumonia,off,0.1435853203319542,1.0,0.3562440616155883,0.5130850494487003,1.5316497233983188
67,281,235e3976089eb09b,Pneumonia,on,0.1435853203319542,1.0,0.5902962992633201,0.7423726695352515,1.3951331349952616
68,194,22d968a4cf24a2ef,Pneumonia,off,0.1328011929301346,1.0,0.542136622515146,0.6952876678241502,2.204261237386785
68,194,22d968a4cf24a2ef,Pneumonia,on,0.1328011929301346,1.0,0.4902034191016041,0.657758058955131,3.706725833915528
69,377,b3cf935ab991f9c3,Pneumothorax,off,0.2105609403096355,0.0,0.0314728073938172,0.060887217910582,0.9362553859547886
69,377,b3cf935ab991f9c3,Pneumothorax,on,0.2105609403096355,0.0,0.0380052992342329,0.0732275620994634,0.6942808021132979
70,330,2869d91524dd1960,Pneumonia,off,0.1501103752759381,1.0,0.3014782220159082,0.4525506503623078,1.2985997127725974
70,330,2869d91524dd1960,Pneumonia,on,0.1501103752759381,1.0,0.463976449109141,0.6338525429402543,1.1477544522217988
71,270,78f06abe92b60498,Pneumothorax,off,0.1839734124721625,0.0,0.0663359166701176,0.1242078006341646,1.4082599178328967
71,270,78f06abe92b60498,Pneumothorax,on,0.1839734124721625,0.0,0.05398786122211,0.1024445565068728,1.2121189558219465
72,109,b20274fc29ca9b68,Pneumonia,off,0.1306570374593706,1.0,0.4662273586550888,0.6317407526929365,2.0485166169577784
72,109,b20274fc29ca9b68,Pneumonia,on,0.1306570374593706,1.0,0.6344948571932332,0.7763802614089292,2.4881259894855874
73,110,c987ef8a69ec7d0c,Pneumonia,off,0.1440044052648763,1.0,0.2324863852740062,0.3768966652752564,1.389330828952082
73,110,c987ef8a69ec7d0c,Pneumonia,on,0.1440044052648763,1.0,0.2264578525728429,0.3692874475234551,1.1124333510709028
74,181,b2cd57f216938986,Pneumonia,off,0.1624295230716001,1.0,0.3751870775954239,0.5380519541668327,1.5749619410087876
74,181,b2cd57f216938986,Pneumonia,on,0.1624295230716001,1.0,0.4154899924416371,0.587049569673546,1.5390760113454662
75,297,8293af30dcb2b692,Pneumothorax,off,0.2110433752905574,1.0,0.1499240312833122,0.2607412657036066,1.2411396644505792
75,297,8293af30dcb2b692,Pneumothorax,on,0.2110433752905574,1.0,0.1480353596206308,0.2578933736427322,0.8180033264386867
76,296,159c7db7f927dc98,Pneumonia,off,0.1034847399480529,1.0,0.4941864009460859,0.6567604958311838,2.020282661748491
76,296,159c7db7f927dc98,Pneumonia,on,0.1034847399480529,1.0,0.5619550244763218,0.7195436472728621,2.4797573945580367
77,229,9412b8e65f6f6840,Pneumonia,off,0.1622540921694467,1.0,0.496256251436147,0.6552446843339996,1.9050491232374904
77,229,9412b8e65f6f6840,Pneumonia,on,0.1622540921694467,1.0,0.6538497893139004,0.7906949760498877,1.5264181541997472
78,327,fbc302de04f21e52,Pneumonia,off,0.1109844110151114,1.0,0.545523168690998,0.7022529838885466,2.164237126739954
78,327,fbc302de04f21e52,Pneumonia,on,0.1109844110151114,1.0,0.5461413680566323,0.7064362523302584,2.9045842289980683
79,319,790472400a863083,Pneumonia,off,0.1206038721498569,1.0,0.6118498193699313,0.7575974848400601,2.4878222447047285
79,319,790472400a863083,Pneumonia,on,0.1206038721498569,1.0,0.5431246324428576,0.7039064807631811,3.455396912099705
80,68,818b471b2f6a5f3e,Pneumothorax,off,0.2008927483687362,0.0,0.0670760270577683,0.1248478214791455,0.8928725141873514
80,68,818b471b2f6a5f3e,Pneumothorax,on,0.2008927483687362,0.0,0.0890741834586215,0.1635771129394613,0.7868239245084159
81,308,dfaedb6f55819466,Pneumonia,off,0.1197657022840128,1.0,0.4004159945213083,0.5707071290322392,1.5752596929053002
81,308,dfaedb6f55819466,Pneumonia,on,0.1197657022840128,1.0,0.4190894432405027,0.5906428850653416,1.6221732570338263
82,389,022cf70a01eb4a97,Pneumothorax,off,0.2164232562899288,0.0,0.3983069162459707,0.5684849397949202,1.464621964012778
82,389,022cf70a01eb4a97,Pneumothorax,on,0.2164232562899288,0.0,0.4268543880678875,0.5983144625025857,1.170462759918473
83,202,95ba87c7792a6caa,Pneumonia,off,0.1214907728218547,1.0,0.4473410987202765,0.614494796558894,1.6676600770412633
83,202,95ba87c7792a6caa,Pneumonia,on,0.1214907728218547,1.0,0.5561728177643713,0.7147956866028107,1.5365131604270608
84,65,1a59056f0e47b4b4,Pneumothorax,off,0.198012757725051,0.0,0.1673480056692351,0.2836121996172255,2.1052906284030657
84,65,1a59056f0e47b4b4,Pneumothorax,on,0.198012757725051,0.0,0.110170963149543,0.1984729251299916,2.1876077899319224
85,15,b63a0f6302a22e69,Pneumothorax,off,0.2037045158838062,0.0,0.1438540670392363,0.2509172621284953,1.717113933561066
85,15,b63a0f6302a22e69,Pneumothorax,on,0.2037045158838062,0.0,0.1503359152134796,0.2613747685127744,2.017789008242982
86,187,99c15493b7dcd579,Pneumonia,off,0.1156723145670998,1.0,0.5551181213508255,0.7031148793705004,2.085559126475947
86,187,99c15493b7dcd579,Pneumonia,on,0.1156723145670998,1.0,0.710849951398928,0.8309849565014046,2.52979583354998
87,142,3a1726fd39c92115,Pneumonia,off,0.1705724407798878,1.0,0.5617535999344385,0.7150654959565206,2.2307589723760395
87,142,3a1726fd39c92115,Pneumonia,on,0.1705724407798878,1.0,0.5441243363186327,0.7047124277929142,3.1102168610461915
88,350,868b49c7c091d006,Pneumonia,off,0.1712741643885015,1.0,0.3450229261118338,0.505863419933971,1.3334869553993265
88,350,868b49c7c091d006,Pneumonia,on,0.1712741643885015,1.0,0.4673699094488248,0.6370165201224092,0.9628260048876432
89,417,2cae18047a4fd0de,Pneumothorax,off,0.1746365900131085,1.0,0.3214536967794527,0.4821261881339926,1.1447284227139098
89,417,2cae18047a4fd0de,Pneumothorax,on,0.1746365900131085,1.0,0.3519148407701103,0.5189275080656512,0.8064097768388652
90,192,d3b1c0df71d64c6e,Pneumothorax,off,0.1916241490382975,0.0,0.0492957362327974,0.0939535543898958,1.144578501993634
90,192,d3b1c0df71d64c6e,Pneumothorax,on,0.1916241490382975,0.0,0.0502132175399073,0.0956247923124442,0.8924227605773705
91,163,ff6c0b345508b50e,Pneumonia,off,0.1543986862174661,1.0,0.2455832502442786,0.3876707301678087,1.221146814671495
91,163,ff6c0b345508b50e,Pneumonia,on,0.1543986862174661,1.0,0.4367568559914885,0.6079700302828093,0.8770835316783165
92,35,9ef65ccd2ea2538e,Pneumothorax,off,0.1830865118001647,1.0,0.5431094929449396,0.6993203131099848,1.7514203765360796
92,35,9ef65ccd2ea2538e,Pneumothorax,on,0.1830865118001647,1.0,0.6299392836333387,0.7729511802877382,1.3656424287716111
93,36,25e07c942bb51e7b,Pneumonia,off,0.1366996574224327,1.0,0.4712453578205475,0.6314264288655548,2.1002986168267856
93,36,25e07c942bb51e7b,Pneumonia,on,0.1366996574224327,1.0,0.7482892471241376,0.8560230506263414,1.9371803630820823
94,226,0abf7661fc925447,Pneumonia,off,0.1073734582791203,1.0,0.4732129602813847,0.6364967114072881,2.00648391545816
94,226,0abf7661fc925447,Pneumonia,on,0.1073734582791203,1.0,0.5367722995075199,0.6984978881089876,2.598124578478057
95,150,791e671c4f33e5f0,Pneumothorax,off,0.1474837848242523,0.0,0.0553194632414408,0.1045430681282426,1.2647935232476974
95,150,791e671c4f33e5f0,Pneumothorax,on,0.1474837848242523,0.0,0.0477129922835443,0.0910794320691062,1.0900372772520366
96,222,077ba979b42b2e06,Pneumonia,off,0.1506805257079367,1.0,0.2681580932544561,0.4171245655783659,1.375124276264227
96,222,077ba979b42b2e06,Pneumonia,on,0.1506805257079367,1.0,0.4613289761914523,0.6313789575197369,1.121022625914022
97,367,e392c9fcacb26e80,Pneumonia,off,0.1339853515196702,1.0,0.441516976017295,0.6048583971012245,2.1609806360901462
97,367,e392c9fcacb26e80,Pneumonia,on,0.1339853515196702,1.0,0.5050154036458433,0.6710908981057788,2.4232367086642386
98,14,dc0b7cc379d0fccd,Pneumonia,off,0.1333810895233639,1.0,0.5984458454221064,0.7473549454245878,2.5456625146970637
98,14,dc0b7cc379d0fccd,Pneumonia,on,0.1333810895233639,1.0,0.4907167971007162,0.6583270515313437,3.4087630083570097
99,453,6a7ae10cef5405cd,Pneumothorax,off,0.1815661106481684,0.0,0.0176600147916191,0.0346549892401251,0.737186490019341
99,453,6a7ae10cef5405cd,Pneumothorax,on,0.1815661106481684,0.0,0.0157396596736182,0.0309913803671458,0.1865361723696396
100,340,df9d2cb9cfb59860,Pneumothorax,off,0.1890365432315346,0.0,0.2808017981314644,0.4380794514835344,1.474300165127857
100,340,df9d2cb9cfb59860,Pneumothorax,on,0.1890365432315346,0.0,0.2936558056168403,0.4539905679438422,1.4384783183800116
101,322,892a1f178fe73ab6,Pneumonia,off,0.1582581660648412,1.0,0.2049534778834377,0.3312894920971143,1.3312441368188868
101,322,892a1f178fe73ab6,Pneumonia,on,0.1582581660648412,1.0,0.5251696473530763,0.6886664876730534,1.1385400359431923
102,146,0abcdb1524aed62c,Pneumonia,off,0.1375963042556613,1.0,0.2808332975070146,0.4370806193516145,1.1688272951647036
102,146,0abcdb1524aed62c,Pneumonia,on,0.1375963042556613,1.0,0.3201965203944788,0.4850735361413411,0.8636030382194
103,196,9cd672e6f6df4fad,Pneumothorax,off,0.2282550960240535,0.0,0.0288220769708023,0.0558002224662806,0.8847907153780435
103,196,9cd672e6f6df4fad,Pneumothorax,on,0.2282550960240535,0.0,0.0320335266759493,0.0620782788014293,0.3494074905373907
104,269,8f693755259e29e4,Pneumothorax,off,0.2004687903551988,1.0,0.4633614874749727,0.6098935921194768,2.2550255771969034
104,269,8f693755259e29e4,Pneumothorax,on,0.2004687903551988,1.0,0.7032785676428512,0.8257450665806241,2.0671084180241523
105,273,3baee050c883a811,Pneumonia,off,0.1554805101140788,0.0,0.2680053241753349,0.415846426932213,1.3485012323701002
105,273,3baee050c883a811,Pneumonia,on,0.1554805101140788,0.0,0.3383903763046482,0.5056661890833178,1.2229511282770755
106,362,530e2b83ccfd49fe,Pneumothorax,off,0.2004151864684297,0.0,0.0765622934842438,0.1422054907516716,1.2294907634054189
106,362,530e2b83ccfd49fe,Pneumothorax,on,0.2004151864684297,0.0,0.0818276369176255,0.1512766400727329,1.044130139370844
107,364,179927b58fab7ee0,Pneumothorax,off,0.2121203261065548,0.0,0.0749856767761679,0.1394647664396177,1.1773726550849444
107,364,179927b58fab7ee0,Pneumothorax,on,0.2121203261065548,0.0,0.0769937908005191,0.1429790751266408,0.8353993931962279
108,374,8fc340074e3658f5,Pneumonia,off,0.1234253858261577,1.0,0.4863942667673628,0.6493547948617493,2.1016747009750603
108,374,8fc340074e3658f5,Pneumonia,on,0.1234253858261577,1.0,0.4319125785933833,0.6032399281270988,2.699965135770604
109,311,7a80693a8ceb051b,Pneumothorax,off,0.1850211248044676,1.0,0.3034196909821148,0.4637909194838487,2.0603816985616743
109,311,7a80693a8ceb051b,Pneumothorax,on,0.1850211248044676,1.0,0.2540544240321657,0.4051650077666224,1.9894047004096995
110,235,6209aa50dc0a8a4a,Pneumonia,off,0.1235228474384651,1.0,0.5713998631874645,0.7192305805916903,2.0153954771276754
110,235,6209aa50dc0a8a4a,Pneumonia,on,0.1235228474384651,1.0,0.719983347659212,0.8371969448524134,2.3568298901401312
111,272,2588627431774c44,Pneumothorax,off,0.1459633836722561,0.0,0.0888160337061434,0.1627227494354816,1.5093190968849262
111,272,2588627431774c44,Pneumothorax,on,0.1459633836722561,0.0,0.0770973453458536,0.1431567244414738,1.4421623068695142
112,313,8e5a6f1a03e3ba73,Pneumothorax,off,0.2091818584954851,1.0,0.3427277586982978,0.5065208492715825,1.928046844256272
112,313,8e5a6f1a03e3ba73,Pneumothorax,on,0.2091818584954851,1.0,0.2953898014816045,0.4560492641514728,2.3488978432291288
113,106,54bd710f5acd0e34,Pneumonia,off,0.121481026660624,1.0,0.4759858361472817,0.640824907160264,1.8426617134383876
113,106,54bd710f5acd0e34,Pneumonia,on,0.121481026660624,1.0,0.4319072307113316,0.6032498524966069,1.6960687107986845
114,136,b7a475c159e17b96,Pneumothorax,off,0.1827892538826269,0.0,0.1245885577038194,0.2199851012897192,1.6002679296873226
114,136,b7a475c159e17b96,Pneumothorax,on,0.1827892538826269,0.0,0.1040311809711061,0.1884511420547209,1.533147276839062
115,129,025d0c502d76dbd1,Pneumothorax,off,0.2196005048511517,1.0,0.1045811707530547,0.1885939573363133,1.298170885579065
115,129,025d0c502d76dbd1,Pneumothorax,on,0.2196005048511517,1.0,0.1010527106947964,0.1835542157172972,1.0426979387279338
116,171,de0f216f69af3aa4,Pneumonia,off,0.1329522584292111,1.0,0.2119066868806227,0.3468827524395029,0.9795729163555296
116,171,de0f216f69af3aa4,Pneumonia,on,0.1329522584292111,1.0,0.3600624396683094,0.5294759786002083,0.7857971984546633
117,49,b2b99029ccdf9b1a,Pneumothorax,off,0.1409051259934993,0.0,0.1347662118071806,0.2372494105650514,1.1036834836015583
117,49,b2b99029ccdf9b1a,Pneumothorax,on,0.1409051259934993,0.0,0.1405550241375237,0.2464673179127222,0.861516699006833
118,117,0f16ab8a0a186e36,Pneumonia,off,0.1136451130311048,1.0,0.5529257726924792,0.7056076457869426,2.1754066176846285
118,117,0f16ab8a0a186e36,Pneumonia,on,0.1136451130311048,1.0,0.5767441583708206,0.7315217783362524,3.559340506095384
119,193,db5f9901a838ad41,Pneumonia,off,0.1449838944685662,1.0,0.3211375218590097,0.4787895158966616,1.510832244489927
119,193,db5f9901a838ad41,Pneumonia,on,0.1449838944685662,1.0,0.4549405823286568,0.6253667072833464,1.478272140807379
120,19,89a55b0c6e16ccee,Pneumothorax,off,0.1944456627145983,1.0,0.285717902501076,0.4433960201458364,1.2007104836316187
120,19,89a55b0c6e16ccee,Pneumothorax,on,0.1944456627145983,1.0,0.2903701466016696,0.4500570585345342,0.7280942778119379
121,18,68d594554781daaf,Pneumothorax,off,0.1612356183208338,1.0,0.3371250476512623,0.4991377258630712,1.453307135770092
121,18,68d594554781daaf,Pneumothorax,on,0.1612356183208338,1.0,0.370999452524875,0.5411963850897135,1.2786253005248802
122,363,bf3a47063dba61d7,Pneumothorax,off,0.1774142459638709,0.0,0.2000993633468473,0.3094899424890364,1.5154734109402883
122,363,bf3a47063dba61d7,Pneumothorax,on,0.1774142459638709,0.0,0.3553388997212055,0.5243534756608736,1.4279778916411725
123,31,03100f6839353a88,Pneumonia,off,0.1229283316033897,1.0,0.5279555487700904,0.6882210771426394,2.0776329694967277
123,31,03100f6839353a88,Pneumonia,on,0.1229283316033897,1.0,0.393281635253468,0.5641672331268456,2.704509380456145
124,30,d3484e6204746059,Pneumonia,off,0.1400036060796553,1.0,0.4260232609492281,0.596530148145247,1.8620684627329944
124,30,d3484e6204746059,Pneumonia,on,0.1400036060796553,1.0,0.3885387182526622,0.5596067648269815,2.207223593656992
125,397,f65b542b3dc69a6a,Pneumothorax,off,0.1677704194260485,1.0,0.4283754698874499,0.5897954317736942,1.869667181941268
125,397,f65b542b3dc69a6a,Pneumothorax,on,0.1677704194260485,1.0,0.1830530482848136,0.3094524469439109,1.685840521350635
126,338,d4643b9bd661e0f1,Pneumonia,off,0.1064037152366611,1.0,0.5275089561970714,0.6856715975091081,2.487247824222253
126,338,d4643b9bd661e0f1,Pneumonia,on,0.1064037152366611,1.0,0.3251267909398281,0.4906839392150129,3.603274817860783
127,255,90debafa186291f2,Pneumothorax,off,0.1982320463527428,1.0,0.2716816348153005,0.4233060943280545,1.9521117314266947
127,255,90debafa186291f2,Pneumothorax,on,0.1982320463527428,1.0,0.2862174754454862,0.4450426962772617,2.424638620520678
128,256,d500d2d19615d254,Pneumothorax,off,0.174236997402648,0.0,0.0179553650034781,0.0352589156043498,0.6412824925421817
128,256,d500d2d19615d254,Pneumothorax,on,0.174236997402648,0.0,0.0144413744832696,0.0284713361447363,0.1452452638973305
129,284,ad5c2e4baa04ebef,Pneumonia,off,0.12875166293876,1.0,0.554752542343096,0.7068983654637504,2.247503811084337
129,284,ad5c2e4baa04ebef,Pneumonia,on,0.12875166293876,1.0,0.6681150558979266,0.80103900116946,2.808167075538276
130,329,a13a3c52d890e41c,Pneumonia,off,0.1419918229707274,1.0,0.4001468892901191,0.5532213984766308,2.244313199935273
130,329,a13a3c52d890e41c,Pneumonia,on,0.1419918229707274,1.0,0.7516057930833963,0.858190019746047,2.5874974713950327
131,98,56da5643e7a2b4a6,Pneumothorax,off,0.2080610499539494,0.0,0.0536131059949647,0.1015882938159888,1.230568783627363
131,98,56da5643e7a2b4a6,Pneumothorax,on,0.2080610499539494,0.0,0.0471997018061613,0.0901441120258325,1.0435168020157577
132,208,6ecfeeee8a984695,Pneumonia,off,0.1584092315639177,1.0,0.5189310287857754,0.6812105166703764,1.6671165892631246
132,208,6ecfeeee8a984695,Pneumonia,on,0.1584092315639177,1.0,0.473113631024871,0.6423134250677871,1.5514579123339487
133,292,439f83b97f776b7e,Pneumonia,off,0.1252674102987685,1.0,0.5317361108698144,0.6878785049604778,2.3260794502878674
133,292,439f83b97f776b7e,Pneumonia,on,0.1252674102987685,1.0,0.3857636332669985,0.5566895612553542,3.484593722903196
134,233,99dd658ed527a4a3,Pneumonia,off,0.1379764045436603,1.0,0.2293306850004449,0.367684701953279,0.832023249153753
134,233,99dd658ed527a4a3,Pneumonia,on,0.1379764045436603,1.0,0.3775754339830214,0.5481724731277421,0.7476387135068889
135,178,67064801bb33c533,Pneumothorax,off,0.2147956473643943,0.0,0.038199179609302,0.0728300157064215,1.206072548696174
135,178,67064801bb33c533,Pneumothorax,on,0.2147956473643943,0.0,0.0529659993699518,0.1006027707738126,1.1520667020124742
136,90,b39ee401f01fc11c,Pneumothorax,off,0.2083875463551793,0.0,0.0597825063256707,0.1126777369286435,1.687234264916989
136,90,b39ee401f01fc11c,Pneumothorax,on,0.2083875463551793,0.0,0.0589252866486777,0.1112923643490216,1.881041923062412
137,423,0b407bb0207960fa,Pneumothorax,off,0.1981199654985892,0.0,0.1523046825897012,0.2641995409666266,1.46821892406197
137,423,0b407bb0207960fa,Pneumothorax,on,0.1981199654985892,0.0,0.159383539782077,0.2749453116360678,1.4803141378416194
138,268,b1a4805d5709bd1f,Pneumothorax,off,0.2040602507687284,0.0,0.1555912028872985,0.2685547261883377,1.557803201160994
138,268,b1a4805d5709bd1f,Pneumothorax,on,0.2040602507687284,0.0,0.1493881169623228,0.2599423311293925,1.351457177650788
139,444,c97c679d5ab523d8,Pneumothorax,off,0.172667865444498,0.0,0.2363875642974554,0.3803533638272155,1.07016818390785
139,444,c97c679d5ab523d8,Pneumothorax,on,0.172667865444498,0.0,0.2906509023142237,0.4503928426980572,0.7218180933397743
140,414,8b08482972e09a3c,Pneumonia,off,0.1028804779517467,1.0,0.589526561945729,0.7339197265912004,2.4379095814274576
140,414,8b08482972e09a3c,Pneumonia,on,0.1028804779517467,1.0,0.6246467479254696,0.7689261275838729,4.305453464244619
141,415,75725f616cc29fbf,Pneumonia,off,0.1299650600119877,0.0,0.2128150108500485,0.3486349962997305,1.6956618444639626
141,415,75725f616cc29fbf,Pneumonia,on,0.1299650600119877,0.0,0.1696017046713323,0.2900136003982944,1.950540727906628
142,372,afe0b97320465cbb,Pneumonia,off,0.0787441096638061,1.0,0.5782497027174135,0.7304112348765284,2.835084107781164
142,372,afe0b97320465cbb,Pneumonia,on,0.0787441096638061,1.0,0.4932825356346277,0.6606506796227112,4.871578959806932
143,78,30032890ee6eaef2,Pneumothorax,off,0.1955713443367493,0.0,0.1685109841515799,0.2871656750400281,1.0181185305023293
143,78,30032890ee6eaef2,Pneumothorax,on,0.1955713443367493,0.0,0.1875678566440212,0.3158830233960441,0.6712136219652645
144,46,40849f8f4588d1e3,Pneumonia,off,0.1913512565238366,1.0,0.4716751652857609,0.6371945689532399,2.27538728118769
144,46,40849f8f4588d1e3,Pneumonia,on,0.1913512565238366,1.0,0.4046317103748337,0.5761102548142695,2.740306933259618
145,96,857b3bc9b7ac72d7,Pneumothorax,off,0.1827064115121656,0.0,0.1398946743918453,0.2449888177995686,1.3407656188185186
145,96,857b3bc9b7ac72d7,Pneumothorax,on,0.1827064115121656,0.0,0.1293985768915748,0.2291451288020329,1.1291354699722382
146,454,358aad16166fb6c3,Pneumothorax,off,0.2169641682382351,0.0,0.073624413071027,0.134838054310922,0.7577271554146672
146,454,358aad16166fb6c3,Pneumothorax,on,0.2169641682382351,0.0,0.0904437960204953,0.1658841782311516,0.4960205776023354
147,274,3ca26b9b28c3dc4d,Pneumonia,off,0.1739299933238795,1.0,0.502296822984351,0.6649752072854701,1.897160045989028
147,274,3ca26b9b28c3dc4d,Pneumonia,on,0.1739299933238795,1.0,0.404981492704165,0.5764451912392887,1.640293036724636
148,324,1a2e21229d1c588a,Pneumothorax,off,0.2169836605606966,0.0,0.0551118779041022,0.1044546787827706,1.0537351087051237
148,324,1a2e21229d1c588a,Pneumothorax,on,0.2169836605606966,0.0,0.0532352513438816,0.1010889842894721,0.6458197323281554
149,184,b41834be3e29c44f,Pneumothorax,off,0.2136309810973203,0.0,0.0685628656396464,0.1245406837157544,1.0435394534803335
149,184,b41834be3e29c44f,Pneumothorax,on,0.2136309810973203,0.0,0.1023309017957272,0.1856471803017542,0.7264816130283068
150,20,366f1766916dfa75,Pneumothorax,off,0.2091867315761004,0.0,0.1314362541834845,0.2313310671271506,1.5621763215028934
150,20,366f1766916dfa75,Pneumothorax,on,0.2091867315761004,0.0,0.1306101041332162,0.2310353439276364,1.9325015239955563
151,361,b1c8137ad484eac1,Pneumonia,off,0.1286834398101447,1.0,0.3910564555568795,0.559862435299201,1.5572863607075371
151,361,b1c8137ad484eac1,Pneumonia,on,0.1286834398101447,1.0,0.4926349931866321,0.6600871747872901,1.3262974549010793
152,401,c46bd3cf28d24372,Pneumothorax,off,0.2083290693877948,0.0,0.1661619491873689,0.2831702968173509,1.1188288243387057
152,401,c46bd3cf28d24372,Pneumothorax,on,0.2083290693877948,0.0,0.2000016314307101,0.3333324474365797,0.8542194533453422
153,400,c4ab7b3220d45f3d,Pneumonia,off,0.179573020676481,0.0,0.1380119144248321,0.2423765763051012,0.6147207459787629
153,400,c4ab7b3220d45f3d,Pneumonia,on,0.179573020676481,0.0,0.1463255918094503,0.2552944861857319,0.4093012883695437
154,351,cee781693007010c,Pneumonia,off,0.1229575700870819,1.0,0.5068681337525891,0.6714052509490955,2.051894570187763
154,351,cee781693007010c,Pneumonia,on,0.1229575700870819,1.0,0.4660014522121235,0.6357371485194253,2.185761123363277
155,332,8c9146cd6f056c49,Pneumonia,off,0.0982266859640659,1.0,0.4457113030791917,0.6165438975579518,2.2209452243468126
155,332,8c9146cd6f056c49,Pneumonia,on,0.0982266859640659,1.0,0.3923968012640742,0.5636236741134348,3.013539111597361
156,418,16feb1569a29f5a0,Pneumothorax,off,0.16968554010789,1.0,0.2069465866992325,0.3423007161598247,1.2984357680522438
156,418,16feb1569a29f5a0,Pneumothorax,on,0.16968554010789,1.0,0.2104263372185916,0.3476890533763799,1.0991043561951688
157,103,a640eeb65f3ac9d2,Pneumothorax,off,0.2230262805237587,0.0,0.0206478654108548,0.0399323963979033,0.5656515702653367
157,103,a640eeb65f3ac9d2,Pneumothorax,on,0.2230262805237587,0.0,0.0068149044582594,0.013535977644602,-0.2681692910354076
158,139,1a868aa2c2a7ab1b,Pneumonia,off,0.1234448781486192,1.0,0.6169596006584956,0.7610121067247546,2.71185383909873
158,139,1a868aa2c2a7ab1b,Pneumonia,on,0.1234448781486192,1.0,0.3717015155343983,0.5419240263664858,3.3098908039728774
159,42,6a382312bfef556a,Pneumothorax,off,0.2031148731293461,1.0,0.3283872573081928,0.4943083489531594,1.2952438415454604
159,42,6a382312bfef556a,Pneumothorax,on,0.2031148731293461,1.0,0.3441751997723392,0.512098668027768,0.9423186634329236
160,246,ac9879b3bcc1d5b9,Pneumothorax,off,0.1444429825202598,1.0,0.4522806102379652,0.6130306678480253,1.8064289734783372
160,246,ac9879b3bcc1d5b9,Pneumothorax,on,0.1444429825202598,1.0,0.6191500849588063,0.7647839908554628,1.554249525185596
161,166,07f6d43ff7442163,Pneumonia,off,0.1513822493165504,1.0,0.6310290929029085,0.7735064936412845,2.810560487126729
161,166,07f6d43ff7442163,Pneumonia,on,0.1513822493165504,1.0,0.5452063866551047,0.7056681276966038,3.317736041065367
162,195,94310590493db21b,Pneumothorax,off,0.2127392073447071,0.0,0.016557390291383,0.0323150450166822,0.6279442146084261
162,195,94310590493db21b,Pneumothorax,on,0.2127392073447071,0.0,0.0151949538485354,0.0299339504641426,-0.0108889315513263
163,262,421b40d76dc65ae9,Pneumothorax,off,0.192598765161372,1.0,0.5696380159504958,0.7126079826051452,2.3221534170234555
163,262,421b40d76dc65ae9,Pneumothorax,on,0.192598765161372,1.0,0.7339724567432173,0.8464962991384292,1.9772375432352072
164,342,9981e0f0e8d3ad3b,Pneumonia,off,0.1678630079577406,1.0,0.1030556386899155,0.1854879654176166,1.520835561988339
164,342,9981e0f0e8d3ad3b,Pneumonia,on,0.1678630079577406,1.0,0.1361721692002117,0.23970048330072,1.6035037213461374
165,199,5db9065ecfba6f94,Pneumonia,off,0.1504466178383989,1.0,0.3602907594669941,0.5244234303472851,1.574117744718461
165,199,5db9065ecfba6f94,Pneumonia,on,0.1504466178383989,1.0,0.5000156073067356,0.6666800290508805,1.2684985740525463
166,177,c1d43e09d7d9bec7,Pneumonia,off,0.1187813399997076,1.0,0.424799692604122,0.5915944540097978,1.4340379258588472
166,177,c1d43e09d7d9bec7,Pneumonia,on,0.1187813399997076,1.0,0.5707008371218487,0.7266755851368945,1.2458092562257472
167,74,a95e5c78f29d3c6f,Pneumothorax,off,0.1669858534469736,0.0,0.0015875528618919,0.0031501009647745,0.5345949604003258
167,74,a95e5c78f29d3c6f,Pneumothorax,on,0.1669858534469736,0.0,0.0,0.0,-0.4255359448091435
168,73,6376c511055a284e,Pneumonia,off,0.1109161878864962,1.0,0.4630178326155124,0.6310997912988487,2.097769664849528
168,73,6376c511055a284e,Pneumonia,on,0.1109161878864962,1.0,0.574870634113291,0.7300521736923355,2.729729907913408
169,72,b94add6384c3c56b,Pneumonia,off,0.1602268906334517,1.0,0.5371672968336874,0.6869792663759734,2.276569671570213
169,72,b94add6384c3c56b,Pneumonia,on,0.1602268906334517,1.0,0.406923020309787,0.5784117880119013,2.827241391715161
170,240,04541ecb15f3ec4a,Pneumonia,off,0.1082018819837336,1.0,0.5253806434199446,0.6811540582133725,1.8191801025263572
170,240,04541ecb15f3ec4a,Pneumonia,on,0.1082018819837336,1.0,0.6694196637475682,0.8019779100655539,1.9757362373856613
171,254,36e588acb178eced,Pneumothorax,off,0.2172565530751575,0.0,0.1401141630788574,0.2456064612423362,1.1277771363679394
171,254,36e588acb178eced,Pneumothorax,on,0.2172565530751575,0.0,0.1513023038855579,0.2628364348707249,0.830975862609679
172,320,75bba632288ce1d3,Pneumonia,off,0.1388291936513505,1.0,0.2389055224184349,0.3809928906989022,1.4792049169153114
172,320,75bba632288ce1d3,Pneumonia,on,0.1388291936513505,1.0,0.3844753373131435,0.555409415565575,1.2966940871088417
173,128,48d3207f19c2ee8f,Pneumonia,off,0.1602366367946825,0.0,0.3755935563822007,0.5437290377229422,1.811426110301933
173,128,48d3207f19c2ee8f,Pneumonia,on,0.1602366367946825,0.0,0.4258299366123991,0.5973077272956641,2.484431786385214
174,93,8bfe346954ca2a54,Pneumothorax,off,0.1605874985989893,1.0,0.1626616176424692,0.2795858181691984,1.360331382842896
174,93,8bfe346954ca2a54,Pneumothorax,on,0.1605874985989893,1.0,0.1617569624479435,0.2784662986604257,1.1286479067029238
175,190,18ade169c0e38f1b,Pneumonia,off,0.126817049934457,1.0,0.4725996805744373,0.6377287367759554,1.7683851831146886
175,190,18ade169c0e38f1b,Pneumonia,on,0.126817049934457,1.0,0.5266864276979095,0.6899674978897543,1.793437961111099
176,191,b6743168ef9bbb93,Pneumonia,off,0.1650756058457475,0.0,0.127702974376923,0.2264303298634162,1.472935364701998
176,191,b6743168ef9bbb93,Pneumonia,on,0.1650756058457475,0.0,0.1234231881811344,0.2197260744195048,1.4026191901201146
177,435,8065b42d7d8e8e46,Pneumothorax,off,0.1578488272931499,0.0,0.069036308300285,0.1276992068624592,1.2000427654421535
177,435,8065b42d7d8e8e46,Pneumothorax,on,0.1578488272931499,0.0,0.0956486249718865,0.1745961699603088,1.1720464340005414
178,132,b3b7784bd1c963b0,Pneumonia,off,0.1455930295454877,1.0,0.4725156028363758,0.6400018323761871,1.5307860707482357
178,132,b3b7784bd1c963b0,Pneumonia,on,0.1455930295454877,1.0,0.5195105942256122,0.683786603661001,1.359722026181299
179,442,ba6337453bd8fbe2,Pneumothorax,off,0.1955079942887495,0.0,0.1518322509206175,0.2621019149311571,1.8204579253170523
179,442,ba6337453bd8fbe2,Pneumothorax,on,0.1955079942887495,0.0,0.1451753143178387,0.2535399881385801,1.9202961534181568
180,198,2cf513fbcdcd7d1d,Pneumonia,off,0.1456709988353337,1.0,0.3443255459652938,0.5119298612988101,1.8706097439646856
180,198,2cf513fbcdcd7d1d,Pneumonia,on,0.1456709988353337,1.0,0.3043303027293761,0.4666360523844341,1.933073035968268
181,107,c5ba0875d8eeea25,Pneumonia,off,0.1228844738778513,1.0,0.2981913283230154,0.4570827648717094,1.2879712069691704
181,107,c5ba0875d8eeea25,Pneumonia,on,0.1228844738778513,1.0,0.4150810139574181,0.5866481298899985,1.0228863620672
182,108,61aef6e6626a971f,Pneumonia,off,0.1685062545989698,0.0,0.1321779848238879,0.232819692485231,0.7704206307020893
182,108,61aef6e6626a971f,Pneumonia,on,0.1685062545989698,0.0,0.1470254397397653,0.256357246124746,0.6760355948150202
183,416,a9e2cbe7c06e2ec5,Pneumothorax,off,0.1442285669731834,1.0,0.2054197089186928,0.3380162507079963,0.8002301714281557
183,416,a9e2cbe7c06e2ec5,Pneumothorax,on,0.1442285669731834,1.0,0.1514976319938445,0.2631140915541148,0.7564344045079295
184,404,52ccf86e7ccceedc,Pneumothorax,off,0.178827439342329,1.0,0.6187360278197244,0.7626004280290718,1.9143104521084668
184,404,52ccf86e7ccceedc,Pneumothorax,on,0.178827439342329,1.0,0.6827008276462472,0.8114343515666296,1.5957761930076824
185,278,edde383473e98087,Pneumothorax,off,0.2268662680486723,1.0,0.3379253991651028,0.5045596344712902,1.4967417650990829
185,278,edde383473e98087,Pneumothorax,on,0.2268662680486723,1.0,0.3166083856637181,0.4809443059743933,1.0952453707392724
186,263,7c7dd650c6019dc0,Pneumothorax,off,0.1923258726469112,1.0,0.4030897935138795,0.5741595797799195,1.8003676222497025
186,263,7c7dd650c6019dc0,Pneumothorax,on,0.1923258726469112,1.0,0.397391791337306,0.5687605287374592,1.5911696341332695
187,223,d48d2e3b0dc01ccf,Pneumonia,off,0.1344531672587459,1.0,0.4263813095158829,0.58956426952964,1.9160524180420968
187,223,d48d2e3b0dc01ccf,Pneumonia,on,0.1344531672587459,1.0,0.6202094329909824,0.7655913023323224,1.8868383167523144
188,344,3b0617fc4bf3f405,Pneumonia,off,0.1276454736390704,1.0,0.5879023483816127,0.7366770476077817,2.19274709755309
188,344,3b0617fc4bf3f405,Pneumonia,on,0.1276454736390704,1.0,0.5056636357184994,0.6716436484215794,3.079699363381326
189,343,f74f3a36930f15e4,Pneumonia,off,0.1604607985029896,1.0,0.5504898782780948,0.7088469615930351,2.154952611903504
189,343,f74f3a36930f15e4,Pneumonia,on,0.1604607985029896,1.0,0.570050852348176,0.7261490197702327,2.216471751350031
190,334,121f00b6460da473,Pneumonia,off,0.1460316068008713,1.0,0.2612506034969085,0.4128719758180378,1.5647618882121284
190,334,121f00b6460da473,Pneumonia,on,0.1460316068008713,1.0,0.2527832441198737,0.4035543064218839,1.4596568069353146
191,289,c47ec9ec3990eaf3,Pneumonia,off,0.136363414859972,1.0,0.5242022606556442,0.6851018018260904,1.5305101634068297
191,289,c47ec9ec3990eaf3,Pneumonia,on,0.136363414859972,1.0,0.5628899210592769,0.7202920647804072,1.6412538806014194
192,288,d7bb30eed043ee33,Pneumonia,off,0.1724339575749601,1.0,0.4942679136665263,0.654986862363174,2.4434672246795395
192,288,d7bb30eed043ee33,Pneumonia,on,0.1724339575749601,1.0,0.4308351743188425,0.6022004671031789,2.5222087797264714
193,431,9f93ab8d1df09a76,Pneumothorax,off,0.2052249170358025,0.0,0.1218879819395152,0.2172569903753106,0.757633799736684
193,431,9f93ab8d1df09a76,Pneumothorax,on,0.2052249170358025,0.0,0.1258166848510115,0.2235118386770342,0.5084540953427337
194,430,14db6ee01e29879b,Pneumothorax,off,0.1925451612746029,1.0,0.1361722150720588,0.2367416033105168,2.154231762599588
194,430,14db6ee01e29879b,Pneumothorax,on,0.1925451612746029,1.0,0.1135128427534823,0.2038790147671108,2.236604240913958
195,45,d81040617f1c56b9,Pneumothorax,off,0.1286688205682986,0.0,0.229477472752277,0.3728803512439785,1.188199764310171
195,45,d81040617f1c56b9,Pneumothorax,on,0.1286688205682986,0.0,0.248658481092482,0.3982805159409897,1.06246153403417
196,206,1cf185c35f8ce322,Pneumothorax,off,0.2295659547095887,1.0,0.1754008455252999,0.2965352336064125,2.165562754164566
196,206,1cf185c35f8ce322,Pneumothorax,on,0.2295659547095887,1.0,0.1638149267834703,0.281511664060129,2.037777969767709
197,207,fe64161a616d5561,Pneumonia,off,0.1642764206248264,1.0,0.560828129570726,0.7126333048394357,2.098704224170217
197,207,fe64161a616d5561,Pneumonia,on,0.1642764206248264,1.0,0.687367489439172,0.814715205257403,1.5902085656627551
198,398,c3a8a9bbdf1983ae,Pneumothorax,off,0.1928667845952175,0.0,0.0598291568078274,0.112895848490101,0.8738833359733781
198,398,c3a8a9bbdf1983ae,Pneumothorax,on,0.1928667845952175,0.0,0.0617490331436869,0.1163156687761363,0.5272990825310233
199,67,8bcac9f76ba883ad,Pneumothorax,off,0.1939291161693687,0.0,0.032862408794916,0.0619607375331647,0.8827307840838613
199,67,8bcac9f76ba883ad,Pneumothorax,on,0.1939291161693687,0.0,0.0734598501649517,0.1368651008387895,0.4194800890536186
200,100,5ba3a4ec085622eb,Pneumothorax,off,0.2128415420376299,0.0,0.0033079451458136,0.0065300024999015,0.4037293256996476
200,100,5ba3a4ec085622eb,Pneumothorax,on,0.2128415420376299,0.0,0.0035670617752931,0.0071079829098129,-0.3181252410427176
201,412,6adfce3be1051462,Pneumothorax,off,0.1497741327134774,0.0,0.0449139331407588,0.0828056244442351,0.7251292367612265
201,412,6adfce3be1051462,Pneumothorax,on,0.1497741327134774,0.0,0.0475677997352199,0.0908012397344284,0.1750866281698403
202,407,2d2ee9d090034632,Pneumothorax,off,0.2165060986603901,0.0,0.0289466634069237,0.0559282270166575,1.0137349302007297
202,407,2d2ee9d090034632,Pneumothorax,on,0.2165060986603901,0.0,0.0382400981117172,0.0736628434179515,0.5284336084774014
203,138,b6372b688f2df234,Pneumothorax,off,0.1885930928955357,0.0,0.1530738005886492,0.265310266257084,1.5745804712244371
203,138,b6372b688f2df234,Pneumothorax,on,0.1885930928955357,0.0,0.145864876237432,0.254593326426258,1.3924771799726725
204,137,b1e72898c89b15bd,Pneumonia,off,0.1536725972057755,1.0,0.4761779357870758,0.6449718996529498,1.786879878551073
204,137,b1e72898c89b15bd,Pneumonia,on,0.1536725972057755,1.0,0.4922189523369645,0.6597137464989252,1.5796457687421612
205,238,b346774a4dbee0ea,Pneumonia,off,0.1091180211394237,1.0,0.6393097514531925,0.7776429887922264,2.5410164381426896
205,238,b346774a4dbee0ea,Pneumonia,on,0.1091180211394237,1.0,0.5997176045578664,0.7497601258362677,3.193583491318297
206,426,4120f29e59ccdaf6,Pneumothorax,off,0.2258624134419055,0.0,0.0523923379412694,0.0994930273373927,0.947603227882146
206,426,4120f29e59ccdaf6,Pneumothorax,on,0.2258624134419055,0.0,0.0577249814835575,0.1091493133867025,0.6649734774340117
207,427,db25433da7613cdf,Pneumothorax,off,0.21938121622346,0.0,0.0317115856195426,0.0603937399842101,1.2586888941158865
207,427,db25433da7613cdf,Pneumothorax,on,0.21938121622346,0.0,0.0543602638515697,0.10311506936478,1.1988951095460438
208,280,96d3da5e8964b6d6,Pneumothorax,off,0.192637749806295,1.0,0.4473678818507808,0.6160044263161513,1.8534189272439383
208,280,96d3da5e8964b6d6,Pneumothorax,on,0.192637749806295,1.0,0.4310933800326438,0.6024474950321281,1.662549699961124
209,378,b4acace0017c25d0,Pneumonia,off,0.1126802430692611,1.0,0.3692702335252252,0.5391547720673969,2.229262570385509
209,378,b4acace0017c25d0,Pneumonia,on,0.1126802430692611,1.0,0.2965075689607054,0.4573865721305782,2.8451692015629644
210,396,7d354e4232c4250f,Pneumonia,off,0.1560896451910003,1.0,0.3048189349885801,0.4659828033419094,0.7716602489398714
210,396,7d354e4232c4250f,Pneumonia,on,0.1560896451910003,1.0,0.3476296810401157,0.515910417331563,0.6736347887567538
211,69,53d456a7677f9d60,Pneumothorax,off,0.2071010530727209,0.0,0.1831947481814967,0.3088503955927008,1.6910578247868076
211,69,53d456a7677f9d60,Pneumothorax,on,0.2071010530727209,0.0,0.1719048446805995,0.2933759893167765,1.6364451545088536
212,125,80eec41176dc56fd,Pneumothorax,off,0.2141670199650112,0.0,0.1080659056963628,0.1947267582397027,1.5144586554493773
212,125,80eec41176dc56fd,Pneumothorax,on,0.2141670199650112,0.0,0.1199547466091749,0.2142118884629535,1.7528598162078584
213,16,b193933781c53116,Pneumothorax,off,0.173700958534957,0.0,0.1121171262429261,0.2005041995873639,1.5054205314595135
213,16,b193933781c53116,Pneumothorax,on,0.173700958534957,0.0,0.1187159911125483,0.2122340816790115,1.654916407243689
214,325,a5bdd073b780ec4a,Pneumonia,off,0.1309201838126008,1.0,0.4917110949596021,0.6587336314412428,2.270506061318175
214,325,a5bdd073b780ec4a,Pneumonia,on,0.1309201838126008,1.0,0.3938428535314132,0.5650869014133946,3.029870809444769
215,11,175d85705c27b3df,Pneumonia,off,0.1649732711528246,1.0,0.3360691803392192,0.4996884413510429,1.903878080448388
215,11,175d85705c27b3df,Pneumonia,on,0.1649732711528246,1.0,0.3541376790560526,0.5230397333976804,2.2415694009069016
216,457,b47768dffffa9beb,Pneumothorax,off,0.2247513510616006,0.0,0.0745253563488241,0.1382191039512811,0.8648997527101662
216,457,b47768dffffa9beb,Pneumothorax,on,0.2247513510616006,0.0,0.058161180733429,0.1099230478541424,0.3800403524101798
217,413,be051a60e9c8a365,Pneumothorax,off,0.2100346476031753,1.0,0.3848344856915218,0.5556971106043985,1.4897318825683843
217,413,be051a60e9c8a365,Pneumothorax,on,0.2100346476031753,1.0,0.396576919305934,0.5679270672492738,1.0531069577089929
218,385,7ccf19b06023b219,Pneumothorax,off,0.1876233498530766,0.0,0.1578936350593368,0.2711075024828758,1.5663564689667984
218,385,7ccf19b06023b219,Pneumothorax,on,0.1876233498530766,0.0,0.1642860942584995,0.2822044844444786,1.508748192109188
219,248,b968112f0bbfbd97,Pneumonia,off,0.137893562173199,1.0,0.4070171915689545,0.5725660997095596,1.6656355585933564
219,248,b968112f0bbfbd97,Pneumonia,on,0.137893562173199,1.0,0.5520789971607508,0.7114056719534256,1.4200580635336435
220,357,e7127915e33fe1cd,Pneumothorax,off,0.1835250890555482,1.0,0.1977004311625833,0.3282052274315962,1.480468559447875
220,357,e7127915e33fe1cd,Pneumothorax,on,0.1835250890555482,1.0,0.1817269896380491,0.3075578535806375,1.1489108888392676
221,356,04c74a41b993bc82,Pneumothorax,off,0.1533607200463917,1.0,0.2125695687741524,0.3466481897570793,1.5383391023883428
221,356,04c74a41b993bc82,Pneumothorax,on,0.1533607200463917,1.0,0.221362597795572,0.3624665634386698,1.6681825035815605
222,260,d73038ab9e48f2c0,Pneumonia,off,0.1369920422593551,1.0,0.5827569225052025,0.7306818659940343,2.351302464693501
222,260,d73038ab9e48f2c0,Pneumonia,on,0.1369920422593551,1.0,0.3679766430617495,0.5376744964270721,3.470190233279041
223,32,62eada75bf2837e8,Pneumonia,off,0.132596523544289,1.0,0.6164905278467758,0.7565867341504496,2.3979442661950925
223,32,62eada75bf2837e8,Pneumonia,on,0.132596523544289,1.0,0.5366907334702872,0.698418565859899,3.366820650586781
224,70,e3504747c728649b,Pneumothorax,off,0.1837687430863168,0.0,0.0350247079002254,0.0648702655710071,1.0301513420874089
224,70,e3504747c728649b,Pneumothorax,on,0.1837687430863168,0.0,0.1078097873164915,0.1946314042990116,0.6487658260444856
225,79,8a8c5bb34a6b86f0,Pneumothorax,off,0.1814832682777071,1.0,0.2633822316796609,0.4167222158358001,1.5840347866793978
225,79,8a8c5bb34a6b86f0,Pneumothorax,on,0.1814832682777071,1.0,0.2585613706668174,0.4108826471707369,1.2862268789683495
226,135,8f7cd7675aaf7c8c,Pneumothorax,off,0.1605387677928356,0.0,0.0584427741850642,0.1103345086099207,0.7525394789576406
226,135,8f7cd7675aaf7c8c,Pneumothorax,on,0.1605387677928356,0.0,0.0673256438530054,0.1261575449049052,0.4777136845222395
227,144,ef34d81df7c0b493,Pneumonia,off,0.1433270470593395,1.0,0.5734191853212687,0.7266380504988025,2.071342493983443
227,144,ef34d81df7c0b493,Pneumonia,on,0.1433270470593395,1.0,0.5725040440753386,0.7281291372284485,2.0055224604365804
228,145,9d58e7f871787719,Pneumonia,off,0.1569765458629982,0.0,0.0,0.0,0.3392594445318114
228,145,9d58e7f871787719,Pneumonia,on,0.1569765458629982,0.0,0.0072957645185306,0.0144641199377981,-0.2344085730036985
229,37,f4555291d75fe507,Pneumothorax,off,0.1734037006174193,1.0,0.426747367352154,0.5977285808881755,1.6276385070101689
229,37,f4555291d75fe507,Pneumothorax,on,0.1734037006174193,1.0,0.4468274104503518,0.6176646559785752,1.372683048028649
230,172,9e8b2f979cd78f75,Pneumonia,off,0.1344921519036689,1.0,0.4494935950396043,0.6081850605543053,1.8891142425640763
230,172,9e8b2f979cd78f75,Pneumonia,on,0.1344921519036689,1.0,0.6310821260362411,0.7738189535725805,2.1131695513576365
231,399,2530a1d7ac18389f,Pneumothorax,off,0.1889829393447656,1.0,0.2788934250628366,0.4354929196135658,1.3741056589580811
231,399,2530a1d7ac18389f,Pneumothorax,on,0.1889829393447656,1.0,0.2315068724414752,0.3759667857781194,0.9027882360387234
232,382,c62c43b5231675b0,Pneumothorax,off,0.1842755434703156,0.0,0.1762896906137181,0.2995865391196986,1.4290216177588682
232,382,c62c43b5231675b0,Pneumothorax,on,0.1842755434703156,0.0,0.1846523237832387,0.311740943231223,1.322435790325455
233,394,e1ee24695381078c,Pneumothorax,off,0.2316808716966605,0.0,0.1036159208307028,0.1875081972740369,1.3752025442764584
233,394,e1ee24695381078c,Pneumothorax,on,0.2316808716966605,0.0,0.122644627201645,0.2184922517589061,1.6368428617224418
234,201,885246ee6a0cbe93,Pneumothorax,off,0.2036265465939603,0.0,0.0324780213262432,0.0625491918737899,0.6070375467024524
234,201,885246ee6a0cbe93,Pneumothorax,on,0.2036265465939603,0.0,0.0295168729685172,0.0573348094309077,0.2849091228749679
235,116,0534d639197316e3,Pneumonia,off,0.1389461475861195,1.0,0.3015091741366952,0.4554366235456497,1.3959877997655514
235,116,0534d639197316e3,Pneumonia,on,0.1389461475861195,1.0,0.4866781362359364,0.6547187696694496,1.2512296815975608
236,118,597abd2b1fb4b28c,Pneumonia,off,0.1606216101632969,1.0,0.5601784881002132,0.7154993897749053,2.419155464008519
236,118,597abd2b1fb4b28c,Pneumonia,on,0.1606216101632969,1.0,0.4108403883655206,0.5823381450599776,3.150060279074689
237,230,e6689043e54e49db,Pneumothorax,off,0.1344824057424382,1.0,0.3321302581475889,0.4931995854605674,1.4755651230105178
237,230,e6689043e54e49db,Pneumothorax,on,0.1344824057424382,1.0,0.4420082504415804,0.6130452171687132,1.226618284570909
238,231,87e1e30b9906f02d,Pneumothorax,off,0.1684282853091238,1.0,0.2636702788283412,0.4157614964399404,1.115870622640455
238,231,87e1e30b9906f02d,Pneumothorax,on,0.1684282853091238,1.0,0.303487686801564,0.4656548550415946,0.9067563298084454
239,159,ec1c1b6a957bd691,Pneumonia,off,0.1521132114088563,1.0,0.4440843661025591,0.6095093013697948,1.6079078687485382
239,159,ec1c1b6a957bd691,Pneumonia,on,0.1521132114088563,1.0,0.563670228948605,0.720952382532763,1.272906522441957
240,411,d4c0f96bcd7c42a0,Pneumothorax,off,0.2336252308621941,0.0,0.0680827816277645,0.1266745751843583,0.9778950573533036
240,411,d4c0f96bcd7c42a0,Pneumothorax,on,0.2336252308621941,0.0,0.0625432321640219,0.117721404969642,0.4338577800158028
241,91,5a5ab9e7fc7ac9c1,Pneumonia,off,0.1183135242606318,1.0,0.5361482383394925,0.695950404307693,2.0709241107816725
241,91,5a5ab9e7fc7ac9c1,Pneumonia,on,0.1183135242606318,1.0,0.587754544156296,0.7403557855321516,2.504727131997593
242,387,0fc1bd6976bca990,Pneumothorax,off,0.2127635727477839,1.0,0.184857697710031,0.3113893012906346,1.384416716333238
242,387,0fc1bd6976bca990,Pneumothorax,on,0.2127635727477839,1.0,0.1861738544621671,0.3139056419792871,1.090472908381371
243,71,ef6749004f2f4cc3,Pneumonia,off,0.1718004570949617,0.0,0.2000699039102459,0.3328441898599515,1.3932623131939388
243,71,ef6749004f2f4cc3,Pneumonia,on,0.1718004570949617,0.0,0.1563692373619153,0.2704387738667142,1.230011871792911
244,160,b49bdd3279bc0b27,Pneumonia,off,0.1318217037264447,1.0,0.5267245970979546,0.6848943331277635,1.9035067227866644
244,160,b49bdd3279bc0b27,Pneumonia,on,0.1318217037264447,1.0,0.5339606597309652,0.6961646559044403,1.7156561931731713
245,156,b6bb19f178bd17d9,Pneumonia,off,0.1609383604032961,1.0,0.3890067623046429,0.5553003131803871,1.6299394685269075
245,156,b6bb19f178bd17d9,Pneumonia,on,0.1609383604032961,1.0,0.5296874481619854,0.692538602583382,1.1821484167420064
246,179,2a8d2dfcfc83516d,Pneumothorax,off,0.1530439698063925,1.0,0.5366885824155376,0.6984408339762567,2.236210480056467
246,179,2a8d2dfcfc83516d,Pneumothorax,on,0.1530439698063925,1.0,0.5218592805179842,0.6858172635893689,2.100534644462344
247,314,edc87ee173bd5f41,Pneumonia,off,0.140169290820578,1.0,0.2498982448659576,0.3960478447168026,0.774675843336079
247,314,edc87ee173bd5f41,Pneumonia,on,0.140169290820578,1.0,0.3408733292754072,0.5084309467766269,0.6652000789743432
248,237,620d12ad6a1b20b4,Pneumonia,off,0.1214712804993933,1.0,0.5850994348903442,0.7349736022694893,2.281608109429281
248,237,620d12ad6a1b20b4,Pneumonia,on,0.1214712804993933,1.0,0.4725032292843519,0.6417278859118108,2.775835256723298
249,3,ffb56bf454825a08,Pneumonia,off,0.1625074923614461,1.0,0.3476098176217473,0.5151418065125808,1.5193689892388915
249,3,ffb56bf454825a08,Pneumonia,on,0.1625074923614461,1.0,0.350165687931248,0.5186974758709917,1.3351480166028709
250,175,6bcddd6d8e8c8a7e,Pneumothorax,off,0.1902353210629163,0.0,0.1682449290880598,0.2858464264720587,1.436891617753165
250,175,6bcddd6d8e8c8a7e,Pneumothorax,on,0.1902353210629163,0.0,0.2232940347921323,0.3650663104057809,1.5308617205918598
251,216,811bd9a2d86b8853,Pneumonia,off,0.1423183193719573,1.0,0.3547094949556403,0.5135865092150844,1.6955524702476874
251,216,811bd9a2d86b8853,Pneumonia,on,0.1423183193719573,1.0,0.5375801829167178,0.6992548072813122,1.4405642819492763
252,17,6dd0d0da8c7f6300,Pneumothorax,off,0.16778991174851,1.0,0.2922178057001502,0.4522107306631362,1.7817588189293478
252,17,6dd0d0da8c7f6300,Pneumothorax,on,0.16778991174851,1.0,0.2993014837634545,0.4607112274074431,1.750694997049966
253,285,598076fbf61dbe60,Pneumonia,off,0.1382298047356597,1.0,0.3973377778037966,0.5682306227162547,1.4095189448832206
253,285,598076fbf61dbe60,Pneumonia,on,0.1382298047356597,1.0,0.4053843894783496,0.5768985769927009,1.167402277576353
254,241,a670c2be27314d9a,Pneumothorax,off,0.2016285835416575,0.0,0.0212873988995928,0.0413286748748584,1.0767414945706972
254,241,a670c2be27314d9a,Pneumothorax,on,0.2016285835416575,0.0,0.0322895424832805,0.0625581624312282,0.9198746444576524
255,384,7bc902cd7893af5d,Pneumothorax,off,0.1833886427983178,0.0,0.1068281165545617,0.189984717173,1.2279167460567628
255,384,7bc902cd7893af5d,Pneumothorax,on,0.1833886427983178,0.0,0.1311167703757818,0.2318336629679924,1.2038271145387265
256,440,4e0539034217998c,Pneumothorax,off,0.1641351012869805,0.0,0.1629854169684347,0.2801843674797113,0.8110605312311159
256,440,4e0539034217998c,Pneumothorax,on,0.1641351012869805,0.0,0.1673797687461305,0.2867609319105917,0.5304562041289647
257,203,f78528ae0274616b,Pneumonia,off,0.126817049934457,1.0,0.5838090517095019,0.736513304216502,2.2414576292345623
257,203,f78528ae0274616b,Pneumonia,on,0.126817049934457,1.0,0.4894564497228552,0.6572014608252383,2.4860396726217626
258,50,0aa92d922a58e312,Pneumothorax,off,0.1783498774420225,1.0,0.2558419974408653,0.3982795402028096,1.7930304017240704
258,50,0aa92d922a58e312,Pneumothorax,on,0.1783498774420225,1.0,0.3002674745384526,0.461815966480514,2.236116357781136
259,375,a94f884b732e3bcd,Pneumothorax,off,0.1989483892032026,0.0,0.3367262362802249,0.5026402264777564,1.465800114722238
259,375,a94f884b732e3bcd,Pneumothorax,on,0.1989483892032026,0.0,0.3732043635927767,0.543552343644936,1.2770188735803032
260,299,5567de030f328352,Pneumothorax,off,0.1829793040266265,0.0,0.1297805149664663,0.2293328510415496,0.8808178383888697
260,299,5567de030f328352,Pneumothorax,on,0.1829793040266265,0.0,0.1356654483844149,0.2389171812795994,0.5515504745107697
261,300,a9b8cc2d0d94d723,Pneumonia,off,0.1125535429732614,1.0,0.7021115197414547,0.822485615375782,2.536594113752661
261,300,a9b8cc2d0d94d723,Pneumonia,on,0.1125535429732614,1.0,0.5866920544360487,0.7393640246694696,4.479442611655996
262,438,33572e77c0536600,Pneumothorax,off,0.1875794921275382,0.0,0.1801515273275915,0.3022887675285248,1.4577751510869317
262,438,33572e77c0536600,Pneumothorax,on,0.1875794921275382,0.0,0.2407845042688934,0.3881025652730575,1.710597497673628
263,200,c930d55d4bb7581b,Pneumothorax,off,0.1977008805656672,1.0,0.1140801188873534,0.2045480728581208,1.169642159956534
263,200,c930d55d4bb7581b,Pneumothorax,on,0.1977008805656672,1.0,0.1229742694377136,0.2190152628059448,0.8101157546440838
264,360,12e5aab946d1ee7e,Pneumonia,off,0.1226213275246212,1.0,0.638620997347052,0.7778547370623649,3.1607008759704818
264,360,12e5aab946d1ee7e,Pneumonia,on,0.1226213275246212,1.0,0.460992591694951,0.6310451141916695,3.697178268188593
265,333,b1769427b211c108,Pneumonia,off,0.1417579151011895,1.0,0.418431642833964,0.5853797481838122,1.5878965575916826
265,333,b1769427b211c108,Pneumonia,on,0.1417579151011895,1.0,0.60318395412271,0.7524789489667485,1.3693775950610794
266,167,0ff3d1e08ba008d3,Pneumonia,off,0.1463532301214859,1.0,0.3928514203523584,0.5558276403640803,1.5279765478099905
266,167,0ff3d1e08ba008d3,Pneumonia,on,0.1463532301214859,1.0,0.5656782624583574,0.722597827956786,1.278520496123495
267,197,35f82d500ee2a3fd,Pneumonia,off,0.1082749781929642,1.0,0.3549055240087107,0.5202858762668706,1.4940204174272722
267,197,35f82d500ee2a3fd,Pneumonia,on,0.1082749781929642,1.0,0.3573871235557619,0.5265362500031129,1.5213612948588255
268,266,999591b2d12b3d78,Pneumothorax,off,0.1809228640069392,1.0,0.50039035264336,0.6644159355972244,1.644902671427057
268,266,999591b2d12b3d78,Pneumothorax,on,0.1809228640069392,1.0,0.5042208865512728,0.6703969203446206,1.157279181621768
269,54,d6ee87b326190f6d,Pneumothorax,off,0.1807815446690934,0.0,0.0719255060124588,0.1318037508721461,1.1126590772924514
269,54,d6ee87b326190f6d,Pneumothorax,on,0.1807815446690934,0.0,0.0988617540050211,0.1799347810483519,0.8752747417892439
270,102,e750eb553f2a9a6e,Pneumothorax,off,0.2033195425151918,0.0,0.0718252682875043,0.131467353895459,1.1657225345732694
270,102,e750eb553f2a9a6e,Pneumothorax,on,0.2033195425151918,0.0,0.0976806777053811,0.1779695204416554,0.956263582147602
271,55,ba571a0593f57813,Pneumonia,off,0.1828087462050884,1.0,0.4616664197538771,0.601112189608109,2.1875383468642795
271,55,ba571a0593f57813,Pneumonia,on,0.1828087462050884,1.0,0.2235430314766468,0.3653740554422193,2.454538296837268
272,346,c892bb0055c22cd0,Pneumonia,off,0.1523763577620864,1.0,0.3424598543783441,0.5100181689088229,1.77310709171589
272,346,c892bb0055c22cd0,Pneumonia,on,0.1523763577620864,1.0,0.2976655289712736,0.4587557446160105,1.9160634227892483
273,84,5f39db396249a1f2,Pneumonia,off,0.1555000024365403,0.0,0.1090006153022063,0.1961646306700753,1.3094688137073536
273,84,5f39db396249a1f2,Pneumonia,on,0.1555000024365403,0.0,0.1299178263092668,0.2299583701389963,1.2797233910779424
274,265,68cb4910636dcabb,Pneumothorax,off,0.1515674263799346,0.0,0.1134774350441581,0.2035879083453899,1.5223043173507242
274,265,68cb4910636dcabb,Pneumothorax,on,0.1515674263799346,0.0,0.1077379930167111,0.1945184642249076,1.4360113750383037
275,306,49a6faf066875f4a,Pneumothorax,off,0.1999814822936615,0.0,0.1002423271429757,0.181965594778724,0.5438479136835462
275,306,49a6faf066875f4a,Pneumothorax,on,0.1999814822936615,0.0,0.1082492253313937,0.1953511446462684,0.2962992223282385
276,305,fa851a693e873d99,Pneumothorax,off,0.1546813248931577,1.0,0.4322033526156879,0.6032093759188963,1.3004250239522326
276,305,fa851a693e873d99,Pneumothorax,on,0.1546813248931577,1.0,0.4183934329393484,0.5899451138861839,1.1010223789829685
277,275,1626d35d84c0d1b3,Pneumonia,off,0.1370602653879703,1.0,0.3111774808709445,0.4704882164172208,2.0045451481401395
277,275,1626d35d84c0d1b3,Pneumonia,on,0.1370602653879703,1.0,0.268398397685168,0.423189620900012,2.9982354439696484
278,97,d486789ebff1ab61,Pneumothorax,off,0.191604656715836,0.0,0.2921157670918173,0.4518561771023399,1.0845735451928131
278,97,d486789ebff1ab61,Pneumothorax,on,0.191604656715836,0.0,0.295549776648455,0.4562532059523967,0.8151617496081001
279,43,40930f98f262039d,Pneumonia,off,0.1811713911183232,1.0,0.5061537678803437,0.6699882954151923,1.7414109664640935
279,43,40930f98f262039d,Pneumonia,on,0.1811713911183232,1.0,0.5644786355598448,0.7216185518337118,1.4015542612935488
280,318,ced43a28077174f6,Pneumothorax,off,0.2097276435244068,1.0,0.2598201229570069,0.4069573787107272,1.8357894976639064
280,318,ced43a28077174f6,Pneumothorax,on,0.2097276435244068,1.0,0.1942449965676621,0.3252969058617038,1.7539023842708017
281,225,9ea7c3106d11cc69,Pneumothorax,off,0.1782865273940226,0.0,0.0641008187180186,0.1168233632547453,0.7685911849176014
281,225,9ea7c3106d11cc69,Pneumothorax,on,0.1782865273940226,0.0,0.0654975764884774,0.1229259405380047,0.1934760491371533
282,405,96eed73623de6a68,Pneumothorax,off,0.1494963671184012,1.0,0.2675740653641208,0.4218870931229277,1.1449242515978988
282,405,96eed73623de6a68,Pneumothorax,on,0.1494963671184012,1.0,0.2571195724249098,0.4090602214008468,0.8297186447220637
283,40,191a1b3130859e8b,Pneumonia,off,0.1703823906358882,1.0,0.3979845253951256,0.5603762049518254,1.7447774530913909
283,40,191a1b3130859e8b,Pneumonia,on,0.1703823906358882,1.0,0.5518771637709031,0.7112357182623634,1.3049011277612967
284,41,329aca38ff02024a,Pneumonia,off,0.157117865200844,1.0,0.4189741899420438,0.5904440532995994,1.7118712824175943
284,41,329aca38ff02024a,Pneumonia,on,0.157117865200844,1.0,0.4062933247573125,0.577821507035171,1.2668246254331708
285,185,73562db6efa6210f,Pneumonia,off,0.1346188519996686,1.0,0.5037735056417547,0.6589085912713419,2.7441251949669545
285,185,73562db6efa6210f,Pneumonia,on,0.1346188519996686,1.0,0.3358840520595893,0.502746757577086,3.31776351122457
286,77,e288c9756beb2cef,Pneumothorax,off,0.1812932181337075,0.0,0.037865848880472,0.0728501458724745,1.5155299973063387
286,77,e288c9756beb2cef,Pneumothorax,on,0.1812932181337075,0.0,0.0420831185517015,0.0807671454128667,1.95921297084738
287,337,6688f90e8260bfea,Pneumothorax,off,0.1749874518174154,0.0,0.0,0.0,0.8498721379897634
287,337,6688f90e8260bfea,Pneumothorax,on,0.1749874518174154,0.0,0.0034389619254274,0.0068528701125217,-0.0309921068830653
288,253,ae0ac7c7b7034072,Pneumothorax,off,0.2039530429951902,1.0,0.1951673735763061,0.3265721681548374,1.2830223138289218
288,253,ae0ac7c7b7034072,Pneumothorax,on,0.2039530429951902,1.0,0.1949500227433413,0.3262896821029298,0.9760821615937963
289,95,1099b54355b5823b,Pneumothorax,off,0.1881593887207676,1.0,0.3651305914671509,0.5149823933840709,1.6188920274041445
289,95,1099b54355b5823b,Pneumothorax,on,0.1881593887207676,1.0,0.5072329954552162,0.6730327308487687,1.0684739008465427
290,112,1032f70bdb2e9251,Pneumothorax,off,0.1738763894371104,0.0,0.2369274189702822,0.382742366780997,0.9594452627741876
290,112,1032f70bdb2e9251,Pneumothorax,on,0.1738763894371104,0.0,0.1813515635267179,0.3070230267649544,0.4312466351628254
291,252,423b0dd1b9cc0017,Pneumonia,off,0.1575223308919199,1.0,0.223777680219406,0.3579935349215756,1.5418830171643965
291,252,423b0dd1b9cc0017,Pneumonia,on,0.1575223308919199,1.0,0.5333647960763929,0.6956753648304433,1.1798350848220416
292,24,e901609118d83284,Pneumonia,off,0.1352231139959748,1.0,0.4692029421926846,0.6280002968918937,2.0378308695038765
292,24,e901609118d83284,Pneumonia,on,0.1352231139959748,1.0,0.4672495700152327,0.6368582514576785,2.447142601719696
293,48,4ffb5060113e379b,Pneumothorax,off,0.2080366845508725,0.0,0.0665934706239242,0.1197828675907502,1.245466552964555
293,48,4ffb5060113e379b,Pneumothorax,on,0.2080366845508725,0.0,0.1456584623153918,0.2542786776791431,1.224275502285767
294,331,0ed0789928a2b1d8,Pneumonia,off,0.1380105161079679,1.0,0.2160343649314828,0.3486748629116912,1.2593619770126951
294,331,0ed0789928a2b1d8,Pneumonia,on,0.1380105161079679,1.0,0.4651055468795896,0.6349046178052937,0.9510966534151154
295,276,62ad2c96692ed14a,Pneumonia,off,0.1214079304513934,1.0,0.5562064598688659,0.7137678447447401,3.062257457604169
295,276,62ad2c96692ed14a,Pneumonia,on,0.1214079304513934,1.0,0.2475423379596372,0.396833574258885,3.1938481436845603
296,12,a6abcbfc061442d5,Pneumothorax,off,0.2114332217397872,0.0,0.077789938063792,0.1442982451185255,0.91773866231644
296,12,a6abcbfc061442d5,Pneumothorax,on,0.2114332217397872,0.0,0.0753581853729613,0.1401544069624987,0.5148477725480206
297,449,98bf201558bb09ad,Pneumothorax,off,0.2211014136806865,0.0,0.0280673438480823,0.0545959545634511,0.9995353390314268
297,449,98bf201558bb09ad,Pneumothorax,on,0.2211014136806865,0.0,0.0307031463689144,0.0595770774203191,0.6631494697512659
298,83,e2544b85fe79e487,Pneumothorax,off,0.1558508642408471,1.0,0.2644856804356755,0.4163145469418444,1.1973237694360108
298,83,e2544b85fe79e487,Pneumothorax,on,0.1558508642408471,1.0,0.3229769381601719,0.4882561731994095,1.0601662668391216
299,82,0c4238b2f5c4388b,Pneumothorax,off,0.1796997207724807,0.0,0.0549878732404719,0.1042343447593324,0.5786201295589294
299,82,0c4238b2f5c4388b,Pneumothorax,on,0.1796997207724807,0.0,0.0543672129157442,0.1031273148603416,0.2707134836294149
300,63,246bf9a8cfbb0c68,Pneumonia,off,0.1339658591972087,1.0,0.5051869736067074,0.6603011394023447,2.5104532184816577
300,63,246bf9a8cfbb0c68,Pneumonia,on,0.1339658591972087,1.0,0.8437134107479396,0.91523232525414,3.229711972411032
301,62,ba0d34c73de98ddb,Pneumonia,off,0.1078851317437344,1.0,0.3386598741583596,0.503407065297539,0.992288421978131
301,62,ba0d34c73de98ddb,Pneumonia,on,0.1078851317437344,1.0,0.3411973826910275,0.508771081581634,0.9579153894199204
302,271,2e657ea72ea7deff,Pneumothorax,off,0.2109556598394807,0.0,0.1187847084621686,0.2113730448642079,1.6937949762771665
302,271,2e657ea72ea7deff,Pneumothorax,on,0.2109556598394807,0.0,0.107498425386714,0.1941274167027228,1.5465977388596608
303,227,9e1bcaf497d1a364,Pneumonia,off,0.1080069587591187,1.0,0.3785128237078425,0.5457818474908299,1.6677758421253834
303,227,9e1bcaf497d1a364,Pneumonia,on,0.1080069587591187,1.0,0.5109594466026776,0.6763372882508747,1.6246682089600368
304,111,9a9f1ec1bf6c1e2a,Pneumothorax,off,0.1557777680316165,0.0,0.2324144901932366,0.3655585987109452,0.5564230150402082
304,111,9a9f1ec1bf6c1e2a,Pneumothorax,on,0.1557777680316165,0.0,0.1386930139943572,0.2367681095801322,0.1786527586191273
305,369,8dbb7830188b30a1,Pneumothorax,off,0.1912684141533753,0.0,0.0292814191151377,0.0561218637252856,1.2994151803269134
305,369,8dbb7830188b30a1,Pneumothorax,on,0.1912684141533753,0.0,0.0500714026998413,0.0953673836720885,1.4032818643348572
306,368,88b21b07728d1294,Pneumonia,off,0.1532876238371611,1.0,0.5974910870462535,0.7427027453901267,2.848061452147087
306,368,88b21b07728d1294,Pneumonia,on,0.1532876238371611,1.0,0.2630277434586991,0.4164652406240811,2.880495527854164
307,295,81e0c859cc208433,Pneumonia,off,0.1285177550692221,1.0,0.2923393139880824,0.4437375009480475,1.4144410840293065
307,295,81e0c859cc208433,Pneumonia,on,0.1285177550692221,1.0,0.5976803946376856,0.7481780569145846,1.3765486807411764
308,130,7320038e0603d2e2,Pneumothorax,off,0.1980176308056664,0.0,0.0178335417274636,0.0347623839646258,0.960299319157529
308,130,7320038e0603d2e2,Pneumothorax,on,0.1980176308056664,0.0,0.0206358931827368,0.0404361123877225,0.4956814165883975
309,6,d2d092a91fc0eca9,Pneumothorax,off,0.2104244940524051,0.0,0.0460076399026132,0.0879235818158041,1.2767568146594286
309,6,d2d092a91fc0eca9,Pneumothorax,on,0.2104244940524051,0.0,0.0523867374985642,0.0995579424773689,1.2609832132408796
310,113,3a3bfb40eb6e865c,Pneumothorax,off,0.1854548289792358,0.0,0.2813256190690795,0.4384710360102127,1.553483162101863
310,113,3a3bfb40eb6e865c,Pneumothorax,on,0.1854548289792358,0.0,0.3094909755153383,0.4726862433191773,1.6456433214838468
311,115,e059a2b12b2f8a9d,Pneumothorax,off,0.169778128639582,0.0,0.0895698682220666,0.1638706557258565,1.2521657572643148
311,115,e059a2b12b2f8a9d,Pneumothorax,on,0.169778128639582,0.0,0.1074983626211733,0.1941280185224502,1.244856142657313
312,114,02d1b5cb5d840174,Pneumothorax,off,0.16497814423344,0.0,0.0330341131263887,0.0626439587415795,0.228839358194674
312,114,02d1b5cb5d840174,Pneumothorax,on,0.16497814423344,0.0,0.072578722155371,0.135329904356188,0.1134064613972448
313,85,af1c5742d0805ffb,Pneumothorax,off,0.2330063496240418,0.0,0.2107407067993859,0.3478421933038655,1.5529998812659356
313,85,af1c5742d0805ffb,Pneumothorax,on,0.2330063496240418,0.0,0.2203761211074412,0.3611601704580107,1.4544416476239617
314,76,2117e37867972f29,Pneumonia,off,0.1301794755590641,1.0,0.2548184710532348,0.4035084655443444,0.8384189413047021
314,76,2117e37867972f29,Pneumonia,on,0.1301794755590641,1.0,0.3488682092865269,0.5172681189137974,0.7149777605887638
315,105,03309e7059c9e1aa,Pneumothorax,off,0.1996842243761238,0.0,0.0,0.0,-0.6217879857714064
315,105,03309e7059c9e1aa,Pneumothorax,on,0.1996842243761238,0.0,0.0,0.0,-0.5171669531715566
316,425,2a5f54f58033adc0,Pneumothorax,off,0.1935100312364467,1.0,0.2213895220941707,0.3607264727197899,1.4350598768593237
316,425,2a5f54f58033adc0,Pneumothorax,on,0.1935100312364467,1.0,0.1987472052532953,0.3315853907907997,1.0699702064706638
317,242,adefe62649625a81,Pneumothorax,off,0.1801431711084796,1.0,0.3103130792058569,0.4734776761296596,1.5033473301371647
317,242,adefe62649625a81,Pneumothorax,on,0.1801431711084796,1.0,0.3218914170244605,0.4870161464841355,1.2835911998636438
318,243,cb9183bb73f82ec1,Pneumonia,off,0.1507146372722444,1.0,0.5484376902092178,0.707306119599532,2.085431511853233
318,243,cb9183bb73f82ec1,Pneumonia,on,0.1507146372722444,1.0,0.5552615888985752,0.7140339505509734,2.166436079161953
319,92,751bb22cbcb548d1,Pneumothorax,off,0.1778528232192545,0.0,0.0961967991097807,0.1753725141197146,1.2809471319589314
319,92,751bb22cbcb548d1,Pneumothorax,on,0.1778528232192545,0.0,0.092917996152878,0.1700361915932101,1.0901914861148132
320,56,58c0774016deff7f,Pneumothorax,off,0.1961658601718248,1.0,0.1894066995124176,0.3167881294509611,1.3265451473462035
320,56,58c0774016deff7f,Pneumothorax,on,0.1961658601718248,1.0,0.1865448377609328,0.314430783554124,1.0431444851707687
321,244,e2372b2d3608f078,Pneumothorax,off,0.2144058009151645,0.0,0.1271132628572254,0.2229924139359122,1.5962507416607112
321,244,e2372b2d3608f078,Pneumothorax,on,0.2144058009151645,0.0,0.1173066146378053,0.2099781661749427,1.9189921004244683
322,298,4870c4448aaec7b1,Pneumonia,off,0.1209498608735484,1.0,0.4963097632681634,0.6614903130431355,2.8091936386447425
322,298,4870c4448aaec7b1,Pneumonia,on,0.1209498608735484,1.0,0.2015024557185249,0.335408961659096,2.9715473917526607
323,376,5b02f529850ec43a,Pneumonia,off,0.1204333143283189,1.0,0.4680625695522014,0.6308819889915573,1.9437172472979585
323,376,5b02f529850ec43a,Pneumonia,on,0.1204333143283189,1.0,0.6539335036374135,0.7907577524981064,1.863698572642787
324,22,c471fb69beaa4fad,Pneumothorax,off,0.2038068505767291,0.0,0.1610510405628619,0.2766839875700674,1.231789381582261
324,22,c471fb69beaa4fad,Pneumothorax,on,0.2038068505767291,0.0,0.1649979287357453,0.2832569861220473,0.9912773403938032
325,21,6756182e25db6216,Pneumothorax,off,0.212149564590247,0.0,0.0918495221306559,0.1678941659685648,1.177265148763325
325,21,6756182e25db6216,Pneumothorax,on,0.212149564590247,0.0,0.1068147952817169,0.1930128665266806,1.104572550313823
326,88,b717e0e9f48ec793,Pneumonia,off,0.0974518661462216,1.0,0.5028964292936681,0.6617300677195879,2.176263850876998
326,88,b717e0e9f48ec793,Pneumonia,on,0.0974518661462216,1.0,0.5032529368801256,0.6695143797082851,2.8722746439468336
327,249,089ce8d3c9aa17ec,Pneumothorax,off,0.1856984830100044,0.0,0.0760512000381154,0.1411679515335497,1.8909905969532452
327,249,089ce8d3c9aa17ec,Pneumothorax,on,0.1856984830100044,0.0,0.0680789314534293,0.1274788203005276,2.119427443193315
328,8,b845911f4dc57432,Pneumonia,off,0.1161108918224834,1.0,0.4931308518589731,0.6493607579515752,1.961495975066116
328,8,b845911f4dc57432,Pneumonia,on,0.1161108918224834,1.0,0.6751060800121469,0.8057374333395287,3.1898254199855454
329,403,779d0f06242503f4,Pneumothorax,off,0.1892022279724573,0.0,0.0269968845045677,0.0514371660438513,0.966676490605382
329,403,779d0f06242503f4,Pneumothorax,on,0.1892022279724573,0.0,0.0575921923614433,0.108910780002636,0.5479901471685945
330,402,4bb674f158c41a32,Pneumonia,off,0.1199460062667816,1.0,0.6920228774222384,0.8147992341135577,3.666481160255828
330,402,4bb674f158c41a32,Pneumonia,on,0.1199460062667816,1.0,0.3871941691925094,0.5582257298769687,3.544593647176838
331,141,ca20960c58c911d2,Pneumonia,off,0.1499544366962462,1.0,0.4271508028928377,0.5953893045588561,1.7744153926292303
331,141,ca20960c58c911d2,Pneumonia,on,0.1499544366962462,1.0,0.508551701888545,0.6742238245363682,1.6142919506026905
332,174,bd6813023681f3ff,Pneumothorax,off,0.2235769386332958,0.0,0.0959042304381416,0.1745212062904927,1.3065719983806556
332,174,bd6813023681f3ff,Pneumothorax,on,0.2235769386332958,0.0,0.1145539236000728,0.2055596520072166,1.392165333102479
333,239,1d11168139d68001,Pneumonia,off,0.1062234112538923,1.0,0.6008570211424358,0.7432489687033328,2.2872663270097964
333,239,1d11168139d68001,Pneumonia,on,0.1062234112538923,1.0,0.6117345201253337,0.7590095208807527,3.079082622407427
334,282,654c34f32a0119be,Pneumonia,off,0.1767515070001803,1.0,0.3473742353599292,0.5067165852400384,1.6705442026332695
334,282,654c34f32a0119be,Pneumonia,on,0.1767515070001803,1.0,0.3307989606758641,0.4971276497744331,1.5700000033374917
335,335,fa2be29d6e38c9f5,Pneumonia,off,0.1597785672168374,1.0,0.5843164874363822,0.7357540575327792,2.103435665444948
335,335,fa2be29d6e38c9f5,Pneumonia,on,0.1597785672168374,1.0,0.6455068635490571,0.7845678470237922,1.8309806163277804
336,304,bf2ac14fa2df62e6,Pneumothorax,off,0.176800237806334,1.0,0.4560916207067609,0.6222630161144688,2.145556112912054
336,304,bf2ac14fa2df62e6,Pneumothorax,on,0.176800237806334,1.0,0.4033739320919748,0.5748483621440497,2.167557364927997
337,224,adbb1682ee33ffa6,Pneumothorax,off,0.2103026670370208,0.0,0.0023497310957256,0.004673490491065,0.7281658360014389
337,224,adbb1682ee33ffa6,Pneumothorax,on,0.2103026670370208,0.0,0.0023768764965766,0.004742383246615,-0.0093232496232997
338,94,cb50623d468b9c03,Pneumothorax,off,0.1598857749903756,1.0,0.3460282347125308,0.5066005000366754,1.420967352281584
338,94,cb50623d468b9c03,Pneumothorax,on,0.1598857749903756,1.0,0.4576860150615663,0.6279533529527865,0.9320542308524618
339,60,cea6127ed387cbd4,Pneumonia,off,0.1185571782914004,1.0,0.4181514645062348,0.5825107106384417,2.24859222055488
339,60,cea6127ed387cbd4,Pneumonia,on,0.1185571782914004,1.0,0.6364001920928226,0.7777959565450675,3.470927802089243
340,59,d70d2b1a08b95126,Pneumonia,off,0.149428143989786,1.0,0.2713571908860345,0.4247517829070751,1.288676388196898
340,59,d70d2b1a08b95126,Pneumonia,on,0.149428143989786,1.0,0.1541787854877117,0.267154812913585,1.0043959416822623
341,51,73425dc64d11db07,Pneumothorax,off,0.1878475115613837,0.0,0.0872346514755978,0.1595686907070675,1.301278834202216
341,51,73425dc64d11db07,Pneumothorax,on,0.1878475115613837,0.0,0.1041133496409123,0.1885891315592825,1.2554313144078224
342,81,9a547d8892dea3a6,Pneumothorax,off,0.1878426384807683,0.0,0.0064066678997827,0.0126080533378498,-0.1663892134108243
342,81,9a547d8892dea3a6,Pneumothorax,on,0.1878426384807683,0.0,0.0,0.0,-0.5166502395597526
343,161,47cb5b42f2159764,Pneumonia,off,0.1451885638544118,1.0,0.1494860219591563,0.2569974170852053,1.0263143899529772
343,161,47cb5b42f2159764,Pneumonia,on,0.1451885638544118,1.0,0.4259254994205303,0.5973869943275514,0.8702626695980643
344,456,4663d942b5ea9757,Pneumothorax,off,0.1698219863651204,1.0,0.4035499622237234,0.5660283472929584,1.7683445165549962
344,456,4663d942b5ea9757,Pneumothorax,on,0.1698219863651204,1.0,0.4710347057499709,0.6403909544766311,1.9950255443005511
345,149,9a3f950f149d0f37,Pneumonia,off,0.1349745868845908,1.0,0.2621634671994485,0.4111874298196775,1.0445352034454412
345,149,9a3f950f149d0f37,Pneumonia,on,0.1349745868845908,1.0,0.3758825974561685,0.5463755571561534,0.7682603290102223
346,123,72b342a7bd6092eb,Pneumothorax,off,0.1714349760488087,0.0,0.0788033636820016,0.1459348456717264,1.0809817150931174
346,123,72b342a7bd6092eb,Pneumothorax,on,0.1714349760488087,0.0,0.0819913747311255,0.1515557987874534,0.7261815208299377
347,257,be37ee4fa4a100ff,Pneumothorax,off,0.1797679439010959,1.0,0.2636038812154124,0.416891163402641,1.4467585580575355
347,257,be37ee4fa4a100ff,Pneumothorax,on,0.1797679439010959,1.0,0.2765235775403986,0.4332445560603514,1.136138037204936
348,312,b5505e5ca319f34d,Pneumothorax,off,0.1819364647749367,0.0,0.3131272531854558,0.4764975891237995,1.376220440542553
348,312,b5505e5ca319f34d,Pneumothorax,on,0.1819364647749367,0.0,0.3272907860738914,0.4931708626256244,1.0337742539792902
349,131,053e5b78358a568a,Pneumothorax,off,0.1824481382395509,0.0,0.0362901104689121,0.068375344446766,0.774915965254811
349,131,053e5b78358a568a,Pneumothorax,on,0.1824481382395509,0.0,0.0567784470688107,0.1074545501500104,0.4125319597666279
350,164,be278530fe2c952e,Pneumonia,off,0.131446476519061,1.0,0.3424721815418463,0.5099460689735392,1.409367943500738
350,164,be278530fe2c952e,Pneumonia,on,0.131446476519061,1.0,0.2932016062483861,0.4534482213618439,1.0854011067145488
351,189,36a4c529abcad2c7,Pneumothorax,off,0.1775019614149477,0.0,0.1008300488872716,0.1830927254233031,1.6258269723506145
351,189,36a4c529abcad2c7,Pneumothorax,on,0.1775019614149477,0.0,0.0932729616403433,0.1706304965147418,1.6981471746542167
352,317,e9899fb1ecd89dfc,Pneumonia,off,0.1519572728291644,1.0,0.388744858841221,0.5588854784070525,1.7040848499329342
352,317,e9899fb1ecd89dfc,Pneumonia,on,0.1519572728291644,1.0,0.3245849729183006,0.4900799166423596,1.5397251598541846
353,316,375552a7cb5dab94,Pneumonia,off,0.1271338001744562,1.0,0.5378966219380186,0.6863542350109153,1.9281625502385933
353,316,375552a7cb5dab94,Pneumonia,on,0.1271338001744562,1.0,0.6944174425091182,0.8196379398617438,2.338978551179306
354,395,efd7cf52bf8c2702,Pneumothorax,off,0.1928911499982944,0.0,0.0935355246601595,0.1696853096952075,1.1116314032725207
354,395,efd7cf52bf8c2702,Pneumothorax,on,0.1928911499982944,0.0,0.1135395634772801,0.2039241020276895,0.741586823100361
355,182,1fdb91e38cc9a33d,Pneumonia,off,0.1370115345818165,1.0,0.3543234714558245,0.5163198136833616,2.0316486452552467
355,182,1fdb91e38cc9a33d,Pneumonia,on,0.1370115345818165,1.0,0.3271237660291963,0.4929629309800692,2.33210221728478
356,432,5ecd815629cef624,Pneumothorax,off,0.2208772519723793,1.0,0.2198900545287871,0.3603023053864076,1.3767859268087783
356,432,5ecd815629cef624,Pneumothorax,on,0.2208772519723793,1.0,0.2145984469930122,0.3533638702914178,0.9485604737408404
357,86,22ff98b072fd30e7,Pneumonia,off,0.1746365900131085,1.0,0.3858540564955948,0.5555203587823131,1.6141882682891082
357,86,22ff98b072fd30e7,Pneumonia,on,0.1746365900131085,1.0,0.3576269061468576,0.5268387510147684,1.2788899298542178
358,80,65fa96e941804d66,Pneumonia,off,0.1353839256562821,0.0,0.3040320876381103,0.4646927170384889,1.7207339050670207
358,80,65fa96e941804d66,Pneumonia,on,0.1353839256562821,0.0,0.2423344174509792,0.3900979477311715,1.8232106160251775
359,348,8c844aa281c46dd8,Pneumonia,off,0.1107017723394198,1.0,0.6098940542066708,0.7484652554323932,2.4649555735009425
359,348,8c844aa281c46dd8,Pneumonia,on,0.1107017723394198,1.0,0.5497778213524016,0.709459620178435,3.0682806397568454
360,437,1d9fab51249e7082,Pneumothorax,off,0.1648124594925173,0.0,0.0706983886598598,0.1243357509592774,1.209185981921004
360,437,1d9fab51249e7082,Pneumothorax,on,0.1648124594925173,0.0,0.1568909518251466,0.2712269746937247,1.1738406245776556
361,436,b60a8fdd4ab9eda7,Pneumothorax,off,0.1679263580057405,0.0,0.0065370178257681,0.0127586043178876,0.538838916869966
361,436,b60a8fdd4ab9eda7,Pneumothorax,on,0.1679263580057405,0.0,0.0,0.0,-0.4431667674108007
362,5,b6854428fb77d4cc,Pneumothorax,off,0.2499597970849231,0.0,0.0637077997914683,0.1197139516372743,1.3065603649915394
362,5,b6854428fb77d4cc,Pneumothorax,on,0.2499597970849231,0.0,0.0684289605272809,0.1280924242856492,1.0490608354999824
363,441,9dfd111947ef84b1,Pneumothorax,off,0.2131534191970137,1.0,0.2465890562377391,0.3942025691773702,1.1416050772616153
363,441,9dfd111947ef84b1,Pneumothorax,on,0.2131534191970137,1.0,0.2010903435369764,0.3348443062358409,0.6550796938098894
364,87,34a2adb99ed3a090,Pneumothorax,off,0.1678630079577406,1.0,0.1123790421405989,0.2004730042167886,1.5153975350180946
364,87,34a2adb99ed3a090,Pneumothorax,on,0.1678630079577406,1.0,0.2238004231529893,0.3657159934956343,1.775192467499705
365,321,35bd34fcc0fac2f4,Pneumonia,off,0.1933346003342933,0.0,0.3354343973551315,0.5014367178121242,1.3525124336376766
365,321,35bd34fcc0fac2f4,Pneumonia,on,0.1933346003342933,0.0,0.3614075675236984,0.5309321230344853,1.0504711879670092
366,188,962712d312f31d26,Pneumonia,off,0.1409684760414991,1.0,0.4418509816162306,0.610683486775312,1.7296882558020974
366,188,962712d312f31d26,Pneumonia,on,0.1409684760414991,1.0,0.3423037074749012,0.5100193598222753,1.563917171565431
367,39,392da982c2571312,Pneumothorax,off,0.1719174110297306,1.0,0.5470213943704166,0.6962885518945706,1.9248413612936364
367,39,392da982c2571312,Pneumothorax,on,0.1719174110297306,1.0,0.6208163307785595,0.7598949816915013,1.85482015417212
368,38,2528a87ecbcb8e80,Pneumonia,off,0.1935538889619851,1.0,0.5150536932991346,0.6746889310709672,1.8889972205463796
368,38,2528a87ecbcb8e80,Pneumonia,on,0.1935538889619851,1.0,0.5925887156327143,0.7441751705288001,1.2572728724476978
369,354,24a6a56c28991f2a,Pneumonia,off,0.1277965391381469,1.0,0.5413119038811884,0.6932214790153415,2.1425008818802165
369,354,24a6a56c28991f2a,Pneumonia,on,0.1277965391381469,1.0,0.7388286139290717,0.849800183955258,2.6994895898345987
370,218,d0f2019aff34b8f9,Pneumonia,off,0.1362464609252031,1.0,0.3546787368799678,0.5201350261851334,1.043856375759109
370,218,d0f2019aff34b8f9,Pneumonia,on,0.1362464609252031,1.0,0.4382016349871184,0.6093735241554649,1.0494249069018289
371,261,293489b2b3df5a77,Pneumothorax,off,0.2004151864684297,0.0,0.0273077785796752,0.0524773412666807,1.0388374515773064
371,261,293489b2b3df5a77,Pneumothorax,on,0.2004151864684297,0.0,0.0440812847538742,0.0844391295287562,0.6229454106186515
372,173,5d44fb526b0dd8f4,Pneumothorax,off,0.2268906334517492,0.0,0.0843686857117568,0.1555652109443179,1.344061954466336
372,173,5d44fb526b0dd8f4,Pneumothorax,on,0.2268906334517492,0.0,0.0860374865611844,0.1584428578469472,1.1032315101226
373,439,6f154ecc10690653,Pneumothorax,off,0.1829841771072418,1.0,0.2900050824071694,0.4484944820589677,1.2753548506631962
373,439,6f154ecc10690653,Pneumothorax,on,0.1829841771072418,1.0,0.2485311530488748,0.3981133611173981,0.8618615937253108
374,339,828eee7606ce796f,Pneumonia,off,0.1543304630888508,1.0,0.261935085385207,0.410609561577246,1.119514451711872
374,339,828eee7606ce796f,Pneumonia,on,0.1543304630888508,1.0,0.3838104694201872,0.5546991315140243,0.7871050170816826
375,245,b95212d56694ca87,Pneumothorax,off,0.2066283642530298,1.0,0.1661585627532235,0.2820930035646544,2.185285374022828
375,245,b95212d56694ca87,Pneumothorax,on,0.2066283642530298,1.0,0.153750361361785,0.2665171046519901,2.1896393362586712
376,210,7118ed64529a1dc7,Pneumonia,off,0.1630337850679064,1.0,0.196117565714318,0.319430013769966,1.8199891900301184
376,210,7118ed64529a1dc7,Pneumonia,on,0.1630337850679064,1.0,0.2141711165009853,0.3527667673580927,2.335685511920405
377,209,afc095ddf95dd697,Pneumonia,off,0.1275528851073783,1.0,0.4110690960527327,0.5592737290788321,1.961263421433192
377,209,afc095ddf95dd697,Pneumonia,on,0.1275528851073783,1.0,0.7131821076432008,0.8325792757107333,2.4020098445598217
378,148,cd99854e5dbf77e1,Pneumonia,off,0.1235423397609266,1.0,0.5537133645065713,0.7123867514814914,2.74172141533802
378,148,cd99854e5dbf77e1,Pneumonia,on,0.1235423397609266,1.0,0.4781093155298975,0.6469073000512494,3.750480037118484
379,365,dfb3222308242762,Pneumothorax,off,0.2053808556154944,0.0,0.0510602976899367,0.0971260871398414,1.247023856282712
379,365,dfb3222308242762,Pneumothorax,on,0.2053808556154944,0.0,0.0560143113752264,0.1060860426081212,1.1434155026940136
380,23,fdefe57d4a82f518,Pneumothorax,off,0.1964192603638242,0.0,0.1719394065930627,0.2928043962308241,1.321647523880455
380,23,fdefe57d4a82f518,Pneumothorax,on,0.1964192603638242,0.0,0.1964457268977719,0.3283773718733034,1.3478383171588753
381,120,f4a30a69ad17c9f1,Pneumothorax,off,0.1714885799355778,0.0,0.1488110577127811,0.2552956718847202,1.7438111583559948
381,120,f4a30a69ad17c9f1,Pneumothorax,on,0.1714885799355778,0.0,0.114427221742179,0.2053498334237649,2.000597664554727
382,53,1988dd7e9ecd3c9b,Pneumothorax,off,0.177506834495563,0.0,0.0691741010036955,0.1292106615789714,1.166625709324551
382,53,1988dd7e9ecd3c9b,Pneumothorax,on,0.177506834495563,0.0,0.077085808889079,0.143137528514984,1.0643694553578755
383,219,aeffa36739cd1fe7,Pneumothorax,off,0.1421477615504193,0.0,0.3540488968388233,0.5223695443753751,2.335635094987736
383,219,aeffa36739cd1fe7,Pneumothorax,on,0.1421477615504193,0.0,0.219663387619018,0.3601926147804676,2.736579842807461
384,217,6e185d6966366df4,Pneumothorax,off,0.1813663143429381,1.0,0.2656425989806982,0.4194833777153199,1.3739221916765565
384,217,6e185d6966366df4,Pneumothorax,on,0.1813663143429381,1.0,0.2890268846991076,0.4484417380341227,1.1253812237220937
385,291,531b825349b69626,Pneumonia,off,0.1336929666827478,1.0,0.2441809477371195,0.3891709543048537,1.968967912834929
385,291,531b825349b69626,Pneumonia,on,0.1336929666827478,1.0,0.1459965516763334,0.2547919868115736,2.272269204959439
386,0,8da0678acd714b9a,Pneumonia,off,0.1283374510864533,1.0,0.406686734409704,0.5671565742063901,1.4116207851083689
386,0,8da0678acd714b9a,Pneumonia,on,0.1283374510864533,1.0,0.610366763278109,0.7580341117245771,1.3895915697494787
387,428,4adcc53030271f8d,Pneumothorax,off,0.1733939544561885,1.0,0.1945652110797162,0.3256592882354093,1.3980277185694503
387,428,4adcc53030271f8d,Pneumothorax,on,0.1733939544561885,1.0,0.2027903882050793,0.3371989681199345,1.1232249835936028
388,47,d95c4630fe47b10c,Pneumothorax,off,0.2020769069582718,0.0,0.1556697089215112,0.2570150603650212,1.2006509343995568
388,47,d95c4630fe47b10c,Pneumothorax,on,0.2020769069582718,0.0,0.2414640831817073,0.3889979403640091,0.91194996458231
389,386,91d6999fc87d4e27,Pneumothorax,off,0.1697293978334283,0.0,0.0203029398751934,0.0393464359717221,0.9051938197820858
389,386,91d6999fc87d4e27,Pneumothorax,on,0.1697293978334283,0.0,0.0224517022301693,0.0439157229484099,0.3873023588680924
390,459,75c72eb210b86249,Pneumothorax,off,0.1767417608389495,1.0,0.2258025919104049,0.3674754080763591,1.5877441398611696
390,459,75c72eb210b86249,Pneumothorax,on,0.1767417608389495,1.0,0.2168925978919517,0.3564673759953689,1.437472344910329
391,480,bd80adc504f70e0c,Pneumothorax,off,0.17655171069495,0.0,0.142565150712612,0.2491552923263347,1.199700303902652
391,480,bd80adc504f70e0c,Pneumothorax,on,0.17655171069495,0.0,0.16678360864519,0.2858856077750344,1.23192855707548
392,505,083150264aaf7e8a,Pneumothorax,off,0.1826138229804735,1.0,0.4782733001588138,0.6430907771090505,2.1998981658914945
392,505,083150264aaf7e8a,Pneumothorax,on,0.1826138229804735,1.0,0.3852894333295655,0.5562521344886495,2.0921316089922684
393,541,4bd35cb23907f01a,Pneumothorax,off,0.1878962423675375,0.0,0.1585029436927266,0.2728024646637766,1.569729602783536
393,541,4bd35cb23907f01a,Pneumothorax,on,0.1878962423675375,0.0,0.1533643182422852,0.2659369468747249,1.4195771407059057
394,549,5b9725714acf0d0d,Pneumothorax,off,0.1609481065645269,1.0,0.2488770311159739,0.3984739422430962,1.8872092839078287
394,549,5b9725714acf0d0d,Pneumothorax,on,0.1609481065645269,1.0,0.2297717448088104,0.373679447034813,1.93426245301975
395,594,72f534e34c7697a5,Pneumothorax,off,0.2357304016880351,0.0,0.0529093561652762,0.1003005900888972,1.9304362565030653
395,594,72f534e34c7697a5,Pneumothorax,on,0.2357304016880351,0.0,0.05134188867435,0.0976689193657326,1.8850913869404724
396,604,dbd9a729c36f7908,Pneumothorax,off,0.1682138697620474,0.0,0.0099062147477653,0.0194269571218021,0.7420281099537029
396,604,dbd9a729c36f7908,Pneumothorax,on,0.1682138697620474,0.0,0.0137022286874737,0.0270332562729607,0.1397425280994908
397,654,3b135865c9bd3209,Pneumothorax,off,0.1905764367059924,0.0,0.1611190519099481,0.2773963250749178,1.1217370599003855
397,654,3b135865c9bd3209,Pneumothorax,on,0.1905764367059924,0.0,0.1633668633714006,0.2808513888957936,0.810765273551182
398,676,680cec365dfd5521,Pneumothorax,off,0.201438533397658,0.0,0.0368816940248729,0.0710367541137317,1.2817259509611556
398,676,680cec365dfd5521,Pneumothorax,on,0.201438533397658,0.0,0.0444866988930709,0.0851838339522084,1.4362002075691165
399,681,2b05e8dc83f32556,Pneumothorax,off,0.218192184553309,0.0,0.154876483103888,0.2671142380360076,1.3659926595721286
399,681,2b05e8dc83f32556,Pneumothorax,on,0.218192184553309,0.0,0.1934505113635599,0.324181752728859,1.6458623043290233
400,685,54b647e0838ab12b,Pneumothorax,off,0.1683844275835855,0.0,0.0001657814754551,0.0003312883435582,0.5732171194172062
400,685,54b647e0838ab12b,Pneumothorax,on,0.1683844275835855,0.0,0.0386191424943417,0.0743565744895858,0.2270554406859934
401,693,ce907c9fb434e83e,Pneumothorax,off,0.1736717200512648,1.0,0.4871585602318603,0.6548356672423966,2.1022329902580896
401,693,ce907c9fb434e83e,Pneumothorax,on,0.1736717200512648,1.0,0.4238166757423724,0.595318860458355,1.957339460996008
402,694,863b09154d53ef8c,Pneumothorax,off,0.1809131178457085,1.0,0.5570466339334826,0.7136937418159558,2.4120759663772016
402,694,863b09154d53ef8c,Pneumothorax,on,0.1809131178457085,1.0,0.4458786216155196,0.6167558525089645,2.111744405112433
403,696,dca7b95062e41fc2,Pneumothorax,off,0.1909272985102992,0.0,0.3967935649804232,0.5494724579329999,1.7352944656478877
403,696,dca7b95062e41fc2,Pneumothorax,on,0.1909272985102992,0.0,0.4151820982070943,0.5684893222796138,1.5543971337024522
404,785,cd055a12d0f444bd,Pneumothorax,off,0.2132606269705519,0.0,0.0849197498546623,0.1560117940179715,1.7425778119468205
404,785,cd055a12d0f444bd,Pneumothorax,on,0.2132606269705519,0.0,0.0783765084184861,0.145358642936175,2.044657435639724
405,819,486450c9693f6c41,Pneumothorax,off,0.1836907737964709,1.0,0.252377650199639,0.4011702292396576,1.2612366965677348
405,819,486450c9693f6c41,Pneumothorax,on,0.1836907737964709,1.0,0.2984917449896855,0.4597475648686561,0.8724254494642956
406,822,787ac5e42fd1ee38,Pneumothorax,off,0.1591304474949929,0.0,0.0184344663602198,0.0351859707804146,0.7312440580019831
406,822,787ac5e42fd1ee38,Pneumothorax,on,0.1591304474949929,0.0,0.0,0.0,-0.206544661166159
407,850,515b071541fd8afb,Pneumothorax,off,0.2225146070591445,0.0,0.1251684879163104,0.2218711090404913,1.321870336518205
407,850,515b071541fd8afb,Pneumothorax,on,0.2225146070591445,0.0,0.1438374761492427,0.251495925580692,1.410497995137914
408,866,7f7981c486c13785,Pneumothorax,off,0.1569229419762291,0.0,0.2975393620846787,0.4557634111628305,1.496064105774768
408,866,7f7981c486c13785,Pneumothorax,on,0.1569229419762291,0.0,0.2799123940901702,0.4373857841438209,1.4006458446794234
409,884,c12602e668a07ed2,Pneumothorax,off,0.1689107202900457,0.0,0.0387998980329649,0.07311887093005,0.9359843653362242
409,884,c12602e668a07ed2,Pneumothorax,on,0.1689107202900457,0.0,0.0580572336943872,0.1097380861564244,0.5220422755041765
410,889,debf8fe52669bd1f,Pneumothorax,off,0.2127928112314762,0.0,0.0748192161661009,0.1391293757446519,1.3347484638096243
410,889,debf8fe52669bd1f,Pneumothorax,on,0.2127928112314762,0.0,0.0821872298967436,0.1518908017911358,1.3518098825820777
411,916,481cbda5ec11e46c,Pneumothorax,off,0.2128902728437836,1.0,0.0730540454604295,0.1357548066866664,1.9568775715567597
411,916,481cbda5ec11e46c,Pneumothorax,on,0.2128902728437836,1.0,0.0632356321753906,0.1189489839920083,1.99962195699032
412,925,39c315cbbe298bb1,Pneumothorax,off,0.179285508920174,0.0,0.0988876026064806,0.1797583005887356,1.6866899181724269
412,925,39c315cbbe298bb1,Pneumothorax,on,0.179285508920174,0.0,0.0937512629069293,0.1714294498639128,1.7749244117125784
413,940,193ba2b929433519,Pneumothorax,off,0.15373107417316,0.0,0.3051288009651539,0.4674887613420251,2.171566580109707
413,940,193ba2b929433519,Pneumothorax,on,0.15373107417316,0.0,0.2820701220189705,0.4400184715762767,2.639830879658549
414,981,f15cb57b356991a4,Pneumothorax,off,0.1433562855430317,0.0,0.1314978575471345,0.2303505888809848,1.42029228354466
414,981,f15cb57b356991a4,Pneumothorax,on,0.1433562855430317,0.0,0.1645812022506919,0.2826417070771065,1.3418786796010025
415,988,009742263c8e7733,Pneumothorax,off,0.1904789750936849,0.0,0.3894636821023466,0.555664631142861,2.2065162476218387
415,988,009742263c8e7733,Pneumothorax,on,0.1904789750936849,0.0,0.3139197966188402,0.4778254752536542,2.478709178902566
416,991,555d178e00bc7c1e,Pneumothorax,off,0.2067014604622604,0.0,0.0053114329467686,0.0104590074267714,0.6088462569388586
416,991,555d178e00bc7c1e,Pneumothorax,on,0.2067014604622604,0.0,0.0014329340384974,0.0028615884402029,-0.4152248351444411
417,1036,ca6f95a119b85590,Pneumothorax,off,0.2137138234677816,0.0,0.0566477777489322,0.10686300662669,2.0003362243575507
417,1036,ca6f95a119b85590,Pneumothorax,on,0.2137138234677816,0.0,0.0673604635272199,0.126217522765994,2.044618431063988
418,1046,aad8f99bada1cb5d,Pneumothorax,off,0.2061459292721079,0.0,0.2853525584967953,0.4437939056756109,1.1134044923781972
418,1046,aad8f99bada1cb5d,Pneumothorax,on,0.2061459292721079,0.0,0.2911922475590602,0.4510416433464515,0.9081505300623774
419,1047,4d393cd50c54b936,Pneumothorax,off,0.1912050641053755,0.0,0.0559677782069546,0.1054654977808692,1.24481311754143
419,1047,4d393cd50c54b936,Pneumothorax,on,0.1912050641053755,0.0,0.0691531964650071,0.129360540135511,1.115989770538844
420,1049,6634689c6ead98e8,Pneumothorax,off,0.1697732555589667,1.0,0.4685398223841376,0.6343459694034668,1.7105544800439043
420,1049,6634689c6ead98e8,Pneumothorax,on,0.1697732555589667,1.0,0.4583750313468486,0.6285964279177593,1.4829694046641628
421,1055,0748d125d669cd46,Pneumothorax,off,0.2032318270641151,0.0,0.0040073075874087,0.0079334924339087,0.9725040756634014
421,1055,0748d125d669cd46,Pneumothorax,on,0.2032318270641151,0.0,0.0077090645902392,0.0152998136100684,0.5252164829448276
422,1104,2f16e873dc93d803,Pneumothorax,off,0.196848091457977,0.0,0.054062657427525,0.1025260625053713,1.5208599134047185
422,1104,2f16e873dc93d803,Pneumothorax,on,0.196848091457977,0.0,0.0555075870583422,0.1051768077204237,1.923402715437276
423,1127,d907b10e78a3c460,Pneumothorax,off,0.2019648261041182,0.0,0.0022332264140435,0.0044200323761727,0.7870961823355747
423,1127,d907b10e78a3c460,Pneumothorax,on,0.2019648261041182,0.0,0.0,0.0,-0.4335556379182844
424,1135,3485119c4592cd19,Pneumothorax,off,0.2119936260105551,0.0,0.2145417679217727,0.3495763284049618,1.662739206018992
424,1135,3485119c4592cd19,Pneumothorax,on,0.2119936260105551,0.0,0.2507421889598443,0.4009375819942332,2.1200975818881798
425,1152,15731a6cde76fdc2,Pneumothorax,off,0.2045183203465735,0.0,0.3867081455165652,0.557721085982808,1.7427602192418523
425,1152,15731a6cde76fdc2,Pneumothorax,on,0.2045183203465735,0.0,0.3928499196223771,0.5640951079543509,1.445130587830643
426,1158,794c32900dac02b8,Pneumothorax,off,0.1881009117533831,1.0,0.3232711429263653,0.4879981134383684,1.6451393688839695
426,1158,794c32900dac02b8,Pneumothorax,on,0.1881009117533831,1.0,0.3471619929420136,0.5153974095163706,1.3549426189629954
427,28,a570482c949ce5cf,Consolidation,off,0.1635600777743666,1.0,0.1583005976105663,0.2687935680187293,1.1962859911545836
427,28,a570482c949ce5cf,Consolidation,on,0.1635600777743666,1.0,0.4354462901437346,0.6066900227943528,0.8850595107123672
428,155,ba67098ed4462110,Consolidation,off,0.1545400055553119,1.0,0.4232988369087092,0.5855355989392267,1.7528493986530138
428,155,ba67098ed4462110,Consolidation,on,0.1545400055553119,1.0,0.6129646146900762,0.7600471752793967,1.5042254244468978
429,264,0c2af963db3db5b3,Consolidation,off,0.1431954738827244,1.0,0.5440610428147059,0.6911113184162434,3.508896646315309
429,264,0c2af963db3db5b3,Consolidation,on,0.1431954738827244,1.0,0.1493227367178184,0.2598340503304376,2.7513389338871783
430,290,cc44c54a66347671,Consolidation,off,0.1189324054987841,1.0,0.5214979109675278,0.679497426699433,2.34781861694473
430,290,cc44c54a66347671,Consolidation,on,0.1189324054987841,1.0,0.7508053611136958,0.8576671065809066,3.839272196739805
431,390,7d3c20f80e870ec2,Consolidation,off,0.1541501591060821,1.0,0.2505164639480289,0.4004397920127628,1.5183752561153736
431,390,7d3c20f80e870ec2,Consolidation,on,0.1541501591060821,1.0,0.2571832334372272,0.4091417264689473,1.3428861498349869
432,391,9958d21d8d9fe67b,Consolidation,off,0.1367581343898172,1.0,0.2837045123953289,0.4364140110306711,0.912932638257985
432,391,9958d21d8d9fe67b,Consolidation,on,0.1367581343898172,1.0,0.4111876869207235,0.5827313240459095,0.8701066894284007
433,462,eaf68dbfa68ef84c,Consolidation,off,0.1582727853066873,0.0,0.1710125341103879,0.2786808375620735,1.2876421504344255
433,462,eaf68dbfa68ef84c,Consolidation,on,0.1582727853066873,0.0,0.3432655593134702,0.5110887588759504,1.1381674290695671
434,467,9204afd0723591d5,Consolidation,off,0.1367435151479711,1.0,0.6115396110905079,0.7542842294512024,2.526590847130344
434,467,9204afd0723591d5,Consolidation,on,0.1367435151479711,1.0,0.6097932806154194,0.7575907893855165,2.953999651983914
435,481,8c96285409af9413,Consolidation,off,0.1368458498408939,1.0,0.2876407909434353,0.4380024106964605,1.7079773924782498
435,481,8c96285409af9413,Consolidation,on,0.1368458498408939,1.0,0.6434617620654848,0.7830461396636708,1.492759298878533
436,493,9c731e6925e3a373,Consolidation,off,0.2051128361816489,1.0,0.4551833349581436,0.6090992634319732,1.398993824317906
436,493,9c731e6925e3a373,Consolidation,on,0.2051128361816489,1.0,0.4397199855881754,0.5982563196463876,0.8919662506587502
437,515,566905aac57a9887,Consolidation,off,0.1038599671554366,1.0,0.4377929874264096,0.6063873150161354,3.104808258664161
437,515,566905aac57a9887,Consolidation,on,0.1038599671554366,1.0,0.1547792111399327,0.2679668929772951,3.4532115815173405
438,517,6ec825316e840dc6,Consolidation,off,0.1517477303627034,1.0,0.1764827485805794,0.2933362203185797,1.226721895294309
438,517,6ec825316e840dc6,Consolidation,on,0.1517477303627034,1.0,0.4440704614936672,0.6150123153638166,0.9404115905483172
439,522,e2775a9e9b9b05d3,Consolidation,off,0.1272312617867637,1.0,0.6333261650483445,0.7743435338272608,2.6970113902751414
439,522,e2775a9e9b9b05d3,Consolidation,on,0.1272312617867637,1.0,0.5819704010748301,0.7357417412396593,3.77806026680168
440,535,6a0296c529692b25,Consolidation,off,0.1425960849670336,1.0,0.2471514913308627,0.3952607194864124,1.7710604540895325
440,535,6a0296c529692b25,Consolidation,on,0.1425960849670336,1.0,0.2867452867800078,0.445688168119929,1.9592945477058377
441,560,5d2d21a971eb5670,Consolidation,off,0.1573907577153049,1.0,0.2628840561086656,0.4099777602261903,1.300431528963688
441,560,5d2d21a971eb5670,Consolidation,on,0.1573907577153049,1.0,0.4173555698063901,0.5889032562579789,0.8693622527411746
442,561,fbc80b00ea93a76d,Consolidation,off,0.1285421204722989,1.0,0.4678515816257226,0.6340089355604244,2.681445319886181
442,561,fbc80b00ea93a76d,Consolidation,on,0.1285421204722989,1.0,0.3375632633914091,0.5047237770316503,3.2928209428080426
443,569,0bfd45dece853b5b,Consolidation,off,0.1440092783454916,1.0,0.6143974079567731,0.7558452086200826,2.274864490461169
443,569,0bfd45dece853b5b,Consolidation,on,0.1440092783454916,1.0,0.6499288756498522,0.7878104696515137,3.418961147734403
444,570,fd4f48c668b17706,Consolidation,off,0.100019979630523,0.0,0.2394816404639045,0.3807918503382644,2.1553466696193944
444,570,fd4f48c668b17706,Consolidation,on,0.100019979630523,0.0,0.298699554396703,0.4599905888433148,3.18855638130188
445,574,a8e3c4f43e541154,Consolidation,off,0.1339171283910549,1.0,0.3868977272993301,0.5552146580038793,0.978547846069589
445,574,a8e3c4f43e541154,Consolidation,on,0.1339171283910549,1.0,0.461380656533165,0.6314303640884303,0.9498734056605372
446,584,b2c46c4046f49e51,Consolidation,off,0.174198012757725,1.0,0.4641375037533921,0.6257974011488109,1.8969548239846572
446,584,b2c46c4046f49e51,Consolidation,on,0.174198012757725,1.0,0.6040140140842212,0.7531279529963263,1.5197696486252716
447,608,225e15fe6310d743,Consolidation,off,0.0994254637954475,1.0,0.3196511810409587,0.4750630038257011,3.651551937625413
447,608,225e15fe6310d743,Consolidation,on,0.0994254637954475,1.0,0.1742296936029787,0.296741687841669,3.422481145627321
448,615,366cb9cb3bb951f1,Consolidation,off,0.1222850849621605,1.0,0.6252119433426776,0.7690421038364583,2.283593599864939
448,615,366cb9cb3bb951f1,Consolidation,on,0.1222850849621605,1.0,0.5943359276689832,0.7455507835292597,2.484569531197572
449,616,e22c3e000c4e88fe,Consolidation,off,0.1509631643836284,1.0,0.3130403956194359,0.4719102722980463,1.5440558535968674
449,616,e22c3e000c4e88fe,Consolidation,on,0.1509631643836284,1.0,0.4757167242735248,0.6447171075154141,0.977665131082962
450,633,b9ced1f944e75887,Consolidation,off,0.1256377644255369,1.0,0.5086762507915805,0.6659777403806589,3.238268435595653
450,633,b9ced1f944e75887,Consolidation,on,0.1256377644255369,1.0,0.2795171326868921,0.4368907533573096,3.198378607286512
451,636,b01b91f217819dee,Consolidation,off,0.1190591055947838,1.0,0.3382956398472703,0.5053798901989405,2.0886491818847537
451,636,b01b91f217819dee,Consolidation,on,0.1190591055947838,1.0,0.2708905086776881,0.4262953774394631,2.6202463208160567
452,643,6afdc26213cbad6c,Consolidation,off,0.15902811280207,1.0,0.5296586092282647,0.6894221484928688,1.9159351145456909
452,643,6afdc26213cbad6c,Consolidation,on,0.15902811280207,1.0,0.6177099883778786,0.7636833981023026,1.5507060622019184
453,645,3b0cd1a00fe5ab83,Consolidation,off,0.1387804628451968,1.0,0.3672057278183998,0.5370744320455098,2.199812962749456
453,645,3b0cd1a00fe5ab83,Consolidation,on,0.1387804628451968,1.0,0.2958164323192856,0.4565498796374539,2.7055559019740385
454,646,9523a52edd5e2cb2,Consolidation,off,0.1254379681203066,0.0,0.3240283709058495,0.4813810945888521,1.9377119223660448
454,646,9523a52edd5e2cb2,Consolidation,on,0.1254379681203066,0.0,0.4744024940266344,0.6435179736580916,2.345721264648709
455,655,57cc42476bc58a45,Consolidation,off,0.1486874357362493,1.0,0.4168827926882532,0.585214853761989,2.774860767638597
455,655,57cc42476bc58a45,Consolidation,on,0.1486874357362493,1.0,0.1599704601286973,0.2758006733751469,2.7276518978745106
456,663,318d6d46d9b1cbfe,Consolidation,off,0.1199362601055509,1.0,0.1607066139061616,0.2747275929269671,1.0014291809396434
456,663,318d6d46d9b1cbfe,Consolidation,on,0.1199362601055509,1.0,0.3293427591537702,0.495474374523301,0.740360206686947
457,664,a77657cf1d66efeb,Consolidation,off,0.1642276898186726,1.0,0.3236420292775515,0.4826107732754536,1.9093185137309765
457,664,a77657cf1d66efeb,Consolidation,on,0.1642276898186726,1.0,0.3903154090027937,0.5614732299490385,2.2328382625230674
458,665,f882c58f4f53f944,Consolidation,off,0.1618350072365247,1.0,0.5739605413154227,0.7254645422839098,2.011203604560617
458,665,f882c58f4f53f944,Consolidation,on,0.1618350072365247,1.0,0.6710932074730688,0.8031778260061134,1.6713994181903715
459,666,3a2942da2da9a581,Consolidation,off,0.173949485646341,1.0,0.5213318174469046,0.6828314448482425,1.9218260299090528
459,666,3a2942da2da9a581,Consolidation,on,0.173949485646341,1.0,0.5947611569976303,0.7458922708108789,1.5977231754831978
460,672,b981be74894de22a,Consolidation,off,0.1254915720070757,1.0,0.482243878317432,0.6482977721764535,1.0578438850716698
460,672,b981be74894de22a,Consolidation,on,0.1254915720070757,1.0,0.4922869603002736,0.6597660172477497,1.1601464790988307
461,697,6c78ef6d944d3f83,Consolidation,off,0.1440385168291839,1.0,0.4896517133116373,0.6569877234964394,1.6245332172662013
461,697,6c78ef6d944d3f83,Consolidation,on,0.1440385168291839,1.0,0.5208557130162198,0.6849507953517071,1.457996483539558
462,700,e54914530f4e5858,Consolidation,off,0.1253063949436915,0.0,0.185343909660263,0.3125900562540648,1.7469142054123885
462,700,e54914530f4e5858,Consolidation,on,0.1253063949436915,0.0,0.1787702971939076,0.3033152875177752,2.0233656741933426
463,702,25a61b8420e7fe65,Consolidation,off,0.1480246967725587,1.0,0.1440887222906213,0.2510808755504483,0.9949623982547068
463,702,25a61b8420e7fe65,Consolidation,on,0.1480246967725587,1.0,0.2137316059282056,0.3521863327001784,0.6746425438831261
464,708,96f41434652764ac,Consolidation,off,0.1519670189903951,1.0,0.4473820324218472,0.6118606017763032,2.469720323473423
464,708,96f41434652764ac,Consolidation,on,0.1519670189903951,1.0,0.4130151662889541,0.5845669970721421,2.870201604882292
465,713,9febde28b37da9ca,Consolidation,off,0.1431808546408783,1.0,0.2034050103502175,0.3317757836306603,0.8447794334149082
465,713,9febde28b37da9ca,Consolidation,on,0.1431808546408783,1.0,0.3906077409511032,0.5617797934481666,0.7764093859298897
466,723,16b3c75128d0e2b7,Consolidation,off,0.156752384154691,1.0,0.2768758405282242,0.4231013685218411,1.3359041118074682
466,723,16b3c75128d0e2b7,Consolidation,on,0.156752384154691,1.0,0.3578498170636328,0.5213143541770988,1.2857872773965204
467,726,34b6451794687173,Consolidation,off,0.145714856560872,1.0,0.7418660715288041,0.8491867338220743,3.0124002220894828
467,726,34b6451794687173,Consolidation,on,0.145714856560872,1.0,0.654162250198313,0.79091236707403,3.974744840363977
468,746,1858786fb0104114,Consolidation,off,0.1171878426384807,1.0,0.5276417464960568,0.6816245168222751,2.36979101762954
468,746,1858786fb0104114,Consolidation,on,0.1171878426384807,1.0,0.6673086208610421,0.8004363893667646,3.7387240146310727
469,747,9edfec1897db1848,Consolidation,off,0.1007363224809828,1.0,0.5977080173417544,0.7405914785854162,2.20910888486142
469,747,9edfec1897db1848,Consolidation,on,0.1007363224809828,1.0,0.4432952816065025,0.6140941392776738,3.642581883375097
470,753,4234a6fc45a40e5f,Consolidation,off,0.1199070216218586,1.0,0.2948398032105996,0.4506755484405147,2.561938498379466
470,753,4234a6fc45a40e5f,Consolidation,on,0.1199070216218586,1.0,0.157715761772893,0.2724320397870644,3.1056319624275064
471,767,8d02fb4e96fdfef7,Consolidation,off,0.1397209674039637,1.0,0.3473516784406314,0.5046114208970914,3.1946888551671337
471,767,8d02fb4e96fdfef7,Consolidation,on,0.1397209674039637,1.0,0.1481356134290396,0.2580344636887944,2.768415088809511
472,771,62f1a81c8f18443c,Consolidation,off,0.1546715787319269,1.0,0.3396956190044209,0.4993520218914983,1.3643743066128582
472,771,62f1a81c8f18443c,Consolidation,on,0.1546715787319269,1.0,0.4855721574902775,0.6537071479789897,1.0004848868397196
473,781,401672585661dd1d,Consolidation,off,0.167906865683279,1.0,0.4073806609547123,0.5755272466583209,1.7131496199484462
473,781,401672585661dd1d,Consolidation,on,0.167906865683279,1.0,0.5201744186046511,0.6843546601002375,1.0808534231704254
474,795,5029aee0e9c572fa,Consolidation,off,0.109200863509885,1.0,0.5189546219431351,0.6825909192155188,1.3324452128987292
474,795,5029aee0e9c572fa,Consolidation,on,0.109200863509885,1.0,0.4514687550632211,0.6220692914422994,1.3283911789775955
475,805,2e8aac35ec38a7ab,Consolidation,off,0.1370748846298164,1.0,0.2819685234184139,0.4341644649618147,1.0827480371461138
475,805,2e8aac35ec38a7ab,Consolidation,on,0.1370748846298164,1.0,0.4043981449516396,0.5759018311116557,0.8428492794731499
476,809,a261584c8fbb576f,Consolidation,off,0.1564989839626916,1.0,0.2519974563696743,0.3969394364090802,1.3314717010900516
476,809,a261584c8fbb576f,Consolidation,on,0.1564989839626916,1.0,0.4433503684384729,0.6143236652346362,0.9318177822578648
477,828,412bc3003e46d430,Consolidation,off,0.1733549698112655,0.0,0.0881004585958164,0.161423757735056,1.3819697277341418
477,828,412bc3003e46d430,Consolidation,on,0.1733549698112655,0.0,0.092401385426736,0.1691704797414288,1.3535254507991836
478,831,d9f965aa6ea5cf7f,Consolidation,off,0.137684019706738,1.0,0.3203545548654244,0.4799719719209679,1.7047462610098054
478,831,d9f965aa6ea5cf7f,Consolidation,on,0.137684019706738,1.0,0.5891401993160783,0.7414440712244337,1.2763728116760915
479,834,0883fbcd6ee1ea30,Consolidation,off,0.1556023371294631,1.0,0.2008374582614868,0.3297210894877471,0.842492267716118
479,834,0883fbcd6ee1ea30,Consolidation,on,0.1556023371294631,1.0,0.4440113940318312,0.6149578491323162,0.9117245093924848
480,839,faa9569ebbe0f9c1,Consolidation,off,0.1066083846225068,1.0,0.2953224131394366,0.4502342123831114,0.9513932381453823
480,839,faa9569ebbe0f9c1,Consolidation,on,0.1066083846225068,1.0,0.402969817584499,0.5744413603125598,1.044025346435256
481,845,4342545b77359fb5,Consolidation,off,0.1313587610679843,1.0,0.4023287573605146,0.5568086561134914,2.977555496886967
481,845,4342545b77359fb5,Consolidation,on,0.1313587610679843,1.0,0.1992714816046619,0.3323035139961879,2.96944262935544
482,859,d8cc11c0d6fc40a9,Consolidation,off,0.1702995482654269,1.0,0.4291246014328925,0.6003389640596308,1.5888568956060491
482,859,d8cc11c0d6fc40a9,Consolidation,on,0.1702995482654269,1.0,0.4449581617916298,0.6158767623791546,1.1914592903952312
483,862,5c3c4c028b21c939,Consolidation,off,0.1502663138556301,1.0,0.4734766060130225,0.6416015828991284,2.0586969877395638
483,862,5c3c4c028b21c939,Consolidation,on,0.1502663138556301,1.0,0.4670206732937291,0.6366862239051465,2.0251083185129906
484,864,bdacdcb26faebfe0,Consolidation,off,0.1049125525683571,1.0,0.6984968790341941,0.8209109421132448,3.488675418802974
484,864,bdacdcb26faebfe0,Consolidation,on,0.1049125525683571,1.0,0.3221115545023688,0.48722351727,3.683796363550604
485,873,fcc6cf25e734d353,Consolidation,off,0.1342874825178233,1.0,0.3121287292452206,0.4705598119199211,1.282264183500127
485,873,fcc6cf25e734d353,Consolidation,on,0.1342874825178233,1.0,0.4460706489382813,0.6169283646208934,0.9463919486980468
486,874,2f8c1ad1a08b33f0,Consolidation,off,0.1679117387638943,1.0,0.3598054223032241,0.526073439556095,1.841600484494163
486,874,2f8c1ad1a08b33f0,Consolidation,on,0.1679117387638943,1.0,0.3712201048999943,0.5414410427483893,1.8211005003841356
487,875,13914e356156cdbc,Consolidation,off,0.1102680681646516,1.0,0.4203759298769123,0.5844469177423764,1.8773857069239728
487,875,13914e356156cdbc,Consolidation,on,0.1102680681646516,1.0,0.6108656757623114,0.7584313896535925,2.1471589217131206
488,876,8f6bc0764cb909a2,Consolidation,off,0.1441116130384145,1.0,0.3633176422579338,0.5294196491440459,2.3349569286413514
488,876,8f6bc0764cb909a2,Consolidation,on,0.1441116130384145,1.0,0.2443426864158241,0.3926822758796409,2.8210633846421103
489,883,2a297ecb96cbdf5e,Consolidation,off,0.1507779873202442,1.0,0.468915292673273,0.636978418178694,1.899182300870756
489,883,2a297ecb96cbdf5e,Consolidation,on,0.1507779873202442,1.0,0.4460828159373846,0.6169505573246657,1.7801215321817108
490,885,ecc8fa1a45887b14,Consolidation,off,0.151377376235935,1.0,0.3448135421635732,0.5054775085957444,1.3265370627936852
490,885,ecc8fa1a45887b14,Consolidation,on,0.151377376235935,1.0,0.4672437648621511,0.6368970655628445,1.1382450473964172
491,886,0e6c4727d672f341,Consolidation,off,0.1717078685632696,1.0,0.4188434634504717,0.5898633803645359,1.616532759299239
491,886,0e6c4727d672f341,Consolidation,on,0.1717078685632696,1.0,0.4391161745161782,0.6102579248360399,1.236847340854111
492,899,1e0761e8352e8e7a,Consolidation,off,0.1343703248882846,1.0,0.6729733575184216,0.7987310702345038,2.5227979214780465
492,899,1e0761e8352e8e7a,Consolidation,on,0.1343703248882846,1.0,0.7665014756188977,0.8678144545966562,3.330834095147841
493,923,9e0f921c7684ff3a,Consolidation,off,0.1398769059836556,1.0,0.3113399388108911,0.4723446757398433,1.8173668295382657
493,923,9e0f921c7684ff3a,Consolidation,on,0.1398769059836556,1.0,0.2455048207867225,0.3942106734697743,1.7531135957143738
494,931,51a3708674a10295,Consolidation,off,0.1457343488833336,1.0,0.5835310930566195,0.7308724074410231,2.974410688319734
494,931,51a3708674a10295,Consolidation,on,0.1457343488833336,1.0,0.3806354578703884,0.55134434413036,3.2082712232666166
495,935,ba3866d683193aa0,Consolidation,off,0.1239175669683103,1.0,0.3920457336668025,0.5590730880178761,2.6279887012882805
495,935,ba3866d683193aa0,Consolidation,on,0.1239175669683103,1.0,0.223246963001241,0.3649983287397699,3.0020636584529683
496,942,82c85fc4dd874b40,Consolidation,off,0.1262225340993816,1.0,0.523525441615595,0.6854966559320259,1.9657991179942096
496,942,82c85fc4dd874b40,Consolidation,on,0.1262225340993816,1.0,0.5393431970606158,0.7007388640625359,1.8651711511546711
497,946,a677aa1f5b36b700,Consolidation,off,0.1329230199455189,1.0,0.247231415618662,0.388943706896096,0.9604142533856592
497,946,a677aa1f5b36b700,Consolidation,on,0.1329230199455189,1.0,0.4456860722167709,0.6165615774215005,0.9334309841868024
498,948,86e3166f932d743b,Consolidation,off,0.1150924179738705,1.0,0.1846579783522114,0.3091095497627641,1.1153922740012896
498,948,86e3166f932d743b,Consolidation,on,0.1150924179738705,1.0,0.3675203439230456,0.5374814686399846,0.7909520058990083
499,958,18a81f0eb7e51290,Consolidation,off,0.1525030578580861,1.0,0.3533126849810153,0.5178784273148351,1.1292658142083158
499,958,18a81f0eb7e51290,Consolidation,on,0.1525030578580861,1.0,0.2577226506497374,0.4098001777850213,0.9640514104449348
500,964,8397370f06feee51,Consolidation,off,0.1367191497448942,1.0,0.2977178030026898,0.4540356586375411,1.4822869309229074
500,964,8397370f06feee51,Consolidation,on,0.1367191497448942,1.0,0.5653407331238643,0.7223122145068039,1.2755862539251033
501,965,8377ec046dff9195,Consolidation,off,0.1407686797362689,1.0,0.5626792874878275,0.7190409561492267,2.797000702712087
501,965,8377ec046dff9195,Consolidation,on,0.1407686797362689,1.0,0.2051269471197291,0.3403668394327603,2.9424669846192195
502,968,82dc03895b02069c,Consolidation,off,0.1538577742691597,1.0,0.4396263129380037,0.597186803197878,2.7520221934684703
502,968,82dc03895b02069c,Consolidation,on,0.1538577742691597,1.0,0.2800929495362618,0.4375898456115188,2.8615435188460654
503,986,704c28a31e97e69f,Consolidation,off,0.1406760912045768,1.0,0.4760710987125749,0.6419897455097981,1.819545847487476
503,986,704c28a31e97e69f,Consolidation,on,0.1406760912045768,1.0,0.5660896212674636,0.7229338619793103,1.6190015527391248
504,990,5d20a85044d09721,Consolidation,off,0.130281810251987,1.0,0.3025673154148961,0.4525870365107338,3.0802401373420483
504,990,5d20a85044d09721,Consolidation,on,0.130281810251987,1.0,0.182656940437935,0.3088787512994172,2.964524792909638
505,993,80ce437091158308,Consolidation,off,0.1711913220180401,1.0,0.3708375486062748,0.5303889364160552,1.457344542595244
505,993,80ce437091158308,Consolidation,on,0.1711913220180401,1.0,0.4925848292420031,0.6600190600460835,1.0458783939661085
506,1009,433b8e95e8312da9,Consolidation,off,0.1266611113547651,1.0,0.507765679773804,0.6734953776047561,2.2568241590319413
506,1009,433b8e95e8312da9,Consolidation,on,0.1266611113547651,1.0,0.4889797992880663,0.6567977018763956,2.563763315493184
507,1015,3c0096e17cc2688d,Consolidation,off,0.1671028073817425,1.0,0.2846672147819644,0.4383135907639812,1.2650143060995993
507,1015,3c0096e17cc2688d,Consolidation,on,0.1671028073817425,1.0,0.3565592327266506,0.5256710972063294,0.7752722423810051
508,1030,838d7b8777c24cdc,Consolidation,off,0.1102485758421901,1.0,0.4653993800477891,0.6326044963623481,1.978642813839256
508,1030,838d7b8777c24cdc,Consolidation,on,0.1102485758421901,1.0,0.4886621750805534,0.6564917123925508,2.196430840469792
509,1033,cdc87877c8b61123,Consolidation,off,0.1279134930729159,1.0,0.5919028008431175,0.7305730026725474,3.280284201207489
509,1033,cdc87877c8b61123,Consolidation,on,0.1279134930729159,1.0,0.23691790704176,0.3830515669520477,3.1131455916760875
510,1037,4843d8df6c691692,Consolidation,off,0.1522642769079329,1.0,0.4455697759405513,0.6056826773837468,2.0494066327482034
510,1037,4843d8df6c691692,Consolidation,on,0.1522642769079329,1.0,0.6714428308810563,0.8034269684842507,1.7921953496918932
511,1063,4e355df0db0e824f,Consolidation,off,0.1237713745498491,1.0,0.4697608399537821,0.6389675507408731,2.6355328470578363
511,1063,4e355df0db0e824f,Consolidation,on,0.1237713745498491,1.0,0.3746785969283625,0.5451086140433772,2.9890184340827366
512,1072,2b4752466d7dbab3,Consolidation,off,0.130033283140603,1.0,0.5819309945906155,0.7309863146454295,2.1515026051330173
512,1072,2b4752466d7dbab3,Consolidation,on,0.130033283140603,1.0,0.7067442350456151,0.8281780080180573,2.183925094576417
513,1073,77a9f576918dc347,Consolidation,off,0.1396527442753485,1.0,0.5746082665998855,0.7272790835722873,2.1743634145344948
513,1073,77a9f576918dc347,Consolidation,on,0.1396527442753485,1.0,0.6444385210834603,0.7837791001491594,2.1287956294116013
514,1074,6499d2e766d3c4db,Consolidation,off,0.1568547188476139,1.0,0.2307163316109181,0.3690474652111725,1.551607509579371
514,1074,6499d2e766d3c4db,Consolidation,on,0.1568547188476139,1.0,0.4742212456732103,0.6433324753698283,1.0010638535133085
515,1076,8807b14d7d5f1828,Consolidation,off,0.1707381255208105,1.0,0.6412131835602624,0.7742596134215061,2.671050901813587
515,1076,8807b14d7d5f1828,Consolidation,on,0.1707381255208105,1.0,0.5634699773678136,0.7207748626266239,3.0994603091606425
516,1098,d1599ddf61852654,Consolidation,off,0.1764932337275655,1.0,0.2380965391621129,0.3756792194553585,1.253828949548668
516,1098,d1599ddf61852654,Consolidation,on,0.1764932337275655,1.0,0.4021201101936312,0.5735731555930546,0.8619363000988145
517,1121,3802c59c7fb1822d,Consolidation,off,0.1191224556427837,1.0,0.2887111112533956,0.4476293574424723,2.3481513903105755
517,1121,3802c59c7fb1822d,Consolidation,on,0.1191224556427837,1.0,0.2076434148481591,0.3438686769792363,3.145785141963383
518,1123,c32e7ffef11280ca,Consolidation,off,0.1656896140032844,1.0,0.4369185606064497,0.5869486260907977,2.4751046610505005
518,1123,c32e7ffef11280ca,Consolidation,on,0.1656896140032844,1.0,0.1822174620050622,0.3082479605398727,2.578394789368803
519,1131,252929b7917291e3,Consolidation,off,0.1481416507073276,1.0,0.580309021039329,0.732147782126433,2.8359774077596813
519,1131,252929b7917291e3,Consolidation,on,0.1481416507073276,1.0,0.4140143254451797,0.5855731229484378,3.2014103745623994
520,1137,48f46950c6af780a,Consolidation,off,0.1641887051737497,1.0,0.5868838784532883,0.738883126023446,1.7677986610367662
520,1137,48f46950c6af780a,Consolidation,on,0.1641887051737497,1.0,0.6088429705118471,0.7568695392096976,1.49859482117801
521,1156,41875f28d1a6bb51,Consolidation,off,0.1826576807060119,1.0,0.2295849252735785,0.3668670175692317,1.177792457347215
521,1156,41875f28d1a6bb51,Consolidation,on,0.1826576807060119,1.0,0.3892197501256887,0.5603205025434248,0.8073744217627549
522,4,b4cdf6d04b4a2062,Atelectasis,off,0.1015598731049807,1.0,0.3322430534059356,0.4973466899575721,1.479440086565334
522,4,b4cdf6d04b4a2062,Atelectasis,on,0.1015598731049807,1.0,0.4549070827235392,0.6253030238143888,1.693759394732942
523,186,377c879691fc477e,Atelectasis,off,0.1598955211516064,1.0,0.4739452780234078,0.6397919085852314,1.6037310060845804
523,186,377c879691fc477e,Atelectasis,on,0.1598955211516064,1.0,0.4867821807187227,0.6548100991054574,1.5425338845794057
524,205,defa3fe8fbd3bc01,Atelectasis,off,0.1557875141928472,1.0,0.3727138298384653,0.5414941325835142,1.4003847195750354
524,205,defa3fe8fbd3bc01,Atelectasis,on,0.1557875141928472,1.0,0.4159219343518002,0.5874925295157034,0.9187014699927828
525,286,b1c55e29c4405de2,Atelectasis,off,0.1267000959996881,1.0,0.4211379961719727,0.5884020441061277,1.7680169996572874
525,286,b1c55e29c4405de2,Atelectasis,on,0.1267000959996881,1.0,0.5888313323474781,0.7412109679053345,1.7464643997129374
526,347,0d910e15cf3df18e,Atelectasis,off,0.1683795545029701,1.0,0.3719600325934184,0.5377925375550163,1.3820170319820797
526,347,0d910e15cf3df18e,Atelectasis,on,0.1683795545029701,1.0,0.4973572863527396,0.6643108830932396,1.0028677504441397
527,434,08de60a4a7687ffe,Atelectasis,off,0.1163886574175596,1.0,0.5873311230810405,0.7377186770430121,2.143619373549866
527,434,08de60a4a7687ffe,Atelectasis,on,0.1163886574175596,1.0,0.6213573950389263,0.7664614584761797,2.404556720872716
528,445,06ba8137b7b55507,Atelectasis,off,0.1539601089620825,1.0,0.1700237018168554,0.2895632834688556,0.934555145351054
528,445,06ba8137b7b55507,Atelectasis,on,0.1539601089620825,1.0,0.1795012623354277,0.3043610477851939,0.6098825592485212
529,451,3f66ef83bae0f84d,Atelectasis,off,0.1642228167380573,1.0,0.3102725868538049,0.4712855527064665,1.8605223710201888
529,451,3f66ef83bae0f84d,Atelectasis,on,0.1642228167380573,1.0,0.2604339438907882,0.4132339930274276,1.9097915766934253
530,460,0d8a5ccd0a4db0f8,Atelectasis,off,0.1663718452894366,1.0,0.3178307519764783,0.481593929388902,1.1756972088680184
530,460,0d8a5ccd0a4db0f8,Atelectasis,on,0.1663718452894366,1.0,0.3364508080165161,0.5034815699358598,0.9103652104743206
531,470,92fcdf6ded710162,Atelectasis,off,0.1453152639504115,1.0,0.3017392951339349,0.4610858851819087,1.5518550240620927
531,470,92fcdf6ded710162,Atelectasis,on,0.1453152639504115,1.0,0.290233273804781,0.4498777941933352,1.636807014790175
532,478,51426c9cde48119b,Atelectasis,off,0.1519377805067029,1.0,0.2682587796833873,0.4172872377137608,1.2801317111290351
532,478,51426c9cde48119b,Atelectasis,on,0.1519377805067029,1.0,0.4529220984508013,0.6234472985006552,0.940517569518209
533,494,1db4456ab63d12f3,Atelectasis,off,0.1245851790126164,1.0,0.6765658980380569,0.8038174628666912,3.042022096254173
533,494,1db4456ab63d12f3,Atelectasis,on,0.1245851790126164,1.0,0.5283108793252799,0.6913411965545576,3.686974134710724
534,499,c8db963e82f7c785,Atelectasis,off,0.1672489998002037,1.0,0.6134808069916033,0.7577712330260052,2.2649498355604654
534,499,c8db963e82f7c785,Atelectasis,on,0.1672489998002037,1.0,0.6449974504698701,0.7841904087138248,2.010726564149304
535,508,b6cd6a1cabc0249f,Atelectasis,off,0.1587211087233016,1.0,0.3253099370148608,0.4769807351282478,1.7387511750863491
535,508,b6cd6a1cabc0249f,Atelectasis,on,0.1587211087233016,1.0,0.6288689040124017,0.7721366903908283,1.4229504601809506
536,512,ecc77d5112e864b4,Atelectasis,off,0.1783791159257147,1.0,0.4930766709690066,0.6572075749280182,1.600748031034269
536,512,ecc77d5112e864b4,Atelectasis,on,0.1783791159257147,1.0,0.5492574526125285,0.7090544767287695,1.1677663376332703
537,518,1c10dc1ba26ea979,Atelectasis,off,0.1038550940748212,1.0,0.5576554081935045,0.7102359248418244,1.989458776440596
537,518,1c10dc1ba26ea979,Atelectasis,on,0.1038550940748212,1.0,0.6216951963065168,0.7667146130954924,2.2727245309083592
538,565,86181433d554299d,Atelectasis,off,0.1599978558445292,1.0,0.3903355312330732,0.5526628437187829,1.839517397112681
538,565,86181433d554299d,Atelectasis,on,0.1599978558445292,1.0,0.5511255177757066,0.7106048470468505,1.7061732265403688
539,587,167f02788875e917,Atelectasis,off,0.129131763226759,1.0,0.3883982736810161,0.5578940654839475,2.070572753644845
539,587,167f02788875e917,Atelectasis,on,0.129131763226759,1.0,0.3816307162296479,0.552426883052717,2.461429513165048
540,588,c0e12f25e6c003f9,Atelectasis,off,0.134755298256899,1.0,0.3505932815623747,0.5115214681700488,1.7360593273694034
540,588,c0e12f25e6c003f9,Atelectasis,on,0.134755298256899,1.0,0.643153157222394,0.7828203131642384,1.5143331010762322
541,592,e7b6ae7af6d75ad6,Atelectasis,off,0.1261055801646126,1.0,0.4313600916075858,0.5980121843577336,1.7218190018253567
541,592,e7b6ae7af6d75ad6,Atelectasis,on,0.1261055801646126,1.0,0.5207992523277699,0.6848927032654099,1.7500857945891963
542,597,11d809a52453db0a,Atelectasis,off,0.1572689306999205,1.0,0.3126543296294864,0.4751188043155466,0.6053288583949225
542,597,11d809a52453db0a,Atelectasis,on,0.1572689306999205,1.0,0.3594373776281551,0.5288014735025429,0.7414226484206111
543,603,1f38204277c319ea,Atelectasis,off,0.1091131480588083,1.0,0.5166695383346849,0.6812082966427573,2.346632609800945
543,603,1f38204277c319ea,Atelectasis,on,0.1091131480588083,1.0,0.3796690380413257,0.5503546080452344,3.116324286896821
544,606,869cfbde90c5be3f,Atelectasis,off,0.0897134141290099,1.0,0.445199579282434,0.6108975014294388,3.8775421434597006
544,606,869cfbde90c5be3f,Atelectasis,on,0.0897134141290099,1.0,0.1576457811815037,0.2723450008899705,3.5677552732342868
545,612,0a51eadd62ea7d37,Atelectasis,off,0.1315731766150607,1.0,0.5958111732289126,0.7435521127336723,2.1849267927950056
545,612,0a51eadd62ea7d37,Atelectasis,on,0.1315731766150607,1.0,0.6677363572243646,0.8007682864577659,2.1746884212334714
546,621,9a42d6a21dfeba0c,Atelectasis,off,0.1395260441793488,1.0,0.3349141166169812,0.4967793657642118,3.2851287742671365
546,621,9a42d6a21dfeba0c,Atelectasis,on,0.1395260441793488,1.0,0.1002187869733356,0.1821737878789064,2.7127444544763986
547,634,5b3115c94b2fd4f5,Atelectasis,off,0.1327329698015194,1.0,0.596744171554862,0.7466429219434872,2.497033326678054
547,634,5b3115c94b2fd4f5,Atelectasis,on,0.1327329698015194,1.0,0.394334926718615,0.5655781414342396,2.930789623457928
548,678,8839052d4b213766,Atelectasis,off,0.1674439230248186,1.0,0.4153545751483252,0.5823010947468855,1.6760758300013487
548,678,8839052d4b213766,Atelectasis,on,0.1674439230248186,1.0,0.5353708515573046,0.6973828563264528,1.3077956460837212
549,683,f0f9f475b6f58c7a,Atelectasis,off,0.1354618949461281,1.0,0.2636368130511074,0.4130850753513507,0.6502306932603165
549,683,f0f9f475b6f58c7a,Atelectasis,on,0.1354618949461281,1.0,0.35520038323965,0.5242031917551652,0.7223817274974946
550,695,3ea211b9320b58ab,Atelectasis,off,0.173242888957112,0.0,0.3377617772199299,0.5034659097805703,2.4697473219612696
550,695,3ea211b9320b58ab,Atelectasis,on,0.173242888957112,0.0,0.2784271663516196,0.4355745481113862,2.4747587032195764
551,748,a541f9ed0bf11bb3,Atelectasis,off,0.1588867934642242,1.0,0.4640321080648757,0.6303852542495669,2.350720256381901
551,748,a541f9ed0bf11bb3,Atelectasis,on,0.1588867934642242,1.0,0.3309541628922085,0.4973099595632986,2.2852208007967065
552,752,f0176f93c5b15c7a,Atelectasis,off,0.113542778338182,1.0,0.5076521142916708,0.6716166854721338,2.3637901983766234
552,752,f0176f93c5b15c7a,Atelectasis,on,0.113542778338182,1.0,0.5048455197349491,0.6709465347594383,3.167079654645222
553,762,9ccf55673ed4000d,Atelectasis,off,0.1050977296317413,1.0,0.6421173601825918,0.7783735823376039,2.871222521012774
553,762,9ccf55673ed4000d,Atelectasis,on,0.1050977296317413,1.0,0.4313092177275882,0.6026196100501633,4.0061353755799445
554,787,ae3f08592ef8ad5e,Atelectasis,off,0.1583312622740718,0.0,0.1742641170214341,0.2956599015271057,1.210395040589417
554,787,ae3f08592ef8ad5e,Atelectasis,on,0.1583312622740718,0.0,0.1797380908188917,0.3047045619854328,0.95686166391293
555,789,318d8e445e8ecf5e,Atelectasis,off,0.171634772354039,0.0,0.1874090366635719,0.3140431816336401,0.2886601574025575
555,789,318d8e445e8ecf5e,Atelectasis,on,0.171634772354039,0.0,0.2240553193742407,0.3660868794238048,0.421675350740409
556,797,a9dfbf9d846f90fd,Atelectasis,off,0.1578293349706884,1.0,0.2996581799835509,0.4602357444940971,1.089993006786539
556,797,a9dfbf9d846f90fd,Atelectasis,on,0.1578293349706884,1.0,0.332607671933761,0.4991826567855988,0.8594822127590894
557,803,984b40c082cd3573,Atelectasis,off,0.1328937814618267,1.0,0.4050158312387785,0.5717025523622028,1.6442612233813545
557,803,984b40c082cd3573,Atelectasis,on,0.1328937814618267,1.0,0.6091124288899123,0.7570767896459618,1.5779636945717916
558,824,385b8a59b4f6e451,Atelectasis,off,0.1869264993250783,1.0,0.4662067467405308,0.6290851103885065,1.813033380127333
558,824,385b8a59b4f6e451,Atelectasis,on,0.1869264993250783,1.0,0.5599922961658382,0.7179336183154232,1.1746160370663887
559,837,0e7903057b618889,Atelectasis,off,0.1377961005608916,1.0,0.4120679883211569,0.5812737916521616,1.6803054512252873
559,837,0e7903057b618889,Atelectasis,on,0.1377961005608916,1.0,0.4473738783197263,0.6181803959331204,1.825553166791669
560,841,77941632e67bb3a4,Atelectasis,off,0.1291171439849129,1.0,0.3662641936548954,0.5349903233348989,2.097608105493973
560,841,77941632e67bb3a4,Atelectasis,on,0.1291171439849129,1.0,0.2970758577642397,0.4580549957941491,2.4323863422383583
561,847,ca5639aa02e0db66,Atelectasis,off,0.123756755308003,0.0,0.2375901024160814,0.3828028771099591,1.9864235530307608
561,847,ca5639aa02e0db66,Atelectasis,on,0.123756755308003,0.0,0.1751175941739318,0.2980370078875695,1.995783947584831
562,852,dac1670e41cf55a3,Atelectasis,off,0.1694662514801982,1.0,0.4018727073954344,0.5651200927840182,1.6385591080898652
562,852,dac1670e41cf55a3,Atelectasis,on,0.1694662514801982,1.0,0.5792660263944172,0.7335813483925151,1.2475230714698444
563,869,09c4bd6ce78609be,Atelectasis,off,0.1276600928809165,1.0,0.4447305651345326,0.6109846371270942,1.3345782215194448
563,869,09c4bd6ce78609be,Atelectasis,on,0.1276600928809165,1.0,0.537425923686937,0.6991187540198612,1.4171122737529185
564,897,02cb75ca53972049,Atelectasis,off,0.1243561442236939,1.0,0.3838365264428531,0.547903926903337,1.2702884601182716
564,897,02cb75ca53972049,Atelectasis,on,0.1243561442236939,1.0,0.4651248366984908,0.634922818910166,1.2521105064953335
565,920,5d253bd0d0de6db4,Atelectasis,off,0.142732531224264,1.0,0.2003647148616386,0.3216729500116443,1.4722012531480395
565,920,5d253bd0d0de6db4,Atelectasis,on,0.142732531224264,1.0,0.5638907824776072,0.7211357919827897,1.2912971628990335
566,927,2d5108c8eff2ee69,Atelectasis,off,0.1443552670691831,1.0,0.3328476662103639,0.4957307547657913,1.2265719655543397
566,927,2d5108c8eff2ee69,Atelectasis,on,0.1443552670691831,1.0,0.3751194751161987,0.5455690264278368,1.021851866502818
567,960,531cd21c479c115f,Atelectasis,off,0.1254477142815373,1.0,0.2358943334210907,0.3794497887564262,1.2308676338877815
567,960,531cd21c479c115f,Atelectasis,on,0.1254477142815373,1.0,0.420934940582197,0.5924399203887141,1.0311307392704083
568,961,4eaaeffa43a63aa2,Atelectasis,off,0.1343118479209001,1.0,0.4999181124895672,0.6661692620417884,2.111279159212797
568,961,4eaaeffa43a63aa2,Atelectasis,on,0.1343118479209001,1.0,0.3251960941396175,0.490739685297703,2.393357009876022
569,1006,aa5d7467210b16f2,Atelectasis,off,0.1258667992144594,1.0,0.2231875284864056,0.3590474935482197,1.219533501490411
569,1006,aa5d7467210b16f2,Atelectasis,on,0.1258667992144594,1.0,0.5204436246812513,0.6845860071971995,1.1568707676240135
570,1011,25a9407a69b30806,Atelectasis,off,0.1384003625571978,1.0,0.4288089331291459,0.5982545239642484,2.484182322685061
570,1011,25a9407a69b30806,Atelectasis,on,0.1384003625571978,1.0,0.2475051961940574,0.3967813048890566,2.971550219110218
571,1021,a177681245ed41a8,Atelectasis,off,0.1178944393277098,0.0,0.3187524063765605,0.4822721648883677,1.7362504401046368
571,1021,a177681245ed41a8,Atelectasis,on,0.1178944393277098,0.0,0.3604727534827088,0.5299226188118367,2.1824728739880603
572,1057,1939319edcfe6817,Atelectasis,off,0.1290099362113747,1.0,0.3246954494458532,0.4899019564919467,0.796234016668813
572,1057,1939319edcfe6817,Atelectasis,on,0.1290099362113747,1.0,0.3098945939003499,0.4731572405899401,0.7396117789919735
573,1068,6a9cebc92a2e4ea8,Atelectasis,off,0.1685842238888158,1.0,0.4850575300587233,0.644992029768843,1.8162455975081369
573,1068,6a9cebc92a2e4ea8,Atelectasis,on,0.1685842238888158,1.0,0.5944153394557716,0.7456213056793285,1.5623770290497574
574,1077,2252811e46d42f53,Atelectasis,off,0.1564063954309996,1.0,0.5331094689637312,0.6928262871600417,2.1758211018520046
574,1077,2252811e46d42f53,Atelectasis,on,0.1564063954309996,1.0,0.4903674348608958,0.6580236435880993,2.5615596524225897
575,1084,c0dd49da98159e6d,Atelectasis,off,0.139594267307964,0.0,0.0,0.0,0.3743157639882284
575,1084,c0dd49da98159e6d,Atelectasis,on,0.139594267307964,0.0,0.0064213551775509,0.0127457543591582,-0.2311952645719582
576,1088,7dbf2987649f260e,Atelectasis,off,0.1461631799774863,1.0,0.4153301169468845,0.5853813426974928,2.0071106124104205
576,1088,7dbf2987649f260e,Atelectasis,on,0.1461631799774863,1.0,0.4349148196448559,0.6061812290481305,2.329459982470244
577,1091,6562e982e1ab1185,Atelectasis,off,0.162127392073447,1.0,0.4227430432559856,0.5814736945371655,1.770052500757393
577,1091,6562e982e1ab1185,Atelectasis,on,0.162127392073447,1.0,0.509495386684159,0.6750524570066404,1.7007413760097287
578,1124,190bb860bd0fd26b,Atelectasis,off,0.1196926060747823,1.0,0.3873273539076923,0.55537486868931,2.2065233198836864
578,1124,190bb860bd0fd26b,Atelectasis,on,0.1196926060747823,1.0,0.420555639099919,0.5920927532002422,3.33413370376036
579,1147,b0c764398f5f135b,Atelectasis,off,0.1094542637018844,1.0,0.6285614493077538,0.7711243476389031,2.584020040005381
579,1147,b0c764398f5f135b,Atelectasis,on,0.1094542637018844,1.0,0.4586010210936452,0.6287955320377152,3.2438948511914085
580,1150,56305bd94b986e35,Atelectasis,off,0.1147659215726405,1.0,0.5269602220657212,0.6886318861721108,2.333553881611108
580,1150,56305bd94b986e35,Atelectasis,on,0.1147659215726405,1.0,0.4039135702666089,0.5753444265950515,3.453116358385361
581,1151,8eb936b0cfda32f5,Atelectasis,off,0.1241563479184636,1.0,0.4324083151363841,0.6015996977262715,1.4118035355098797
581,1151,8eb936b0cfda32f5,Atelectasis,on,0.1241563479184636,1.0,0.4483999032418205,0.6191637143069318,1.0299289924489057
582,1154,3fb3afa6fbb4c602,Atelectasis,off,0.1361977301190493,1.0,0.5476017364883278,0.6983229808596508,2.0189922337804824
582,1154,3fb3afa6fbb4c602,Atelectasis,on,0.1361977301190493,1.0,0.7180024205303525,0.8358570120095987,2.35984465662104
583,122,b2fad14eebc04be1,Edema,off,0.1397550789682713,1.0,0.2657093815527553,0.4189805818580816,1.464503037639881
583,122,b2fad14eebc04be1,Edema,on,0.1397550789682713,1.0,0.2870107302719268,0.4460104658762073,1.4191396574874786
584,393,f0c5cd1dcaab0e47,Edema,off,0.1535312778679297,1.0,0.3148845294473897,0.4679916296695114,1.434193826517346
584,393,f0c5cd1dcaab0e47,Edema,on,0.1535312778679297,1.0,0.4783083421262817,0.6471019779377956,1.1064054374241692
585,406,a12aaef70490156c,Edema,off,0.1534094508525454,0.0,0.3282597347100057,0.4932579443596572,1.5890217968270546
585,406,a12aaef70490156c,Edema,on,0.1534094508525454,0.0,0.3070435677690373,0.4698183298546635,1.4600518878478266
586,409,2eed693b117c2db9,Edema,off,0.178042873363254,1.0,0.4237974879466401,0.5907216314276045,0.9515928712321048
586,409,2eed693b117c2db9,Edema,on,0.178042873363254,1.0,0.3899057874594603,0.5610379285447298,0.8200339037361233
587,452,a986d76c581c681b,Edema,off,0.1784473390543299,1.0,0.3936859649820741,0.5640662170027011,1.268348421999384
587,452,a986d76c581c681b,Edema,on,0.1784473390543299,1.0,0.4080696236452894,0.5796090896072871,1.0903981831225502
588,473,f15dea1ce3c9b5b4,Edema,off,0.1332446432661335,1.0,0.2998687533052411,0.4580031695633684,1.6284388932011886
588,473,f15dea1ce3c9b5b4,Edema,on,0.1332446432661335,1.0,0.4142352082143542,0.5858044966607592,1.7674464383138089
589,474,2b578ad2daf4f07c,Edema,off,0.1293218133707586,1.0,0.3007088970372989,0.4585760324660767,1.442336673322172
589,474,2b578ad2daf4f07c,Edema,on,0.1293218133707586,1.0,0.1644510134600069,0.282442607371728,1.35132143209014
590,487,89c88b8ef9f0c6e4,Edema,off,0.1645493131392872,1.0,0.3538934014632088,0.5171529550173856,0.9641255874847324
590,487,89c88b8ef9f0c6e4,Edema,on,0.1645493131392872,1.0,0.3672334784216409,0.5371802251041478,0.7308983939941646
591,491,2a30653355f7fc52,Edema,off,0.1449741483073354,1.0,0.2637986368867228,0.4117629442283843,1.176767854974515
591,491,2a30653355f7fc52,Edema,on,0.1449741483073354,1.0,0.4152716985051096,0.5868338955557926,0.848951472567455
592,523,80c6b3a0a74e5b10,Edema,off,0.160714198694989,1.0,0.2637169246624237,0.3958357621021856,0.683387867452283
592,523,80c6b3a0a74e5b10,Edema,on,0.160714198694989,1.0,0.2659833134961799,0.4044638215949813,0.5915541380090069
593,618,19480804a2bf56f8,Edema,off,0.1414265456193441,1.0,0.1318709895305639,0.2291691309410223,0.9789957548080884
593,618,19480804a2bf56f8,Edema,on,0.1414265456193441,1.0,0.2373100303951367,0.3835746733812052,0.6027863123665709
594,644,700255422ab49a1f,Edema,off,0.162205361363293,1.0,0.3807655702174736,0.5506311475332131,1.4296742779638465
594,644,700255422ab49a1f,Edema,on,0.162205361363293,1.0,0.4218234759731045,0.5933555879446961,1.149051771762917
595,656,a9646397048bc84c,Edema,off,0.1473473385670219,1.0,0.3651393064752598,0.5243188909188559,1.4148655184677443
595,656,a9646397048bc84c,Edema,on,0.1473473385670219,1.0,0.5135611150777823,0.678593861347889,1.0891338557403418
596,657,e9184860388b2b47,Edema,off,0.1761472450038741,1.0,0.182875774290417,0.3062909908717299,0.8397937010606347
596,657,e9184860388b2b47,Edema,on,0.1761472450038741,1.0,0.2220218874467577,0.3633614563470343,0.5551088605352523
597,675,66af19b43d8acd4c,Edema,off,0.1403593409645775,1.0,0.1922719571514455,0.3179049941936979,1.049013244775152
597,675,66af19b43d8acd4c,Edema,on,0.1403593409645775,1.0,0.3815454770211723,0.5523269506145484,0.824396928174241
598,692,c44da25c2b6e6e92,Edema,off,0.1578926850186882,1.0,0.2724214323162545,0.4278535184173409,0.711470204291382
598,692,c44da25c2b6e6e92,Edema,on,0.1578926850186882,1.0,0.2922237500280867,0.4522793866296308,0.6390915218910039
599,721,fabe5ef3695a5461,Edema,off,0.1771754650137177,0.0,0.2011832646878935,0.3339872048103522,1.285530991786596
599,721,fabe5ef3695a5461,Edema,on,0.1771754650137177,0.0,0.2104370161622613,0.347702515946885,1.1246983183287365
600,725,921acbdad507f01a,Edema,off,0.1458659220599486,0.0,0.2167345224020897,0.3435938966485783,1.9574938983007903
600,725,921acbdad507f01a,Edema,on,0.1458659220599486,0.0,0.2459796934389283,0.3948008702285006,2.435289026916183
601,737,eccfc478085c5c04,Edema,off,0.1507390026753212,0.0,0.3319575481934104,0.4979421369236315,2.062201647669233
601,737,eccfc478085c5c04,Edema,on,0.1507390026753212,0.0,0.2604085657148977,0.4132039453253006,2.2744847993369905
602,741,3d480d0e3bc6eeda,Edema,off,0.1879937039798449,1.0,0.3738340022099657,0.5422051331932286,2.0100679925689238
602,741,3d480d0e3bc6eeda,Edema,on,0.1879937039798449,1.0,0.3912670172652351,0.5624550016625101,2.0970130568347725
603,744,ec4e5ae6851c1dd7,Edema,off,0.1603535907294514,0.0,0.1223691398257686,0.2176729498866653,1.0044666111972234
603,744,ec4e5ae6851c1dd7,Edema,on,0.1603535907294514,0.0,0.1215823155446972,0.2168037111273482,0.8432111248808076
604,763,b816afc73b5ccdf4,Edema,off,0.1609675988869884,1.0,0.2275228835124767,0.367202949038457,1.0388802681011895
604,763,b816afc73b5ccdf4,Edema,on,0.1609675988869884,1.0,0.3078601542025903,0.4707765078657832,0.6929791350773146
605,774,46215ce72bf546e2,Edema,off,0.1635454585325205,0.0,0.1268016801431091,0.2238983751641392,1.375473105451604
605,774,46215ce72bf546e2,Edema,on,0.1635454585325205,0.0,0.1093715598768666,0.1971740294661624,1.2232524369619266
606,775,34a1605c846fa6ff,Edema,off,0.1677265617005102,0.0,0.4004605099908992,0.568492300986073,1.785066818928
606,775,34a1605c846fa6ff,Edema,on,0.1677265617005102,0.0,0.4252298006114792,0.5967058470486769,1.9653441775707363
607,791,7275c8b6f51b35b8,Edema,off,0.1760985141977203,1.0,0.3452324132205733,0.5082630806500708,2.256342402050582
607,791,7275c8b6f51b35b8,Edema,on,0.1760985141977203,1.0,0.3455996881880395,0.513659747125122,2.7389311651967496
608,846,86976ce0ce8ac118,Edema,off,0.1733988275368039,1.0,0.4817758694867001,0.6462086494069025,2.259203840021472
608,846,86976ce0ce8ac118,Edema,on,0.1733988275368039,1.0,0.4261585698618614,0.5976160183407344,2.436250534741743
609,860,01ec6fd2ecc2f08d,Edema,off,0.1927595768216793,1.0,0.1875850417279724,0.3156727003268263,0.6795247998232572
609,860,01ec6fd2ecc2f08d,Edema,on,0.1927595768216793,1.0,0.1995273943139699,0.3326759884266234,0.6475197316188768
610,871,34630c8127633573,Edema,off,0.1780136348795618,1.0,0.4231149392017366,0.5884552945639638,1.3470923098200822
610,871,34630c8127633573,Edema,on,0.1780136348795618,1.0,0.4715254360118784,0.6408503496036555,0.9828272924578608
611,888,b50198f49cbff008,Edema,off,0.1713277682752705,1.0,0.2096245844338398,0.3453642960028306,0.9586422745559998
611,888,b50198f49cbff008,Edema,on,0.1713277682752705,1.0,0.2493546753595391,0.399165064261741,0.5319236938913875
612,919,ec44a683d57116d1,Edema,off,0.1765029798887963,0.0,0.0116555916904434,0.0225249006838866,0.3929462988263821
612,919,ec44a683d57116d1,Edema,on,0.1765029798887963,0.0,0.040823022271856,0.0784406592412631,0.0328221784743709
613,930,1d5d7295d9c4a3f1,Edema,off,0.1813614412623228,1.0,0.3304352717101674,0.4906772515758404,1.1170836267684014
613,930,1d5d7295d9c4a3f1,Edema,on,0.1813614412623228,1.0,0.3866084907094945,0.5576213251826636,0.8187952865312685
614,938,4cb2f80f7e9a2742,Edema,off,0.1673464614125111,1.0,0.3685744837240943,0.5231097076039728,1.4173475913597289
614,938,4cb2f80f7e9a2742,Edema,on,0.1673464614125111,1.0,0.4658547845714297,0.6355836768543403,0.9947211699524384
615,967,56d7a4445236725d,Edema,off,0.1447353673571821,1.0,0.3150142250076514,0.4716170632892623,1.0106005399806255
615,967,56d7a4445236725d,Edema,on,0.1447353673571821,1.0,0.4714848397377908,0.6408248821392416,0.9666396920996116
616,1004,50ab3732ce0f912e,Edema,off,0.1773606420771019,0.0,0.3707243222500168,0.5368076609691259,1.356132491089918
616,1004,50ab3732ce0f912e,Edema,on,0.1773606420771019,0.0,0.4414722022554435,0.6125206659381478,1.012812561427714
617,1013,3d2a1cae5d20b5b0,Edema,off,0.1468161727799463,1.0,0.2274593568292394,0.3641776647219554,1.295661206005578
617,1013,3d2a1cae5d20b5b0,Edema,on,0.1468161727799463,1.0,0.2890293105494245,0.4484271416915133,0.6765954465411339
618,1015,3c0096e17cc2688d,Edema,off,0.1671028073817425,1.0,0.2846672147819644,0.4383135907639812,1.2650143060995993
618,1015,3c0096e17cc2688d,Edema,on,0.1671028073817425,1.0,0.3565592327266506,0.5256710972063294,0.7752722423810051
619,1040,20d2e0e9014e2b3c,Edema,off,0.1593838476869923,1.0,0.3740490947611919,0.5442942280497731,1.4701907400945615
619,1040,20d2e0e9014e2b3c,Edema,on,0.1593838476869923,1.0,0.3879347376084248,0.5590100210320212,1.2081319712630485
620,1045,0977ae2cf34d956a,Edema,off,0.1395065518568873,1.0,0.2581443105123072,0.4094724013070422,1.820225604303117
620,1045,0977ae2cf34d956a,Edema,on,0.1395065518568873,1.0,0.1843824948297642,0.3113500690088857,1.7971039380704477
621,1083,53c1d93705bec81b,Edema,off,0.1763519143897197,1.0,0.3340508184041755,0.4946665695236644,1.3382932251202515
621,1083,53c1d93705bec81b,Edema,on,0.1763519143897197,1.0,0.3729785596017759,0.54329928970172,0.8129695045836702
622,1086,b460e9f1059f3ac3,Edema,off,0.1670150919306658,1.0,0.3714814192608126,0.5350912500698876,1.4475310581128775
622,1086,b460e9f1059f3ac3,Edema,on,0.1670150919306658,1.0,0.4675347852315296,0.6371560586927185,1.0016122451847975
623,1090,f5f0abf5e33c563a,Edema,off,0.1783547505226378,1.0,0.4678963803151449,0.6337554328666646,1.5626904793035488
623,1090,f5f0abf5e33c563a,Edema,on,0.1783547505226378,1.0,0.5308761191249002,0.6935563887765109,1.1339430400356376
624,1093,3c166be90502b65a,Edema,off,0.1384393472021207,1.0,0.2141059988351776,0.3423662694047616,1.3063252008429058
624,1093,3c166be90502b65a,Edema,on,0.1384393472021207,1.0,0.4004771183455585,0.5718863031757679,0.8754937361281047
625,1116,3b432a10b30bb91a,Edema,off,0.1484047970605577,1.0,0.4094015622258311,0.5784621812949208,2.223986370950614
625,1116,3b432a10b30bb91a,Edema,on,0.1484047970605577,1.0,0.2873029413639657,0.4463186857567248,2.872950944195124
626,1122,b4af76bb65a3b727,Edema,off,0.1677021962974333,0.0,0.1992626635806196,0.3287272114654239,1.075385617833033
626,1122,b4af76bb65a3b727,Edema,on,0.1677021962974333,0.0,0.2545966041929027,0.4058598376815688,0.7512878034675077
627,1139,f716986d2b4594bf,Edema,off,0.1701094981214274,1.0,0.2464585671956886,0.3874191797984816,1.1952269676354244
627,1139,f716986d2b4594bf,Edema,on,0.1701094981214274,1.0,0.3705020360989749,0.5406681541993787,0.7750581411565713
628,1156,41875f28d1a6bb51,Edema,off,0.1826576807060119,1.0,0.2295849252735785,0.3668670175692317,1.177792457347215
628,1156,41875f28d1a6bb51,Edema,on,0.1826576807060119,1.0,0.3892197501256887,0.5603205025434248,0.8073744217627549
629,2,7fdc846bf5c6595f,Cardiomegaly,off,0.1540868090580822,1.0,0.5320925766783191,0.6916475113301207,2.138273434743988
629,2,7fdc846bf5c6595f,Cardiomegaly,on,0.1540868090580822,1.0,0.6207855460835263,0.7660304290594766,2.172441667841388
630,10,6facf74a81a28169,Cardiomegaly,off,0.1541940168316204,1.0,0.3852586278733477,0.547679753238816,1.5232683600303516
630,10,6facf74a81a28169,Cardiomegaly,on,0.1541940168316204,1.0,0.5533665809297748,0.7124737665839489,1.2651906363475072
631,34,ecc14faa47ae7453,Cardiomegaly,off,0.1478395197091745,0.0,0.2189161263411849,0.3540664283807201,1.2197298776543664
631,34,ecc14faa47ae7453,Cardiomegaly,on,0.1478395197091745,0.0,0.3774409729413962,0.5480319249492771,0.9664578535080992
632,58,9602f43496ca35c1,Cardiomegaly,off,0.1558264988377702,1.0,0.3527737780592656,0.5158483471705619,1.279999836492046
632,58,9602f43496ca35c1,Cardiomegaly,on,0.1558264988377702,1.0,0.4541628510041306,0.6246361086637388,1.04049791462091
633,121,283cfccc2232dcf2,Cardiomegaly,off,0.1585895355466865,1.0,0.2681971570890483,0.4122115049856042,1.590450979093961
633,121,283cfccc2232dcf2,Cardiomegaly,on,0.1585895355466865,1.0,0.5435319102398557,0.7042627235119793,1.1904049218261024
634,140,c733667e05c1cd2d,Cardiomegaly,off,0.1490382975405562,1.0,0.184993497399647,0.3101387192369312,0.9741067791397222
634,140,c733667e05c1cd2d,Cardiomegaly,on,0.1490382975405562,1.0,0.2985757721155245,0.4598212614651489,0.6056758113760262
635,154,71b3c95f452d8a44,Cardiomegaly,off,0.1413778148131904,1.0,0.2680525663491253,0.4172634430150496,1.0286729478626788
635,154,71b3c95f452d8a44,Cardiomegaly,on,0.1413778148131904,1.0,0.4049519011569759,0.5764604878195274,0.8294904029890364
636,157,79fce779b6f1da93,Cardiomegaly,off,0.1428202466753407,1.0,0.3123814883663783,0.4676115796275574,1.5371395545816349
636,157,79fce779b6f1da93,Cardiomegaly,on,0.1428202466753407,1.0,0.5318131186315815,0.6943475101490808,1.211670391026156
637,168,2ac3080c1a1a1970,Cardiomegaly,off,0.167370826815588,1.0,0.3367579061312594,0.5012968875959564,1.1309299346146997
637,168,2ac3080c1a1a1970,Cardiomegaly,on,0.167370826815588,1.0,0.3760256174437724,0.5465344416385245,0.7786798980885932
638,183,90db5c1b12d21d6d,Cardiomegaly,off,0.1521375768119332,1.0,0.22750758309779,0.3624612090407194,1.5131502515897712
638,183,90db5c1b12d21d6d,Cardiomegaly,on,0.1521375768119332,1.0,0.5137850914097282,0.6788046092770916,1.1264752432023732
639,211,1223e669033e37be,Cardiomegaly,off,0.1557144179836167,1.0,0.3900870029218966,0.5578273490933376,1.5240876177276177
639,211,1223e669033e37be,Cardiomegaly,on,0.1557144179836167,1.0,0.4655265601045364,0.6353027604000412,1.2007073084852555
640,213,e1ceb68cb23d7857,Cardiomegaly,off,0.1572932961029974,1.0,0.2743806227377636,0.4180432475281327,1.0675412893035554
640,213,e1ceb68cb23d7857,Cardiomegaly,on,0.1572932961029974,1.0,0.4508631954849106,0.62151007922751,1.0189960749968987
641,220,ef96461e46f8d094,Cardiomegaly,off,0.1858446754284656,1.0,0.3091116599236174,0.4681011612849268,1.514432657732013
641,220,ef96461e46f8d094,Cardiomegaly,on,0.1858446754284656,1.0,0.4136021817408957,0.5851738333908851,1.0289522245786804
642,234,e5f4624cd98d6640,Cardiomegaly,off,0.1432636970113396,1.0,0.3650293251325854,0.5267950889576662,1.1079256013199474
642,234,e5f4624cd98d6640,Cardiomegaly,on,0.1432636970113396,1.0,0.5194592560580329,0.683737233782584,1.1015945410485917
643,283,7a77793683be9602,Cardiomegaly,off,0.1419625844870351,1.0,0.3923847903619561,0.5578957507387148,1.3897709864191623
643,283,7a77793683be9602,Cardiomegaly,on,0.1419625844870351,1.0,0.5114269466310183,0.6767471166351186,1.2273556334239508
644,309,6c8f5f81c8357205,Cardiomegaly,off,0.1432003469633398,1.0,0.2979447935130903,0.4536332003890775,1.1312601283605044
644,309,6c8f5f81c8357205,Cardiomegaly,on,0.1432003469633398,1.0,0.4189430253091174,0.5904981088691427,0.8608287868906551
645,373,1f924d5148e24902,Cardiomegaly,off,0.1675706231208182,1.0,0.3886386494574035,0.5524884808132742,1.645939903056875
645,373,1f924d5148e24902,Cardiomegaly,on,0.1675706231208182,1.0,0.5563111444029136,0.7149097580031751,1.4844316215823663
646,381,df722b3c373914e1,Cardiomegaly,off,0.1638280972082121,1.0,0.3076360369715081,0.4674135065111536,1.3038683769531667
646,381,df722b3c373914e1,Cardiomegaly,on,0.1638280972082121,1.0,0.4012538462763342,0.5726990006719677,0.8871796629810009
647,392,affb1addb7bb42ed,Cardiomegaly,off,0.1349356022396678,1.0,0.2133948943810429,0.3477055259039488,1.3636276741839095
647,392,affb1addb7bb42ed,Cardiomegaly,on,0.1349356022396678,1.0,0.4964756007920777,0.6635259442405023,1.4465679099911897
648,410,5ba1bc09602544c8,Cardiomegaly,off,0.1431759815602629,1.0,0.3344955223159639,0.494648685849876,1.3399342941364318
648,410,5ba1bc09602544c8,Cardiomegaly,on,0.1431759815602629,1.0,0.4511715731597095,0.6218028808967219,1.101043368787494
649,419,eb5032a8b3f8052a,Cardiomegaly,off,0.1581996890974567,1.0,0.3568295281897347,0.5222194319611365,1.0363933223072623
649,419,eb5032a8b3f8052a,Cardiomegaly,on,0.1581996890974567,1.0,0.4451379510885876,0.6160463538412007,0.9668066883590206
650,420,5940198741acd68e,Cardiomegaly,off,0.1405981219147308,1.0,0.2447039631287074,0.3870530134700494,0.8511689652416232
650,420,5940198741acd68e,Cardiomegaly,on,0.1405981219147308,1.0,0.3704585522265241,0.5406322128761698,0.7796690081347832
651,421,404e5dadeda8d710,Cardiomegaly,off,0.1437461319922615,1.0,0.3392788385218225,0.5036246859464858,1.1768888717773174
651,421,404e5dadeda8d710,Cardiomegaly,on,0.1437461319922615,1.0,0.3946383562067322,0.5659329292273076,0.8314655373086607
652,424,5fbe41e547784e0c,Cardiomegaly,off,0.1546423402482347,1.0,0.3394113045904798,0.4966889068276837,1.5023577390853853
652,424,5fbe41e547784e0c,Cardiomegaly,on,0.1546423402482347,1.0,0.5227016061879631,0.6865340694027513,1.321040015642922
653,447,570ab29238338c71,Cardiomegaly,off,0.1647393632832867,1.0,0.3484271871492553,0.509556154255702,1.1645310818446906
653,447,570ab29238338c71,Cardiomegaly,on,0.1647393632832867,1.0,0.4704510036522039,0.6398730260649421,1.0302945403689816
654,448,30e47bf53ecb4626,Cardiomegaly,off,0.1710256372771174,1.0,0.338537183788404,0.4948418706545355,1.5934843754142445
654,448,30e47bf53ecb4626,Cardiomegaly,on,0.1710256372771174,1.0,0.5520226150720363,0.7113389707505624,1.2453960119793768
655,461,f58f795f86d14ebd,Cardiomegaly,off,0.1460121144784098,1.0,0.2374676142283375,0.3786179476466528,1.057694562541562
655,461,f58f795f86d14ebd,Cardiomegaly,on,0.1460121144784098,1.0,0.3601028637382253,0.529511452929548,0.7506361952271655
656,464,57bcef4f82bf8195,Cardiomegaly,off,0.1557144179836167,1.0,0.3528703252518924,0.5147604657872691,1.1860681263626611
656,464,57bcef4f82bf8195,Cardiomegaly,on,0.1557144179836167,1.0,0.4246206963750138,0.5961172615168617,0.9810670684000438
657,465,996f10d9aa33dbb7,Cardiomegaly,off,0.1614500338679102,1.0,0.2845904737122722,0.4412376348492803,0.956872640642313
657,465,996f10d9aa33dbb7,Cardiomegaly,on,0.1614500338679102,1.0,0.3617424222877764,0.5312922667551284,0.7413212870001089
658,466,efc98b588af63774,Cardiomegaly,off,0.1702313251368117,1.0,0.4166659045086984,0.5861619263430636,1.4744179347048978
658,466,efc98b588af63774,Cardiomegaly,on,0.1702313251368117,1.0,0.4757066028047113,0.644714599697369,1.1618219013655977
659,468,62f30234391874f1,Cardiomegaly,off,0.1574492346826893,1.0,0.569188684271612,0.7185117983452688,2.7338838857979475
659,468,62f30234391874f1,Cardiomegaly,on,0.1574492346826893,1.0,0.5565667093611146,0.7151099981071146,3.2692137326720982
660,469,701deb57a48ea40e,Cardiomegaly,off,0.1791295703404821,1.0,0.2830026056104474,0.4388262631488169,0.9634808960727368
660,469,701deb57a48ea40e,Cardiomegaly,on,0.1791295703404821,1.0,0.3446697809446953,0.5126421645182666,0.6282907687062409
661,471,2cbf5e21fd5120c6,Cardiomegaly,off,0.1787056123269447,1.0,0.3164725545939328,0.4674212628187607,1.6287673273187186
661,471,2cbf5e21fd5120c6,Cardiomegaly,on,0.1787056123269447,1.0,0.5207386953660835,0.6848391880224559,1.5189376788208797
662,472,ecf3e07abdbb2152,Cardiomegaly,off,0.159929632715914,1.0,0.3081482991787334,0.4650350793486874,1.232466299131994
662,472,ecf3e07abdbb2152,Cardiomegaly,on,0.159929632715914,1.0,0.4551584488340373,0.6255736275321342,0.9140335844943632
663,475,79a1d67e9168770a,Cardiomegaly,off,0.1562991876574614,1.0,0.4967632089792453,0.6600333114321142,1.5447788112238563
663,475,79a1d67e9168770a,Cardiomegaly,on,0.1562991876574614,1.0,0.5703371477806087,0.7263870690958585,1.3120857262181984
664,476,2004e3665e3f10dc,Cardiomegaly,off,0.1609529796451422,1.0,0.3272833068723509,0.4848481648335546,1.236782009597188
664,476,2004e3665e3f10dc,Cardiomegaly,on,0.1609529796451422,1.0,0.4585307114150772,0.6287477442911291,0.9233969221490802
665,477,47f95af5fe0a0150,Cardiomegaly,off,0.1636867778703663,1.0,0.209643982757545,0.3380347844155308,1.1379437941696515
665,477,47f95af5fe0a0150,Cardiomegaly,on,0.1636867778703663,1.0,0.4248268189738852,0.5963150485440106,0.9003245521335516
666,479,3291160dec18f107,Cardiomegaly,off,0.1315780496956761,1.0,0.1723774641070668,0.2892267120832791,1.0161788460447172
666,479,3291160dec18f107,Cardiomegaly,on,0.1315780496956761,1.0,0.363165229990161,0.5328158784812642,0.7478040944653458
667,483,5c68c7c5bcf114db,Cardiomegaly,off,0.172341369043268,1.0,0.3324285562201198,0.4964078310248399,1.323576303691294
667,483,5c68c7c5bcf114db,Cardiomegaly,on,0.172341369043268,1.0,0.4151841533031934,0.5867524574091398,0.9271186945998052
668,486,2e12dfdc50b6087d,Cardiomegaly,off,0.1738568971146489,1.0,0.2507755746527997,0.3924999637463459,1.1771907068336032
668,486,2e12dfdc50b6087d,Cardiomegaly,on,0.1738568971146489,1.0,0.3845119119823616,0.555445934618237,0.8333764959219426
669,488,abb7ad451d66b842,Cardiomegaly,off,0.1827259038346271,1.0,0.3729050853681509,0.5392164030151991,1.06716638468428
669,488,abb7ad451d66b842,Cardiomegaly,on,0.1827259038346271,1.0,0.4486084868410854,0.6193630137697971,0.8543080019105094
670,489,bd7d26f21807cd30,Cardiomegaly,off,0.1456856180771798,1.0,0.1916696106223221,0.3144801867623047,1.212055271302161
670,489,bd7d26f21807cd30,Cardiomegaly,on,0.1456856180771798,1.0,0.4861705592815928,0.6542372047456444,1.0281906279538875
671,492,08ed699a1c98210c,Cardiomegaly,off,0.1685549854051235,1.0,0.1989555566365949,0.3242034880566233,1.721437720509882
671,492,08ed699a1c98210c,Cardiomegaly,on,0.1685549854051235,1.0,0.6436294382147751,0.783098500061664,1.654576648205328
672,497,9c100e752176fe88,Cardiomegaly,off,0.1254720796846142,1.0,0.2633236681244194,0.4131044379957595,1.296631448329029
672,497,9c100e752176fe88,Cardiomegaly,on,0.1254720796846142,1.0,0.5874355293490549,0.7401024778982231,1.3531676240123187
673,498,7cc075c5945a979b,Cardiomegaly,off,0.122095034818161,1.0,0.3367246102322054,0.4987187888077308,1.5560218439933882
673,498,7cc075c5945a979b,Cardiomegaly,on,0.122095034818161,1.0,0.5709951238901079,0.7269151722374572,1.4474008442861113
674,503,2183bc0d130fce0a,Cardiomegaly,off,0.1379666583824296,1.0,0.3301739357672563,0.4865020953238128,1.342345861939499
674,503,2183bc0d130fce0a,Cardiomegaly,on,0.1379666583824296,1.0,0.5507052188355215,0.7102632921141014,1.3202457712087632
675,504,4376708f8d89c7cd,Cardiomegaly,off,0.1445745556968748,1.0,0.2976117999145666,0.4530908896585401,1.6287030398628954
675,504,4376708f8d89c7cd,Cardiomegaly,on,0.1445745556968748,1.0,0.5400702063979022,0.7013490570349272,1.436125266422387
676,506,cbcdda51d2f214f6,Cardiomegaly,off,0.1600173481669907,1.0,0.4006707185138262,0.5658758249042828,1.5882093932801102
676,506,cbcdda51d2f214f6,Cardiomegaly,on,0.1600173481669907,1.0,0.4967939971991241,0.6638017513329336,1.1552435733749946
677,507,0c4b5afba7f6553d,Cardiomegaly,off,0.1500665175503998,1.0,0.5037576272465748,0.6595539757649872,1.896936004926808
677,507,0c4b5afba7f6553d,Cardiomegaly,on,0.1500665175503998,1.0,0.6197151296340644,0.7652134836252337,1.8977552738859889
678,510,0360f2df64ba5ada,Cardiomegaly,off,0.1555779717263862,1.0,0.1476308682269521,0.2548898625567394,1.0169921293935305
678,510,0360f2df64ba5ada,Cardiomegaly,on,0.1555779717263862,1.0,0.3355513142550189,0.5024765299212728,0.6825866018810605
679,511,680f7b75961eb8f4,Cardiomegaly,off,0.1687060509042001,1.0,0.2183828384031673,0.3513811178643854,0.948377735627672
679,511,680f7b75961eb8f4,Cardiomegaly,on,0.1687060509042001,1.0,0.3904375781098402,0.5615919213642581,0.7675426973039146
680,514,6b159bebb304e63d,Cardiomegaly,off,0.1421087769054963,1.0,0.3059125596388954,0.4674877193765814,1.1329436204982075
680,514,6b159bebb304e63d,Cardiomegaly,on,0.1421087769054963,1.0,0.3736425314068545,0.544015329994239,0.8781926916187512
681,526,a8847f04ce4b65e8,Cardiomegaly,off,0.1415240072316516,1.0,0.2894620824323163,0.4400240401786447,1.2986555971826537
681,526,a8847f04ce4b65e8,Cardiomegaly,on,0.1415240072316516,1.0,0.5003554528777704,0.6669700351795015,1.0966023136616383
682,530,71e5e13c90e27554,Cardiomegaly,off,0.1530049851614695,1.0,0.3196751972602383,0.4810130446724707,1.436805896528306
682,530,71e5e13c90e27554,Cardiomegaly,on,0.1530049851614695,1.0,0.4829542373233492,0.6513268713690056,1.1437779973563422
683,531,608d260223d49da3,Cardiomegaly,off,0.1425571003221106,1.0,0.2709624184235353,0.4153710028874983,1.3805798762111587
683,531,608d260223d49da3,Cardiomegaly,on,0.1425571003221106,1.0,0.4520118487787503,0.6225928039545564,0.9960782567677514
684,532,ee2e70dd281aedf8,Cardiomegaly,off,0.1913415103626059,1.0,0.3699312005361374,0.5371490791518523,1.264465930552224
684,532,ee2e70dd281aedf8,Cardiomegaly,on,0.1913415103626059,1.0,0.4056744427206846,0.5771921695147173,0.833855107887363
685,533,95d1ebe0176d42c5,Cardiomegaly,off,0.160636229405143,1.0,0.2555548370673338,0.4050519333059272,1.1264362386349058
685,533,95d1ebe0176d42c5,Cardiomegaly,on,0.160636229405143,1.0,0.3612052375751474,0.5307117307489367,0.7729066122424348
686,534,c33c367dac2cf404,Cardiomegaly,off,0.1524592001325478,1.0,0.2494491079548249,0.3958462874093468,1.2915708138457909
686,534,c33c367dac2cf404,Cardiomegaly,on,0.1524592001325478,1.0,0.4149614468852102,0.5865253177680241,1.0503298598320323
687,536,241d1f811631bde9,Cardiomegaly,off,0.1447646058408744,1.0,0.365433284514468,0.5257132991605448,1.5976356856832523
687,536,241d1f811631bde9,Cardiomegaly,on,0.1447646058408744,1.0,0.5547870101121394,0.713646527103702,1.2248512715948583
688,538,9949a1b3294f1d69,Cardiomegaly,off,0.1666203724008206,1.0,0.3972089076731733,0.5551773195084359,2.1122773226013445
688,538,9949a1b3294f1d69,Cardiomegaly,on,0.1666203724008206,1.0,0.6669522638772494,0.8002019623071709,1.6661453759576896
689,539,35e33ad272c6a698,Cardiomegaly,off,0.1842073203417004,1.0,0.2570003159701799,0.4038997167164507,0.901066735784943
689,539,35e33ad272c6a698,Cardiomegaly,on,0.1842073203417004,1.0,0.3564692762473678,0.5255763337788004,0.6475563210657171
690,540,2547cf6ac257f1fb,Cardiomegaly,off,0.1507000180303983,1.0,0.1601557073541883,0.2697908247876392,0.8519622905981455
690,540,2547cf6ac257f1fb,Cardiomegaly,on,0.1507000180303983,1.0,0.3489361537158912,0.517330205591399,0.694006640371698
691,542,11b5f13c4f987989,Cardiomegaly,off,0.1460462260427174,1.0,0.3019002607573474,0.4568276626111795,1.311858250774727
691,542,11b5f13c4f987989,Cardiomegaly,on,0.1460462260427174,1.0,0.4743224993009304,0.643434107981011,0.9912274716734134
692,543,f6ca28625cd3db34,Cardiomegaly,off,0.15091930665809,1.0,0.3506691827532548,0.5088152240177973,1.7629074234849025
692,543,f6ca28625cd3db34,Cardiomegaly,on,0.15091930665809,1.0,0.6227933798623291,0.7675387121370993,1.5896352996178973
693,544,06cef2e1a825b8c0,Cardiomegaly,off,0.1533266084820841,1.0,0.2893269647544262,0.4392976057429443,1.546399338933406
693,544,06cef2e1a825b8c0,Cardiomegaly,on,0.1533266084820841,1.0,0.5361010672245624,0.6979801964659837,1.1742217887381006
694,548,2ec66809201014ac,Cardiomegaly,off,0.1407930451393457,1.0,0.3534135624292446,0.5147247886004711,1.4985534924488604
694,548,2ec66809201014ac,Cardiomegaly,on,0.1407930451393457,1.0,0.5424708726049088,0.7033787880994993,1.378324876023845
695,550,4b73dc561cd967c1,Cardiomegaly,off,0.1708453332943487,1.0,0.2944806294764202,0.4469147513028071,1.2429737211187388
695,550,4b73dc561cd967c1,Cardiomegaly,on,0.1708453332943487,1.0,0.3855109538080509,0.5564891945225678,0.9350526511430428
696,551,972349289dd76549,Cardiomegaly,off,0.1550175674556184,1.0,0.3094622850819076,0.465093826594993,1.5880578859329235
696,551,972349289dd76549,Cardiomegaly,on,0.1550175674556184,1.0,0.492291741925377,0.65977800052526,1.4974190191147208
697,556,7544b8fd9fae86bb,Cardiomegaly,off,0.1727604539761901,1.0,0.5441296493024261,0.6972267363029669,2.147419913670225
697,556,7544b8fd9fae86bb,Cardiomegaly,on,0.1727604539761901,1.0,0.6945671847918995,0.819756200505218,2.045504774907469
698,563,1c8da14e96dece38,Cardiomegaly,off,0.1529026504685467,1.0,0.3075350042132277,0.4658938413343294,1.2475925834244668
698,563,1c8da14e96dece38,Cardiomegaly,on,0.1529026504685467,1.0,0.4085521196798347,0.5801009031339446,0.8902201329264253
699,564,5f920ed6737c40a1,Cardiomegaly,off,0.1232548280046196,1.0,0.2792908658540027,0.4340187302865598,1.2064218606959836
699,564,5f920ed6737c40a1,Cardiomegaly,on,0.1232548280046196,1.0,0.409403879073782,0.5809596642898762,0.8652374434160427
700,575,214a8fe9f196e531,Cardiomegaly,off,0.1708307140525025,1.0,0.3506259097361289,0.5144678341949092,1.3046052595611448
700,575,214a8fe9f196e531,Cardiomegaly,on,0.1708307140525025,1.0,0.4637165574847073,0.6336142277100075,0.9846484009223284
701,576,2f0b25b0451b7721,Cardiomegaly,off,0.1669712342051274,1.0,0.4332762711030739,0.6016037838961109,1.8788850953110527
701,576,2f0b25b0451b7721,Cardiomegaly,on,0.1669712342051274,1.0,0.5281547216428703,0.6912319529116209,1.87653596462002
702,577,a3ec37f62a93ffbf,Cardiomegaly,off,0.1611917605952955,1.0,0.2569578235098876,0.400498272247291,1.408353499865126
702,577,a3ec37f62a93ffbf,Cardiomegaly,on,0.1611917605952955,1.0,0.5184269670095423,0.6828473133866862,1.2985177846442275
703,580,797c2f40115e9520,Cardiomegaly,off,0.14215750771165,1.0,0.3725933899860039,0.5375322372703503,1.3507980748811512
703,580,797c2f40115e9520,Cardiomegaly,on,0.14215750771165,1.0,0.5356499969635313,0.6976195047478029,1.2326991121585396
704,581,1dd35bdc701058b8,Cardiomegaly,off,0.1460998299294865,1.0,0.3324857625712697,0.4875280990005272,1.990485139127054
704,581,1dd35bdc701058b8,Cardiomegaly,on,0.1460998299294865,1.0,0.7060738600878924,0.8277012582829443,1.8836331127900936
705,582,1721365ffc626d65,Cardiomegaly,off,0.1730430926518817,1.0,0.2752071313186491,0.4254155179381637,1.0972315784336495
705,582,1721365ffc626d65,Cardiomegaly,on,0.1730430926518817,1.0,0.4258287900108688,0.5973027108277562,0.8731846531130087
706,583,8e7589220df31a0d,Cardiomegaly,off,0.1229137123615436,1.0,0.2292902196048092,0.3694470558943358,1.250278838910828
706,583,8e7589220df31a0d,Cardiomegaly,on,0.1229137123615436,1.0,0.4768556131888181,0.6457518330919243,1.02755848359142
707,585,af0c034956436e0a,Cardiomegaly,off,0.1618106418334478,1.0,0.167348202319481,0.2780996405835267,0.969833922086977
707,585,af0c034956436e0a,Cardiomegaly,on,0.1618106418334478,1.0,0.4297424055836374,0.601137506010407,0.863890837936619
708,586,9b93318ddb7cd62b,Cardiomegaly,off,0.18936791271338,1.0,0.3532164433653992,0.5097224911325846,1.3119229715507388
708,586,9b93318ddb7cd62b,Cardiomegaly,on,0.18936791271338,1.0,0.4580037260324025,0.6282487000291243,0.9272462901469254
709,590,89f9b7849e46caa9,Cardiomegaly,off,0.1528003157756238,1.0,0.2561202060668516,0.3991610578393307,1.2263116312157376
709,590,89f9b7849e46caa9,Cardiomegaly,on,0.1528003157756238,1.0,0.409060591187815,0.5806041610223723,0.8226719870118208
710,591,9386dc7a34a1e7dd,Cardiomegaly,off,0.1634918546457514,1.0,0.2899985479401469,0.4432282982991513,1.20901736391879
710,591,9386dc7a34a1e7dd,Cardiomegaly,on,0.1634918546457514,1.0,0.4615211299769438,0.6315565217273459,0.9257872725201238
711,593,126026090474fbb9,Cardiomegaly,off,0.1550419328586952,1.0,0.2431731997022705,0.3863668455396468,1.0881657495514097
711,593,126026090474fbb9,Cardiomegaly,on,0.1550419328586952,1.0,0.3458820570931678,0.513985244868975,0.8343743685525916
712,595,dcd8247a468ccb75,Cardiomegaly,off,0.123050158618774,1.0,0.2385680379746835,0.3794867136669539,1.448848022290704
712,595,dcd8247a468ccb75,Cardiomegaly,on,0.123050158618774,1.0,0.5339738449723164,0.6961907227268344,1.2115996607157062
713,596,7dbc96c71e7336c3,Cardiomegaly,off,0.1661769220648217,1.0,0.2213088647823458,0.3600609315168767,0.6882961978417946
713,596,7dbc96c71e7336c3,Cardiomegaly,on,0.1661769220648217,1.0,0.2831550135233174,0.4413393111606809,0.5027145280325876
714,598,b38df7a297c10dd5,Cardiomegaly,off,0.1573712653928434,1.0,0.3736931036446335,0.5320884675402165,1.8115180637141324
714,598,b38df7a297c10dd5,Cardiomegaly,on,0.1573712653928434,1.0,0.6346837549334406,0.776514391939551,1.5335745595937016
715,599,07c65ac7e61ec610,Cardiomegaly,off,0.1366216881325867,1.0,0.2800429635070896,0.4305741102450192,1.3208800768054612
715,599,07c65ac7e61ec610,Cardiomegaly,on,0.1366216881325867,1.0,0.5051350325548973,0.6712126382962116,1.1703904254622493
716,600,79f54cb01230a30e,Cardiomegaly,off,0.153063462128854,1.0,0.3237933511204812,0.4815231319940924,1.739881014398814
716,600,79f54cb01230a30e,Cardiomegaly,on,0.153063462128854,1.0,0.5479884109725626,0.7079915762138905,1.2726825160353454
717,601,cc33d850a281e99f,Cardiomegaly,off,0.1762447066161815,1.0,0.3760043300203279,0.5371661445901159,1.4115082760403748
717,601,cc33d850a281e99f,Cardiomegaly,on,0.1762447066161815,1.0,0.4982082039650407,0.665064221096951,1.0098436742892822
718,602,bedf19097d27d0ba,Cardiomegaly,off,0.1533509738851609,1.0,0.3506756278413231,0.5104701988207937,1.4318601566526608
718,602,bedf19097d27d0ba,Cardiomegaly,on,0.1533509738851609,1.0,0.5563369433461663,0.7149161610263641,1.2302387589124382
719,605,0b84b77a60ffbb36,Cardiomegaly,off,0.1539162512365442,1.0,0.2000887722896914,0.3299465661713167,1.0595183449924468
719,605,0b84b77a60ffbb36,Cardiomegaly,on,0.1539162512365442,1.0,0.4091073901715092,0.5806547784160708,0.9093993780237254
720,607,cd9b8a1ed4c43573,Cardiomegaly,off,0.1648514441374403,0.0,0.190318031857534,0.3155413339520257,0.9074037219914176
720,607,cd9b8a1ed4c43573,Cardiomegaly,on,0.1648514441374403,0.0,0.2490014016833565,0.3987181383721787,0.636777176640458
721,609,0f372aae9c5752a3,Cardiomegaly,off,0.1653533714408237,1.0,0.4014839162156706,0.5603864687017646,1.4288324637874152
721,609,0f372aae9c5752a3,Cardiomegaly,on,0.1653533714408237,1.0,0.5705069419780713,0.7265258029771693,1.2471338829669518
722,617,0bb24a56c2670768,Cardiomegaly,off,0.1859616293632345,1.0,0.2268519197986345,0.3667191856013579,0.9288959550227468
722,617,0bb24a56c2670768,Cardiomegaly,on,0.1859616293632345,1.0,0.2713015659996075,0.4268088310565929,0.5863405614280882
723,619,f6ce4753c7645ea2,Cardiomegaly,off,0.1703336598297345,1.0,0.2801235471401314,0.4274640859739219,1.1374079345370358
723,619,f6ce4753c7645ea2,Cardiomegaly,on,0.1703336598297345,1.0,0.4458490707104306,0.616728542199526,0.8978080210132797
724,620,bf9fef80db09bc13,Cardiomegaly,off,0.1538821396722366,1.0,0.326082566034918,0.4844703603861834,1.4165412295290534
724,620,bf9fef80db09bc13,Cardiomegaly,on,0.1538821396722366,1.0,0.5043101394933377,0.6704787496356259,1.1133663607964557
725,625,54b1d80e19cdd92e,Cardiomegaly,off,0.1669176303183583,1.0,0.4613181263670459,0.6286367406741851,1.558422201761773
725,625,54b1d80e19cdd92e,Cardiomegaly,on,0.1669176303183583,1.0,0.5289682404274709,0.691926827943108,1.2042458401240264
726,626,61dae602d0b69f43,Cardiomegaly,off,0.1431028853510323,1.0,0.1631469326243627,0.2735702855578013,1.180480081917986
726,626,61dae602d0b69f43,Cardiomegaly,on,0.1431028853510323,1.0,0.4018594570508296,0.5733091540607831,0.8489616740561019
727,627,9d878e929646cca4,Cardiomegaly,off,0.1353790525756667,1.0,0.31631747024051,0.4769974022534327,1.19610090206201
727,627,9d878e929646cca4,Cardiomegaly,on,0.1353790525756667,1.0,0.4467582695926154,0.6175972666001874,0.9508756450661195
728,628,79d33f7627032c13,Cardiomegaly,off,0.1645493131392872,1.0,0.3240060502341417,0.4834547420194999,1.358898442410532
728,628,79d33f7627032c13,Cardiomegaly,on,0.1645493131392872,1.0,0.4774361572276066,0.646298743628755,0.959985372351702
729,629,ab728b61f30384c1,Cardiomegaly,off,0.1625708424094459,1.0,0.3269808257756127,0.4857534095595285,1.578826051149887
729,629,ab728b61f30384c1,Cardiomegaly,on,0.1625708424094459,1.0,0.4743818017138307,0.6434973429264426,1.224936604326572
730,630,905c8db3c75a119a,Cardiomegaly,off,0.1618934842039091,1.0,0.3204735275246547,0.47533923391116,1.900669224421184
730,630,905c8db3c75a119a,Cardiomegaly,on,0.1618934842039091,1.0,0.6199408362415801,0.7653828773730892,1.415237981309108
731,631,e2845c008a174e95,Cardiomegaly,off,0.136441384149818,1.0,0.2799756828399598,0.4326604414857404,1.3526263619411685
731,631,e2845c008a174e95,Cardiomegaly,on,0.136441384149818,1.0,0.4789449777241654,0.6476817836228765,1.138486106374734
732,632,ee1610fae5db6897,Cardiomegaly,off,0.1483414470125579,1.0,0.3814883358127831,0.5489221651458029,1.5987936640014415
732,632,ee1610fae5db6897,Cardiomegaly,on,0.1483414470125579,1.0,0.5046720851861763,0.6708055927690666,1.4455922002699495
733,635,61884254369ca7b6,Cardiomegaly,off,0.1860785832980035,1.0,0.4228292422423343,0.5885793802749001,1.4861166046333785
733,635,61884254369ca7b6,Cardiomegaly,on,0.1860785832980035,1.0,0.5083851253560041,0.6740786558268017,1.173660317529281
734,638,e36010bbb7371368,Cardiomegaly,off,0.1327768275270577,1.0,0.3622379518831367,0.5262604220096673,0.9119959959712064
734,638,e36010bbb7371368,Cardiomegaly,on,0.1327768275270577,1.0,0.4806655657897819,0.649251214934689,0.9939306886888118
735,639,6edd6abbc9ad1532,Cardiomegaly,off,0.1585456778211482,1.0,0.3487083395445199,0.5120415754983421,0.9169089242813272
735,639,6edd6abbc9ad1532,Cardiomegaly,on,0.1585456778211482,1.0,0.440617021018685,0.6117023195026748,0.8716048295039475
736,640,d1e93953200c1186,Cardiomegaly,off,0.16340901227529,1.0,0.3373400858844549,0.4953623523607884,1.259702953126343
736,640,d1e93953200c1186,Cardiomegaly,on,0.16340901227529,1.0,0.4873206272289195,0.6552916520884831,0.9978312401099972
737,641,294947320c2cca4a,Cardiomegaly,off,0.1426253234507258,1.0,0.4164724129726456,0.5794583202116093,1.2047164706505038
737,641,294947320c2cca4a,Cardiomegaly,on,0.1426253234507258,1.0,0.4926311230880947,0.6600416697218081,1.0614634462621506
738,649,163c8088c230cf46,Cardiomegaly,off,0.1599442519577601,1.0,0.4074299833318335,0.5743536006382438,1.4296409547771851
738,649,163c8088c230cf46,Cardiomegaly,on,0.1599442519577601,1.0,0.5369012752629831,0.6986791641232911,1.1727719043584632
739,652,8178baafc2b7ba5b,Cardiomegaly,off,0.1432539508501089,1.0,0.2886032127602658,0.4330914522301993,1.6961069965739723
739,652,8178baafc2b7ba5b,Cardiomegaly,on,0.1432539508501089,1.0,0.5829542529902694,0.7365384609450643,1.477168083464202
740,658,02bb8bdaddf67809,Cardiomegaly,off,0.1404129448513466,1.0,0.2241215199689366,0.3601284246993736,1.1675564420065223
740,658,02bb8bdaddf67809,Cardiomegaly,on,0.1404129448513466,1.0,0.4115461404423097,0.5831025792979082,0.839558188893185
741,659,3f4eb9d75742b598,Cardiomegaly,off,0.1701289904438889,1.0,0.3357897595350649,0.4987042498426121,1.0010198869276998
741,659,3f4eb9d75742b598,Cardiomegaly,on,0.1701289904438889,1.0,0.360282103280357,0.5297088251756304,0.6861709448180581
742,660,ad0a56ab2e391d06,Cardiomegaly,off,0.129092778581836,1.0,0.2933459598577977,0.4477082591777706,1.1792994668072374
742,660,ad0a56ab2e391d06,Cardiomegaly,on,0.129092778581836,1.0,0.4280420165936952,0.5994685698654475,0.8917869196632918
743,661,2c70900c590d74ad,Cardiomegaly,off,0.1545058939910042,1.0,0.2212927227830992,0.3558073692662954,1.2785348941510444
743,661,2c70900c590d74ad,Cardiomegaly,on,0.1545058939910042,1.0,0.4165407145144242,0.5880982671769571,0.8464729645339287
744,668,a207cabae49761bc,Cardiomegaly,off,0.1625513500869845,1.0,0.3259631058959319,0.479037693250589,1.7448379986802467
744,668,a207cabae49761bc,Cardiomegaly,on,0.1625513500869845,1.0,0.6198587016453289,0.7653213630216648,1.5669568062933197
745,670,31a5332679fdc782,Cardiomegaly,off,0.1758548601669517,1.0,0.2682376957937532,0.4193251084828582,0.9791563688117468
745,670,31a5332679fdc782,Cardiomegaly,on,0.1758548601669517,1.0,0.3446448325431041,0.5126128939455679,0.6210325707517171
746,671,ca6773a837562f0d,Cardiomegaly,off,0.190439990448762,1.0,0.2994072962206925,0.4589335773453197,0.8393145359709515
746,671,ca6773a837562f0d,Cardiomegaly,on,0.190439990448762,1.0,0.3021025279567073,0.4640186935583192,0.5114187517882894
747,673,a0d4ee8de8d31823,Cardiomegaly,off,0.1472060192291761,1.0,0.2352762732030112,0.3744696151626068,0.999981172005731
747,673,a0d4ee8de8d31823,Cardiomegaly,on,0.1472060192291761,1.0,0.3976151315052266,0.568981072999039,0.8007439739360365
748,674,d00e08c821daddb2,Cardiomegaly,off,0.1499836751799385,1.0,0.2942144841225146,0.4504059752042934,1.1792533396190248
748,674,d00e08c821daddb2,Cardiomegaly,on,0.1499836751799385,1.0,0.4440067221958829,0.6149587718240228,0.957825146358686
749,677,d31e90e1677b0e8a,Cardiomegaly,off,0.1530196044033156,1.0,0.2894361750125606,0.4446804282325028,1.3206319504151385
749,677,d31e90e1677b0e8a,Cardiomegaly,on,0.1530196044033156,1.0,0.3920885241134827,0.5633097009584953,0.9163328684327372
750,679,dc533c92faa848e7,Cardiomegaly,off,0.1704116291195805,1.0,0.38935575461707,0.5550317676517633,1.770662579409706
750,679,dc533c92faa848e7,Cardiomegaly,on,0.1704116291195805,1.0,0.5288236644483539,0.6918028305319657,1.38725278206919
751,684,4d19a321fce81a88,Cardiomegaly,off,0.1295605943209118,1.0,0.1614326062143528,0.2762344391213977,0.8467200325701371
751,684,4d19a321fce81a88,Cardiomegaly,on,0.1295605943209118,1.0,0.268670555292883,0.4235422489783871,0.6327378388363276
752,688,c5e74a9e6d9866c6,Cardiomegaly,off,0.1614451607872949,1.0,0.2683748491786538,0.4166368969731073,1.2280096769149835
752,688,c5e74a9e6d9866c6,Cardiomegaly,on,0.1614451607872949,1.0,0.4914452723367936,0.6590122715939287,1.0406207744202518
753,689,ed4399b895f782c8,Cardiomegaly,off,0.1491260129916329,1.0,0.29645709106388,0.4514987002449435,1.1247338423123547
753,689,ed4399b895f782c8,Cardiomegaly,on,0.1491260129916329,1.0,0.4499289913164911,0.6206146985199081,0.9141167961580005
754,691,52e293f3160d0ffe,Cardiomegaly,off,0.1335857589092096,1.0,0.2971349495239798,0.4546530821633442,1.2300156444575674
754,691,52e293f3160d0ffe,Cardiomegaly,on,0.1335857589092096,1.0,0.4059930679848954,0.5775153630159937,1.0879927439627866
755,699,2269b34cd39dc1cb,Cardiomegaly,off,0.1756209522974138,1.0,0.2878576893063861,0.4438212466214946,0.9417748472031424
755,699,2269b34cd39dc1cb,Cardiomegaly,on,0.1756209522974138,1.0,0.345529540369378,0.513594996736306,0.648653890184882
756,705,4eabc937d96b0ffd,Cardiomegaly,off,0.1385368088144282,1.0,0.306999243203138,0.462429777031507,1.4712633372494366
756,705,4eabc937d96b0ffd,Cardiomegaly,on,0.1385368088144282,1.0,0.5484355552559903,0.7083676795593118,1.187780775914433
757,706,b96969823d73a7bc,Cardiomegaly,off,0.1395455365018103,1.0,0.2579864394432637,0.4039581775542846,1.2156698367477434
757,706,b96969823d73a7bc,Cardiomegaly,on,0.1395455365018103,1.0,0.4806292565794597,0.6492154061851637,1.0222864563245548
758,710,af5dde2eb6b9742a,Cardiomegaly,off,0.1321530732082901,1.0,0.1297941628264208,0.2273579842047658,1.121046783417095
758,710,af5dde2eb6b9742a,Cardiomegaly,on,0.1321530732082901,1.0,0.3910100338396199,0.5621477890482331,0.8578265284824027
759,711,b3da9d0303cf2c8f,Cardiomegaly,off,0.1103801490188052,1.0,0.305886728267465,0.4658267623590379,1.3738154515429184
759,711,b3da9d0303cf2c8f,Cardiomegaly,on,0.1103801490188052,1.0,0.3819112698163546,0.552727643718651,1.1987434655038074
760,712,48aff0553b673b8b,Cardiomegaly,off,0.1514017416390119,1.0,0.436760382982671,0.6001893331814003,1.8298019462729185
760,712,48aff0553b673b8b,Cardiomegaly,on,0.1514017416390119,1.0,0.6020414260925293,0.751592755171224,1.8339758230483216
761,714,b2fdc492ae0123c6,Cardiomegaly,off,0.1277234429289163,1.0,0.4282622064658155,0.5992628346891546,1.643652841539576
761,714,b2fdc492ae0123c6,Cardiomegaly,on,0.1277234429289163,1.0,0.4353727783604807,0.606632096369243,1.3739233271942104
762,715,af6cd7b956adeb19,Cardiomegaly,off,0.1329620045904419,1.0,0.2014341349407427,0.3310042143247016,1.073136207297684
762,715,af6cd7b956adeb19,Cardiomegaly,on,0.1329620045904419,1.0,0.4509286251692261,0.6215655987671485,1.0626212573920484
763,716,d71ce8514eaeb2a3,Cardiomegaly,off,0.1388389398125813,1.0,0.1860459361643113,0.3129645687941392,1.1085357927595867
763,716,d71ce8514eaeb2a3,Cardiomegaly,on,0.1388389398125813,1.0,0.3380197062224052,0.5052471263426204,0.8509437985253537
764,717,202e12d7ebba3624,Cardiomegaly,off,0.1864635566666179,1.0,0.2565825139995162,0.3976997609377627,0.889822266839956
764,717,202e12d7ebba3624,Cardiomegaly,on,0.1864635566666179,1.0,0.3584814865389927,0.5277541520433411,0.6486821880724457
765,718,1d2fbbe6e22826c5,Cardiomegaly,off,0.1537603126568522,1.0,0.2466700648471554,0.3880198095023758,1.1887952713876166
765,718,1d2fbbe6e22826c5,Cardiomegaly,on,0.1537603126568522,1.0,0.4289068421817507,0.6003164286606633,0.8767551153524838
766,719,409ee47d21baa5db,Cardiomegaly,off,0.1641009897226729,1.0,0.3696130198225163,0.5318483988468314,1.772647825698869
766,719,409ee47d21baa5db,Cardiomegaly,on,0.1641009897226729,1.0,0.5556704275331122,0.7143805441348935,1.7081020940892624
767,720,5f71da4bbf80cb20,Cardiomegaly,off,0.1599734904414523,1.0,0.4193535222154616,0.5890685763720214,1.4710430347030408
767,720,5f71da4bbf80cb20,Cardiomegaly,on,0.1599734904414523,1.0,0.4700302175027794,0.6394814902599295,1.0722818965374292
768,722,ad9c9cb07f6f78c8,Cardiomegaly,off,0.1516697610728574,1.0,0.2798483507737456,0.4296137170558561,1.177779406010395
768,722,ad9c9cb07f6f78c8,Cardiomegaly,on,0.1516697610728574,1.0,0.4727711436780341,0.6420131988507902,0.9757884609554806
769,724,59fa68de64ffaa7d,Cardiomegaly,off,0.1631263735995984,1.0,0.3299222158955516,0.4893341028732484,1.3725847516570266
769,724,59fa68de64ffaa7d,Cardiomegaly,on,0.1631263735995984,1.0,0.4720407058593374,0.6413347233810596,1.0121787587697435
770,727,73b7a98fb207af59,Cardiomegaly,off,0.1310956147147542,1.0,0.239217960867432,0.3778745528837474,1.655924483159006
770,727,73b7a98fb207af59,Cardiomegaly,on,0.1310956147147542,1.0,0.6373796567430944,0.778526970308644,1.5375208586731977
771,728,e0858f869fb1d358,Cardiomegaly,off,0.130203840962141,1.0,0.2440473293591194,0.3862767560123978,1.176823359260171
771,728,e0858f869fb1d358,Cardiomegaly,on,0.130203840962141,1.0,0.4484539020151699,0.6192057565106757,1.0336801166663443
772,729,3502d707ba4a3a3f,Cardiomegaly,off,0.1255500489744601,1.0,0.3270242902280323,0.4882878059446939,1.389477524212511
772,729,3502d707ba4a3a3f,Cardiomegaly,on,0.1255500489744601,1.0,0.5320246122482939,0.6945204952591373,1.202810640599122
773,733,f6fbdade42ecdb95,Cardiomegaly,off,0.1537213280119293,1.0,0.3002976494616718,0.4558442796288837,1.330676131690044
773,733,f6fbdade42ecdb95,Cardiomegaly,on,0.1537213280119293,1.0,0.4274449177700565,0.5988916731445819,0.9802283864472388
774,734,4e8cc590986cc131,Cardiomegaly,off,0.1369969153399704,1.0,0.2195602490978779,0.3578267685915904,1.0286558915564863
774,734,4e8cc590986cc131,Cardiomegaly,on,0.1369969153399704,1.0,0.3908334479805774,0.5620081138802853,0.8183730562363054
775,735,1fd96564896ac64e,Cardiomegaly,off,0.1675949885238951,1.0,0.3108623141231675,0.4633415911585146,1.8716836452810568
775,735,1fd96564896ac64e,Cardiomegaly,on,0.1675949885238951,1.0,0.6031550303845056,0.7524493252118812,1.488521132178945
776,736,9132311b5a5760bd,Cardiomegaly,off,0.1629314503749835,1.0,0.3149482259703763,0.4771140792919044,1.055317762193463
776,736,9132311b5a5760bd,Cardiomegaly,on,0.1629314503749835,1.0,0.3655535015099832,0.5353916592737451,0.726642976171083
777,739,f282b543a98a6adf,Cardiomegaly,off,0.1675072730728184,1.0,0.4143536937751912,0.5853233548402107,1.4400188541405308
777,739,f282b543a98a6adf,Cardiomegaly,on,0.1675072730728184,1.0,0.4321618305971139,0.6035083703709869,1.0481892198348597
778,740,6a0cf8217cd19547,Cardiomegaly,off,0.1791685549854051,1.0,0.3163084839542837,0.478595612322718,0.8433575266396741
778,740,6a0cf8217cd19547,Cardiomegaly,on,0.1791685549854051,1.0,0.3355464301471452,0.5024820226218398,0.5885206094642352
779,742,a6f2173b3167c667,Cardiomegaly,off,0.1791003318567899,1.0,0.2902655510925148,0.4490645431050749,1.0374064329029715
779,742,a6f2173b3167c667,Cardiomegaly,on,0.1791003318567899,1.0,0.3215813070373867,0.4866592309418918,0.6671207197594943
780,743,77833736695e8699,Cardiomegaly,off,0.1612697298851415,1.0,0.455298865586367,0.6217728141266745,1.6464698851791066
780,743,77833736695e8699,Cardiomegaly,on,0.1612697298851415,1.0,0.5631663397529392,0.720542177925479,1.2535042399394751
781,745,ea67363fc3eed456,Cardiomegaly,off,0.1761521180844894,1.0,0.3038317506984631,0.4609020238268517,1.0656000633222726
781,745,ea67363fc3eed456,Cardiomegaly,on,0.1761521180844894,1.0,0.413810837097121,0.5853802644346499,0.7950490316858867
782,749,11663b0653bdfaec,Cardiomegaly,off,0.1278355237830699,1.0,0.181293327024189,0.3053130184743627,0.97624391991907
782,749,11663b0653bdfaec,Cardiomegaly,on,0.1278355237830699,1.0,0.3213398876769927,0.4863773171598893,0.7398735046775193
783,750,bb5184c8cffa9ed9,Cardiomegaly,off,0.17217081122173,1.0,0.3210698269557305,0.483694813597895,1.06360881732012
783,750,bb5184c8cffa9ed9,Cardiomegaly,on,0.17217081122173,1.0,0.3994209692065396,0.570834245851492,0.7662985273973895
784,751,543a5528c87b2f5d,Cardiomegaly,off,0.1644664707688259,1.0,0.3604796355873212,0.5239477006131973,1.393071130664824
784,751,543a5528c87b2f5d,Cardiomegaly,on,0.1644664707688259,1.0,0.4735978330777872,0.6427729307320668,0.9689171049361416
785,755,691b6a598d35f408,Cardiomegaly,off,0.1652754021509777,1.0,0.4007627320181297,0.5666965897835928,1.2190273413703625
785,755,691b6a598d35f408,Cardiomegaly,on,0.1652754021509777,1.0,0.4777589576866941,0.6465927844350184,1.0065645830851804
786,756,3cb452eb0c7eb696,Cardiomegaly,off,0.1180455048267863,1.0,0.1945275740314603,0.3224890902800897,0.9947192540195622
786,756,3cb452eb0c7eb696,Cardiomegaly,on,0.1180455048267863,1.0,0.3331970147004911,0.4998465082794937,0.6982725200354916
787,758,5655c391e89d0398,Cardiomegaly,off,0.1500811367922459,1.0,0.3782780222587162,0.541986660249502,1.4362348552774458
787,758,5655c391e89d0398,Cardiomegaly,on,0.1500811367922459,1.0,0.5069840296603306,0.6728348691238679,1.0983405927325718
788,760,3e070b1789cb8517,Cardiomegaly,off,0.1356421989288968,1.0,0.4682735389600025,0.6281361878560369,2.020133335232844
788,760,3e070b1789cb8517,Cardiomegaly,on,0.1356421989288968,1.0,0.6341209566600494,0.7760981203824836,2.1020369174953992
789,761,df171907ed8ead8a,Cardiomegaly,off,0.1783644966838686,1.0,0.1911455251479725,0.3145951282681313,1.1295450805285328
789,761,df171907ed8ead8a,Cardiomegaly,on,0.1783644966838686,1.0,0.2987484996085962,0.4600384721404967,0.6202863420450454
790,764,b734b7047b19bcde,Cardiomegaly,off,0.1647978402506712,1.0,0.3062299975664272,0.4631521538961075,0.9892523130412164
790,764,b734b7047b19bcde,Cardiomegaly,on,0.1647978402506712,1.0,0.4097066152071827,0.5812628895366663,0.8007852735774027
791,765,2354bf39abc9bf7e,Cardiomegaly,off,0.1393116286322724,1.0,0.2762266456991408,0.4263242375834972,1.7146692525258609
791,765,2354bf39abc9bf7e,Cardiomegaly,on,0.1393116286322724,1.0,0.6025857346447302,0.7520168062532442,1.9222748624539967
792,766,1a3deff1a73dec78,Cardiomegaly,off,0.1633115506629826,1.0,0.469528445080651,0.6357894777413078,1.7950800790396064
792,766,1a3deff1a73dec78,Cardiomegaly,on,0.1633115506629826,1.0,0.5335171592371065,0.6958052919215352,1.335972001935739
793,768,afce7d9041b66379,Cardiomegaly,off,0.159432578493146,1.0,0.3273167115749896,0.4861923739056975,1.6178508899560715
793,768,afce7d9041b66379,Cardiomegaly,on,0.159432578493146,1.0,0.4780356867120368,0.6468503718328888,1.2637588854496886
794,770,8f741cc6579b8f35,Cardiomegaly,off,0.1466407418777928,1.0,0.1971721922228573,0.3258703593326406,0.969916874016606
794,770,8f741cc6579b8f35,Cardiomegaly,on,0.1466407418777928,1.0,0.3654995245899641,0.5353136543836058,0.761566268911852
795,777,be62e3e05fdebc7e,Cardiomegaly,off,0.1594471977349921,1.0,0.4247352378789893,0.5948864575434598,1.435584862831836
795,777,be62e3e05fdebc7e,Cardiomegaly,on,0.1594471977349921,1.0,0.46163382153125,0.6316680351982299,1.1301280326729934
796,778,d03e8bd32d72f609,Cardiomegaly,off,0.1507390026753212,1.0,0.2573062278394951,0.3980076692065922,0.9889712930294898
796,778,d03e8bd32d72f609,Cardiomegaly,on,0.1507390026753212,1.0,0.4266231174523108,0.5980858864630098,0.8517971810081321
797,779,3fa3bb780ed1fbf1,Cardiomegaly,off,0.1485899741239419,1.0,0.4218965483760343,0.5865004040693292,1.833403942494276
797,779,3fa3bb780ed1fbf1,Cardiomegaly,on,0.1485899741239419,1.0,0.5731420993897963,0.7286576657265473,1.5959489803245346
798,780,0b9c82f78ec906ae,Cardiomegaly,off,0.133970732277824,1.0,0.2281115108985821,0.3666113960280553,1.0092895324660247
798,780,0b9c82f78ec906ae,Cardiomegaly,on,0.133970732277824,1.0,0.3619793345209927,0.5315431250987678,0.7256304691529207
799,782,c5e022e3bbb4d365,Cardiomegaly,off,0.1400572099664244,1.0,0.3228348372363784,0.4834754341483422,1.5643416752392172
799,782,c5e022e3bbb4d365,Cardiomegaly,on,0.1400572099664244,1.0,0.4779132840187896,0.6467390205314255,1.3597636643522968
800,783,78d867a67581bec6,Cardiomegaly,off,0.1425424810802645,1.0,0.3059729350350208,0.4657476726120915,1.444101731892344
800,783,78d867a67581bec6,Cardiomegaly,on,0.1425424810802645,1.0,0.4185535126745054,0.5901130192029749,1.17681580979741
801,788,02cd8956d2df2ded,Cardiomegaly,off,0.1254087296366143,1.0,0.2177590065517557,0.3530890622014004,1.201613258073839
801,788,02cd8956d2df2ded,Cardiomegaly,on,0.1254087296366143,1.0,0.4033983252110443,0.5748626219234082,0.861891811072383
802,790,9f3e1706f653df37,Cardiomegaly,off,0.1527028541633164,1.0,0.3233077397303724,0.4833350264828657,1.226748723258136
802,790,9f3e1706f653df37,Cardiomegaly,on,0.1527028541633164,1.0,0.4577800745014439,0.628043796687812,0.969177789864477
803,792,9a54c509e24476a8,Cardiomegaly,off,0.1737496893411107,1.0,0.3209831600000575,0.4838314354034956,0.9054386468408322
803,792,9a54c509e24476a8,Cardiomegaly,on,0.1737496893411107,1.0,0.377037081118213,0.5476033254622633,0.7248360260050736
804,793,b9598d90ce357368,Cardiomegaly,off,0.1299114561252186,1.0,0.2457938618901712,0.3902818247727638,0.9575422356198934
804,793,b9598d90ce357368,Cardiomegaly,on,0.1299114561252186,1.0,0.3836301582497703,0.5545135439263292,0.8126420832764196
805,796,4ae0fac5d7de98ea,Cardiomegaly,off,0.164598043945441,1.0,0.3731627094493087,0.5419011002448846,1.237511901846772
805,796,4ae0fac5d7de98ea,Cardiomegaly,on,0.164598043945441,1.0,0.440814846914492,0.6118964722395227,1.01356138233355
806,800,a547abae9d91e112,Cardiomegaly,off,0.1637939856439045,1.0,0.3009094576820933,0.4587956182109199,0.9197772914534704
806,800,a547abae9d91e112,Cardiomegaly,on,0.1637939856439045,1.0,0.4052599521846411,0.5767733859278021,0.8005403419196131
807,804,fa6ff87391ab6d7e,Cardiomegaly,off,0.1619129765263706,0.0,0.2643182184218081,0.4173741139717516,0.7298239432374564
807,804,fa6ff87391ab6d7e,Cardiomegaly,on,0.1619129765263706,0.0,0.2807943843155978,0.438468867772613,0.5733461103264985
808,807,a2535a6d389ba3d8,Cardiomegaly,off,0.1506171756599369,1.0,0.2025291313438015,0.328974964223018,0.9579698014407584
808,807,a2535a6d389ba3d8,Cardiomegaly,on,0.1506171756599369,1.0,0.4051921044215257,0.5766928904087579,0.8152165458593412
809,810,8336bd50aae30562,Cardiomegaly,off,0.1212422457104707,1.0,0.2497934995647394,0.3931132822803047,0.8655094741773837
809,810,8336bd50aae30562,Cardiomegaly,on,0.1212422457104707,1.0,0.3484215368015833,0.5167573766235642,0.741802857940258
810,811,83929c209e10fe91,Cardiomegaly,off,0.186190664152157,1.0,0.2421674165734854,0.3828491532420626,0.9251594921126736
810,811,83929c209e10fe91,Cardiomegaly,on,0.186190664152157,1.0,0.3590770881808633,0.5284094329564286,0.6659520407621303
811,812,382d4e4bdf4cf814,Cardiomegaly,off,0.1573127884254589,1.0,0.3738062554393026,0.536288186802681,1.764238903860798
811,812,382d4e4bdf4cf814,Cardiomegaly,on,0.1573127884254589,1.0,0.5944825610912867,0.7456631700115893,1.3937129035401918
812,814,7e9eb887c924271c,Cardiomegaly,off,0.1447304942765668,1.0,0.1826638050072969,0.3055807429363811,0.8699089999500503
812,814,7e9eb887c924271c,Cardiomegaly,on,0.1447304942765668,1.0,0.3057325496657463,0.4682865894388929,0.6320521684685285
813,816,c58d55daf5dba616,Cardiomegaly,off,0.1442383131344141,1.0,0.2335939105380344,0.3736935370357411,1.077231638476137
813,816,c58d55daf5dba616,Cardiomegaly,on,0.1442383131344141,1.0,0.3674076446917256,0.5373746828122855,0.7894268589253903
814,820,70be5c0926d117d0,Cardiomegaly,off,0.149847228922708,1.0,0.3133972049640164,0.4716361068295899,1.340901342245973
814,820,70be5c0926d117d0,Cardiomegaly,on,0.149847228922708,1.0,0.4869175898686212,0.654934304359087,1.0772910641034812
815,823,89dc7150e980b6c2,Cardiomegaly,off,0.1196195098655517,1.0,0.3254276657435154,0.4854122850522853,0.8061050606927063
815,823,89dc7150e980b6c2,Cardiomegaly,on,0.1196195098655517,1.0,0.4500152654593582,0.620701660849684,0.9542586822761892
816,826,0d8c82ab3e34e6da,Cardiomegaly,off,0.143687655024877,1.0,0.3393433389874046,0.5022849810899486,1.5775244131894763
816,826,0d8c82ab3e34e6da,Cardiomegaly,on,0.143687655024877,1.0,0.4990908685889742,0.6658565974981915,1.415436424503836
817,827,01596ecd36248645,Cardiomegaly,off,0.1675901154432797,1.0,0.3264773292795152,0.4899111525599017,1.138018912467481
817,827,01596ecd36248645,Cardiomegaly,on,0.1675901154432797,1.0,0.3871236356976762,0.5581657397374427,0.8652671060241524
818,830,96f1e5974eaababc,Cardiomegaly,off,0.1438289743627228,1.0,0.3369704495741675,0.5012749455053223,1.2123394105869971
818,830,96f1e5974eaababc,Cardiomegaly,on,0.1438289743627228,1.0,0.4056648157296905,0.5771847525921486,0.908859518651028
819,832,feec175e3b538d67,Cardiomegaly,off,0.1312320609719846,1.0,0.528261173232907,0.6882161856837732,1.7696366730557016
819,832,feec175e3b538d67,Cardiomegaly,on,0.1312320609719846,1.0,0.6166181763307159,0.7628457253540055,1.6951316771796603
820,840,46c43c8bc8c1789b,Cardiomegaly,off,0.1389948783922732,1.0,0.3796161538166228,0.5475230696951987,1.0632931998424675
820,840,46c43c8bc8c1789b,Cardiomegaly,on,0.1389948783922732,1.0,0.4598764637202475,0.630020202668871,1.083401072965663
821,842,4a4dcb2d177bc16c,Cardiomegaly,off,0.1230209201350818,1.0,0.3245798617563485,0.4865354564995677,1.525321567285269
821,842,4a4dcb2d177bc16c,Cardiomegaly,on,0.1230209201350818,1.0,0.4650080483991013,0.6348096689809115,1.268156235202874
822,844,8d4712d393305819,Cardiomegaly,off,0.1981345847404353,1.0,0.3462817278253919,0.513787652954331,1.239050509409944
822,844,8d4712d393305819,Cardiomegaly,on,0.1981345847404353,1.0,0.340745963933487,0.5082922641358082,0.924506924345864
823,848,b3ed864778631c15,Cardiomegaly,off,0.1213153419197013,1.0,0.3942262151666482,0.5630275370575262,1.4882901283617949
823,848,b3ed864778631c15,Cardiomegaly,on,0.1213153419197013,1.0,0.4981623063732547,0.6650296867356117,1.3742707908767633
824,853,7d49e3c835f3dce2,Cardiomegaly,off,0.1311102339566003,1.0,0.3058265467251283,0.4651264311184866,1.355143612980832
824,853,7d49e3c835f3dce2,Cardiomegaly,on,0.1311102339566003,1.0,0.4155274941487595,0.5870963206366865,1.00683854366322
825,854,be1d74fe78ab76db,Cardiomegaly,off,0.1771023688044871,1.0,0.2492697395399948,0.3974504227145626,0.7624761227140804
825,854,be1d74fe78ab76db,Cardiomegaly,on,0.1771023688044871,1.0,0.2862914357678837,0.4451385840695834,0.491377291365804
826,855,fc0ea0e1d633a70d,Cardiomegaly,off,0.1363877802630489,1.0,0.1364074042909712,0.2376764787042864,0.7241346614761115
826,855,fc0ea0e1d633a70d,Cardiomegaly,on,0.1363877802630489,1.0,0.3218905155074123,0.487011130227286,0.6159687469361396
827,856,af41dee539933b93,Cardiomegaly,off,0.1422939539688805,1.0,0.3776192746668202,0.546659702380041,1.2991122889906603
827,856,af41dee539933b93,Cardiomegaly,on,0.1422939539688805,1.0,0.425936276610646,0.5974114899380305,1.044837345999048
828,857,15a4cc8a11450d48,Cardiomegaly,off,0.1434878587196468,1.0,0.2714662148387198,0.4261222148578264,0.8992678514821734
828,857,15a4cc8a11450d48,Cardiomegaly,on,0.1434878587196468,1.0,0.3010699471293069,0.4628032226542999,0.6829283240129544
829,861,ae403474c3ce1cca,Cardiomegaly,off,0.1417676612624202,1.0,0.199090783284359,0.3252038812041087,1.0678759716974988
829,861,ae403474c3ce1cca,Cardiomegaly,on,0.1417676612624202,1.0,0.3882369347960549,0.5592980960257797,0.813272788016508
830,863,9c6a1811fb76fa29,Cardiomegaly,off,0.1620737881866779,1.0,0.3025785698440554,0.4582471953412866,1.388612014417561
830,863,9c6a1811fb76fa29,Cardiomegaly,on,0.1620737881866779,1.0,0.4478806117179065,0.6186686348544611,0.9548132441815724
831,878,4e3b0c42eb0f4304,Cardiomegaly,off,0.1552660945670024,1.0,0.2698740817846435,0.4185027132568176,1.1279379061646
831,878,4e3b0c42eb0f4304,Cardiomegaly,on,0.1552660945670024,1.0,0.4242994464925099,0.5957956995753723,0.8589907826143197
832,879,a0aa3991a0bb3e5b,Cardiomegaly,off,0.151664887992242,1.0,0.2654978245421776,0.4167734341324532,0.7174692958504291
832,879,a0aa3991a0bb3e5b,Cardiomegaly,on,0.151664887992242,1.0,0.3496358996461768,0.5181167157451708,0.6607614367623935
833,880,96a6632d91702e06,Cardiomegaly,off,0.1766832838715651,1.0,0.1985984956473401,0.3304981903498035,0.5692114039544267
833,880,96a6632d91702e06,Cardiomegaly,on,0.1766832838715651,1.0,0.1976366553340185,0.3300415276984083,0.2959243324247639
834,887,7eb0d17af8e0d642,Cardiomegaly,off,0.1351548908673596,1.0,0.3153718592200907,0.4756701711292336,1.3648773485215566
834,887,7eb0d17af8e0d642,Cardiomegaly,on,0.1351548908673596,1.0,0.4492887463035142,0.6200103577239099,1.0281877049046348
835,891,2c387b7497386f40,Cardiomegaly,off,0.160845771871604,1.0,0.3103421995144607,0.4715825826481586,1.278752429405976
835,891,2c387b7497386f40,Cardiomegaly,on,0.160845771871604,1.0,0.3647310553610677,0.5345096871331243,0.8822745047474461
836,895,c9e268450f694cd3,Cardiomegaly,off,0.1460316068008713,1.0,0.380860782959522,0.5458630795059198,1.476786157754936
836,895,c9e268450f694cd3,Cardiomegaly,on,0.1460316068008713,1.0,0.5756328687313609,0.7306649678109635,1.291564678618788
837,898,b26ce08f494a7db4,Cardiomegaly,off,0.1531609237411614,1.0,0.2883198624371497,0.4328318562000161,1.500900774129672
837,898,b26ce08f494a7db4,Cardiomegaly,on,0.1531609237411614,1.0,0.550450628064443,0.7100408413871215,1.3579988545957884
838,900,03be9ab047de4600,Cardiomegaly,off,0.1565330955269993,1.0,0.4627826905445094,0.6221781552246525,1.7228546305532169
838,900,03be9ab047de4600,Cardiomegaly,on,0.1565330955269993,1.0,0.6320240956380505,0.7745271786573248,1.493603609862696
839,901,e9ae29bae8122a11,Cardiomegaly,off,0.1496328133756316,1.0,0.3833077016801526,0.5489354189764396,1.397949788201363
839,901,e9ae29bae8122a11,Cardiomegaly,on,0.1496328133756316,1.0,0.4902503254486348,0.657936039625807,1.0323699196392364
840,903,0c0401fd4708849d,Cardiomegaly,off,0.1532096545473151,1.0,0.2486534028740801,0.3953529350590539,1.211281743396773
840,903,0c0401fd4708849d,Cardiomegaly,on,0.1532096545473151,1.0,0.3852153744081517,0.5561769010297122,0.8289741606226075
841,904,f2a99ba2c22ec977,Cardiomegaly,off,0.1505635717731678,1.0,0.278860704805154,0.4295846434531337,1.4803213031177365
841,904,f2a99ba2c22ec977,Cardiomegaly,on,0.1505635717731678,1.0,0.4319619326410223,0.6033122820036032,1.1661709097988198
842,905,55870c2feee34d55,Cardiomegaly,off,0.1354618949461281,1.0,0.3235484832466386,0.4787727541356354,1.9348038269110104
842,905,55870c2feee34d55,Cardiomegaly,on,0.1354618949461281,1.0,0.7376971226275334,0.8490498223293269,2.0043780635084643
843,906,ac9a2bb3a0548caf,Cardiomegaly,off,0.1453103908697961,1.0,0.3256658701598531,0.4773211397627702,1.1817341783443318
843,906,ac9a2bb3a0548caf,Cardiomegaly,on,0.1453103908697961,1.0,0.5005639194882578,0.6671522443863405,1.0547851160013424
844,907,2ba90af17885feff,Cardiomegaly,off,0.1499154520513232,1.0,0.1761357387155602,0.2965740606125869,0.8817583326991043
844,907,2ba90af17885feff,Cardiomegaly,on,0.1499154520513232,1.0,0.228965836618612,0.3726118470249493,0.4587445627369852
845,909,cf2cf8f35b3e26b7,Cardiomegaly,off,0.1566451763811528,1.0,0.5116858006993839,0.6752493229709191,1.7335009321678505
845,909,cf2cf8f35b3e26b7,Cardiomegaly,on,0.1566451763811528,1.0,0.551360694684777,0.710809116322456,1.5702493673100022
846,910,1561ef7f47ec3c6f,Cardiomegaly,off,0.160675214050066,1.0,0.283622716617161,0.4394405899179691,1.098303887170379
846,910,1561ef7f47ec3c6f,Cardiomegaly,on,0.160675214050066,1.0,0.3682950672367622,0.5383251591059869,0.8889288310497564
847,911,cc1a9a6c9210568f,Cardiomegaly,off,0.122226607994776,1.0,0.404449256267042,0.5643658390816533,1.8901148016924203
847,911,cc1a9a6c9210568f,Cardiomegaly,on,0.122226607994776,1.0,0.5967536162860163,0.747451435431869,2.0358629788375247
848,913,c3f4bdc9c10e98cc,Cardiomegaly,off,0.1557144179836167,1.0,0.2950095617455207,0.444096568634614,1.2482707806695383
848,913,c3f4bdc9c10e98cc,Cardiomegaly,on,0.1557144179836167,1.0,0.437172683047408,0.608347253580594,0.9386014698127162
849,915,3cd1f43abf66d336,Cardiomegaly,off,0.1579950197116111,1.0,0.2843060097174206,0.4371428161121108,1.2340198638790427
849,915,3cd1f43abf66d336,Cardiomegaly,on,0.1579950197116111,1.0,0.4476328499877128,0.6184277256960461,0.898891531330732
850,918,c4d577be099a01a4,Cardiomegaly,off,0.1470939383750225,1.0,0.3160635323755634,0.4741652551002219,1.286387712839265
850,918,c4d577be099a01a4,Cardiomegaly,on,0.1470939383750225,1.0,0.4718332286344472,0.6411495458348757,1.058015065622683
851,921,457fe3957e7b56af,Cardiomegaly,off,0.1561383759971541,1.0,0.3373484049905184,0.4993241398309601,1.2622167490780527
851,921,457fe3957e7b56af,Cardiomegaly,on,0.1561383759971541,1.0,0.4518328072074194,0.6224300171892412,1.0619604294606662
852,922,0b67d668040438d9,Cardiomegaly,off,0.1608652641940655,1.0,0.3394871524211986,0.502460920443193,1.1116573132418175
852,922,0b67d668040438d9,Cardiomegaly,on,0.1608652641940655,1.0,0.4305664100352466,0.6019520264908443,0.8832776300907462
853,928,d4d998e70eb02d4a,Cardiomegaly,off,0.1508120988845518,1.0,0.220899281231371,0.3533065755667022,1.358463794047578
853,928,d4d998e70eb02d4a,Cardiomegaly,on,0.1508120988845518,1.0,0.4675667121731798,0.6371947341273947,1.0262601146330772
854,929,2a32d271c904b3d5,Cardiomegaly,off,0.1571032459589979,1.0,0.295178918577294,0.4543952526321499,1.165353863813502
854,929,2a32d271c904b3d5,Cardiomegaly,on,0.1571032459589979,1.0,0.3454279650587237,0.5134832442133319,0.7712261148126204
855,933,0edc5e0c0eba3ced,Cardiomegaly,off,0.1475520079528675,1.0,0.3592277974210655,0.5216930524145427,1.543643009506452
855,933,0edc5e0c0eba3ced,Cardiomegaly,on,0.1475520079528675,1.0,0.5466501474461439,0.7068737048029193,1.1768973595212286
856,934,74fc264d95280b44,Cardiomegaly,off,0.1513481377522428,1.0,0.2295527482152352,0.3663633207372797,1.148088397859365
856,934,74fc264d95280b44,Cardiomegaly,on,0.1513481377522428,1.0,0.4384728888583808,0.6096296108317804,0.8939635012773299
857,936,783e7db10dce15e4,Cardiomegaly,off,0.148473020189173,1.0,0.2829106222831233,0.4361207587344964,1.1208698499888907
857,936,783e7db10dce15e4,Cardiomegaly,on,0.148473020189173,1.0,0.3950572967084798,0.5663670542030774,0.8829325904468717
858,937,b93a498274316f1d,Cardiomegaly,off,0.1748510055601849,1.0,0.3962126219058323,0.5537924410137645,1.5380493635263994
858,937,b93a498274316f1d,Cardiomegaly,on,0.1748510055601849,1.0,0.5825438531380785,0.7362090191373747,1.2604007728120978
859,939,44676a6c22bbc733,Cardiomegaly,off,0.1494720017153243,1.0,0.2071849952338472,0.3371517788278412,0.8466635408564214
859,939,44676a6c22bbc733,Cardiomegaly,on,0.1494720017153243,1.0,0.3741196252793154,0.544516937836094,0.7362110492895104
860,943,ca57dc7d2c579615,Cardiomegaly,off,0.1320751039184441,1.0,0.2485645148699788,0.39083239286565,1.489868377927439
860,943,ca57dc7d2c579615,Cardiomegaly,on,0.1320751039184441,1.0,0.5508527879948127,0.7103770122588775,1.2134492922600588
861,944,681a904a771384c1,Cardiomegaly,off,0.125194314089538,1.0,0.3134684261284675,0.4725674400394379,1.3176218804298705
861,944,681a904a771384c1,Cardiomegaly,on,0.125194314089538,1.0,0.4294917942411479,0.6008964992809163,0.9582096105840744
862,945,d65412eb0caf13b6,Cardiomegaly,off,0.1636770317091355,1.0,0.2705410860187636,0.4208797765236666,1.1000915455084548
862,945,d65412eb0caf13b6,Cardiomegaly,on,0.1636770317091355,1.0,0.3872057917176018,0.5582526932828016,0.9231775797178756
863,950,bb719db62ff21541,Cardiomegaly,off,0.1517184918790111,1.0,0.3963564610241065,0.5598008674628939,1.591395608968706
863,950,bb719db62ff21541,Cardiomegaly,on,0.1517184918790111,1.0,0.5867220808995406,0.7395389227253866,1.314819930763064
864,951,4fe76432fdb173d5,Cardiomegaly,off,0.1753772982666452,1.0,0.2636366498401491,0.4145688895161387,0.6860791556219774
864,951,4fe76432fdb173d5,Cardiomegaly,on,0.1753772982666452,1.0,0.3106120054575259,0.4739940583020263,0.5420064153719605
865,952,89ef9383e71e14ac,Cardiomegaly,off,0.1973159071970527,1.0,0.3361680458340174,0.5025429154013187,1.440203739090374
865,952,89ef9383e71e14ac,Cardiomegaly,on,0.1973159071970527,1.0,0.3640471573064704,0.5337746349635469,1.037436553354817
866,955,befc0c99b4dd6e6c,Cardiomegaly,off,0.1244925904809243,1.0,0.3298002604749498,0.4900898108979087,1.0265398525585403
866,955,befc0c99b4dd6e6c,Cardiomegaly,on,0.1244925904809243,1.0,0.4525852386793165,0.6231443668419357,0.991704426065324
867,956,72f7954fb0161c5d,Cardiomegaly,off,0.192062726293681,1.0,0.2325984399532494,0.3750511405887685,0.8941077845542786
867,956,72f7954fb0161c5d,Cardiomegaly,on,0.192062726293681,1.0,0.2649057791810753,0.4188400424982285,0.4549547188160696
868,957,8ed57312da57662c,Cardiomegaly,off,0.1414801495061133,1.0,0.3207362483026136,0.4796912201524463,1.1248160984402806
868,957,8ed57312da57662c,Cardiomegaly,on,0.1414801495061133,1.0,0.4504348273978182,0.6211031469690019,0.9203196359405806
869,959,18fa7ed3a4c38830,Cardiomegaly,off,0.1338147936981321,1.0,0.2072461325656701,0.3417807692395128,0.9252179376343008
869,959,18fa7ed3a4c38830,Cardiomegaly,on,0.1338147936981321,1.0,0.3102480461029919,0.4735478982157034,0.6993668772004775
870,962,00f3d968b485ab18,Cardiomegaly,off,0.1547008172156192,1.0,0.2941215193428293,0.4492108873029831,1.0760847284340145
870,962,00f3d968b485ab18,Cardiomegaly,on,0.1547008172156192,1.0,0.4354220110653848,0.6066783250731259,0.8605127865626588
871,963,270f597c3ae829e3,Cardiomegaly,off,0.1667470724968203,1.0,0.4081337292144679,0.579596727295202,1.3144783289894246
871,963,270f597c3ae829e3,Cardiomegaly,on,0.1667470724968203,1.0,0.4118650878285728,0.5834340462439418,0.939955208776424
872,966,b06d5b89bfe7e4f9,Cardiomegaly,off,0.1638914472562119,1.0,0.2693836216081091,0.413499410019876,1.2525734854133947
872,966,b06d5b89bfe7e4f9,Cardiomegaly,on,0.1638914472562119,1.0,0.4406972204093041,0.6117775190393397,0.8930442517348731
873,969,d26b663717915394,Cardiomegaly,off,0.1422111115984191,1.0,0.3243905479396189,0.4850140289316628,1.3129651910913758
873,969,d26b663717915394,Cardiomegaly,on,0.1422111115984191,1.0,0.4444352442171465,0.615373046054923,0.9790861796965066
874,970,c496622f0d34bcdd,Cardiomegaly,off,0.1683844275835855,1.0,0.2646553715130909,0.4170154688060076,1.0079846150694438
874,970,c496622f0d34bcdd,Cardiomegaly,on,0.1683844275835855,1.0,0.2793639596624749,0.4367208473381597,0.6390527392810033
875,971,88c90e9bcd88233b,Cardiomegaly,off,0.1692225974494296,1.0,0.2754924830430414,0.4270441367150247,1.1218703738186644
875,971,88c90e9bcd88233b,Cardiomegaly,on,0.1692225974494296,1.0,0.3923542453940484,0.5635782814267358,0.839623723043509
876,974,0fd3a51f7c7139b9,Cardiomegaly,off,0.1390874669239653,1.0,0.2760372248406863,0.4322733054431874,1.198484325577091
876,974,0fd3a51f7c7139b9,Cardiomegaly,on,0.1390874669239653,1.0,0.3279353127778484,0.4939012005528559,0.9030849821480976
877,975,ed4fefd6128d9cd5,Cardiomegaly,off,0.1604461792611435,1.0,0.2304400279488616,0.3672306767115182,1.036988454849939
877,975,ed4fefd6128d9cd5,Cardiomegaly,on,0.1604461792611435,1.0,0.4121185869962748,0.5836799415822912,0.8346175786702672
878,976,c29166e493d19f2e,Cardiomegaly,off,0.1600953174568367,1.0,0.3743022419758269,0.5392639285771106,1.1090405808662374
878,976,c29166e493d19f2e,Cardiomegaly,on,0.1600953174568367,1.0,0.4500389967034949,0.6207196481772748,0.9034130014414422
879,977,7f94daf6c078208b,Cardiomegaly,off,0.1706309177472723,1.0,0.2457302553008268,0.3936152592938483,0.7725618179646665
879,977,7f94daf6c078208b,Cardiomegaly,on,0.1706309177472723,1.0,0.2652546501475953,0.4192898018095207,0.5525553402529452
880,979,b50c310ab039d823,Cardiomegaly,off,0.1652948944734392,1.0,0.1940017531829532,0.3202152142765448,1.1089176615074288
880,979,b50c310ab039d823,Cardiomegaly,on,0.1652948944734392,1.0,0.3394059450355583,0.5067782204855085,0.6758442816845376
881,980,add9d47c8799e3e3,Cardiomegaly,off,0.1805817483638631,1.0,0.2654071233707268,0.4171763669058362,1.0730461717961848
881,980,add9d47c8799e3e3,Cardiomegaly,on,0.1805817483638631,1.0,0.3323733788254112,0.4989175540203993,0.7051943016649798
882,982,8cebd91da402e33d,Cardiomegaly,off,0.1530829544513154,1.0,0.4130629754254858,0.5702335196470327,2.0239604026162965
882,982,8cebd91da402e33d,Cardiomegaly,on,0.1530829544513154,1.0,0.658281279513365,0.7939280740723379,1.662726817358844
883,983,d1d4e9bef6643e23,Cardiomegaly,off,0.1638280972082121,1.0,0.3678986351696357,0.5351170795652457,1.067409378989674
883,983,d1d4e9bef6643e23,Cardiomegaly,on,0.1638280972082121,1.0,0.4131178322494674,0.5846862204047124,0.8026559221282371
884,984,4da0332e60bf86b8,Cardiomegaly,off,0.1552466022445409,1.0,0.2664434995850914,0.414809785461468,0.8883858611986383
884,984,4da0332e60bf86b8,Cardiomegaly,on,0.1552466022445409,1.0,0.4269578195180353,0.5984135782642015,0.8432204422491819
885,992,8ef6d0a1def1cf1b,Cardiomegaly,off,0.1720051264808073,1.0,0.3373541828637404,0.502631701101119,1.1235386342469749
885,992,8ef6d0a1def1cf1b,Cardiomegaly,on,0.1720051264808073,1.0,0.3750792925127452,0.5455359311696634,0.7494822575831047
886,995,12686c36026b3031,Cardiomegaly,off,0.1402716255135008,1.0,0.3230229033048284,0.4814391074102276,1.4230686103933914
886,995,12686c36026b3031,Cardiomegaly,on,0.1402716255135008,1.0,0.4891492132573974,0.6569459316992756,1.0850427119542072
887,1000,824eacc60bf5aceb,Cardiomegaly,off,0.1389607668279656,1.0,0.3424829875603515,0.503876790385002,1.7631909609509149
887,1000,824eacc60bf5aceb,Cardiomegaly,on,0.1389607668279656,1.0,0.53044487169342,0.6931898709644964,1.6979101001950716
888,1001,fdcff99e7265a8de,Cardiomegaly,off,0.1718979187072691,1.0,0.4031309028453789,0.5691488705480664,1.6251277454607378
888,1001,fdcff99e7265a8de,Cardiomegaly,on,0.1718979187072691,1.0,0.5347127920529402,0.6968237017500825,1.224619593463706
889,1002,52b72ff5f88f0a37,Cardiomegaly,off,0.1580388774371494,1.0,0.4232363005628349,0.5893956251741924,1.9976979328244944
889,1002,52b72ff5f88f0a37,Cardiomegaly,on,0.1580388774371494,1.0,0.5367115793331888,0.6985194717594126,1.9650649147526904
890,1005,f1f07bedc325e82e,Cardiomegaly,off,0.1829159539786266,1.0,0.3104962407538691,0.4702046037339459,0.8451722463219786
890,1005,f1f07bedc325e82e,Cardiomegaly,on,0.1829159539786266,1.0,0.3674671114289186,0.5374376600177714,0.6638065004502297
891,1007,6fc6a60d0335fbd6,Cardiomegaly,off,0.1751238980746458,1.0,0.2695571641855757,0.4177538201138383,1.0510843072109786
891,1007,6fc6a60d0335fbd6,Cardiomegaly,on,0.1751238980746458,1.0,0.3739699734942044,0.5443623976612498,0.7648104404135314
892,1008,5e88f0f16c7e6a47,Cardiomegaly,off,0.1578439542125345,1.0,0.3447816463661557,0.5121461131003971,1.1878921286069333
892,1008,5e88f0f16c7e6a47,Cardiomegaly,on,0.1578439542125345,1.0,0.3732400193220365,0.5435902389016966,0.9353841362855873
893,1012,74605b9a2e60db04,Cardiomegaly,off,0.1503491562260914,1.0,0.2396144398320145,0.3826250584066256,0.872052765886718
893,1012,74605b9a2e60db04,Cardiomegaly,on,0.1503491562260914,1.0,0.3044295546120369,0.4667571714127669,0.5684182293643724
894,1014,a75c3f979a938d95,Cardiomegaly,off,0.1585213124180713,1.0,0.2672369961379651,0.4093877438525036,1.4514093354616593
894,1014,a75c3f979a938d95,Cardiomegaly,on,0.1585213124180713,1.0,0.4894065763301972,0.6571813821389952,1.0704786156674444
895,1016,cd4a1485e9f93a94,Cardiomegaly,off,0.1683503160192779,0.0,0.2823208933959992,0.4392047163010091,1.0313574622122166
895,1016,cd4a1485e9f93a94,Cardiomegaly,on,0.1683503160192779,0.0,0.3166080957879324,0.4809443080714367,0.6467686465934578
896,1017,7d078f83e9932755,Cardiomegaly,off,0.1198631638963203,1.0,0.3303585795387452,0.4883674049690814,1.125469964287234
896,1017,7d078f83e9932755,Cardiomegaly,on,0.1198631638963203,1.0,0.4535452137369329,0.6240535621895844,0.9773711544566184
897,1019,094881505a8ff1b3,Cardiomegaly,off,0.1558801027245393,1.0,0.1671127457132424,0.2836679795333062,0.7832732311489369
897,1019,094881505a8ff1b3,Cardiomegaly,on,0.1558801027245393,1.0,0.2543712597649382,0.4055709118818603,0.4581928822644669
898,1022,1d83329f432409d6,Cardiomegaly,off,0.171922284110346,1.0,0.5183798119657765,0.6813993047995826,2.070883320486938
898,1022,1d83329f432409d6,Cardiomegaly,on,0.171922284110346,1.0,0.564915633285368,0.7219721137659938,2.609708684065736
899,1024,8dfa509238d5a956,Cardiomegaly,off,0.1606703409694506,1.0,0.4002453409867986,0.5651717544753765,1.4765503059540843
899,1024,8dfa509238d5a956,Cardiomegaly,on,0.1606703409694506,1.0,0.4706413960238548,0.640040599204854,0.9633490750467384
900,1025,2864099e6d54ee2c,Cardiomegaly,off,0.1300673947049106,1.0,0.3386996648847636,0.5008526780307929,1.380053607734821
900,1025,2864099e6d54ee2c,Cardiomegaly,on,0.1300673947049106,1.0,0.4829582752661239,0.6513344516081154,1.1114512416541211
901,1027,273ac948181f7eea,Cardiomegaly,off,0.1248970561720002,1.0,0.2401708874094932,0.3800607928628389,1.2174577250877838
901,1027,273ac948181f7eea,Cardiomegaly,on,0.1248970561720002,1.0,0.5141092263834743,0.6790781698315653,1.0999094638060534
902,1028,382871315310f9db,Cardiomegaly,off,0.1635698239355973,1.0,0.2694971211343679,0.4191910068819158,1.1422293049002794
902,1028,382871315310f9db,Cardiomegaly,on,0.1635698239355973,1.0,0.4338971216123023,0.6051960868184085,0.8592640962471577
903,1029,2e80f309fb870991,Cardiomegaly,off,0.1402862447553469,1.0,0.3153709546926746,0.465549612304719,1.6966745346505487
903,1029,2e80f309fb870991,Cardiomegaly,on,0.1402862447553469,1.0,0.6931076600672983,0.818740064359918,1.85243076085966
904,1031,21972a3282017c95,Cardiomegaly,off,0.1078705125018883,1.0,0.2473516241543245,0.3932052828509941,1.204546824878434
904,1031,21972a3282017c95,Cardiomegaly,on,0.1078705125018883,1.0,0.4288959410580296,0.600281162253763,0.952886060266242
905,1034,2014a5fe5fbf1d92,Cardiomegaly,off,0.1505197140476294,1.0,0.3511647482662213,0.5115902695218862,1.5202840322891744
905,1034,2014a5fe5fbf1d92,Cardiomegaly,on,0.1505197140476294,1.0,0.5647817481598171,0.7218591950620341,1.2786052099883751
906,1035,a3835dd57513682a,Cardiomegaly,off,0.1463532301214859,1.0,0.3020342428912546,0.4611492230456958,0.9755172709158888
906,1035,a3835dd57513682a,Cardiomegaly,on,0.1463532301214859,1.0,0.376665026351768,0.5472137461906372,0.7591590676116047
907,1039,d0e09902a8cf7f55,Cardiomegaly,off,0.1659917450014375,1.0,0.2879935990039203,0.4416011076382604,0.9289210693473832
907,1039,d0e09902a8cf7f55,Cardiomegaly,on,0.1659917450014375,1.0,0.3299426171127713,0.4961642164672529,0.6068415477330482
908,1042,a1edbe156ffe4a43,Cardiomegaly,off,0.1508023527233211,1.0,0.4076707653170119,0.5760964958086843,1.2229215277332313
908,1042,a1edbe156ffe4a43,Cardiomegaly,on,0.1508023527233211,1.0,0.4806551711997118,0.6492458997466569,1.0615236772817584
909,1043,840606d79ea0bbc6,Cardiomegaly,off,0.1303549064612175,1.0,0.4075355062863008,0.5711849992945797,1.3756422573358396
909,1043,840606d79ea0bbc6,Cardiomegaly,on,0.1303549064612175,1.0,0.5845546708702496,0.7378142381421928,1.2899262802328544
910,1044,f6413aef8fe70758,Cardiomegaly,off,0.1622248536857545,1.0,0.3578997063348111,0.5240199361999613,1.4930970200225089
910,1044,f6413aef8fe70758,Cardiomegaly,on,0.1622248536857545,1.0,0.4592493445921765,0.6294265876723938,0.9820422852789428
911,1048,1605ba691cedb4e6,Cardiomegaly,off,0.1746122246100317,1.0,0.4147618102362568,0.5843408156951375,1.4897996668052955
911,1048,1605ba691cedb4e6,Cardiomegaly,on,0.1746122246100317,1.0,0.470661815680559,0.6400650373889519,1.0164297154800637
912,1050,437d8e6db071e050,Cardiomegaly,off,0.1309786607799853,1.0,0.394145454369854,0.5609914716226879,1.6262236894270865
912,1050,437d8e6db071e050,Cardiomegaly,on,0.1309786607799853,1.0,0.5721134509675622,0.7278269329547763,1.4901502102058557
913,1052,84cf2a960de27285,Cardiomegaly,off,0.1771754650137177,1.0,0.2731471493814211,0.4197933267591701,1.2107579694068458
913,1052,84cf2a960de27285,Cardiomegaly,on,0.1771754650137177,1.0,0.4386020040330098,0.6097539008310048,0.8555662070035323
914,1053,42aaaec43b390010,Cardiomegaly,off,0.1222607195590836,1.0,0.1401978494065725,0.2428735264333598,1.2483597362175332
914,1053,42aaaec43b390010,Cardiomegaly,on,0.1222607195590836,1.0,0.3990831915092291,0.5704629529592732,0.8686537601098461
915,1054,c1ebe3497131f467,Cardiomegaly,off,0.154803151908542,1.0,0.3470831794835226,0.5086114474538468,1.6201524418085254
915,1054,c1ebe3497131f467,Cardiomegaly,on,0.154803151908542,1.0,0.5136096332609276,0.6786502713343001,1.1596426954286216
916,1056,1439214a04d8402b,Cardiomegaly,off,0.1592668937522233,1.0,0.3312679629999839,0.4850785508571461,1.3286119088631114
916,1056,1439214a04d8402b,Cardiomegaly,on,0.1592668937522233,1.0,0.4324446629424017,0.603761406953518,0.8974642950648172
917,1058,7fde84c083851f22,Cardiomegaly,off,0.1627170348279071,1.0,0.328501401184296,0.493375802059532,1.116034892016484
917,1058,7fde84c083851f22,Cardiomegaly,on,0.1627170348279071,1.0,0.35043801360444,0.5189990173260143,0.8123045074047462
918,1062,02b51014a85c1663,Cardiomegaly,off,0.146577391829793,1.0,0.3201222526682809,0.4793990980194381,1.3605175013591049
918,1062,02b51014a85c1663,Cardiomegaly,on,0.146577391829793,1.0,0.4953978341359732,0.6625565153551262,1.0203284455467518
919,1065,d7aa4e4a46f520bb,Cardiomegaly,off,0.1683551890998932,1.0,0.4472816889702337,0.6160740281653487,1.3888947807108534
919,1065,d7aa4e4a46f520bb,Cardiomegaly,on,0.1683551890998932,1.0,0.4968916190349869,0.6638916083901013,1.092545888810026
920,1066,fe801ee1c7637098,Cardiomegaly,off,0.1643592629952877,1.0,0.4018472960733701,0.5664364090434088,1.5123877386835842
920,1066,fe801ee1c7637098,Cardiomegaly,on,0.1643592629952877,1.0,0.5758451466015528,0.7308348886390594,1.3269690393442837
921,1069,9d0c66651c1b5ba9,Cardiomegaly,off,0.1664400684180518,1.0,0.4109357188985026,0.5778829305637834,1.7888065239606032
921,1069,9d0c66651c1b5ba9,Cardiomegaly,on,0.1664400684180518,1.0,0.5085247811065312,0.6741961185511833,1.979843025797615
922,1070,94c7afec0324dd4b,Cardiomegaly,off,0.1680092003762018,1.0,0.2862478242676403,0.4428541881154455,0.9074449798301638
922,1070,94c7afec0324dd4b,Cardiomegaly,on,0.1680092003762018,1.0,0.3425827321664038,0.5103318948188695,0.6708941377133283
923,1075,44d14d61561b1386,Cardiomegaly,off,0.1516746341534728,1.0,0.3658209095461188,0.5289242507346741,1.680402526685635
923,1075,44d14d61561b1386,Cardiomegaly,on,0.1516746341534728,1.0,0.5800173168680427,0.7341738075514936,1.2892079783429151
924,1078,ea650221b3a462e6,Cardiomegaly,off,0.1366996574224327,1.0,0.1872723800342861,0.3130433849460156,1.0441058509283123
924,1078,ea650221b3a462e6,Cardiomegaly,on,0.1366996574224327,1.0,0.3317330967085763,0.4981930111760597,0.8096084112418535
925,1079,fc74f46e0ae69b4e,Cardiomegaly,off,0.1472206384710222,1.0,0.483731029681091,0.6443133694252949,1.734474166465495
925,1079,fc74f46e0ae69b4e,Cardiomegaly,on,0.1472206384710222,1.0,0.6084970503816625,0.7565781743569555,1.5647644583136038
926,1080,3f71a3f804aa8c4c,Cardiomegaly,off,0.132060484676598,1.0,0.2375755091565124,0.3764604177824617,1.3220725082817186
926,1080,3f71a3f804aa8c4c,Cardiomegaly,on,0.132060484676598,1.0,0.4790948376429512,0.647814691495913,1.026126559984453
927,1081,638f2e9bd1fd7468,Cardiomegaly,off,0.1309250568932161,1.0,0.3950467025627465,0.5559737108981072,1.4928570042730314
927,1081,638f2e9bd1fd7468,Cardiomegaly,on,0.1309250568932161,1.0,0.5642684247568077,0.7214359638657115,1.2710781436577132
928,1082,cd430ecde71ab7a4,Cardiomegaly,off,0.149715655746093,1.0,0.3456506364951699,0.5097201273696437,1.3299967591043045
928,1082,cd430ecde71ab7a4,Cardiomegaly,on,0.149715655746093,1.0,0.4168643993622941,0.5884280454415599,0.953069988332774
929,1085,c40b17d3b9e8d8f3,Cardiomegaly,off,0.1198777831381664,1.0,0.2173724340021704,0.3535691727572304,0.9964153176338124
929,1085,c40b17d3b9e8d8f3,Cardiomegaly,on,0.1198777831381664,1.0,0.3666645525542253,0.5365787957355515,0.7974494593612608
930,1089,ccc6e3953f9c8e69,Cardiomegaly,off,0.1670881881398964,1.0,0.4203957035264755,0.5903210701944326,1.7311529703525053
930,1089,ccc6e3953f9c8e69,Cardiomegaly,on,0.1670881881398964,1.0,0.4907940106468194,0.6584330198257378,1.5459919629577428
931,1092,1596b54de7535b16,Cardiomegaly,off,0.1712741643885015,1.0,0.3870630349188373,0.5565873616864692,1.6719313666202498
931,1092,1596b54de7535b16,Cardiomegaly,on,0.1712741643885015,1.0,0.411006359967811,0.5825681876890947,1.5677732558639854
932,1094,ffcdb2676970c5db,Cardiomegaly,off,0.1504271255159374,1.0,0.3245985304379585,0.4757832242725582,1.853158728189899
932,1094,ffcdb2676970c5db,Cardiomegaly,on,0.1504271255159374,1.0,0.7455417967446343,0.8542184884678676,1.946768030658442
933,1095,f451fc4d2a9f67e0,Cardiomegaly,off,0.165017128878363,1.0,0.2804229132117118,0.4317915657197159,1.0004085512365728
933,1095,f451fc4d2a9f67e0,Cardiomegaly,on,0.165017128878363,1.0,0.4145217631464012,0.586085668839843,0.8490678528242684
934,1096,2037bdd82ce632fa,Cardiomegaly,off,0.1595349131860688,1.0,0.3908542983426617,0.5501343994216227,1.4825088351083764
934,1096,2037bdd82ce632fa,Cardiomegaly,on,0.1595349131860688,1.0,0.5701621287099763,0.7262401389032697,1.4461401353079335
935,1097,b67fd708ddd4c9d6,Cardiomegaly,off,0.1620153112192935,1.0,0.3955272009944907,0.5602761250545356,1.697143977936764
935,1097,b67fd708ddd4c9d6,Cardiomegaly,on,0.1620153112192935,1.0,0.5123774888849733,0.6775779013607892,1.509080501653294
936,1100,d6b828df6bd6c5f9,Cardiomegaly,off,0.1519621459097797,1.0,0.3070697070886033,0.4614037202773814,1.364585920254952
936,1100,d6b828df6bd6c5f9,Cardiomegaly,on,0.1519621459097797,1.0,0.4718935244178238,0.6412042056910296,1.1052670153890087
937,1101,9417a465b90295db,Cardiomegaly,off,0.1055168145646633,1.0,0.1931753942049035,0.320986269305168,0.974541623658133
937,1101,9417a465b90295db,Cardiomegaly,on,0.1055168145646633,1.0,0.3733736700230753,0.5437309239313551,0.7981398814960806
938,1102,d3473ad26d4bd2b2,Cardiomegaly,off,0.1296239443689117,1.0,0.4072680079951569,0.5718912317087731,1.4715188010750102
938,1102,d3473ad26d4bd2b2,Cardiomegaly,on,0.1296239443689117,1.0,0.5401951536625992,0.7014632046949965,1.3448776080525628
939,1103,668cf5db5fe96307,Cardiomegaly,off,0.1435658280094927,1.0,0.211133755337,0.3439879242751979,1.0945507544099136
939,1103,668cf5db5fe96307,Cardiomegaly,on,0.1435658280094927,1.0,0.4550774999128676,0.6254911492541166,0.9435198287286648
940,1105,ae14d9858d0bac9d,Cardiomegaly,off,0.1474448001793293,1.0,0.3231230495474125,0.4808020177076527,1.443342826370339
940,1105,ae14d9858d0bac9d,Cardiomegaly,on,0.1474448001793293,1.0,0.5307364709579636,0.6934392626936068,1.234752642816404
941,1107,d7e55c1dd35bc46a,Cardiomegaly,off,0.1412316223947292,1.0,0.2357791529639756,0.3716878042430188,1.3427627672391096
941,1107,d7e55c1dd35bc46a,Cardiomegaly,on,0.1412316223947292,1.0,0.4514545560829665,0.6219705915516931,1.0090357763930486
942,1109,43be89cc652a0ec2,Cardiomegaly,off,0.1638329702888274,1.0,0.2576308341690769,0.407918081763043,1.0197214084654234
942,1109,43be89cc652a0ec2,Cardiomegaly,on,0.1638329702888274,1.0,0.3104383354376721,0.4737902529254,0.6076294993536188
943,1111,4d6947f7b7d2fe3d,Cardiomegaly,off,0.1623418076205234,1.0,0.3405112204664082,0.5065477512367319,1.3475376038098918
943,1111,4d6947f7b7d2fe3d,Cardiomegaly,on,0.1623418076205234,1.0,0.393731592655571,0.5650026022966851,0.9114216430587504
944,1112,35697eceff38abd1,Cardiomegaly,off,0.1489993128956332,1.0,0.376266797270953,0.5397239305205472,1.490856215194609
944,1112,35697eceff38abd1,Cardiomegaly,on,0.1489993128956332,1.0,0.5120539102309413,0.677295825132674,1.241274014858623
945,1113,28704d3df7d54ff7,Cardiomegaly,off,0.1433173008981087,1.0,0.428409083780608,0.5761087722084658,2.174584924918186
945,1113,28704d3df7d54ff7,Cardiomegaly,on,0.1433173008981087,1.0,0.6776830606767186,0.8078735912216656,2.552136215124995
946,1118,a3686ee3ea5706e2,Cardiomegaly,off,0.1380007699467372,1.0,0.2785754564384021,0.4275859427190703,1.5675271585572232
946,1118,a3686ee3ea5706e2,Cardiomegaly,on,0.1380007699467372,1.0,0.5602874889050397,0.7181714209330607,1.3285312542751666
947,1119,bc569f7bbbe48ed0,Cardiomegaly,off,0.1897675053238405,1.0,0.4001349190000409,0.569417610364977,1.5920057083568449
947,1119,bc569f7bbbe48ed0,Cardiomegaly,on,0.1897675053238405,1.0,0.4302743509518285,0.6016625810857571,1.163189032463522
948,1125,2a0edca9a07017a6,Cardiomegaly,off,0.1436048126544157,1.0,0.3036894884999186,0.4607792695882372,1.2476903628051437
948,1125,2a0edca9a07017a6,Cardiomegaly,on,0.1436048126544157,1.0,0.4917892174409449,0.6593180607199185,1.0279810849415985
949,1126,ddd31eb5a4ee3e1a,Cardiomegaly,off,0.1523130077140866,1.0,0.4127634041901737,0.5808830388319292,1.4073755635045326
949,1126,ddd31eb5a4ee3e1a,Cardiomegaly,on,0.1523130077140866,1.0,0.488071733863062,0.655978709631279,1.1850227444015682
950,1133,122bb6e0ed2718f9,Cardiomegaly,off,0.1759864333435668,1.0,0.3034536297941544,0.4600076877938711,1.313952990532698
950,1133,122bb6e0ed2718f9,Cardiomegaly,on,0.1759864333435668,1.0,0.4649318637477551,0.6347468310011071,1.0126909064318417
951,1134,af9e54641c07f285,Cardiomegaly,off,0.147283988519022,1.0,0.2431443911739742,0.3864111567071998,1.1333890882250257
951,1134,af9e54641c07f285,Cardiomegaly,on,0.147283988519022,1.0,0.381001722895511,0.5517733533175996,0.8087654355540889
952,1136,736a8b9e30f13908,Cardiomegaly,off,0.1608750103552963,1.0,0.3062035316254873,0.4647415643734933,1.3645888543117135
952,1136,736a8b9e30f13908,Cardiomegaly,on,0.1608750103552963,1.0,0.4073128269266243,0.5788500863107313,1.0869332330890735
953,1138,73bc7952bfff8707,Cardiomegaly,off,0.1312223148107539,1.0,0.2416263509874113,0.3843244503904776,1.1978623497641527
953,1138,73bc7952bfff8707,Cardiomegaly,on,0.1312223148107539,1.0,0.4353602089236013,0.6066121616580886,0.9222246432789352
954,1140,6a71d0d1f69700bd,Cardiomegaly,off,0.1405006603024234,1.0,0.3041609088996014,0.4572884950290465,1.5799857378231337
954,1140,6a71d0d1f69700bd,Cardiomegaly,on,0.1405006603024234,1.0,0.5790179424246107,0.7333766330869828,1.3877950862965434
955,1141,b90eb647d582b7e9,Cardiomegaly,off,0.1409782222027299,1.0,0.2409986783307027,0.3810734183794309,1.3577877817156656
955,1141,b90eb647d582b7e9,Cardiomegaly,on,0.1409782222027299,1.0,0.5364947845068637,0.6983212521146939,1.16756389281884
956,1142,fd33d40594fe12ba,Cardiomegaly,off,0.1319776423061366,1.0,0.2150326962624849,0.3487327863436896,1.3991753200459016
956,1142,fd33d40594fe12ba,Cardiomegaly,on,0.1319776423061366,1.0,0.5079181443753692,0.6736461011997588,1.1191328803097953
957,1146,37bf2d617731ffdf,Cardiomegaly,off,0.1520547344414718,0.0,0.2484223318261028,0.3957038104442997,1.3021067005183282
957,1146,37bf2d617731ffdf,Cardiomegaly,on,0.1520547344414718,0.0,0.3182909902122886,0.4828836067890806,0.9021785766642484
958,1148,8949e949e58919ed,Cardiomegaly,off,0.1650220019589784,1.0,0.3993545919479699,0.5623926493298147,1.559466888648117
958,1148,8949e949e58919ed,Cardiomegaly,on,0.1650220019589784,1.0,0.5733333752624128,0.7288022551203122,1.223535374529931
959,1149,8a491f78b4efd39e,Cardiomegaly,off,0.1653484983602083,1.0,0.292620132227423,0.4449249994900257,1.2711793577006116
959,1149,8a491f78b4efd39e,Cardiomegaly,on,0.1653484983602083,1.0,0.4550243167996609,0.625439458149758,0.9329107808792748
960,1155,dd45016fdfaa6388,Cardiomegaly,off,0.1416117226827283,1.0,0.3444580501353375,0.5056225132058091,1.6051643932027786
960,1155,dd45016fdfaa6388,Cardiomegaly,on,0.1416117226827283,1.0,0.5331245587067783,0.6954708623484203,1.4734064659793478
961,1159,7026b654149c2a17,Cardiomegaly,off,0.1603730830519129,1.0,0.2855752960789685,0.430393017822542,1.425567593928465
961,1159,7026b654149c2a17,Cardiomegaly,on,0.1603730830519129,1.0,0.4845660950213387,0.6527886209793227,1.0597045283448736
962,143,50a78104f389d4c5,Lung Opacity,off,0.148473020189173,1.0,0.4753841252070853,0.6414317107016061,2.5440660151925263
962,143,50a78104f389d4c5,Lung Opacity,on,0.148473020189173,1.0,0.3396637704062768,0.5070725336949623,3.003105309659432
963,151,e2c9e2770f83c49c,Lung Opacity,off,0.1093178174446539,1.0,0.2601120283346104,0.4119215164129489,1.153677237886351
963,151,e2c9e2770f83c49c,Lung Opacity,on,0.1093178174446539,1.0,0.190602429619418,0.3201664028698834,0.778347466858581
964,158,c99d34d384583ad4,Lung Opacity,off,0.1547008172156192,1.0,0.6058743941034033,0.7443534483961625,2.389227933061981
964,158,c99d34d384583ad4,Lung Opacity,on,0.1547008172156192,1.0,0.7972866005477337,0.8872043852514164,2.431031928536129
965,212,12ed86139ce1a5fc,Lung Opacity,off,0.1900793824832244,1.0,0.283789142718891,0.4270308640581907,1.475572855508952
965,212,12ed86139ce1a5fc,Lung Opacity,on,0.1900793824832244,1.0,0.4759982572911584,0.6449612507934155,0.9682650155553902
966,228,63dd77962bfc8ea6,Lung Opacity,off,0.1990897085410484,1.0,0.2125951706538837,0.3393812175708849,1.0154998447964532
966,228,63dd77962bfc8ea6,Lung Opacity,on,0.1990897085410484,1.0,0.3416322105977457,0.5092619024035389,0.7449458566306354
967,303,d58d7cf71038f221,Lung Opacity,off,0.1586236471109941,1.0,0.2950567084856265,0.4548263420645744,1.763915241031401
967,303,d58d7cf71038f221,Lung Opacity,on,0.1586236471109941,1.0,0.2375622371533961,0.3839135615253573,2.031350727615621
968,341,35d739886f487191,Lung Opacity,off,0.0894843793400874,1.0,0.6437569864427949,0.7756813950270494,3.314777390573888
968,341,35d739886f487191,Lung Opacity,on,0.0894843793400874,1.0,0.2578476707088881,0.4099152074389932,3.866756558932068
969,408,2a3bfc4860febc31,Lung Opacity,off,0.1016865732009804,1.0,0.3835748639565942,0.5531100755328039,3.519587469443169
969,408,2a3bfc4860febc31,Lung Opacity,on,0.1016865732009804,1.0,0.1231814379337282,0.2193314540159087,3.3047200728018
970,463,b2bfd15dcfd7db56,Lung Opacity,off,0.1640863704808268,1.0,0.2962594119878332,0.4498934912483719,1.1863546381381076
970,463,b2bfd15dcfd7db56,Lung Opacity,on,0.1640863704808268,1.0,0.4478165116986815,0.6185950371840454,0.9229793664159184
971,484,64f6247382eddc70,Lung Opacity,off,0.1435512087676466,1.0,0.233852647477448,0.3684796325808154,2.4446662790914293
971,484,64f6247382eddc70,Lung Opacity,on,0.1435512087676466,1.0,0.1180593068344492,0.2111651944936695,2.766273624691468
972,513,182d40fcb761e39f,Lung Opacity,off,0.1540868090580822,1.0,0.234239645799433,0.3712518654197169,3.0578212646679934
972,513,182d40fcb761e39f,Lung Opacity,on,0.1540868090580822,1.0,0.122701610972242,0.2185701745319929,2.623368771144655
973,516,c252c9f0e3946a5b,Lung Opacity,off,0.1391069592464268,1.0,0.4592482133861235,0.6253796228298413,1.7580219950233684
973,516,c252c9f0e3946a5b,Lung Opacity,on,0.1391069592464268,1.0,0.6062423813264304,0.7548565313381644,1.4948911496386506
974,524,d96d19a010e9b5ec,Lung Opacity,off,0.1622687114112928,1.0,0.4211234264448549,0.5921186071664476,1.521460698540853
974,524,d96d19a010e9b5ec,Lung Opacity,on,0.1622687114112928,1.0,0.4494225514517348,0.6201399741543809,1.27009865083155
975,525,a2e340bc6f6d2fe6,Lung Opacity,off,0.1253161411049222,1.0,0.3288132038612255,0.4831069932043516,1.587291233887488
975,525,a2e340bc6f6d2fe6,Lung Opacity,on,0.1253161411049222,1.0,0.60986140425626,0.7576565690267425,1.5960442997365525
976,527,0dadd1025949721e,Lung Opacity,off,0.1011407881720587,1.0,0.6532686796289535,0.7825307830300177,3.2739291923934357
976,527,0dadd1025949721e,Lung Opacity,on,0.1011407881720587,1.0,0.3135210176955423,0.4773312634783968,3.736547793878533
977,537,69854d4fd80a2c6a,Lung Opacity,off,0.1746609554161854,1.0,0.2461141044448479,0.3948644983106543,1.6846012044660414
977,537,69854d4fd80a2c6a,Lung Opacity,on,0.1746609554161854,1.0,0.2163619833353506,0.3557519448197574,1.519479802047769
978,557,855d0b6a55e9d1b2,Lung Opacity,off,0.1184792090015545,1.0,0.3506392055782009,0.510025198581953,1.4616562283743375
978,557,855d0b6a55e9d1b2,Lung Opacity,on,0.1184792090015545,1.0,0.5143452570096132,0.6792697320099114,1.1161358687625718
979,567,02a86431f9853461,Lung Opacity,off,0.1041669712342051,1.0,0.3766860749119919,0.5470222831348288,2.002170195849084
979,567,02a86431f9853461,Lung Opacity,on,0.1041669712342051,1.0,0.2692668501429646,0.424241836516715,3.0931553798861238
980,571,dd8625df6eb2922e,Lung Opacity,off,0.1135963822249511,1.0,0.4329211371131679,0.6029508597729138,3.4108611086460514
980,571,dd8625df6eb2922e,Lung Opacity,on,0.1135963822249511,1.0,0.1194359937648368,0.2133800245080263,3.0675023401083954
981,610,c16642274f26f0b5,Lung Opacity,off,0.1271874040612254,0.0,0.1211340705456934,0.2141296534671774,0.6850976901949947
981,610,c16642274f26f0b5,Lung Opacity,on,0.1271874040612254,0.0,0.1556033587485809,0.2693003085237914,0.5067761387373176
982,613,b01d229a4ee33bdf,Lung Opacity,off,0.1519962574740874,1.0,0.2122611923897997,0.3434405699793279,1.5985400498129976
982,613,b01d229a4ee33bdf,Lung Opacity,on,0.1519962574740874,1.0,0.5572782716154328,0.7156896873799671,1.2034646154267097
983,647,b77f5518c6ea21c5,Lung Opacity,off,0.1399451291122709,1.0,0.285263308001569,0.4333017643863057,2.9422111791071432
983,647,b77f5518c6ea21c5,Lung Opacity,on,0.1399451291122709,1.0,0.1500037228612908,0.2608665578705713,2.775504370145022
984,650,709345d40ed87430,Lung Opacity,off,0.1360564107812035,1.0,0.5501460437910296,0.7044706652326289,2.0960943098659635
984,650,709345d40ed87430,Lung Opacity,on,0.1360564107812035,1.0,0.4324295580465568,0.6037370032400737,2.5459218187668102
985,667,10e6d128b671bab0,Lung Opacity,off,0.1691202627565067,1.0,0.2063225935569689,0.3404984709453251,0.6729649459612943
985,667,10e6d128b671bab0,Lung Opacity,on,0.1691202627565067,1.0,0.2672906699370972,0.4218299646378762,0.5893481611834915
986,701,31a354fdbc7b6e02,Lung Opacity,off,0.1568742111700753,1.0,0.3501031563186565,0.5169973919661998,1.4271291017072063
986,701,31a354fdbc7b6e02,Lung Opacity,on,0.1568742111700753,1.0,0.432219047309444,0.603565120336403,1.1735371252509388
987,704,77b2f5c6347ade66,Lung Opacity,off,0.1258716722950748,1.0,0.5515457122314407,0.7081045819631645,2.195768404552816
987,704,77b2f5c6347ade66,Lung Opacity,on,0.1258716722950748,1.0,0.4368211384100702,0.6079369712785121,2.8737127909466484
988,732,a70b2bd05171ee4d,Lung Opacity,off,0.1424401463873416,1.0,0.3959429339041027,0.5648897840446087,1.4216512282561158
988,732,a70b2bd05171ee4d,Lung Opacity,on,0.1424401463873416,1.0,0.4676477134215421,0.6372751017119267,1.171226642747182
989,738,58d11e3c99f8ae62,Lung Opacity,off,0.1431321238347246,1.0,0.477445310745146,0.6402340473565593,2.691968033219168
989,738,58d11e3c99f8ae62,Lung Opacity,on,0.1431321238347246,1.0,0.3754111157940522,0.5458659425109367,3.188651709306604
990,754,4cdac0e50b3d5fd9,Lung Opacity,off,0.1466358687971775,1.0,0.4176378528679921,0.5810007462600277,1.7754311648277643
990,754,4cdac0e50b3d5fd9,Lung Opacity,on,0.1466358687971775,1.0,0.6211426747542648,0.7662982674944046,1.5640277074429565
991,776,76217cc90ae0671a,Lung Opacity,off,0.1181673318421706,1.0,0.6509861571657409,0.785395283689808,2.541320734399146
991,776,76217cc90ae0671a,Lung Opacity,on,0.1181673318421706,1.0,0.537858381633025,0.699468743361865,3.5399512594090234
992,798,0c5fba7cf760b0e4,Lung Opacity,off,0.1550662982617721,1.0,0.5511256578292436,0.7085503412460943,2.4259986734867574
992,798,0c5fba7cf760b0e4,Lung Opacity,on,0.1550662982617721,1.0,0.3104078883091584,0.4736617456024327,2.9845650288944827
993,801,a6fa296cf657deb0,Lung Opacity,off,0.1124414621191078,1.0,0.3724525812490046,0.5424395241977645,2.3954035564179605
993,801,a6fa296cf657deb0,Lung Opacity,on,0.1124414621191078,1.0,0.1580899906343799,0.2729552297662678,3.2876119198925853
994,808,867eceaf4a60dbcf,Lung Opacity,off,0.1623710461042157,1.0,0.3244574155562755,0.4835461736059385,1.338583130820181
994,808,867eceaf4a60dbcf,Lung Opacity,on,0.1623710461042157,1.0,0.4603391762835011,0.6304431745983534,0.9651833168881612
995,813,da64c724c1148a3a,Lung Opacity,off,0.1611820144340648,1.0,0.120736033168225,0.2123147984437915,2.610665557479378
995,813,da64c724c1148a3a,Lung Opacity,on,0.1611820144340648,1.0,0.0893971286303231,0.1641192613442781,2.461466571584528
996,817,c68b1cd7fdf50a21,Lung Opacity,off,0.186346602731849,1.0,0.2297912072041603,0.3556443043467953,2.275159004674644
996,817,c68b1cd7fdf50a21,Lung Opacity,on,0.186346602731849,1.0,0.1261422457474794,0.2240062314683654,2.3712316443959005
997,829,41e2dbdd46e05066,Lung Opacity,off,0.1582727853066873,1.0,0.2571307741104554,0.3982486442982123,1.5147217202099177
997,829,41e2dbdd46e05066,Lung Opacity,on,0.1582727853066873,1.0,0.5645850821549485,0.7216843263652881,1.2267450720165929
998,838,baf23ac2df4ae881,Lung Opacity,off,0.1220804155763148,1.0,0.2111909289114616,0.3452748544341994,2.698838685006744
998,838,baf23ac2df4ae881,Lung Opacity,on,0.1220804155763148,1.0,0.1282015805941987,0.2272605875599145,2.935394329354696
999,843,4bd52de750502d8a,Lung Opacity,off,0.1359394568464346,1.0,0.2329019450265818,0.3716029581462939,0.6430948272067755
999,843,4bd52de750502d8a,Lung Opacity,on,0.1359394568464346,1.0,0.3342226412437566,0.5009910759907539,0.6688850610591436
1000,865,f5e97290ecc2f7f1,Lung Opacity,off,0.1645395669780565,1.0,0.3533394930533172,0.4940394298487642,2.3655054035202063
1000,865,f5e97290ecc2f7f1,Lung Opacity,on,0.1645395669780565,1.0,0.165515397638109,0.283928179547727,2.7213180431358723
1001,870,0c97e3818d27ed1a,Lung Opacity,off,0.1324064734002894,1.0,0.4250781571756843,0.5950956183201423,2.013957503030163
1001,870,0c97e3818d27ed1a,Lung Opacity,on,0.1324064734002894,1.0,0.2961159526848359,0.456916631110665,2.078230426360482
1002,881,cc807973eae70749,Lung Opacity,off,0.1605387677928356,1.0,0.4548272156897542,0.6091293019218118,3.2842431219116164
1002,881,cc807973eae70749,Lung Opacity,on,0.1605387677928356,1.0,0.117480738657329,0.2102458664765206,2.5606728269542294
1003,882,ec62b90d012a7f36,Lung Opacity,off,0.1168759654790969,1.0,0.3876010212122058,0.5495703833758687,3.050677930803162
1003,882,ec62b90d012a7f36,Lung Opacity,on,0.1168759654790969,1.0,0.2148419449474265,0.3536792137101644,3.191990226538352
1004,894,3353c04b904316c9,Lung Opacity,off,0.1493404285387093,1.0,0.2894457909917653,0.4371577897988399,2.755275725008123
1004,894,3353c04b904316c9,Lung Opacity,on,0.1493404285387093,1.0,0.1600416351357957,0.2758918856909541,2.7394611235400426
1005,914,f780b938a0599c9d,Lung Opacity,off,0.1251017255578459,1.0,0.1738283759792462,0.2890203274184594,2.8788032921345748
1005,914,f780b938a0599c9d,Lung Opacity,on,0.1251017255578459,1.0,0.1220582456924245,0.2175304423435432,2.986063700185488
1006,989,ad9ff444d7023459,Lung Opacity,off,0.1292535902421433,1.0,0.6265693397852313,0.7673749158102486,2.357537815482582
1006,989,ad9ff444d7023459,Lung Opacity,on,0.1292535902421433,1.0,0.552245684720985,0.7114859155782438,3.7761493180395465
1007,1010,da98b885287c0f5e,Lung Opacity,off,0.1268073037732263,1.0,0.4982943660036206,0.6569924243515115,1.636281900328103
1007,1010,da98b885287c0f5e,Lung Opacity,on,0.1268073037732263,1.0,0.6300845445149766,0.773058585832484,1.4047022777578375
1008,1018,163cee564a6cfc12,Lung Opacity,off,0.1371187423553548,1.0,0.1248777459978725,0.2199383544633192,2.4363268865985006
1008,1018,163cee564a6cfc12,Lung Opacity,on,0.1371187423553548,1.0,0.0699819739942741,0.130802322110901,2.7207774385408268
1009,1023,561ab0f3de7db10c,Lung Opacity,off,0.1415532457153438,0.0,0.2336729655350613,0.377428219325735,1.3403171598841397
1009,1023,561ab0f3de7db10c,Lung Opacity,on,0.1415532457153438,0.0,0.2758130900429014,0.4323719055353114,1.2135075040389716
1010,1032,3648bbc08abfe9fb,Lung Opacity,off,0.1222509733978529,1.0,0.4579338427161724,0.6110538031307042,2.6155225178018906
1010,1032,3648bbc08abfe9fb,Lung Opacity,on,0.1222509733978529,1.0,0.3046162282332784,0.4669177682128126,3.3613350749981903
1011,1059,4e6b02da4dcc915f,Lung Opacity,off,0.1883981696709208,0.0,0.1071559137070188,0.1916314314648454,1.7775275914307769
1011,1059,4e6b02da4dcc915f,Lung Opacity,on,0.1883981696709208,0.0,0.1108514213660324,0.1995748607448772,2.1999075789456297
1012,1071,d2d1c6634af7be5d,Lung Opacity,off,0.1198387984932434,1.0,0.5132431713268948,0.674459264340024,1.6733014317135508
1012,1071,d2d1c6634af7be5d,Lung Opacity,on,0.1198387984932434,1.0,0.5658885510434184,0.7227338012934605,1.7247902262646515
1013,1087,b2249a0431083ac3,Lung Opacity,off,0.1912635410727599,1.0,0.4210897379019401,0.5900651952386058,1.6177126681513612
1013,1087,b2249a0431083ac3,Lung Opacity,on,0.1912635410727599,1.0,0.4866811486733244,0.6547199728182911,1.1489284952200414
1014,1099,7bc2cc696d4337d2,Lung Opacity,off,0.1397307135651945,1.0,0.3999281358129384,0.5572722140774138,2.937634917281271
1014,1099,7bc2cc696d4337d2,Lung Opacity,on,0.1397307135651945,1.0,0.1756608885381422,0.2988193570696161,2.8162986489193256
1015,1117,e1d459756f1b3518,Lung Opacity,off,0.1155553606323309,1.0,0.4510113305309741,0.6184016731866033,2.17984882356432
1015,1117,e1d459756f1b3518,Lung Opacity,on,0.1155553606323309,1.0,0.3803632698587204,0.5510886040143395,2.8409845090972623
1016,1132,a7f9e47fecee141b,Lung Opacity,off,0.1443747593916446,1.0,0.3000853011629159,0.4602400609500898,1.0004830665578874
1016,1132,a7f9e47fecee141b,Lung Opacity,on,0.1443747593916446,1.0,0.3329066015917789,0.4995196562707919,0.8774390056663972
1017,953,e85aa1af55a864a7,Consolidation,off,0.1584335969669946,1.0,0.4014436783427603,0.5687657699243691,2.177824710199139
1017,953,e85aa1af55a864a7,Consolidation,on,0.1584335969669946,1.0,0.3408559109512645,0.5083936786377106,2.2689329435800163
1018,490,59455916e32ce344,Lung Opacity,off,0.1742467435638788,1.0,0.1617715121080048,0.2676141528152696,2.731675275380212
1018,490,59455916e32ce344,Lung Opacity,on,0.1742467435638788,1.0,0.0811527560439347,0.1501113365298771,2.4054146913426364
1019,680,af3ebc6f5b2639d8,Consolidation,off,0.1591694321399158,1.0,0.4453256834227426,0.6152782743742535,1.768494348683707
1019,680,af3ebc6f5b2639d8,Consolidation,on,0.1591694321399158,1.0,0.4785896894353117,0.6473595640199555,1.5061210004598546
1020,892,9b7143602c54f938,Consolidation,off,0.1514407262839349,1.0,0.4187132700303064,0.589808716737673,1.5733571542182292
1020,892,9b7143602c54f938,Consolidation,on,0.1514407262839349,1.0,0.4119829208787947,0.5835316103769858,1.3805795147902769
1021,1114,5287b5a18fe396fa,Consolidation,off,0.1474642925017908,1.0,0.5910002226598806,0.7427542621635781,2.353479124151604
1021,1114,5287b5a18fe396fa,Consolidation,on,0.1474642925017908,1.0,0.5565199520301912,0.7150807645250721,2.1437759991850736
1022,458,8210c0794bf934d5,Consolidation,off,0.1273579618827634,1.0,0.2598119494329237,0.4093687892602595,1.9233209658614996
1022,458,8210c0794bf934d5,Consolidation,on,0.1273579618827634,1.0,0.2020764920411223,0.3362078004216555,2.5142488703122847
1023,867,4ee7651e8cc5fac7,Lung Opacity,off,0.1716981224020389,1.0,0.2492048702549099,0.3917732136270579,2.0269502987251533
1023,867,4ee7651e8cc5fac7,Lung Opacity,on,0.1716981224020389,1.0,0.1552357272146682,0.2687306143637966,2.517476635596611
1024,27,0963775551c15d7a,Consolidation,off,0.1475958656784059,1.0,0.3429889394623783,0.5098699783921306,2.478413890675609
1024,27,0963775551c15d7a,Consolidation,on,0.1475958656784059,1.0,0.2393083100558285,0.3861916129546064,2.7748210620599534
1025,443,47bc38c2af99e042,Lung Opacity,off,0.111803088558494,1.0,0.3016803396247726,0.4625138749521602,2.2849395980370506
1025,443,47bc38c2af99e042,Lung Opacity,on,0.111803088558494,1.0,0.189744697753817,0.318948687966059,3.126904262812896
1026,1067,e84b241dfd2370bb,Consolidation,off,0.1628437349239068,1.0,0.4318273584465109,0.5976649238571878,1.749408459230994
1026,1067,e84b241dfd2370bb,Consolidation,on,0.1628437349239068,1.0,0.4796794171770565,0.6483195188072932,1.5712842243406624
1027,572,2a154d96440d534f,Lung Opacity,off,0.1509387989805515,1.0,0.5245785978913775,0.6858059638754632,2.275957834551396
1027,572,2a154d96440d534f,Lung Opacity,on,0.1509387989805515,1.0,0.6279359301979828,0.7714504081731767,2.4349592352406204
1028,1143,10c2f530cb8f51fd,Consolidation,off,0.1531365583380846,1.0,0.6180107881698567,0.7591830108170385,2.0970761648910403
1028,1143,10c2f530cb8f51fd,Consolidation,on,0.1531365583380846,1.0,0.7143564786708657,0.8333811867008633,2.1758535509368597
1029,379,5a7d7262a11a2c20,Consolidation,off,0.1585261854986867,0.0,0.1337217857413317,0.2352750536980819,1.254244518934715
1029,379,5a7d7262a11a2c20,Consolidation,on,0.1585261854986867,0.0,0.1556053375910837,0.269305314557285,1.0373158202525814
1030,709,2de53fac8a1b349f,Consolidation,off,0.0833394246841025,1.0,0.3716181165417389,0.5340225098899143,0.9631804860361068
1030,709,2de53fac8a1b349f,Consolidation,on,0.0833394246841025,1.0,0.4381695058604177,0.6093357422522442,1.1379151821984976
1031,547,3b2b31b61fa0372a,Lung Opacity,off,0.1677801655872793,1.0,0.5535340398463047,0.7060385463555655,2.1638653651162296
1031,547,3b2b31b61fa0372a,Lung Opacity,on,0.1677801655872793,1.0,0.6926229082948548,0.8184007196951644,1.8769866710007328
1032,786,05002b2b0885808c,Lung Opacity,off,0.1745098899171089,1.0,0.5750654985784198,0.7291661376665572,2.160709311237969
1032,786,05002b2b0885808c,Lung Opacity,on,0.1745098899171089,1.0,0.6166306328033402,0.7628588948447554,1.655170328244317
1033,759,99e540e33016898d,Consolidation,off,0.1544522901042352,1.0,0.1960700701759195,0.3263243981800677,2.3622571263710723
1033,759,99e540e33016898d,Consolidation,on,0.1544522901042352,1.0,0.1030167529563118,0.1867837097482637,2.565758666780449
1034,589,ec7f48cbd6ef8211,Lung Opacity,off,0.1569911651048443,0.0,0.131450219860761,0.229112261205918,1.8828297328506136
1034,589,ec7f48cbd6ef8211,Lung Opacity,on,0.1569911651048443,0.0,0.109559587884176,0.1974750916646119,2.5614161425897244
1035,1129,6febfbb83df0148b,Lung Opacity,off,0.1391898016168881,1.0,0.341098223395846,0.5040901034436805,2.921890089884
1035,1129,6febfbb83df0148b,Lung Opacity,on,0.1391898016168881,1.0,0.2014860047872353,0.3353886414163554,2.842098792618564
1036,806,3f86260cf64dcb05,Lung Opacity,off,0.1520547344414718,0.0,0.3425162817530992,0.504170430896674,1.5163791119529957
1036,806,3f86260cf64dcb05,Lung Opacity,on,0.1520547344414718,0.0,0.3937888800324379,0.5650583508105601,1.582051084628282
1037,44,1468a545136dd5ba,Consolidation,off,0.121520011305547,1.0,0.3794979163852196,0.5499900614919064,2.0226925365386257
1037,44,1468a545136dd5ba,Consolidation,on,0.121520011305547,1.0,0.3347448848347313,0.5015733125117425,2.8105766342252254
1038,485,be773e0028215e81,Consolidation,off,0.1262712649055353,1.0,0.4552514592810697,0.62553785138487,1.0963087344105635
1038,485,be773e0028215e81,Consolidation,on,0.1262712649055353,1.0,0.3886632872128818,0.5597568173934511,1.0309065165341718
1039,949,9728ddeca70a3995,Lung Opacity,off,0.1697342709140437,1.0,0.5891643148656228,0.7400860965234564,2.21969183173324
1039,949,9728ddeca70a3995,Lung Opacity,on,0.1697342709140437,1.0,0.5316075830785758,0.6941762737037116,2.055242647456729
1040,690,1ebc12624450b252,Lung Opacity,off,0.1648319518149788,1.0,0.2141370041091531,0.3380943353597449,2.452154559144347
1040,690,1ebc12624450b252,Lung Opacity,on,0.1648319518149788,1.0,0.111273448196837,0.2002522500592185,2.4950943507979937
1041,662,4cc1fcdeed43b68a,Consolidation,off,0.1518793035393184,1.0,0.4553773631512624,0.6195572928222054,1.8936652014750175
1041,662,4cc1fcdeed43b68a,Consolidation,on,0.1518793035393184,1.0,0.632206406229096,0.774661168046054,1.6081390046047035
1042,773,d18833095a890c5d,Consolidation,off,0.1392385324230418,1.0,0.4465145375551649,0.6162803081191841,1.8393363079867608
1042,773,d18833095a890c5d,Consolidation,on,0.1392385324230418,1.0,0.4921148042555113,0.6596181971565465,2.118435226503067
1043,868,bb593e75db4ae1f1,Lung Opacity,off,0.1786909930850986,1.0,0.536215588476489,0.6956983729986403,2.5406572081569947
1043,868,bb593e75db4ae1f1,Lung Opacity,on,0.1786909930850986,1.0,0.2080006623781708,0.3443398988293072,2.519173420992744
1044,703,42af86817a1fc686,Lung Opacity,off,0.1436486703799541,0.0,0.3427016847076764,0.5074067033484524,1.6747575042115204
1044,703,42af86817a1fc686,Lung Opacity,on,0.1436486703799541,0.0,0.4061665134248103,0.5776909220005381,1.8214166931843865
1045,890,2e8a1d279ded7080,Consolidation,off,0.1108041070323426,1.0,0.5887888827743597,0.7374201910153493,2.3634811145938266
1045,890,2e8a1d279ded7080,Consolidation,on,0.1108041070323426,1.0,0.512646230476744,0.6777321972393466,3.1756258590303648
1046,259,f635afc2d61f85db,Lung Opacity,off,0.1285469935529143,1.0,0.6790672147796581,0.8057712965063153,3.312305376093577
1046,259,f635afc2d61f85db,Lung Opacity,on,0.1285469935529143,1.0,0.3277686482111695,0.4936879390269441,3.282439426287346
1047,637,529ec12b23c96a2e,Lung Opacity,off,0.1681943774395859,1.0,0.3666113523794822,0.5364406041312753,1.6193481477781275
1047,637,529ec12b23c96a2e,Lung Opacity,on,0.1681943774395859,1.0,0.3564648291524867,0.5255782066065893,1.3388329666269698
1048,926,0fec6a529bcfd2f9,Lung Opacity,off,0.1443552670691831,1.0,0.1646332556298199,0.2764115716091987,2.872680257352055
1048,926,0fec6a529bcfd2f9,Lung Opacity,on,0.1443552670691831,1.0,0.0748777160896176,0.1393210504296032,2.6014973649789845
1049,554,d11f8f5efb8b1d40,Consolidation,off,0.1195512867369364,1.0,0.4700768305805377,0.6381548391758173,1.4784239331890476
1049,554,d11f8f5efb8b1d40,Consolidation,on,0.1195512867369364,1.0,0.5335184036437749,0.6958095057638782,1.240272684670639
1050,323,4c1c2fa84ef6dde3,Lung Opacity,off,0.1581704506137645,1.0,0.3084395303843871,0.4683723225417748,0.7710405548280705
1050,323,4c1c2fa84ef6dde3,Lung Opacity,on,0.1581704506137645,1.0,0.2273837625958631,0.3705121439744487,0.8229082036178537
1051,624,840a379583bc3556,Consolidation,off,0.1331423085732107,1.0,0.2891118001049393,0.4420915596551525,3.63553248433807
1051,624,840a379583bc3556,Consolidation,on,0.1331423085732107,1.0,0.0904480760907328,0.165887026760053,2.767289680401392
1052,1115,3b7a9cf6b7b5b5ce,Lung Opacity,off,0.139711221242733,0.0,0.1146520227218297,0.1982584970209037,1.7742804347181362
1052,1115,3b7a9cf6b7b5b5ce,Lung Opacity,on,0.139711221242733,0.0,0.1427242532616618,0.2497910550487856,2.5103064910304287
1053,794,f351439061d5ad61,Lung Opacity,off,0.1287857745030676,0.0,0.2149851045415352,0.3488413580467893,2.6486263495959457
1053,794,f351439061d5ad61,Lung Opacity,on,0.1287857745030676,0.0,0.1041945187107308,0.1887183252690683,2.8407844362546806
1054,772,f4985731f315e372,Lung Opacity,off,0.1727312154924979,1.0,0.2480455239711406,0.3811714175725177,2.774994558869867
1054,772,f4985731f315e372,Lung Opacity,on,0.1727312154924979,1.0,0.1166096880738414,0.2088544184773947,2.4441250566163704
1055,1003,5e887ff332cd84e0,Consolidation,off,0.1537798049793137,1.0,0.4726606866855755,0.6398339789633968,2.631959373208884
1055,1003,5e887ff332cd84e0,Consolidation,on,0.1537798049793137,1.0,0.3514882155312508,0.5201393240229057,2.682629162813978
1056,562,dc0a4d5aa64453b1,Lung Opacity,off,0.1477956619836362,0.0,0.029588721921689,0.0570327221614688,2.509702853931216
1056,562,dc0a4d5aa64453b1,Lung Opacity,on,0.1477956619836362,0.0,0.0278925957226238,0.054270280944071,2.5508119232933275
1057,1153,54499e14c7ac5da4,Lung Opacity,off,0.1923989688561418,1.0,0.3059798900572364,0.4678430961104876,1.5997547395089748
1057,1153,54499e14c7ac5da4,Lung Opacity,on,0.1923989688561418,1.0,0.2729587832025142,0.4288489508287784,1.4718778963794856
1058,872,f7153e69885c5835,Lung Opacity,off,0.1917508491342972,0.0,0.2825999699038535,0.4380024826684222,1.6782757471195462
1058,872,f7153e69885c5835,Lung Opacity,on,0.1917508491342972,0.0,0.2012188069645818,0.3350161222357123,1.5276182884890743
1059,947,e82691ac1caaca89,Lung Opacity,off,0.1506951449497829,1.0,0.4018638128155777,0.5678886183435929,1.7281638696957775
1059,947,e82691ac1caaca89,Lung Opacity,on,0.1506951449497829,1.0,0.6159066608605087,0.7622952890542989,1.5139765642160756
1060,623,6fc49d603a768803,Consolidation,off,0.1425278618384184,1.0,0.4119543186090858,0.5824868483902909,2.204297530818258
1060,623,6fc49d603a768803,Consolidation,on,0.1425278618384184,1.0,0.2982041920347788,0.4593887071934245,2.472033578981056
1061,687,a08261c925ff8d87,Consolidation,off,0.1573761384734587,0.0,0.1916961830174645,0.3193978784129956,1.654209661721166
1061,687,a08261c925ff8d87,Consolidation,on,0.1573761384734587,0.0,0.1706951959489851,0.2915931466392664,2.283503066764242
1062,849,e657132d289a3d51,Lung Opacity,off,0.1621712497989854,0.0,0.1299121152982499,0.2276353830830181,2.2796753624288484
1062,849,e657132d289a3d51,Lung Opacity,on,0.1621712497989854,0.0,0.0740742291720917,0.1379293621416817,2.429022746667532
1063,495,15f6bb902a2c959a,Consolidation,off,0.1266757305966112,1.0,0.6509025440769225,0.7867145401100608,2.7329427697454345
1063,495,15f6bb902a2c959a,Consolidation,on,0.1266757305966112,1.0,0.3762896672934503,0.5467737534786707,3.288792928259284
1064,1108,1ae4a6386bc83344,Lung Opacity,off,0.1258278145695364,1.0,0.5733623254370206,0.7250556355112258,2.684132998189705
1064,1108,1ae4a6386bc83344,Lung Opacity,on,0.1258278145695364,1.0,0.407766037595883,0.5792823817741528,3.1445818922960664
1065,835,63a0f8e87901b112,Lung Opacity,off,0.1731015696192662,1.0,0.2801389724674191,0.4278602649532706,1.4667641377720628
1065,835,63a0f8e87901b112,Lung Opacity,on,0.1731015696192662,1.0,0.2315784546043039,0.3760428991477647,1.2604666950433698
1066,1120,770bcfbe59f7a3db,Pleural Effusion,off,0.1437607512341076,0.0,0.3074034892729833,0.4684193521182174,1.4299465042236637
1066,1120,770bcfbe59f7a3db,Pleural Effusion,on,0.1437607512341076,0.0,0.3982068972222301,0.569596202084893,1.3155079926965665
1067,682,9e9dc881dce1f80f,Pleural Effusion,off,0.1717565993694233,1.0,0.5295936737873507,0.6903417840222769,2.1859412726381477
1067,682,9e9dc881dce1f80f,Pleural Effusion,on,0.1717565993694233,1.0,0.4330474248211479,0.604357847932133,2.1385058804128385
1068,501,afef2a64487ccc52,Pleural Effusion,off,0.1545789902002348,1.0,0.4129285312795347,0.5822195489726675,2.491564143919644
1068,501,afef2a64487ccc52,Pleural Effusion,on,0.1545789902002348,1.0,0.2397004402920792,0.3867011618501407,2.579251017400359
1069,978,d4a24d57809210d6,Pleural Effusion,off,0.1209693531960099,1.0,0.3290424612497995,0.4951117718207679,1.6184091133918974
1069,978,d4a24d57809210d6,Pleural Effusion,on,0.1209693531960099,1.0,0.3210555649785795,0.4860539918177748,1.7575910087603648
1070,902,ce6cc922e4733aa7,Pleural Effusion,off,0.1283520703282994,1.0,0.4670528506736827,0.6361505001671076,1.860912283341916
1070,902,ce6cc922e4733aa7,Pleural Effusion,on,0.1283520703282994,1.0,0.4571523621978157,0.6274316172879327,1.8882182164298655
1071,552,c8e12d7b589b5f7a,Pleural Effusion,off,0.1663328606445136,1.0,0.2076284022440508,0.3413909968555175,1.5709994451048
1071,552,c8e12d7b589b5f7a,Pleural Effusion,on,0.1663328606445136,1.0,0.2229616296324085,0.3646178041169048,1.5969468715736763
1072,987,32858eb95ff67333,Pleural Effusion,off,0.143517097203339,1.0,0.28552795179624,0.4376674958528426,2.6927857249506184
1072,987,32858eb95ff67333,Pleural Effusion,on,0.143517097203339,1.0,0.1580388277743066,0.2729380097361699,2.721072816629065
1073,1038,5e8fe2fa834e1c32,Pleural Effusion,off,0.1364267649079718,0.0,0.2471853520442095,0.3957771108185922,1.9895352206966472
1073,1038,5e8fe2fa834e1c32,Pleural Effusion,on,0.1364267649079718,0.0,0.1920214583221889,0.3221365841424429,2.918173577663188
1074,555,f7c5f09b2030a7d8,Pleural Effusion,off,0.1890560355539961,1.0,0.4949221127856538,0.657315002927563,1.871329859997721
1074,555,f7c5f09b2030a7d8,Pleural Effusion,on,0.1890560355539961,1.0,0.6008150405329499,0.7506312946453376,1.2707190132045536
1075,446,fe58ac10abaf8090,Pleural Effusion,off,0.1380007699467372,1.0,0.4887783506660011,0.6514573490879929,2.4020926852414606
1075,446,fe58ac10abaf8090,Pleural Effusion,on,0.1380007699467372,1.0,0.3233939503293053,0.4887096844218315,2.676920409759579
1076,912,8aaec40bc7225327,Pleural Effusion,off,0.1555341140008479,1.0,0.4835649741709161,0.6459506125736132,1.9232499576678488
1076,912,8aaec40bc7225327,Pleural Effusion,on,0.1555341140008479,1.0,0.5793118303336515,0.7336193930137356,1.6406705829002828
1077,686,d8cae75ce335777c,Pleural Effusion,off,0.1172365734446344,1.0,0.2484957231428127,0.3932518054196025,1.2299308836392429
1077,686,d8cae75ce335777c,Pleural Effusion,on,0.1172365734446344,1.0,0.3561822331993025,0.5252706070227011,1.109098185691645
1078,825,58646d9099d568d0,Pleural Effusion,off,0.1622979498949851,1.0,0.5034088396975717,0.669111257198354,1.9983281653811067
1078,825,58646d9099d568d0,Pleural Effusion,on,0.1622979498949851,1.0,0.329488281538275,0.495593367568345,1.964546437061812
1079,502,e067b5a011b6f780,Pleural Effusion,off,0.1319289114999829,1.0,0.5708253990020911,0.7157344235764798,2.767289563155648
1079,502,e067b5a011b6f780,Pleural Effusion,on,0.1319289114999829,1.0,0.2387433846494816,0.3854365026858435,3.0520685537555776
1080,932,9e90087f741b0a4b,Pleural Effusion,off,0.1367532613092018,1.0,0.3064136134018603,0.4690733196429814,1.5969717659416678
1080,932,9e90087f741b0a4b,Pleural Effusion,on,0.1367532613092018,1.0,0.2967968239654861,0.4577343194766455,1.6478657485342558
1081,1060,81bfaed24e14a36d,Pleural Effusion,off,0.1413875609744212,1.0,0.4964684517109014,0.6593199662055372,3.269771444892562
1081,1060,81bfaed24e14a36d,Pleural Effusion,on,0.1413875609744212,1.0,0.2487943206012576,0.3984266418213608,2.954489261068736
1082,818,c9073232c6d4b940,Pleural Effusion,off,0.1489652013313256,0.0,0.1214608687775726,0.2165503145645765,0.5785394584726248
1082,818,c9073232c6d4b940,Pleural Effusion,on,0.1489652013313256,0.0,0.1274591555813879,0.2260996982345065,0.4458525181221844
1083,941,ac76e72ff49a04d1,Pleural Effusion,off,0.1357152951381274,1.0,0.4824380331829985,0.6476911793697855,2.410821455551336
1083,941,ac76e72ff49a04d1,Pleural Effusion,on,0.1357152951381274,1.0,0.4355134742939723,0.6067447077943083,3.3570558954642764
1084,1128,43610d4623a4466c,Pleural Effusion,off,0.1491503783947098,1.0,0.5409309708608122,0.6905447433957864,2.9006624889246773
1084,1128,43610d4623a4466c,Pleural Effusion,on,0.1491503783947098,1.0,0.1591542370850519,0.2745616554482833,2.7724622370706
1085,450,84aca73e6943a78c,Pleural Effusion,off,0.1601099366986828,1.0,0.2137029456413316,0.3511800467769158,0.9846034733611776
1085,450,84aca73e6943a78c,Pleural Effusion,on,0.1601099366986828,1.0,0.2390683616649263,0.3858797116667661,0.6763452533047704
1086,815,feaa3ea4b1fbccfb,Pleural Effusion,off,0.1243512711430785,1.0,0.3117701344223174,0.4750771585898378,0.7975305279321351
1086,815,feaa3ea4b1fbccfb,Pleural Effusion,on,0.1243512711430785,1.0,0.3245454605400273,0.4900477669312838,0.841240077013827
1087,836,23122b420d5fe60e,Pleural Effusion,off,0.1289758246470671,1.0,0.4129296761947648,0.5843327067862962,1.7741862782548636
1087,836,23122b420d5fe60e,Pleural Effusion,on,0.1289758246470671,1.0,0.4239957930071322,0.5955001203840314,1.616263413997492
1088,730,d67867fe0018946f,Pleural Effusion,off,0.148892105122095,1.0,0.3372965378934586,0.5038123893142112,1.7180977587655917
1088,730,d67867fe0018946f,Pleural Effusion,on,0.148892105122095,1.0,0.2721870469055394,0.4279037335470678,1.5002603118898334
1089,908,df4705a92b5db9bf,Pleural Effusion,off,0.1899136977423017,1.0,0.2116264709577748,0.3492814298955414,1.3498676029933725
1089,908,df4705a92b5db9bf,Pleural Effusion,on,0.1899136977423017,1.0,0.2093071297858579,0.346160108478591,1.046664334825886
1090,784,c10bc1f45238c893,Pleural Effusion,off,0.1413534494101136,1.0,0.5393404115220205,0.6974876034918536,2.598859117996488
1090,784,c10bc1f45238c893,Pleural Effusion,on,0.1413534494101136,1.0,0.4804854497633355,0.6490798201980068,3.105093935270061
1091,997,67a2a858716143a1,Pleural Effusion,off,0.162375919184831,1.0,0.40447170425683,0.5733721582726952,2.1399137044206418
1091,997,67a2a858716143a1,Pleural Effusion,on,0.162375919184831,1.0,0.3195763146553801,0.4843325356741101,2.7712385396457893
1092,482,eb24fa44f568ccfa,Pleural Effusion,off,0.1316706382273682,1.0,0.6282683789870547,0.7690850108722909,2.453876608061118
1092,482,eb24fa44f568ccfa,Pleural Effusion,on,0.1316706382273682,1.0,0.5919302447245707,0.7436528511771775,2.9042473851614337
1093,757,10ca37bd9be150be,Pleural Effusion,off,0.1679409772475866,1.0,0.4184085107755054,0.5885837579292501,1.5552968290001514
1093,757,10ca37bd9be150be,Pleural Effusion,on,0.1679409772475866,1.0,0.4795098278319277,0.6482007156110114,1.15821357835166
1094,707,e3a24951af784f22,Pleural Effusion,off,0.1740956780648022,1.0,0.3343414663044893,0.500183801797417,1.6035028164420606
1094,707,e3a24951af784f22,Pleural Effusion,on,0.1740956780648022,1.0,0.3499427753561612,0.5184555114043008,1.4902874275015712
1095,566,47b9c4202e77cc1c,Pleural Effusion,off,0.1233181780526195,1.0,0.4776162744771765,0.6363800022548719,2.5910845598235266
1095,566,47b9c4202e77cc1c,Pleural Effusion,on,0.1233181780526195,1.0,0.2220050876145987,0.3632922356172679,3.050962296011929
1096,994,a018d2ec2056ba13,Pleural Effusion,off,0.1591645590593005,1.0,0.3349349847147099,0.5008522309359759,0.9120502022727266
1096,994,a018d2ec2056ba13,Pleural Effusion,on,0.1591645590593005,1.0,0.3626002636937306,0.5322170942227515,0.7413083424397494
1097,578,8250971e15436201,Pleural Effusion,off,0.1253356334273838,1.0,0.4926163684878117,0.6576427418251084,1.639046064664786
1097,578,8250971e15436201,Pleural Effusion,on,0.1253356334273838,1.0,0.5892286637875956,0.7415269523431334,1.64173691465712
1098,104,ec0760fc67ee339f,Pleural Effusion,off,0.1757720177964904,1.0,0.4107594328038965,0.5804218209065185,1.82510993938704
1098,104,ec0760fc67ee339f,Pleural Effusion,on,0.1757720177964904,1.0,0.4277695697710473,0.5992068115037487,1.7599614939448052
1099,821,31454ced59f57f9b,Pleural Effusion,off,0.1603730830519129,1.0,0.2797638108926122,0.4359703858243667,1.4994358249786477
1099,821,31454ced59f57f9b,Pleural Effusion,on,0.1603730830519129,1.0,0.2919139952037958,0.4519021322802453,1.2711861342949926
1100,1026,afd85468199ad4ac,Pleural Effusion,off,0.1733842082949578,1.0,0.5944357137344092,0.7413790559431723,2.571448640522775
1100,1026,afd85468199ad4ac,Pleural Effusion,on,0.1733842082949578,1.0,0.3008332590416961,0.4623888672272043,2.8097366188610158
1101,877,3cf6f3a36e63c3d7,Pleural Effusion,off,0.1314562226802918,1.0,0.422476056299262,0.593867503280371,1.9807468893426945
1101,877,3cf6f3a36e63c3d7,Pleural Effusion,on,0.1314562226802918,1.0,0.3526114681155395,0.5213740912931213,1.8676943828272268
1102,802,f642a9532e776fba,Pleural Effusion,off,0.157327407667305,1.0,0.3748591925975975,0.5440050590574739,0.9019114580883988
1102,802,f642a9532e776fba,Pleural Effusion,on,0.157327407667305,1.0,0.4225955593871131,0.5941190038293461,0.9231765984078256
1103,573,10fee9feaffc9d67,Pleural Effusion,off,0.168900974128815,1.0,0.2748102132261054,0.4307510480510966,1.7716832308021304
1103,573,10fee9feaffc9d67,Pleural Effusion,on,0.168900974128815,1.0,0.2646542038302708,0.4185357020624929,2.144194544577357
1104,1064,1b4b246fc1934132,Pleural Effusion,off,0.1562504568513077,1.0,0.3532685777563354,0.5219297258396657,1.5784985290145848
1104,1064,1b4b246fc1934132,Pleural Effusion,on,0.1562504568513077,1.0,0.2967024849378656,0.4576249509325544,1.238743486602239
1105,917,8544f40e972ffb8b,Pleural Effusion,off,0.1931201847872169,0.0,0.2607466573312918,0.4129287955251561,0.5686419393711114
1105,917,8544f40e972ffb8b,Pleural Effusion,on,0.1931201847872169,0.0,0.2517287340240646,0.4022059004617263,0.4630226475951692
1106,1110,cbfeb2200c7693e3,Pleural Effusion,off,0.1358371221535118,0.0,0.154552889362786,0.2673178854955023,0.991657157787786
1106,1110,cbfeb2200c7693e3,Pleural Effusion,on,0.1358371221535118,0.0,0.1812880301119062,0.3069315710314035,0.6079648446746385
1107,611,90ba30781590a8c3,Pleural Effusion,off,0.1186936245486309,1.0,0.3851917124709679,0.5559193882121042,2.146194696585971
1107,611,90ba30781590a8c3,Pleural Effusion,on,0.1186936245486309,1.0,0.3504327527209051,0.5189676726053365,3.145627301865294
1108,349,6b56d0dbc96e87a3,Pleural Effusion,off,0.1887197929915354,1.0,0.4590269923116843,0.6208103994744406,1.928674364476004
1108,349,6b56d0dbc96e87a3,Pleural Effusion,on,0.1887197929915354,1.0,0.4413399120278669,0.6123121268431923,2.437018181890859
1109,896,71c224d9e56d6796,Pleural Effusion,off,0.1572445652968437,1.0,0.4137452675369422,0.5851090286710156,1.7283227271450672
1109,896,71c224d9e56d6796,Pleural Effusion,on,0.1572445652968437,1.0,0.4220529923938078,0.5935815531579354,1.3740916705872344
1110,973,87f24fde5f11ea3e,Pleural Effusion,off,0.1658504256635917,1.0,0.5446498820724248,0.7038960103392832,2.3700876963719395
1110,973,87f24fde5f11ea3e,Pleural Effusion,on,0.1658504256635917,1.0,0.3361880102898983,0.503185499706656,2.427265937274816
1111,1130,c447627e22128f05,Pleural Effusion,off,0.1204138220058574,1.0,0.5151355205668475,0.678008913349913,1.9418357818076455
1111,1130,c447627e22128f05,Pleural Effusion,on,0.1204138220058574,1.0,0.5591428743401303,0.7172398052770719,1.9348862547850532
1112,519,cb23f15188ae0ac0,Pleural Effusion,off,0.1157307915344843,1.0,0.3352557910344561,0.4980198475736799,1.481684372543008
1112,519,cb23f15188ae0ac0,Pleural Effusion,on,0.1157307915344843,1.0,0.3350925182300678,0.5019632409993762,1.4791216815994788
1113,500,962c6a113118443b,Pleural Effusion,off,0.1393359940353493,0.0,0.210136809270221,0.3471815773458469,1.2240997457823102
1113,500,962c6a113118443b,Pleural Effusion,on,0.1393359940353493,0.0,0.2123911426939159,0.3503661297446109,1.0638224122798243
1114,529,4881147b3065f434,Pleural Effusion,off,0.1661964143872832,1.0,0.1139482942020132,0.2039149943227347,0.4789108242792285
1114,529,4881147b3065f434,Pleural Effusion,on,0.1661964143872832,1.0,0.1344180684371562,0.2369805034428931,0.2202955269839374
1115,545,f2c7ecc55cd16fef,Pleural Effusion,off,0.1558703565633086,1.0,0.293635446338205,0.4528643561875576,1.2097662006055498
1115,545,f2c7ecc55cd16fef,Pleural Effusion,on,0.1558703565633086,1.0,0.3228846272753162,0.4881522612347888,1.003921257613864
1116,669,740b1c37f34a8265,Pleural Effusion,off,0.1614549069485256,1.0,0.5927542094557755,0.7438016779478799,2.513674520777708
1116,669,740b1c37f34a8265,Pleural Effusion,on,0.1614549069485256,1.0,0.5361725145636309,0.6980465846243785,2.797769830249516
1117,509,8c310bf79d9599ea,Pleural Effusion,off,0.171137718131271,1.0,0.2277022581605255,0.3684169410478414,1.346158096820188
1117,509,8c310bf79d9599ea,Pleural Effusion,on,0.171137718131271,1.0,0.1517258602032697,0.2634717860994537,1.037485584848977
1118,614,3ff4d9de646f6970,Pleural Effusion,off,0.1806694638149399,1.0,0.3160043689718141,0.4648832075165431,2.2997214193160724
1118,614,3ff4d9de646f6970,Pleural Effusion,on,0.1806694638149399,1.0,0.2301293278545559,0.3741374458941696,2.4256992142683256
1119,893,52aac5703e299bfb,Pleural Effusion,off,0.1361684916353571,1.0,0.2764816134690336,0.4331802462954841,1.2933525612670234
1119,893,52aac5703e299bfb,Pleural Effusion,on,0.1361684916353571,1.0,0.2632208652336736,0.4167447772971491,1.040926598941536
1120,648,190a822f1a70e22b,Pleural Effusion,off,0.1372990463381235,0.0,0.1852733851746258,0.312343822640734,0.9202271073506376
1120,648,190a822f1a70e22b,Pleural Effusion,on,0.1372990463381235,0.0,0.1981241287540553,0.3307238722619184,0.7541336229153496
1121,622,7e26ed073019eeec,Pleural Effusion,off,0.1787787085361753,0.0,0.167607154821222,0.2867317304738074,1.4674118604537894
1121,622,7e26ed073019eeec,Pleural Effusion,on,0.1787787085361753,0.0,0.153280723649177,0.2658117697385694,1.3010843689415073
1122,985,69b9494d1f0e2086,Pleural Effusion,off,0.1435853203319542,1.0,0.5983839081383341,0.7365960091558588,2.354469549446929
1122,985,69b9494d1f0e2086,Pleural Effusion,on,0.1435853203319542,1.0,0.3736763368376476,0.5439939858771433,3.218298719230165
1123,698,9cbffc87224139e9,Pleural Effusion,off,0.1253746180723067,1.0,0.2619977525220416,0.4150823396836524,1.3170420954531454
1123,698,9cbffc87224139e9,Pleural Effusion,on,0.1253746180723067,1.0,0.2493617442147942,0.3991798211194355,1.0889498867822185
1124,553,e1f7ee22e5418faf,Pleural Effusion,off,0.107709700841581,1.0,0.622571155025884,0.7667658180172625,3.21785656437404
1124,553,e1f7ee22e5418faf,Pleural Effusion,on,0.107709700841581,1.0,0.4744931970068078,0.6435885703252245,4.033623510482937
1125,1051,7c1be6b3516ee49b,Pleural Effusion,off,0.1407881720587303,1.0,0.1937303394871256,0.3195844904028754,1.1124001545238602
1125,1051,7c1be6b3516ee49b,Pleural Effusion,on,0.1407881720587303,1.0,0.2982169680926284,0.459425362908744,0.8635436245288363
1126,422,9edec8e40744cdcb,Pleural Effusion,off,0.1747584170284929,1.0,0.3667063802874158,0.5364711913314635,1.527480343307842
1126,422,9edec8e40744cdcb,Pleural Effusion,on,0.1747584170284929,1.0,0.3765848617341282,0.5471291560382643,1.3590254301863318
1127,1106,ae35c1b279e0edab,Pleural Effusion,off,0.1597395825719144,1.0,0.3249995239527797,0.4889307010330478,1.7320003115133735
1127,1106,ae35c1b279e0edab,Pleural Effusion,on,0.1597395825719144,1.0,0.3481413516071449,0.5164746875565618,1.6503525874226466
1128,1061,2609a1069f715dcf,Pleural Effusion,off,0.1599003942322217,1.0,0.583008020600648,0.7348864763644144,2.3252515305292354
1128,1061,2609a1069f715dcf,Pleural Effusion,on,0.1599003942322217,1.0,0.5005037064201248,0.6671034295190614,2.3177280521524457
1129,996,405493f18077e437,Pleural Effusion,off,0.1431418699959553,1.0,0.3718380970631054,0.5383857354200591,2.2197528617641424
1129,996,405493f18077e437,Pleural Effusion,on,0.1431418699959553,1.0,0.2479168662389686,0.3972972752050329,2.307711610396216
1130,455,d8cb15c8f3e169c6,Pleural Effusion,off,0.1275090273818399,1.0,0.3619485983921474,0.5312843732900769,1.4908513280911375
1130,455,d8cb15c8f3e169c6,Pleural Effusion,on,0.1275090273818399,1.0,0.4137915515192656,0.585364163835054,1.323556444881633
1131,359,71e064315174ab07,Pleural Effusion,off,0.152658996437778,1.0,0.3180312230633305,0.4764278446681627,3.005206165207982
1131,359,71e064315174ab07,Pleural Effusion,on,0.152658996437778,1.0,0.1134269616943309,0.2037305164268473,2.610603939550045
1132,799,568cdb13a6f3f611,Pleural Effusion,off,0.1360076799750498,1.0,0.3717435899335383,0.5413406082276999,1.9715933393104472
1132,799,568cdb13a6f3f611,Pleural Effusion,on,0.1360076799750498,1.0,0.3040655676749718,0.466330415734886,2.0975477926575867
1133,851,dcfa47fe26c138af,Pleural Effusion,off,0.1706845216340413,1.0,0.3695691640016242,0.5350428621074108,1.2260869766935258
1133,851,dcfa47fe26c138af,Pleural Effusion,on,0.1706845216340413,1.0,0.447026261004977,0.6178480610753211,0.8890031587425654
1134,642,20fb7eeeb458748f,Pleural Effusion,off,0.1643885014789799,0.0,0.3642395049360297,0.5322358001599566,1.299570882230276
1134,642,20fb7eeeb458748f,Pleural Effusion,on,0.1643885014789799,0.0,0.4179785768122687,0.5895394151355977,0.9468868736780668
1135,858,8c78043e308ff768,Pleural Effusion,off,0.1366655458581251,0.0,0.2593416061948049,0.4114403270306901,1.9753018336216623
1135,858,8c78043e308ff768,Pleural Effusion,on,0.1366655458581251,0.0,0.2520214309642275,0.4025702530887466,2.958264147667067
1136,999,889e47cdf0777897,Pleural Effusion,off,0.1381713277682752,1.0,0.3254280757646308,0.4883311720932194,1.2041862774274816
1136,999,889e47cdf0777897,Pleural Effusion,on,0.1381713277682752,1.0,0.38120640265045,0.5519896683220338,0.9316758601797458
1137,496,0a5891e034f34c59,Pleural Effusion,off,0.1519865113128566,1.0,0.2476386965162588,0.3961456598703426,0.7762269317448961
1137,496,0a5891e034f34c59,Pleural Effusion,on,0.1519865113128566,1.0,0.2629307323970566,0.4163805176298567,0.5193193446060685
1138,279,c4fc45e536c113f2,Pleural Effusion,off,0.1677850386678946,0.0,0.2698692217792129,0.4247677884060118,1.2603414870486735
1138,279,c4fc45e536c113f2,Pleural Effusion,on,0.1677850386678946,0.0,0.2812948496791757,0.439075474503408,0.998539718769155
1139,833,ee687f9972a73784,Pleural Effusion,off,0.1473863232119449,1.0,0.6411634088969035,0.7807433648472156,2.58793000681577
1139,833,ee687f9972a73784,Pleural Effusion,on,0.1473863232119449,1.0,0.593629072256858,0.744981102950178,2.912262685395397
1140,1020,8632d4f4de11af44,Pleural Effusion,off,0.1556413217743861,1.0,0.2668351021437963,0.4194841612922249,0.7828784342397458
1140,1020,8632d4f4de11af44,Pleural Effusion,on,0.1556413217743861,1.0,0.3206558611830977,0.4855995432322648,0.6330611632065581
1141,731,20f77398fe1a3218,Pleural Effusion,off,0.1641984513349804,1.0,0.3401774996594526,0.5074263837473835,1.4823513215245625
1141,731,20f77398fe1a3218,Pleural Effusion,on,0.1641984513349804,1.0,0.3638430536673842,0.5335554083103988,1.212549312301304
1142,520,260c63daecc7305f,Pleural Effusion,off,0.1728822809915744,1.0,0.3168766288482852,0.480547692545563,0.6531869753830005
1142,520,260c63daecc7305f,Pleural Effusion,on,0.1728822809915744,1.0,0.2997424641608069,0.4612270793437017,0.8122510219616527
1143,7,0d5f21fb4df88954,Pleural Effusion,off,0.157000911266075,1.0,0.3625772329111564,0.5240688938378174,1.680768260876869
1143,7,0d5f21fb4df88954,Pleural Effusion,on,0.157000911266075,1.0,0.5171843313110337,0.6817686018449122,1.3744946576072403
1144,521,565ebecef494a902,Pleural Effusion,off,0.1519085420230106,1.0,0.2843758018755736,0.4379393947060127,1.3024709406445103
1144,521,565ebecef494a902,Pleural Effusion,on,0.1519085420230106,1.0,0.3265344367092908,0.492246131231132,1.1326662568847674
1145,558,3fb94454930d19a5,Pleural Effusion,off,0.1416653265694974,1.0,0.3526140680683218,0.5212128761156501,1.2948380209841368
1145,558,3fb94454930d19a5,Pleural Effusion,on,0.1416653265694974,1.0,0.3795723169989032,0.5502749367046356,0.9443242933826688
1146,651,1a5351e70d0cbdd0,Pleural Effusion,off,0.1506123025793215,1.0,0.2683457249034597,0.4230719195282952,1.1477892719879388
1146,651,1a5351e70d0cbdd0,Pleural Effusion,on,0.1506123025793215,1.0,0.2645268258062071,0.418380501005713,0.8900667713126277
1147,1144,febea89507fcdc45,Pleural Effusion,off,0.1243463980624631,1.0,0.5364996391914659,0.6969014500890877,2.0121408792778914
1147,1144,febea89507fcdc45,Pleural Effusion,on,0.1243463980624631,1.0,0.5618421417264047,0.7194579952927059,2.177442324680074
1148,1145,2b70b76440ded8f1,Pleural Effusion,off,0.1616157186088329,1.0,0.3276740387184362,0.4926745902933498,1.9060675289107716
1148,1145,2b70b76440ded8f1,Pleural Effusion,on,0.1616157186088329,1.0,0.2972103512160052,0.4582006862545444,2.276934606993985
1149,568,52b20aee5d4f76ee,Pleural Effusion,off,0.1494086516673245,0.0,0.1621384489946165,0.2790280389022124,1.7118440415186262
1149,568,52b20aee5d4f76ee,Pleural Effusion,on,0.1494086516673245,0.0,0.155760756889961,0.2695378143357176,1.8862521303512776
1150,559,5a33ba2940830d6f,Pleural Effusion,off,0.1624928731196,1.0,0.3635859802960129,0.5331580595910095,1.4812522921817315
1150,559,5a33ba2940830d6f,Pleural Effusion,on,0.1624928731196,1.0,0.3413725008884475,0.5089886689818083,1.1646286402409118
1151,954,e2f669c274470f5c,Pleural Effusion,off,0.1323821079972126,0.0,0.1675068931282228,0.2865450521505542,1.5218150136587214
1151,954,e2f669c274470f5c,Pleural Effusion,on,0.1323821079972126,0.0,0.1971263186899671,0.3293323537258323,1.5081671580117793
1152,972,4898d16d1d823a18,Pleural Effusion,off,0.1243220326593862,0.0,0.1768743856833984,0.3005319651546584,0.8294623454597271
1152,972,4898d16d1d823a18,Pleural Effusion,on,0.1243220326593862,0.0,0.1842495904900117,0.3111664452070623,0.7445804964309729
1153,1157,209063cca1683265,Pleural Effusion,off,0.2028760921791929,1.0,0.3086324683683329,0.4714632900552004,1.4970083296213
1153,1157,209063cca1683265,Pleural Effusion,on,0.2028760921791929,1.0,0.3202142972566631,0.485093256429152,1.095881826464516
1154,924,d906968e0193010d,Pleural Effusion,off,0.2171883299465423,0.0,0.0887055767221018,0.1628650113946275,1.6363586258541984
1154,924,d906968e0193010d,Pleural Effusion,on,0.2171883299465423,0.0,0.0883394491015499,0.1623376579243319,1.8565247252445476
1155,528,713d2a70401f9f91,Pleural Effusion,off,0.1319873884673674,1.0,0.252567290175386,0.4024595845834504,1.2280439899617417
1155,528,713d2a70401f9f91,Pleural Effusion,on,0.1319873884673674,1.0,0.3295109256518664,0.4956846933719651,0.9176861383108426
1156,1041,17fc39be1f836acc,Pleural Effusion,off,0.1275577581879937,1.0,0.4675367507394771,0.6346710965839326,1.9183678774763124
1156,1041,17fc39be1f836acc,Pleural Effusion,on,0.1275577581879937,1.0,0.3631408400192743,0.5327731041303506,2.0308809495265634
1157,546,e28ff1f3ca2eb126,Pleural Effusion,off,0.1745001437558781,1.0,0.3582992344842924,0.5235003005571782,1.2652187565547266
1157,546,e28ff1f3ca2eb126,Pleural Effusion,on,0.1745001437558781,1.0,0.437862234331816,0.6090416593434675,0.9620241425624058
1158,998,34e1b7bee389a237,Pleural Effusion,off,0.153809043463006,1.0,0.4147583606487743,0.5830736588950634,1.5356016915447408
1158,998,34e1b7bee389a237,Pleural Effusion,on,0.153809043463006,1.0,0.5041277437248445,0.6703254628774772,1.1194050116528875
1159,769,7c0407d951784c3b,Pleural Effusion,off,0.1334103280070562,1.0,0.2315424396650796,0.367863939533222,1.2468570150380354
1159,769,7c0407d951784c3b,Pleural Effusion,on,0.1334103280070562,1.0,0.5352356483819835,0.6972553631283102,1.1323162541310166
1160,579,e0a3a3936bbceed3,Pleural Effusion,off,0.1789249009546364,1.0,0.4379900721766439,0.6013713275792514,1.5235562550886124
1160,579,e0a3a3936bbceed3,Pleural Effusion,on,0.1789249009546364,1.0,0.5235249027467823,0.6872343702328859,1.1034985621057392
1161,653,4137599a9ebd2c1b,Pleural Effusion,off,0.1636380470642126,1.0,0.1964190406704483,0.324893585714925,0.9261658009617972
1161,653,4137599a9ebd2c1b,Pleural Effusion,on,0.1636380470642126,1.0,0.2504419754896826,0.4005552025391726,0.6267786817656251
