idx,rank,pair_id,category,dhs,q,point,iou,dice,cnr
0,133,a69b6f1a4d61d8b1,Pneumonia,off,0.1774581036894093,0.0,0.1179468626301555,0.2098401195961725,0.8178237382407149
0,133,a69b6f1a4d61d8b1,Pneumonia,on,0.1774581036894093,0.0,0.1615442446033196,0.2781463711098667,0.3936997410689881
1,64,3dfe8fee5bd1ceed,Pneumonia,off,0.2041041084942668,0.0,0.3184176586128616,0.4819135398974996,1.2618270794320694
1,64,3dfe8fee5bd1ceed,Pneumonia,on,0.2041041084942668,0.0,0.3295789616243459,0.4957615892263816,0.8077058847608865
2,287,d736b1fc6877512b,Pneumothorax,off,0.187589238288769,0.0,0.2306151766132763,0.3735079765335901,0.501063179136795
2,287,d736b1fc6877512b,Pneumothorax,on,0.187589238288769,0.0,0.2554977510105983,0.4070047920590964,0.3843483391551357
3,221,4b1efc03403cd73c,Pneumonia,off,0.1890657817152269,0.0,0.0057868749720335,0.0113847393828616,0.1627974487983163
3,221,4b1efc03403cd73c,Pneumonia,on,0.1890657817152269,0.0,0.0142033496722657,0.0280076077056441,-0.1911020388526526
4,99,930f9bd2d8c63458,Pneumothorax,off,0.2040651238493438,1.0,0.258934523662068,0.4108874917614307,0.6414350069841712
4,99,930f9bd2d8c63458,Pneumothorax,on,0.2040651238493438,1.0,0.2615595732917921,0.4146596813401283,0.3943612224883513
5,258,185d65aeccbfa70b,Pneumonia,off,0.1908883138653762,1.0,0.1359872420984974,0.2393984575592404,1.2139006544259536
5,258,185d65aeccbfa70b,Pneumonia,on,0.1908883138653762,1.0,0.1357517054769441,0.2390516350472109,0.8919977541769155
6,232,dde31d4452de3e39,Pneumonia,off,0.1679409772475866,1.0,0.2633291604858406,0.4166083988099036,1.9366771668910352
6,232,dde31d4452de3e39,Pneumonia,on,0.1679409772475866,1.0,0.211084339706385,0.3485861288974201,1.8864624193970372
7,267,96238c9f05e3b238,Pneumothorax,off,0.1889585739416887,0.0,0.006160261835496,0.012102060195918,0.3222928966147856
7,267,96238c9f05e3b238,Pneumothorax,on,0.1889585739416887,0.0,0.0107067099657135,0.0211851677639078,-0.2698428142986454
8,366,adfa39118b9e3489,Pneumothorax,off,0.2124711879108616,0.0,0.0005164007731586,0.0010301417164232,-0.3019851491136036
8,366,adfa39118b9e3489,Pneumothorax,on,0.2124711879108616,0.0,0.0,0.0,-0.5481434374983617
9,134,e09c63979aec3355,Pneumothorax,off,0.2009853369004283,0.0,0.0,0.0,-0.5029263826663524
9,134,e09c63979aec3355,Pneumothorax,on,0.2009853369004283,0.0,0.0,0.0,-0.5269668362170795
10,89,944a3ee8201c0f57,Pneumothorax,off,0.1919555185201428,0.0,0.0437911131061724,0.0838847010093211,0.6874251540720779
10,89,944a3ee8201c0f57,Pneumothorax,on,0.1919555185201428,0.0,0.046533224712809,0.0889283024334333,0.3724757873449246
11,352,f927f7fc0016cedd,Pneumonia,off,0.197267176390899,0.0,0.1685263814287157,0.2878722296675698,0.9978872938849372
11,352,f927f7fc0016cedd,Pneumonia,on,0.197267176390899,0.0,0.1833519576495599,0.3098849125979919,0.5872218081535738
12,371,7e6b1ef08113cdd8,Pneumothorax,off,0.1870873109853856,0.0,0.0093279247154095,0.0182801442967292,0.6342056704667915
12,371,7e6b1ef08113cdd8,Pneumothorax,on,0.1870873109853856,0.0,0.0208330341713459,0.0408148124458218,0.0441658596997286
13,277,9e284dd7868db308,Pneumothorax,off,0.1938511468795228,0.0,0.0,0.0,-0.16994898313583
13,277,9e284dd7868db308,Pneumothorax,on,0.1938511468795228,0.0,0.0,0.0,-0.5246656902507604
14,358,ffe388efa401e2c7,Pneumonia,off,0.1750751672684921,0.0,0.1514863522964548,0.2609358366686495,1.144179511201323
14,358,ffe388efa401e2c7,Pneumonia,on,0.1750751672684921,0.0,0.2538829808238809,0.4049527167075867,0.7771002202413272
15,336,a2552a9bae4a584f,Pneumonia,off,0.2033244155958072,1.0,0.1565291855522028,0.2706225694834036,1.004437116666488
15,336,a2552a9bae4a584f,Pneumonia,on,0.2033244155958072,1.0,0.1614037194848036,0.277945747814827,0.6339781914119035
16,388,5e0eb35c22d224fb,Pneumothorax,off,0.1906008021090693,0.0,0.0143040152566134,0.0278595649607083,-0.0708367035275552
16,388,5e0eb35c22d224fb,Pneumothorax,on,0.1906008021090693,0.0,0.0225312907816929,0.0440683845715172,-0.3334343521999173
17,383,ce476f54355d544d,Pneumonia,off,0.1956931713521336,1.0,0.3863578864066698,0.5564745103836726,1.2710075979105169
17,383,ce476f54355d544d,Pneumonia,on,0.1956931713521336,1.0,0.3997843065167332,0.5712061491959235,0.905520227137374
18,1,f464ffe0f4bdeed5,Pneumothorax,off,0.18093261016817,0.0,0.0,0.0,0.1494697796380195
18,1,f464ffe0f4bdeed5,Pneumothorax,on,0.18093261016817,0.0,0.0,0.0,-0.4866948016130107
19,52,c6b1ec5d0007bcc8,Pneumothorax,off,0.1595836439922225,1.0,0.257346857546289,0.4085306670858788,0.6700105869770575
19,52,c6b1ec5d0007bcc8,Pneumothorax,on,0.1595836439922225,1.0,0.276687272087912,0.4334449299659536,0.6155942319960335
20,66,4a3abb70e8c0334e,Pneumonia,off,0.17746784985064,0.0,0.3672176500037842,0.5354667809966799,1.768924611480578
20,66,4a3abb70e8c0334e,Pneumonia,on,0.17746784985064,0.0,0.4197895669956614,0.5913405147815131,1.527780113456765
21,310,8adf4fbea2355342,Pneumothorax,off,0.2055465403564171,1.0,0.1083714706410461,0.1953351276912817,0.0886059270757347
21,310,8adf4fbea2355342,Pneumothorax,on,0.2055465403564171,1.0,0.1105179490050528,0.1990380966242135,0.0042742084394642
22,57,2f30a42db1b214d2,Pneumothorax,off,0.19904585081551,0.0,0.0311707138616583,0.0595409871923813,0.4219422212015929
22,57,2f30a42db1b214d2,Pneumothorax,on,0.19904585081551,0.0,0.0469454825438805,0.089678684455585,-0.0620820660794025
23,75,9d40b4647d175c1d,Pneumothorax,off,0.1760107987466436,0.0,0.0,0.0,-0.5353199805903351
23,75,9d40b4647d175c1d,Pneumothorax,on,0.1760107987466436,0.0,0.0,0.0,-0.4793148577050597
24,294,796252c659a6d63b,Pneumothorax,off,0.2094255125262537,0.0,0.0071983411961775,0.0142165223021763,0.0139058557640485
24,294,796252c659a6d63b,Pneumothorax,on,0.2094255125262537,0.0,0.0015099316007381,0.0030152344231033,-0.4842103641986411
25,236,308f2b9dd5d34af9,Pneumothorax,off,0.1947283013902899,0.0,0.0044788504834006,0.008881075938851,0.3490684835356468
25,236,308f2b9dd5d34af9,Pneumothorax,on,0.1947283013902899,0.0,0.0064138842425132,0.0127458672215991,-0.0983984936416449
26,13,b43760d8864b67dc,Pneumothorax,off,0.2187477157434615,0.0,0.0,0.0,-0.5942714575916652
26,13,b43760d8864b67dc,Pneumothorax,on,0.2187477157434615,0.0,0.0,0.0,-0.5510554583433029
27,215,61d50fd13c3afc43,Pneumothorax,off,0.1933151080118318,0.0,0.0002273149965902,0.0004541138587293,0.2223409482866088
27,215,61d50fd13c3afc43,Pneumothorax,on,0.1933151080118318,0.0,0.0,0.0,-0.5019889462238721
28,147,6b63c94e8cfd8324,Pneumothorax,off,0.1735791315195727,0.0,0.0087969361619824,0.0171737464159434,0.1118673972890476
28,147,6b63c94e8cfd8324,Pneumothorax,on,0.1735791315195727,0.0,0.0160514712745783,0.0315936293190116,-0.2516311155469414
29,301,8392c5876fbbed46,Pneumothorax,off,0.2155022440536233,0.0,0.0,0.0,-0.5786841313625449
29,301,8392c5876fbbed46,Pneumothorax,on,0.2155022440536233,0.0,0.0,0.0,-0.5427658150863088
30,153,8374c5eceb0bdd93,Pneumonia,off,0.1909955216389144,0.0,0.1101604013203005,0.1984297333818289,1.427343114923882
30,153,8374c5eceb0bdd93,Pneumonia,on,0.1909955216389144,0.0,0.113770514252806,0.2042978791566723,1.2711008384828018
31,152,d854ccc3473ae1c9,Pneumonia,off,0.1909955216389144,0.0,0.092948772540695,0.1681739770011722,1.0323033423095471
31,152,d854ccc3473ae1c9,Pneumonia,on,0.1909955216389144,0.0,0.1255456715888626,0.2230822989683508,0.6634952816506543
32,429,2d400ff20632a25f,Pneumothorax,off,0.211116471499788,0.0,0.0042389976433669,0.0083788454374019,0.0691867729014439
32,429,2d400ff20632a25f,Pneumothorax,on,0.211116471499788,0.0,0.0,0.0,-0.5407686134403147
33,204,e96c049804f0df2f,Pneumothorax,off,0.2015165026875039,0.0,0.0,0.0,-0.3775309324503239
33,204,e96c049804f0df2f,Pneumothorax,on,0.2015165026875039,0.0,0.0,0.0,-0.5166312956749236
34,124,767135fe43de9223,Pneumonia,off,0.1792952550814048,0.0,0.0,0.0,0.151252393882722
34,124,767135fe43de9223,Pneumonia,on,0.1792952550814048,0.0,0.0003570926708805,0.0007139004771102,-0.4592335275578038
35,169,1cff8384b9f1223b,Pneumonia,off,0.201818633685657,1.0,0.1743368626408674,0.2969029512447504,0.7659901639200336
35,169,1cff8384b9f1223b,Pneumonia,on,0.201818633685657,1.0,0.1740388297608588,0.2964788013807126,0.4919617192552239
36,170,a6a7caa06b6c0b26,Pneumonia,off,0.201818633685657,0.0,0.1550999797926723,0.2665315957754262,0.6646119026479904
36,170,a6a7caa06b6c0b26,Pneumonia,on,0.201818633685657,0.0,0.1651110183190115,0.2834226428078187,0.3195284644662252
37,326,de9f6d015fd908b7,Pneumonia,off,0.1808254023946318,1.0,0.2331454208113987,0.3759373261688881,1.034837186704237
37,326,de9f6d015fd908b7,Pneumonia,on,0.1808254023946318,1.0,0.2848364539149745,0.4433782732910399,0.6698801401736283
38,33,7bc33684e2eedab2,Pneumonia,off,0.1947575398739821,0.0,0.2389676826877056,0.3855118465764338,1.2732144863120496
38,33,7bc33684e2eedab2,Pneumonia,on,0.1947575398739821,0.0,0.2536955379985148,0.404716292477457,0.9497132184925162
39,345,f7e574ed970b6fa4,Pneumonia,off,0.164598043945441,0.0,0.2749437997745876,0.4289747030704592,1.8170478630093791
39,345,f7e574ed970b6fa4,Pneumonia,on,0.164598043945441,0.0,0.3246323609547951,0.4901441644445135,2.070917468856515
40,307,5b973b2a2b5d74e1,Pneumothorax,off,0.2096740396376377,1.0,0.118836895943118,0.2122536532358791,0.7721719829090147
40,307,5b973b2a2b5d74e1,Pneumothorax,on,0.2096740396376377,1.0,0.1185830748842875,0.2120233705868,0.3993679147500054
41,162,aef22881da576d57,Pneumonia,off,0.1928229268696792,1.0,0.2262199613561391,0.3648303448890418,0.92538054463678
41,162,aef22881da576d57,Pneumonia,on,0.1928229268696792,1.0,0.288187314208317,0.4474233329695471,0.5048460996864562
42,165,781f704802f75a3c,Pneumonia,off,0.177297292029102,1.0,0.1595005328426307,0.2750687172386626,0.9130301540529157
42,165,781f704802f75a3c,Pneumonia,on,0.177297292029102,1.0,0.1608833808448971,0.2771736559690245,0.6901392005270299
43,250,d8d641a44a6f4ff4,Pneumonia,off,0.2018283798468878,1.0,0.1758753110562819,0.2989808140791989,0.6616988823956212
43,250,d8d641a44a6f4ff4,Pneumonia,on,0.2018283798468878,1.0,0.1809389534049613,0.3064320602265858,0.3855170338848618
44,251,7145c5e140005d8c,Pneumothorax,off,0.2079246036967189,0.0,0.0,0.0,0.0062024306171857
44,251,7145c5e140005d8c,Pneumothorax,on,0.2079246036967189,0.0,0.0,0.0,-0.5307145593435937
45,353,d44232b5d5172511,Pneumonia,off,0.1873991881447694,1.0,0.362093180793533,0.5292989871115235,1.5734112379352958
45,353,d44232b5d5172511,Pneumonia,on,0.1873991881447694,1.0,0.4572653670688553,0.6275608810188553,1.1339385833634676
46,293,4f55b0639e04180f,Pneumonia,off,0.1986462582050495,0.0,0.2087611067013234,0.3453525557370184,1.5955922030762324
46,293,4f55b0639e04180f,Pneumonia,on,0.1986462582050495,0.0,0.2083892372256301,0.3449036669811803,1.4045612297489738
47,247,ac0638d531d07d35,Pneumonia,off,0.2092793201077925,0.0,0.2896466360059367,0.4489296913093932,1.234636547805203
47,247,ac0638d531d07d35,Pneumonia,on,0.2092793201077925,0.0,0.2899629474717615,0.4495670552726262,0.8226776266437044
48,380,1840d844a60aab1f,Pneumothorax,off,0.1961366216881326,0.0,0.0,0.0,-0.681813524428552
48,380,1840d844a60aab1f,Pneumothorax,on,0.1961366216881326,0.0,0.0,0.0,-0.5088349603505707
49,214,d70bd304d57bf5ad,Pneumothorax,off,0.1913220180401444,0.0,0.0,0.0,0.0123274925380048
49,214,d70bd304d57bf5ad,Pneumothorax,on,0.1913220180401444,0.0,0.0,0.0,-0.5046410456903216
50,101,005caf71e328e791,Pneumothorax,off,0.1729066463946513,0.0,0.0,0.0,-0.5629231614515072
50,101,005caf71e328e791,Pneumothorax,on,0.1729066463946513,0.0,0.0,0.0,-0.4760269142935343
51,370,1be3d80fc96adf0b,Pneumothorax,off,0.2092452085434849,0.0,0.0,0.0,-0.4384334753208116
51,370,1be3d80fc96adf0b,Pneumothorax,on,0.2092452085434849,0.0,0.0,0.0,-0.5348499204337542
52,315,c33da9bc26f0918b,Pneumothorax,off,0.1849187901115448,0.0,0.0,0.0,-0.0097208433116862
52,315,c33da9bc26f0918b,Pneumothorax,on,0.1849187901115448,0.0,0.0,0.0,-0.4923862946079113
53,119,fce19ecb366cd804,Pneumothorax,off,0.1794755590641736,0.0,0.0,0.0,0.5309785383318921
53,119,fce19ecb366cd804,Pneumothorax,on,0.1794755590641736,0.0,0.0,0.0,-0.4791394594629913
54,180,e9021db9e47370af,Pneumothorax,off,0.2015652334936576,1.0,0.2442569179662019,0.3923407983112877,0.8695297671547539
54,180,e9021db9e47370af,Pneumothorax,on,0.2015652334936576,1.0,0.2438094043212471,0.3920360846298386,0.5204144654773432
55,29,0561f662526d7d95,Pneumonia,off,0.1961073832044403,0.0,0.0854933984905639,0.1564392788038852,0.6539541107302076
55,29,0561f662526d7d95,Pneumonia,on,0.1961073832044403,0.0,0.1156925669550056,0.2073899364826765,0.2966089516566965
56,25,ec993e4f0023f70c,Pneumonia,off,0.1698463517681973,1.0,0.3543387715933314,0.523207667108873,1.5533425495164823
56,25,ec993e4f0023f70c,Pneumonia,on,0.1698463517681973,1.0,0.3397130467558608,0.5071414815416975,1.2246679520170118
57,26,e4f5c835b82b6a0a,Pneumonia,off,0.1698463517681973,0.0,0.0002286294932046,0.000456736868815,0.2597330402747089
57,26,e4f5c835b82b6a0a,Pneumonia,on,0.1698463517681973,0.0,0.0064603684325414,0.0128365781343729,-0.3245135972728842
58,302,8d4f655ab28f5771,Pneumothorax,off,0.1954738827244419,0.0,0.0579800279845841,0.1090636319006539,0.4445176289128749
58,302,8d4f655ab28f5771,Pneumothorax,on,0.1954738827244419,0.0,0.0586514471758911,0.1108029205039348,0.1100687665892863
59,9,97992e6c1c70eb7a,Pneumonia,off,0.1921455686641424,0.0,0.0901007029032662,0.1647890327759735,0.9622455181798976
59,9,97992e6c1c70eb7a,Pneumonia,on,0.1921455686641424,0.0,0.1009099161354269,0.1833200220540265,0.6019915730335111
60,433,538b8f9490cbc12f,Pneumothorax,off,0.2079587152610265,0.0,0.0566220490364701,0.1051326084044581,0.2193653449029777
60,433,538b8f9490cbc12f,Pneumothorax,on,0.2079587152610265,0.0,0.0766529400016064,0.1423894969213856,-0.0116811242455658
61,61,e8b3fb4529ac1ed6,Pneumonia,off,0.1875843652081536,0.0,0.1606536869562524,0.276729731377271,1.298491836799173
61,61,e8b3fb4529ac1ed6,Pneumonia,on,0.1875843652081536,0.0,0.1691313420799983,0.2893281773013414,1.0135936848417084
62,127,731d6cd9a8a29ce2,Pneumonia,off,0.1766832838715651,1.0,0.3123541150056032,0.4709613883977979,1.366211867051475
62,127,731d6cd9a8a29ce2,Pneumonia,on,0.1766832838715651,1.0,0.3818464469291685,0.552644905993861,0.7653253323513868
63,126,bc970cf63214290c,Pneumothorax,off,0.1965069758149009,0.0,0.0038036748796347,0.007523464844414,0.2010662194935125
63,126,bc970cf63214290c,Pneumothorax,on,0.1965069758149009,0.0,4.437246244980365e-06,8.874295602786528e-06,-0.4973109853448111
64,328,2d6e3f681ea5bbaf,Pneumonia,off,0.1713813721620396,1.0,0.2752889300492963,0.4316774184303115,1.812731156925321
64,328,2d6e3f681ea5bbaf,Pneumonia,on,0.1713813721620396,1.0,0.2537735679149582,0.404814808665274,1.74535575372794
65,355,724402cd96172832,Pneumonia,off,0.1741346627097252,0.0,0.1827111697832955,0.3040091562236151,1.037436830983154
65,355,724402cd96172832,Pneumonia,on,0.1741346627097252,0.0,0.3242522834181375,0.4897071660769055,0.6462675496161677
66,176,2866eb95dd89335c,Pneumothorax,off,0.1969942838764381,0.0,0.0912211996864222,0.1647638707093135,0.4408326064456284
66,176,2866eb95dd89335c,Pneumothorax,on,0.1969942838764381,0.0,0.0837431466388289,0.1545394977889163,0.00411541070468
67,281,235e3976089eb09b,Pneumonia,off,0.1712644182272707,1.0,0.3177306613106668,0.4768306339679308,1.4584446726327027
67,281,235e3976089eb09b,Pneumonia,on,0.1712644182272707,1.0,0.4613972649916945,0.6314442065664492,1.0889124017383591
68,194,22d968a4cf24a2ef,Pneumonia,off,0.202354672553348,0.0,0.208401888939219,0.3448791304974115,1.4152366784924664
68,194,22d968a4cf24a2ef,Pneumonia,on,0.202354672553348,0.0,0.2128852070671731,0.3510392773097978,1.1113610009388633
69,377,b3cf935ab991f9c3,Pneumothorax,off,0.2057512097422627,0.0,0.0,0.0,-0.5704990190336607
69,377,b3cf935ab991f9c3,Pneumothorax,on,0.2057512097422627,0.0,0.0,0.0,-0.5232877944389288
70,330,2869d91524dd1960,Pneumonia,off,0.1735742584389573,1.0,0.3672392745760159,0.5341726384053985,1.6085336036738256
70,330,2869d91524dd1960,Pneumonia,on,0.1735742584389573,1.0,0.4433679678494361,0.614351940916921,1.1860473622617351
71,270,78f06abe92b60498,Pneumothorax,off,0.1613428260943721,0.0,0.0,0.0,-0.3940151602340441
71,270,78f06abe92b60498,Pneumothorax,on,0.1613428260943721,0.0,0.0,0.0,-0.4564831154372581
72,109,b20274fc29ca9b68,Pneumonia,off,0.1963315449127474,1.0,0.3475753042769809,0.5158418275122838,1.6032397367053486
72,109,b20274fc29ca9b68,Pneumonia,on,0.1963315449127474,1.0,0.3452086728549126,0.5132417523315377,1.205940242742941
73,110,c987ef8a69ec7d0c,Pneumonia,off,0.1963315449127474,0.0,0.0484083429526529,0.0912078513505259,0.5488279891422123
73,110,c987ef8a69ec7d0c,Pneumonia,on,0.1963315449127474,0.0,0.0665689955764836,0.1248268020991738,0.2103398079134101
74,181,b2cd57f216938986,Pneumonia,off,0.1907616137693766,0.0,0.3104446858211818,0.4726778227428661,1.6109058230881337
74,181,b2cd57f216938986,Pneumonia,on,0.1907616137693766,0.0,0.3435404590660175,0.5113957061657164,1.3592431126772366
75,297,8293af30dcb2b692,Pneumothorax,off,0.2056001442431862,0.0,0.0243094775510775,0.0469049531158933,0.3410928629403086
75,297,8293af30dcb2b692,Pneumothorax,on,0.2056001442431862,0.0,0.0227788307067816,0.0445415761199654,-0.1743774422391135
76,296,159c7db7f927dc98,Pneumonia,off,0.2020720338776564,0.0,0.138224133842011,0.2425236823438113,0.8964875004511599
76,296,159c7db7f927dc98,Pneumonia,on,0.2020720338776564,0.0,0.143752608017424,0.2513695356623232,0.5308794680700625
77,229,9412b8e65f6f6840,Pneumonia,off,0.1713082759528091,1.0,0.2429724620936915,0.387871046463516,1.2133298205010457
77,229,9412b8e65f6f6840,Pneumonia,on,0.1713082759528091,1.0,0.3596907015571352,0.5290510170989882,0.7390043988140031
78,327,fbc302de04f21e52,Pneumonia,off,0.1902743057078393,0.0,0.1339743241402483,0.235231317799199,1.0540463581905246
78,327,fbc302de04f21e52,Pneumonia,on,0.1902743057078393,0.0,0.1695934825056905,0.2900033089309905,0.6820104130716607
79,319,790472400a863083,Pneumonia,off,0.168993562660507,0.0,0.2097163798991635,0.3459216363492544,1.3219169049036654
79,319,790472400a863083,Pneumonia,on,0.168993562660507,0.0,0.2416900438076573,0.389292014028255,1.0025116903624531
80,68,818b471b2f6a5f3e,Pneumothorax,off,0.2116427642062482,0.0,0.0142286908821636,0.0278015330525379,0.2758355573272748
80,68,818b471b2f6a5f3e,Pneumothorax,on,0.2116427642062482,0.0,0.0004345586048554,0.000868645906184,-0.4925091579330512
81,308,dfaedb6f55819466,Pneumonia,off,0.1926718613706026,0.0,0.0839088447127391,0.1544730289292187,0.4322794935574132
81,308,dfaedb6f55819466,Pneumonia,on,0.1926718613706026,0.0,0.0910789629122933,0.1669515138755258,0.2298265398937091
82,389,022cf70a01eb4a97,Pneumothorax,off,0.218231169198232,1.0,0.3423494417283385,0.5096864350179235,1.0958474553900857
82,389,022cf70a01eb4a97,Pneumothorax,on,0.218231169198232,1.0,0.3353263284887575,0.502238621732179,0.8165797114552303
83,202,95ba87c7792a6caa,Pneumonia,off,0.2077540458751809,1.0,0.1712388618541403,0.2924032619939757,0.7492700400664692
83,202,95ba87c7792a6caa,Pneumonia,on,0.2077540458751809,1.0,0.1698926366335958,0.2904413328926723,0.393050900240676
84,65,1a59056f0e47b4b4,Pneumothorax,off,0.2068184143970293,0.0,0.0112451546094,0.0219427819535048,0.5835493590601853
84,65,1a59056f0e47b4b4,Pneumothorax,on,0.2068184143970293,0.0,0.0059374690808233,0.0118037106087048,-0.2705394667670352
85,15,b63a0f6302a22e69,Pneumothorax,off,0.2032561924671919,0.0,0.0,0.0,-0.2338034072500687
85,15,b63a0f6302a22e69,Pneumothorax,on,0.2032561924671919,0.0,0.0,0.0,-0.5256687470169005
86,187,99c15493b7dcd579,Pneumonia,off,0.1789492663577133,1.0,0.3113796780645556,0.4748360378552851,1.1843005368356536
86,187,99c15493b7dcd579,Pneumonia,on,0.1789492663577133,1.0,0.3037075066900263,0.4659125361890867,0.9045168063073168
87,142,3a1726fd39c92115,Pneumonia,off,0.1814150451490919,1.0,0.3752929787838723,0.5455727825953348,1.6322909140326296
87,142,3a1726fd39c92115,Pneumonia,on,0.1814150451490919,1.0,0.3610164044988321,0.5305074612839799,1.3033829032830042
88,350,868b49c7c091d006,Pneumonia,off,0.1897918707269174,1.0,0.303434909968162,0.4641501680193436,1.0202302240004235
88,350,868b49c7c091d006,Pneumonia,on,0.1897918707269174,1.0,0.3366252025833028,0.5036915692770043,0.6285787636779373
89,417,2cae18047a4fd0de,Pneumothorax,off,0.192754703741064,0.0,0.0209061964519834,0.0399017190782103,-0.0081465365784659
89,417,2cae18047a4fd0de,Pneumothorax,on,0.192754703741064,0.0,0.0252778362519236,0.0491534007069208,-0.3336895222308683
90,192,d3b1c0df71d64c6e,Pneumothorax,off,0.1871262956303086,0.0,0.0012141345830614,0.0024136168874562,0.4269187324360546
90,192,d3b1c0df71d64c6e,Pneumothorax,on,0.1871262956303086,0.0,0.0,0.0,-0.4763757444154655
91,163,ff6c0b345508b50e,Pneumonia,off,0.18936791271338,1.0,0.2005152983474866,0.3322121888694625,0.6450830321129557
91,163,ff6c0b345508b50e,Pneumonia,on,0.18936791271338,1.0,0.2122225114157264,0.3501303742711622,0.2633299038630255
92,35,9ef65ccd2ea2538e,Pneumothorax,off,0.1442675516181064,1.0,0.3027302410388673,0.4594017196360178,1.0958396056409418
92,35,9ef65ccd2ea2538e,Pneumothorax,on,0.1442675516181064,1.0,0.4341604707093243,0.6054527842646411,0.8680066653259041
93,36,25e07c942bb51e7b,Pneumonia,off,0.2059315137250315,1.0,0.2647890187434839,0.4174246387026416,1.0277948764185738
93,36,25e07c942bb51e7b,Pneumonia,on,0.2059315137250315,1.0,0.2627901206037013,0.4162027520600052,0.5370125956695926
94,226,0abf7661fc925447,Pneumonia,off,0.201438533397658,0.0,0.2337257547250484,0.3788474422314319,1.524822064126436
94,226,0abf7661fc925447,Pneumonia,on,0.201438533397658,0.0,0.2371239892299014,0.383347158704087,1.2313168614859875
95,150,791e671c4f33e5f0,Pneumothorax,off,0.1943530741829062,0.0,0.0,0.0,0.2478472102744497
95,150,791e671c4f33e5f0,Pneumothorax,on,0.1943530741829062,0.0,0.0,0.0,-0.5041901878125858
96,222,077ba979b42b2e06,Pneumonia,off,0.2014726449619656,0.0,0.2495686321527322,0.3979489580350089,1.0308062079012414
96,222,077ba979b42b2e06,Pneumonia,on,0.2014726449619656,0.0,0.2785460041155495,0.4357205597962585,0.6350770372339989
97,367,e392c9fcacb26e80,Pneumonia,off,0.1676047346851259,0.0,0.1264611498033255,0.2238507631681441,1.074450102630915
97,367,e392c9fcacb26e80,Pneumonia,on,0.1676047346851259,0.0,0.1955106510519252,0.3270710649281653,0.6949245598424862
98,14,dc0b7cc379d0fccd,Pneumonia,off,0.2035534503847297,1.0,0.1531216104367856,0.2655168281031766,1.024479772104537
98,14,dc0b7cc379d0fccd,Pneumonia,on,0.2035534503847297,1.0,0.1527020751471881,0.2649460993986639,0.6107580313722695
99,453,6a7ae10cef5405cd,Pneumothorax,off,0.2024180226013479,0.0,0.0,0.0,-0.0443219368667022
99,453,6a7ae10cef5405cd,Pneumothorax,on,0.2024180226013479,0.0,0.0,0.0,-0.5174813087970993
100,340,df9d2cb9cfb59860,Pneumothorax,off,0.2032415732253458,0.0,0.023606556117539,0.0456255733727364,0.2028569370329336
100,340,df9d2cb9cfb59860,Pneumothorax,on,0.2032415732253458,0.0,0.0260112681953264,0.0507022374035046,-0.2107771179175981
101,322,892a1f178fe73ab6,Pneumonia,off,0.179114951098636,0.0,0.3313992445208457,0.4933815471993014,1.264210256402765
101,322,892a1f178fe73ab6,Pneumonia,on,0.179114951098636,0.0,0.4223740817798478,0.5938967061773772,0.8635290882733904
102,146,0abcdb1524aed62c,Pneumonia,off,0.1775750576241782,0.0,0.2476454212947248,0.3947927356913335,1.2632550426434832
102,146,0abcdb1524aed62c,Pneumonia,on,0.1775750576241782,0.0,0.3107210569197925,0.4741209209272741,0.9068546246661005
103,196,9cd672e6f6df4fad,Pneumothorax,off,0.1960050485115175,0.0,0.0,0.0,-0.8308210556575355
103,196,9cd672e6f6df4fad,Pneumothorax,on,0.1960050485115175,0.0,0.0,0.0,-0.5101840114905254
104,269,8f693755259e29e4,Pneumothorax,off,0.1929788654493711,1.0,0.2375067585102561,0.3832027079586114,0.5806303116647172
104,269,8f693755259e29e4,Pneumothorax,on,0.1929788654493711,1.0,0.2521160813945488,0.4027032799479397,0.4113707180573601
105,273,3baee050c883a811,Pneumonia,off,0.2109166751945577,0.0,0.1972531958936327,0.3293776326456686,1.0676129061200357
105,273,3baee050c883a811,Pneumonia,on,0.2109166751945577,0.0,0.2001122398167878,0.3334888991358484,0.7132547370525507
106,362,530e2b83ccfd49fe,Pneumothorax,off,0.1722633997534221,0.0,0.0,0.0,-0.578236392604845
106,362,530e2b83ccfd49fe,Pneumothorax,on,0.1722633997534221,0.0,0.0,0.0,-0.478735519138408
107,364,179927b58fab7ee0,Pneumothorax,off,0.2031489846936537,0.0,0.0,0.0,-0.6300894475663286
107,364,179927b58fab7ee0,Pneumothorax,on,0.2031489846936537,0.0,0.0,0.0,-0.5234865665264996
108,374,8fc340074e3658f5,Pneumonia,off,0.1835689467810866,1.0,0.2419324917906226,0.3895989697930875,1.586579324711443
108,374,8fc340074e3658f5,Pneumonia,on,0.1835689467810866,1.0,0.2380852373978189,0.3846019238167935,1.3148341904467284
109,311,7a80693a8ceb051b,Pneumothorax,off,0.2009609714973514,0.0,0.0348857426942057,0.0671414784100466,0.2860258800373201
109,311,7a80693a8ceb051b,Pneumothorax,on,0.2009609714973514,0.0,0.0340441618627228,0.0658459235380468,-0.0526498895150489
110,235,6209aa50dc0a8a4a,Pneumonia,off,0.1914877027810671,1.0,0.4322469597961605,0.6028801827609791,1.6413256880475884
110,235,6209aa50dc0a8a4a,Pneumonia,on,0.1914877027810671,1.0,0.4015736674283282,0.5730317162732208,1.2191355124942689
111,272,2588627431774c44,Pneumothorax,off,0.1884956312832283,0.0,0.0,0.0,0.1401516480384356
111,272,2588627431774c44,Pneumothorax,on,0.1884956312832283,0.0,0.0,0.0,-0.4972100698309708
112,313,8e5a6f1a03e3ba73,Pneumothorax,off,0.1749971979786461,0.0,0.076592367045662,0.1414863563191006,0.5408437569225788
112,313,8e5a6f1a03e3ba73,Pneumothorax,on,0.1749971979786461,0.0,0.0993374509384628,0.1807223570741941,0.3241808056083323
113,106,54bd710f5acd0e34,Pneumonia,off,0.2097666281693298,1.0,0.2164524052919739,0.3558678866192993,1.3496831838541503
113,106,54bd710f5acd0e34,Pneumonia,on,0.2097666281693298,1.0,0.2193319506126244,0.3597575389141813,0.9781395777190778
114,136,b7a475c159e17b96,Pneumothorax,off,0.180148044189095,0.0,0.0,0.0,-0.0104175931629008
114,136,b7a475c159e17b96,Pneumothorax,on,0.180148044189095,0.0,0.0,0.0,-0.4851107125414273
115,129,025d0c502d76dbd1,Pneumothorax,off,0.1969309338284383,0.0,0.0,0.0,-0.5131816015970891
115,129,025d0c502d76dbd1,Pneumothorax,on,0.1969309338284383,0.0,0.0,0.0,-0.516716126617924
116,171,de0f216f69af3aa4,Pneumonia,off,0.18374437768324,1.0,0.518900460905544,0.6811766056492946,2.001577173968272
116,171,de0f216f69af3aa4,Pneumonia,on,0.18374437768324,1.0,0.5926985056420705,0.7442678379808264,1.640600996085546
117,49,b2b99029ccdf9b1a,Pneumothorax,off,0.1838613316180089,0.0,0.040824527394677,0.0780784582352409,0.4931223897879347
117,49,b2b99029ccdf9b1a,Pneumothorax,on,0.1838613316180089,0.0,0.0454369009955047,0.0869234896090364,0.1656624955288909
118,117,0f16ab8a0a186e36,Pneumonia,off,0.1748071478346466,1.0,0.3639560409793382,0.5320430626420309,1.6185294923703033
118,117,0f16ab8a0a186e36,Pneumonia,on,0.1748071478346466,1.0,0.2923455142193736,0.4524147109081182,1.3625868552960234
119,193,db5f9901a838ad41,Pneumonia,off,0.2112675369988645,0.0,0.1589069779400392,0.2742103320908183,0.6411341369839229
119,193,db5f9901a838ad41,Pneumonia,on,0.2112675369988645,0.0,0.1581958376839518,0.2731762248155929,0.3991721859247512
120,19,89a55b0c6e16ccee,Pneumothorax,off,0.1788225662617136,0.0,0.0043648132408015,0.0086019689064499,-0.058558414000106
120,19,89a55b0c6e16ccee,Pneumothorax,on,0.1788225662617136,0.0,0.0075752289806632,0.0150354144395112,-0.4381658755822403
121,18,68d594554781daaf,Pneumothorax,off,0.1788225662617136,0.0,0.0113849348958513,0.0222477276046107,0.0148964064515784
121,18,68d594554781daaf,Pneumothorax,on,0.1788225662617136,0.0,0.0222253710717492,0.0434830335929846,-0.2628284523411759
122,363,bf3a47063dba61d7,Pneumothorax,off,0.2025203572942707,0.0,0.0164815043352539,0.032125403306749,0.0021370554921576
122,363,bf3a47063dba61d7,Pneumothorax,on,0.2025203572942707,0.0,0.0222991702771326,0.0436246742871591,-0.2829978351726847
123,31,03100f6839353a88,Pneumonia,off,0.1861760449103109,0.0,0.1113383574411369,0.2002255579841023,0.9231306915161208
123,31,03100f6839353a88,Pneumonia,on,0.1861760449103109,0.0,0.1206519515117701,0.2153245508707678,0.6033658788822333
124,30,d3484e6204746059,Pneumonia,off,0.1861760449103109,1.0,0.3005069191332758,0.4615014758155951,1.8469094483962936
124,30,d3484e6204746059,Pneumonia,on,0.1861760449103109,1.0,0.2701080030610445,0.4253294365726413,1.557435320109989
125,397,f65b542b3dc69a6a,Pneumothorax,off,0.2103757632462513,0.0,0.0750453854651064,0.1394071731211128,0.8710850536362583
125,397,f65b542b3dc69a6a,Pneumothorax,on,0.2103757632462513,0.0,0.0677142153254016,0.1268385957045419,0.4284342415529846
126,338,d4643b9bd661e0f1,Pneumonia,off,0.184280416550931,0.0,0.1698760145425961,0.2903872636457056,1.7162160115063485
126,338,d4643b9bd661e0f1,Pneumonia,on,0.184280416550931,0.0,0.1678645222789161,0.2874721165903235,1.7804859925515588
127,255,90debafa186291f2,Pneumothorax,off,0.2103124131982515,0.0,0.175286779846461,0.2979504467887732,1.2406157872579042
127,255,90debafa186291f2,Pneumothorax,on,0.2103124131982515,0.0,0.168215919438574,0.2879872160479282,0.8562563645225548
128,256,d500d2d19615d254,Pneumothorax,off,0.2103124131982515,0.0,0.0,0.0,-0.4981347206976645
128,256,d500d2d19615d254,Pneumothorax,on,0.2103124131982515,0.0,0.0,0.0,-0.5329995236645008
129,284,ad5c2e4baa04ebef,Pneumonia,off,0.2077004419884118,1.0,0.3343756554769727,0.5010486157749725,1.5856363081035303
129,284,ad5c2e4baa04ebef,Pneumonia,on,0.2077004419884118,1.0,0.3456757320192841,0.5137577909340567,1.2845042812447045
130,329,a13a3c52d890e41c,Pneumonia,off,0.1919408992782967,0.0,0.1269190598001035,0.2242572816797871,0.6628195957712835
130,329,a13a3c52d890e41c,Pneumonia,on,0.1919408992782967,0.0,0.1516802764748479,0.2634017941182659,0.2689769391590867
131,98,56da5643e7a2b4a6,Pneumothorax,off,0.2370558796154164,0.0,0.0013515201542865,0.0026919047037934,-0.043466328929036
131,98,56da5643e7a2b4a6,Pneumothorax,on,0.2370558796154164,0.0,0.0,0.0,-0.5773432821227511
132,208,6ecfeeee8a984695,Pneumonia,off,0.1750166903011076,0.0,0.2088771127602898,0.3442115648078521,1.0222520059739049
132,208,6ecfeeee8a984695,Pneumonia,on,0.1750166903011076,0.0,0.2638940632275159,0.4175885276063823,0.7508473193180675
133,292,439f83b97f776b7e,Pneumonia,off,0.1730528388131124,0.0,0.1518595034083793,0.2633097523116107,1.2983582726613847
133,292,439f83b97f776b7e,Pneumonia,on,0.1730528388131124,0.0,0.1732013546658714,0.2952627865624342,0.9908596737354558
134,233,99dd658ed527a4a3,Pneumonia,off,0.1856448791232353,0.0,0.3297501130557786,0.4911814719587826,1.3754097435898225
134,233,99dd658ed527a4a3,Pneumonia,on,0.1856448791232353,0.0,0.4339610778371338,0.6052550497335848,0.8694594514441637
135,178,67064801bb33c533,Pneumothorax,off,0.2042405547514972,0.0,0.0246971136224548,0.0477925354272013,0.8815580197712916
135,178,67064801bb33c533,Pneumothorax,on,0.2042405547514972,0.0,0.0239461551654436,0.0467712502552189,0.2971865170978162
136,90,b39ee401f01fc11c,Pneumothorax,off,0.1939534815724456,0.0,0.0,0.0,-0.1396534844134301
136,90,b39ee401f01fc11c,Pneumothorax,on,0.1939534815724456,0.0,0.0,0.0,-0.5046369496548353
137,423,0b407bb0207960fa,Pneumothorax,off,0.1904692289324542,0.0,0.0010336643328661,0.0020570875391386,0.0137657594139464
137,423,0b407bb0207960fa,Pneumothorax,on,0.1904692289324542,0.0,0.0037149674953923,0.0074021125732082,-0.4029729545489033
138,268,b1a4805d5709bd1f,Pneumothorax,off,0.1838662046986243,0.0,0.0007196212519726,0.0014340825226434,0.2100531784603047
138,268,b1a4805d5709bd1f,Pneumothorax,on,0.1838662046986243,0.0,7.157821583854876e-05,0.0001431272723906,-0.4660401129599537
139,444,c97c679d5ab523d8,Pneumothorax,off,0.1963851487995166,0.0,0.1236938718504935,0.2197402393752672,0.4592790344987661
139,444,c97c679d5ab523d8,Pneumothorax,on,0.1963851487995166,0.0,0.1392066648511162,0.2443916020177925,0.2324819436373473
140,414,8b08482972e09a3c,Pneumonia,off,0.1944700281176751,1.0,0.2718307438685747,0.4273358476805099,1.672806308550318
140,414,8b08482972e09a3c,Pneumonia,on,0.1944700281176751,1.0,0.262128939088557,0.4153753890526429,1.3787906117474376
141,415,75725f616cc29fbf,Pneumonia,off,0.1944700281176751,0.0,0.0067765497572399,0.0133300947639042,0.4621736796110455
141,415,75725f616cc29fbf,Pneumonia,on,0.1944700281176751,0.0,0.0126551704556358,0.024993111307678,-0.1481558139669372
142,372,afe0b97320465cbb,Pneumonia,off,0.2000691977447383,0.0,0.1483254147751358,0.2582860888144602,1.4677796344180416
142,372,afe0b97320465cbb,Pneumonia,on,0.2000691977447383,0.0,0.1464614180168661,0.2555015965680621,1.1658624931131074
143,78,30032890ee6eaef2,Pneumothorax,off,0.2043964933311891,0.0,0.0733421021461216,0.1365413404129121,0.3013214820806909
143,78,30032890ee6eaef2,Pneumothorax,on,0.2043964933311891,0.0,0.0745356230541003,0.1387306504501061,0.0988689211153624
144,46,40849f8f4588d1e3,Pneumonia,off,0.1831742272512414,1.0,0.4133571257324025,0.5831113510353815,1.872575963935707
144,46,40849f8f4588d1e3,Pneumonia,on,0.1831742272512414,1.0,0.3455198647668577,0.5135785690399078,1.6692187265447378
145,96,857b3bc9b7ac72d7,Pneumothorax,off,0.2327432032708117,0.0,0.0212983496602387,0.0415346501899148,0.1638522223434174
145,96,857b3bc9b7ac72d7,Pneumothorax,on,0.2327432032708117,0.0,0.0042853637680952,0.0085335104076436,-0.4231306356367266
146,454,358aad16166fb6c3,Pneumothorax,off,0.1929447538850635,0.0,0.0047111907508965,0.0092814591054255,0.1526978722574757
146,454,358aad16166fb6c3,Pneumothorax,on,0.1929447538850635,0.0,0.0057866246115552,0.0115056737973425,-0.3674833368477068
147,274,3ca26b9b28c3dc4d,Pneumonia,off,0.1931640425127553,0.0,0.2914982895942709,0.4506691134231763,1.5083261897622624
147,274,3ca26b9b28c3dc4d,Pneumonia,on,0.1931640425127553,0.0,0.3162170855681959,0.4804934863372255,1.2400507370616334
148,324,1a2e21229d1c588a,Pneumothorax,off,0.1653972291663621,0.0,0.0,0.0,0.0850074699783425
148,324,1a2e21229d1c588a,Pneumothorax,on,0.1653972291663621,0.0,0.0,0.0,-0.4594553507850646
149,184,b41834be3e29c44f,Pneumothorax,off,0.180357586655556,0.0,0.0121084961549531,0.0236161735844557,0.3855492838693878
149,184,b41834be3e29c44f,Pneumothorax,on,0.180357586655556,0.0,0.0252635276105424,0.0492808997886672,-0.0688609264002426
150,20,366f1766916dfa75,Pneumothorax,off,0.2080366845508725,0.0,0.0,0.0,-0.5474416092736616
150,20,366f1766916dfa75,Pneumothorax,on,0.2080366845508725,0.0,0.0,0.0,-0.5332990849781076
151,361,b1c8137ad484eac1,Pneumonia,off,0.1835104698137021,1.0,0.3564582609697105,0.5254196386757661,1.3833122573521222
151,361,b1c8137ad484eac1,Pneumonia,on,0.1835104698137021,1.0,0.3407587946529943,0.5083064557347863,0.9664808631455252
152,401,c46bd3cf28d24372,Pneumothorax,off,0.2209259827785331,0.0,0.0366143073897417,0.0704003250456817,0.0025986232379992
152,401,c46bd3cf28d24372,Pneumothorax,on,0.2209259827785331,0.0,0.0166286708843134,0.0327124662563499,-0.329541948306048
153,400,c4ab7b3220d45f3d,Pneumonia,off,0.2208918712142255,1.0,0.1654408638688804,0.2838781487532264,0.8179756407643191
153,400,c4ab7b3220d45f3d,Pneumonia,on,0.2208918712142255,1.0,0.1693344455995885,0.2896253244287498,0.5501814080724546
154,351,cee781693007010c,Pneumonia,off,0.1726483731220365,1.0,0.3657648108145528,0.5355600503592248,2.0137907187140494
154,351,cee781693007010c,Pneumonia,on,0.1726483731220365,1.0,0.3523376267167218,0.521076283651625,2.023716761651265
155,332,8c9146cd6f056c49,Pneumonia,off,0.1647734748475944,1.0,0.2874183521483169,0.4457195354319648,1.798213069312011
155,332,8c9146cd6f056c49,Pneumonia,on,0.1647734748475944,1.0,0.2062831593345611,0.3420126755549527,1.5192761313022076
156,418,16feb1569a29f5a0,Pneumothorax,off,0.1754455213952604,0.0,0.0021649381052158,0.0042990963866444,0.135935118123168
156,418,16feb1569a29f5a0,Pneumothorax,on,0.1754455213952604,0.0,0.0111648485110943,0.0220824992168099,-0.296719848787388
157,103,a640eeb65f3ac9d2,Pneumothorax,off,0.1652997675540546,1.0,0.2215161486761688,0.3594235346880725,2.616524465875482
157,103,a640eeb65f3ac9d2,Pneumothorax,on,0.1652997675540546,1.0,0.1323000645798981,0.2336794095783569,2.4744588538449395
158,139,1a868aa2c2a7ab1b,Pneumonia,off,0.1831449887675491,1.0,0.4168758401760757,0.5770504098726296,2.6600592725566776
158,139,1a868aa2c2a7ab1b,Pneumonia,on,0.1831449887675491,1.0,0.2510297981713091,0.4013071637652707,2.504160807455976
159,42,6a382312bfef556a,Pneumothorax,off,0.1572055806519207,1.0,0.5548923516099654,0.7128154787285643,1.7895577352346947
159,42,6a382312bfef556a,Pneumothorax,on,0.1572055806519207,1.0,0.5800040503176328,0.7341756465428886,1.775759524954967
160,246,ac9879b3bcc1d5b9,Pneumothorax,off,0.1909711562358376,1.0,0.2531371784086939,0.4039911904391756,0.719042169480746
160,246,ac9879b3bcc1d5b9,Pneumothorax,on,0.1909711562358376,1.0,0.2558747602431971,0.4074844117887533,0.5213529904626294
161,166,07f6d43ff7442163,Pneumonia,off,0.2071838954431823,1.0,0.1619829696439245,0.2787576994251973,0.924541232274878
161,166,07f6d43ff7442163,Pneumonia,on,0.2071838954431823,1.0,0.1625481761175738,0.2796410628955322,0.504992392286989
162,195,94310590493db21b,Pneumothorax,off,0.1917362298924511,0.0,0.0,0.0,-0.6291560899091067
162,195,94310590493db21b,Pneumothorax,on,0.1917362298924511,0.0,0.0,0.0,-0.5096718347568487
163,262,421b40d76dc65ae9,Pneumothorax,off,0.1942117548450604,1.0,0.2397826865526313,0.385880866640442,0.7920237503271561
163,262,421b40d76dc65ae9,Pneumothorax,on,0.1942117548450604,1.0,0.2682856598413323,0.423066599679931,0.4428075413675654
164,342,9981e0f0e8d3ad3b,Pneumonia,off,0.1852257941903133,0.0,0.1057346369632854,0.1912283400912936,1.4014405780538193
164,342,9981e0f0e8d3ad3b,Pneumonia,on,0.1852257941903133,0.0,0.1079894651029368,0.1949286779975607,1.1707334367870164
165,199,5db9065ecfba6f94,Pneumonia,off,0.1792026665497127,0.0,0.1542848569189149,0.2654558714896196,0.7648713269168036
165,199,5db9065ecfba6f94,Pneumonia,on,0.1792026665497127,0.0,0.2125267841184207,0.3505489481505218,0.452587150151802
166,177,c1d43e09d7d9bec7,Pneumonia,off,0.2024716264881169,1.0,0.2392589748593611,0.3852145160715312,0.8524827477734602
166,177,c1d43e09d7d9bec7,Pneumonia,on,0.2024716264881169,1.0,0.2492184485801949,0.3989971222943476,0.4755003544457917
167,74,a95e5c78f29d3c6f,Pneumothorax,off,0.1816538260992451,0.0,0.0,0.0,-0.6390267396857737
167,74,a95e5c78f29d3c6f,Pneumothorax,on,0.1816538260992451,0.0,0.0,0.0,-0.4870302146660278
168,73,6376c511055a284e,Pneumonia,off,0.1804306828647866,1.0,0.3246130757087933,0.4898259556842148,1.6244984426364355
168,73,6376c511055a284e,Pneumonia,on,0.1804306828647866,1.0,0.2896123816759084,0.4491448336704885,1.2712982008363924
169,72,b94add6384c3c56b,Pneumonia,off,0.1804306828647866,0.0,0.0630190291510485,0.1127868655157105,1.1646840033506636
169,72,b94add6384c3c56b,Pneumonia,on,0.1804306828647866,0.0,0.1892244574262535,0.3182263797441537,0.8233598867419639
170,240,04541ecb15f3ec4a,Pneumonia,off,0.1984318426579731,1.0,0.3178576294490193,0.4823769443106694,1.4402828695486003
170,240,04541ecb15f3ec4a,Pneumonia,on,0.1984318426579731,1.0,0.3197117119997573,0.484517473533513,1.019808816417911
171,254,36e588acb178eced,Pneumothorax,off,0.192886276917679,1.0,0.185264855459323,0.3117022815264918,1.1852101848715757
171,254,36e588acb178eced,Pneumothorax,on,0.192886276917679,1.0,0.1784027038170817,0.3027855814447563,0.9396049085759648
172,320,75bba632288ce1d3,Pneumonia,off,0.1930860732229093,1.0,0.3268139310736003,0.4925929244809562,1.6809842046173953
172,320,75bba632288ce1d3,Pneumonia,on,0.1930860732229093,1.0,0.3189315069607356,0.4836209158068373,1.2685121890290136
173,128,48d3207f19c2ee8f,Pneumonia,off,0.1852111749484671,0.0,0.1036672483541235,0.1877977677589154,0.4209430839892816
173,128,48d3207f19c2ee8f,Pneumonia,on,0.1852111749484671,0.0,0.1044304616567551,0.189111876534391,0.2726597587752972
174,93,8bfe346954ca2a54,Pneumothorax,off,0.2073934379096433,0.0,0.0070913707754647,0.0139821765727331,0.0442337347844622
174,93,8bfe346954ca2a54,Pneumothorax,on,0.2073934379096433,0.0,0.0020755118531894,0.0041422046736896,-0.4664248484028356
175,190,18ade169c0e38f1b,Pneumonia,off,0.1959709369472099,1.0,0.2044733464065072,0.3379970153515684,0.7077262523448485
175,190,18ade169c0e38f1b,Pneumonia,on,0.1959709369472099,1.0,0.1957161954654823,0.3273383206435018,0.572911902305209
176,191,b6743168ef9bbb93,Pneumonia,off,0.1959709369472099,0.0,0.0003251984008592,0.0006493409784794,0.0106055926075424
176,191,b6743168ef9bbb93,Pneumonia,on,0.1959709369472099,0.0,0.0,0.0,-0.5267385211413479
177,435,8065b42d7d8e8e46,Pneumothorax,off,0.1831157502838569,0.0,0.0,0.0,0.1484226722470252
177,435,8065b42d7d8e8e46,Pneumothorax,on,0.1831157502838569,0.0,0.0,0.0,-0.4890366466288172
178,132,b3b7784bd1c963b0,Pneumonia,off,0.1877695422715378,0.0,0.3528668728391089,0.518924660468479,1.5436303650868348
178,132,b3b7784bd1c963b0,Pneumonia,on,0.1877695422715378,0.0,0.4225052366900953,0.5940283950089208,1.206449131901836
179,442,ba6337453bd8fbe2,Pneumothorax,off,0.1937293198641385,0.0,0.0,0.0,-0.5285883447390436
179,442,ba6337453bd8fbe2,Pneumothorax,on,0.1937293198641385,0.0,0.0,0.0,-0.509111759075221
180,198,2cf513fbcdcd7d1d,Pneumonia,off,0.1899331900647632,0.0,0.105087723581598,0.1898677930983688,0.915287003150592
180,198,2cf513fbcdcd7d1d,Pneumonia,on,0.1899331900647632,0.0,0.1212055296396041,0.2162052826677332,0.5820571926610841
181,107,c5ba0875d8eeea25,Pneumonia,off,0.1899819208709169,1.0,0.2842306586402022,0.4425062351821491,1.1556977841933105
181,107,c5ba0875d8eeea25,Pneumonia,on,0.1899819208709169,1.0,0.2975165913498242,0.4585937493316556,0.7597650165133417
182,108,61aef6e6626a971f,Pneumonia,off,0.1899819208709169,0.0,0.0133124210746011,0.0260052442312333,0.2231936712851762
182,108,61aef6e6626a971f,Pneumonia,on,0.1899819208709169,0.0,0.0283736186868111,0.0551806534748187,-0.1091932786727002
183,416,a9e2cbe7c06e2ec5,Pneumothorax,off,0.1971112378112071,0.0,0.0011413112593101,0.0022718161116395,-0.1154396007938711
183,416,a9e2cbe7c06e2ec5,Pneumothorax,on,0.1971112378112071,0.0,0.0,0.0,-0.5172738849580802
184,404,52ccf86e7ccceedc,Pneumothorax,off,0.1572396922162283,0.0,0.0025448839229681,0.0050376680433576,-0.0492054142053486
184,404,52ccf86e7ccceedc,Pneumothorax,on,0.1572396922162283,0.0,0.020089845942849,0.0393849755803839,-0.3531061708580408
185,278,edde383473e98087,Pneumothorax,off,0.2088943467391781,0.0,0.1223298511612891,0.2175701215348041,0.391982625285972
185,278,edde383473e98087,Pneumothorax,on,0.2088943467391781,0.0,0.125413661627514,0.2228749022903089,0.2456132635170915
186,263,7c7dd650c6019dc0,Pneumothorax,off,0.2006685866604291,0.0,0.0018697386179478,0.0037100351961708,-0.1667968268710934
186,263,7c7dd650c6019dc0,Pneumothorax,on,0.2006685866604291,0.0,0.0,0.0,-0.5508843545881369
187,223,d48d2e3b0dc01ccf,Pneumonia,off,0.2054831903084172,1.0,0.2425922914445021,0.3904592709813727,1.0075859657421349
187,223,d48d2e3b0dc01ccf,Pneumonia,on,0.2054831903084172,1.0,0.243222780354252,0.3912778494040662,0.6197294662315412
188,344,3b0617fc4bf3f405,Pneumonia,off,0.2047229897324191,0.0,0.0340981404769877,0.0645404242106488,0.4483756769107528
188,344,3b0617fc4bf3f405,Pneumonia,on,0.2047229897324191,0.0,0.0457112348546758,0.0874231897213961,-0.03250098093944
189,343,f74f3a36930f15e4,Pneumonia,off,0.2047229897324191,1.0,0.321560732799396,0.4857638479452218,1.29492813506725
189,343,f74f3a36930f15e4,Pneumonia,on,0.2047229897324191,1.0,0.3080025632123636,0.4709504659534884,0.9355012423767984
190,334,121f00b6460da473,Pneumonia,off,0.1895287243736873,0.0,0.0409400663925934,0.0748978547466608,0.9609214090996032
190,334,121f00b6460da473,Pneumonia,on,0.1895287243736873,0.0,0.1203991527573455,0.2149205466243918,0.6145021224949874
191,289,c47ec9ec3990eaf3,Pneumonia,off,0.2131144345520908,1.0,0.3047258480864748,0.4670877798436324,1.354555911009775
191,289,c47ec9ec3990eaf3,Pneumonia,on,0.2131144345520908,1.0,0.3020047524396706,0.4639072711045479,0.92717194019412
192,288,d7bb30eed043ee33,Pneumonia,off,0.2131144345520908,0.0,0.1121653032329456,0.2009722598102208,0.7889373717886278
192,288,d7bb30eed043ee33,Pneumonia,on,0.2131144345520908,0.0,0.1207579430911876,0.2154921282607248,0.3560497082895639
193,431,9f93ab8d1df09a76,Pneumothorax,off,0.2163550331613135,0.0,0.0160507391484756,0.0312715749795943,-0.0876474735440913
193,431,9f93ab8d1df09a76,Pneumothorax,on,0.2163550331613135,0.0,0.0001649062601642,0.0003296930636332,-0.5356008758261958
194,430,14db6ee01e29879b,Pneumothorax,off,0.2163550331613135,0.0,0.0793464593677176,0.1464232058675084,1.3639262014159692
194,430,14db6ee01e29879b,Pneumothorax,on,0.2163550331613135,0.0,0.1013468620134019,0.1840381183594452,2.057869424344352
195,45,d81040617f1c56b9,Pneumothorax,off,0.1909419177521453,0.0,0.0262000443476786,0.0503348542217215,0.3849335115817962
195,45,d81040617f1c56b9,Pneumothorax,on,0.1909419177521453,0.0,0.0346337324705493,0.0669468988788833,-0.0610911629044776
196,206,1cf185c35f8ce322,Pneumothorax,off,0.1985390504315113,0.0,0.0424455503948849,0.0812748395602238,0.3031273288443286
196,206,1cf185c35f8ce322,Pneumothorax,on,0.1985390504315113,0.0,0.0093834172259792,0.0185908824481812,-0.2807569636052249
197,207,fe64161a616d5561,Pneumonia,off,0.2056781135330321,1.0,0.1854852363241897,0.3115776493917471,0.316449002217633
197,207,fe64161a616d5561,Pneumonia,on,0.2056781135330321,1.0,0.1391711589807906,0.2443342348330216,0.0739648538532522
198,398,c3a8a9bbdf1983ae,Pneumothorax,off,0.1916192759576821,0.0,0.0,0.0,0.0610889283306655
198,398,c3a8a9bbdf1983ae,Pneumothorax,on,0.1916192759576821,0.0,0.0,0.0,-0.5076796470983387
199,67,8bcac9f76ba883ad,Pneumothorax,off,0.1707624909238873,0.0,0.0,0.0,-0.2538979001199122
199,67,8bcac9f76ba883ad,Pneumothorax,on,0.1707624909238873,0.0,0.0,0.0,-0.4754683700083248
200,100,5ba3a4ec085622eb,Pneumothorax,off,0.1867461953423095,0.0,0.0,0.0,-0.4079672897238408
200,100,5ba3a4ec085622eb,Pneumothorax,on,0.1867461953423095,0.0,0.0,0.0,-0.4960109275355185
201,412,6adfce3be1051462,Pneumothorax,off,0.1937341929447538,0.0,0.0,0.0,-0.5737624525844882
201,412,6adfce3be1051462,Pneumothorax,on,0.1937341929447538,0.0,0.0,0.0,-0.5157568831785428
202,407,2d2ee9d090034632,Pneumothorax,off,0.1929203884819866,0.0,0.0,0.0,-0.4405468895418087
202,407,2d2ee9d090034632,Pneumothorax,on,0.1929203884819866,0.0,0.0,0.0,-0.5047622506830362
203,138,b6372b688f2df234,Pneumothorax,off,0.2041625854616512,0.0,0.1090830851818565,0.1961942236054398,1.4542446242536502
203,138,b6372b688f2df234,Pneumothorax,on,0.2041625854616512,0.0,0.1382555996982983,0.242924142454975,1.3808553712341478
204,137,b1e72898c89b15bd,Pneumonia,off,0.1983831118518193,0.0,0.1530325422757049,0.265298658837067,0.6109710801188488
204,137,b1e72898c89b15bd,Pneumonia,on,0.1983831118518193,0.0,0.1567067087565235,0.2709529360509898,0.3574401026826383
205,238,b346774a4dbee0ea,Pneumonia,off,0.1926962267736795,0.0,0.2317884051498274,0.3763047209011905,1.331780372369404
205,238,b346774a4dbee0ea,Pneumonia,on,0.1926962267736795,0.0,0.2381188570403917,0.3846460803841222,1.026071463481481
206,426,4120f29e59ccdaf6,Pneumothorax,off,0.2129097651662451,0.0,0.0,0.0,-0.3848871820609508
206,426,4120f29e59ccdaf6,Pneumothorax,on,0.2129097651662451,0.0,0.0,0.0,-0.5423754566833321
207,427,db25433da7613cdf,Pneumothorax,off,0.2129097651662451,1.0,0.0689720881871746,0.128643706754356,1.7350984648587329
207,427,db25433da7613cdf,Pneumothorax,on,0.2129097651662451,1.0,0.0679449031950019,0.1272438196122914,1.8882760950199613
208,280,96d3da5e8964b6d6,Pneumothorax,off,0.1997037166985853,1.0,0.1389164324089661,0.243932497629916,0.461691974742938
208,280,96d3da5e8964b6d6,Pneumothorax,on,0.1997037166985853,1.0,0.1363885213361367,0.240038528762919,0.2932417268967905
209,378,b4acace0017c25d0,Pneumonia,off,0.16778991174851,0.0,0.123860521882619,0.2203675906112909,1.1012169276344952
209,378,b4acace0017c25d0,Pneumonia,on,0.16778991174851,0.0,0.1203845946967844,0.2148984618391495,0.8220123969008557
210,396,7d354e4232c4250f,Pneumonia,off,0.2153463054739314,1.0,0.3710429319904966,0.540211206742676,1.155155911527724
210,396,7d354e4232c4250f,Pneumonia,on,0.2153463054739314,1.0,0.3838052629319162,0.554707405756789,0.7512106546768959
211,69,53d456a7677f9d60,Pneumothorax,off,0.1803770789780175,0.0,0.0,0.0,-0.0252168187315028
211,69,53d456a7677f9d60,Pneumothorax,on,0.1803770789780175,0.0,0.0,0.0,-0.4913847907434818
212,125,80eec41176dc56fd,Pneumothorax,off,0.1697488901558898,0.0,0.0,0.0,-0.091786838067805
212,125,80eec41176dc56fd,Pneumothorax,on,0.1697488901558898,0.0,0.0,0.0,-0.473406580521353
213,16,b193933781c53116,Pneumothorax,off,0.1910247601226067,0.0,0.0,0.0,-0.4044685400225419
213,16,b193933781c53116,Pneumothorax,on,0.1910247601226067,0.0,0.0,0.0,-0.5035940020273193
214,325,a5bdd073b780ec4a,Pneumonia,off,0.1732575081989581,1.0,0.2186775570750734,0.3588154652481454,1.3804373741660787
214,325,a5bdd073b780ec4a,Pneumonia,on,0.1732575081989581,1.0,0.2005712275177632,0.3341254077960848,1.0481052665798023
215,11,175d85705c27b3df,Pneumonia,off,0.1974620996155139,1.0,0.1576198933656463,0.2722403311190877,1.0683194473424575
215,11,175d85705c27b3df,Pneumonia,on,0.1974620996155139,1.0,0.1608571155540817,0.2771349517489976,0.6829727936103024
216,457,b47768dffffa9beb,Pneumothorax,off,0.2170762490923887,0.0,0.0009809554506088,0.0019523351322707,-0.0583710630111459
216,457,b47768dffffa9beb,Pneumothorax,on,0.2170762490923887,0.0,0.0,0.0,-0.5513140475172394
217,413,be051a60e9c8a365,Pneumothorax,off,0.2088699813361012,0.0,0.1103904804800403,0.1980903157864896,0.3033774871405547
217,413,be051a60e9c8a365,Pneumothorax,on,0.2088699813361012,0.0,0.0959307339541463,0.1750650853625585,0.0253514732610924
218,385,7ccf19b06023b219,Pneumothorax,off,0.1987291005755108,0.0,0.0,0.0,-0.4169338982890641
218,385,7ccf19b06023b219,Pneumothorax,on,0.1987291005755108,0.0,0.0,0.0,-0.5249550146815393
219,248,b968112f0bbfbd97,Pneumonia,off,0.2035290849816528,0.0,0.2820319259683793,0.4388750012007841,1.170780086034739
219,248,b968112f0bbfbd97,Pneumonia,on,0.2035290849816528,0.0,0.2958258773586174,0.4565807005903339,0.7440071782123433
220,357,e7127915e33fe1cd,Pneumothorax,off,0.2114722063847102,0.0,0.0,0.0,-0.1508571696856374
220,357,e7127915e33fe1cd,Pneumothorax,on,0.2114722063847102,0.0,0.0,0.0,-0.546888748944325
221,356,04c74a41b993bc82,Pneumothorax,off,0.2114722063847102,0.0,0.0,0.0,-0.5578933613866508
221,356,04c74a41b993bc82,Pneumothorax,on,0.2114722063847102,0.0,0.0,0.0,-0.5444481420883849
222,260,d73038ab9e48f2c0,Pneumonia,off,0.1702508174592732,1.0,0.426208403982171,0.5967952649366544,2.1240299393192155
222,260,d73038ab9e48f2c0,Pneumonia,on,0.1702508174592732,1.0,0.2529970658679594,0.4038136828473425,2.038056272805888
223,32,62eada75bf2837e8,Pneumonia,off,0.1961902255749016,1.0,0.2303048863025295,0.3743767927167069,1.3469001883880438
223,32,62eada75bf2837e8,Pneumonia,on,0.1961902255749016,1.0,0.2341927040688878,0.3795074477305555,1.0011182487255268
224,70,e3504747c728649b,Pneumothorax,off,0.1618593726396015,0.0,0.0,0.0,-0.3090278331109515
224,70,e3504747c728649b,Pneumothorax,on,0.1618593726396015,0.0,0.0,0.0,-0.467591070063171
225,79,8a8c5bb34a6b86f0,Pneumothorax,off,0.1833740235564717,0.0,0.0886807567852042,0.1625301161242092,0.7281059879643492
225,79,8a8c5bb34a6b86f0,Pneumothorax,on,0.1833740235564717,0.0,0.1075778863812651,0.1942573041776672,0.3625904653788587
226,135,8f7cd7675aaf7c8c,Pneumothorax,off,0.1808838793620162,0.0,0.0,0.0,-0.6284334676670686
226,135,8f7cd7675aaf7c8c,Pneumothorax,on,0.1808838793620162,0.0,0.0,0.0,-0.4946857215379416
227,144,ef34d81df7c0b493,Pneumonia,off,0.1876379690949227,1.0,0.2050452044413628,0.3402096225214283,0.8906317417476264
227,144,ef34d81df7c0b493,Pneumonia,on,0.1876379690949227,1.0,0.2110311672335363,0.3485146761555672,0.5727463955091688
228,145,9d58e7f871787719,Pneumonia,off,0.1876379690949227,0.0,0.2330718781930817,0.3749761719191123,1.4817234894791975
228,145,9d58e7f871787719,Pneumonia,on,0.1876379690949227,0.0,0.2789933637207683,0.4362696248361701,1.5193919509161316
229,37,f4555291d75fe507,Pneumothorax,off,0.1243512711430785,1.0,0.4652851459076096,0.6303611846260557,1.8843991791980916
229,37,f4555291d75fe507,Pneumothorax,on,0.1243512711430785,1.0,0.6107930280060444,0.7583755027607497,1.7418439056740709
230,172,9e8b2f979cd78f75,Pneumonia,off,0.180893625523247,1.0,0.2689943209193165,0.4238397304966975,0.9995115384455218
230,172,9e8b2f979cd78f75,Pneumonia,on,0.180893625523247,1.0,0.2649219831295871,0.4188746727448043,0.710532525482236
231,399,2530a1d7ac18389f,Pneumothorax,off,0.2152293515391625,0.0,0.0418221364638591,0.0800713897615491,0.0931921945691296
231,399,2530a1d7ac18389f,Pneumothorax,on,0.2152293515391625,0.0,0.0310755922763712,0.060277530303102,-0.2032896013308565
232,382,c62c43b5231675b0,Pneumothorax,off,0.2045183203465735,0.0,0.0157197083805992,0.0306965437603237,0.1541223295772902
232,382,c62c43b5231675b0,Pneumothorax,on,0.2045183203465735,0.0,0.0185945729965836,0.0365096650722877,-0.1978293978524358
233,394,e1ee24695381078c,Pneumothorax,off,0.1890901471183037,0.0,0.0,0.0,-0.6402381182786051
233,394,e1ee24695381078c,Pneumothorax,on,0.1890901471183037,0.0,0.0,0.0,-0.5068576911915186
234,201,885246ee6a0cbe93,Pneumothorax,off,0.1761228796007972,0.0,0.0,0.0,-0.044013763948883
234,201,885246ee6a0cbe93,Pneumothorax,on,0.1761228796007972,0.0,0.0,0.0,-0.4778529813720767
235,116,0534d639197316e3,Pneumonia,off,0.1868728954383092,0.0,0.2446973366625042,0.3910578189025926,1.020049204733138
235,116,0534d639197316e3,Pneumonia,on,0.1868728954383092,0.0,0.2847144959581939,0.443232093098376,0.712021184684984
236,118,597abd2b1fb4b28c,Pneumonia,off,0.193173788673986,1.0,0.231755473596088,0.3760115998445451,1.351882292000614
236,118,597abd2b1fb4b28c,Pneumonia,on,0.193173788673986,1.0,0.2152518040579122,0.3542499291319404,0.9840433356428308
237,230,e6689043e54e49db,Pneumothorax,off,0.1952984518222885,0.0,0.0070126457100498,0.0137137074261232,-0.1542742624649425
237,230,e6689043e54e49db,Pneumothorax,on,0.1952984518222885,0.0,0.0,0.0,-0.5442248342848671
238,231,87e1e30b9906f02d,Pneumothorax,off,0.1952984518222885,0.0,0.0007095013644257,0.0014139866017353,-0.3768085723625355
238,231,87e1e30b9906f02d,Pneumothorax,on,0.1952984518222885,0.0,0.0,0.0,-0.5403099069330781
239,159,ec1c1b6a957bd691,Pneumonia,off,0.1883445657841517,1.0,0.2590783772209394,0.4072383950895724,1.0386422260715291
239,159,ec1c1b6a957bd691,Pneumonia,on,0.1883445657841517,1.0,0.3354629557572189,0.5023888619550414,0.6846155479066056
240,411,d4c0f96bcd7c42a0,Pneumothorax,off,0.2155899595047,0.0,0.0,0.0,-0.8876822728845009
240,411,d4c0f96bcd7c42a0,Pneumothorax,on,0.2155899595047,0.0,0.0,0.0,-0.5461939167020508
241,91,5a5ab9e7fc7ac9c1,Pneumonia,off,0.1926962267736795,1.0,0.2670621327281627,0.4215002840784425,1.4300342393538004
241,91,5a5ab9e7fc7ac9c1,Pneumonia,on,0.1926962267736795,1.0,0.2733887076968276,0.4293876138532853,1.0614347390187169
242,387,0fc1bd6976bca990,Pneumothorax,off,0.1821849918863207,0.0,0.0001008964259381,0.0002016911023194,0.037694025149218
242,387,0fc1bd6976bca990,Pneumothorax,on,0.1821849918863207,0.0,0.0,0.0,-0.498786812402184
243,71,ef6749004f2f4cc3,Pneumonia,off,0.1745781130457241,0.0,0.1474797541579945,0.2570358650016883,1.3457653777703336
243,71,ef6749004f2f4cc3,Pneumonia,on,0.1745781130457241,0.0,0.1377441064188472,0.2421352644283186,1.0209060046080338
244,160,b49bdd3279bc0b27,Pneumonia,off,0.2234063808117577,0.0,0.2045456560267272,0.3395835705782968,0.9555881652741348
244,160,b49bdd3279bc0b27,Pneumonia,on,0.2234063808117577,0.0,0.2074083982940957,0.3435596338238537,0.6231968271001589
245,156,b6bb19f178bd17d9,Pneumonia,off,0.1896018205829179,1.0,0.367390091739071,0.5353763157355468,1.3581245345002144
245,156,b6bb19f178bd17d9,Pneumonia,on,0.1896018205829179,1.0,0.4275240768869258,0.5989718569181365,0.9037399394874516
246,179,2a8d2dfcfc83516d,Pneumothorax,off,0.1768051108869494,1.0,0.172150366588671,0.2935117928129429,0.8340936765116705
246,179,2a8d2dfcfc83516d,Pneumothorax,on,0.1768051108869494,1.0,0.1913268305175806,0.3211994958542971,0.526993714876516
247,314,edc87ee173bd5f41,Pneumonia,off,0.2083290693877948,1.0,0.2338866048720445,0.3771826452356844,0.5850140824980979
247,314,edc87ee173bd5f41,Pneumonia,on,0.2083290693877948,1.0,0.2388949042342964,0.3856544340379248,0.3059080618913574
248,237,620d12ad6a1b20b4,Pneumonia,off,0.1928765307564483,1.0,0.1751224587238363,0.2980153406414768,1.1561010824040876
248,237,620d12ad6a1b20b4,Pneumonia,on,0.1928765307564483,1.0,0.1796895402338917,0.3046386316218541,0.8166927998213461
249,3,ffb56bf454825a08,Pneumonia,off,0.1970430146825919,0.0,0.1270511126801203,0.2252049935600494,0.6631350965640469
249,3,ffb56bf454825a08,Pneumonia,on,0.1970430146825919,0.0,0.1347922824614123,0.2375624891302221,0.3867998529777348
250,175,6bcddd6d8e8c8a7e,Pneumothorax,off,0.1787299777300215,0.0,0.0,0.0,-0.7302077700421046
250,175,6bcddd6d8e8c8a7e,Pneumothorax,on,0.1787299777300215,0.0,0.0,0.0,-0.5077102640750536
251,216,811bd9a2d86b8853,Pneumonia,off,0.1976229112758212,0.0,0.2956501710251037,0.4549965911755321,1.250333702385556
251,216,811bd9a2d86b8853,Pneumonia,on,0.1976229112758212,0.0,0.3082702146701254,0.4712608620246791,0.7962844135762435
252,17,6dd0d0da8c7f6300,Pneumothorax,off,0.1915607989902977,0.0,0.0369083724167665,0.0705552433366214,0.3668327326707626
252,17,6dd0d0da8c7f6300,Pneumothorax,on,0.1915607989902977,0.0,0.0552111185863701,0.1046438971707973,0.0718753200209192
253,285,598076fbf61dbe60,Pneumonia,off,0.1974669726961293,0.0,0.2271353332626467,0.3675955640387294,1.0982999047862083
253,285,598076fbf61dbe60,Pneumonia,on,0.1974669726961293,0.0,0.2691362697337481,0.4241237845117574,0.8275214093061155
254,241,a670c2be27314d9a,Pneumothorax,off,0.1730820772968047,0.0,0.0,0.0,-0.0711904770506765
254,241,a670c2be27314d9a,Pneumothorax,on,0.1730820772968047,0.0,0.0,0.0,-0.4694490869168735
255,384,7bc902cd7893af5d,Pneumothorax,off,0.2163988908868519,0.0,0.0087657221464397,0.0172648223728648,0.1047352237243904
255,384,7bc902cd7893af5d,Pneumothorax,on,0.2163988908868519,0.0,0.0025058619286264,0.0049988528600016,-0.4532953479079823
256,440,4e0539034217998c,Pneumothorax,off,0.1337758090532091,0.0,0.1076266635861116,0.1941007085828097,0.2776942628776739
256,440,4e0539034217998c,Pneumothorax,on,0.1337758090532091,0.0,0.1210230921444323,0.2159133710303582,0.3072184904278124
257,203,f78528ae0274616b,Pneumonia,off,0.200327471017353,1.0,0.2191817927056936,0.359531392440497,1.320095035190981
257,203,f78528ae0274616b,Pneumonia,on,0.200327471017353,1.0,0.2183512959899501,0.3584371695595983,0.9560694196899464
258,50,0aa92d922a58e312,Pneumothorax,off,0.1898308553718404,0.0,0.0102091949169992,0.0200779571162027,-0.1499746723732986
258,50,0aa92d922a58e312,Pneumothorax,on,0.1898308553718404,0.0,0.005682861427137,0.0113011746789767,-0.4096539561567622
259,375,a94f884b732e3bcd,Pneumothorax,off,0.199123820105356,0.0,0.1311590915413679,0.2318798254971098,0.5038329186480897
259,375,a94f884b732e3bcd,Pneumothorax,on,0.199123820105356,0.0,0.1313643184905353,0.2322228214320564,0.2615563901459138
260,299,5567de030f328352,Pneumothorax,off,0.1953618018702883,0.0,0.0095953039879215,0.0187430705360329,0.2277690318237108
260,299,5567de030f328352,Pneumothorax,on,0.1953618018702883,0.0,0.0139891662110608,0.0275907153982597,-0.2956884637953088
261,300,a9b8cc2d0d94d723,Pneumonia,off,0.1922479033570652,0.0,0.2105585889510466,0.3478413490318713,1.3652333131408076
261,300,a9b8cc2d0d94d723,Pneumonia,on,0.1922479033570652,0.0,0.2167819788993038,0.3563201100231457,1.0371708672161193
262,438,33572e77c0536600,Pneumothorax,off,0.1985585427539727,0.0,0.0010949807495319,0.002178036956369,0.0279376486257636
262,438,33572e77c0536600,Pneumothorax,on,0.1985585427539727,0.0,0.0,0.0,-0.5165217037321598
263,200,c930d55d4bb7581b,Pneumothorax,off,0.1944602819564444,0.0,5.050164972055754e-05,0.0001009778017132,-0.2876053103631493
263,200,c930d55d4bb7581b,Pneumothorax,on,0.1944602819564444,0.0,0.0,0.0,-0.5145811493379843
264,360,12e5aab946d1ee7e,Pneumonia,off,0.1911758256216832,1.0,0.2599139501802631,0.4124282271982887,1.6656547662103434
264,360,12e5aab946d1ee7e,Pneumonia,on,0.1911758256216832,1.0,0.2409254231830641,0.3882983229239696,1.4709986733599534
265,333,b1769427b211c108,Pneumonia,off,0.2261889098431355,0.0,0.3266440927988099,0.4916237341993293,1.024138587124805
265,333,b1769427b211c108,Pneumonia,on,0.2261889098431355,0.0,0.3086967645224368,0.4717571103062975,0.6340524913906151
266,167,0ff3d1e08ba008d3,Pneumonia,off,0.2178413227490022,1.0,0.3410980003903555,0.5086364672615603,1.10461206269684
266,167,0ff3d1e08ba008d3,Pneumonia,on,0.2178413227490022,1.0,0.3376025172311445,0.5047866662708378,0.7289472813925145
267,197,35f82d500ee2a3fd,Pneumonia,off,0.1692713282555833,1.0,0.3172050970878387,0.481262694853069,1.8535434815313852
267,197,35f82d500ee2a3fd,Pneumonia,on,0.1692713282555833,1.0,0.26710800871585,0.4215997790320877,1.6778990930755562
268,266,999591b2d12b3d78,Pneumothorax,off,0.1952351017742886,1.0,0.2117347993363648,0.3482926074796285,0.7403533369745667
268,266,999591b2d12b3d78,Pneumothorax,on,0.1952351017742886,1.0,0.2323480702251275,0.3770792942881116,0.3953623017161916
269,54,d6ee87b326190f6d,Pneumothorax,off,0.1748315132377235,0.0,0.0010212603498055,0.0020321439593571,0.1800336042681063
269,54,d6ee87b326190f6d,Pneumothorax,on,0.1748315132377235,0.0,0.0033462087727139,0.0066694563898348,-0.3605639877253072
270,102,e750eb553f2a9a6e,Pneumothorax,off,0.2034754810948837,0.0,0.0,0.0,-0.3104490218218702
270,102,e750eb553f2a9a6e,Pneumothorax,on,0.2034754810948837,0.0,0.0,0.0,-0.5274114765045773
271,55,ba571a0593f57813,Pneumonia,off,0.1867754338260017,1.0,0.1588659534586854,0.2739983226056611,1.5158210660417388
271,55,ba571a0593f57813,Pneumonia,on,0.1867754338260017,1.0,0.1730329925202186,0.295018050906468,1.402599230317675
272,346,c892bb0055c22cd0,Pneumonia,off,0.1803332212524792,0.0,0.1392429751361703,0.2444279449894635,1.0590705944886372
272,346,c892bb0055c22cd0,Pneumonia,on,0.1803332212524792,0.0,0.145772590942562,0.254452917295919,0.69815078160091
273,84,5f39db396249a1f2,Pneumonia,off,0.1797630708204805,0.0,0.0617545569930121,0.1157702615779461,1.1222704878782024
273,84,5f39db396249a1f2,Pneumonia,on,0.1797630708204805,0.0,0.0844293782894175,0.155711953461277,0.766491915040802
274,265,68cb4910636dcabb,Pneumothorax,off,0.1630435312291371,0.0,0.0,0.0,-0.2564722642158476
274,265,68cb4910636dcabb,Pneumothorax,on,0.1630435312291371,0.0,0.0,0.0,-0.4590626851473272
275,306,49a6faf066875f4a,Pneumothorax,off,0.1664985453854363,0.0,0.0020365331151116,0.0040326238042866,-0.4256980518716097
275,306,49a6faf066875f4a,Pneumothorax,on,0.1664985453854363,0.0,0.0,0.0,-0.5105530907385689
276,305,fa851a693e873d99,Pneumothorax,off,0.1664985453854363,1.0,0.2218617836850417,0.3619041181425953,0.6217356020098675
276,305,fa851a693e873d99,Pneumothorax,on,0.1664985453854363,1.0,0.2328164938655419,0.3776902624492645,0.5357227907495331
277,275,1626d35d84c0d1b3,Pneumonia,off,0.1699584326223508,0.0,0.1222276706536177,0.2175303907373946,1.3140609844986706
277,275,1626d35d84c0d1b3,Pneumonia,on,0.1699584326223508,0.0,0.1446374411439286,0.2527217051763845,1.079281121429197
278,97,d486789ebff1ab61,Pneumothorax,off,0.181678191502322,1.0,0.2468260199155584,0.3958558684848824,0.8452745973587174
278,97,d486789ebff1ab61,Pneumothorax,on,0.181678191502322,1.0,0.2541769056334274,0.40532861153779,0.6562214430221442
279,43,40930f98f262039d,Pneumonia,off,0.2003469633398145,1.0,0.1717179543832372,0.2910202897535104,0.7306182585357308
279,43,40930f98f262039d,Pneumonia,on,0.2003469633398145,1.0,0.1924109703531151,0.3227213392966561,0.3208957077892762
280,318,ced43a28077174f6,Pneumothorax,off,0.1653533714408237,0.0,0.0523182915763178,0.0985607528588844,0.7606683928593777
280,318,ced43a28077174f6,Pneumothorax,on,0.1653533714408237,0.0,0.089981576033921,0.1651062615419395,0.4229594438228908
281,225,9ea7c3106d11cc69,Pneumothorax,off,0.2039335506727287,0.0,0.047679728855192,0.0908638335781929,0.141171713558422
281,225,9ea7c3106d11cc69,Pneumothorax,on,0.2039335506727287,0.0,0.0514330432950837,0.0978339433276727,0.0309024831554258
282,405,96eed73623de6a68,Pneumothorax,off,0.196156114010594,0.0,0.0728693385270088,0.1356593589095275,0.2468773201201467
282,405,96eed73623de6a68,Pneumothorax,on,0.196156114010594,0.0,0.0743657790012834,0.138436239425832,0.0876692475736398
283,40,191a1b3130859e8b,Pneumonia,off,0.181064183344785,0.0,0.0359889498969029,0.0682291421090463,0.045298627268031
283,40,191a1b3130859e8b,Pneumonia,on,0.181064183344785,0.0,0.0555215551886333,0.1051998398481811,-0.178820785126608
284,41,329aca38ff02024a,Pneumonia,off,0.181064183344785,1.0,0.2786312259341382,0.4357337358712305,1.0790710014118263
284,41,329aca38ff02024a,Pneumonia,on,0.181064183344785,1.0,0.2711695673146569,0.4266457083077509,0.7873474074421691
285,185,73562db6efa6210f,Pneumonia,off,0.1862247757164646,1.0,0.2131422236359902,0.3509463023289149,1.6693114416825383
285,185,73562db6efa6210f,Pneumonia,on,0.1862247757164646,1.0,0.1829565836540492,0.3093201538888392,1.3118977522326445
286,77,e288c9756beb2cef,Pneumothorax,off,0.1853914789312359,0.0,0.0,0.0,0.0858700989741784
286,77,e288c9756beb2cef,Pneumothorax,on,0.1853914789312359,0.0,0.0,0.0,-0.4926763192134241
287,337,6688f90e8260bfea,Pneumothorax,off,0.183783362328163,0.0,0.0,0.0,-0.3780592804957017
287,337,6688f90e8260bfea,Pneumothorax,on,0.183783362328163,0.0,0.0,0.0,-0.4860985718888376
288,253,ae0ac7c7b7034072,Pneumothorax,off,0.2150734129594705,0.0,0.0775267832118894,0.1428289463806216,0.7296055145251468
288,253,ae0ac7c7b7034072,Pneumothorax,on,0.2150734129594705,0.0,0.0793350539398984,0.1470049091831202,0.2447055483538028
289,95,1099b54355b5823b,Pneumothorax,off,0.2077637920364116,1.0,0.2349056047642348,0.3799856845030021,0.4545431004712148
289,95,1099b54355b5823b,Pneumothorax,on,0.2077637920364116,1.0,0.2316295033520556,0.3761342331361017,0.2974244994383426
290,112,1032f70bdb2e9251,Pneumothorax,off,0.1808595139589394,0.0,0.009538151612124,0.018661423071551,0.167738695350265
290,112,1032f70bdb2e9251,Pneumothorax,on,0.1808595139589394,0.0,0.0273346894152038,0.0532131362742689,-0.2677813272499726
291,252,423b0dd1b9cc0017,Pneumonia,off,0.1812152488438616,1.0,0.2226857810570114,0.3625604901369755,0.8272065717103655
291,252,423b0dd1b9cc0017,Pneumonia,on,0.1812152488438616,1.0,0.289853944275138,0.449434517875775,0.552277544570597
292,24,e901609118d83284,Pneumonia,off,0.194820889921982,0.0,0.0034567295905859,0.0067959995180142,0.1812144253591128
292,24,e901609118d83284,Pneumonia,on,0.194820889921982,0.0,0.0,0.0,-0.5293092794730673
293,48,4ffb5060113e379b,Pneumothorax,off,0.1878475115613837,0.0,0.0162302393675671,0.0317034980542487,0.3510597170972059
293,48,4ffb5060113e379b,Pneumothorax,on,0.1878475115613837,0.0,0.0297511741493385,0.0577827296324691,-0.0233027094050894
294,331,0ed0789928a2b1d8,Pneumonia,off,0.1722633997534221,1.0,0.1969031105836406,0.3263624697978732,1.122992644156413
294,331,0ed0789928a2b1d8,Pneumonia,on,0.1722633997534221,1.0,0.3456155315233397,0.5136797143779491,0.6527760026779958
295,276,62ad2c96692ed14a,Pneumonia,off,0.1983831118518193,0.0,0.1143252596469456,0.20518766072973,1.376669939033338
295,276,62ad2c96692ed14a,Pneumonia,on,0.1983831118518193,0.0,0.1140427300098915,0.2047365578262683,1.1390966476967022
296,12,a6abcbfc061442d5,Pneumothorax,off,0.1602804945202208,0.0,0.0,0.0,-0.179541083987408
296,12,a6abcbfc061442d5,Pneumothorax,on,0.1602804945202208,0.0,0.0,0.0,-0.4555356224575628
297,449,98bf201558bb09ad,Pneumothorax,off,0.2139428582567041,0.0,0.0,0.0,-0.5484007603789038
297,449,98bf201558bb09ad,Pneumothorax,on,0.2139428582567041,0.0,0.0,0.0,-0.5369014116532564
298,83,e2544b85fe79e487,Pneumothorax,off,0.2029832999527311,0.0,0.0164428663157686,0.0319870443661238,-0.0096465801055563
298,83,e2544b85fe79e487,Pneumothorax,on,0.2029832999527311,0.0,0.0145049518263369,0.0285941357339914,-0.3696192604713664
299,82,0c4238b2f5c4388b,Pneumothorax,off,0.2029832999527311,0.0,0.0,0.0,-0.5899729392943089
299,82,0c4238b2f5c4388b,Pneumothorax,on,0.2029832999527311,0.0,0.0,0.0,-0.5260273846156238
300,63,246bf9a8cfbb0c68,Pneumonia,off,0.1857472138161581,1.0,0.2635405068481012,0.4161570017580184,1.139092595885635
300,63,246bf9a8cfbb0c68,Pneumonia,on,0.1857472138161581,1.0,0.3036142242307963,0.465803123131051,0.7378811995181055
301,62,ba0d34c73de98ddb,Pneumonia,off,0.1857472138161581,0.0,0.0914787839312578,0.1661277210777982,0.7787817835497391
301,62,ba0d34c73de98ddb,Pneumonia,on,0.1857472138161581,0.0,0.1347125724303136,0.2374373454169184,0.3792376300301984
302,271,2e657ea72ea7deff,Pneumothorax,off,0.1870483263404626,0.0,0.0,0.0,-0.0549072391816113
302,271,2e657ea72ea7deff,Pneumothorax,on,0.1870483263404626,0.0,0.0,0.0,-0.4997659466052866
303,227,9e1bcaf497d1a364,Pneumonia,off,0.185601021397697,0.0,0.1324624908519462,0.2335891862632019,0.7229851291372034
303,227,9e1bcaf497d1a364,Pneumonia,on,0.185601021397697,0.0,0.1519245128925531,0.263774592330163,0.4395159891117309
304,111,9a9f1ec1bf6c1e2a,Pneumothorax,off,0.2134994079207052,0.0,0.0182407002275006,0.0342249710272323,0.0790965051968472
304,111,9a9f1ec1bf6c1e2a,Pneumothorax,on,0.2134994079207052,0.0,0.0084346780699637,0.0163242466450086,-0.5577115559477377
305,369,8dbb7830188b30a1,Pneumothorax,off,0.189080400957073,0.0,0.0,0.0,-0.2509850564606711
305,369,8dbb7830188b30a1,Pneumothorax,on,0.189080400957073,0.0,0.0,0.0,-0.4961800930900163
306,368,88b21b07728d1294,Pneumonia,off,0.1798118016266343,0.0,0.2551148455430509,0.4062216115002042,2.0667855840857587
306,368,88b21b07728d1294,Pneumonia,on,0.1798118016266343,0.0,0.2128924253137821,0.3510458522051101,2.258135431989968
307,295,81e0c859cc208433,Pneumonia,off,0.2101467284573288,1.0,0.2559967681238805,0.4064279720165584,0.9590959704129552
307,295,81e0c859cc208433,Pneumonia,on,0.2101467284573288,1.0,0.2648784075638858,0.4188184391899799,0.538666318477302
308,130,7320038e0603d2e2,Pneumothorax,off,0.1848895516278526,0.0,0.0,0.0,-0.4439841963200119
308,130,7320038e0603d2e2,Pneumothorax,on,0.1848895516278526,0.0,0.0,0.0,-0.4919087967355216
309,6,d2d092a91fc0eca9,Pneumothorax,off,0.2196687279797669,0.0,0.0,0.0,-0.2751258023526572
309,6,d2d092a91fc0eca9,Pneumothorax,on,0.2196687279797669,0.0,0.0,0.0,-0.5484761220450347
310,113,3a3bfb40eb6e865c,Pneumothorax,off,0.1805086521546326,0.0,0.0008979176335769,0.0017878874840963,0.0681755825707215
310,113,3a3bfb40eb6e865c,Pneumothorax,on,0.1805086521546326,0.0,0.0028814013438314,0.0057458821056011,-0.4451193766007205
311,115,e059a2b12b2f8a9d,Pneumothorax,off,0.1805086521546326,0.0,0.0,0.0,0.0935278447092056
311,115,e059a2b12b2f8a9d,Pneumothorax,on,0.1805086521546326,0.0,0.0,0.0,-0.4885323581150942
312,114,02d1b5cb5d840174,Pneumothorax,off,0.1805086521546326,0.0,0.0479685309747124,0.0883437253028768,0.6776254590498383
312,114,02d1b5cb5d840174,Pneumothorax,on,0.1805086521546326,0.0,0.1061192231532536,0.1918686285169669,0.2701760315352528
313,85,af1c5742d0805ffb,Pneumothorax,off,0.2114819525459409,0.0,0.0526480715094823,0.0993996644914498,0.3629335510625383
313,85,af1c5742d0805ffb,Pneumothorax,on,0.2114819525459409,0.0,0.0384362954729061,0.0740256349264639,-0.0688356673029543
314,76,2117e37867972f29,Pneumonia,off,0.1947283013902899,1.0,0.3032401502965828,0.4615017844553201,1.0833795733656242
314,76,2117e37867972f29,Pneumonia,on,0.1947283013902899,1.0,0.3777133042821017,0.5483129613885369,0.6722644904375669
315,105,03309e7059c9e1aa,Pneumothorax,off,0.1794268282580198,0.0,0.0,0.0,-0.3750341629516353
315,105,03309e7059c9e1aa,Pneumothorax,on,0.1794268282580198,0.0,0.0,0.0,-0.4831562083698938
316,425,2a5f54f58033adc0,Pneumothorax,off,0.180567129122017,0.0,0.104785911113896,0.1893858256921237,0.4829660417557012
316,425,2a5f54f58033adc0,Pneumothorax,on,0.180567129122017,0.0,0.095886616303717,0.1749936229609487,0.3503632802363762
317,242,adefe62649625a81,Pneumothorax,off,0.2062092793201078,0.0,0.1289178504479542,0.2279458561520763,0.7335198203289265
317,242,adefe62649625a81,Pneumothorax,on,0.2062092793201078,0.0,0.1293037121240533,0.2289962800613341,0.365863153280302
318,243,cb9183bb73f82ec1,Pneumonia,off,0.1989532622838179,1.0,0.3161487091167189,0.4804123429999496,1.4527373589748274
318,243,cb9183bb73f82ec1,Pneumonia,on,0.1989532622838179,1.0,0.3165363987821535,0.4808623514627231,1.0625864253467732
319,92,751bb22cbcb548d1,Pneumothorax,off,0.2192447699662295,0.0,0.0068011479018451,0.0134162960397378,0.1410491129335491
319,92,751bb22cbcb548d1,Pneumothorax,on,0.2192447699662295,0.0,0.0,0.0,-0.5510728145300963
320,56,58c0774016deff7f,Pneumothorax,off,0.1766248069041806,0.0,0.073321612599411,0.1364692085244296,0.4861206376766687
320,56,58c0774016deff7f,Pneumothorax,on,0.1766248069041806,0.0,0.0822630570509587,0.1520202156433633,0.2856742874164946
321,244,e2372b2d3608f078,Pneumothorax,off,0.1827941269632423,0.0,0.0,0.0,-0.3832830330705172
321,244,e2372b2d3608f078,Pneumothorax,on,0.1827941269632423,0.0,0.0,0.0,-0.4926299301429327
322,298,4870c4448aaec7b1,Pneumonia,off,0.181639206857399,0.0,0.0464010558147682,0.0884023999398588,0.9768680275366408
322,298,4870c4448aaec7b1,Pneumonia,on,0.181639206857399,0.0,0.0634210042835963,0.1192769124591813,0.5786692540165589
323,376,5b02f529850ec43a,Pneumonia,off,0.2001130554702766,1.0,0.3194647543025007,0.4840582630879685,1.1893630458788431
323,376,5b02f529850ec43a,Pneumonia,on,0.2001130554702766,1.0,0.3101992442016221,0.47351399072029,0.8689134821698813
324,22,c471fb69beaa4fad,Pneumothorax,off,0.2172126953496191,0.0,0.0261862230443581,0.050791037179742,0.0929259184940039
324,22,c471fb69beaa4fad,Pneumothorax,on,0.2172126953496191,0.0,0.0124890626302471,0.0246694283109912,-0.3158962514114479
325,21,6756182e25db6216,Pneumothorax,off,0.2172126953496191,0.0,0.0027655168138359,0.0054851680872571,-0.0605016620436421
325,21,6756182e25db6216,Pneumothorax,on,0.2172126953496191,0.0,0.0,0.0,-0.5494261769913521
326,88,b717e0e9f48ec793,Pneumonia,off,0.167370826815588,1.0,0.3468101260386059,0.5146592163150434,1.9867991586092384
326,88,b717e0e9f48ec793,Pneumonia,on,0.167370826815588,1.0,0.2804265067566299,0.4380183794549716,1.861126540719721
327,249,089ce8d3c9aa17ec,Pneumothorax,off,0.2098397243785603,0.0,0.0,0.0,0.1217892964879258
327,249,089ce8d3c9aa17ec,Pneumothorax,on,0.2098397243785603,0.0,0.0,0.0,-0.5306684898519449
328,8,b845911f4dc57432,Pneumonia,off,0.1990604700573561,1.0,0.2307643158268378,0.3749732750834497,1.1654892529847722
328,8,b845911f4dc57432,Pneumonia,on,0.1990604700573561,1.0,0.2276776435664185,0.3709076699907799,0.8052427119647635
329,403,779d0f06242503f4,Pneumothorax,off,0.2165597025471592,0.0,0.0,0.0,-0.6129113565517411
329,403,779d0f06242503f4,Pneumothorax,on,0.2165597025471592,0.0,0.0,0.0,-0.5450423404566944
330,402,4bb674f158c41a32,Pneumonia,off,0.2028614729373468,1.0,0.1719756129266437,0.2934484044182017,1.4843586063542882
330,402,4bb674f158c41a32,Pneumonia,on,0.2028614729373468,1.0,0.1748896952265311,0.2977123275146879,1.2144261555420786
331,141,ca20960c58c911d2,Pneumonia,off,0.2093914009619461,1.0,0.2216007919969351,0.3627341434353614,0.9293938320920764
331,141,ca20960c58c911d2,Pneumonia,on,0.2093914009619461,1.0,0.224976773772183,0.3673158757719673,0.6097255207284564
332,174,bd6813023681f3ff,Pneumothorax,off,0.2041625854616512,0.0,0.0,0.0,0.0149393046387482
332,174,bd6813023681f3ff,Pneumothorax,on,0.2041625854616512,0.0,0.0,0.0,-0.5271331444801802
333,239,1d11168139d68001,Pneumonia,off,0.2004249326296605,0.0,0.2390622533184256,0.3858358985240441,1.4323759618827474
333,239,1d11168139d68001,Pneumonia,on,0.2004249326296605,0.0,0.2414075700509239,0.3889254957677093,1.105523376605404
334,282,654c34f32a0119be,Pneumonia,off,0.1978275806616669,0.0,0.1881705881280338,0.3164415345900837,1.168941027716017
334,282,654c34f32a0119be,Pneumonia,on,0.1978275806616669,0.0,0.1952502401841968,0.3267096340088223,0.7609738269671599
335,335,fa2be29d6e38c9f5,Pneumonia,off,0.2033731464019609,1.0,0.2632179653225466,0.4164517032938153,0.9555246105788656
335,335,fa2be29d6e38c9f5,Pneumonia,on,0.2033731464019609,1.0,0.2755527934507483,0.4320522079488681,0.6025489364315985
336,304,bf2ac14fa2df62e6,Pneumothorax,off,0.1986901159305878,0.0,0.1317293306973445,0.2323241286310874,0.7544176315262963
336,304,bf2ac14fa2df62e6,Pneumothorax,on,0.1986901159305878,0.0,0.136770496910829,0.2406290036837384,0.4204241433911644
337,224,adbb1682ee33ffa6,Pneumothorax,off,0.1927790691441408,0.0,0.0,0.0,-0.4308650176564802
337,224,adbb1682ee33ffa6,Pneumothorax,on,0.1927790691441408,0.0,0.0,0.0,-0.4997772573282392
338,94,cb50623d468b9c03,Pneumothorax,off,0.195620075142903,1.0,0.1950672522294143,0.3253389430866392,0.5283495817796856
338,94,cb50623d468b9c03,Pneumothorax,on,0.195620075142903,1.0,0.2104226952680636,0.3476823127830179,0.2716527257756874
339,60,cea6127ed387cbd4,Pneumonia,off,0.1904497366099927,1.0,0.1888286590241663,0.3174689182421114,1.1225882316331597
339,60,cea6127ed387cbd4,Pneumonia,on,0.1904497366099927,1.0,0.2028767318640993,0.3373188449096095,0.7023134948779127
340,59,d70d2b1a08b95126,Pneumonia,off,0.1904497366099927,0.0,0.024573745089657,0.0473773884557148,0.5857308449601203
340,59,d70d2b1a08b95126,Pneumonia,on,0.1904497366099927,0.0,0.0439954972329688,0.0842820593299193,0.1634111937539876
341,51,73425dc64d11db07,Pneumothorax,off,0.198928896880741,0.0,0.0,0.0,-0.5859440020024576
341,51,73425dc64d11db07,Pneumothorax,on,0.198928896880741,0.0,0.0,0.0,-0.5253423478637561
342,81,9a547d8892dea3a6,Pneumothorax,off,0.2001666593570457,0.0,0.000242583968494,0.0004845801800723,-0.2421249358644819
342,81,9a547d8892dea3a6,Pneumothorax,on,0.2001666593570457,0.0,0.0,0.0,-0.5293919683861166
343,161,47cb5b42f2159764,Pneumonia,off,0.2118523066727093,1.0,0.3376222484212077,0.5021714165939727,0.9926641783675744
343,161,47cb5b42f2159764,Pneumonia,on,0.2118523066727093,1.0,0.3197838161338353,0.484594554086906,0.5397350530823191
344,456,4663d942b5ea9757,Pneumothorax,off,0.2356719247206506,0.0,0.048052705296617,0.0904831487480557,0.2601020455852445
344,456,4663d942b5ea9757,Pneumothorax,on,0.2356719247206506,0.0,0.0108253340442432,0.0214164691645056,-0.4464103120994369
345,149,9a3f950f149d0f37,Pneumonia,off,0.185942137040773,1.0,0.1835509318930929,0.3069272427879624,0.7264979095998547
345,149,9a3f950f149d0f37,Pneumonia,on,0.185942137040773,1.0,0.2683656636291068,0.4231624220724452,0.4171521482604006
346,123,72b342a7bd6092eb,Pneumothorax,off,0.1602073983109902,0.0,0.0,0.0,-0.0942234197366897
346,123,72b342a7bd6092eb,Pneumothorax,on,0.1602073983109902,0.0,0.0,0.0,-0.455078894264429
347,257,be37ee4fa4a100ff,Pneumothorax,off,0.188295834977998,0.0,0.0141602661211802,0.0272390898900208,0.2879952628181479
347,257,be37ee4fa4a100ff,Pneumothorax,on,0.188295834977998,0.0,0.0397075971108983,0.0763784037409538,-0.0896233721256956
348,312,b5505e5ca319f34d,Pneumothorax,off,0.1862150295552339,1.0,0.2148785700406101,0.3536032320367662,1.0031347653071956
348,312,b5505e5ca319f34d,Pneumothorax,on,0.1862150295552339,1.0,0.2264938038564044,0.3693353488721779,0.644276043136119
349,131,053e5b78358a568a,Pneumothorax,off,0.1866243683269252,0.0,0.0,0.0,-0.0984547024584297
349,131,053e5b78358a568a,Pneumothorax,on,0.1866243683269252,0.0,0.0,0.0,-0.497258383910803
350,164,be278530fe2c952e,Pneumonia,off,0.1720441111257303,1.0,0.2573697731080383,0.4091052875845821,1.5479988897803765
350,164,be278530fe2c952e,Pneumonia,on,0.1720441111257303,1.0,0.2769140117866803,0.4337237571614059,1.2726387162601325
351,189,36a4c529abcad2c7,Pneumothorax,off,0.1901573517730704,0.0,0.0,0.0,-0.0115439169810346
351,189,36a4c529abcad2c7,Pneumothorax,on,0.1901573517730704,0.0,0.0,0.0,-0.4998129935048624
352,317,e9899fb1ecd89dfc,Pneumonia,off,0.1941337855552144,1.0,0.3866900272561733,0.5529518127804581,2.048702775035856
352,317,e9899fb1ecd89dfc,Pneumonia,on,0.1941337855552144,1.0,0.3004648778946245,0.4620831827087643,1.9304179805271615
353,316,375552a7cb5dab94,Pneumonia,off,0.1941337855552144,0.0,0.1105286577464828,0.1899698272924361,0.952645048193158
353,316,375552a7cb5dab94,Pneumonia,on,0.1941337855552144,0.0,0.1994376681962154,0.3325428133002773,0.5174105832320697
354,395,efd7cf52bf8c2702,Pneumothorax,off,0.2153316862320853,0.0,0.0220146920562124,0.0425533339528717,0.3613811479634992
354,395,efd7cf52bf8c2702,Pneumothorax,on,0.2153316862320853,0.0,0.0117937360546834,0.0233110541442872,-0.2790085175765918
355,182,1fdb91e38cc9a33d,Pneumonia,off,0.1880229424635371,0.0,0.1169915148369964,0.2091395999243912,1.0184956840249608
355,182,1fdb91e38cc9a33d,Pneumonia,on,0.1880229424635371,0.0,0.1282039653204634,0.2272702884785863,0.6703209102813633
356,432,5ecd815629cef624,Pneumothorax,off,0.2057901943871857,0.0,0.0024879955567961,0.0049286297925619,-0.2351269922731723
356,432,5ecd815629cef624,Pneumothorax,on,0.2057901943871857,0.0,0.0,0.0,-0.5453338200402529
357,86,22ff98b072fd30e7,Pneumonia,off,0.206735572026568,0.0,0.1001148811436753,0.1817877128269494,0.5334686367179455
357,86,22ff98b072fd30e7,Pneumonia,on,0.206735572026568,0.0,0.0890651750117731,0.1635625139292292,0.1270372299017107
358,80,65fa96e941804d66,Pneumonia,off,0.1792952550814048,0.0,0.0135271010124699,0.0263961623873732,0.47762460928107
358,80,65fa96e941804d66,Pneumonia,on,0.1792952550814048,0.0,0.0390054971020677,0.0750813362230952,0.0940313847084986
359,348,8c844aa281c46dd8,Pneumonia,off,0.1937585583478307,0.0,0.1466643613218838,0.2555986321480192,1.0162424867073627
359,348,8c844aa281c46dd8,Pneumonia,on,0.1937585583478307,0.0,0.1539873374422066,0.2668784853647735,0.6201348476730686
360,437,1d9fab51249e7082,Pneumothorax,off,0.1892996895847648,0.0,0.0641019316197816,0.1196577915545628,0.9393165788940072
360,437,1d9fab51249e7082,Pneumothorax,on,0.1892996895847648,0.0,0.0788686120001998,0.1462046135109195,0.4665212196853348
361,436,b60a8fdd4ab9eda7,Pneumothorax,off,0.1892996895847648,0.0,3.326887488823737e-05,6.652668343693478e-05,0.1391467041974796
361,436,b60a8fdd4ab9eda7,Pneumothorax,on,0.1892996895847648,0.0,0.0,0.0,-0.4982025243918022
362,5,b6854428fb77d4cc,Pneumothorax,off,0.1877841615133839,0.0,0.0,0.0,-0.1237780893634892
362,5,b6854428fb77d4cc,Pneumothorax,on,0.1877841615133839,0.0,0.0,0.0,-0.5013861361818205
363,441,9dfd111947ef84b1,Pneumothorax,off,0.1632871852599057,0.0,0.0361589239865398,0.0678938981584607,0.213093087638665
363,441,9dfd111947ef84b1,Pneumothorax,on,0.1632871852599057,0.0,0.0809332196782748,0.1497450940023691,0.1143626057887812
364,87,34a2adb99ed3a090,Pneumothorax,off,0.1837687430863168,0.0,0.000124233559091,0.0002483128742215,-0.2686764627202266
364,87,34a2adb99ed3a090,Pneumothorax,on,0.1837687430863168,0.0,0.0,0.0,-0.4957994271830801
365,321,35bd34fcc0fac2f4,Pneumonia,off,0.1848798054666218,0.0,0.1639411451183869,0.2796186019328018,0.8890973564464425
365,321,35bd34fcc0fac2f4,Pneumonia,on,0.1848798054666218,0.0,0.1947515522201433,0.326007515724387,0.4576337834101839
366,188,962712d312f31d26,Pneumonia,off,0.1804550482678635,0.0,0.0496742959205402,0.0936800376733482,0.5671183143353036
366,188,962712d312f31d26,Pneumonia,on,0.1804550482678635,0.0,0.085526670806348,0.1575749089030249,0.2482588218279497
367,39,392da982c2571312,Pneumothorax,off,0.1234205127455423,1.0,0.3545007646657301,0.5115197951914183,1.4192651386302035
367,39,392da982c2571312,Pneumothorax,on,0.1234205127455423,1.0,0.5889151896557786,0.7343440722900455,1.3652952086449657
368,38,2528a87ecbcb8e80,Pneumonia,off,0.1402375139491932,1.0,0.1670597570197508,0.2852141392149264,0.6638845813983546
368,38,2528a87ecbcb8e80,Pneumonia,on,0.1402375139491932,1.0,0.228026313073442,0.371361165499737,0.3880837498446042
369,354,24a6a56c28991f2a,Pneumonia,off,0.2108192135822502,1.0,0.3185986842101868,0.4832372129384475,1.4114251377744709
369,354,24a6a56c28991f2a,Pneumonia,on,0.2108192135822502,1.0,0.3179989446284999,0.4825480956717999,0.9450141042691228
370,218,d0f2019aff34b8f9,Pneumonia,off,0.178408354409407,1.0,0.2175594836533076,0.3564410799268788,1.0841809616495963
370,218,d0f2019aff34b8f9,Pneumonia,on,0.178408354409407,1.0,0.2854207093896992,0.4440874766632551,0.693316785892652
371,261,293489b2b3df5a77,Pneumothorax,off,0.1788469316647905,0.0,0.0,0.0,-0.4630644827737435
371,261,293489b2b3df5a77,Pneumothorax,on,0.1788469316647905,0.0,0.0,0.0,-0.4857301452925291
372,173,5d44fb526b0dd8f4,Pneumothorax,off,0.1979786461607434,0.0,0.001373634218273,0.0027316735185387,0.1365950850633637
372,173,5d44fb526b0dd8f4,Pneumothorax,on,0.1979786461607434,0.0,0.0,0.0,-0.5132884627335315
373,439,6f154ecc10690653,Pneumothorax,off,0.2001228016315074,0.0,0.0057637814731462,0.0113473740140562,-0.410017505533949
373,439,6f154ecc10690653,Pneumothorax,on,0.2001228016315074,0.0,0.0,0.0,-0.5397515355907501
374,339,828eee7606ce796f,Pneumonia,off,0.1992895048462786,1.0,0.1383296299556349,0.239494518292552,0.2347785368952443
374,339,828eee7606ce796f,Pneumonia,on,0.1992895048462786,1.0,0.1173374794881891,0.2100206652038597,-0.0724934073050145
375,245,b95212d56694ca87,Pneumothorax,off,0.2017942682825802,0.0,0.0020460940305416,0.0040650155102334,0.0992878616536882
375,245,b95212d56694ca87,Pneumothorax,on,0.2017942682825802,0.0,0.0002118642785871,0.0004235923564305,-0.5025573523065769
376,210,7118ed64529a1dc7,Pneumonia,off,0.1890755278764576,0.0,0.0922076036990364,0.1676917030812525,1.2323502541146445
376,210,7118ed64529a1dc7,Pneumonia,on,0.1890755278764576,0.0,0.122111026885856,0.2176433884205389,0.9729432884879222
377,209,afc095ddf95dd697,Pneumonia,off,0.1890755278764576,1.0,0.184632729911753,0.3099704571204483,0.988313723899102
377,209,afc095ddf95dd697,Pneumonia,on,0.1890755278764576,1.0,0.226224148842869,0.368973495503226,0.5746049315577969
378,148,cd99854e5dbf77e1,Pneumonia,off,0.2049276591182648,1.0,0.2507006855062534,0.3999823000556169,1.6417024045419903
378,148,cd99854e5dbf77e1,Pneumonia,on,0.2049276591182648,1.0,0.2353279943484615,0.3809948972151326,1.4051250780055178
379,365,dfb3222308242762,Pneumothorax,off,0.1757427793127981,0.0,0.0004308132657568,0.0008600581391152,-0.3111264820686463
379,365,dfb3222308242762,Pneumothorax,on,0.1757427793127981,0.0,0.0,0.0,-0.4893130082948717
380,23,fdefe57d4a82f518,Pneumothorax,off,0.2005565058062755,0.0,0.0,0.0,-0.4667667172692328
380,23,fdefe57d4a82f518,Pneumothorax,on,0.2005565058062755,0.0,0.0,0.0,-0.5307279316340501
381,120,f4a30a69ad17c9f1,Pneumothorax,off,0.16903254730543,0.0,0.0,0.0,0.1227898182783483
381,120,f4a30a69ad17c9f1,Pneumothorax,on,0.16903254730543,0.0,0.0,0.0,-0.4690104168992549
382,53,1988dd7e9ecd3c9b,Pneumothorax,off,0.207232626249336,0.0,0.0,0.0,-0.2440633022811187
382,53,1988dd7e9ecd3c9b,Pneumothorax,on,0.207232626249336,0.0,0.0,0.0,-0.5303674363290528
383,219,aeffa36739cd1fe7,Pneumothorax,off,0.1804647944290942,0.0,0.0162754730220361,0.0318464360916732,0.3972034856898563
383,219,aeffa36739cd1fe7,Pneumothorax,on,0.1804647944290942,0.0,0.0295271377090485,0.0573602980158183,0.0438044559017879
384,217,6e185d6966366df4,Pneumothorax,off,0.1912294295084523,0.0,0.1153441262477107,0.2068286889499342,0.4797829579592634
384,217,6e185d6966366df4,Pneumothorax,on,0.1912294295084523,0.0,0.115201796434344,0.206602600741862,0.2936509391406095
385,291,531b825349b69626,Pneumonia,off,0.172287765156499,0.0,0.0095260570686424,0.0187505303441639,0.5989995488432908
385,291,531b825349b69626,Pneumonia,on,0.172287765156499,0.0,0.0280767308517502,0.0546194142491938,0.177446079295395
386,0,8da0678acd714b9a,Pneumonia,off,0.1789492663577133,0.0,0.3866640883960725,0.5490729706310175,1.4982283941142551
386,0,8da0678acd714b9a,Pneumonia,on,0.1789492663577133,0.0,0.509888168882647,0.6753875655253314,1.1983724594037697
387,428,4adcc53030271f8d,Pneumothorax,off,0.1922235379539883,0.0,0.0214363392842883,0.0416280055499294,0.2202571328245296
387,428,4adcc53030271f8d,Pneumothorax,on,0.1922235379539883,0.0,0.0298139575282675,0.0579007312695908,-0.0918550878794437
388,47,d95c4630fe47b10c,Pneumothorax,off,0.1986267658825879,0.0,0.0720525681421241,0.1341438353039288,0.4366585704778226
388,47,d95c4630fe47b10c,Pneumothorax,on,0.1986267658825879,0.0,0.0814952900259929,0.1507078907586391,0.1178474120653071
389,386,91d6999fc87d4e27,Pneumothorax,off,0.2100492668450214,0.0,0.0024627521755387,0.0048907898511446,0.1716761780721113
389,386,91d6999fc87d4e27,Pneumothorax,on,0.2100492668450214,0.0,0.0,0.0,-0.5327161043872142
390,459,75c72eb210b86249,Pneumothorax,off,0.2321974182418899,0.0,0.0478748654580658,0.0912817340489282,0.3141529596959319
390,459,75c72eb210b86249,Pneumothorax,on,0.2321974182418899,0.0,0.0348596996167524,0.0673702482889159,-0.0434614215470074
391,480,bd80adc504f70e0c,Pneumothorax,off,0.1986511312856648,0.0,0.0257717231279703,0.0495612480509819,0.5147367693500425
391,480,bd80adc504f70e0c,Pneumothorax,on,0.1986511312856648,0.0,0.0212923591308578,0.0416953808293792,-0.1139266038583112
392,505,083150264aaf7e8a,Pneumothorax,off,0.1902401941435317,0.0,0.1516053800053955,0.2629942255414522,0.9132218367744518
392,505,083150264aaf7e8a,Pneumothorax,on,0.1902401941435317,0.0,0.1638938252969424,0.2816296605877016,0.5483431953506984
393,541,4bd35cb23907f01a,Pneumothorax,off,0.1659283949534377,0.0,0.0046989649731524,0.0092524096202534,0.5128860866055958
393,541,4bd35cb23907f01a,Pneumothorax,on,0.1659283949534377,0.0,0.0330233732064611,0.0639341894483028,0.0700362912155259
394,549,5b9725714acf0d0d,Pneumothorax,off,0.1821898649669361,0.0,0.0276801818018913,0.0531387952035977,0.7464805117251363
394,549,5b9725714acf0d0d,Pneumothorax,on,0.1821898649669361,0.0,0.0602720935453007,0.1136902353959538,0.258798104565282
395,594,72f534e34c7697a5,Pneumothorax,off,0.1771949573361792,0.0,0.0522261632534941,0.0989891255951065,1.366024846151792
395,594,72f534e34c7697a5,Pneumothorax,on,0.1771949573361792,0.0,0.0585137025131529,0.1105575193641521,1.4477946283079846
396,604,dbd9a729c36f7908,Pneumothorax,off,0.1795827668377118,0.0,0.0,0.0,-0.5018393492189158
396,604,dbd9a729c36f7908,Pneumothorax,on,0.1795827668377118,0.0,0.0,0.0,-0.481226416874461
397,654,3b135865c9bd3209,Pneumothorax,off,0.1997232090210468,0.0,0.0632804754708087,0.1189293934934647,0.3879253151625233
397,654,3b135865c9bd3209,Pneumothorax,on,0.1997232090210468,0.0,0.0584938896779905,0.1105225413550119,0.1152469528728548
398,676,680cec365dfd5521,Pneumothorax,off,0.1792172857915588,0.0,0.0,0.0,-0.0523443632328388
398,676,680cec365dfd5521,Pneumothorax,on,0.1792172857915588,0.0,0.0,0.0,-0.4802837622448451
399,681,2b05e8dc83f32556,Pneumothorax,off,0.185981121685696,0.0,0.0,0.0,-0.5130603500194442
399,681,2b05e8dc83f32556,Pneumothorax,on,0.185981121685696,0.0,0.0,0.0,-0.5067510037522731
400,685,54b647e0838ab12b,Pneumothorax,off,0.2140793045139346,0.0,0.0,0.0,-0.3769251174413177
400,685,54b647e0838ab12b,Pneumothorax,on,0.2140793045139346,0.0,0.0,0.0,-0.5431574119852212
401,693,ce907c9fb434e83e,Pneumothorax,off,0.1891681164081497,0.0,0.1119435887993143,0.2012686376435747,0.39601221213381
401,693,ce907c9fb434e83e,Pneumothorax,on,0.1891681164081497,0.0,0.1090095098807723,0.1965887409019129,0.2408403697816857
402,694,863b09154d53ef8c,Pneumothorax,off,0.1864538105053872,1.0,0.2089115269853159,0.3455427120913664,0.9379609949332206
402,694,863b09154d53ef8c,Pneumothorax,on,0.1864538105053872,1.0,0.1970774364115639,0.3292641697354709,0.5887131926276379
403,696,dca7b95062e41fc2,Pneumothorax,off,0.1812932181337075,1.0,0.2274599648826079,0.3531202458565609,1.1286705146378473
403,696,dca7b95062e41fc2,Pneumothorax,on,0.1812932181337075,1.0,0.2510145480709748,0.3882278659151449,0.7155742710528522
404,785,cd055a12d0f444bd,Pneumothorax,off,0.2104342402136358,0.0,0.0013383076189617,0.0026646108700743,0.1934919999271927
404,785,cd055a12d0f444bd,Pneumothorax,on,0.2104342402136358,0.0,0.0,0.0,-0.5313923854603687
405,819,486450c9693f6c41,Pneumothorax,off,0.193670842896754,0.0,0.0753671438440679,0.1401111914669036,0.359912332844689
405,819,486450c9693f6c41,Pneumothorax,on,0.193670842896754,0.0,0.0808370229937535,0.1495818819032201,0.0332666328724711
406,822,787ac5e42fd1ee38,Pneumothorax,off,0.1850162517238522,0.0,0.0,0.0,-0.50892180048578
406,822,787ac5e42fd1ee38,Pneumothorax,on,0.1850162517238522,0.0,0.0,0.0,-0.4943949415933841
407,850,515b071541fd8afb,Pneumothorax,off,0.1911563332992217,0.0,0.0,0.0,-0.5600425975686504
407,850,515b071541fd8afb,Pneumothorax,on,0.1911563332992217,0.0,0.0,0.0,-0.5094180213266657
408,866,7f7981c486c13785,Pneumothorax,off,0.1786909930850986,0.0,0.0796523741074981,0.1469641718897474,0.6370083739702227
408,866,7f7981c486c13785,Pneumothorax,on,0.1786909930850986,0.0,0.1013286053394608,0.1840111524584921,0.3623056569377212
409,884,c12602e668a07ed2,Pneumothorax,off,0.2037678659318061,0.0,0.0,0.0,-0.2870523497916686
409,884,c12602e668a07ed2,Pneumothorax,on,0.2037678659318061,0.0,0.0,0.0,-0.5247073269554959
410,889,debf8fe52669bd1f,Pneumothorax,off,0.1839782855527779,0.0,0.0,0.0,-0.3669364279349719
410,889,debf8fe52669bd1f,Pneumothorax,on,0.1839782855527779,0.0,0.0,0.0,-0.4938397829042872
411,916,481cbda5ec11e46c,Pneumothorax,off,0.1975595612278214,0.0,0.0084108712676137,0.0166076767938847,0.594267431077458
411,916,481cbda5ec11e46c,Pneumothorax,on,0.1975595612278214,0.0,0.0137594340550391,0.0271451740998189,0.0555332649087431
412,925,39c315cbbe298bb1,Pneumothorax,off,0.1936416044130618,0.0,0.0037453066536215,0.0074106925311736,0.4675962038802715
412,925,39c315cbbe298bb1,Pneumothorax,on,0.1936416044130618,0.0,0.0111808204002419,0.0221138895324849,-0.0990311813776988
413,940,193ba2b929433519,Pneumothorax,off,0.2096642934764069,0.0,0.1041589109732529,0.1886568770811539,0.9305962663379446
413,940,193ba2b929433519,Pneumothorax,on,0.2096642934764069,0.0,0.105072532665179,0.1901639995248152,0.5810943450952996
414,981,f15cb57b356991a4,Pneumothorax,off,0.1676680847331257,0.0,0.0,0.0,-0.6794149706856657
414,981,f15cb57b356991a4,Pneumothorax,on,0.1676680847331257,0.0,0.0,0.0,-0.4725299760748881
415,988,009742263c8e7733,Pneumothorax,off,0.1848067092573912,0.0,0.0508639201414455,0.0961692025316047,0.5647178457093762
415,988,009742263c8e7733,Pneumothorax,on,0.1848067092573912,0.0,0.0741548846557365,0.1380699470859503,0.1973812961426939
416,991,555d178e00bc7c1e,Pneumothorax,off,0.2047960859416497,0.0,0.0,0.0,-0.2737620717350232
416,991,555d178e00bc7c1e,Pneumothorax,on,0.2047960859416497,0.0,0.0,0.0,-0.5248063088507936
417,1036,ca6f95a119b85590,Pneumothorax,off,0.1907323752856843,0.0,0.0003112840466926,0.0006216006216006,0.2920456491818254
417,1036,ca6f95a119b85590,Pneumothorax,on,0.1907323752856843,0.0,0.0,0.0,-0.4951709019052034
418,1046,aad8f99bada1cb5d,Pneumothorax,off,0.2019258414591952,0.0,0.0002603167643996,0.0005199567614903,-0.2849733318476398
418,1046,aad8f99bada1cb5d,Pneumothorax,on,0.2019258414591952,0.0,0.0,0.0,-0.5548206091513578
419,1047,4d393cd50c54b936,Pneumothorax,off,0.1720441111257303,0.0,0.0,0.0,-0.0211681611986489
419,1047,4d393cd50c54b936,Pneumothorax,on,0.1720441111257303,0.0,0.0,0.0,-0.4732355474527786
420,1049,6634689c6ead98e8,Pneumothorax,off,0.1848018361767758,1.0,0.2517721483901779,0.4020528223644776,0.925052939717834
420,1049,6634689c6ead98e8,Pneumothorax,on,0.1848018361767758,1.0,0.2461811145758282,0.3950962248938431,0.6613569239587214
421,1055,0748d125d669cd46,Pneumothorax,off,0.1896992821952253,0.0,0.0,0.0,-0.1167966170819689
421,1055,0748d125d669cd46,Pneumothorax,on,0.1896992821952253,0.0,0.0,0.0,-0.4952331293682477
422,1104,2f16e873dc93d803,Pneumothorax,off,0.1906836444795306,0.0,0.0,0.0,0.0126923621388465
422,1104,2f16e873dc93d803,Pneumothorax,on,0.1906836444795306,0.0,0.0,0.0,-0.4995296889634348
423,1127,d907b10e78a3c460,Pneumothorax,off,0.2011705139638125,0.0,0.0,0.0,-0.1426644442857192
423,1127,d907b10e78a3c460,Pneumothorax,on,0.2011705139638125,0.0,0.0,0.0,-0.5142811378658767
424,1135,3485119c4592cd19,Pneumothorax,off,0.1911612063798371,0.0,0.0,0.0,-0.3384169475822536
424,1135,3485119c4592cd19,Pneumothorax,on,0.1911612063798371,0.0,0.0,0.0,-0.5151342702625985
425,1152,15731a6cde76fdc2,Pneumothorax,off,0.1922479033570652,0.0,0.0935302244778122,0.1695725161809677,0.5260808300007317
425,1152,15731a6cde76fdc2,Pneumothorax,on,0.1922479033570652,0.0,0.1230615684117115,0.219152012637983,0.2339220776521728
426,1158,794c32900dac02b8,Pneumothorax,off,0.2177633534591562,1.0,0.1445480267431934,0.2525702277421837,0.7104203967972557
426,1158,794c32900dac02b8,Pneumothorax,on,0.2177633534591562,1.0,0.1434002668037366,0.2508312369652124,0.3790816541477704
427,28,a570482c949ce5cf,Consolidation,off,0.2101369822960981,1.0,0.1797140166767769,0.3035674737512434,0.5383931579063949
427,28,a570482c949ce5cf,Consolidation,on,0.2101369822960981,1.0,0.1905258535114032,0.3200673097268393,0.2066008471743118
428,155,ba67098ed4462110,Consolidation,off,0.1991043277828945,1.0,0.3876984220218332,0.5569184782977452,1.475758012793397
428,155,ba67098ed4462110,Consolidation,on,0.1991043277828945,1.0,0.4260002442452895,0.5974734945035847,1.0219883378246968
429,264,0c2af963db3db5b3,Consolidation,off,0.183378896637087,1.0,0.2217657533549585,0.3573330173375943,2.492172234312976
429,264,0c2af963db3db5b3,Consolidation,on,0.183378896637087,1.0,0.1151663791344243,0.2065424966025886,2.3011304101277865
430,290,cc44c54a66347671,Consolidation,off,0.1615767339639099,1.0,0.5030445679724929,0.6692450351467258,1.957934494415822
430,290,cc44c54a66347671,Consolidation,on,0.1615767339639099,1.0,0.4708054391318158,0.6401941030996723,1.7194342389241932
431,390,7d3c20f80e870ec2,Consolidation,off,0.2043282702025739,0.0,0.0863523417158545,0.158281432456476,0.8300824527284212
431,390,7d3c20f80e870ec2,Consolidation,on,0.2043282702025739,0.0,0.0899001947060788,0.1649679271047044,0.3492429032028007
432,391,9958d21d8d9fe67b,Consolidation,off,0.2244394739022167,0.0,0.3508742192371292,0.5169038887546609,0.9357834986823624
432,391,9958d21d8d9fe67b,Consolidation,on,0.2244394739022167,0.0,0.3178681222471084,0.482390883258756,0.4887274681419787
433,462,eaf68dbfa68ef84c,Consolidation,off,0.1927693229829101,1.0,0.2112182619729415,0.3467850356968002,0.9601078998584104
433,462,eaf68dbfa68ef84c,Consolidation,on,0.1927693229829101,1.0,0.208948135439667,0.3456561435312854,0.6041191742892797
434,467,9204afd0723591d5,Consolidation,off,0.1791734280660205,1.0,0.2690633136710186,0.4225957681421931,1.4919031615763951
434,467,9204afd0723591d5,Consolidation,on,0.1791734280660205,1.0,0.3270741884003619,0.4929245255182705,1.188335966115775
435,481,8c96285409af9413,Consolidation,off,0.1841098587293929,0.0,0.2878904670846075,0.4410693614512851,1.236047047796693
435,481,8c96285409af9413,Consolidation,on,0.1841098587293929,0.0,0.3822314780435445,0.5530561410013835,0.8270185266807308
436,493,9c731e6925e3a373,Consolidation,off,0.2155753402628539,1.0,0.3026050076908608,0.4520296120879334,0.4662592842972305
436,493,9c731e6925e3a373,Consolidation,on,0.2155753402628539,1.0,0.1900188731904082,0.3128492569085306,0.0699108454719591
437,515,566905aac57a9887,Consolidation,off,0.1873650765804618,0.0,0.0875979748400157,0.1609518162762298,1.753197695954181
437,515,566905aac57a9887,Consolidation,on,0.1873650765804618,0.0,0.0746779429233366,0.1389770505875304,1.9888276505056413
438,517,6ec825316e840dc6,Consolidation,off,0.2139038736117811,1.0,0.4107507053773935,0.5758314426784915,1.2969836119071394
438,517,6ec825316e840dc6,Consolidation,on,0.2139038736117811,1.0,0.3860631002062368,0.5570466329402036,0.6840908419083361
439,522,e2775a9e9b9b05d3,Consolidation,off,0.1726142615577289,1.0,0.3669049970103277,0.5365770881825082,1.5702468371228122
439,522,e2775a9e9b9b05d3,Consolidation,on,0.1726142615577289,1.0,0.3008751813815666,0.4625694325709898,1.2120036213029934
440,535,6a0296c529692b25,Consolidation,off,0.2039335506727287,0.0,0.0850090716288351,0.1562874955840049,0.7935156325718334
440,535,6a0296c529692b25,Consolidation,on,0.2039335506727287,0.0,0.077963144847073,0.1446476259210716,0.3439425635157432
441,560,5d2d21a971eb5670,Consolidation,off,0.1875356344019999,1.0,0.2182229994312679,0.3564262257633452,0.8759963506643044
441,560,5d2d21a971eb5670,Consolidation,on,0.1875356344019999,1.0,0.2450172676678583,0.3935891447511719,0.340447167031574
442,561,fbc80b00ea93a76d,Consolidation,off,0.1899136977423017,0.0,0.0812240989376392,0.1501004128696747,0.8890114183135875
442,561,fbc80b00ea93a76d,Consolidation,on,0.1899136977423017,0.0,0.0940073770946498,0.1718584995476308,0.4938439021079894
443,569,0bfd45dece853b5b,Consolidation,off,0.1951766248069041,1.0,0.274423728878771,0.4303357406948301,1.209019883641343
443,569,0bfd45dece853b5b,Consolidation,on,0.1951766248069041,1.0,0.2554091577031873,0.4068938518576253,0.787961107094073
444,570,fd4f48c668b17706,Consolidation,off,0.1965654527822853,1.0,0.3368491347675282,0.4849358588306094,2.711250218020848
444,570,fd4f48c668b17706,Consolidation,on,0.1965654527822853,1.0,0.1564771033753978,0.270605556372769,2.256027241471389
445,574,a8e3c4f43e541154,Consolidation,off,0.2170908683342348,1.0,0.2230780174749766,0.3634751392362716,0.7791172030511112
445,574,a8e3c4f43e541154,Consolidation,on,0.2170908683342348,1.0,0.2143287455501271,0.3529964470212204,0.3317805136675455
446,584,b2c46c4046f49e51,Consolidation,off,0.1981150924179738,1.0,0.3577533154896833,0.5251334761071101,1.359491687689916
446,584,b2c46c4046f49e51,Consolidation,on,0.1981150924179738,1.0,0.3946247607223045,0.5659189667605313,0.883919092944227
447,608,225e15fe6310d743,Consolidation,off,0.1888075084426121,1.0,0.2099257339677266,0.3371444081186214,2.857042305004589
447,608,225e15fe6310d743,Consolidation,on,0.1888075084426121,1.0,0.0901068535607941,0.1653161932873491,2.218091853498397
448,615,366cb9cb3bb951f1,Consolidation,off,0.1416360880858052,1.0,0.2652218134452993,0.4189909991856429,1.0663701393927227
448,615,366cb9cb3bb951f1,Consolidation,on,0.1416360880858052,1.0,0.2780639075019083,0.4351328902311578,0.8584945617383949
449,616,e22c3e000c4e88fe,Consolidation,off,0.2086653119502556,0.0,0.1546325939090694,0.266715426879743,0.2298598276248646
449,616,e22c3e000c4e88fe,Consolidation,on,0.2086653119502556,0.0,0.1585126816588632,0.2736463947366589,0.0869391399583337
450,633,b9ced1f944e75887,Consolidation,off,0.1998888937619695,1.0,0.1471660680948144,0.2562628564859704,1.5667025928363456
450,633,b9ced1f944e75887,Consolidation,on,0.1998888937619695,1.0,0.141372754642965,0.247723733931414,1.34481931779339
451,636,b01b91f217819dee,Consolidation,off,0.1761326257620279,0.0,0.1200277002496566,0.2139197854903501,1.4066354583211813
451,636,b01b91f217819dee,Consolidation,on,0.1761326257620279,0.0,0.1450780899136056,0.2533941253753027,1.2487862304465287
452,643,6afdc26213cbad6c,Consolidation,off,0.1956688059490568,1.0,0.334515696624834,0.4981210794255671,1.3629399441705958
452,643,6afdc26213cbad6c,Consolidation,on,0.1956688059490568,1.0,0.4196606798669971,0.5912110329972702,0.9832271595220636
453,645,3b0cd1a00fe5ab83,Consolidation,off,0.180854640878324,0.0,0.0603333086662528,0.113407144922051,0.7382033434658721
453,645,3b0cd1a00fe5ab83,Consolidation,on,0.180854640878324,0.0,0.0749129241072055,0.1393838320361716,0.3580402068304259
454,646,9523a52edd5e2cb2,Consolidation,off,0.2016334566222729,1.0,0.2273953202095976,0.3701156864790644,1.289597501054427
454,646,9523a52edd5e2cb2,Consolidation,on,0.2016334566222729,1.0,0.2160643474434593,0.3553484385132786,0.936187637208964
455,655,57cc42476bc58a45,Consolidation,off,0.1718150763368078,0.0,0.0808677794054556,0.1494994044384073,1.2640975138404564
455,655,57cc42476bc58a45,Consolidation,on,0.1718150763368078,0.0,0.0898382810348532,0.1648653387038306,0.9658607685423556
456,663,318d6d46d9b1cbfe,Consolidation,off,0.1983490002875117,1.0,0.3303721433273979,0.4839012076197992,1.4452072818144166
456,663,318d6d46d9b1cbfe,Consolidation,on,0.1983490002875117,1.0,0.424335133800625,0.5958057638344482,0.8257611426646306
457,664,a77657cf1d66efeb,Consolidation,off,0.2099518052327139,0.0,0.2305245300851856,0.3746332139172927,1.3971035005834531
457,664,a77657cf1d66efeb,Consolidation,on,0.2099518052327139,0.0,0.2356747532582957,0.3814509917020978,1.0984880004990256
458,665,f882c58f4f53f944,Consolidation,off,0.2150344283145476,1.0,0.4411985776836222,0.6121415577875242,1.3982394689265232
458,665,f882c58f4f53f944,Consolidation,on,0.2150344283145476,1.0,0.4523938769527289,0.6229630449396844,1.0366508671257857
459,666,3a2942da2da9a581,Consolidation,off,0.2255846478468293,0.0,0.2761898737778483,0.4316604289549655,0.9748825941333328
459,666,3a2942da2da9a581,Consolidation,on,0.2255846478468293,0.0,0.2620131301285989,0.4152270815856639,0.5571875282046904
460,672,b981be74894de22a,Consolidation,off,0.199294377926894,0.0,0.2377686423198378,0.3790474187637574,1.0406734381916811
460,672,b981be74894de22a,Consolidation,on,0.199294377926894,0.0,0.3010873744974294,0.4628233131166611,0.7912301070474725
461,697,6c78ef6d944d3f83,Consolidation,off,0.1988021967847414,1.0,0.3221559305537546,0.4864714211458918,1.5125687848783829
461,697,6c78ef6d944d3f83,Consolidation,on,0.1988021967847414,1.0,0.3557198410818633,0.5247679223008734,1.0609499330387318
462,700,e54914530f4e5858,Consolidation,off,0.1951035285976736,0.0,0.1627529097151618,0.2781000068715398,2.002602809466428
462,700,e54914530f4e5858,Consolidation,on,0.1951035285976736,0.0,0.1297579123124398,0.2297052883761945,2.2340697111106054
463,702,25a61b8420e7fe65,Consolidation,off,0.1981443309016661,0.0,0.0422544229185116,0.0799865427316037,0.4777135440461985
463,702,25a61b8420e7fe65,Consolidation,on,0.1981443309016661,0.0,0.0644666083083022,0.1211229706750716,0.027769040178813
464,708,96f41434652764ac,Consolidation,off,0.2055416672758017,0.0,0.1674948066218784,0.2866593075653165,1.1494565277861044
464,708,96f41434652764ac,Consolidation,on,0.2055416672758017,0.0,0.1727763665507934,0.2946444492962601,0.7749092783748412
465,713,9febde28b37da9ca,Consolidation,off,0.188909843135535,1.0,0.4327951354350407,0.6005927321088543,1.5985852446991096
465,713,9febde28b37da9ca,Consolidation,on,0.188909843135535,1.0,0.5071989429199759,0.6730309304005737,1.0555344710120758
466,723,16b3c75128d0e2b7,Consolidation,off,0.2043282702025739,1.0,0.1822036018929032,0.3049086033048181,0.9950950916252606
466,723,16b3c75128d0e2b7,Consolidation,on,0.2043282702025739,1.0,0.1914072931763622,0.3184082082150105,0.6052874391398514
467,726,34b6451794687173,Consolidation,off,0.1899088246616863,1.0,0.3548363624059111,0.5231654499803824,1.457069461686194
467,726,34b6451794687173,Consolidation,on,0.1899088246616863,1.0,0.3189130710996712,0.4835981736068412,1.092042539226031
468,746,1858786fb0104114,Consolidation,off,0.161498764674064,1.0,0.4386612063710147,0.6094676289697776,1.5455875964040011
468,746,1858786fb0104114,Consolidation,on,0.161498764674064,1.0,0.3308680999004486,0.497217415488257,1.2003538807006016
469,747,9edfec1897db1848,Consolidation,off,0.1843632589213923,0.0,0.2579852405941514,0.4096746360501553,2.0573907382377654
469,747,9edfec1897db1848,Consolidation,on,0.1843632589213923,0.0,0.2327144749527798,0.377561270203204,2.390849744227671
470,753,4234a6fc45a40e5f,Consolidation,off,0.1940265777816762,0.0,0.0715502561978986,0.1334331442877738,1.417365115535724
470,753,4234a6fc45a40e5f,Consolidation,on,0.1940265777816762,0.0,0.0801355667880013,0.1483805622748211,1.4514952143019897
471,767,8d02fb4e96fdfef7,Consolidation,off,0.1915510528290669,0.0,0.0771125216811419,0.1431205917870906,1.3560477904871362
471,767,8d02fb4e96fdfef7,Consolidation,on,0.1915510528290669,0.0,0.0828939653839237,0.1530971038568492,1.2194935125424222
472,771,62f1a81c8f18443c,Consolidation,off,0.2008001598370442,1.0,0.2226470191569237,0.362230931387025,0.6819536266033459
472,771,62f1a81c8f18443c,Consolidation,on,0.2008001598370442,1.0,0.2380107159679795,0.3845008440589902,0.3336224852742822
473,781,401672585661dd1d,Consolidation,off,0.2012143716893508,1.0,0.271670599157763,0.4254511970432387,0.760296879358952
473,781,401672585661dd1d,Consolidation,on,0.2012143716893508,1.0,0.3015549904052269,0.4633754470454125,0.4693125032658394
474,795,5029aee0e9c572fa,Consolidation,off,0.1693541706260446,0.0,0.3426155863884848,0.5078702904832756,1.8651993777232097
474,795,5029aee0e9c572fa,Consolidation,on,0.1693541706260446,0.0,0.4102077709769228,0.5817692202412544,1.925503492381308
475,805,2e8aac35ec38a7ab,Consolidation,off,0.1852160480290825,1.0,0.3040429213590241,0.4610878668465298,1.1746493857397415
475,805,2e8aac35ec38a7ab,Consolidation,on,0.1852160480290825,1.0,0.4138146190336267,0.5853864396991332,0.8886571278499663
476,809,a261584c8fbb576f,Consolidation,off,0.1811324064734003,1.0,0.2052630620618193,0.3370139658551885,0.861791366759758
476,809,a261584c8fbb576f,Consolidation,on,0.1811324064734003,1.0,0.305398262354362,0.4678941670199475,0.5074639992695343
477,828,412bc3003e46d430,Consolidation,off,0.1764786144857194,0.0,0.1051505549083269,0.1902533157782265,1.6235681438438645
477,828,412bc3003e46d430,Consolidation,on,0.1764786144857194,0.0,0.0965722163210037,0.1761345624882863,1.5749426956411856
478,831,d9f965aa6ea5cf7f,Consolidation,off,0.1810836756672465,1.0,0.2888461107440515,0.4465052820744012,0.9722930615023808
478,831,d9f965aa6ea5cf7f,Consolidation,on,0.1810836756672465,1.0,0.3497036414888358,0.5181923877827018,0.658094227864452
479,834,0883fbcd6ee1ea30,Consolidation,off,0.2239083081151411,1.0,0.3175423490851632,0.480399092104951,0.6818632038357288
479,834,0883fbcd6ee1ea30,Consolidation,on,0.2239083081151411,1.0,0.2582530194418051,0.4104887776627666,0.3263550938048071
480,839,faa9569ebbe0f9c1,Consolidation,off,0.1896505513890716,1.0,0.3153498526575131,0.479141325932355,1.4754374714128131
480,839,faa9569ebbe0f9c1,Consolidation,on,0.1896505513890716,1.0,0.33492046476923,0.5017833827077991,1.184880954146008
481,845,4342545b77359fb5,Consolidation,off,0.1766686646297189,0.0,0.070552628556835,0.1291390333015358,1.4456692568616776
481,845,4342545b77359fb5,Consolidation,on,0.1766686646297189,0.0,0.1239221676341604,0.220516978758891,1.6249430326892589
482,859,d8cc11c0d6fc40a9,Consolidation,off,0.1693346783035831,1.0,0.3428056700061398,0.5083699158846384,1.1588715770912486
482,859,d8cc11c0d6fc40a9,Consolidation,on,0.1693346783035831,1.0,0.3635816040133992,0.5332710633842885,0.904649131437069
483,862,5c3c4c028b21c939,Consolidation,off,0.2002933594530454,1.0,0.3608904109516824,0.5264606054901451,1.6252702570606208
483,862,5c3c4c028b21c939,Consolidation,on,0.2002933594530454,1.0,0.3090773419795327,0.4721893045455047,1.2609942053336094
484,864,bdacdcb26faebfe0,Consolidation,off,0.181756160792168,1.0,0.3965732916199325,0.5610241274352221,2.6600138345054525
484,864,bdacdcb26faebfe0,Consolidation,on,0.181756160792168,1.0,0.1825767491715146,0.3087701711079134,2.413702154564868
485,873,fcc6cf25e734d353,Consolidation,off,0.190074509402609,1.0,0.2770430495039267,0.4308506213334551,1.0828656155677934
485,873,fcc6cf25e734d353,Consolidation,on,0.190074509402609,1.0,0.3366093455464122,0.5036699840089665,0.581572795485224
486,874,2f8c1ad1a08b33f0,Consolidation,off,0.1822921996598589,0.0,0.1865133209915829,0.3127247960190119,1.304778597988374
486,874,2f8c1ad1a08b33f0,Consolidation,on,0.1822921996598589,0.0,0.2436873479031744,0.3918775410296502,0.9748936616489494
487,875,13914e356156cdbc,Consolidation,off,0.1791490626629436,0.0,0.1793400788682157,0.3022754367087228,1.0403059705811015
487,875,13914e356156cdbc,Consolidation,on,0.1791490626629436,0.0,0.2317305861231161,0.3762681716019337,0.73414833069831
488,876,8f6bc0764cb909a2,Consolidation,off,0.1968188529742847,0.0,0.1062647071184356,0.1921069789011913,1.1603405492025949
488,876,8f6bc0764cb909a2,Consolidation,on,0.1968188529742847,0.0,0.1069946972113095,0.1933065774258719,0.8065329221818962
489,883,2a297ecb96cbdf5e,Consolidation,off,0.1969699184733613,0.0,0.232050132524574,0.3765007889492878,1.255965731834419
489,883,2a297ecb96cbdf5e,Consolidation,on,0.1969699184733613,0.0,0.2374375040679574,0.3837565252239657,0.8295836599914561
490,885,ecc8fa1a45887b14,Consolidation,off,0.1868339107933862,0.0,0.2473588696652942,0.396466343025348,0.7559044332909628
490,885,ecc8fa1a45887b14,Consolidation,on,0.1868339107933862,0.0,0.2623776973181445,0.415688068957056,0.5539830018314047
491,886,0e6c4727d672f341,Consolidation,off,0.2180557382960786,0.0,0.1861514772450456,0.3133120922624784,0.739028247019592
491,886,0e6c4727d672f341,Consolidation,on,0.2180557382960786,0.0,0.170399034487686,0.2911800818732986,0.3488549517291539
492,899,1e0761e8352e8e7a,Consolidation,off,0.1820631648709364,0.0,0.1545190532844919,0.2664234787047355,0.7773846654792903
492,899,1e0761e8352e8e7a,Consolidation,on,0.1820631648709364,0.0,0.1963748591475662,0.3282819898184317,0.4662484061946193
493,923,9e0f921c7684ff3a,Consolidation,off,0.2119448952044013,0.0,0.0827026322575566,0.1526432374383298,0.8072041076569023
493,923,9e0f921c7684ff3a,Consolidation,on,0.2119448952044013,0.0,0.0741749386141186,0.1381053019152826,0.3908673419180053
494,931,51a3708674a10295,Consolidation,off,0.1984903196253575,1.0,0.244092357257112,0.3915680847960713,1.5920552815078903
494,931,51a3708674a10295,Consolidation,on,0.1984903196253575,1.0,0.2141110865637076,0.3527035694481433,1.3048710778739676
495,935,ba3866d683193aa0,Consolidation,off,0.2036898966419601,0.0,0.0447376964440521,0.0854329893921569,0.8172376081574628
495,935,ba3866d683193aa0,Consolidation,on,0.2036898966419601,0.0,0.0511465320234018,0.0973153340545849,0.3670624381987264
496,942,82c85fc4dd874b40,Consolidation,off,0.1916144028770668,0.0,0.1021393268220658,0.1846911616520611,0.6086870356051165
496,942,82c85fc4dd874b40,Consolidation,on,0.1916144028770668,0.0,0.1224970803069029,0.218257178768491,0.2825679389467294
497,946,a677aa1f5b36b700,Consolidation,off,0.1916680067638358,1.0,0.3730226516529422,0.5392805623359391,1.465727348752596
497,946,a677aa1f5b36b700,Consolidation,on,0.1916680067638358,1.0,0.4560310791333141,0.6263965198832481,0.8806593515186946
498,948,86e3166f932d743b,Consolidation,off,0.193709827541677,1.0,0.4137589800492415,0.5803407497612743,1.6513177567464563
498,948,86e3166f932d743b,Consolidation,on,0.193709827541677,1.0,0.5073356974423222,0.6731467327946677,1.0216733716910418
499,958,18a81f0eb7e51290,Consolidation,off,0.1962876871872091,1.0,0.2267753329333594,0.3696472208238201,1.2868560298835117
499,958,18a81f0eb7e51290,Consolidation,on,0.1962876871872091,1.0,0.2209857279611766,0.3619787958962998,0.9550403457295924
500,964,8397370f06feee51,Consolidation,off,0.189903951581071,0.0,0.3880887073368814,0.556203305404547,1.4827780452195831
500,964,8397370f06feee51,Consolidation,on,0.189903951581071,0.0,0.4493353007745099,0.6200521867116505,1.0095547126788165
501,965,8377ec046dff9195,Consolidation,off,0.1791929203884819,0.0,0.0158492887863125,0.0306238598420505,0.9611854460908088
501,965,8377ec046dff9195,Consolidation,on,0.1791929203884819,0.0,0.0655583437009817,0.1230477383666247,0.5316618741309206
502,968,82dc03895b02069c,Consolidation,off,0.1979542807576665,1.0,0.2351727744583117,0.3783144791616219,1.766359261523258
502,968,82dc03895b02069c,Consolidation,on,0.1979542807576665,1.0,0.1954461145466698,0.3269814423651896,1.74922639481016
503,986,704c28a31e97e69f,Consolidation,off,0.1611137913054495,0.0,0.0828397582537994,0.1526206255559898,0.7364647406587043
503,986,704c28a31e97e69f,Consolidation,on,0.1611137913054495,0.0,0.1294352560260182,0.2291943840726745,0.2437483710491855
504,990,5d20a85044d09721,Consolidation,off,0.1742808551281864,0.0,0.0980808237234264,0.1782465603980662,1.4996691078373314
504,990,5d20a85044d09721,Consolidation,on,0.1742808551281864,0.0,0.1109061510162344,0.1996678794490053,1.4484460951531757
505,993,80ce437091158308,Consolidation,off,0.1731892850703429,1.0,0.1930456724494726,0.320923870493445,0.6379369656250424
505,993,80ce437091158308,Consolidation,on,0.1731892850703429,1.0,0.2178952716954353,0.3578021380558059,0.3029053225567121
506,1009,433b8e95e8312da9,Consolidation,off,0.2032903040314995,0.0,0.1069531785428647,0.1929726299329449,0.6696755887354655
506,1009,433b8e95e8312da9,Consolidation,on,0.2032903040314995,0.0,0.1090514239680342,0.1966565714225375,0.3299142683519498
507,1015,3c0096e17cc2688d,Consolidation,off,0.1960781447207481,1.0,0.3001966354033499,0.4573606905078741,1.081528845586666
507,1015,3c0096e17cc2688d,Consolidation,on,0.1960781447207481,1.0,0.3118713145902475,0.4754509130323731,0.5208276592185459
508,1030,838d7b8777c24cdc,Consolidation,off,0.1916144028770668,0.0,0.1846582266471907,0.3117279336783246,1.201778294574665
508,1030,838d7b8777c24cdc,Consolidation,on,0.1916144028770668,0.0,0.1887901196593341,0.3176172278557725,0.8195385195507267
509,1033,cdc87877c8b61123,Consolidation,off,0.1764639952438733,0.0,0.2154674718507496,0.353762262141438,1.8392072915562372
509,1033,cdc87877c8b61123,Consolidation,on,0.1764639952438733,0.0,0.156702270720748,0.270942954903314,1.9086499600437383
510,1037,4843d8df6c691692,Consolidation,off,0.2022474647798098,1.0,0.1901620900565065,0.3194922233261891,0.5571705258841594
510,1037,4843d8df6c691692,Consolidation,on,0.2022474647798098,1.0,0.1964838835928738,0.3284353394052504,0.3352627838605703
511,1063,4e355df0db0e824f,Consolidation,off,0.1896895360339946,0.0,0.1595812530669042,0.2751631107453069,1.224100760992762
511,1063,4e355df0db0e824f,Consolidation,on,0.1896895360339946,0.0,0.1535494054435059,0.2662205221506336,0.8635644011324972
512,1072,2b4752466d7dbab3,Consolidation,off,0.1926913536930641,1.0,0.2089589481375385,0.3454301187311865,0.7918718078750868
512,1072,2b4752466d7dbab3,Consolidation,on,0.1926913536930641,1.0,0.2213447887328883,0.3624604073138032,0.5154282891875219
513,1073,77a9f576918dc347,Consolidation,off,0.1734475583429576,1.0,0.3108242552574261,0.4735065198000702,1.2314089901541965
513,1073,77a9f576918dc347,Consolidation,on,0.1734475583429576,1.0,0.3298672373152429,0.4960903613359809,0.8720121964575821
514,1074,6499d2e766d3c4db,Consolidation,off,0.2009707176585822,1.0,0.4175728890796336,0.585112254898808,1.356842021344077
514,1074,6499d2e766d3c4db,Consolidation,on,0.2009707176585822,1.0,0.441376386361308,0.6124299290957038,0.8265397742639249
515,1076,8807b14d7d5f1828,Consolidation,off,0.1796363707244808,1.0,0.3230194966131988,0.4881582106002455,1.4475951220632348
515,1076,8807b14d7d5f1828,Consolidation,on,0.1796363707244808,1.0,0.3298614235514728,0.4960838595972522,1.0816909917720192
516,1098,d1599ddf61852654,Consolidation,off,0.1686183354531234,0.0,0.1179731691856912,0.2095359893447847,0.3287959387275797
516,1098,d1599ddf61852654,Consolidation,on,0.1686183354531234,0.0,0.1652489847171318,0.283623108356532,0.1125596844360856
517,1121,3802c59c7fb1822d,Consolidation,off,0.1941630240389066,0.0,0.0018148267634184,0.0036089261474336,0.1336063672619777
517,1121,3802c59c7fb1822d,Consolidation,on,0.1941630240389066,0.0,0.0026698227465315,0.0053252951033961,-0.3996323556082917
518,1123,c32e7ffef11280ca,Consolidation,off,0.1971648416979762,0.0,0.1155213068584719,0.2071008741485379,1.402479492118086
518,1123,c32e7ffef11280ca,Consolidation,on,0.1971648416979762,0.0,0.1159871218155726,0.2078645925396715,1.2098753940482865
519,1131,252929b7917291e3,Consolidation,off,0.1880619271084601,0.0,0.1920617344796411,0.3218487414544215,1.3000047324470108
519,1131,252929b7917291e3,Consolidation,on,0.1880619271084601,0.0,0.2058746443232929,0.3414527965403321,0.9790098106091136
520,1137,48f46950c6af780a,Consolidation,off,0.2103757632462513,0.0,0.1712406153119835,0.2919899059229031,0.4778739097217326
520,1137,48f46950c6af780a,Consolidation,on,0.2103757632462513,0.0,0.1737502235025564,0.2960590430999646,0.2491317813378807
521,1156,41875f28d1a6bb51,Consolidation,off,0.1837638700057015,1.0,0.4040556138543998,0.5671212339432414,1.208800687213241
521,1156,41875f28d1a6bb51,Consolidation,on,0.1837638700057015,1.0,0.3467015727716988,0.5148689287201644,0.6650853197027271
522,4,b4cdf6d04b4a2062,Atelectasis,off,0.1730284734100356,0.0,0.1502509584035038,0.2594251840366663,1.2501074175242972
522,4,b4cdf6d04b4a2062,Atelectasis,on,0.1730284734100356,0.0,0.2132032005075028,0.3514705514565814,0.9234868438709596
523,186,377c879691fc477e,Atelectasis,off,0.1805622560414017,1.0,0.3007659182930806,0.4620669334104897,1.2334619477803446
523,186,377c879691fc477e,Atelectasis,on,0.1805622560414017,1.0,0.3189017308115259,0.4835867890975335,0.912532230324944
524,205,defa3fe8fbd3bc01,Atelectasis,off,0.2070766876696441,0.0,0.0782891018598881,0.1448531081314918,-0.0710404581208248
524,205,defa3fe8fbd3bc01,Atelectasis,on,0.2070766876696441,0.0,0.0793251059020895,0.1469895072741917,-0.0823012986912648
525,286,b1c55e29c4405de2,Atelectasis,off,0.1876866999010764,0.0,0.2370370374583854,0.383093164648102,0.9876170670638053
525,286,b1c55e29c4405de2,Atelectasis,on,0.1876866999010764,0.0,0.2462195263240066,0.3951461561375882,0.6431588493160778
526,347,0d910e15cf3df18e,Atelectasis,off,0.1988558006715105,1.0,0.1785723251022735,0.3017136397026138,0.4666380697097024
526,347,0d910e15cf3df18e,Atelectasis,on,0.1988558006715105,1.0,0.1983412261607213,0.3310237843542946,0.2306049151851388
527,434,08de60a4a7687ffe,Atelectasis,off,0.1980614885312047,0.0,0.1357896372700202,0.2390707941518524,0.6920215127007807
527,434,08de60a4a7687ffe,Atelectasis,on,0.1980614885312047,0.0,0.1370266057963327,0.2410260502953595,0.3593484301173891
528,445,06ba8137b7b55507,Atelectasis,off,0.1667421994162049,0.0,0.0052241756085609,0.0102917893009302,0.3007174604052796
528,445,06ba8137b7b55507,Atelectasis,on,0.1667421994162049,0.0,0.0396050243209384,0.07619007343476,-0.0656959059121092
529,451,3f66ef83bae0f84d,Atelectasis,off,0.1850308709656984,0.0,0.2070496027305568,0.3422876104638539,1.648669093277458
529,451,3f66ef83bae0f84d,Atelectasis,on,0.1850308709656984,0.0,0.2187523961576664,0.3589765529747192,1.595886566755757
530,460,0d8a5ccd0a4db0f8,Atelectasis,off,0.1998645283588926,1.0,0.3632820614198769,0.5329306149271801,1.5357883347957797
530,460,0d8a5ccd0a4db0f8,Atelectasis,on,0.1998645283588926,1.0,0.3675834964572565,0.5375662065485592,1.186612003408202
531,470,92fcdf6ded710162,Atelectasis,off,0.1832521965410873,0.0,0.1180217795875934,0.2100852082816186,1.1082433435990713
531,470,92fcdf6ded710162,Atelectasis,on,0.1832521965410873,0.0,0.1494454097509626,0.2600295491007873,0.7518136362471589
532,478,51426c9cde48119b,Atelectasis,off,0.1761667373263356,1.0,0.220598956210744,0.3598987006793205,0.7485927771565034
532,478,51426c9cde48119b,Atelectasis,on,0.1761667373263356,1.0,0.2896205509413797,0.4491535061775793,0.4744062083170027
533,494,1db4456ab63d12f3,Atelectasis,off,0.183495850571856,1.0,0.2479654079376504,0.3966595946198534,1.5421372852829087
533,494,1db4456ab63d12f3,Atelectasis,on,0.183495850571856,1.0,0.2737243567106279,0.4298015346682063,1.362007163355416
534,499,c8db963e82f7c785,Atelectasis,off,0.1747632901091082,0.0,0.1622982112846094,0.2776166657194077,0.7368991195220421
534,499,c8db963e82f7c785,Atelectasis,on,0.1747632901091082,0.0,0.2283519907557744,0.3718004138302295,0.4905059652658276
535,508,b6cd6a1cabc0249f,Atelectasis,off,0.1801431711084796,1.0,0.2668769337382651,0.419306549136011,0.9270265770685628
535,508,b6cd6a1cabc0249f,Atelectasis,on,0.1801431711084796,1.0,0.3277844718918712,0.4937285396823198,0.6001948406732058
536,512,ecc77d5112e864b4,Atelectasis,off,0.20434288944442,1.0,0.1734246283378713,0.2941545149945216,0.467242916411731
536,512,ecc77d5112e864b4,Atelectasis,on,0.20434288944442,1.0,0.1977457245365012,0.3301937261648897,0.2421764453659961
537,518,1c10dc1ba26ea979,Atelectasis,off,0.1866341144881559,1.0,0.4075208430436438,0.5786737203690455,2.029743329241992
537,518,1c10dc1ba26ea979,Atelectasis,on,0.1866341144881559,1.0,0.3769052349244084,0.5474662978076327,1.86243107682978
538,565,86181433d554299d,Atelectasis,off,0.201687060509042,0.0,0.1626714703530288,0.2793462325541292,0.521776845157059
538,565,86181433d554299d,Atelectasis,on,0.201687060509042,0.0,0.164032214819659,0.2818335176115631,0.2888892948847998
539,587,167f02788875e917,Atelectasis,off,0.1720733496094225,0.0,0.2048835707384825,0.3392921356535744,1.268009794350212
539,587,167f02788875e917,Atelectasis,on,0.1720733496094225,0.0,0.1771630655424792,0.3009999659447784,0.8677732832759066
540,588,c0e12f25e6c003f9,Atelectasis,off,0.1809423563294007,1.0,0.2292862468048336,0.3709955953007403,1.0998261159699778
540,588,c0e12f25e6c003f9,Atelectasis,on,0.1809423563294007,1.0,0.324387777847097,0.4898641653452469,0.6842920166578621
541,592,e7b6ae7af6d75ad6,Atelectasis,off,0.1821508803220131,1.0,0.2025589730679149,0.3367256114344615,1.0428647590089686
541,592,e7b6ae7af6d75ad6,Atelectasis,on,0.1821508803220131,1.0,0.2188582801076714,0.3591199102142737,0.65926824414218
542,597,11d809a52453db0a,Atelectasis,off,0.2039189314308826,0.0,0.149326854673403,0.2586109926215382,0.5284414345531123
542,597,11d809a52453db0a,Atelectasis,on,0.2039189314308826,0.0,0.1694810053837331,0.2898375841541859,0.2454152911853484
543,603,1f38204277c319ea,Atelectasis,off,0.176722268516488,1.0,0.2270033984751279,0.3699556949665205,1.792433014804394
543,603,1f38204277c319ea,Atelectasis,on,0.176722268516488,1.0,0.2135175943790511,0.3518981923515593,1.792941415189638
544,606,869cfbde90c5be3f,Atelectasis,off,0.2017406643958111,0.0,0.0730267638480579,0.136072539036792,1.695871936345906
544,606,869cfbde90c5be3f,Atelectasis,on,0.2017406643958111,0.0,0.0686367637000695,0.1284561326353591,2.0874357449577885
545,612,0a51eadd62ea7d37,Atelectasis,off,0.1944212973115214,0.0,0.2701879869377536,0.425161619350474,1.1702811437747154
545,612,0a51eadd62ea7d37,Atelectasis,on,0.1944212973115214,0.0,0.2807796447439823,0.4384508054886776,0.7722566410586074
546,621,9a42d6a21dfeba0c,Atelectasis,off,0.2001422939539688,0.0,0.0441547364230393,0.0844395125929015,1.267715580650165
546,621,9a42d6a21dfeba0c,Atelectasis,on,0.2001422939539688,0.0,0.0511454319541901,0.0973136016211725,1.0979499560634876
547,634,5b3115c94b2fd4f5,Atelectasis,off,0.1848992977890833,0.0,0.1843273731973704,0.3112516638860575,1.3266433185085271
547,634,5b3115c94b2fd4f5,Atelectasis,on,0.1848992977890833,0.0,0.1883232375067133,0.3169562435209409,1.010733172172115
548,678,8839052d4b213766,Atelectasis,off,0.1739056279208027,0.0,0.1182000696398309,0.208949797161768,0.6924184024115446
548,678,8839052d4b213766,Atelectasis,on,0.1739056279208027,0.0,0.200283760912271,0.3337231346857977,0.368397232469431
549,683,f0f9f475b6f58c7a,Atelectasis,off,0.1856789906875429,0.0,0.2159513043097968,0.3535666735372808,0.6255370413629294
549,683,f0f9f475b6f58c7a,Atelectasis,on,0.1856789906875429,0.0,0.2562762446843173,0.4079905511719807,0.4780968709614613
550,695,3ea211b9320b58ab,Atelectasis,off,0.1952058632905964,0.0,0.235624977647863,0.3802270582080103,1.6104056564057458
550,695,3ea211b9320b58ab,Atelectasis,on,0.1952058632905964,0.0,0.1989438518604888,0.3318642424110326,1.3264959898637378
551,748,a541f9ed0bf11bb3,Atelectasis,off,0.1885492351699974,0.0,0.1544200102503159,0.2668241039904326,1.1930690580492884
551,748,a541f9ed0bf11bb3,Atelectasis,on,0.1885492351699974,0.0,0.1765682302209678,0.3001401287657381,0.8821747330761766
552,752,f0176f93c5b15c7a,Atelectasis,off,0.1874966497570769,0.0,0.1749982773517183,0.297794687041617,1.170055594835991
552,752,f0176f93c5b15c7a,Atelectasis,on,0.1874966497570769,0.0,0.1827492881306143,0.3090245420140433,0.8234060622478916
553,762,9ccf55673ed4000d,Atelectasis,off,0.2046109088782655,0.0,0.0688658243882701,0.1285779012856795,0.7275720211952892
553,762,9ccf55673ed4000d,Atelectasis,on,0.2046109088782655,0.0,0.0707252587274584,0.1321066679237408,0.3060909189629163
554,787,ae3f08592ef8ad5e,Atelectasis,off,0.1987144813336647,1.0,0.2512360846295488,0.4000157318937579,2.065733533884691
554,787,ae3f08592ef8ad5e,Atelectasis,on,0.1987144813336647,1.0,0.2327491630650547,0.377607629133258,2.2465817686483542
555,789,318d8e445e8ecf5e,Atelectasis,off,0.2013410717853505,0.0,0.1450461285350034,0.2511239746926192,0.4287972009782506
555,789,318d8e445e8ecf5e,Atelectasis,on,0.2013410717853505,0.0,0.17183782179053,0.2932773920357338,0.2686052609440732
556,797,a9dfbf9d846f90fd,Atelectasis,off,0.2017893952019648,1.0,0.2960850492622175,0.4558638525744539,1.3236256005241516
556,797,a9dfbf9d846f90fd,Atelectasis,on,0.2017893952019648,1.0,0.3252119158986603,0.490807132286904,0.9331646592914968
557,803,984b40c082cd3573,Atelectasis,off,0.1903376557558391,0.0,0.0245047419951695,0.0471299424143973,-0.057818099565693
557,803,984b40c082cd3573,Atelectasis,on,0.1903376557558391,0.0,0.0522586353459008,0.0993248288852005,-0.1525466604488221
558,824,385b8a59b4f6e451,Atelectasis,off,0.1911563332992217,0.0,0.1505072791994419,0.2595175626624674,0.3522960487263155
558,824,385b8a59b4f6e451,Atelectasis,on,0.1911563332992217,0.0,0.1777656475653313,0.3018649842304099,0.1455971073766218
559,837,0e7903057b618889,Atelectasis,off,0.1721366996574224,0.0,0.1381269865541112,0.242611389986055,0.9297873440457016
559,837,0e7903057b618889,Atelectasis,on,0.1721366996574224,0.0,0.1686469225442818,0.2886178523114743,0.5445778231012848
560,841,77941632e67bb3a4,Atelectasis,off,0.1836517891515479,1.0,0.1446580061509081,0.2527197114882327,1.2772690567573866
560,841,77941632e67bb3a4,Atelectasis,on,0.1836517891515479,1.0,0.1465315829115208,0.2556084222572058,0.980177702529198
561,847,ca5639aa02e0db66,Atelectasis,off,0.1852306672709286,0.0,0.0359031196473665,0.0681963951170977,0.9863303000471556
561,847,ca5639aa02e0db66,Atelectasis,on,0.1852306672709286,0.0,0.0728688805658104,0.135839247635439,0.7075104706203527
562,852,dac1670e41cf55a3,Atelectasis,off,0.2032074616610382,0.0,0.0979442934777468,0.1750368742874992,0.2549883336282146
562,852,dac1670e41cf55a3,Atelectasis,on,0.2032074616610382,0.0,0.128631862854627,0.2279381008208648,0.0309904838854093
563,869,09c4bd6ce78609be,Atelectasis,off,0.2003908210653529,0.0,0.1429966304046666,0.2487348285264121,0.6219245250176123
563,869,09c4bd6ce78609be,Atelectasis,on,0.2003908210653529,0.0,0.1477514944353541,0.2574594280934238,0.2963602618626361
564,897,02cb75ca53972049,Atelectasis,off,0.2184699501483853,0.0,0.1675449581429066,0.2862002281059862,0.8312487484026703
564,897,02cb75ca53972049,Atelectasis,on,0.2184699501483853,0.0,0.1662796303521841,0.2851435904455268,0.4076618495235006
565,920,5d253bd0d0de6db4,Atelectasis,off,0.2086409465471787,0.0,0.3227662811775609,0.4869399381981042,1.0496385350572734
565,920,5d253bd0d0de6db4,Atelectasis,on,0.2086409465471787,0.0,0.3244942646413629,0.4899870294682008,0.6871845618111985
566,927,2d5108c8eff2ee69,Atelectasis,off,0.2034949734173452,0.0,0.1625273140603153,0.2783676430806743,0.8099541392156476
566,927,2d5108c8eff2ee69,Atelectasis,on,0.2034949734173452,0.0,0.1678948211942036,0.2875143905424461,0.4189951986324914
567,960,531cd21c479c115f,Atelectasis,off,0.1938998776856765,1.0,0.2040519292452114,0.3379041655897262,0.8527412692069133
567,960,531cd21c479c115f,Atelectasis,on,0.1938998776856765,1.0,0.2392525618931225,0.3861229399005567,0.5098228673642029
568,961,4eaaeffa43a63aa2,Atelectasis,off,0.2007221905471982,0.0,0.0276585395617139,0.0527953667549239,0.5474331944595732
568,961,4eaaeffa43a63aa2,Atelectasis,on,0.2007221905471982,0.0,0.0328875297568862,0.0636775296213563,-0.0257443031091676
569,1006,aa5d7467210b16f2,Atelectasis,off,0.1770341456758719,1.0,0.1961110809141961,0.3270651145057731,0.8608818675535362
569,1006,aa5d7467210b16f2,Atelectasis,on,0.1770341456758719,1.0,0.249066204281518,0.3987993346618197,0.49347518900656
570,1011,25a9407a69b30806,Atelectasis,off,0.2061313100302618,1.0,0.157802582278287,0.2719948652896765,1.773027448548006
570,1011,25a9407a69b30806,Atelectasis,on,0.2061313100302618,1.0,0.1568909933460004,0.2712267763610675,1.9271700801258451
571,1021,a177681245ed41a8,Atelectasis,off,0.2013703102690427,0.0,0.0158471989715819,0.0311205557726028,-0.1142348673772013
571,1021,a177681245ed41a8,Atelectasis,on,0.2013703102690427,0.0,0.0172226690506202,0.0338619851899111,-0.2450532593207414
572,1057,1939319edcfe6817,Atelectasis,off,0.1897285206789176,0.0,0.191622417555793,0.3199470359840655,1.016484108678363
572,1057,1939319edcfe6817,Atelectasis,on,0.1897285206789176,0.0,0.2595084819256167,0.4120777161838768,0.6888541044463123
573,1068,6a9cebc92a2e4ea8,Atelectasis,off,0.1787592162137138,0.0,0.2332421607469345,0.3747108389391437,1.1491009951152538
573,1068,6a9cebc92a2e4ea8,Atelectasis,on,0.1787592162137138,0.0,0.3284175612899896,0.4944450141330773,0.7409892526083376
574,1077,2252811e46d42f53,Atelectasis,off,0.194913478453674,0.0,0.1761878033789204,0.2992962493267762,1.015210685775711
574,1077,2252811e46d42f53,Atelectasis,on,0.194913478453674,0.0,0.1840634444311769,0.3109010141854769,0.609932919350892
575,1084,c0dd49da98159e6d,Atelectasis,off,0.1757184139097213,0.0,0.1581619756434284,0.2712783684969229,1.4252237980245352
575,1084,c0dd49da98159e6d,Atelectasis,on,0.1757184139097213,0.0,0.1868456021755983,0.3148607170821955,1.1825700284285714
576,1088,7dbf2987649f260e,Atelectasis,off,0.1863709681349258,0.0,0.1925104811711172,0.3219355395695532,1.16455135915549
576,1088,7dbf2987649f260e,Atelectasis,on,0.1863709681349258,0.0,0.2203211748320393,0.3610870058715743,0.9029447837319174
577,1091,6562e982e1ab1185,Atelectasis,off,0.1750849134297228,0.0,0.1430283626303121,0.2486135278823006,0.859010898006503
577,1091,6562e982e1ab1185,Atelectasis,on,0.1750849134297228,0.0,0.2065431486115005,0.3423687737483296,0.517685320809969
578,1124,190bb860bd0fd26b,Atelectasis,off,0.2186551272117694,0.0,0.0958064601275699,0.1721567758460263,0.9379591201385789
578,1124,190bb860bd0fd26b,Atelectasis,on,0.2186551272117694,0.0,0.1057388000003784,0.1912409779229118,0.5359700354330339
579,1147,b0c764398f5f135b,Atelectasis,off,0.1824676305620124,1.0,0.2169415938528686,0.3563438679842549,1.4429496962214985
579,1147,b0c764398f5f135b,Atelectasis,on,0.1824676305620124,1.0,0.2003906517516132,0.3338747771484166,1.1196820717197689
580,1150,56305bd94b986e35,Atelectasis,off,0.1698463517681973,0.0,0.0486472090599514,0.0920542542616959,0.7422096841823739
580,1150,56305bd94b986e35,Atelectasis,on,0.1698463517681973,0.0,0.0919134065472808,0.1683519825944221,0.4206946947647053
581,1151,8eb936b0cfda32f5,Atelectasis,off,0.200653967418583,0.0,0.1250403791427799,0.2220565245129303,0.3688164946090692
581,1151,8eb936b0cfda32f5,Atelectasis,on,0.200653967418583,0.0,0.1303367949766652,0.230615419225786,0.1808105268295617
582,1154,3fb3afa6fbb4c602,Atelectasis,off,0.1979786461607434,0.0,0.0607289719685726,0.111127018343071,0.3192417632605555
582,1154,3fb3afa6fbb4c602,Atelectasis,on,0.1979786461607434,0.0,0.1047339374849643,0.1896068436409285,0.1014426523318057
583,122,b2fad14eebc04be1,Edema,off,0.1778918078641775,0.0,0.0729163407766467,0.1352629350847603,0.9883545795563744
583,122,b2fad14eebc04be1,Edema,on,0.1778918078641775,0.0,0.128161730598248,0.2272014031163286,0.5582275834570405
584,393,f0c5cd1dcaab0e47,Edema,off,0.186478175908464,1.0,0.3442088118461265,0.5101615844679984,1.3026299487090114
584,393,f0c5cd1dcaab0e47,Edema,on,0.186478175908464,1.0,0.4001379650460217,0.5715679559684036,0.9260797251951418
585,406,a12aaef70490156c,Edema,off,0.203845835221652,0.0,0.248283866113605,0.3974874553249582,1.5608045607679275
585,406,a12aaef70490156c,Edema,on,0.203845835221652,0.0,0.2688788518719774,0.423805370876525,1.7583681999269092
586,409,2eed693b117c2db9,Edema,off,0.1966044374272083,1.0,0.3187028246286115,0.477634957324267,1.1330520070362091
586,409,2eed693b117c2db9,Edema,on,0.1966044374272083,1.0,0.3363960770807076,0.503425705591579,0.5871175579037832
587,452,a986d76c581c681b,Edema,off,0.1902401941435317,1.0,0.2789824413764589,0.4321359494890148,1.4212185253621814
587,452,a986d76c581c681b,Edema,on,0.1902401941435317,1.0,0.3694288227015194,0.5395303796925144,1.0275513996974122
588,473,f15dea1ce3c9b5b4,Edema,off,0.1865610182789253,1.0,0.2293340699140193,0.3698104195599122,1.459166394256928
588,473,f15dea1ce3c9b5b4,Edema,on,0.1865610182789253,1.0,0.286597953422488,0.4455115041294998,1.3746690461576845
589,474,2b578ad2daf4f07c,Edema,off,0.1837151391995477,0.0,0.1426826434149266,0.2491925288382221,1.7281383267349952
589,474,2b578ad2daf4f07c,Edema,on,0.1837151391995477,0.0,0.1493746093087975,0.2599217533071837,2.239673095259687
590,487,89c88b8ef9f0c6e4,Edema,off,0.1969601723121305,1.0,0.2333409376764148,0.3708769645187101,0.7805033202465317
590,487,89c88b8ef9f0c6e4,Edema,on,0.1969601723121305,1.0,0.2920093966637374,0.45201115236998,0.4477308679041692
591,491,2a30653355f7fc52,Edema,off,0.1897918707269174,1.0,0.3191802194726844,0.4769289341411745,1.2344408152950552
591,491,2a30653355f7fc52,Edema,on,0.1897918707269174,1.0,0.3807909362928132,0.5515403870231668,0.7018980471156048
592,523,80c6b3a0a74e5b10,Edema,off,0.2022279724573483,1.0,0.4001254842919001,0.5469070624967358,1.305445413113535
592,523,80c6b3a0a74e5b10,Edema,on,0.2022279724573483,1.0,0.3646376915622869,0.5155318841681353,0.7680682784503375
593,618,19480804a2bf56f8,Edema,off,0.1932615041250627,1.0,0.2462159694493967,0.3909159253790996,1.0575015851401126
593,618,19480804a2bf56f8,Edema,on,0.1932615041250627,1.0,0.2951494404380792,0.4557677191992607,0.5641004777287153
594,644,700255422ab49a1f,Edema,off,0.1930909463035247,0.0,0.2975790151625631,0.457455091490574,1.2426509730233817
594,644,700255422ab49a1f,Edema,on,0.1930909463035247,0.0,0.3019082135379259,0.4637908451160853,0.8150877017218243
595,656,a9646397048bc84c,Edema,off,0.2000253400191999,1.0,0.4156773979542865,0.5810705247480401,1.3926613818840072
595,656,a9646397048bc84c,Edema,on,0.2000253400191999,1.0,0.4247325649848954,0.5962131071702055,0.8168822662698795
596,657,e9184860388b2b47,Edema,off,0.1880521809472294,1.0,0.2132189437478529,0.3465462199913378,1.1778081126400646
596,657,e9184860388b2b47,Edema,on,0.1880521809472294,1.0,0.2225257706489084,0.3640316409471486,0.4303371624719211
597,675,66af19b43d8acd4c,Edema,off,0.1936562236549079,1.0,0.2493736209952465,0.3946158417305598,0.987692070387968
597,675,66af19b43d8acd4c,Edema,on,0.1936562236549079,1.0,0.3188526569682264,0.4835207574558118,0.5233152394372848
598,692,c44da25c2b6e6e92,Edema,off,0.1890170509090732,0.0,0.1887068840954603,0.3163907267745229,0.6244987675825362
598,692,c44da25c2b6e6e92,Edema,on,0.1890170509090732,0.0,0.1945425161680466,0.325716677437523,0.3788072664329144
599,721,fabe5ef3695a5461,Edema,off,0.1995575242801241,0.0,0.0995833990406279,0.1810562912955904,0.8899891377890876
599,721,fabe5ef3695a5461,Edema,on,0.1995575242801241,0.0,0.0998630715797537,0.1815908611713851,0.4260335846208474
600,725,921acbdad507f01a,Edema,off,0.2112919024019414,1.0,0.1576750417980454,0.2713747004665864,1.8008922696564522
600,725,921acbdad507f01a,Edema,on,0.2112919024019414,1.0,0.168401555625673,0.2882572759142528,2.025045620182478
601,737,eccfc478085c5c04,Edema,off,0.2155753402628539,0.0,0.1474502689809501,0.2562994264962833,1.4796869216262296
601,737,eccfc478085c5c04,Edema,on,0.2155753402628539,0.0,0.1728190546450435,0.2947060138670424,1.61156260019633
602,741,3d480d0e3bc6eeda,Edema,off,0.1961268755269018,0.0,0.2084119257050639,0.3433103397451175,1.2345803331847682
602,741,3d480d0e3bc6eeda,Edema,on,0.1961268755269018,0.0,0.2418464679387578,0.3894949316153533,0.9271198290533436
603,744,ec4e5ae6851c1dd7,Edema,off,0.1948013975995204,0.0,0.1281681603221115,0.2259141451412637,1.4957865684525835
603,744,ec4e5ae6851c1dd7,Edema,on,0.1948013975995204,0.0,0.1560335071625011,0.2699459010926753,1.7991174742098175
604,763,b816afc73b5ccdf4,Edema,off,0.2237913541803722,1.0,0.6447086920057137,0.7808795708985843,1.4431742898519957
604,763,b816afc73b5ccdf4,Edema,on,0.2237913541803722,1.0,0.3697368205763301,0.5398288885551553,0.7109508258161517
605,774,46215ce72bf546e2,Edema,off,0.1764786144857194,0.0,0.0815451032702917,0.1502246092748414,1.455564981277076
605,774,46215ce72bf546e2,Edema,on,0.1764786144857194,0.0,0.1119838690119477,0.2014127528429368,1.5259730488391396
606,775,34a1605c846fa6ff,Edema,off,0.2035437042234989,1.0,0.2589800161307332,0.4110651532693603,1.4462008365245822
606,775,34a1605c846fa6ff,Edema,on,0.2035437042234989,1.0,0.270230230836381,0.4254817144378549,1.098830645021788
607,791,7275c8b6f51b35b8,Edema,off,0.1904838481743003,0.0,0.1982636387402797,0.3306730683418167,1.3886399534111329
607,791,7275c8b6f51b35b8,Edema,on,0.1904838481743003,0.0,0.2144605903173086,0.3531781208489969,1.0868921046313724
608,846,86976ce0ce8ac118,Edema,off,0.1932809964475242,0.0,0.2665466027266539,0.4196730362043207,1.5684921910389895
608,846,86976ce0ce8ac118,Edema,on,0.1932809964475242,0.0,0.2983096701140085,0.4595336278334052,1.3799790706621526
609,860,01ec6fd2ecc2f08d,Edema,off,0.211691495012402,0.0,0.0765195571743388,0.1420225606877568,0.2240520592462872
609,860,01ec6fd2ecc2f08d,Edema,on,0.211691495012402,0.0,0.0577994782405864,0.1092816883670535,-0.0273840480075319
610,871,34630c8127633573,Edema,off,0.1992602663625864,1.0,0.2809902857850137,0.4334809986537918,0.8841729241566145
610,871,34630c8127633573,Edema,on,0.1992602663625864,1.0,0.3251758920315576,0.4907566439880031,0.5303603796062464
611,888,b50198f49cbff008,Edema,off,0.2180459921348478,1.0,0.1969931693117734,0.3271645567664488,0.7244173547161017
611,888,b50198f49cbff008,Edema,on,0.2180459921348478,1.0,0.1759247034911323,0.2992056339212084,0.2745793764482562
612,919,ec44a683d57116d1,Edema,off,0.1892850703429187,0.0,0.0014194712903184,0.0028267162150856,0.2285305322537699
612,919,ec44a683d57116d1,Edema,on,0.1892850703429187,0.0,0.0044183487173347,0.0087977169650702,-0.4172410788762198
613,930,1d5d7295d9c4a3f1,Edema,off,0.2192155314825373,1.0,0.3680718689474349,0.5343046294707465,0.8346932796740758
613,930,1d5d7295d9c4a3f1,Edema,on,0.2192155314825373,1.0,0.283633434241508,0.4419140041139583,0.3724640833162528
614,938,4cb2f80f7e9a2742,Edema,off,0.1869167531638476,1.0,0.2510272882089442,0.3944343555570381,1.1590871300142314
614,938,4cb2f80f7e9a2742,Edema,on,0.1869167531638476,1.0,0.3412723757183106,0.5088636275501844,0.6031290388778472
615,967,56d7a4445236725d,Edema,off,0.1924769381459877,1.0,0.2575488558721895,0.4018187350147449,1.17987646741847
615,967,56d7a4445236725d,Edema,on,0.1924769381459877,1.0,0.3586072918742587,0.527890132230778,0.6971259200363531
616,1004,50ab3732ce0f912e,Edema,off,0.2265982486148268,0.0,0.2479432321573613,0.3950293940682967,0.7111294775286217
616,1004,50ab3732ce0f912e,Edema,on,0.2265982486148268,0.0,0.1947132753474366,0.3259447463719865,0.3175898856581661
617,1013,3d2a1cae5d20b5b0,Edema,off,0.1976570228401288,1.0,0.2722162398123153,0.4165836424858017,1.5483237793300766
617,1013,3d2a1cae5d20b5b0,Edema,on,0.1976570228401288,1.0,0.3879627841319495,0.5590162803191975,0.841325743869781
618,1015,3c0096e17cc2688d,Edema,off,0.1960781447207481,1.0,0.3001966354033499,0.4573606905078741,1.081528845586666
618,1015,3c0096e17cc2688d,Edema,on,0.1960781447207481,1.0,0.3118713145902475,0.4754509130323731,0.5208276592185459
619,1040,20d2e0e9014e2b3c,Edema,off,0.2150490475563937,0.0,0.2418484105426364,0.3894588292168197,1.1614499801902638
619,1040,20d2e0e9014e2b3c,Edema,on,0.2150490475563937,0.0,0.2418107065353938,0.3894485160251298,0.737678430782971
620,1045,0977ae2cf34d956a,Edema,off,0.1857179753324659,0.0,0.1189663984065391,0.2125591813328055,1.4433941434843436
620,1045,0977ae2cf34d956a,Edema,on,0.1857179753324659,0.0,0.1264526832449989,0.2245148503007242,1.320179011139833
621,1083,53c1d93705bec81b,Edema,off,0.1993431087330477,1.0,0.2789859970966187,0.4316837680259849,0.5819614144142696
621,1083,53c1d93705bec81b,Edema,on,0.1993431087330477,1.0,0.2024966660230881,0.3367833798090467,0.168006617664965
622,1086,b460e9f1059f3ac3,Edema,off,0.1875989844499997,1.0,0.2326860890398601,0.3712204559525701,1.0794841436638367
622,1086,b460e9f1059f3ac3,Edema,on,0.1875989844499997,1.0,0.3283839475055446,0.4944013707249267,0.6319278547994133
623,1090,f5f0abf5e33c563a,Edema,off,0.1810057063774006,1.0,0.2949826043379656,0.449984408916094,1.260626650348745
623,1090,f5f0abf5e33c563a,Edema,on,0.1810057063774006,1.0,0.4075212474857955,0.5790553393468578,0.8162332070472789
624,1093,3c166be90502b65a,Edema,off,0.179285508920174,1.0,0.2360606508490071,0.3772973499820439,1.1063789106950097
624,1093,3c166be90502b65a,Edema,on,0.179285508920174,1.0,0.35964379544716,0.5290154479979396,0.6569423641138465
625,1116,3b432a10b30bb91a,Edema,off,0.1936221120906003,0.0,0.1945891608661991,0.3254358926850315,1.7434871684156823
625,1116,3b432a10b30bb91a,Edema,on,0.1936221120906003,0.0,0.2035155839424422,0.3382013346523484,2.0071608775050995
626,1122,b4af76bb65a3b727,Edema,off,0.1996842243761238,0.0,0.3402200969385986,0.5073426298429236,1.5521053704273855
626,1122,b4af76bb65a3b727,Edema,on,0.1996842243761238,0.0,0.3554359305294369,0.5244589798216753,1.3328106695302462
627,1139,f716986d2b4594bf,Edema,off,0.2104780979391742,1.0,0.409703275735269,0.5758513135180429,1.331131991915055
627,1139,f716986d2b4594bf,Edema,on,0.2104780979391742,1.0,0.366456444498266,0.5363484269919037,0.6404767801158512
628,1156,41875f28d1a6bb51,Edema,off,0.1837638700057015,1.0,0.4040556138543998,0.5671212339432414,1.208800687213241
628,1156,41875f28d1a6bb51,Edema,on,0.1837638700057015,1.0,0.3467015727716988,0.5148689287201644,0.6650853197027271
629,2,7fdc846bf5c6595f,Cardiomegaly,off,0.1872724880487697,1.0,0.4162109753267574,0.5870115129147755,1.819595178564981
629,2,7fdc846bf5c6595f,Cardiomegaly,on,0.1872724880487697,1.0,0.4486654677825793,0.6194189468723051,1.4375398847844676
630,10,6facf74a81a28169,Cardiomegaly,off,0.1816294606961683,1.0,0.4450901567307014,0.614738810964728,1.6206940760019155
630,10,6facf74a81a28169,Cardiomegaly,on,0.1816294606961683,1.0,0.489176277746233,0.6569751004709393,1.1210759949829143
631,34,ecc14faa47ae7453,Cardiomegaly,off,0.1741639011934174,1.0,0.1640159196397727,0.2807287609923213,0.8111327443709646
631,34,ecc14faa47ae7453,Cardiomegaly,on,0.1741639011934174,1.0,0.2156335547703324,0.3547654469229145,0.4951488356413561
632,58,9602f43496ca35c1,Cardiomegaly,off,0.1915559259096823,0.0,0.293393508396389,0.4526697924628708,1.054465813821527
632,58,9602f43496ca35c1,Cardiomegaly,on,0.1915559259096823,0.0,0.3055475016145461,0.4680737447150563,0.630617139915183
633,121,283cfccc2232dcf2,Cardiomegaly,off,0.1820875302740133,1.0,0.4747014671825617,0.6419757911894683,1.7173063748884925
633,121,283cfccc2232dcf2,Cardiomegaly,on,0.1820875302740133,1.0,0.5373988350494653,0.6991000903321675,1.1672367797133991
634,140,c733667e05c1cd2d,Cardiomegaly,off,0.1824919959650892,0.0,0.1381689096324912,0.2414289608291272,0.3954487775643485
634,140,c733667e05c1cd2d,Cardiomegaly,on,0.1824919959650892,0.0,0.175724609812407,0.298919374827666,0.2159900020036035
635,154,71b3c95f452d8a44,Cardiomegaly,off,0.188544362089382,1.0,0.3433198493945726,0.508787939892031,1.205362695478713
635,154,71b3c95f452d8a44,Cardiomegaly,on,0.188544362089382,1.0,0.398126182273074,0.5695117192671588,0.7994291435500164
636,157,79fce779b6f1da93,Cardiomegaly,off,0.187720811465384,1.0,0.4613029309507877,0.6272114985156325,1.7848051926753845
636,157,79fce779b6f1da93,Cardiomegaly,on,0.187720811465384,1.0,0.5304548622874778,0.6931988499929215,1.239228798632205
637,168,2ac3080c1a1a1970,Cardiomegaly,off,0.1913902411687596,0.0,0.2360069170552261,0.3794345867074836,0.8003845739794373
637,168,2ac3080c1a1a1970,Cardiomegaly,on,0.1913902411687596,0.0,0.2771854972712432,0.4340542040885278,0.511105441171953
638,183,90db5c1b12d21d6d,Cardiomegaly,off,0.1860298524918497,1.0,0.3781102662439146,0.5472573254911742,1.3507852386469297
638,183,90db5c1b12d21d6d,Cardiomegaly,on,0.1860298524918497,1.0,0.412398571167721,0.5839673112238354,0.8577633858139686
639,211,1223e669033e37be,Cardiomegaly,off,0.1835640737004712,1.0,0.4245132943458261,0.5955003658490573,1.770412760181723
639,211,1223e669033e37be,Cardiomegaly,on,0.1835640737004712,1.0,0.4561359825216323,0.6265012313003177,1.2937100424186392
640,213,e1ceb68cb23d7857,Cardiomegaly,off,0.1858251831060041,1.0,0.3255542873136088,0.4894259936280577,1.2062763036099022
640,213,e1ceb68cb23d7857,Cardiomegaly,on,0.1858251831060041,1.0,0.3792441930763216,0.5499298228332075,0.8585249222484448
641,220,ef96461e46f8d094,Cardiomegaly,off,0.1929447538850635,1.0,0.3194940880320603,0.4814512198874915,1.2442252552454238
641,220,ef96461e46f8d094,Cardiomegaly,on,0.1929447538850635,1.0,0.3642077176117796,0.5339471369201175,0.8726098215790359
642,234,e5f4624cd98d6640,Cardiomegaly,off,0.2058730367576471,1.0,0.3682783541024713,0.5374300317595591,1.0344573234249343
642,234,e5f4624cd98d6640,Cardiomegaly,on,0.2058730367576471,1.0,0.3738521039493711,0.5442373688705213,0.7341762140652858
643,283,7a77793683be9602,Cardiomegaly,off,0.1973792572450526,1.0,0.4947662591313481,0.6618177032545598,1.8964362580939251
643,283,7a77793683be9602,Cardiomegaly,on,0.1973792572450526,1.0,0.5117089156034884,0.6769939422170561,1.4491191815318776
644,309,6c8f5f81c8357205,Cardiomegaly,off,0.1818682416463215,1.0,0.3856028284565192,0.5549452978014562,1.202571103776036
644,309,6c8f5f81c8357205,Cardiomegaly,on,0.1818682416463215,1.0,0.4356641956444081,0.6069160141478456,0.8965998682031787
645,373,1f924d5148e24902,Cardiomegaly,off,0.1699194479774279,1.0,0.4116084441279598,0.5811862081324091,1.6217541656956624
645,373,1f924d5148e24902,Cardiomegaly,on,0.1699194479774279,1.0,0.4902988982859801,0.6579872561866608,1.2382007198378144
646,381,df722b3c373914e1,Cardiomegaly,off,0.1879011154481528,1.0,0.3318294844549715,0.496185375198073,1.2416837463550223
646,381,df722b3c373914e1,Cardiomegaly,on,0.1879011154481528,1.0,0.3759310027097007,0.5464367674891318,0.8097379826237537
647,392,affb1addb7bb42ed,Cardiomegaly,off,0.1664595607405133,1.0,0.4793070987875936,0.6468703286637578,2.1279749085969324
647,392,affb1addb7bb42ed,Cardiomegaly,on,0.1664595607405133,1.0,0.5483846216960911,0.7083312361949299,2.0749533056025764
648,410,5ba1bc09602544c8,Cardiomegaly,off,0.18622964879708,0.0,0.3294703603021888,0.4948172261982972,1.303438015288524
648,410,5ba1bc09602544c8,Cardiomegaly,on,0.18622964879708,0.0,0.3456099950593477,0.5136840064305482,0.8541720430849836
649,419,eb5032a8b3f8052a,Cardiomegaly,off,0.1846166591133917,1.0,0.3819824622195184,0.552351961739369,1.2496553823333991
649,419,eb5032a8b3f8052a,Cardiomegaly,on,0.1846166591133917,1.0,0.4082529550471044,0.5798000243956272,0.8793844269884641
650,420,5940198741acd68e,Cardiomegaly,off,0.1874966497570769,1.0,0.2417225074254053,0.3886572686999429,0.7841683441095325
650,420,5940198741acd68e,Cardiomegaly,on,0.1874966497570769,1.0,0.2593270990451463,0.4118493026074531,0.5030027757069194
651,421,404e5dadeda8d710,Cardiomegaly,off,0.1963851487995166,1.0,0.3820920168026269,0.5526771312436946,1.1280561171306167
651,421,404e5dadeda8d710,Cardiomegaly,on,0.1963851487995166,1.0,0.3970477990344244,0.568409527873271,0.83765184904919
652,424,5fbe41e547784e0c,Cardiomegaly,off,0.1851137133361597,1.0,0.4382021875145702,0.6087787329056713,1.755406602848842
652,424,5fbe41e547784e0c,Cardiomegaly,on,0.1851137133361597,1.0,0.4698169720793411,0.6392861084796257,1.2869814317704302
653,447,570ab29238338c71,Cardiomegaly,off,0.1881301502370753,1.0,0.4254822006793972,0.5961673986586967,1.506369996765685
653,447,570ab29238338c71,Cardiomegaly,on,0.1881301502370753,1.0,0.4612370091677552,0.6312958853578559,1.0146072771146464
654,448,30e47bf53ecb4626,Cardiomegaly,off,0.1785545468278681,1.0,0.257978243636712,0.4064470938273316,1.0016503829066117
654,448,30e47bf53ecb4626,Cardiomegaly,on,0.1785545468278681,1.0,0.3414444926966759,0.5090629031578318,0.6715160974984591
655,461,f58f795f86d14ebd,Cardiomegaly,off,0.1879790847379988,1.0,0.2894889118774889,0.4440812803002984,0.9425934249807356
655,461,f58f795f86d14ebd,Cardiomegaly,on,0.1879790847379988,1.0,0.3266841687553518,0.4924729102111371,0.5571842246382971
656,464,57bcef4f82bf8195,Cardiomegaly,off,0.1676437193300488,1.0,0.4168270224011152,0.5872892255635714,1.6161410419666218
656,464,57bcef4f82bf8195,Cardiomegaly,on,0.1676437193300488,1.0,0.4775606560805955,0.6464171985696828,1.177539831816378
657,465,996f10d9aa33dbb7,Cardiomegaly,off,0.1858154369447733,1.0,0.4203798711643892,0.59072220438406,1.4599459404530368
657,465,996f10d9aa33dbb7,Cardiomegaly,on,0.1858154369447733,1.0,0.4703517576041364,0.6397803242976838,1.0405665545390137
658,466,efc98b588af63774,Cardiomegaly,off,0.1975254496635138,1.0,0.4622381056044803,0.6320199831075755,1.6783663994489086
658,466,efc98b588af63774,Cardiomegaly,on,0.1975254496635138,1.0,0.4642558293222034,0.6341178681804728,1.180643947999678
659,468,62f30234391874f1,Cardiomegaly,off,0.1747535439478775,1.0,0.350431232727086,0.5180812415720039,1.7325710018906255
659,468,62f30234391874f1,Cardiomegaly,on,0.1747535439478775,1.0,0.3958893874949801,0.5672214606338069,1.6123419920873
660,469,701deb57a48ea40e,Cardiomegaly,off,0.2049081667958033,1.0,0.2674027479974324,0.41689894806444,0.9334074159161808
660,469,701deb57a48ea40e,Cardiomegaly,on,0.2049081667958033,1.0,0.3182047925727237,0.4827791111095825,0.5439691570817269
661,471,2cbf5e21fd5120c6,Cardiomegaly,off,0.1749630864143385,1.0,0.3175703944842145,0.4811749347419654,1.3642031691652523
661,471,2cbf5e21fd5120c6,Cardiomegaly,on,0.1749630864143385,1.0,0.3655683444951304,0.5354071525972827,0.9220764937632204
662,472,ecf3e07abdbb2152,Cardiomegaly,off,0.1692420897718911,1.0,0.2246072068649616,0.3649803257797758,0.7857503721255548
662,472,ecf3e07abdbb2152,Cardiomegaly,on,0.1692420897718911,1.0,0.295369590465025,0.4560372733509211,0.5129796555071874
663,475,79a1d67e9168770a,Cardiomegaly,off,0.1710548757608097,1.0,0.3307310035352277,0.4948558229594065,1.3024410720467223
663,475,79a1d67e9168770a,Cardiomegaly,on,0.1710548757608097,1.0,0.4172803868072552,0.5888456035637774,0.9023421001001845
664,476,2004e3665e3f10dc,Cardiomegaly,off,0.1876672075786149,0.0,0.2473737949819345,0.3949119065957227,0.6181957241131321
664,476,2004e3665e3f10dc,Cardiomegaly,on,0.1876672075786149,0.0,0.2850101296439569,0.4435897102261993,0.4558523344797042
665,477,47f95af5fe0a0150,Cardiomegaly,off,0.177375261318948,0.0,0.1873251764862959,0.3134692759960214,0.6361058908359032
665,477,47f95af5fe0a0150,Cardiomegaly,on,0.177375261318948,0.0,0.2313842131923574,0.3758088022483493,0.3827469826915616
666,479,3291160dec18f107,Cardiomegaly,off,0.2059071483219547,1.0,0.3901025600477903,0.5606012803790472,0.9237772416205392
666,479,3291160dec18f107,Cardiomegaly,on,0.2059071483219547,1.0,0.3795743864650168,0.5502749615047092,0.6630653661063655
667,483,5c68c7c5bcf114db,Cardiomegaly,off,0.200537013483814,1.0,0.3936468010782759,0.5644155293636605,1.345813468263276
667,483,5c68c7c5bcf114db,Cardiomegaly,on,0.200537013483814,1.0,0.4068067238733658,0.5783398621662547,0.9078809180403176
668,486,2e12dfdc50b6087d,Cardiomegaly,off,0.1911319678961449,1.0,0.3518214287773563,0.5194803898780818,1.1988966824309468
668,486,2e12dfdc50b6087d,Cardiomegaly,on,0.1911319678961449,1.0,0.3701728302822178,0.5403287662782306,0.8004519691895061
669,488,abb7ad451d66b842,Cardiomegaly,off,0.2091574930924082,1.0,0.3633800787922014,0.5312801505140676,1.0112045155942024
669,488,abb7ad451d66b842,Cardiomegaly,on,0.2091574930924082,1.0,0.3856427796046977,0.5566241297016735,0.6772139116593172
670,489,bd7d26f21807cd30,Cardiomegaly,off,0.2019940645878104,1.0,0.351198535344162,0.516900193592569,1.1507031130614107
670,489,bd7d26f21807cd30,Cardiomegaly,on,0.2019940645878104,1.0,0.4033185070745675,0.5748045106915546,0.7818799356021006
671,492,08ed699a1c98210c,Cardiomegaly,off,0.1698366056069665,1.0,0.2825608262419976,0.439305383637404,0.968705720978761
671,492,08ed699a1c98210c,Cardiomegaly,on,0.1698366056069665,1.0,0.3410315859040649,0.5086096061408332,0.6757271894958542
672,497,9c100e752176fe88,Cardiomegaly,off,0.1840660010038546,1.0,0.5169935033780528,0.6810731532565966,1.849682730323801
672,497,9c100e752176fe88,Cardiomegaly,on,0.1840660010038546,1.0,0.5345479024055383,0.6966834474336789,1.4101156117810278
673,498,7cc075c5945a979b,Cardiomegaly,off,0.1961512409299787,1.0,0.5049982804437863,0.6701593721452582,1.9363766658640065
673,498,7cc075c5945a979b,Cardiomegaly,on,0.1961512409299787,1.0,0.5401097499918226,0.7013910796092185,1.815200200663712
674,503,2183bc0d130fce0a,Cardiomegaly,off,0.184738486128776,1.0,0.5593756713731152,0.717134575112155,2.0997160761448423
674,503,2183bc0d130fce0a,Cardiomegaly,on,0.184738486128776,1.0,0.5810957507883839,0.7350542239192948,1.7123425026199572
675,504,4376708f8d89c7cd,Cardiomegaly,off,0.1967457567650541,1.0,0.4191384346203212,0.5886005561034552,1.73730038762706
675,504,4376708f8d89c7cd,Cardiomegaly,on,0.1967457567650541,1.0,0.4627397673034665,0.6327003571126951,1.3750698474900376
676,506,cbcdda51d2f214f6,Cardiomegaly,off,0.1705773138605032,1.0,0.3368421416319636,0.502888774063351,1.1232366869911894
676,506,cbcdda51d2f214f6,Cardiomegaly,on,0.1705773138605032,1.0,0.3896388119839382,0.5607762666913171,0.8078708423152553
677,507,0c4b5afba7f6553d,Cardiomegaly,off,0.1708989371811178,1.0,0.3313034557868528,0.4961464380493211,1.52183428425904
677,507,0c4b5afba7f6553d,Cardiomegaly,on,0.1708989371811178,1.0,0.4184758265028517,0.5900343236860852,1.122214095254654
678,510,0360f2df64ba5ada,Cardiomegaly,off,0.1794706859835582,1.0,0.2567888873129673,0.4041319607271575,0.897299331097598
678,510,0360f2df64ba5ada,Cardiomegaly,on,0.1794706859835582,1.0,0.3501536005048867,0.5186798155130744,0.6481402344948305
679,511,680f7b75961eb8f4,Cardiomegaly,off,0.1923356188081419,1.0,0.235189025777994,0.3791490953355114,0.4665289739479537
679,511,680f7b75961eb8f4,Cardiomegaly,on,0.1923356188081419,1.0,0.270849211061261,0.4262480565300705,0.4044217774200675
680,514,6b159bebb304e63d,Cardiomegaly,off,0.1906933906407613,1.0,0.3785375941412706,0.5485606880357452,1.514999049818023
680,514,6b159bebb304e63d,Cardiomegaly,on,0.1906933906407613,1.0,0.4044858469391779,0.5759907285370266,1.0648079070986558
681,526,a8847f04ce4b65e8,Cardiomegaly,off,0.204001773801344,0.0,0.3952448517043024,0.5652210031590628,1.3527966240229643
681,526,a8847f04ce4b65e8,Cardiomegaly,on,0.204001773801344,0.0,0.4150523392630028,0.586622591377751,0.8508330691721413
682,530,71e5e13c90e27554,Cardiomegaly,off,0.1949427169373662,1.0,0.3868423519921083,0.557365332705039,1.3964015115857369
682,530,71e5e13c90e27554,Cardiomegaly,on,0.1949427169373662,1.0,0.3990061604520728,0.5704128780067382,0.9217525334444888
683,531,608d260223d49da3,Cardiomegaly,off,0.1677655463454332,1.0,0.2959869139845993,0.454240869531558,1.340279094628269
683,531,608d260223d49da3,Cardiomegaly,on,0.1677655463454332,1.0,0.4065466910909727,0.5780736947193773,0.8675672100164499
684,532,ee2e70dd281aedf8,Cardiomegaly,off,0.1834714851687791,0.0,0.1581129038110874,0.2706711765941819,0.6713914953208922
684,532,ee2e70dd281aedf8,Cardiomegaly,on,0.1834714851687791,0.0,0.2237552861326547,0.3656789811130919,0.3581687680830163
685,533,95d1ebe0176d42c5,Cardiomegaly,off,0.1963510372352089,0.0,0.1197016166343449,0.2121028420653921,0.4075620877061972
685,533,95d1ebe0176d42c5,Cardiomegaly,on,0.1963510372352089,0.0,0.1406982972189092,0.2466845015098162,0.1478209101941698
686,534,c33c367dac2cf404,Cardiomegaly,off,0.166834787947897,0.0,0.0844715873039506,0.1530614324612579,0.6282025075589351
686,534,c33c367dac2cf404,Cardiomegaly,on,0.166834787947897,0.0,0.1807211089875509,0.3061151315123112,0.3512850257096325
687,536,241d1f811631bde9,Cardiomegaly,off,0.1911563332992217,1.0,0.4307294718368155,0.5974501267616045,1.6892122450778984
687,536,241d1f811631bde9,Cardiomegaly,on,0.1911563332992217,1.0,0.5100052746538637,0.6754964340203804,1.170042064547444
688,538,9949a1b3294f1d69,Cardiomegaly,off,0.1830475271552417,1.0,0.5150574936443612,0.6759372544302998,1.9431696888491987
688,538,9949a1b3294f1d69,Cardiomegaly,on,0.1830475271552417,1.0,0.6143108401847017,0.7610788103547912,1.4970897689931573
689,539,35e33ad272c6a698,Cardiomegaly,off,0.1853183827220053,1.0,0.2889276930703427,0.4458555023875747,0.7376690394795433
689,539,35e33ad272c6a698,Cardiomegaly,on,0.1853183827220053,1.0,0.3364634996615651,0.5035120827017977,0.579419119232151
690,540,2547cf6ac257f1fb,Cardiomegaly,off,0.1842706703897002,1.0,0.2567445738696542,0.4067741762908338,0.7564937101456677
690,540,2547cf6ac257f1fb,Cardiomegaly,on,0.1842706703897002,1.0,0.3100351979869876,0.473320075975659,0.5150208387619924
691,542,11b5f13c4f987989,Cardiomegaly,off,0.1867364491810788,1.0,0.3776616756582601,0.5439652081528529,1.3756581007818338
691,542,11b5f13c4f987989,Cardiomegaly,on,0.1867364491810788,1.0,0.4759090130908838,0.6448987398714653,0.966670223464557
692,543,f6ca28625cd3db34,Cardiomegaly,off,0.1913366372819905,1.0,0.5258219269505935,0.687238589270585,1.9936258162003588
692,543,f6ca28625cd3db34,Cardiomegaly,on,0.1913366372819905,1.0,0.5873751244216929,0.7400568569827701,1.5311157991712152
693,544,06cef2e1a825b8c0,Cardiomegaly,off,0.1839051893435473,1.0,0.3119386517713844,0.4740576007602152,0.9457141724115324
693,544,06cef2e1a825b8c0,Cardiomegaly,on,0.1839051893435473,1.0,0.3535396199974229,0.5223908308658574,0.659654891864076
694,548,2ec66809201014ac,Cardiomegaly,off,0.1800457094961721,1.0,0.3664318919751559,0.5354474262799089,1.5483363692760586
694,548,2ec66809201014ac,Cardiomegaly,on,0.1800457094961721,1.0,0.4111098166755657,0.5826753297683769,1.065181239935731
695,550,4b73dc561cd967c1,Cardiomegaly,off,0.1915900374739899,1.0,0.2570770344629095,0.4077483707653778,1.0792709782417484
695,550,4b73dc561cd967c1,Cardiomegaly,on,0.1915900374739899,1.0,0.2832081613902362,0.4414040818322952,0.6555117888896
696,551,972349289dd76549,Cardiomegaly,off,0.1928326730309099,0.0,0.2529062984463502,0.4033956219873431,0.9344378654869004
696,551,972349289dd76549,Cardiomegaly,on,0.1928326730309099,0.0,0.2601198817474235,0.4128489098787922,0.6674324955699544
697,556,7544b8fd9fae86bb,Cardiomegaly,off,0.170679648553426,1.0,0.3851582698339679,0.5545427271567422,1.4582711174701024
697,556,7544b8fd9fae86bb,Cardiomegaly,on,0.170679648553426,1.0,0.4638632556034358,0.6337509445842413,1.0754999947804686
698,563,1c8da14e96dece38,Cardiomegaly,off,0.2077394266333348,1.0,0.3473290563588726,0.5153269338850145,1.1709102117448364
698,563,1c8da14e96dece38,Cardiomegaly,on,0.2077394266333348,1.0,0.3401587097066166,0.5076386832574185,0.7328686681197393
699,564,5f920ed6737c40a1,Cardiomegaly,off,0.1970430146825919,0.0,0.2890326541920368,0.4477153223998354,0.9262237818882972
699,564,5f920ed6737c40a1,Cardiomegaly,on,0.1970430146825919,0.0,0.3029932374864709,0.4650717223098511,0.6038689554772808
700,575,214a8fe9f196e531,Cardiomegaly,off,0.1853573673669283,1.0,0.3689288954139978,0.5376471973948906,1.3357473509681808
700,575,214a8fe9f196e531,Cardiomegaly,on,0.1853573673669283,1.0,0.3989930253343753,0.5703984264656603,0.8296761254791303
701,576,2f0b25b0451b7721,Cardiomegaly,off,0.1883932965903055,1.0,0.3957854043718594,0.5667226532779046,1.753587711068603
701,576,2f0b25b0451b7721,Cardiomegaly,on,0.1883932965903055,1.0,0.4134405454874668,0.5850129774167356,1.3627742199324986
702,577,a3ec37f62a93ffbf,Cardiomegaly,off,0.1955128673693648,1.0,0.3752624101515011,0.545199790508706,1.4070506029564571
702,577,a3ec37f62a93ffbf,Cardiomegaly,on,0.1955128673693648,1.0,0.3849209203201859,0.5558732504760175,0.9518578850143558
703,580,797c2f40115e9520,Cardiomegaly,off,0.2044890818628812,0.0,0.3113967626574238,0.4744385880245346,1.111681551058944
703,580,797c2f40115e9520,Cardiomegaly,on,0.2044890818628812,0.0,0.3069761038858877,0.4697490134291652,0.6781731177887245
704,581,1dd35bdc701058b8,Cardiomegaly,off,0.1659868719208221,1.0,0.3966795126880802,0.5651784690472731,1.6484688262089977
704,581,1dd35bdc701058b8,Cardiomegaly,on,0.1659868719208221,1.0,0.5177627012206799,0.682267992766312,1.222247721056191
705,582,1721365ffc626d65,Cardiomegaly,off,0.1704067560389651,1.0,0.3037030885101909,0.461895644582946,1.2553332848846177
705,582,1721365ffc626d65,Cardiomegaly,on,0.1704067560389651,1.0,0.4376976726858435,0.6088816563998066,0.8858192292644101
706,583,8e7589220df31a0d,Cardiomegaly,off,0.2048350705865727,1.0,0.3351347684491715,0.5013290943432653,1.0790324319298328
706,583,8e7589220df31a0d,Cardiomegaly,on,0.2048350705865727,1.0,0.3465771571387627,0.5147515277592338,0.6849421971834845
707,585,af0c034956436e0a,Cardiomegaly,off,0.1879059885287682,1.0,0.330408903258896,0.4941211257779193,0.9980464454934744
707,585,af0c034956436e0a,Cardiomegaly,on,0.1879059885287682,1.0,0.3819495287911637,0.5527683673517501,0.7180077294275024
708,586,9b93318ddb7cd62b,Cardiomegaly,off,0.1824091535946279,1.0,0.2739249501182131,0.422817724656546,1.1629786634895831
708,586,9b93318ddb7cd62b,Cardiomegaly,on,0.1824091535946279,1.0,0.4268897523028307,0.5983412917164992,0.8445651234707796
709,590,89f9b7849e46caa9,Cardiomegaly,off,0.2031489846936537,0.0,0.3642528900745684,0.53163459770036,1.0547933555252702
709,590,89f9b7849e46caa9,Cardiomegaly,on,0.2031489846936537,0.0,0.3936028129674038,0.5648666929336019,0.7283206161196089
710,591,9386dc7a34a1e7dd,Cardiomegaly,off,0.1924135880979879,1.0,0.500118747585382,0.6643750166652688,1.5993097880015084
710,591,9386dc7a34a1e7dd,Cardiomegaly,on,0.1924135880979879,1.0,0.5245449703637812,0.6881285807653653,1.060277368646264
711,593,126026090474fbb9,Cardiomegaly,off,0.180645098411863,1.0,0.2563855021871823,0.4037635330799804,1.4061561129757505
711,593,126026090474fbb9,Cardiomegaly,on,0.180645098411863,1.0,0.3724849124121727,0.542785036317136,0.9800008948543668
712,595,dcd8247a468ccb75,Cardiomegaly,off,0.1879985770604603,1.0,0.3256513891841724,0.489841991327877,1.1853370422068636
712,595,dcd8247a468ccb75,Cardiomegaly,on,0.1879985770604603,1.0,0.3557150336280884,0.5247625852019075,0.7672442610921042
713,596,7dbc96c71e7336c3,Cardiomegaly,off,0.1975644343084367,0.0,0.1849262646209973,0.3107224526469832,0.2957843655886467
713,596,7dbc96c71e7336c3,Cardiomegaly,on,0.1975644343084367,0.0,0.2047735887596236,0.3399353546486504,0.2584649391508853
714,598,b38df7a297c10dd5,Cardiomegaly,off,0.1861857910715417,1.0,0.3730232739255711,0.5425991206118377,1.214234757915926
714,598,b38df7a297c10dd5,Cardiomegaly,on,0.1861857910715417,1.0,0.408397504811505,0.5799458937057562,0.8717760832197299
715,599,07c65ac7e61ec610,Cardiomegaly,off,0.1862540142001569,1.0,0.2936570180567455,0.4528144520139167,1.0365822927295405
715,599,07c65ac7e61ec610,Cardiomegaly,on,0.1862540142001569,1.0,0.3287856337382578,0.4948651058313652,0.7314857809922883
716,600,79f54cb01230a30e,Cardiomegaly,off,0.1787543431330984,1.0,0.4298909295543042,0.599595502660021,1.5293110263140433
716,600,79f54cb01230a30e,Cardiomegaly,on,0.1787543431330984,1.0,0.4709366003162202,0.6403200017247844,1.0573457235619192
717,601,cc33d850a281e99f,Cardiomegaly,off,0.1826674268672426,1.0,0.4187403255844047,0.5888425432128095,1.4160981784917046
717,601,cc33d850a281e99f,Cardiomegaly,on,0.1826674268672426,1.0,0.4623844246238587,0.6323690142275155,0.910402202699344
718,602,bedf19097d27d0ba,Cardiomegaly,off,0.1937683045090615,1.0,0.518662690047871,0.6826411104629038,1.636108157712986
718,602,bedf19097d27d0ba,Cardiomegaly,on,0.1937683045090615,1.0,0.5370711384365527,0.6988237858249704,1.1888111294474863
719,605,0b84b77a60ffbb36,Cardiomegaly,off,0.181351695101092,1.0,0.4751866488447288,0.6426847006947696,1.7166341841517885
719,605,0b84b77a60ffbb36,Cardiomegaly,on,0.181351695101092,1.0,0.5280452006933345,0.6911365876208575,1.3095205537139736
720,607,cd9b8a1ed4c43573,Cardiomegaly,off,0.1924915573878338,0.0,0.2413503326540503,0.3868681582903116,1.2133561154162678
720,607,cd9b8a1ed4c43573,Cardiomegaly,on,0.1924915573878338,0.0,0.286287211521142,0.4451357479793609,0.7840176732101677
721,609,0f372aae9c5752a3,Cardiomegaly,off,0.1876184767724612,1.0,0.492034140210232,0.6556397526064954,1.6811479861149974
721,609,0f372aae9c5752a3,Cardiomegaly,on,0.1876184767724612,1.0,0.5733132232731732,0.7287970869669226,1.292149814068093
722,617,0bb24a56c2670768,Cardiomegaly,off,0.1961902255749016,0.0,0.3176371270628988,0.4813515898621942,1.1938088050215796
722,617,0bb24a56c2670768,Cardiomegaly,on,0.1961902255749016,0.0,0.325581435134193,0.4912265990264121,0.7446850997892415
723,619,f6ce4753c7645ea2,Cardiomegaly,off,0.1837005199577016,1.0,0.3724814273859909,0.540326342433353,1.211195849854396
723,619,f6ce4753c7645ea2,Cardiomegaly,on,0.1837005199577016,1.0,0.4330954233301843,0.6044184521560141,0.8621094157361712
724,620,bf9fef80db09bc13,Cardiomegaly,off,0.1847092476450837,1.0,0.3089979104736799,0.4688936959558861,1.2082289570503997
724,620,bf9fef80db09bc13,Cardiomegaly,on,0.1847092476450837,1.0,0.3598176011212753,0.5292084193554351,0.7386531407127643
725,625,54b1d80e19cdd92e,Cardiomegaly,off,0.1958296176093641,1.0,0.2922272527510102,0.4501529063857833,1.1195920192724016
725,625,54b1d80e19cdd92e,Cardiomegaly,on,0.1958296176093641,1.0,0.3274850663584662,0.4933890154600145,0.675244725476058
726,626,61dae602d0b69f43,Cardiomegaly,off,0.2006685866604291,1.0,0.4844941788303455,0.6482852062492018,1.5315201393259874
726,626,61dae602d0b69f43,Cardiomegaly,on,0.2006685866604291,1.0,0.5477908289912751,0.7078311078307767,1.1149458332666342
727,627,9d878e929646cca4,Cardiomegaly,off,0.1959806831084406,1.0,0.4370647441709472,0.6076635986972179,1.49666906099936
727,627,9d878e929646cca4,Cardiomegaly,on,0.1959806831084406,1.0,0.4534364124571537,0.6239496370701045,1.0320784097143645
728,628,79d33f7627032c13,Cardiomegaly,off,0.19499144774352,1.0,0.5412652819551669,0.7006980936005005,1.6944778197507804
728,628,79d33f7627032c13,Cardiomegaly,on,0.19499144774352,1.0,0.5787668524718377,0.7331875291815642,1.204470827510456
729,629,ab728b61f30384c1,Cardiomegaly,off,0.1951814978875195,0.0,0.3568920021624793,0.5255944313663788,1.4123342730657036
729,629,ab728b61f30384c1,Cardiomegaly,on,0.1951814978875195,0.0,0.3733044416103596,0.5436580841765817,0.9440794271567732
730,630,905c8db3c75a119a,Cardiomegaly,off,0.1763275489866428,1.0,0.441166580600287,0.608920199919919,1.7164408252034378
730,630,905c8db3c75a119a,Cardiomegaly,on,0.1763275489866428,1.0,0.5519775827009598,0.7113196881556545,1.224362599283095
731,631,e2845c008a174e95,Cardiomegaly,off,0.1955810904979801,1.0,0.3698042147067685,0.5397252072901119,1.403821348124638
731,631,e2845c008a174e95,Cardiomegaly,on,0.1955810904979801,1.0,0.3810886792132936,0.5518668332383472,0.9424406795292238
732,632,ee1610fae5db6897,Cardiomegaly,off,0.1896846629533792,0.0,0.243444133169377,0.3887202819445455,1.2782600854703856
732,632,ee1610fae5db6897,Cardiomegaly,on,0.1896846629533792,0.0,0.3082838080817928,0.4712762436569561,0.836892939268738
733,635,61884254369ca7b6,Cardiomegaly,off,0.1842609242284695,0.0,0.3196329196680089,0.48236994427069,1.1356389243774545
733,635,61884254369ca7b6,Cardiomegaly,on,0.1842609242284695,0.0,0.3758225892890316,0.5463236846048567,0.7882130000705303
734,638,e36010bbb7371368,Cardiomegaly,off,0.2182068037951552,0.0,0.3077304408474105,0.4693317998158324,0.7927020314485462
734,638,e36010bbb7371368,Cardiomegaly,on,0.2182068037951552,0.0,0.2580907035441871,0.4102797780159721,0.421747176603115
735,639,6edd6abbc9ad1532,Cardiomegaly,off,0.2081049076794877,1.0,0.4359965011689633,0.6069168541155177,0.985966032715161
735,639,6edd6abbc9ad1532,Cardiomegaly,on,0.2081049076794877,1.0,0.4291440188250824,0.6005590104800703,0.7941933188043834
736,640,d1e93953200c1186,Cardiomegaly,off,0.2112334254345569,1.0,0.2785422694619412,0.4355386603139776,0.3879558639230709
736,640,d1e93953200c1186,Cardiomegaly,on,0.2112334254345569,1.0,0.2624634206395104,0.4157950536886803,0.3620880671993
737,641,294947320c2cca4a,Cardiomegaly,off,0.2079294767773343,1.0,0.4707343671505443,0.637966772416323,1.344295170178261
737,641,294947320c2cca4a,Cardiomegaly,on,0.2079294767773343,1.0,0.4642795771956727,0.6341356518885822,0.8961361376945711
738,649,163c8088c230cf46,Cardiomegaly,off,0.1902791787884546,1.0,0.4591861754457226,0.6268370077103129,1.7897283850122114
738,649,163c8088c230cf46,Cardiomegaly,on,0.1902791787884546,1.0,0.5331069132268204,0.6954584104593258,1.2241543062295102
739,652,8178baafc2b7ba5b,Cardiomegaly,off,0.1718345686592693,1.0,0.4299410248616045,0.5999750175913926,1.7198743382583397
739,652,8178baafc2b7ba5b,Cardiomegaly,on,0.1718345686592693,1.0,0.5009424767356425,0.6675027822134931,1.2963506292027849
740,658,02bb8bdaddf67809,Cardiomegaly,off,0.1935977466875234,1.0,0.3770496208287838,0.546399029706025,1.1230079140304914
740,658,02bb8bdaddf67809,Cardiomegaly,on,0.1935977466875234,1.0,0.3792228249735384,0.5499053219358567,0.7078447924537562
741,659,3f4eb9d75742b598,Cardiomegaly,off,0.146825918941177,1.0,0.1399829836479717,0.2449215565378225,0.4801125721511187
741,659,3f4eb9d75742b598,Cardiomegaly,on,0.146825918941177,1.0,0.1906461995360312,0.3202383344863491,0.2770915083562754
742,660,ad0a56ab2e391d06,Cardiomegaly,off,0.1948842399699818,1.0,0.3352857037390694,0.5013904900099051,1.0243786421805896
742,660,ad0a56ab2e391d06,Cardiomegaly,on,0.1948842399699818,1.0,0.3579862728409664,0.5272299096696372,0.6779263504844233
743,661,2c70900c590d74ad,Cardiomegaly,off,0.2051908054714949,1.0,0.4651118426214785,0.6342538655923059,1.3925723481634038
743,661,2c70900c590d74ad,Cardiomegaly,on,0.2051908054714949,1.0,0.4759352479920394,0.6449261422915076,0.9459205538466858
744,668,a207cabae49761bc,Cardiomegaly,off,0.1935441428007543,1.0,0.3287744712785304,0.4934651405786523,1.2170449006391786
744,668,a207cabae49761bc,Cardiomegaly,on,0.1935441428007543,1.0,0.3631098102653818,0.5327653278750291,0.8022944455633982
745,670,31a5332679fdc782,Cardiomegaly,off,0.1936074928487542,1.0,0.2689240861187367,0.4211150210629995,0.6896376539585962
745,670,31a5332679fdc782,Cardiomegaly,on,0.1936074928487542,1.0,0.3138198435916977,0.4777171840180154,0.5129506957944615
746,671,ca6773a837562f0d,Cardiomegaly,off,0.1620250573805242,1.0,0.1407198063590611,0.2455846268211129,0.5875815479986161
746,671,ca6773a837562f0d,Cardiomegaly,on,0.1620250573805242,1.0,0.1821258797330374,0.3081267973240313,0.2376391829098572
747,673,a0d4ee8de8d31823,Cardiomegaly,off,0.1895725820992256,1.0,0.3009359452639236,0.4613431661363833,0.8304499537157826
747,673,a0d4ee8de8d31823,Cardiomegaly,on,0.1895725820992256,1.0,0.3386705147314971,0.5059789807189008,0.5954862257680792
748,674,d00e08c821daddb2,Cardiomegaly,off,0.1882909618973826,0.0,0.2602306347079935,0.4111284611984078,0.9552775531508272
748,674,d00e08c821daddb2,Cardiomegaly,on,0.1882909618973826,0.0,0.3087315536812968,0.4718004227655889,0.59386290109849
749,677,d31e90e1677b0e8a,Cardiomegaly,off,0.1850016324820061,1.0,0.4970795462903886,0.6631490607246046,1.9043666782733355
749,677,d31e90e1677b0e8a,Cardiomegaly,on,0.1850016324820061,1.0,0.5350161605950288,0.6970815138192744,1.499702522453492
750,679,dc533c92faa848e7,Cardiomegaly,off,0.1877013191429225,1.0,0.4998120749162019,0.6660179940499094,1.8307000061166896
750,679,dc533c92faa848e7,Cardiomegaly,on,0.1877013191429225,1.0,0.5229732217916128,0.6867792576759054,1.3914947740761274
751,684,4d19a321fce81a88,Cardiomegaly,off,0.1904351173681466,0.0,0.2152283517130895,0.3529057282846907,0.9426198753541418
751,684,4d19a321fce81a88,Cardiomegaly,on,0.1904351173681466,0.0,0.241560988632153,0.3891225576839212,0.5604939713939361
752,688,c5e74a9e6d9866c6,Cardiomegaly,off,0.193344346495524,1.0,0.4681619699570207,0.6371441182559832,1.4531997755019477
752,688,c5e74a9e6d9866c6,Cardiomegaly,on,0.193344346495524,1.0,0.4929726181123651,0.660390411386568,1.0011421694709413
753,689,ed4399b895f782c8,Cardiomegaly,off,0.1875161420795384,1.0,0.5093321203940315,0.6729277897654576,1.506403083614496
753,689,ed4399b895f782c8,Cardiomegaly,on,0.1875161420795384,1.0,0.5585350659920919,0.7167433089017443,1.1568722143657804
754,691,52e293f3160d0ffe,Cardiomegaly,off,0.1835007236524714,1.0,0.3163435984614803,0.4804988429453701,1.1335342460677986
754,691,52e293f3160d0ffe,Cardiomegaly,on,0.1835007236524714,1.0,0.3251932267583085,0.4907854456504304,0.9421578370616548
755,699,2269b34cd39dc1cb,Cardiomegaly,off,0.1954738827244419,1.0,0.4792212432696183,0.6471053868285439,1.3907810039441362
755,699,2269b34cd39dc1cb,Cardiomegaly,on,0.1954738827244419,1.0,0.5061213908308744,0.6720849886996403,1.0407715291101145
756,705,4eabc937d96b0ffd,Cardiomegaly,off,0.1939096238469073,1.0,0.450388523911487,0.6197200926879096,1.493356960762381
756,705,4eabc937d96b0ffd,Cardiomegaly,on,0.1939096238469073,1.0,0.4937915636308991,0.6611249908916321,1.074264876260968
757,706,b96969823d73a7bc,Cardiomegaly,off,0.1839587932303164,1.0,0.3742441348731361,0.5415572162737694,1.299330535168829
757,706,b96969823d73a7bc,Cardiomegaly,on,0.1839587932303164,1.0,0.4484336443378672,0.619195463853018,0.9089121264631176
758,710,af5dde2eb6b9742a,Cardiomegaly,off,0.1976424035982827,1.0,0.3350070192708395,0.5016564437342863,0.7861551937742036
758,710,af5dde2eb6b9742a,Cardiomegaly,on,0.1976424035982827,1.0,0.3320845588040316,0.4985932161400044,0.5895706606467211
759,711,b3da9d0303cf2c8f,Cardiomegaly,off,0.1769074455798722,1.0,0.4167212238401422,0.5881395444189599,2.0102784986395537
759,711,b3da9d0303cf2c8f,Cardiomegaly,on,0.1769074455798722,1.0,0.3864157887601168,0.5574296523345542,1.780289621018049
760,712,48aff0553b673b8b,Cardiomegaly,off,0.1941191663133683,1.0,0.347252647552955,0.5149756078094389,1.4608136988639455
760,712,48aff0553b673b8b,Cardiomegaly,on,0.1941191663133683,1.0,0.3681644980276834,0.5381869352165265,1.032282819900401
761,714,b2fdc492ae0123c6,Cardiomegaly,off,0.1785106891023298,1.0,0.4219902665048894,0.5927977010876451,2.0054056839563903
761,714,b2fdc492ae0123c6,Cardiomegaly,on,0.1785106891023298,1.0,0.4493421463396611,0.6200628748307443,1.937147746967351
762,715,af6cd7b956adeb19,Cardiomegaly,off,0.180435555945402,1.0,0.4727636985971866,0.640624335448443,1.918552138693449
762,715,af6cd7b956adeb19,Cardiomegaly,on,0.180435555945402,1.0,0.5350385615923564,0.6970999509585712,1.495184915125722
763,716,d71ce8514eaeb2a3,Cardiomegaly,off,0.1909126792684531,1.0,0.3852145921199438,0.5557155361407915,1.609660652883729
763,716,d71ce8514eaeb2a3,Cardiomegaly,on,0.1909126792684531,1.0,0.4023458944376309,0.5738178813149831,1.1963837999039428
764,717,202e12d7ebba3624,Cardiomegaly,off,0.2058730367576471,1.0,0.387492529766286,0.5574246660240607,0.9579971882332315
764,717,202e12d7ebba3624,Cardiomegaly,on,0.2058730367576471,1.0,0.3853004844014497,0.5562670087293705,0.6691879180426692
765,718,1d2fbbe6e22826c5,Cardiomegaly,off,0.1985439235121266,1.0,0.3837779696485143,0.5530975758872094,1.180984292106925
765,718,1d2fbbe6e22826c5,Cardiomegaly,on,0.1985439235121266,1.0,0.424621076144312,0.5961166694871919,0.7943270760968334
766,719,409ee47d21baa5db,Cardiomegaly,off,0.1771121149657178,1.0,0.3579221302967363,0.5236612792800339,1.6786791891141983
766,719,409ee47d21baa5db,Cardiomegaly,on,0.1771121149657178,1.0,0.4704659538603808,0.6398852642629841,1.3854494551896008
767,720,5f71da4bbf80cb20,Cardiomegaly,off,0.1965118488955163,1.0,0.400395301369429,0.5708086087912061,1.393435164753207
767,720,5f71da4bbf80cb20,Cardiomegaly,on,0.1965118488955163,1.0,0.4295241333573864,0.6009322770720008,1.000296344336173
768,722,ad9c9cb07f6f78c8,Cardiomegaly,off,0.1925207958715261,1.0,0.4154870282912087,0.5864883609589283,1.243142093027513
768,722,ad9c9cb07f6f78c8,Cardiomegaly,on,0.1925207958715261,1.0,0.4400410532340895,0.6111502945975245,0.8847060315344393
769,724,59fa68de64ffaa7d,Cardiomegaly,off,0.1720587303675764,1.0,0.1950859919912896,0.3248415632482047,0.6892629542707479
769,724,59fa68de64ffaa7d,Cardiomegaly,on,0.1720587303675764,1.0,0.2498011880862028,0.3997426437500787,0.4363996690085279
770,727,73b7a98fb207af59,Cardiomegaly,off,0.184738486128776,1.0,0.5169393652311095,0.6808421580356421,1.9411900630757624
770,727,73b7a98fb207af59,Cardiomegaly,on,0.184738486128776,1.0,0.5531530837956741,0.7122967730054457,1.4293618693352468
771,728,e0858f869fb1d358,Cardiomegaly,off,0.1843388935183154,1.0,0.4336197136916381,0.6045158597652801,1.59100497846651
771,728,e0858f869fb1d358,Cardiomegaly,on,0.1843388935183154,1.0,0.4563685039504419,0.6267211693784456,1.160177196182285
772,729,3502d707ba4a3a3f,Cardiomegaly,off,0.1951522594038273,1.0,0.4793673106698249,0.6478546614672214,1.635468253460866
772,729,3502d707ba4a3a3f,Cardiomegaly,on,0.1951522594038273,1.0,0.4899882196905641,0.6577072035585142,1.1617457925211043
773,733,f6fbdade42ecdb95,Cardiomegaly,off,0.1951668786456734,1.0,0.428217725610737,0.5984963821741367,1.5764313091352655
773,733,f6fbdade42ecdb95,Cardiomegaly,on,0.1951668786456734,1.0,0.4555910624613475,0.6259869215185787,1.109928497316208
774,734,4e8cc590986cc131,Cardiomegaly,off,0.2008781291268901,0.0,0.3075270097043252,0.4697930683353156,0.933311741966572
774,734,4e8cc590986cc131,Cardiomegaly,on,0.2008781291268901,0.0,0.3142766630965335,0.4782492930737801,0.5928437288947648
775,735,1fd96564896ac64e,Cardiomegaly,off,0.187628222933692,1.0,0.5368706492583366,0.6964159522022532,1.964295865192984
775,735,1fd96564896ac64e,Cardiomegaly,on,0.187628222933692,1.0,0.5975676400748752,0.7480958488680476,1.4724368512401442
776,736,9132311b5a5760bd,Cardiomegaly,off,0.1879254808512297,0.0,0.2293324833663009,0.3713911703192182,0.7259184976536975
776,736,9132311b5a5760bd,Cardiomegaly,on,0.1879254808512297,0.0,0.2594104411461974,0.4119533471339929,0.4543653085725763
777,739,f282b543a98a6adf,Cardiomegaly,off,0.1863904604573873,1.0,0.2550190692125946,0.4010880758641241,1.237082283573162
777,739,f282b543a98a6adf,Cardiomegaly,on,0.1863904604573873,1.0,0.3496373920629846,0.5181183934006597,0.826040935105745
778,740,6a0cf8217cd19547,Cardiomegaly,off,0.1951376401619812,0.0,0.1683430092435022,0.2833978886978526,0.3882523566188224
778,740,6a0cf8217cd19547,Cardiomegaly,on,0.1951376401619812,0.0,0.2422404511714058,0.3900026287460088,0.3256307302198455
779,742,a6f2173b3167c667,Cardiomegaly,off,0.1875161420795384,1.0,0.2189484534851831,0.3550315009297201,0.9653151073654396
779,742,a6f2173b3167c667,Cardiomegaly,on,0.1875161420795384,1.0,0.2921015315664794,0.4521305767035671,0.5899439036255224
780,743,77833736695e8699,Cardiomegaly,off,0.1845630552266226,1.0,0.4047873958646463,0.5740889455080606,1.51708089695243
780,743,77833736695e8699,Cardiomegaly,on,0.1845630552266226,1.0,0.4702424625295182,0.6396786222076357,1.018916707166035
781,745,ea67363fc3eed456,Cardiomegaly,off,0.1971745878592069,1.0,0.282927866527531,0.4319969922617656,1.092098774186438
781,745,ea67363fc3eed456,Cardiomegaly,on,0.1971745878592069,1.0,0.3521631001795421,0.5208735914838172,0.6469647832272217
782,749,11663b0653bdfaec,Cardiomegaly,off,0.1913073987982983,1.0,0.312092627865389,0.475118260355475,1.19292691996973
782,749,11663b0653bdfaec,Cardiomegaly,on,0.1913073987982983,1.0,0.3362841308603113,0.5033117570006531,0.7981872710755705
783,750,bb5184c8cffa9ed9,Cardiomegaly,off,0.2017893952019648,1.0,0.3919032964713036,0.5612047518858089,1.255130141400708
783,750,bb5184c8cffa9ed9,Cardiomegaly,on,0.2017893952019648,1.0,0.4289962201731748,0.6004143237380574,0.8228625475252009
784,751,543a5528c87b2f5d,Cardiomegaly,off,0.1828233654469346,1.0,0.2779611064394222,0.4322309945310582,1.113819118918834
784,751,543a5528c87b2f5d,Cardiomegaly,on,0.1828233654469346,1.0,0.3798609077044794,0.5505749426523232,0.7300972233249788
785,755,691b6a598d35f408,Cardiomegaly,off,0.1858008177029272,0.0,0.2618569175665234,0.4132841283308195,0.814384901894223
785,755,691b6a598d35f408,Cardiomegaly,on,0.1858008177029272,0.0,0.3012740731814854,0.4630429279163045,0.5416355866593301
786,756,3cb452eb0c7eb696,Cardiomegaly,off,0.1865122874727716,1.0,0.2827383741551367,0.4404654920118395,0.8697172345144831
786,756,3cb452eb0c7eb696,Cardiomegaly,on,0.1865122874727716,1.0,0.3035272260306627,0.4657009814493019,0.5965379837304216
787,758,5655c391e89d0398,Cardiomegaly,off,0.1689545780155841,1.0,0.3354233343103743,0.5002476249532342,1.1237060953487836
787,758,5655c391e89d0398,Cardiomegaly,on,0.1689545780155841,1.0,0.4047630198418129,0.576271234012092,0.8113835820001601
788,760,3e070b1789cb8517,Cardiomegaly,off,0.1747486708672621,1.0,0.3250626074228125,0.4888476987144808,1.5998207238477302
788,760,3e070b1789cb8517,Cardiomegaly,on,0.1747486708672621,1.0,0.4000704832620534,0.5714996343243469,1.2255056269620517
789,761,df171907ed8ead8a,Cardiomegaly,off,0.1962487025422861,0.0,0.0984102833927497,0.178216536479742,0.2131986158433574
789,761,df171907ed8ead8a,Cardiomegaly,on,0.1962487025422861,0.0,0.1064950950375284,0.1924887616847566,0.0118759165025068
790,764,b734b7047b19bcde,Cardiomegaly,off,0.2032074616610382,1.0,0.4279114226920931,0.5980472850686789,1.2880643611125706
790,764,b734b7047b19bcde,Cardiomegaly,on,0.2032074616610382,1.0,0.4211527585968783,0.5926886110127866,0.8047857878518575
791,765,2354bf39abc9bf7e,Cardiomegaly,off,0.1909565369939914,1.0,0.3092032929893408,0.4717012842720212,1.394941860624049
791,765,2354bf39abc9bf7e,Cardiomegaly,on,0.1909565369939914,1.0,0.3322881222398608,0.4988222975552571,0.971465062436194
792,766,1a3deff1a73dec78,Cardiomegaly,off,0.1721415727380378,1.0,0.3657731591581409,0.5333741397228453,1.4308013992132256
792,766,1a3deff1a73dec78,Cardiomegaly,on,0.1721415727380378,1.0,0.4375792170196481,0.6087707822316911,1.0249880846270314
793,768,afce7d9041b66379,Cardiomegaly,off,0.1805330175577094,1.0,0.4918761731529623,0.6569103556979152,2.0031326397039084
793,768,afce7d9041b66379,Cardiomegaly,on,0.1805330175577094,1.0,0.5677529282938215,0.7242887178590888,1.7217462902145877
794,770,8f741cc6579b8f35,Cardiomegaly,off,0.1900306516770707,1.0,0.2127752888083244,0.3502042403547737,0.6583111048109551
794,770,8f741cc6579b8f35,Cardiomegaly,on,0.1900306516770707,1.0,0.2297424239429063,0.3736418293621634,0.3699801504006599
795,777,be62e3e05fdebc7e,Cardiomegaly,off,0.1764981068081809,0.0,0.2784226372340965,0.4328203403914822,1.2115887355320547
795,777,be62e3e05fdebc7e,Cardiomegaly,on,0.1764981068081809,0.0,0.3429823397374668,0.5107728625401273,0.8014724248222653
796,778,d03e8bd32d72f609,Cardiomegaly,off,0.2063359794161074,0.0,0.2139230805315862,0.3498403908522712,0.4818865364761894
796,778,d03e8bd32d72f609,Cardiomegaly,on,0.2063359794161074,0.0,0.1862562017567928,0.3140161026808368,0.2131792387161674
797,779,3fa3bb780ed1fbf1,Cardiomegaly,off,0.1873796958223079,1.0,0.401219728601238,0.5725761763807343,1.5175553689577352
797,779,3fa3bb780ed1fbf1,Cardiomegaly,on,0.1873796958223079,1.0,0.4084186887625708,0.5799676951619966,1.0859196201301198
798,780,0b9c82f78ec906ae,Cardiomegaly,off,0.1811616449570925,1.0,0.420739428523573,0.5904488911523942,1.434817406770453
798,780,0b9c82f78ec906ae,Cardiomegaly,on,0.1811616449570925,1.0,0.4806680632846243,0.6492567506638479,0.9521277133096796
799,782,c5e022e3bbb4d365,Cardiomegaly,off,0.1763372951478736,1.0,0.319216728369028,0.4836980747433966,1.339812345370848
799,782,c5e022e3bbb4d365,Cardiomegaly,on,0.1763372951478736,1.0,0.3392589319903489,0.5066367589069128,0.9447540355947296
800,783,78d867a67581bec6,Cardiomegaly,off,0.1814783951970917,0.0,0.2890283669523813,0.4478626792629742,1.344537177149589
800,783,78d867a67581bec6,Cardiomegaly,on,0.1814783951970917,0.0,0.3200712191142748,0.4849297280074354,0.9295463687169858
801,788,02cd8956d2df2ded,Cardiomegaly,off,0.1835397082973943,1.0,0.1759496739210487,0.297409251846334,0.6600130144823683
801,788,02cd8956d2df2ded,Cardiomegaly,on,0.1835397082973943,1.0,0.2413589637143078,0.3888594216280906,0.4018829923885051
802,790,9f3e1706f653df37,Cardiomegaly,off,0.1936757159773694,1.0,0.3716042376636758,0.540596419495768,1.3360138293798642
802,790,9f3e1706f653df37,Cardiomegaly,on,0.1936757159773694,1.0,0.4077458450850771,0.5792871689569057,0.8420136857085025
803,792,9a54c509e24476a8,Cardiomegaly,off,0.2012192447699662,1.0,0.3420672431022306,0.5084483554266446,1.0942069981080305
803,792,9a54c509e24476a8,Cardiomegaly,on,0.2012192447699662,1.0,0.3658341712543787,0.5356917796390042,0.6816828340285557
804,793,b9598d90ce357368,Cardiomegaly,off,0.1963266718321321,1.0,0.365692101359195,0.535091525233824,1.187118956473597
804,793,b9598d90ce357368,Cardiomegaly,on,0.1963266718321321,1.0,0.380993108068704,0.5517661578364219,0.7858732440825145
805,796,4ae0fac5d7de98ea,Cardiomegaly,off,0.1812055026826309,1.0,0.4466289754581007,0.6158257929481203,1.6824362732984106
805,796,4ae0fac5d7de98ea,Cardiomegaly,on,0.1812055026826309,1.0,0.4939270464632003,0.6612461167722877,1.2350543962358664
806,800,a547abae9d91e112,Cardiomegaly,off,0.1920091224069119,1.0,0.3391359206899815,0.5051586260807042,1.0048551351415498
806,800,a547abae9d91e112,Cardiomegaly,on,0.1920091224069119,1.0,0.3698014013692631,0.5399325983820334,0.6789977628122297
807,804,fa6ff87391ab6d7e,Cardiomegaly,off,0.1908883138653762,1.0,0.3764399558205042,0.5458993609186693,1.3657842843821737
807,804,fa6ff87391ab6d7e,Cardiomegaly,on,0.1908883138653762,1.0,0.3944648566251121,0.5657561590346434,0.894885779312191
808,807,a2535a6d389ba3d8,Cardiomegaly,off,0.2006588404991983,1.0,0.3419596639448515,0.5029459080759333,1.1033551051744506
808,807,a2535a6d389ba3d8,Cardiomegaly,on,0.2006588404991983,1.0,0.388744842051665,0.5598408650135042,0.7123877426798079
809,810,8336bd50aae30562,Cardiomegaly,off,0.1833301658309333,1.0,0.2514995913944277,0.4006493382878521,0.6054441421727951
809,810,8336bd50aae30562,Cardiomegaly,on,0.1833301658309333,1.0,0.2674513095260017,0.4220276743620473,0.4352146751033174
810,811,83929c209e10fe91,Cardiomegaly,off,0.1917362298924511,1.0,0.3326637782340007,0.4979978087894904,0.9453570927054324
810,811,83929c209e10fe91,Cardiomegaly,on,0.1917362298924511,1.0,0.3643341349166177,0.5340818719088553,0.6581608311068041
811,812,382d4e4bdf4cf814,Cardiomegaly,off,0.1907957253336842,1.0,0.4252319654139189,0.5963943886253876,1.373726338276181
811,812,382d4e4bdf4cf814,Cardiomegaly,on,0.1907957253336842,1.0,0.443271335187234,0.6142587899723255,0.9499995043762092
812,814,7e9eb887c924271c,Cardiomegaly,off,0.1877792884327685,1.0,0.1756591517512006,0.2971273454534378,0.5880246877522106
812,814,7e9eb887c924271c,Cardiomegaly,on,0.1877792884327685,1.0,0.2186998682726416,0.3589052342892403,0.3817641897936626
813,816,c58d55daf5dba616,Cardiomegaly,off,0.1874917766764615,1.0,0.3634070573622048,0.5313004108677004,1.2407716793453674
813,816,c58d55daf5dba616,Cardiomegaly,on,0.1874917766764615,1.0,0.4054260932247406,0.5769427799230066,0.9005842602620654
814,820,70be5c0926d117d0,Cardiomegaly,off,0.20153112192935,1.0,0.311183595784453,0.4741369204701734,1.0389248655559675
814,820,70be5c0926d117d0,Cardiomegaly,on,0.20153112192935,1.0,0.3230424224392626,0.4883320007539916,0.6778207634121285
815,823,89dc7150e980b6c2,Cardiomegaly,off,0.1824335189977047,1.0,0.4228957866530748,0.5933878487772927,1.5881068225570367
815,823,89dc7150e980b6c2,Cardiomegaly,on,0.1824335189977047,1.0,0.472415154554123,0.6416865525481118,1.0704385289660678
816,826,0d8c82ab3e34e6da,Cardiomegaly,off,0.1820924033546287,1.0,0.3308177225989267,0.4955663965368035,1.5641413807632012
816,826,0d8c82ab3e34e6da,Cardiomegaly,on,0.1820924033546287,1.0,0.3884781700605185,0.5595721661678658,1.158205629046665
817,827,01596ecd36248645,Cardiomegaly,off,0.1778138385743315,0.0,0.240426897017784,0.3852622630143206,1.0433194286540182
817,827,01596ecd36248645,Cardiomegaly,on,0.1778138385743315,0.0,0.3195435610708148,0.4843218164284041,0.6797692046343844
818,830,96f1e5974eaababc,Cardiomegaly,off,0.1986316389632033,0.0,0.2618461101348293,0.4144798191562905,0.9175868642416718
818,830,96f1e5974eaababc,Cardiomegaly,on,0.1986316389632033,0.0,0.2692833458331102,0.424306533343312,0.5560048600728599
819,832,feec175e3b538d67,Cardiomegaly,off,0.1888611123293812,1.0,0.5692068878624909,0.7252485831099118,2.203397264618574
819,832,feec175e3b538d67,Cardiomegaly,on,0.1888611123293812,1.0,0.5910390979643404,0.7429595955979809,2.2068543081619807
820,840,46c43c8bc8c1789b,Cardiomegaly,off,0.1860054870887729,1.0,0.4310912287468519,0.6003201954636277,1.7638943008005146
820,840,46c43c8bc8c1789b,Cardiomegaly,on,0.1860054870887729,1.0,0.5042970866650119,0.6704750224325794,1.4480141268021685
821,842,4a4dcb2d177bc16c,Cardiomegaly,off,0.191317144959529,1.0,0.4794851503971761,0.6481617732499416,2.003042355458522
821,842,4a4dcb2d177bc16c,Cardiomegaly,on,0.191317144959529,1.0,0.4838201439198508,0.652127703624333,1.7281132880290122
822,844,8d4712d393305819,Cardiomegaly,off,0.1575856809399198,0.0,0.0755385777184003,0.1393664594175663,0.4561314804423504
822,844,8d4712d393305819,Cardiomegaly,on,0.1575856809399198,0.0,0.1382585352263847,0.2429281738982922,0.2511996146971017
823,848,b3ed864778631c15,Cardiomegaly,off,0.1883007080586134,1.0,0.3491023514973176,0.5163954880231927,1.6400820591545913
823,848,b3ed864778631c15,Cardiomegaly,on,0.1883007080586134,1.0,0.383453211723527,0.5543405285094195,1.2978186062413852
824,853,7d49e3c835f3dce2,Cardiomegaly,off,0.1819949417423212,1.0,0.3063358665251376,0.4677226841308381,1.3506977977952124
824,853,7d49e3c835f3dce2,Cardiomegaly,on,0.1819949417423212,1.0,0.3431769970153492,0.5109911274132013,0.8790603171085292
825,854,be1d74fe78ab76db,Cardiomegaly,off,0.1636526663060587,1.0,0.2259801489024706,0.3670298496829079,0.7034101823763199
825,854,be1d74fe78ab76db,Cardiomegaly,on,0.1636526663060587,1.0,0.2978906270341315,0.4590362253341203,0.5283024196213014
826,855,fc0ea0e1d633a70d,Cardiomegaly,off,0.184528943662315,1.0,0.2976491911479577,0.458212221546055,0.6281186308899865
826,855,fc0ea0e1d633a70d,Cardiomegaly,on,0.184528943662315,1.0,0.3156953497310025,0.4798904926705257,0.5504796492502143
827,856,af41dee539933b93,Cardiomegaly,off,0.1833252927503179,1.0,0.3578204114512028,0.5258176220918371,1.587593959114521
827,856,af41dee539933b93,Cardiomegaly,on,0.1833252927503179,1.0,0.4153236763740073,0.5868944657413859,1.131074277690595
828,857,15a4cc8a11450d48,Cardiomegaly,off,0.1853768596893898,0.0,0.0875886450235416,0.1587238073636593,0.4814437958819406
828,857,15a4cc8a11450d48,Cardiomegaly,on,0.1853768596893898,0.0,0.1513990757932667,0.2629804126926054,0.2514925260938084
829,861,ae403474c3ce1cca,Cardiomegaly,off,0.2036119273521142,1.0,0.2754760949512486,0.4279365986265739,0.8715391028241759
829,861,ae403474c3ce1cca,Cardiomegaly,on,0.2036119273521142,1.0,0.2944374155540205,0.454920342090313,0.465491938403144
830,863,9c6a1811fb76fa29,Cardiomegaly,off,0.2043185240413432,1.0,0.3255593833934151,0.4906526149431019,1.0806195436017636
830,863,9c6a1811fb76fa29,Cardiomegaly,on,0.2043185240413432,1.0,0.330260686956863,0.496534219702447,0.6530158993246548
831,878,4e3b0c42eb0f4304,Cardiomegaly,off,0.2002056440019687,1.0,0.4418643587726496,0.6125312651259287,1.3765019099732403
831,878,4e3b0c42eb0f4304,Cardiomegaly,on,0.2002056440019687,1.0,0.450654013103165,0.6213108763523981,0.9011930828756743
832,879,a0aa3991a0bb3e5b,Cardiomegaly,off,0.2054783172278019,0.0,0.3270748487033546,0.4905739822506284,0.8176147766004275
832,879,a0aa3991a0bb3e5b,Cardiomegaly,on,0.2054783172278019,0.0,0.319619197348471,0.4844053459821463,0.518265779942764
833,880,96a6632d91702e06,Cardiomegaly,off,0.1685696046469696,0.0,0.0672854007829751,0.1239670290613839,0.3180859440687799
833,880,96a6632d91702e06,Cardiomegaly,on,0.1685696046469696,0.0,0.1392801583956382,0.2445004858278972,0.1345459831572568
834,887,7eb0d17af8e0d642,Cardiomegaly,off,0.1660843335331296,1.0,0.2336217735371781,0.3777481205582816,1.072002039236453
834,887,7eb0d17af8e0d642,Cardiomegaly,on,0.1660843335331296,1.0,0.2961457006632578,0.4569621582045637,0.6494341961800896
835,891,2c387b7497386f40,Cardiomegaly,off,0.2001520401151996,0.0,0.2493006894227936,0.3983075171196245,1.030291847370747
835,891,2c387b7497386f40,Cardiomegaly,on,0.2001520401151996,0.0,0.2654753547290147,0.4195652615048764,0.6229418107829672
836,895,c9e268450f694cd3,Cardiomegaly,off,0.1890121778284578,1.0,0.4938805624897189,0.6608833420669102,1.709821379570656
836,895,c9e268450f694cd3,Cardiomegaly,on,0.1890121778284578,1.0,0.5079361670727931,0.6736834081009806,1.1724441715333322
837,898,b26ce08f494a7db4,Cardiomegaly,off,0.1727653270568055,1.0,0.3186229468635549,0.4817236079516346,1.2198984539440014
837,898,b26ce08f494a7db4,Cardiomegaly,on,0.1727653270568055,1.0,0.3795072954206596,0.5502060827344206,0.8157962178003176
838,900,03be9ab047de4600,Cardiomegaly,off,0.1629265772943681,1.0,0.3883872405994074,0.5558473329762792,1.457143353011592
838,900,03be9ab047de4600,Cardiomegaly,on,0.1629265772943681,1.0,0.5000399015129697,0.6667018530634813,1.1051593407191305
839,901,e9ae29bae8122a11,Cardiomegaly,off,0.1879839578186141,1.0,0.533270965614104,0.6921265338444043,1.8457503292274051
839,901,e9ae29bae8122a11,Cardiomegaly,on,0.1879839578186141,1.0,0.5892111489912846,0.7415110408735074,1.3146787285307433
840,903,0c0401fd4708849d,Cardiomegaly,off,0.1962876871872091,1.0,0.2829560857786977,0.4405558422848745,0.915099789997881
840,903,0c0401fd4708849d,Cardiomegaly,on,0.1962876871872091,1.0,0.3083689583925627,0.4713786736009326,0.6206076602416908
841,904,f2a99ba2c22ec977,Cardiomegaly,off,0.182306818901705,1.0,0.3925551298247791,0.5616986889164266,1.6960942913366728
841,904,f2a99ba2c22ec977,Cardiomegaly,on,0.182306818901705,1.0,0.4522663334985944,0.6228420632539092,1.346509276673313
842,905,55870c2feee34d55,Cardiomegaly,off,0.1698902094937356,1.0,0.472249744746315,0.6397319519799696,1.9132170113334777
842,905,55870c2feee34d55,Cardiomegaly,on,0.1698902094937356,1.0,0.5472861483115853,0.7074134855065954,1.4369757807718155
843,906,ac9a2bb3a0548caf,Cardiomegaly,off,0.1898162361299943,1.0,0.3826362417192274,0.5474676285524508,1.4789987237075053
843,906,ac9a2bb3a0548caf,Cardiomegaly,on,0.1898162361299943,1.0,0.4890825100339326,0.6568868383044644,0.9794436729064274
844,907,2ba90af17885feff,Cardiomegaly,off,0.1718881725460384,1.0,0.3114421931368654,0.474207168232358,1.129822991702381
844,907,2ba90af17885feff,Cardiomegaly,on,0.1718881725460384,1.0,0.3545809015547657,0.5235279985693144,0.7718716134110183
845,909,cf2cf8f35b3e26b7,Cardiomegaly,off,0.1742516166444941,1.0,0.4257165506335564,0.5965487546001562,1.7665696746881965
845,909,cf2cf8f35b3e26b7,Cardiomegaly,on,0.1742516166444941,1.0,0.4673052376761243,0.6369566780554294,1.3256002516388867
846,910,1561ef7f47ec3c6f,Cardiomegaly,off,0.1724778153004985,1.0,0.3639544478239585,0.5325783758149185,1.4915863662127904
846,910,1561ef7f47ec3c6f,Cardiomegaly,on,0.1724778153004985,1.0,0.4188550755198357,0.5904119931735881,1.05473599569327
847,911,cc1a9a6c9210568f,Cardiomegaly,off,0.1762300873743354,1.0,0.3733737368357878,0.5430844381690935,1.7837153675953497
847,911,cc1a9a6c9210568f,Cardiomegaly,on,0.1762300873743354,1.0,0.4029573656047259,0.5744398075343821,1.4984738217189566
848,913,c3f4bdc9c10e98cc,Cardiomegaly,off,0.2082413539367181,1.0,0.4996746620206746,0.6654492592826885,1.16359370063441
848,913,c3f4bdc9c10e98cc,Cardiomegaly,on,0.2082413539367181,1.0,0.5109948055453362,0.6763667296634199,0.9892734546969788
849,915,3cd1f43abf66d336,Cardiomegaly,off,0.2035680696265758,1.0,0.4251365191180196,0.5952144902681409,1.2177613550528243
849,915,3cd1f43abf66d336,Cardiomegaly,on,0.2035680696265758,1.0,0.4451756251983496,0.6160835085326666,0.8313538166402888
850,918,c4d577be099a01a4,Cardiomegaly,off,0.1907616137693766,1.0,0.4316300822880179,0.6024059625069274,1.5737799010381763
850,918,c4d577be099a01a4,Cardiomegaly,on,0.1907616137693766,1.0,0.4532211503826383,0.6237461708221648,1.0928665618275022
851,921,457fe3957e7b56af,Cardiomegaly,off,0.1837492507638554,0.0,0.1623926405538618,0.2784069271021335,0.5939442133825447
851,921,457fe3957e7b56af,Cardiomegaly,on,0.1837492507638554,0.0,0.1944555651386207,0.3255956316998883,0.3556757882521764
852,922,0b67d668040438d9,Cardiomegaly,off,0.1874576651121539,0.0,0.2281240650315127,0.3699918712611313,0.8001941103476052
852,922,0b67d668040438d9,Cardiomegaly,on,0.1874576651121539,0.0,0.254971615457881,0.406335547827312,0.453270686048298
853,928,d4d998e70eb02d4a,Cardiomegaly,off,0.1950353054690583,0.0,0.3017769726500476,0.4610261080981843,1.1790643881602871
853,928,d4d998e70eb02d4a,Cardiomegaly,on,0.1950353054690583,0.0,0.3460177974108744,0.514132409317477,0.7100483055360594
854,929,2a32d271c904b3d5,Cardiomegaly,off,0.2100395206837906,0.0,0.2441240242534878,0.3891482884493714,0.965346289905693
854,929,2a32d271c904b3d5,Cardiomegaly,on,0.2100395206837906,0.0,0.2383892350520353,0.3849921646207002,0.4991851596920607
855,933,0edc5e0c0eba3ced,Cardiomegaly,off,0.1806987022986321,1.0,0.3410169365956889,0.5067545129692113,1.1904006670692129
855,933,0edc5e0c0eba3ced,Cardiomegaly,on,0.1806987022986321,1.0,0.4065863245760266,0.5781166332628824,0.8069364153059155
856,934,74fc264d95280b44,Cardiomegaly,off,0.2113113947244029,1.0,0.4026284850481495,0.5733424483168366,1.0274791009916286
856,934,74fc264d95280b44,Cardiomegaly,on,0.2113113947244029,1.0,0.4038125835587821,0.5753069940004117,0.7118775076670378
857,936,783e7db10dce15e4,Cardiomegaly,off,0.1898503476943019,1.0,0.2610651307873675,0.4128120191625488,1.0251117949791488
857,936,783e7db10dce15e4,Cardiomegaly,on,0.1898503476943019,1.0,0.2859311573045963,0.4447047583778246,0.616406587793443
858,937,b93a498274316f1d,Cardiomegaly,off,0.1953130710641346,1.0,0.5183579571353555,0.682275122850806,1.7062915193955464
858,937,b93a498274316f1d,Cardiomegaly,on,0.1953130710641346,1.0,0.5376051585081028,0.6992753222382216,1.1343586744939644
859,939,44676a6c22bbc733,Cardiomegaly,off,0.185981121685696,1.0,0.2517975379616334,0.3961374241165588,0.9954595226947622
859,939,44676a6c22bbc733,Cardiomegaly,on,0.185981121685696,1.0,0.3614736407446378,0.5309997530554182,0.6564217862783613
860,943,ca57dc7d2c579615,Cardiomegaly,off,0.1912294295084523,1.0,0.4795111591831134,0.6478871490656342,1.6049682680744377
860,943,ca57dc7d2c579615,Cardiomegaly,on,0.1912294295084523,1.0,0.4902263047389863,0.6579216230240814,1.0960521739277145
861,944,681a904a771384c1,Cardiomegaly,off,0.2043623817668815,0.0,0.3375200947333348,0.5043829033714082,1.2173950453281213
861,944,681a904a771384c1,Cardiomegaly,on,0.2043623817668815,0.0,0.3430606523009064,0.5108635357492798,0.7561252199890216
862,945,d65412eb0caf13b6,Cardiomegaly,off,0.1950645439527506,1.0,0.4071886143647648,0.578083184970151,1.5466098124704406
862,945,d65412eb0caf13b6,Cardiomegaly,on,0.1950645439527506,1.0,0.42618827356722,0.5976605726424347,1.1048090958659649
863,950,bb719db62ff21541,Cardiomegaly,off,0.1975498150665906,1.0,0.574037223011461,0.7273483778542913,2.032788820946813
863,950,bb719db62ff21541,Cardiomegaly,on,0.1975498150665906,1.0,0.6097172599959125,0.7575453981958431,1.53913511304628
864,951,4fe76432fdb173d5,Cardiomegaly,off,0.170889191019887,1.0,0.1755488500293446,0.2976357218751053,0.5174318732108538
864,951,4fe76432fdb173d5,Cardiomegaly,on,0.170889191019887,1.0,0.2359210369895785,0.3817713431126859,0.3607204061311314
865,952,89ef9383e71e14ac,Cardiomegaly,off,0.1966044374272083,0.0,0.2090238200670786,0.344402863142928,0.9289285707582582
865,952,89ef9383e71e14ac,Cardiomegaly,on,0.1966044374272083,0.0,0.2337285635917234,0.3788962358113226,0.5556619072908365
866,955,befc0c99b4dd6e6c,Cardiomegaly,off,0.188334819622921,1.0,0.2313397017674305,0.3740101239530489,1.0231996016736886
866,955,befc0c99b4dd6e6c,Cardiomegaly,on,0.188334819622921,1.0,0.2745014001937768,0.4307561669631061,0.5898052549313767
867,956,72f7954fb0161c5d,Cardiomegaly,off,0.1857764522998504,0.0,0.106060238109828,0.1898713058908366,0.3072029827304263
867,956,72f7954fb0161c5d,Cardiomegaly,on,0.1857764522998504,0.0,0.1473062878327392,0.2567819874849518,0.1202148413171098
868,957,8ed57312da57662c,Cardiomegaly,off,0.1891340048438421,1.0,0.3793046658003981,0.5493323187505954,1.2571415861212931
868,957,8ed57312da57662c,Cardiomegaly,on,0.1891340048438421,1.0,0.402950074419839,0.5744315792061024,0.797029845411041
869,959,18fa7ed3a4c38830,Cardiomegaly,off,0.1842170665029311,1.0,0.221758830409413,0.3563711496071096,1.2549113244012422
869,959,18fa7ed3a4c38830,Cardiomegaly,on,0.1842170665029311,1.0,0.3512574579776883,0.5198955833762238,0.826659775171743
870,962,00f3d968b485ab18,Cardiomegaly,off,0.1930275962555248,1.0,0.2871251215443265,0.4456656139694723,0.5956823080082594
870,962,00f3d968b485ab18,Cardiomegaly,on,0.1930275962555248,1.0,0.2961045576488083,0.4569137538463528,0.4744616724937228
871,963,270f597c3ae829e3,Cardiomegaly,off,0.2127343342640917,1.0,0.3972825020632749,0.568620589213325,1.378869424918158
871,963,270f597c3ae829e3,Cardiomegaly,on,0.2127343342640917,1.0,0.4027559688239938,0.5742352227565437,0.9589426375776406
872,966,b06d5b89bfe7e4f9,Cardiomegaly,off,0.1940801816684453,1.0,0.407656615722396,0.5786582430787014,1.13235449987797
872,966,b06d5b89bfe7e4f9,Cardiomegaly,on,0.1940801816684453,1.0,0.4266106189533278,0.5980753380711615,0.8405326296212735
873,969,d26b663717915394,Cardiomegaly,off,0.1827600153989347,1.0,0.5011049515949816,0.6664918538183748,1.859554084387785
873,969,d26b663717915394,Cardiomegaly,on,0.1827600153989347,1.0,0.5529932926226072,0.7121640178749242,1.386678219589481
874,970,c496622f0d34bcdd,Cardiomegaly,off,0.1767953647257186,0.0,0.0779918351203362,0.1436555237453932,0.4764174821176302
874,970,c496622f0d34bcdd,Cardiomegaly,on,0.1767953647257186,0.0,0.1274925777178334,0.2261498258621276,0.1728591988830442
875,971,88c90e9bcd88233b,Cardiomegaly,off,0.1910491255256835,0.0,0.2238435599056683,0.3645596838142707,0.6428723750587857
875,971,88c90e9bcd88233b,Cardiomegaly,on,0.1910491255256835,0.0,0.2457749901620126,0.394572128174229,0.4440467187638826
876,974,0fd3a51f7c7139b9,Cardiomegaly,off,0.1876184767724612,1.0,0.5110495812311207,0.6763141867416442,2.2057414754567684
876,974,0fd3a51f7c7139b9,Cardiomegaly,on,0.1876184767724612,1.0,0.5184719764398059,0.6828829091138877,2.488923272359408
877,975,ed4fefd6128d9cd5,Cardiomegaly,off,0.1831644810900106,1.0,0.3789517969975288,0.5389075905528538,1.436574725266859
877,975,ed4fefd6128d9cd5,Cardiomegaly,on,0.1831644810900106,1.0,0.4507291905499836,0.6213521674405642,0.9218365439499782
878,976,c29166e493d19f2e,Cardiomegaly,off,0.1813663143429381,1.0,0.3630025440585578,0.5303767647066192,1.156802849742034
878,976,c29166e493d19f2e,Cardiomegaly,on,0.1813663143429381,1.0,0.4002672273857923,0.5716972357313522,0.7639635538890986
879,977,7f94daf6c078208b,Cardiomegaly,off,0.1867169568586173,0.0,0.0721043773725707,0.1317007068909414,0.393004162529068
879,977,7f94daf6c078208b,Cardiomegaly,on,0.1867169568586173,0.0,0.1316021335593626,0.2325879861620164,0.1571968554563124
880,979,b50c310ab039d823,Cardiomegaly,off,0.1860347255724651,0.0,0.2084573363702229,0.3431654003744044,0.7165191284471534
880,979,b50c310ab039d823,Cardiomegaly,on,0.1860347255724651,0.0,0.2514962402920447,0.4019099387114924,0.41354534591456
881,980,add9d47c8799e3e3,Cardiomegaly,off,0.1692128512881988,0.0,0.2182813131700257,0.3563866406127391,0.8677044882512363
881,980,add9d47c8799e3e3,Cardiomegaly,on,0.1692128512881988,0.0,0.2887007809583687,0.4480478677414748,0.5865676778036262
882,982,8cebd91da402e33d,Cardiomegaly,off,0.1594569438962228,1.0,0.3661871520666522,0.5335441693077868,1.5205155653030429
882,982,8cebd91da402e33d,Cardiomegaly,on,0.1594569438962228,1.0,0.4759868023291618,0.6449729039019576,1.0699703178288105
883,983,d1d4e9bef6643e23,Cardiomegaly,off,0.1989922469287409,0.0,0.2739268636750557,0.4273262501679942,0.6807224062676787
883,983,d1d4e9bef6643e23,Cardiomegaly,on,0.1989922469287409,0.0,0.3076918235435043,0.4705841504586009,0.502930717160623
884,984,4da0332e60bf86b8,Cardiomegaly,off,0.2060387214985697,1.0,0.2587093082690835,0.4077525128379186,0.7088352445374446
884,984,4da0332e60bf86b8,Cardiomegaly,on,0.2060387214985697,1.0,0.3036210134640812,0.4658100770414559,0.5071982040852919
885,992,8ef6d0a1def1cf1b,Cardiomegaly,off,0.1851185864167751,1.0,0.2748867929173732,0.4291672806033257,1.009030876382647
885,992,8ef6d0a1def1cf1b,Cardiomegaly,on,0.1851185864167751,1.0,0.3277271747729182,0.4936634778293762,0.625873452198151
886,995,12686c36026b3031,Cardiomegaly,off,0.1821070225964748,1.0,0.3312416542151054,0.4969053438921144,1.1704341702265713
886,995,12686c36026b3031,Cardiomegaly,on,0.1821070225964748,1.0,0.3626001831452167,0.5322172970092167,0.7551465850476433
887,1000,824eacc60bf5aceb,Cardiomegaly,off,0.1884517735576899,1.0,0.4942859258262626,0.6614467182875361,2.159575058861847
887,1000,824eacc60bf5aceb,Cardiomegaly,on,0.1884517735576899,1.0,0.4918508603810846,0.6593819450163431,2.155439743229808
888,1001,fdcff99e7265a8de,Cardiomegaly,off,0.1944018049890599,0.0,0.2378095791624147,0.3828283445575186,0.8156832378930541
888,1001,fdcff99e7265a8de,Cardiomegaly,on,0.1944018049890599,0.0,0.261726500094908,0.4148683510280672,0.4877047839173207
889,1002,52b72ff5f88f0a37,Cardiomegaly,off,0.1837297584413939,1.0,0.5337523989936783,0.6956702117588645,2.260165003332191
889,1002,52b72ff5f88f0a37,Cardiomegaly,on,0.1837297584413939,1.0,0.5513771997855181,0.710821196924954,2.611448112128766
890,1005,f1f07bedc325e82e,Cardiomegaly,off,0.2003762018235067,0.0,0.2920603691032387,0.450445922076064,0.743359429860237
890,1005,f1f07bedc325e82e,Cardiomegaly,on,0.2003762018235067,0.0,0.2912074856466293,0.4510587934643038,0.4544357553888485
891,1007,6fc6a60d0335fbd6,Cardiomegaly,off,0.1778625693804852,0.0,0.170279078993382,0.2874003687102895,0.7532906073488597
891,1007,6fc6a60d0335fbd6,Cardiomegaly,on,0.1778625693804852,0.0,0.2517277076636842,0.4022025565396744,0.4568984126681039
892,1008,5e88f0f16c7e6a47,Cardiomegaly,off,0.1827307769152425,1.0,0.3623696047432937,0.5314717543604857,1.492730918881935
892,1008,5e88f0f16c7e6a47,Cardiomegaly,on,0.1827307769152425,1.0,0.3870092341567389,0.558047903035883,1.0469851127598242
893,1012,74605b9a2e60db04,Cardiomegaly,off,0.1901183671281474,0.0,0.1459950202400665,0.2535869448183524,0.1556977070253645
893,1012,74605b9a2e60db04,Cardiomegaly,on,0.1901183671281474,0.0,0.1626188613778525,0.2797432424675354,0.1135635544559273
894,1014,a75c3f979a938d95,Cardiomegaly,off,0.1921065840192194,1.0,0.5375971751141367,0.6962505963422648,1.904494726376708
894,1014,a75c3f979a938d95,Cardiomegaly,on,0.1921065840192194,1.0,0.6058734224566822,0.7545708005069434,1.4796245388548837
895,1016,cd4a1485e9f93a94,Cardiomegaly,off,0.1930470885779863,1.0,0.1883893873810151,0.315901127450248,0.644093773589325
895,1016,cd4a1485e9f93a94,Cardiomegaly,on,0.1930470885779863,1.0,0.2147882457331649,0.3536205345640063,0.3694842524150288
896,1017,7d078f83e9932755,Cardiomegaly,off,0.1919750108426043,1.0,0.3156509759269838,0.4786716227974515,1.0969582985546504
896,1017,7d078f83e9932755,Cardiomegaly,on,0.1919750108426043,1.0,0.3295895637028023,0.4957743104337415,0.7018063827160836
897,1019,094881505a8ff1b3,Cardiomegaly,off,0.1871214225496932,0.0,0.1445180668908562,0.2514197729097446,0.266368031574433
897,1019,094881505a8ff1b3,Cardiomegaly,on,0.1871214225496932,0.0,0.1673036949811624,0.2866480912554264,0.1767746472923342
898,1022,1d83329f432409d6,Cardiomegaly,off,0.1628973388106759,1.0,0.3837834637358394,0.5519017600768867,1.8656822012496093
898,1022,1d83329f432409d6,Cardiomegaly,on,0.1628973388106759,1.0,0.4869136003713213,0.6549318165549841,1.7052940649137018
899,1024,8dfa509238d5a956,Cardiomegaly,off,0.1968919491835153,1.0,0.4239202367460558,0.5932923817991516,1.2736267111228052
899,1024,8dfa509238d5a956,Cardiomegaly,on,0.1968919491835153,1.0,0.4715289301939901,0.6408674531190302,0.93068006635446
900,1025,2864099e6d54ee2c,Cardiomegaly,off,0.1834422466850869,0.0,0.228109727572794,0.3707612772645635,0.7405013673638429
900,1025,2864099e6d54ee2c,Cardiomegaly,on,0.1834422466850869,0.0,0.2473226029593518,0.3965645899359336,0.4896762108956866
901,1027,273ac948181f7eea,Cardiomegaly,off,0.2051615669878027,0.0,0.3950325069017452,0.566176027922344,1.078390307174517
901,1027,273ac948181f7eea,Cardiomegaly,on,0.2051615669878027,0.0,0.3957389738708605,0.5670659393024882,0.8010366464403699
902,1028,382871315310f9db,Cardiomegaly,off,0.2038896929471904,1.0,0.5321165428842114,0.6924924808610919,1.8139030300399004
902,1028,382871315310f9db,Cardiomegaly,on,0.2038896929471904,1.0,0.5736736840577249,0.7290874588315015,1.201212095220759
903,1029,2e80f309fb870991,Cardiomegaly,off,0.190113494047532,1.0,0.5623663070136068,0.718774141536283,2.14547624901917
903,1029,2e80f309fb870991,Cardiomegaly,on,0.190113494047532,1.0,0.5989259422322846,0.7491602597547911,1.7772581952987827
904,1031,21972a3282017c95,Cardiomegaly,off,0.1998937668425848,1.0,0.3952595733189123,0.5663683448051738,1.1468980134413864
904,1031,21972a3282017c95,Cardiomegaly,on,0.1998937668425848,1.0,0.3987823702580827,0.5701846399497856,0.780692216217993
905,1034,2014a5fe5fbf1d92,Cardiomegaly,off,0.2020476684745795,1.0,0.3882659827225891,0.5589179801816568,1.2636443926165226
905,1034,2014a5fe5fbf1d92,Cardiomegaly,on,0.2020476684745795,1.0,0.3972248799999692,0.5685906735819481,0.8198459163237714
906,1035,a3835dd57513682a,Cardiomegaly,off,0.1984464618998192,1.0,0.3655419204649761,0.5349021809037194,1.0845189909777857
906,1035,a3835dd57513682a,Cardiomegaly,on,0.1984464618998192,1.0,0.3728294390198775,0.5431537715427563,0.7524648581699123
907,1039,d0e09902a8cf7f55,Cardiomegaly,off,0.1974572265348985,1.0,0.2741418293645525,0.4298136929201087,0.4933263442880248
907,1039,d0e09902a8cf7f55,Cardiomegaly,on,0.1974572265348985,1.0,0.2837406672966072,0.442052090187378,0.4149446676466192
908,1042,a1edbe156ffe4a43,Cardiomegaly,off,0.1859762486050806,1.0,0.3674652497476699,0.5356600170906008,1.420993203880604
908,1042,a1edbe156ffe4a43,Cardiomegaly,on,0.1859762486050806,1.0,0.4251222996018112,0.5966102276941109,0.9579432562333418
909,1043,840606d79ea0bbc6,Cardiomegaly,off,0.1933687118986009,0.0,0.3370293304770696,0.5037673098215543,1.0472092293459077
909,1043,840606d79ea0bbc6,Cardiomegaly,on,0.1933687118986009,0.0,0.3485307503119981,0.5169037191411627,0.7459530113216929
910,1044,f6413aef8fe70758,Cardiomegaly,off,0.1693931552709676,1.0,0.3683903941769577,0.5359785471079832,1.2166275243867997
910,1044,f6413aef8fe70758,Cardiomegaly,on,0.1693931552709676,1.0,0.428774331061636,0.6001967533252864,0.8950142021600597
911,1048,1605ba691cedb4e6,Cardiomegaly,off,0.1972525571490529,1.0,0.250893234253515,0.394036274663842,1.1274256113277046
911,1048,1605ba691cedb4e6,Cardiomegaly,on,0.1972525571490529,1.0,0.3328454338873031,0.4994433303540493,0.6729534618715017
912,1050,437d8e6db071e050,Cardiomegaly,off,0.1963900218801319,0.0,0.3075806874536809,0.4687971075883263,1.3181109362854937
912,1050,437d8e6db071e050,Cardiomegaly,on,0.1963900218801319,0.0,0.3326180469102416,0.4991924755641171,0.8912883359564926
913,1052,84cf2a960de27285,Cardiomegaly,off,0.207023083782875,1.0,0.3852012786771839,0.555673020761976,0.950973454876492
913,1052,84cf2a960de27285,Cardiomegaly,on,0.207023083782875,1.0,0.3857162030819654,0.5567018767359994,0.6718778388894086
914,1053,42aaaec43b390010,Cardiomegaly,off,0.2017699028795033,1.0,0.493999214263393,0.6606915264061363,1.3186153749502685
914,1053,42aaaec43b390010,Cardiomegaly,on,0.2017699028795033,1.0,0.505919082972256,0.6719068778441868,0.9984139919749486
915,1054,c1ebe3497131f467,Cardiomegaly,off,0.2012094986087355,1.0,0.2882092923805339,0.4466301186948615,0.8943234876928499
915,1054,c1ebe3497131f467,Cardiomegaly,on,0.2012094986087355,1.0,0.2904408774921515,0.4501403424616604,0.553255369506962
916,1056,1439214a04d8402b,Cardiomegaly,off,0.2004541711133527,1.0,0.2964852735019295,0.4568367979618764,0.7876152275013276
916,1056,1439214a04d8402b,Cardiomegaly,on,0.2004541711133527,1.0,0.2997939225649396,0.4612933156840657,0.5083640173251085
917,1058,7fde84c083851f22,Cardiomegaly,off,0.1828672231724729,0.0,0.2111689266317997,0.3479018689956493,0.7669070091686082
917,1058,7fde84c083851f22,Cardiomegaly,on,0.1828672231724729,0.0,0.2375317721108796,0.3838787007870823,0.4971117940984
918,1062,02b51014a85c1663,Cardiomegaly,off,0.2034121310468839,1.0,0.4005318384563473,0.5708147893007389,1.226143361055561
918,1062,02b51014a85c1663,Cardiomegaly,on,0.2034121310468839,1.0,0.400255161091793,0.5716867770029518,0.7474270531616354
919,1065,d7aa4e4a46f520bb,Cardiomegaly,off,0.1905569443835309,0.0,0.3255690065384082,0.4893515915324883,1.0578797074441817
919,1065,d7aa4e4a46f520bb,Cardiomegaly,on,0.1905569443835309,0.0,0.3625399959351485,0.5321515530202088,0.741779822117604
920,1066,fe801ee1c7637098,Cardiomegaly,off,0.1746609554161854,1.0,0.3727899781726353,0.5412930588488669,1.356170134610264
920,1066,fe801ee1c7637098,Cardiomegaly,on,0.1746609554161854,1.0,0.4423472205603302,0.6133690608780901,0.952939934794561
921,1069,9d0c66651c1b5ba9,Cardiomegaly,off,0.1701484827663504,0.0,0.3286927680628538,0.492775308282975,1.604955495149029
921,1069,9d0c66651c1b5ba9,Cardiomegaly,on,0.1701484827663504,0.0,0.4003687460363284,0.5718039261385129,1.2765544262813466
922,1070,94c7afec0324dd4b,Cardiomegaly,off,0.202393657198271,0.0,0.1856357597929079,0.3071677607731551,0.6666954604519895
922,1070,94c7afec0324dd4b,Cardiomegaly,on,0.202393657198271,0.0,0.2404030041735478,0.3876168551864504,0.3950206736668702
923,1075,44d14d61561b1386,Cardiomegaly,off,0.18779878075523,1.0,0.3763527227033554,0.5459235334848093,1.2625150057452048
923,1075,44d14d61561b1386,Cardiomegaly,on,0.18779878075523,1.0,0.4062966772543779,0.577823754940306,0.8194798948439678
924,1078,ea650221b3a462e6,Cardiomegaly,off,0.1961317486075172,1.0,0.3213653107815395,0.486100430019542,1.2354008026535186
924,1078,ea650221b3a462e6,Cardiomegaly,on,0.1961317486075172,1.0,0.3238541349192228,0.4892588692082412,0.8155972772360706
925,1079,fc74f46e0ae69b4e,Cardiomegaly,off,0.1968675837804384,1.0,0.4660259823409556,0.6353966464081496,1.6877787002207765
925,1079,fc74f46e0ae69b4e,Cardiomegaly,on,0.1968675837804384,1.0,0.4683191795794406,0.6378974626498143,1.1635574122475758
926,1080,3f71a3f804aa8c4c,Cardiomegaly,off,0.1969309338284383,1.0,0.4018979615165479,0.5730006077047712,1.2884199997809205
926,1080,3f71a3f804aa8c4c,Cardiomegaly,on,0.1969309338284383,1.0,0.4071588777696102,0.5786955975584307,0.8531611328133494
927,1081,638f2e9bd1fd7468,Cardiomegaly,off,0.1922332841152191,1.0,0.3022128452968668,0.4636180902160385,1.0041750355455024
927,1081,638f2e9bd1fd7468,Cardiomegaly,on,0.1922332841152191,1.0,0.3193384114845475,0.4840880215551892,0.6644456336790464
928,1082,cd430ecde71ab7a4,Cardiomegaly,off,0.1829890501878572,0.0,0.3891881956118608,0.5585119302409085,1.302369378626381
928,1082,cd430ecde71ab7a4,Cardiomegaly,on,0.1829890501878572,0.0,0.3687538286650406,0.5387980936758453,0.8775713540790753
929,1085,c40b17d3b9e8d8f3,Cardiomegaly,off,0.1902012094986087,0.0,0.3407865864543747,0.5071477773106977,1.2659026910617226
929,1085,c40b17d3b9e8d8f3,Cardiomegaly,on,0.1902012094986087,0.0,0.3674689283332836,0.5374421553991452,0.8535704753751232
930,1089,ccc6e3953f9c8e69,Cardiomegaly,off,0.1730772042161893,1.0,0.3006245775848912,0.460655910791495,1.415160176870507
930,1089,ccc6e3953f9c8e69,Cardiomegaly,on,0.1730772042161893,1.0,0.363308387659539,0.53297984227666,1.022137428047298
931,1092,1596b54de7535b16,Cardiomegaly,off,0.1794219551774045,0.0,0.2310190981732904,0.3747165843650085,1.1466502709687003
931,1092,1596b54de7535b16,Cardiomegaly,on,0.1794219551774045,0.0,0.2549007248724812,0.4062484275598558,0.8013299513698428
932,1094,ffcdb2676970c5db,Cardiomegaly,off,0.1701484827663504,1.0,0.5012840656428226,0.664318920963308,2.0552469944225704
932,1094,ffcdb2676970c5db,Cardiomegaly,on,0.1701484827663504,1.0,0.6164059032554516,0.7626858776858663,1.512456840200771
933,1095,f451fc4d2a9f67e0,Cardiomegaly,off,0.1811860103601693,1.0,0.4083414157008452,0.5780217665633183,1.2852506947386924
933,1095,f451fc4d2a9f67e0,Cardiomegaly,on,0.1811860103601693,1.0,0.4699017165398575,0.6393637262520628,0.9583940953423902
934,1096,2037bdd82ce632fa,Cardiomegaly,off,0.1746560823355701,1.0,0.445417049775219,0.6151980847633088,1.6025345447071089
934,1096,2037bdd82ce632fa,Cardiomegaly,on,0.1746560823355701,1.0,0.477262060988105,0.6461440007289553,1.1957648826088425
935,1097,b67fd708ddd4c9d6,Cardiomegaly,off,0.1756696831035676,1.0,0.3204496645358518,0.4834200478742715,1.4208858281093688
935,1097,b67fd708ddd4c9d6,Cardiomegaly,on,0.1756696831035676,1.0,0.3805928168498442,0.5513469131321704,1.0374455351623486
936,1100,d6b828df6bd6c5f9,Cardiomegaly,off,0.1862540142001569,1.0,0.2351057695546553,0.3799859845448373,0.8193900471005386
936,1100,d6b828df6bd6c5f9,Cardiomegaly,on,0.1862540142001569,1.0,0.2597271134027977,0.4123534540121709,0.5266908311027729
937,1101,9417a465b90295db,Cardiomegaly,off,0.1944505357952136,1.0,0.3674970933980027,0.5365375574110154,1.2466364611211564
937,1101,9417a465b90295db,Cardiomegaly,on,0.1944505357952136,1.0,0.3957425041097199,0.5670707401300057,0.8888466448904813
938,1102,d3473ad26d4bd2b2,Cardiomegaly,off,0.1798800247552495,1.0,0.4248624791223188,0.5956700428445367,1.7384617082647849
938,1102,d3473ad26d4bd2b2,Cardiomegaly,on,0.1798800247552495,1.0,0.4616977780495063,0.6317278509991047,1.3085137644732965
939,1103,668cf5db5fe96307,Cardiomegaly,off,0.2059315137250315,1.0,0.4349305184717922,0.6044331389220503,1.361845902426737
939,1103,668cf5db5fe96307,Cardiomegaly,on,0.2059315137250315,1.0,0.4708691236991807,0.6402593037126113,0.9601844296750632
940,1105,ae14d9858d0bac9d,Cardiomegaly,off,0.1783450043614071,1.0,0.4089189641002299,0.5798391080889258,1.5367852487800977
940,1105,ae14d9858d0bac9d,Cardiomegaly,on,0.1783450043614071,1.0,0.442307471953894,0.6133323574386996,1.0486093453486978
941,1107,d7e55c1dd35bc46a,Cardiomegaly,off,0.2026665497127319,1.0,0.4481181755117658,0.6184822671549026,1.2806179713450916
941,1107,d7e55c1dd35bc46a,Cardiomegaly,on,0.2026665497127319,1.0,0.4540895959899858,0.6245672585380373,0.9174432929311676
942,1109,43be89cc652a0ec2,Cardiomegaly,off,0.1964387526862857,1.0,0.4090070031535837,0.5800964795332264,1.254544451850987
942,1109,43be89cc652a0ec2,Cardiomegaly,on,0.1964387526862857,1.0,0.4120382180498739,0.5836067360197851,0.8442425681948675
943,1111,4d6947f7b7d2fe3d,Cardiomegaly,off,0.195239974854904,0.0,0.2550090327564108,0.4041871861580041,1.089011351605274
943,1111,4d6947f7b7d2fe3d,Cardiomegaly,on,0.195239974854904,0.0,0.2946106340809002,0.4551320159459795,0.6531759324785751
944,1112,35697eceff38abd1,Cardiomegaly,off,0.1868534031158477,1.0,0.4955002989153451,0.662528411206549,1.841969998110728
944,1112,35697eceff38abd1,Cardiomegaly,on,0.1868534031158477,1.0,0.5114769529242539,0.6767909349388297,1.3715970195310478
945,1113,28704d3df7d54ff7,Cardiomegaly,off,0.1827161576733963,1.0,0.5761233955412759,0.7307211020457499,2.436475307469577
945,1113,28704d3df7d54ff7,Cardiomegaly,on,0.1827161576733963,1.0,0.589725303123825,0.7419184057888533,2.8456483579943432
946,1118,a3686ee3ea5706e2,Cardiomegaly,off,0.1807474331047858,1.0,0.3748097139063698,0.5446949410371796,1.3346576571458328
946,1118,a3686ee3ea5706e2,Cardiomegaly,on,0.1807474331047858,1.0,0.4073890407169201,0.578928343144492,0.9090079776328892
947,1119,bc569f7bbbe48ed0,Cardiomegaly,off,0.1618155149140632,0.0,0.0487095182768521,0.0919284849999888,0.4125339495662799
947,1119,bc569f7bbbe48ed0,Cardiomegaly,on,0.1618155149140632,0.0,0.1063634132312627,0.1922722193153962,0.1073538888980939
948,1125,2a0edca9a07017a6,Cardiomegaly,off,0.1807912908303242,1.0,0.3999100718161965,0.5651687855421821,1.6783556063022915
948,1125,2a0edca9a07017a6,Cardiomegaly,on,0.1807912908303242,1.0,0.5388629550052948,0.7003335965318087,1.1626583582490264
949,1126,ddd31eb5a4ee3e1a,Cardiomegaly,off,0.1906397867539922,1.0,0.3207254862800432,0.482900622147947,1.3983376435358006
949,1126,ddd31eb5a4ee3e1a,Cardiomegaly,on,0.1906397867539922,1.0,0.3877853471062996,0.5588533301508766,0.9552230691190612
950,1133,122bb6e0ed2718f9,Cardiomegaly,off,0.1896018205829179,1.0,0.4509060590156884,0.6209432551242517,1.522287861994505
950,1133,122bb6e0ed2718f9,Cardiomegaly,on,0.1896018205829179,1.0,0.4724064105362462,0.6416787149727088,1.0390738361647336
951,1134,af9e54641c07f285,Cardiomegaly,off,0.2074616610382585,1.0,0.3728688568144143,0.5429282065508377,1.17537023654677
951,1134,af9e54641c07f285,Cardiomegaly,on,0.2074616610382585,1.0,0.3664790259987652,0.5363837471958581,0.7477833969472787
952,1136,736a8b9e30f13908,Cardiomegaly,off,0.1826235691417043,0.0,0.2796220714922866,0.4344048770867809,1.3047474832589865
952,1136,736a8b9e30f13908,Cardiomegaly,on,0.1826235691417043,0.0,0.3351108046418617,0.5019949779897785,0.8834732209449527
953,1138,73bc7952bfff8707,Cardiomegaly,off,0.1928619115146022,1.0,0.3055902907867781,0.4677264520912675,0.8721417405366926
953,1138,73bc7952bfff8707,Cardiomegaly,on,0.1928619115146022,1.0,0.3188272583367634,0.4835005923068557,0.5945133679202125
954,1140,6a71d0d1f69700bd,Cardiomegaly,off,0.1961853524942863,1.0,0.4594922588143425,0.6293525275239572,1.622239704746452
954,1140,6a71d0d1f69700bd,Cardiomegaly,on,0.1961853524942863,1.0,0.4702255242781741,0.6396640929503663,1.1102390182951232
955,1141,b90eb647d582b7e9,Cardiomegaly,off,0.1750313095429537,1.0,0.3350636925742948,0.4998742692694387,1.2467606206682396
955,1141,b90eb647d582b7e9,Cardiomegaly,on,0.1750313095429537,1.0,0.4135243346473579,0.5850954732746232,0.8383704115712105
956,1142,fd33d40594fe12ba,Cardiomegaly,off,0.1815514914063223,1.0,0.4555542283734773,0.6245330574082425,1.5875283101365285
956,1142,fd33d40594fe12ba,Cardiomegaly,on,0.1815514914063223,1.0,0.5085121107448821,0.674189339076791,1.0990850927199225
957,1146,37bf2d617731ffdf,Cardiomegaly,off,0.1811275333927849,0.0,0.1774957685377568,0.3009457476590921,0.7669133562771734
957,1146,37bf2d617731ffdf,Cardiomegaly,on,0.1811275333927849,0.0,0.1893508895777245,0.3184096573081735,0.477313159469783
958,1148,8949e949e58919ed,Cardiomegaly,off,0.2047668474579575,1.0,0.4407064924591138,0.6111090643201599,1.194009569664075
958,1148,8949e949e58919ed,Cardiomegaly,on,0.2047668474579575,1.0,0.4474238075157642,0.6182338069037187,0.8509640501178843
959,1149,8a491f78b4efd39e,Cardiomegaly,off,0.2031977154998075,1.0,0.2631854754544887,0.4139046674656432,0.7572911030884129
959,1149,8a491f78b4efd39e,Cardiomegaly,on,0.2031977154998075,1.0,0.2946609032887149,0.4551906230690208,0.4754516179497846
960,1155,dd45016fdfaa6388,Cardiomegaly,off,0.1955469789336725,0.0,0.3000659661235979,0.4603789637989272,1.301773376835082
960,1155,dd45016fdfaa6388,Cardiomegaly,on,0.1955469789336725,0.0,0.3242645153588266,0.4897258664636507,0.8537385737893728
961,1159,7026b654149c2a17,Cardiomegaly,off,0.1788956624709442,1.0,0.3395658261030589,0.5037704101938064,1.183968039457371
961,1159,7026b654149c2a17,Cardiomegaly,on,0.1788956624709442,1.0,0.4230261338266626,0.5945423953265102,0.8491737312423855
962,143,50a78104f389d4c5,Lung Opacity,off,0.1789005355515596,0.0,0.2698016312035337,0.4248473029554294,1.9047405015284655
962,143,50a78104f389d4c5,Lung Opacity,on,0.1789005355515596,0.0,0.2660161655497809,0.4202394245361078,2.188351889560038
963,151,e2c9e2770f83c49c,Lung Opacity,off,0.1906738983182998,1.0,0.2726284119949576,0.4276134515654705,2.0150477289012336
963,151,e2c9e2770f83c49c,Lung Opacity,on,0.1906738983182998,1.0,0.2590549324815499,0.4115044294225266,2.2879014769550365
964,158,c99d34d384583ad4,Lung Opacity,off,0.1872335034038468,1.0,0.2401140155302127,0.3870792246143111,0.7179494858314538
964,158,c99d34d384583ad4,Lung Opacity,on,0.1872335034038468,1.0,0.2480214777576254,0.3974634450622143,0.4661027518863883
965,212,12ed86139ce1a5fc,Lung Opacity,off,0.192925261562602,1.0,0.2948474870461081,0.4516331476393532,1.0395003838668535
965,212,12ed86139ce1a5fc,Lung Opacity,on,0.192925261562602,1.0,0.3506183438853725,0.5191900175976858,0.6051675100757841
966,228,63dd77962bfc8ea6,Lung Opacity,off,0.1487654050260953,1.0,0.1010443812887806,0.1827348052610482,0.4463846350780928
966,228,63dd77962bfc8ea6,Lung Opacity,on,0.1487654050260953,1.0,0.1538625318819086,0.2666804599502992,0.1229847503764259
967,303,d58d7cf71038f221,Lung Opacity,off,0.1873796958223079,0.0,0.0441259944587552,0.0844409012928043,0.5369959597607316
967,303,d58d7cf71038f221,Lung Opacity,on,0.1873796958223079,0.0,0.0499428334985511,0.0951343525353451,0.1484623426666648
968,341,35d739886f487191,Lung Opacity,off,0.1933784580598316,0.0,0.1519353305699605,0.2626928544141925,2.134938149706952
968,341,35d739886f487191,Lung Opacity,on,0.1933784580598316,0.0,0.1128878373298981,0.2028719727556727,2.2104216339630343
969,408,2a3bfc4860febc31,Lung Opacity,off,0.1889049700549196,0.0,0.0037495513449655,0.0074134225118117,0.7292035152569932
969,408,2a3bfc4860febc31,Lung Opacity,on,0.1889049700549196,0.0,0.0123057305047472,0.0243114584246393,0.0787498095984444
970,463,b2bfd15dcfd7db56,Lung Opacity,off,0.2093962740425614,1.0,0.3177585496676415,0.4801100649784937,0.7575821219043265
970,463,b2bfd15dcfd7db56,Lung Opacity,on,0.2093962740425614,1.0,0.2930470736364645,0.4532601056719726,0.4334320242486339
971,484,64f6247382eddc70,Lung Opacity,off,0.1969747915539766,0.0,0.0813881237981672,0.1503530796079902,1.523681775105094
971,484,64f6247382eddc70,Lung Opacity,on,0.1969747915539766,0.0,0.0725077982806379,0.1352113095557637,1.5145952309221824
972,513,182d40fcb761e39f,Lung Opacity,off,0.1947770321964436,0.0,0.1426552914621573,0.2472973155373544,2.02110035037938
972,513,182d40fcb761e39f,Lung Opacity,on,0.1947770321964436,0.0,0.0948941083549961,0.1733374494475625,2.1840100097136546
973,516,c252c9f0e3946a5b,Lung Opacity,off,0.2015798527355038,1.0,0.393142160067968,0.5632546033415244,1.4719457807113243
973,516,c252c9f0e3946a5b,Lung Opacity,on,0.2015798527355038,1.0,0.4164275229422317,0.5879961584200024,1.0507320942182423
974,524,d96d19a010e9b5ec,Lung Opacity,off,0.1839003162629319,0.0,0.224393597640516,0.364155044638275,1.0503669268193057
974,524,d96d19a010e9b5ec,Lung Opacity,on,0.1839003162629319,0.0,0.2762455916969003,0.4329019410479078,0.7136502721236313
975,525,a2e340bc6f6d2fe6,Lung Opacity,off,0.2012046255281201,1.0,0.3802649057566497,0.5504017885136963,1.5856473278554386
975,525,a2e340bc6f6d2fe6,Lung Opacity,on,0.2012046255281201,1.0,0.405714102809827,0.5772355030208765,1.184360102397965
976,527,0dadd1025949721e,Lung Opacity,off,0.1905374520610694,0.0,0.1282422070537516,0.227326493117159,1.4851459096035813
976,527,0dadd1025949721e,Lung Opacity,on,0.1905374520610694,0.0,0.1260031480045117,0.2238059738909031,1.23719468798397
977,537,69854d4fd80a2c6a,Lung Opacity,off,0.186268633442003,0.0,0.1812266843481292,0.3067830211467716,1.422491609367181
977,537,69854d4fd80a2c6a,Lung Opacity,on,0.186268633442003,0.0,0.1844201292894387,0.3114095565236893,1.2039368241688106
978,557,855d0b6a55e9d1b2,Lung Opacity,off,0.2031343654518076,1.0,0.2534094579711394,0.4034145234009453,0.8807636262498355
978,557,855d0b6a55e9d1b2,Lung Opacity,on,0.2031343654518076,1.0,0.2752915721768147,0.4317294781011176,0.4731779360765197
979,567,02a86431f9853461,Lung Opacity,off,0.1976570228401288,0.0,0.0066104824589893,0.0130755904889006,0.2398773162175597
979,567,02a86431f9853461,Lung Opacity,on,0.1976570228401288,0.0,0.0079578022089077,0.0157897736473705,-0.2842742079311994
980,571,dd8625df6eb2922e,Lung Opacity,off,0.202720153599501,0.0,0.0610120686797876,0.1149548954421336,1.4596530707782749
980,571,dd8625df6eb2922e,Lung Opacity,on,0.202720153599501,0.0,0.0552510932270462,0.1047164819499111,1.3499063659270472
981,610,c16642274f26f0b5,Lung Opacity,off,0.1998986399232002,1.0,0.1429936600219616,0.2501407023066836,0.8449958520636858
981,610,c16642274f26f0b5,Lung Opacity,on,0.1998986399232002,1.0,0.140873246274166,0.2469565491545119,0.5087277121416118
982,613,b01d229a4ee33bdf,Lung Opacity,off,0.2252776437680608,1.0,0.4626566258617196,0.6324141190784835,1.2468735461858191
982,613,b01d229a4ee33bdf,Lung Opacity,on,0.2252776437680608,1.0,0.4398835267460727,0.6109937214988171,0.8512606759006888
983,647,b77f5518c6ea21c5,Lung Opacity,off,0.1991043277828945,0.0,0.0283421260438456,0.0548303921480246,0.7799698732330066
983,647,b77f5518c6ea21c5,Lung Opacity,on,0.1991043277828945,0.0,0.0356327980090163,0.0688131780263002,0.3120807334575586
984,650,709345d40ed87430,Lung Opacity,off,0.1884127889127669,1.0,0.3127339523399322,0.4757206615787573,1.8477875261149677
984,650,709345d40ed87430,Lung Opacity,on,0.1884127889127669,1.0,0.3038124448447848,0.466034192120463,1.9364900313707103
985,667,10e6d128b671bab0,Lung Opacity,off,0.191107602493068,0.0,0.0921982254515735,0.1623427950465091,0.6625459422112276
985,667,10e6d128b671bab0,Lung Opacity,on,0.191107602493068,0.0,0.1532821081056634,0.2658057658724927,0.2605518835623089
986,701,31a354fdbc7b6e02,Lung Opacity,off,0.1982466655945889,0.0,0.1760148650239357,0.2975785573201086,0.8024981390593569
986,701,31a354fdbc7b6e02,Lung Opacity,on,0.1982466655945889,0.0,0.1786956918158894,0.3032055960785915,0.3946250352516003
987,704,77b2f5c6347ade66,Lung Opacity,off,0.1974036226481294,0.0,0.1450683920478749,0.2530191678380447,1.1015160702458486
987,704,77b2f5c6347ade66,Lung Opacity,on,0.1974036226481294,0.0,0.1578938257325825,0.2727258295475702,0.7680762057512992
988,732,a70b2bd05171ee4d,Lung Opacity,off,0.2004541711133527,1.0,0.3734144564082746,0.5433299508349465,1.439785696588599
988,732,a70b2bd05171ee4d,Lung Opacity,on,0.2004541711133527,1.0,0.3855076081310528,0.5564849791549197,1.0671381202198087
989,738,58d11e3c99f8ae62,Lung Opacity,off,0.1642081974962111,0.0,0.1530605258953448,0.265222457746581,0.9423869583707168
989,738,58d11e3c99f8ae62,Lung Opacity,on,0.1642081974962111,0.0,0.156812338815992,0.2711104881873172,0.7026578334220627
990,754,4cdac0e50b3d5fd9,Lung Opacity,off,0.192808307627833,0.0,0.16689208968016,0.28295391483631,0.7277919045336498
990,754,4cdac0e50b3d5fd9,Lung Opacity,on,0.192808307627833,0.0,0.1898377424337132,0.319092822986093,0.3389309625545805
991,776,76217cc90ae0671a,Lung Opacity,off,0.2069158760093368,0.0,0.0432429432932221,0.0807637670691267,0.6224577931029122
991,776,76217cc90ae0671a,Lung Opacity,on,0.2069158760093368,0.0,0.0707428319581932,0.1321349332135256,0.1543688247143823
992,798,0c5fba7cf760b0e4,Lung Opacity,off,0.1904935943355311,0.0,0.1187272129033765,0.2110518016049035,1.2178015966500937
992,798,0c5fba7cf760b0e4,Lung Opacity,on,0.1904935943355311,0.0,0.1491487316471069,0.2595810263073703,0.8940089315855789
993,801,a6fa296cf657deb0,Lung Opacity,off,0.1985390504315113,0.0,0.0542883703836702,0.1029797239822795,1.2282438049780822
993,801,a6fa296cf657deb0,Lung Opacity,on,0.1985390504315113,0.0,0.056049840245827,0.1061499893957178,0.8753226160935765
994,808,867eceaf4a60dbcf,Lung Opacity,off,0.186439191263541,1.0,0.2177343313940084,0.3530790149685523,0.8792526602828472
994,808,867eceaf4a60dbcf,Lung Opacity,on,0.186439191263541,1.0,0.3204589528933114,0.4853690920020773,0.5374517363210816
995,813,da64c724c1148a3a,Lung Opacity,off,0.1969260607478229,0.0,0.0141861204880467,0.0278683222463046,0.5885617390994421
995,813,da64c724c1148a3a,Lung Opacity,on,0.1969260607478229,0.0,0.0187616120169131,0.0368319804346706,0.1591446334032444
996,817,c68b1cd7fdf50a21,Lung Opacity,off,0.2005613788868909,0.0,0.0867585139664693,0.1595910683822092,1.3860331964688053
996,817,c68b1cd7fdf50a21,Lung Opacity,on,0.2005613788868909,0.0,0.0916104406310591,0.1678445089200898,1.293715399109982
997,829,41e2dbdd46e05066,Lung Opacity,off,0.2072521185717975,1.0,0.3375684092746688,0.5021667973824591,1.0504413489261015
997,829,41e2dbdd46e05066,Lung Opacity,on,0.2072521185717975,1.0,0.3302677348196339,0.4965383251354969,0.5787152481112531
998,838,baf23ac2df4ae881,Lung Opacity,off,0.1870873109853856,0.0,0.1162271235935427,0.2074828934105813,2.084846252282764
998,838,baf23ac2df4ae881,Lung Opacity,on,0.1870873109853856,0.0,0.082540149203093,0.1524921714181811,2.2236204413615672
999,843,4bd52de750502d8a,Lung Opacity,off,0.1850503632881598,1.0,0.2271514438451983,0.3684344854661748,0.7565234828731282
999,843,4bd52de750502d8a,Lung Opacity,on,0.1850503632881598,1.0,0.2639658759618632,0.4176753753989615,0.4523899364904188
1000,865,f5e97290ecc2f7f1,Lung Opacity,off,0.2051566939071873,0.0,0.0506601349459751,0.0961098983118903,0.9008966914061604
1000,865,f5e97290ecc2f7f1,Lung Opacity,on,0.2051566939071873,0.0,0.0514219060279213,0.097813227640974,0.4410731608561445
1001,870,0c97e3818d27ed1a,Lung Opacity,off,0.1825309806100122,0.0,0.144512395760168,0.2525202129837366,1.1960437624405515
1001,870,0c97e3818d27ed1a,Lung Opacity,on,0.1825309806100122,0.0,0.1451111620804261,0.2534446080550376,0.8511753260590396
1002,881,cc807973eae70749,Lung Opacity,off,0.1842268126641619,0.0,0.0849083949179838,0.1564726568419177,1.5143184984214997
1002,881,cc807973eae70749,Lung Opacity,on,0.1842268126641619,0.0,0.0866642675544171,0.1595049440138211,1.5496819349961812
1003,882,ec62b90d012a7f36,Lung Opacity,off,0.1967993606518232,0.0,0.0944137957931914,0.1722036488385319,1.4404154422755364
1003,882,ec62b90d012a7f36,Lung Opacity,on,0.1967993606518232,0.0,0.1083504328129422,0.1955164696075199,1.4846467663073044
1004,894,3353c04b904316c9,Lung Opacity,off,0.1846215321940071,0.0,0.0151392572441762,0.0293693229181753,0.7303261654059748
1004,894,3353c04b904316c9,Lung Opacity,on,0.1846215321940071,0.0,0.0405058884768629,0.0778570162225654,0.3232486092383773
1005,914,f780b938a0599c9d,Lung Opacity,off,0.186151679507234,0.0,0.1092681774897405,0.1959481139985601,2.219698357616664
1005,914,f780b938a0599c9d,Lung Opacity,on,0.186151679507234,0.0,0.0777945655993213,0.1443577461407709,2.221158335155692
1006,989,ad9ff444d7023459,Lung Opacity,off,0.1869995955343089,0.0,0.2572239894191484,0.4088124720617994,1.5819896161500924
1006,989,ad9ff444d7023459,Lung Opacity,on,0.1869995955343089,0.0,0.2772495071875573,0.4341349014510793,1.3132260950437118
1007,1010,da98b885287c0f5e,Lung Opacity,off,0.1950742901139813,1.0,0.2773374056114356,0.434028509099699,0.8048444867023424
1007,1010,da98b885287c0f5e,Lung Opacity,on,0.1950742901139813,1.0,0.286375894653824,0.4452442573462765,0.5388902552653911
1008,1018,163cee564a6cfc12,Lung Opacity,off,0.2068720182837984,0.0,0.0057848591587513,0.011443753754194,0.6877138917955239
1008,1018,163cee564a6cfc12,Lung Opacity,on,0.2068720182837984,0.0,0.0064765348383941,0.012869530656985,-0.0641675004416438
1009,1023,561ab0f3de7db10c,Lung Opacity,off,0.1891729894887651,0.0,0.2273956771895939,0.3700679785833746,1.556694259039977
1009,1023,561ab0f3de7db10c,Lung Opacity,on,0.1891729894887651,0.0,0.2478454523059418,0.397236954557196,1.4153180374562868
1010,1032,3648bbc08abfe9fb,Lung Opacity,off,0.1480977929817893,1.0,0.5012158825688304,0.6622621426301821,3.227030514248371
1010,1032,3648bbc08abfe9fb,Lung Opacity,on,0.1480977929817893,1.0,0.2428888246395759,0.3908350276996143,2.82289957151104
1011,1059,4e6b02da4dcc915f,Lung Opacity,off,0.1873699496610772,0.0,0.0001805665274799,0.0003608073063479,0.310676474474425
1011,1059,4e6b02da4dcc915f,Lung Opacity,on,0.1873699496610772,0.0,0.0,0.0,-0.4660069150893435
1012,1071,d2d1c6634af7be5d,Lung Opacity,off,0.1842463049866234,1.0,0.3375998042990346,0.5046492791860208,1.3147304322009623
1012,1071,d2d1c6634af7be5d,Lung Opacity,on,0.1842463049866234,1.0,0.3129939879321948,0.4767625519280553,0.9997140089643656
1013,1087,b2249a0431083ac3,Lung Opacity,off,0.1846215321940071,0.0,0.235658255122003,0.3784097134815734,0.9908103886822156
1013,1087,b2249a0431083ac3,Lung Opacity,on,0.1846215321940071,0.0,0.271808135597212,0.4274266395878916,0.5457182327941401
1014,1099,7bc2cc696d4337d2,Lung Opacity,off,0.1815661106481684,1.0,0.21512782606446,0.3509171645512866,2.456916693045443
1014,1099,7bc2cc696d4337d2,Lung Opacity,on,0.1815661106481684,1.0,0.1339051773307711,0.2361808553888469,2.3338681125160217
1015,1117,e1d459756f1b3518,Lung Opacity,off,0.1874674112733847,0.0,0.1152091800772456,0.206513079878352,1.0300629021850805
1015,1117,e1d459756f1b3518,Lung Opacity,on,0.1874674112733847,0.0,0.1224748814740649,0.2182228647507469,0.653868078642664
1016,1132,a7f9e47fecee141b,Lung Opacity,off,0.2108094674210195,1.0,0.3125045381400625,0.4760911297799267,1.3980584699052192
1016,1132,a7f9e47fecee141b,Lung Opacity,on,0.2108094674210195,1.0,0.3210795046980448,0.4860864036737086,1.012462496855227
1017,953,e85aa1af55a864a7,Consolidation,off,0.1960489062370558,1.0,0.2226598370062726,0.3640215760260208,1.4512330021563518
1017,953,e85aa1af55a864a7,Consolidation,on,0.1960489062370558,1.0,0.2047390487936952,0.3398888021953294,1.074404438435807
1018,490,59455916e32ce344,Lung Opacity,off,0.2272512414172867,0.0,0.0,0.0,-0.4629748902972128
1018,490,59455916e32ce344,Lung Opacity,on,0.2272512414172867,0.0,0.0,0.0,-0.5590868066355043
1019,680,af3ebc6f5b2639d8,Consolidation,off,0.192311253405065,0.0,0.1314365932402643,0.2310107551002261,0.6537553706266949
1019,680,af3ebc6f5b2639d8,Consolidation,on,0.192311253405065,0.0,0.1530369233034388,0.2654495496605728,0.3375091392742072
1020,892,9b7143602c54f938,Consolidation,off,0.1988996583970488,0.0,0.1900737394560131,0.3184911445020839,1.0752850582271605
1020,892,9b7143602c54f938,Consolidation,on,0.1988996583970488,0.0,0.2090083022301335,0.3457500361156239,0.6565521961784364
1021,1114,5287b5a18fe396fa,Consolidation,off,0.2125394110394768,0.0,0.1410654861804709,0.2469430917183125,0.6043410695219943
1021,1114,5287b5a18fe396fa,Consolidation,on,0.2125394110394768,0.0,0.1423720415362087,0.2492562756833461,0.3313444038879726
1022,458,8210c0794bf934d5,Consolidation,off,0.2015067565262732,0.0,0.0970721642357048,0.1769165406725244,1.3222026432788456
1022,458,8210c0794bf934d5,Consolidation,on,0.2015067565262732,0.0,0.102324281545304,0.1856518242828419,1.1652094555968295
1023,867,4ee7651e8cc5fac7,Lung Opacity,off,0.1881837541238444,0.0,0.0981566745832651,0.1786920183178398,1.281459434927209
1023,867,4ee7651e8cc5fac7,Lung Opacity,on,0.1881837541238444,0.0,0.0956441079376024,0.1745895272041027,0.9812444720727194
1024,27,0963775551c15d7a,Consolidation,off,0.2138746351280889,0.0,0.0783852825108629,0.1453721342540251,0.8477955795210432
1024,27,0963775551c15d7a,Consolidation,on,0.2138746351280889,0.0,0.0785468484867006,0.1456530952895798,0.5083245228377065
1025,443,47bc38c2af99e042,Lung Opacity,off,0.176970795627872,0.0,0.0512351463850372,0.0971540960054656,1.099111402432627
1025,443,47bc38c2af99e042,Lung Opacity,on,0.176970795627872,0.0,0.0685444330126256,0.1282948078992041,0.7763714489217318
1026,1067,e84b241dfd2370bb,Consolidation,off,0.1787738354555599,0.0,0.1386324937707998,0.2426673950287952,0.9163207617976368
1026,1067,e84b241dfd2370bb,Consolidation,on,0.1787738354555599,0.0,0.1909767863303173,0.3206934401810412,0.5055253753147924
1027,572,2a154d96440d534f,Lung Opacity,off,0.1950547977915198,1.0,0.1821193315655909,0.3077965841823851,0.8927221122852134
1027,572,2a154d96440d534f,Lung Opacity,on,0.1950547977915198,1.0,0.1996265790098187,0.332813783260912,0.4942663105280699
1028,1143,10c2f530cb8f51fd,Consolidation,off,0.1893143088266109,0.0,0.2351421612084117,0.3774636100407137,1.136349103312818
1028,1143,10c2f530cb8f51fd,Consolidation,on,0.1893143088266109,0.0,0.2829318190803936,0.4410650944969118,0.6501989592937939
1029,379,5a7d7262a11a2c20,Consolidation,off,0.1826625537866273,0.0,0.0545439204191172,0.1021001478235779,0.9298279224078592
1029,379,5a7d7262a11a2c20,Consolidation,on,0.1826625537866273,0.0,0.0913856647790697,0.1674660147525011,0.5485625515149388
1030,709,2de53fac8a1b349f,Consolidation,off,0.190113494047532,1.0,0.1870868432667324,0.3131020422665979,1.4097692670659316
1030,709,2de53fac8a1b349f,Consolidation,on,0.190113494047532,1.0,0.2732756750617289,0.4292477565438219,1.1235325403013112
1031,547,3b2b31b61fa0372a,Lung Opacity,off,0.1990799623798176,1.0,0.2823059465734482,0.4357353105029781,1.148536139568268
1031,547,3b2b31b61fa0372a,Lung Opacity,on,0.1990799623798176,1.0,0.3070278832695907,0.4698007385007036,0.6538970690258837
1032,786,05002b2b0885808c,Lung Opacity,off,0.1907567406887612,0.0,0.1649941611174155,0.2817015362656573,0.7204773360305332
1032,786,05002b2b0885808c,Lung Opacity,on,0.1907567406887612,0.0,0.1937751944616725,0.3246398115830363,0.3396579930769674
1033,759,99e540e33016898d,Consolidation,off,0.187550253643846,0.0,0.104373639844334,0.1887517228089886,1.9222062398872124
1033,759,99e540e33016898d,Consolidation,on,0.187550253643846,0.0,0.0828842503447869,0.1530794955211298,2.215422523194518
1034,589,ec7f48cbd6ef8211,Lung Opacity,off,0.2028614729373468,0.0,0.0312180622743387,0.0604275722041818,0.7839805720790877
1034,589,ec7f48cbd6ef8211,Lung Opacity,on,0.2028614729373468,0.0,0.0324380460845631,0.0628371523266776,0.3738517558156028
1035,1129,6febfbb83df0148b,Lung Opacity,off,0.1944359165533675,0.0,0.1155076578620008,0.2070364017499723,1.4080460075887375
1035,1129,6febfbb83df0148b,Lung Opacity,on,0.1944359165533675,0.0,0.1122020229796018,0.2017654144800436,1.215465636567454
1036,806,3f86260cf64dcb05,Lung Opacity,off,0.2035924350296526,0.0,0.0913986555908155,0.1661342224776251,0.5151367690744147
1036,806,3f86260cf64dcb05,Lung Opacity,on,0.2035924350296526,0.0,0.096696693300422,0.1763387720442379,0.2281571861898917
1037,44,1468a545136dd5ba,Consolidation,off,0.1984464618998192,1.0,0.1490457205141759,0.2586143760277863,1.418759420147264
1037,44,1468a545136dd5ba,Consolidation,on,0.1984464618998192,1.0,0.1710112057143837,0.292074265565717,1.322581755953489
1038,485,be773e0028215e81,Consolidation,off,0.1931055655453708,0.0,0.2304678943032038,0.3725805506175054,1.2342654891516702
1038,485,be773e0028215e81,Consolidation,on,0.1931055655453708,0.0,0.2753427331869299,0.4317936977321722,0.8647898812149943
1039,949,9728ddeca70a3995,Lung Opacity,off,0.1847043745644684,1.0,0.2804322776363298,0.4350949114385558,1.4256712433813126
1039,949,9728ddeca70a3995,Lung Opacity,on,0.1847043745644684,1.0,0.3421337700507848,0.5098345618549969,1.0694880072143016
1040,690,1ebc12624450b252,Lung Opacity,off,0.1951814978875195,0.0,0.0658239184559607,0.1235110897154086,1.272804991118918
1040,690,1ebc12624450b252,Lung Opacity,on,0.1951814978875195,0.0,0.0661345601339881,0.124064177808784,1.0171139440331307
1041,662,4cc1fcdeed43b68a,Consolidation,off,0.2154437670862389,0.0,0.1596700314484573,0.2716871066060124,0.7140552645063966
1041,662,4cc1fcdeed43b68a,Consolidation,on,0.2154437670862389,0.0,0.1602734066708912,0.2762595383400877,0.2319312118407257
1042,773,d18833095a890c5d,Consolidation,off,0.200117928550892,1.0,0.2605724856952599,0.4129798090217343,1.255461026114735
1042,773,d18833095a890c5d,Consolidation,on,0.200117928550892,1.0,0.2347642071283483,0.3802574768689756,0.8616299353305404
1043,868,bb593e75db4ae1f1,Lung Opacity,off,0.201687060509042,0.0,0.1468224791486898,0.2560229108794795,1.5206021275267674
1043,868,bb593e75db4ae1f1,Lung Opacity,on,0.201687060509042,0.0,0.1513927226790116,0.2629732030901751,1.473353690125061
1044,703,42af86817a1fc686,Lung Opacity,off,0.1992456471207403,0.0,0.0059968830164034,0.0117750099055332,-0.0729760286027859
1044,703,42af86817a1fc686,Lung Opacity,on,0.1992456471207403,0.0,0.0038754319786917,0.0077194433828513,-0.4551466495341731
1045,890,2e8a1d279ded7080,Consolidation,off,0.2019307145398106,0.0,0.0843801679213817,0.1548597815617092,0.811587503866884
1045,890,2e8a1d279ded7080,Consolidation,on,0.2019307145398106,0.0,0.1038724328865873,0.1881955815520211,0.3990266025823941
1046,259,f635afc2d61f85db,Lung Opacity,off,0.1958686022542871,0.0,0.1990621578987606,0.3318421470194236,1.7773585795766
1046,259,f635afc2d61f85db,Lung Opacity,on,0.1958686022542871,0.0,0.190514241896021,0.3200532687116902,1.747250488957701
1047,637,529ec12b23c96a2e,Lung Opacity,off,0.2084460233225638,0.0,0.0019340715118134,0.0038373850395576,-0.0812465569063528
1047,637,529ec12b23c96a2e,Lung Opacity,on,0.2084460233225638,0.0,0.0,0.0,-0.5530472991447908
1048,926,0fec6a529bcfd2f9,Lung Opacity,off,0.1999424976487386,0.0,0.0034734466416621,0.0068824109575608,0.5640461755717796
1048,926,0fec6a529bcfd2f9,Lung Opacity,on,0.1999424976487386,0.0,0.0030492850798738,0.0060798033988263,-0.2712974188639639
1049,554,d11f8f5efb8b1d40,Consolidation,off,0.2072082608462591,0.0,0.1438059587977245,0.2499092775668759,0.6086979454828955
1049,554,d11f8f5efb8b1d40,Consolidation,on,0.2072082608462591,0.0,0.1421911488156571,0.2489761557015481,0.2173583943747719
1050,323,4c1c2fa84ef6dde3,Lung Opacity,off,0.1926231305644489,1.0,0.2040263021070054,0.3384601605007527,1.381856118269741
1050,323,4c1c2fa84ef6dde3,Lung Opacity,on,0.1926231305644489,1.0,0.2331007887865321,0.3780717753143888,1.0770149796777455
1051,624,840a379583bc3556,Consolidation,off,0.1760449103109512,0.0,0.1193411527135238,0.2116463121005539,2.397460036850563
1051,624,840a379583bc3556,Consolidation,on,0.1760449103109512,0.0,0.0673405605419007,0.1261828671809391,2.2899577720438358
1052,1115,3b7a9cf6b7b5b5ce,Lung Opacity,off,0.2092062238985619,0.0,0.048411269579297,0.0920712424537556,1.0311021372603566
1052,1115,3b7a9cf6b7b5b5ce,Lung Opacity,on,0.2092062238985619,0.0,0.0481843174899509,0.0919377845285216,0.5703654378133285
1053,794,f351439061d5ad61,Lung Opacity,off,0.1996549858924316,0.0,0.0334299097512077,0.0646952803398901,0.913247943028718
1053,794,f351439061d5ad61,Lung Opacity,on,0.1996549858924316,0.0,0.0341458674678348,0.0660368481552826,0.5657078688244168
1054,772,f4985731f315e372,Lung Opacity,off,0.1858251831060041,0.0,0.08934637447353,0.1625579976693895,1.5958850636215254
1054,772,f4985731f315e372,Lung Opacity,on,0.1858251831060041,0.0,0.1063748797448237,0.1922929747622418,2.243944366619816
1055,1003,5e887ff332cd84e0,Consolidation,off,0.2051518208265719,1.0,0.1640491443548678,0.2815546539510687,1.1404666126247285
1055,1003,5e887ff332cd84e0,Consolidation,on,0.2051518208265719,1.0,0.1524981877205977,0.2646393291696539,0.7514280435958871
1056,562,dc0a4d5aa64453b1,Lung Opacity,off,0.1841927010998543,0.0,0.0200623245019796,0.0393200518745414,1.4839571321876637
1056,562,dc0a4d5aa64453b1,Lung Opacity,on,0.1841927010998543,0.0,0.021601467673448,0.0422893299757938,2.166738513552321
1057,1153,54499e14c7ac5da4,Lung Opacity,off,0.1913025257176829,1.0,0.1738179015061553,0.296009149833481,1.265950950843965
1057,1153,54499e14c7ac5da4,Lung Opacity,on,0.1913025257176829,1.0,0.1936331387072792,0.3244425344956446,0.85192348081456
1058,872,f7153e69885c5835,Lung Opacity,off,0.177545819140486,0.0,0.0,0.0,-0.080023292358429
1058,872,f7153e69885c5835,Lung Opacity,on,0.177545819140486,0.0,0.0,0.0,-0.4953052350127252
1059,947,e82691ac1caaca89,Lung Opacity,off,0.1934564273496776,0.0,0.2157777582556718,0.352651250029427,0.984253833812175
1059,947,e82691ac1caaca89,Lung Opacity,on,0.1934564273496776,0.0,0.2704659974927516,0.4257690403792424,0.5477853737847675
1060,623,6fc49d603a768803,Consolidation,off,0.200078943905969,0.0,0.0024924431245691,0.0049235281793421,0.2294515066296148
1060,623,6fc49d603a768803,Consolidation,on,0.200078943905969,0.0,0.0,0.0,-0.5078795884264684
1061,687,a08261c925ff8d87,Consolidation,off,0.2162332061459292,0.0,0.1058745936954942,0.1913041374930141,1.53393008418153
1061,687,a08261c925ff8d87,Consolidation,on,0.2162332061459292,0.0,0.1085716070907758,0.1958763746133096,1.4349565937478177
1062,849,e657132d289a3d51,Lung Opacity,off,0.1813273296980151,0.0,0.0792076449930488,0.1466352786883374,1.9009084103522853
1062,849,e657132d289a3d51,Lung Opacity,on,0.1813273296980151,0.0,0.0656401909713482,0.123193105832836,2.2428152833755246
1063,495,15f6bb902a2c959a,Consolidation,off,0.2047229897324191,0.0,0.0291153944189923,0.0556972345461,0.5481038781846134
1063,495,15f6bb902a2c959a,Consolidation,on,0.2047229897324191,0.0,0.0454727822173205,0.0869877653543102,0.0796130949890593
1064,1108,1ae4a6386bc83344,Lung Opacity,off,0.1769366840635644,1.0,0.3652003372707558,0.533176458702697,1.92528903829828
1064,1108,1ae4a6386bc83344,Lung Opacity,on,0.1769366840635644,1.0,0.2499762390656816,0.3999659239772253,1.6400704547278868
1065,835,63a0f8e87901b112,Lung Opacity,off,0.1662110336291293,0.0,0.1871775383862138,0.3144774903990581,1.008265300593481
1065,835,63a0f8e87901b112,Lung Opacity,on,0.1662110336291293,0.0,0.1793321336763525,0.3040929841429219,0.8181587360672581
1066,1120,770bcfbe59f7a3db,Pleural Effusion,off,0.1778382039774084,0.0,0.0589243063998913,0.1110275039779042,0.3229092859697194
1066,1120,770bcfbe59f7a3db,Pleural Effusion,on,0.1778382039774084,0.0,0.0632082481125849,0.1188996818837022,0.0114442413541543
1067,682,9e9dc881dce1f80f,Pleural Effusion,off,0.1892801972623033,0.0,0.0881628211426475,0.1619524783744325,0.2939174696152059
1067,682,9e9dc881dce1f80f,Pleural Effusion,on,0.1892801972623033,0.0,0.0909954861312959,0.1668117116793696,0.1682219021046257
1068,501,afef2a64487ccc52,Pleural Effusion,off,0.1907762330112227,0.0,0.1428679150761662,0.2496614550304333,1.2306986829343587
1068,501,afef2a64487ccc52,Pleural Effusion,on,0.1907762330112227,0.0,0.1372301678672688,0.2413399597431642,1.0135524170465209
1069,978,d4a24d57809210d6,Pleural Effusion,off,0.1833058004278565,1.0,0.0902515852288602,0.1655363633529206,0.7562381456632491
1069,978,d4a24d57809210d6,Pleural Effusion,on,0.1833058004278565,1.0,0.0870623368862588,0.1601790208462524,0.3611555503818433
1070,902,ce6cc922e4733aa7,Pleural Effusion,off,0.2111944407896339,0.0,0.0465792113332958,0.0886024134492618,0.1821106721322897
1070,902,ce6cc922e4733aa7,Pleural Effusion,on,0.2111944407896339,0.0,0.0476238301513439,0.0909170092805237,-0.0581910660743212
1071,552,c8e12d7b589b5f7a,Pleural Effusion,off,0.1784570852155607,0.0,0.1176708875321085,0.2105263624380677,0.7681609507775763
1071,552,c8e12d7b589b5f7a,Pleural Effusion,on,0.1784570852155607,0.0,0.1130719449208022,0.2031707184549042,0.5886113586024633
1072,987,32858eb95ff67333,Pleural Effusion,off,0.2002641209693532,0.0,0.0232504531503867,0.0450178013726233,0.7698669907815705
1072,987,32858eb95ff67333,Pleural Effusion,on,0.2002641209693532,0.0,0.0314415907185331,0.0609653497468752,0.2135117958365164
1073,1038,5e8fe2fa834e1c32,Pleural Effusion,off,0.2015798527355038,0.0,0.0617841735235,0.1161951235802035,1.0092793495635397
1073,1038,5e8fe2fa834e1c32,Pleural Effusion,on,0.2015798527355038,0.0,0.0622152621183894,0.1171420670538401,0.5843649328359728
1074,555,f7c5f09b2030a7d8,Pleural Effusion,off,0.221369433114532,1.0,0.2360177629930072,0.3806559681842369,0.3693176828774723
1074,555,f7c5f09b2030a7d8,Pleural Effusion,on,0.221369433114532,1.0,0.1879297778551823,0.3163952980874528,0.1401856348662775
1075,446,fe58ac10abaf8090,Pleural Effusion,off,0.168247981326355,0.0,0.0008208146197924,0.001634919410812,0.2224635801678282
1075,446,fe58ac10abaf8090,Pleural Effusion,on,0.168247981326355,0.0,0.0101354173362632,0.0200665059119645,-0.2776821087139774
1076,912,8aaec40bc7225327,Pleural Effusion,off,0.1933882042210624,0.0,0.0618954489844583,0.1161821565022185,0.2510819142907984
1076,912,8aaec40bc7225327,Pleural Effusion,on,0.1933882042210624,0.0,0.0686861969868967,0.1285415735413489,-0.0682073157030858
1077,686,d8cae75ce335777c,Pleural Effusion,off,0.188753904555843,0.0,0.082994158349664,0.1529623146966501,0.3441411319586531
1077,686,d8cae75ce335777c,Pleural Effusion,on,0.188753904555843,0.0,0.0833692434614145,0.1539067943141036,0.1180685941419737
1078,825,58646d9099d568d0,Pleural Effusion,off,0.2032854309508842,0.0,0.0414146007550925,0.0788906926482898,0.4082354940517648
1078,825,58646d9099d568d0,Pleural Effusion,on,0.2032854309508842,0.0,0.0484147405310534,0.0923568159308858,0.0247446774894221
1079,502,e067b5a011b6f780,Pleural Effusion,off,0.2054734441471865,0.0,0.1139013321778946,0.2044000301654764,1.37239293955133
1079,502,e067b5a011b6f780,Pleural Effusion,on,0.2054734441471865,0.0,0.1156757532645616,0.2073640155997877,1.1387356514376192
1080,932,9e90087f741b0a4b,Pleural Effusion,off,0.211155456144711,0.0,0.0402162525001933,0.0768709498851524,0.3906314141097765
1080,932,9e90087f741b0a4b,Pleural Effusion,on,0.211155456144711,0.0,0.0283669038560776,0.0551679083972711,-0.1166290329713164
1081,1060,81bfaed24e14a36d,Pleural Effusion,off,0.1820875302740133,1.0,0.1726569591354781,0.2936271569192727,1.389030856458384
1081,1060,81bfaed24e14a36d,Pleural Effusion,on,0.1820875302740133,1.0,0.1330206637495601,0.2348064062669575,1.0456229672189734
1082,818,c9073232c6d4b940,Pleural Effusion,off,0.1895287243736873,0.0,0.0207643816100143,0.0401864542121958,0.232074693513915
1082,818,c9073232c6d4b940,Pleural Effusion,on,0.1895287243736873,0.0,0.0289002829666347,0.0561747608432478,-0.1432698622397075
1083,941,ac76e72ff49a04d1,Pleural Effusion,off,0.1952984518222885,0.0,0.1215334823824176,0.2158493687977586,0.9267585644518512
1083,941,ac76e72ff49a04d1,Pleural Effusion,on,0.1952984518222885,0.0,0.1361101417240304,0.2396059859564555,0.587401775329885
1084,1128,43610d4623a4466c,Pleural Effusion,off,0.2236500348425264,0.0,0.0378153486705457,0.0727026840400985,0.7515197969055595
1084,1128,43610d4623a4466c,Pleural Effusion,on,0.2236500348425264,0.0,0.0310900970080837,0.0603045486397843,0.2135359031440682
1085,450,84aca73e6943a78c,Pleural Effusion,off,0.202145130086887,0.0,0.0797095716129453,0.1454730506415318,0.6320637335597792
1085,450,84aca73e6943a78c,Pleural Effusion,on,0.202145130086887,0.0,0.1025843814888103,0.1860716438797247,0.1739769859348987
1086,815,feaa3ea4b1fbccfb,Pleural Effusion,off,0.2021158916031948,1.0,0.1849766903681171,0.3115758345425736,1.0067278634694328
1086,815,feaa3ea4b1fbccfb,Pleural Effusion,on,0.2021158916031948,1.0,0.2071090560306804,0.3431475714504666,0.5806438327903802
1087,836,23122b420d5fe60e,Pleural Effusion,off,0.1955957097398262,0.0,0.0497094047058172,0.0943048412881669,0.2278440156362024
1087,836,23122b420d5fe60e,Pleural Effusion,on,0.1955957097398262,0.0,0.0527016639790467,0.1001257148519505,-0.0169292808530645
1088,730,d67867fe0018946f,Pleural Effusion,off,0.1925597805164491,0.0,0.0885271563652033,0.1625507665841613,0.7580599291400565
1088,730,d67867fe0018946f,Pleural Effusion,on,0.1925597805164491,0.0,0.0974979755504036,0.1776729790787584,0.3946772920127985
1089,908,df4705a92b5db9bf,Pleural Effusion,off,0.2172662992363882,0.0,0.0840761139079857,0.1544858018129697,0.676648230523515
1089,908,df4705a92b5db9bf,Pleural Effusion,on,0.2172662992363882,0.0,0.0717393546632373,0.1338727659608872,0.193025337414005
1090,784,c10bc1f45238c893,Pleural Effusion,off,0.1970381416019765,0.0,0.0587915927152768,0.1106310291896102,0.5589326185267306
1090,784,c10bc1f45238c893,Pleural Effusion,on,0.1970381416019765,0.0,0.0727664991796809,0.1356600414882025,0.1370121738537078
1091,997,67a2a858716143a1,Pleural Effusion,off,0.200653967418583,0.0,0.1219544904649817,0.2173405704487095,1.0304078571298874
1091,997,67a2a858716143a1,Pleural Effusion,on,0.200653967418583,0.0,0.126369839769854,0.2243841332922173,0.6247772125082088
1092,482,eb24fa44f568ccfa,Pleural Effusion,off,0.198509811947819,1.0,0.1981692951812399,0.3306246107873095,0.858629547107126
1092,482,eb24fa44f568ccfa,Pleural Effusion,on,0.198509811947819,1.0,0.1851074690056981,0.3123892812723671,0.5865780895823454
1093,757,10ca37bd9be150be,Pleural Effusion,off,0.1790272356475593,0.0,0.091124600695171,0.1657996160153859,0.3991051879533384
1093,757,10ca37bd9be150be,Pleural Effusion,on,0.1790272356475593,0.0,0.133014540964412,0.234794997849882,0.167166508156589
1094,707,e3a24951af784f22,Pleural Effusion,off,0.1925305420327568,0.0,0.0097290611441044,0.0191313463224335,-0.043748586761975
1094,707,e3a24951af784f22,Pleural Effusion,on,0.1925305420327568,0.0,0.0129118893433973,0.0254941625696189,-0.363739308095177
1095,566,47b9c4202e77cc1c,Pleural Effusion,off,0.1875063959183076,0.0,0.051030547912339,0.0970804676954424,0.7510013287698457
1095,566,47b9c4202e77cc1c,Pleural Effusion,on,0.1875063959183076,0.0,0.0535700603434673,0.1016924425708658,0.396231385053422
1096,994,a018d2ec2056ba13,Pleural Effusion,off,0.1948598745669049,1.0,0.2982993682176261,0.4584375837169892,0.9164544543495448
1096,994,a018d2ec2056ba13,Pleural Effusion,on,0.1948598745669049,1.0,0.3146462686701464,0.4786776815680038,0.6186547623945036
1097,578,8250971e15436201,Pleural Effusion,off,0.193173788673986,0.0,0.1648574333540443,0.2826970436504036,0.6611719953838828
1097,578,8250971e15436201,Pleural Effusion,on,0.193173788673986,0.0,0.1713066635625,0.2925046886015631,0.3865180597586841
1098,104,ec0760fc67ee339f,Pleural Effusion,off,0.190859075381684,0.0,0.0731904994912422,0.1357242169607998,0.5376723151710361
1098,104,ec0760fc67ee339f,Pleural Effusion,on,0.190859075381684,0.0,0.0904388852418651,0.1658734623175449,0.1439055770384948
1099,821,31454ced59f57f9b,Pleural Effusion,off,0.1673756998962033,0.0,0.097687837384122,0.1774267147656883,0.816540360102343
1099,821,31454ced59f57f9b,Pleural Effusion,on,0.1673756998962033,0.0,0.1351940906242371,0.2381859916593939,0.463009528836477
1100,1026,afd85468199ad4ac,Pleural Effusion,off,0.1954641365632111,0.0,0.1126222935397486,0.2024240078900868,0.8456054760078332
1100,1026,afd85468199ad4ac,Pleural Effusion,on,0.1954641365632111,0.0,0.1163753444258841,0.2084878414990572,0.5708188023505715
1101,877,3cf6f3a36e63c3d7,Pleural Effusion,off,0.2031441116130384,1.0,0.1624464299393919,0.2793109939167774,1.0614093473514017
1101,877,3cf6f3a36e63c3d7,Pleural Effusion,on,0.2031441116130384,1.0,0.1552294805159489,0.2687418948961306,0.7435979362365412
1102,802,f642a9532e776fba,Pleural Effusion,off,0.1994308241841244,1.0,0.1720003330172743,0.2931236792177899,0.4707360998780119
1102,802,f642a9532e776fba,Pleural Effusion,on,0.1994308241841244,1.0,0.1720651670802083,0.2936095024735571,0.2527471811825117
1103,573,10fee9feaffc9d67,Pleural Effusion,off,0.2074372956351817,0.0,0.0021938630803482,0.0043517623971264,-0.0550114691777625
1103,573,10fee9feaffc9d67,Pleural Effusion,on,0.2074372956351817,0.0,0.0,0.0,-0.535177962436789
1104,1064,1b4b246fc1934132,Pleural Effusion,off,0.1846020398715455,0.0,0.0664215232212069,0.123822515845223,0.5503916563473377
1104,1064,1b4b246fc1934132,Pleural Effusion,on,0.1846020398715455,0.0,0.0865882780461921,0.1593750400294283,0.2142016710998432
1105,917,8544f40e972ffb8b,Pleural Effusion,off,0.1728091847823438,1.0,0.1702426135025523,0.2866361803104774,0.7697153428561259
1105,917,8544f40e972ffb8b,Pleural Effusion,on,0.1728091847823438,1.0,0.2509803415863708,0.4012413326766922,0.4841537909515254
1106,1110,cbfeb2200c7693e3,Pleural Effusion,off,0.2030417769201156,0.0,0.0042732457850714,0.0084766886815686,-0.553332883367497
1106,1110,cbfeb2200c7693e3,Pleural Effusion,on,0.2030417769201156,0.0,0.0023739353450627,0.004736554140034,-0.4985440904661701
1107,611,90ba30781590a8c3,Pleural Effusion,off,0.2033780194825763,0.0,0.0729303237632978,0.1356722877292486,0.7803338828456773
1107,611,90ba30781590a8c3,Pleural Effusion,on,0.2033780194825763,0.0,0.0728348878569374,0.1357795987526187,0.3519540334441075
1108,349,6b56d0dbc96e87a3,Pleural Effusion,off,0.2000838169865844,0.0,0.0968808609977389,0.1761718521322618,0.7200012046778334
1108,349,6b56d0dbc96e87a3,Pleural Effusion,on,0.2000838169865844,0.0,0.113672810307108,0.20413854019804,0.284132147629545
1109,896,71c224d9e56d6796,Pleural Effusion,off,0.1926572421287565,0.0,0.1631993506214744,0.2791947628625415,0.8913240465906478
1109,896,71c224d9e56d6796,Pleural Effusion,on,0.1926572421287565,0.0,0.1771521619600837,0.3009813388735151,0.4792084516612803
1110,973,87f24fde5f11ea3e,Pleural Effusion,off,0.1847189938063145,0.0,0.1365789984803119,0.2402506853932156,0.9749039372272884
1110,973,87f24fde5f11ea3e,Pleural Effusion,on,0.1847189938063145,0.0,0.1445941813217613,0.2526556591874503,0.6237342565341867
1111,1130,c447627e22128f05,Pleural Effusion,off,0.2049032937151879,0.0,0.0265353017447885,0.0513625972054959,-0.1264886782107019
1111,1130,c447627e22128f05,Pleural Effusion,on,0.2049032937151879,0.0,0.0191081539743052,0.0374990048592341,-0.3259799655797529
1112,519,cb23f15188ae0ac0,Pleural Effusion,off,0.1991189470247406,0.0,0.0132131818864964,0.0257025503172722,0.1809159554165062
1112,519,cb23f15188ae0ac0,Pleural Effusion,on,0.1991189470247406,0.0,0.019534844686503,0.0383192048837261,-0.2213010509884996
1113,500,962c6a113118443b,Pleural Effusion,off,0.1954543904019804,0.0,0.1157675306357684,0.2074954193879108,0.9420092022801504
1113,500,962c6a113118443b,Pleural Effusion,on,0.1954543904019804,0.0,0.1185158823733568,0.2119162835835709,0.602393002194401
1114,529,4881147b3065f434,Pleural Effusion,off,0.2053175055674946,0.0,0.1168217272609416,0.2084376771221169,0.3744065495305206
1114,529,4881147b3065f434,Pleural Effusion,on,0.2053175055674946,0.0,0.1204895763886287,0.2150643591632279,0.1491075473473831
1115,545,f2c7ecc55cd16fef,Pleural Effusion,off,0.1841488433743159,1.0,0.1143991144585925,0.2051732552396066,0.6079193292248075
1115,545,f2c7ecc55cd16fef,Pleural Effusion,on,0.1841488433743159,1.0,0.1304444937864066,0.2307832755282552,0.3054741209887386
1116,669,740b1c37f34a8265,Pleural Effusion,off,0.2127294611834763,0.0,0.0888058915686744,0.160385497482768,0.4759434247735219
1116,669,740b1c37f34a8265,Pleural Effusion,on,0.2127294611834763,0.0,0.0721897560522033,0.1346510943730919,0.054604913721233
1117,509,8c310bf79d9599ea,Pleural Effusion,off,0.1890121778284578,0.0,0.073893445008362,0.137205010128963,1.110555905960667
1117,509,8c310bf79d9599ea,Pleural Effusion,on,0.1890121778284578,0.0,0.1031816851638054,0.1870604663265643,0.6859987795287826
1118,614,3ff4d9de646f6970,Pleural Effusion,off,0.200117928550892,0.0,0.0774776534253131,0.1437754272665594,0.6104644708655529
1118,614,3ff4d9de646f6970,Pleural Effusion,on,0.200117928550892,0.0,0.0791110119709028,0.1466224285126731,0.4071928522726447
1119,893,52aac5703e299bfb,Pleural Effusion,off,0.1954251519182882,0.0,0.1234579572757088,0.2197518216159246,0.8084099484291595
1119,893,52aac5703e299bfb,Pleural Effusion,on,0.1954251519182882,0.0,0.1282399159970241,0.2273272847218287,0.4722693441401585
1120,648,190a822f1a70e22b,Pleural Effusion,off,0.1952204825324425,0.0,0.0826910226501746,0.1523725758879654,0.6340147041737095
1120,648,190a822f1a70e22b,Pleural Effusion,on,0.1952204825324425,0.0,0.0940364242831038,0.1719068169078323,0.3037350874610363
1121,622,7e26ed073019eeec,Pleural Effusion,off,0.1685598584857389,0.0,0.0931276859416783,0.170296819663682,0.90103271057023
1121,622,7e26ed073019eeec,Pleural Effusion,on,0.1685598584857389,0.0,0.0954905157028176,0.1743328398855854,0.6009429630682112
1122,985,69b9494d1f0e2086,Pleural Effusion,off,0.1914877027810671,1.0,0.1277141267029933,0.2264510406399972,0.9191206918363588
1122,985,69b9494d1f0e2086,Pleural Effusion,on,0.1914877027810671,1.0,0.1311991214034158,0.2319644667080534,0.6306204331414651
1123,698,9cbffc87224139e9,Pleural Effusion,off,0.2029102037435005,0.0,0.0530619906643646,0.1006510261338306,0.4074082393055028
1123,698,9cbffc87224139e9,Pleural Effusion,on,0.2029102037435005,0.0,0.0553499077823207,0.1048936630761893,0.1019074912545997
1124,553,e1f7ee22e5418faf,Pleural Effusion,off,0.2006052366124292,0.0,0.1278818043455961,0.226756284799342,0.9265211608505978
1124,553,e1f7ee22e5418faf,Pleural Effusion,on,0.2006052366124292,0.0,0.1302898906398048,0.2305424073965892,0.643988047340586
1125,1051,7c1be6b3516ee49b,Pleural Effusion,off,0.1957175367552105,0.0,0.0816554007544758,0.1501708520378112,0.476010352075386
1125,1051,7c1be6b3516ee49b,Pleural Effusion,on,0.1957175367552105,0.0,0.0928063523771186,0.1698477186843833,0.1363136559235536
1126,422,9edec8e40744cdcb,Pleural Effusion,off,0.1728579155884975,0.0,0.1307895115512559,0.2307857892937189,0.5956562178573152
1126,422,9edec8e40744cdcb,Pleural Effusion,on,0.1728579155884975,0.0,0.1502798496179754,0.2612925651739756,0.3808366473416288
1127,1106,ae35c1b279e0edab,Pleural Effusion,off,0.2214376562431472,0.0,0.0691795759549819,0.1292582322078665,0.33522556097096
1127,1106,ae35c1b279e0edab,Pleural Effusion,on,0.2214376562431472,0.0,0.0566159767495861,0.1071642859039225,0.0154963426299415
1128,1061,2609a1069f715dcf,Pleural Effusion,off,0.1971014916499763,0.0,0.1379907659032851,0.2416551809572058,0.729719454044731
1128,1061,2609a1069f715dcf,Pleural Effusion,on,0.1971014916499763,0.0,0.137477930124223,0.2417222036635342,0.3647403101942157
1129,996,405493f18077e437,Pleural Effusion,off,0.2003810749041221,0.0,0.0639555586478596,0.1200267375050073,0.7396912492473556
1129,996,405493f18077e437,Pleural Effusion,on,0.2003810749041221,0.0,0.069966723725659,0.1307826018753229,0.3934521030426302
1130,455,d8cb15c8f3e169c6,Pleural Effusion,off,0.1975254496635138,0.0,0.0887811845649915,0.1610765133585397,0.6324981714202274
1130,455,d8cb15c8f3e169c6,Pleural Effusion,on,0.1975254496635138,0.0,0.1083605610021776,0.1955292511337477,0.247198417930969
1131,359,71e064315174ab07,Pleural Effusion,off,0.1902499403047624,0.0,0.0310496769966549,0.0601531719213087,0.7747971916050516
1131,359,71e064315174ab07,Pleural Effusion,on,0.1902499403047624,0.0,0.0350242226488032,0.0676780257218864,0.4032202959517904
1132,799,568cdb13a6f3f611,Pleural Effusion,off,0.1991822970727404,0.0,0.0020766653843469,0.004121936944465,-0.0162942435458107
1132,799,568cdb13a6f3f611,Pleural Effusion,on,0.1991822970727404,0.0,0.0,0.0,-0.5232149091321311
1133,851,dcfa47fe26c138af,Pleural Effusion,off,0.2019891915071951,0.0,0.1982681180902425,0.3297973123066426,0.3719560698783792
1133,851,dcfa47fe26c138af,Pleural Effusion,on,0.2019891915071951,0.0,0.1916673451838852,0.3216766730963848,0.1930048720141951
1134,642,20fb7eeeb458748f,Pleural Effusion,off,0.1984562080610499,0.0,0.078010832953172,0.144129271102296,0.1428215824602491
1134,642,20fb7eeeb458748f,Pleural Effusion,on,0.1984562080610499,0.0,0.0882098908015198,0.1621173837128694,-0.0312705957349143
1135,858,8c78043e308ff768,Pleural Effusion,off,0.1935977466875234,0.0,0.00720968715987,0.0141382967158847,0.3696641468517399
1135,858,8c78043e308ff768,Pleural Effusion,on,0.1935977466875234,0.0,0.0110123476334577,0.0217833677198893,-0.2385506551683371
1136,999,889e47cdf0777897,Pleural Effusion,off,0.1956298213041338,0.0,0.1582062650658497,0.2715227645800574,0.6698140804200069
1136,999,889e47cdf0777897,Pleural Effusion,on,0.1956298213041338,0.0,0.1655969968677063,0.2841365071709651,0.3451970703964631
1137,496,0a5891e034f34c59,Pleural Effusion,off,0.1876379690949227,1.0,0.1241990853405771,0.2196772625430054,0.417138735257814
1137,496,0a5891e034f34c59,Pleural Effusion,on,0.1876379690949227,1.0,0.1330923657461697,0.2349134561127745,0.1314917860120328
1138,279,c4fc45e536c113f2,Pleural Effusion,off,0.2143814355120877,0.0,0.0825286811128505,0.1524587112278004,0.3122665927246862
1138,279,c4fc45e536c113f2,Pleural Effusion,on,0.2143814355120877,0.0,0.0790806631478165,0.1465704194900758,0.1067098258797191
1139,833,ee687f9972a73784,Pleural Effusion,off,0.1933248541730625,0.0,0.1575852240359908,0.2720178230376251,0.8208451037210764
1139,833,ee687f9972a73784,Pleural Effusion,on,0.1933248541730625,0.0,0.1703954479796611,0.2911754738724864,0.4707640001984163
1140,1020,8632d4f4de11af44,Pleural Effusion,off,0.1907518676081458,1.0,0.1005238363774031,0.1822086710229377,0.3111474075378379
1140,1020,8632d4f4de11af44,Pleural Effusion,on,0.1907518676081458,1.0,0.1234789697559548,0.2198131472555899,0.0675577335606919
1141,731,20f77398fe1a3218,Pleural Effusion,off,0.1867120837780019,0.0,0.1131956403730272,0.2015287760641483,0.6376910167269727
1141,731,20f77398fe1a3218,Pleural Effusion,on,0.1867120837780019,0.0,0.1449552049093511,0.2532042450381775,0.3648096206370832
1142,520,260c63daecc7305f,Pleural Effusion,off,0.1774824690924862,1.0,0.2391294908195929,0.3858672240973692,0.7613794550525592
1142,520,260c63daecc7305f,Pleural Effusion,on,0.1774824690924862,1.0,0.2223612951923063,0.3638209005491959,0.5687177021897821
1143,7,0d5f21fb4df88954,Pleural Effusion,off,0.1847287399675453,0.0,0.0510424014774217,0.0962416869430728,0.2407420267740554
1143,7,0d5f21fb4df88954,Pleural Effusion,on,0.1847287399675453,0.0,0.0860613055709196,0.1584811456354523,0.016207385311975
1144,521,565ebecef494a902,Pleural Effusion,off,0.2108923097914808,0.0,0.0526972080312126,0.0992800990765749,0.3871057480933121
1144,521,565ebecef494a902,Pleural Effusion,on,0.2108923097914808,0.0,0.0427030464443671,0.0819063877010577,-0.1049895698297388
1145,558,3fb94454930d19a5,Pleural Effusion,off,0.1988168160265875,1.0,0.1829751436731119,0.3092592118806676,0.5649937009527918
1145,558,3fb94454930d19a5,Pleural Effusion,on,0.1988168160265875,1.0,0.1795108860225894,0.3043818425715338,0.3757317237969308
1146,651,1a5351e70d0cbdd0,Pleural Effusion,off,0.1998547821976619,0.0,0.1222842639083457,0.2175335929848972,0.7097138519104869
1146,651,1a5351e70d0cbdd0,Pleural Effusion,on,0.1998547821976619,0.0,0.1288178398204644,0.2282336987539125,0.3752268764283151
1147,1144,febea89507fcdc45,Pleural Effusion,off,0.1867510684229249,1.0,0.2405829902841151,0.3877703359122456,1.0596829989579273
1147,1144,febea89507fcdc45,Pleural Effusion,on,0.1867510684229249,1.0,0.2449340254712917,0.3934884169926331,0.8151669990590606
1148,1145,2b70b76440ded8f1,Pleural Effusion,off,0.2088066312881014,0.0,9.000900090009e-05,0.0001799370220422,-0.3761413982875183
1148,1145,2b70b76440ded8f1,Pleural Effusion,on,0.2088066312881014,0.0,0.0,0.0,-0.5422638971055713
1149,568,52b20aee5d4f76ee,Pleural Effusion,off,0.1724924345423446,0.0,0.0500231599622126,0.0949378092406172,0.9599144249690726
1149,568,52b20aee5d4f76ee,Pleural Effusion,on,0.1724924345423446,0.0,0.0720601018716916,0.134432673576353,0.6042639719374054
1150,559,5a33ba2940830d6f,Pleural Effusion,off,0.1940411970235223,0.0,0.1288900520830288,0.2269452547319299,0.8347400921155015
1150,559,5a33ba2940830d6f,Pleural Effusion,on,0.1940411970235223,0.0,0.1566612310705689,0.2708836776137984,0.4488944480795065
1151,954,e2f669c274470f5c,Pleural Effusion,off,0.1929593731269096,1.0,0.1226888377020788,0.2184399272512125,1.2196376168463006
1151,954,e2f669c274470f5c,Pleural Effusion,on,0.1929593731269096,1.0,0.1160832737429586,0.2080184735614213,0.8964232228190248
1152,972,4898d16d1d823a18,Pleural Effusion,off,0.211691495012402,0.0,0.1056988625635767,0.1911637834215004,0.836049636582827
1152,972,4898d16d1d823a18,Pleural Effusion,on,0.211691495012402,0.0,0.1037793245428737,0.1880434822405374,0.4522497242556875
1153,1157,209063cca1683265,Pleural Effusion,off,0.2299119434332802,0.0,0.0001029191616766,0.0002057324542946,-0.7759196659288997
1153,1157,209063cca1683265,Pleural Effusion,on,0.2299119434332802,0.0,0.0,0.0,-0.604297629928704
1154,924,d906968e0193010d,Pleural Effusion,off,0.1766394261460267,0.0,0.0,0.0,-0.2372380500497726
1154,924,d906968e0193010d,Pleural Effusion,on,0.1766394261460267,0.0,0.0,0.0,-0.4835967935711396
1155,528,713d2a70401f9f91,Pleural Effusion,off,0.2108192135822502,0.0,0.0784684450990108,0.1447733874986675,0.3399416768648665
1155,528,713d2a70401f9f91,Pleural Effusion,on,0.2108192135822502,0.0,0.0810019229102662,0.1498629515553037,0.0522610021191817
1156,1041,17fc39be1f836acc,Pleural Effusion,off,0.1965654527822853,0.0,0.0302468646272847,0.0576694784551203,0.5457268686710821
1156,1041,17fc39be1f836acc,Pleural Effusion,on,0.1965654527822853,0.0,0.0553751196482588,0.104937463366291,0.1111537945173998
1157,546,e28ff1f3ca2eb126,Pleural Effusion,off,0.2122713916056313,1.0,0.216297387537688,0.3551012118699271,0.6520861134962971
1157,546,e28ff1f3ca2eb126,Pleural Effusion,on,0.2122713916056313,1.0,0.2051306572166496,0.3404277626716482,0.3253038826458837
1158,998,34e1b7bee389a237,Pleural Effusion,off,0.1822337226924745,0.0,0.169547036231864,0.2878494553225324,0.7490478608306252
1158,998,34e1b7bee389a237,Pleural Effusion,on,0.1822337226924745,0.0,0.2261106505352449,0.3688224511371832,0.4084596435259075
1159,769,7c0407d951784c3b,Pleural Effusion,off,0.2097373896856375,1.0,0.2768548414453055,0.4326061820805759,0.7283652120993365
1159,769,7c0407d951784c3b,Pleural Effusion,on,0.2097373896856375,1.0,0.2735781659924866,0.4296188508626728,0.4404328412836377
1160,579,e0a3a3936bbceed3,Pleural Effusion,off,0.2005175211613525,1.0,0.3524628486899474,0.5184726891883147,0.8281244769232728
1160,579,e0a3a3936bbceed3,Pleural Effusion,on,0.2005175211613525,1.0,0.3254200033295613,0.4910359655422674,0.5365017667847086
1161,653,4137599a9ebd2c1b,Pleural Effusion,off,0.2084362771613331,1.0,0.356906835973693,0.525919465236948,1.3932295669083063
1161,653,4137599a9ebd2c1b,Pleural Effusion,on,0.2084362771613331,1.0,0.3726140878550851,0.5429260333206551,1.083915119187614
