idx,rank,pair_id,category,dhs,q,point,iou,dice,cnr
0,133,a69b6f1a4d61d8b1,Pneumonia,off,0.1584579623700714,1.0,0.613106010548678,0.7577049730512389,2.488009603877906
0,133,a69b6f1a4d61d8b1,Pneumonia,on,0.1584579623700714,1.0,0.6182194984281052,0.764061962316199,2.657537985046577
1,64,3dfe8fee5bd1ceed,Pneumonia,off,0.1369238191307399,1.0,0.2572192335278929,0.3997394019629383,1.3662805935337905
1,64,3dfe8fee5bd1ceed,Pneumonia,on,0.1369238191307399,1.0,0.4536905023926508,0.6241867920134411,1.0952638858081916
2,287,d736b1fc6877512b,Pneumothorax,off,0.2329478726566573,1.0,0.46903040767096,0.6366643771479128,1.3867686404021704
2,287,d736b1fc6877512b,Pneumothorax,on,0.2329478726566573,1.0,0.4817588606067281,0.6502509666221616,0.9209960170632724
3,221,4b1efc03403cd73c,Pneumonia,off,0.1410074606864221,1.0,0.5447238085932756,0.704277345399335,2.9750360751009715
3,221,4b1efc03403cd73c,Pneumonia,on,0.1410074606864221,1.0,0.2561532175629032,0.4078176883498344,2.95636692875795
4,99,930f9bd2d8c63458,Pneumothorax,off,0.1716055338703468,1.0,0.4641522190292228,0.6236551093772704,1.6569084862780592
4,99,930f9bd2d8c63458,Pneumothorax,on,0.1716055338703468,1.0,0.460213548944585,0.6302973774159912,1.0035010303107827
5,258,185d65aeccbfa70b,Pneumonia,off,0.1318070844845986,1.0,0.4595549593666032,0.62127296250001,2.1939072979574017
5,258,185d65aeccbfa70b,Pneumonia,on,0.1318070844845986,1.0,0.3134586946211424,0.4772092950142853,2.846674485412275
6,232,dde31d4452de3e39,Pneumonia,off,0.1007460686422135,1.0,0.5871200240692532,0.7386030240273594,2.713127868927163
6,232,dde31d4452de3e39,Pneumonia,on,0.1007460686422135,1.0,0.3910069329432216,0.5621652930732686,3.673873332837245
7,267,96238c9f05e3b238,Pneumothorax,off,0.1897577591626098,0.0,0.1699532283444406,0.2898405804341601,1.4090202644673615
7,267,96238c9f05e3b238,Pneumothorax,on,0.1897577591626098,0.0,0.1604160574257257,0.276477885105681,1.195366764381356
8,366,adfa39118b9e3489,Pneumothorax,off,0.2210916675194557,0.0,0.1583197497453283,0.2706429430703935,1.926652934231312
8,366,adfa39118b9e3489,Pneumothorax,on,0.2210916675194557,0.0,0.2010172607202189,0.3347129072428755,2.201862587702016
9,134,e09c63979aec3355,Pneumothorax,off,0.197515703502283,0.0,0.1260081432476349,0.2225746329049695,1.2229863878207905
9,134,e09c63979aec3355,Pneumothorax,on,0.197515703502283,0.0,0.1190001727852535,0.2126882496739726,0.9811566792729212
10,89,944a3ee8201c0f57,Pneumothorax,off,0.1683746814223547,0.0,0.1281546479807309,0.2268645351274215,1.5079016691086136
10,89,944a3ee8201c0f57,Pneumothorax,on,0.1683746814223547,0.0,0.1175349319510256,0.2103449355376922,1.4551038811083612
11,352,f927f7fc0016cedd,Pneumonia,off,0.1184548435984776,1.0,0.4174783489064709,0.5853104409804282,1.612039677503758
11,352,f927f7fc0016cedd,Pneumonia,on,0.1184548435984776,1.0,0.4828273191871307,0.6512203460782331,1.5973150115882035
12,371,7e6b1ef08113cdd8,Pneumothorax,off,0.1771754650137177,0.0,0.1326898251907748,0.2340314205879363,1.684049747353536
12,371,7e6b1ef08113cdd8,Pneumothorax,on,0.1771754650137177,0.0,0.11928583890633,0.2131445064416183,1.9809887125092387
13,277,9e284dd7868db308,Pneumothorax,off,0.171425229887578,1.0,0.3069831586809761,0.4671642409058252,1.6021090424313635
13,277,9e284dd7868db308,Pneumothorax,on,0.171425229887578,1.0,0.2894900402351933,0.4489825583029674,1.482712904476326
14,358,ffe388efa401e2c7,Pneumonia,off,0.1219878270446228,1.0,0.3587194777201828,0.5180887834047454,1.9332772990710383
14,358,ffe388efa401e2c7,Pneumonia,on,0.1219878270446228,1.0,0.5820628771499416,0.7358273006692669,2.0122416407447985
15,336,a2552a9bae4a584f,Pneumonia,off,0.1605095293091433,1.0,0.3858790420407957,0.5557946807499521,2.0103681178384147
15,336,a2552a9bae4a584f,Pneumonia,on,0.1605095293091433,1.0,0.4085501358400303,0.5800945804995444,2.6946159584094413
16,388,5e0eb35c22d224fb,Pneumothorax,off,0.1780574926051001,1.0,0.3898605914319963,0.5584007094772273,1.4665123861141924
16,388,5e0eb35c22d224fb,Pneumothorax,on,0.1780574926051001,1.0,0.4372409421234742,0.6084448112360283,1.1943161570591052
17,383,ce476f54355d544d,Pneumonia,off,0.1268462884181493,1.0,0.1717267335766423,0.2884431471122594,1.4174599697454031
17,383,ce476f54355d544d,Pneumonia,on,0.1268462884181493,1.0,0.5834163283441443,0.7369055950158838,1.305908469172638
18,1,f464ffe0f4bdeed5,Pneumothorax,off,0.176054656472182,0.0,0.0311585804817117,0.0597115335638906,0.961125165389552
18,1,f464ffe0f4bdeed5,Pneumothorax,on,0.176054656472182,0.0,0.0538468908773368,0.1021906990630661,0.6579785402369522
19,52,c6b1ec5d0007bcc8,Pneumothorax,off,0.184411989727546,1.0,0.4201903766945535,0.5910178209674635,1.4473028203705485
19,52,c6b1ec5d0007bcc8,Pneumothorax,on,0.184411989727546,1.0,0.4431102551181812,0.6140921727934265,1.1696637357316098
20,66,4a3abb70e8c0334e,Pneumonia,off,0.12966780209445,1.0,0.4749891170549856,0.6398008945828721,2.142262692958352
20,66,4a3abb70e8c0334e,Pneumonia,on,0.12966780209445,1.0,0.6243122406835004,0.7687093527945377,2.344751572413556
21,310,8adf4fbea2355342,Pneumothorax,off,0.167331842170665,1.0,0.4154940633080405,0.5840309854642269,1.2966703755549007
21,310,8adf4fbea2355342,Pneumothorax,on,0.167331842170665,1.0,0.4644980612280209,0.6343426443601101,1.0169939861363528
22,57,2f30a42db1b214d2,Pneumothorax,off,0.1618252610752939,1.0,0.2095345277870939,0.3427746748262391,0.956816485661242
22,57,2f30a42db1b214d2,Pneumothorax,on,0.1618252610752939,1.0,0.2295278715984569,0.3733443996926725,0.7701700040745392
23,75,9d40b4647d175c1d,Pneumothorax,off,0.1801529172697104,0.0,0.0557137642230857,0.105524777217863,0.5299201715427004
23,75,9d40b4647d175c1d,Pneumothorax,on,0.1801529172697104,0.0,0.0582736772666391,0.1101296814320484,0.4009439867135021
24,294,796252c659a6d63b,Pneumothorax,off,0.1653923560857467,0.0,0.0602098894743374,0.1115586446435734,0.7999783085020385
24,294,796252c659a6d63b,Pneumothorax,on,0.1653923560857467,0.0,0.0874126325400042,0.1607636705707862,0.5747484589533307
25,236,308f2b9dd5d34af9,Pneumothorax,off,0.2114234755785565,0.0,0.0370129834281379,0.0711738814679463,1.0143797904570175
25,236,308f2b9dd5d34af9,Pneumothorax,on,0.2114234755785565,0.0,0.0289589337336143,0.0562876197350284,0.692609162260909
26,13,b43760d8864b67dc,Pneumothorax,off,0.2104196209717897,0.0,0.0905848653769673,0.165136983093673,1.6277074311704365
26,13,b43760d8864b67dc,Pneumothorax,on,0.2104196209717897,0.0,0.1009411186515647,0.1833683646221852,1.621748590925862
27,215,61d50fd13c3afc43,Pneumothorax,off,0.1693151859811217,0.0,0.0812466066918515,0.1497042512448058,1.297453645947348
27,215,61d50fd13c3afc43,Pneumothorax,on,0.1693151859811217,0.0,0.1035871138519285,0.1877279186092736,1.305614611156501
28,147,6b63c94e8cfd8324,Pneumothorax,off,0.1900209055158399,1.0,0.1815466880496778,0.3040605098949495,1.411158100230544
28,147,6b63c94e8cfd8324,Pneumothorax,on,0.1900209055158399,1.0,0.2717018516944904,0.4272788753155124,1.5212483704235202
29,301,8392c5876fbbed46,Pneumothorax,off,0.2234599846985268,0.0,0.0541872596039559,0.1027592547987891,1.0971089528680773
29,301,8392c5876fbbed46,Pneumothorax,on,0.2234599846985268,0.0,0.0539823690930905,0.1024349933418921,0.8204308408464881
30,153,8374c5eceb0bdd93,Pneumonia,off,0.1546277210063886,1.0,0.300160620645429,0.4413261680488619,2.465225310057297
30,153,8374c5eceb0bdd93,Pneumonia,on,0.1546277210063886,1.0,0.1815276742029562,0.3072595529533418,2.688720621712985
31,152,d854ccc3473ae1c9,Pneumonia,off,0.1571129921202286,1.0,0.246222647040337,0.3935534998586926,1.3573008046893464
31,152,d854ccc3473ae1c9,Pneumonia,on,0.1571129921202286,1.0,0.2132974266275626,0.3515936692331472,1.165617108606139
32,429,2d400ff20632a25f,Pneumothorax,off,0.1839003162629319,0.0,0.138297158885693,0.2425917642517869,1.5282684593087272
32,429,2d400ff20632a25f,Pneumothorax,on,0.1839003162629319,0.0,0.1493608107283325,0.2599019773214815,1.6912252224681088
33,204,e96c049804f0df2f,Pneumothorax,off,0.1993284894912016,0.0,0.0691187835892748,0.128389890681185,1.906984053732703
33,204,e96c049804f0df2f,Pneumothorax,on,0.1993284894912016,0.0,0.0664475927056174,0.1246127115645895,2.1399698558075766
34,124,767135fe43de9223,Pneumonia,off,0.1448620674531818,1.0,0.1972612032881515,0.3218962614478636,2.211413161873592
34,124,767135fe43de9223,Pneumonia,on,0.1448620674531818,1.0,0.1884885013068527,0.3171687200090893,2.8045216840590745
35,169,1cff8384b9f1223b,Pneumonia,off,0.1314318572772149,1.0,0.5249088970522301,0.6844172910049153,2.143090755872074
35,169,1cff8384b9f1223b,Pneumonia,on,0.1314318572772149,1.0,0.6211999759275751,0.766341704570049,2.747270756834938
36,170,a6a7caa06b6c0b26,Pneumonia,off,0.1517672226851648,0.0,0.1337103964526874,0.2167083117521736,0.7813592458361998
36,170,a6a7caa06b6c0b26,Pneumonia,on,0.1517672226851648,0.0,0.2265141827969516,0.3693409783470948,0.5389061666227535
37,326,de9f6d015fd908b7,Pneumonia,off,0.1397014750815022,1.0,0.4540730249864275,0.6171855964922945,1.9221225255772256
37,326,de9f6d015fd908b7,Pneumonia,on,0.1397014750815022,1.0,0.6774601359180752,0.8077211874402408,1.896061695542016
38,33,7bc33684e2eedab2,Pneumonia,off,0.1261738032932279,1.0,0.5733275775326948,0.7268080699229656,2.2995338713843325
38,33,7bc33684e2eedab2,Pneumonia,on,0.1261738032932279,1.0,0.5811144320179609,0.7350595601581421,2.7536970779563776
39,345,f7e574ed970b6fa4,Pneumonia,off,0.1845143244204689,1.0,0.1166850944045738,0.208972693290374,0.6841547160913135
39,345,f7e574ed970b6fa4,Pneumonia,on,0.1845143244204689,1.0,0.1167738080965408,0.2091270355441467,0.457432578440893
40,307,5b973b2a2b5d74e1,Pneumothorax,off,0.1474204347762525,1.0,0.6334617784068248,0.7676390191693339,2.682191335403735
40,307,5b973b2a2b5d74e1,Pneumothorax,on,0.1474204347762525,1.0,0.4718733068732725,0.6411074573425533,3.2305905843193137
41,162,aef22881da576d57,Pneumonia,off,0.1122124273301853,1.0,0.2146860314767606,0.350127402774515,0.8724120878860437
41,162,aef22881da576d57,Pneumonia,on,0.1122124273301853,1.0,0.3726998641725791,0.5430091678111981,0.7736590511874941
42,165,781f704802f75a3c,Pneumonia,off,0.1383759971541209,1.0,0.3463002999660798,0.5077637323858839,1.499120261657812
42,165,781f704802f75a3c,Pneumonia,on,0.1383759971541209,1.0,0.329349863508096,0.4954645004743158,1.5546626169292468
43,250,d8d641a44a6f4ff4,Pneumonia,off,0.153195035305469,1.0,0.4315764305249675,0.6011921201259799,1.5485712353227443
43,250,d8d641a44a6f4ff4,Pneumonia,on,0.153195035305469,1.0,0.47596371945996,0.6449528859458279,1.3257704407940356
44,251,7145c5e140005d8c,Pneumothorax,off,0.2171737107046961,0.0,0.0353716057970469,0.0682675988687298,0.8675742525690814
44,251,7145c5e140005d8c,Pneumothorax,on,0.2171737107046961,0.0,0.0344405069789977,0.0665872895498789,0.4490332535628259
45,353,d44232b5d5172511,Pneumonia,off,0.1806938292180167,1.0,0.4838648152837283,0.6520430952423089,1.5976690401797122
45,353,d44232b5d5172511,Pneumonia,on,0.1806938292180167,1.0,0.5030741929526238,0.6693936030508258,1.25100568800895
46,293,4f55b0639e04180f,Pneumonia,off,0.1577221271971502,1.0,0.3464151196369551,0.5138564250374549,1.8200615134703155
46,293,4f55b0639e04180f,Pneumonia,on,0.1577221271971502,1.0,0.2873900607161941,0.4464508737937122,1.9191779560463045
47,247,ac0638d531d07d35,Pneumonia,off,0.1397307135651945,1.0,0.2984405542697626,0.4461659415802197,2.101986518416584
47,247,ac0638d531d07d35,Pneumonia,on,0.1397307135651945,1.0,0.655701941692693,0.7920508277759454,2.2271507302066733
48,380,1840d844a60aab1f,Pneumothorax,off,0.2052249170358025,0.0,0.0380791463317384,0.0733538005074333,0.8183652247827853
48,380,1840d844a60aab1f,Pneumothorax,on,0.2052249170358025,0.0,0.0377403511912763,0.0727354634614463,0.4827382551520662
49,214,d70bd304d57bf5ad,Pneumothorax,off,0.1769269379023337,0.0,0.0588675375673613,0.111177408887989,0.6989381679142006
49,214,d70bd304d57bf5ad,Pneumothorax,on,0.1769269379023337,0.0,0.0593258286505091,0.1120067540363097,0.4875869026572503
50,101,005caf71e328e791,Pneumothorax,off,0.2061849139170309,0.0,0.0387332475345142,0.0742642456041017,0.814696400020033
50,101,005caf71e328e791,Pneumothorax,on,0.2061849139170309,0.0,0.0379325028094798,0.0730915617057487,0.3458749910563055
51,370,1be3d80fc96adf0b,Pneumothorax,off,0.190976029316453,0.0,0.0643674451679424,0.1205544536511968,0.9401166564529564
51,370,1be3d80fc96adf0b,Pneumothorax,on,0.190976029316453,0.0,0.081346985482514,0.1504549050356103,0.8177129350919189
52,315,c33da9bc26f0918b,Pneumothorax,off,0.1547349287799268,0.0,0.1507486679935513,0.2619364105350943,1.7121591481196243
52,315,c33da9bc26f0918b,Pneumothorax,on,0.1547349287799268,0.0,0.1465978920101307,0.2557081676014667,1.838823547178467
53,119,fce19ecb366cd804,Pneumothorax,off,0.170353152152196,0.0,0.017033330150239,0.0334047533824501,1.283246857869868
53,119,fce19ecb366cd804,Pneumothorax,on,0.170353152152196,0.0,0.0221582531927798,0.043355772774201,1.210643142037621
54,180,e9021db9e47370af,Pneumothorax,off,0.2098982013459448,1.0,0.4192432306610256,0.5861279362338653,1.675310389202258
54,180,e9021db9e47370af,Pneumothorax,on,0.2098982013459448,1.0,0.4783666527173704,0.6471514049411704,1.4259801372173566
55,29,0561f662526d7d95,Pneumonia,off,0.1902986711109162,1.0,0.2403401695363252,0.3842607893694687,1.558644882175964
55,29,0561f662526d7d95,Pneumonia,on,0.1902986711109162,1.0,0.34977700104073,0.5182530535974095,1.5468163401707848
56,25,ec993e4f0023f70c,Pneumonia,off,0.1438923244107227,1.0,0.481206700829002,0.648606411930034,1.796661858021923
56,25,ec993e4f0023f70c,Pneumonia,on,0.1438923244107227,1.0,0.4755935491520275,0.6445996850436819,1.9268411570301052
57,26,e4f5c835b82b6a0a,Pneumonia,off,0.225345866896676,0.0,0.1124056474001437,0.2020036208728091,1.0786666600055996
57,26,e4f5c835b82b6a0a,Pneumonia,on,0.225345866896676,0.0,0.1068458793117378,0.1930636817339811,0.6534433739091066
58,302,8d4f655ab28f5771,Pneumothorax,off,0.1968237260549001,0.0,0.1583474870149823,0.2729559177132683,1.145761008688016
58,302,8d4f655ab28f5771,Pneumothorax,on,0.1968237260549001,0.0,0.1634577641509091,0.2809851005816142,0.7904072459099075
59,9,97992e6c1c70eb7a,Pneumonia,off,0.1799190094001725,0.0,0.0419900245820081,0.0800752551070104,0.37145907570717
59,9,97992e6c1c70eb7a,Pneumonia,on,0.1799190094001725,0.0,0.0396704742614145,0.0763046052657814,0.0903642874013113
60,433,538b8f9490cbc12f,Pneumothorax,off,0.2393852121495646,0.0,0.335739670503781,0.5008003789168083,1.4990536605173082
60,433,538b8f9490cbc12f,Pneumothorax,on,0.2393852121495646,0.0,0.3701867728242596,0.5403425707957881,1.3091129332464553
61,61,e8b3fb4529ac1ed6,Pneumonia,off,0.1154920105843311,1.0,0.5440463167849368,0.695778119482092,2.37611312524412
61,61,e8b3fb4529ac1ed6,Pneumonia,on,0.1154920105843311,1.0,0.4269113821349998,0.5982911115926075,3.684679759478373
62,127,731d6cd9a8a29ce2,Pneumonia,off,0.1631799774863675,1.0,0.5063763888361444,0.6652818221133178,1.8365000917279364
62,127,731d6cd9a8a29ce2,Pneumonia,on,0.1631799774863675,1.0,0.6497404836496861,0.7876855360766658,1.451773048446778
63,126,bc970cf63214290c,Pneumothorax,off,0.2000155938579692,1.0,0.4461118433118048,0.5924883388681202,2.6881268812145254
63,126,bc970cf63214290c,Pneumothorax,on,0.2000155938579692,1.0,0.130233030896909,0.230446599674779,2.2254814878630897
64,328,2d6e3f681ea5bbaf,Pneumonia,off,0.0989966327012947,1.0,0.631043268568078,0.7712388811330916,2.845965321693376
64,328,2d6e3f681ea5bbaf,Pneumonia,on,0.0989966327012947,1.0,0.5068999022751381,0.672752056598935,4.093328787769803
65,355,724402cd96172832,Pneumonia,off,0.1329620045904419,1.0,0.3895361391913235,0.5585659716996447,1.0691497754924202
65,355,724402cd96172832,Pneumonia,on,0.1329620045904419,1.0,0.4656656632337433,0.635430623538395,0.9671453337501142
66,176,2866eb95dd89335c,Pneumothorax,off,0.2024034033595017,0.0,0.4420393828140087,0.6130620383102132,1.6764167899382698
66,176,2866eb95dd89335c,Pneumothorax,on,0.2024034033595017,0.0,0.4457611923215556,0.6166456708769876,1.2804075465708806
67,281,235e3976089eb09b,Pneumonia,off,0.1414216725387288,1.0,0.2835516837087189,0.4323776257837528,1.4002313416507162
67,281,235e3976089eb09b,Pneumonia,on,0.1414216725387288,1.0,0.5616082587876503,0.7192679089490536,1.309737915165812
68,194,22d968a4cf24a2ef,Pneumonia,off,0.1701094981214274,1.0,0.4529266749802056,0.6135259758663614,2.0441970449116207
68,194,22d968a4cf24a2ef,Pneumonia,on,0.1701094981214274,1.0,0.3683728919219388,0.538342170103066,2.78575320281749
69,377,b3cf935ab991f9c3,Pneumothorax,off,0.1761716104069509,0.0,0.0373239882599623,0.0718215232548017,0.8064107254901586
69,377,b3cf935ab991f9c3,Pneumothorax,on,0.1761716104069509,0.0,0.0460893283453031,0.0881168767029148,0.7505334740052575
70,330,2869d91524dd1960,Pneumonia,off,0.1282789741190688,1.0,0.2650839686391731,0.4091441162321841,1.5230054260032275
70,330,2869d91524dd1960,Pneumonia,on,0.1282789741190688,1.0,0.5229684577812099,0.6867728466897317,1.2979397155758403
71,270,78f06abe92b60498,Pneumothorax,off,0.1753480597829529,0.0,0.0552596478371559,0.1043630206854001,1.276292915255214
71,270,78f06abe92b60498,Pneumothorax,on,0.1753480597829529,0.0,0.053845974891567,0.1021891579341009,1.1278563545782982
72,109,b20274fc29ca9b68,Pneumonia,off,0.13999873299904,1.0,0.503966165930709,0.6647386170409777,2.105486934135247
72,109,b20274fc29ca9b68,Pneumonia,on,0.13999873299904,1.0,0.6002577946487282,0.7501970370002052,2.4120001889034683
73,110,c987ef8a69ec7d0c,Pneumonia,off,0.1561529952390002,1.0,0.3341285339678462,0.4991966158884662,1.651577855804922
73,110,c987ef8a69ec7d0c,Pneumonia,on,0.1561529952390002,1.0,0.2563249129471104,0.4080496849778915,1.4881557642695031
74,181,b2cd57f216938986,Pneumonia,off,0.1283764357313763,1.0,0.4939915523901712,0.6433420759106742,2.1102626214690705
74,181,b2cd57f216938986,Pneumonia,on,0.1283764357313763,1.0,0.5985453915043991,0.7488247732917594,2.380030977264324
75,297,8293af30dcb2b692,Pneumothorax,off,0.1894702474063028,0.0,0.1387492156423289,0.243544900000057,1.033647596349569
75,297,8293af30dcb2b692,Pneumothorax,on,0.1894702474063028,0.0,0.141763083315402,0.2483228094004819,0.7183806157634196
76,296,159c7db7f927dc98,Pneumonia,off,0.1363049378925875,1.0,0.5071552808198183,0.6678646166969319,2.1387206112782766
76,296,159c7db7f927dc98,Pneumonia,on,0.1363049378925875,1.0,0.4590144124124323,0.6291788171796915,2.49022336786212
77,229,9412b8e65f6f6840,Pneumonia,off,0.1438143551208767,1.0,0.4027229763528228,0.5633291035412649,1.5619033753648417
77,229,9412b8e65f6f6840,Pneumonia,on,0.1438143551208767,1.0,0.6418073615668525,0.781820770752258,1.4439120777828924
78,327,fbc302de04f21e52,Pneumonia,off,0.1641740859319035,1.0,0.621328053862346,0.7603766101735705,2.3338395662668097
78,327,fbc302de04f21e52,Pneumonia,on,0.1641740859319035,1.0,0.4187319766705498,0.5902142943180848,3.1030407168993666
79,319,790472400a863083,Pneumonia,off,0.136689911261202,1.0,0.5891915008576485,0.7383475199732609,2.198621255968618
79,319,790472400a863083,Pneumonia,on,0.136689911261202,1.0,0.4786069772334609,0.6472991281936616,2.842524938860453
80,68,818b471b2f6a5f3e,Pneumothorax,off,0.2013751833496581,0.0,0.0908629746384251,0.1662503627386738,0.9647883044157222
80,68,818b471b2f6a5f3e,Pneumothorax,on,0.2013751833496581,0.0,0.0864471188775841,0.1591366533828736,0.760176044217907
81,308,dfaedb6f55819466,Pneumonia,off,0.1386830012328894,1.0,0.4312684626096142,0.5987961301785527,1.645323931448206
81,308,dfaedb6f55819466,Pneumonia,on,0.1386830012328894,1.0,0.3960653708484475,0.5673999139996974,1.7146533390179544
82,389,022cf70a01eb4a97,Pneumothorax,off,0.2436686500104771,1.0,0.4085605771738239,0.5798712399774711,1.4978932396753633
82,389,022cf70a01eb4a97,Pneumothorax,on,0.2436686500104771,1.0,0.3880849703892545,0.5591615213738453,1.0969846297615424
83,202,95ba87c7792a6caa,Pneumonia,off,0.1163009419664829,1.0,0.4582144602240203,0.6234795689940409,1.937218664671704
83,202,95ba87c7792a6caa,Pneumonia,on,0.1163009419664829,1.0,0.6261159414216867,0.7700747628845622,1.8252395129054144
84,65,1a59056f0e47b4b4,Pneumothorax,off,0.1956736790296722,0.0,0.1510999672931019,0.2593344180059432,2.212123667161517
84,65,1a59056f0e47b4b4,Pneumothorax,on,0.1956736790296722,0.0,0.1116236864550193,0.2008267762403727,2.206959291444861
85,15,b63a0f6302a22e69,Pneumothorax,off,0.213353215502244,1.0,0.1244076920046748,0.2211410618305679,1.5060040607764544
85,15,b63a0f6302a22e69,Pneumothorax,on,0.213353215502244,1.0,0.119952873141777,0.2142102948993119,1.2689397469751913
86,187,99c15493b7dcd579,Pneumonia,off,0.1128995316969528,1.0,0.5201692854773187,0.6715015846975478,2.095600905258445
86,187,99c15493b7dcd579,Pneumonia,on,0.1128995316969528,1.0,0.7457305707271038,0.8543387615445699,2.7964554958195715
87,142,3a1726fd39c92115,Pneumonia,off,0.1484194163024038,1.0,0.4489631025741505,0.615364740047571,1.8959502601668063
87,142,3a1726fd39c92115,Pneumonia,on,0.1484194163024038,1.0,0.5015944307877629,0.6680783609213592,1.955740509601911
88,350,868b49c7c091d006,Pneumonia,off,0.1385026972501206,1.0,0.2931858535858122,0.4464916327879621,1.1879809141121669
88,350,868b49c7c091d006,Pneumonia,on,0.1385026972501206,1.0,0.4909742017432308,0.6585876107433699,1.0225278735261645
89,417,2cae18047a4fd0de,Pneumothorax,off,0.1706455369891184,1.0,0.3262196776703613,0.487743615504531,1.0845458949394322
89,417,2cae18047a4fd0de,Pneumothorax,on,0.1706455369891184,1.0,0.3839505617192297,0.5530462221251093,0.8802858918628206
90,192,d3b1c0df71d64c6e,Pneumothorax,off,0.1785106891023298,0.0,0.044391821418458,0.0848339816312061,1.0279249054016335
90,192,d3b1c0df71d64c6e,Pneumothorax,on,0.1785106891023298,0.0,0.0499195587422928,0.0950921469941438,0.8208272439317269
91,163,ff6c0b345508b50e,Pneumonia,off,0.14935017469994,1.0,0.2624840890778407,0.4092818262641078,1.167080996045723
91,163,ff6c0b345508b50e,Pneumonia,on,0.14935017469994,1.0,0.456943099829655,0.6272543587696271,0.9380941455820184
92,35,9ef65ccd2ea2538e,Pneumothorax,off,0.187472284354,1.0,0.5495694246730995,0.7046563526558086,1.8917275836212493
92,35,9ef65ccd2ea2538e,Pneumothorax,on,0.187472284354,1.0,0.6359119914182418,0.7774368961012323,1.3826598067477816
93,36,25e07c942bb51e7b,Pneumonia,off,0.1447548596796437,1.0,0.6044892763022067,0.747788275755195,2.1494643344666127
93,36,25e07c942bb51e7b,Pneumonia,on,0.1447548596796437,1.0,0.7443686262091346,0.853453285498906,2.008768236529327
94,226,0abf7661fc925447,Pneumonia,off,0.1050197603418953,1.0,0.5338550530874113,0.6896873050411276,2.0232906431276825
94,226,0abf7661fc925447,Pneumonia,on,0.1050197603418953,1.0,0.5310519932926434,0.6936459057370652,2.4169344261266343
95,150,791e671c4f33e5f0,Pneumothorax,off,0.1178213431184792,0.0,0.0832090113195899,0.1530277948488586,1.41880117090458
95,150,791e671c4f33e5f0,Pneumothorax,on,0.1178213431184792,0.0,0.0701088742936784,0.1310258576954641,1.50631255404576
96,222,077ba979b42b2e06,Pneumonia,off,0.1468697766667153,1.0,0.3190308281378513,0.4727969426458742,1.4862647950542225
96,222,077ba979b42b2e06,Pneumonia,on,0.1468697766667153,1.0,0.5075807685644411,0.6733708381263454,1.2328602418991084
97,367,e392c9fcacb26e80,Pneumonia,off,0.1340828131319776,1.0,0.4653709838841238,0.6246203710173546,2.422282447562261
97,367,e392c9fcacb26e80,Pneumonia,on,0.1340828131319776,1.0,0.5263874779485123,0.6897018424531296,2.783768502635427
98,14,dc0b7cc379d0fccd,Pneumonia,off,0.1303013025744485,1.0,0.6298668183046028,0.771122611699673,2.6044551185674734
98,14,dc0b7cc379d0fccd,Pneumonia,on,0.1303013025744485,1.0,0.5095708380842486,0.6750547845274426,3.5310664986807865
99,453,6a7ae10cef5405cd,Pneumothorax,off,0.1520888460057794,0.0,0.0354470245870074,0.0683516816046217,1.0842194246747534
99,453,6a7ae10cef5405cd,Pneumothorax,on,0.1520888460057794,0.0,0.0453788121953133,0.0868179160212264,0.8762541964744431
100,340,df9d2cb9cfb59860,Pneumothorax,off,0.2222124760609914,0.0,0.2006002974205362,0.3340776019605528,1.272175918968785
100,340,df9d2cb9cfb59860,Pneumothorax,on,0.2222124760609914,0.0,0.2030971201897022,0.3376232124970779,0.915545178515376
101,322,892a1f178fe73ab6,Pneumonia,off,0.1541745245091589,1.0,0.201224926265584,0.3268296215871268,1.2127561999861334
101,322,892a1f178fe73ab6,Pneumonia,on,0.1541745245091589,1.0,0.4871150296066623,0.655111705206285,1.0220814373302782
102,146,0abcdb1524aed62c,Pneumonia,off,0.1324844426901354,1.0,0.2537490160672071,0.4017492346846339,1.3260088734192446
102,146,0abcdb1524aed62c,Pneumonia,on,0.1324844426901354,1.0,0.4167599512616831,0.5883242980299437,1.180375070915609
103,196,9cd672e6f6df4fad,Pneumothorax,off,0.2118181951084017,0.0,0.0667949620727906,0.1250775334163324,1.24116358480823
103,196,9cd672e6f6df4fad,Pneumothorax,on,0.2118181951084017,0.0,0.0656821062403282,0.1232670334009321,1.033399130646199
104,269,8f693755259e29e4,Pneumothorax,off,0.1917752145373741,1.0,0.5246769496205509,0.6793928427953944,2.413923427513992
104,269,8f693755259e29e4,Pneumothorax,on,0.1917752145373741,1.0,0.6886899460816703,0.815625865870999,1.7769557341248503
105,273,3baee050c883a811,Pneumonia,off,0.1359004722015116,0.0,0.1253297112342521,0.2047232839011605,1.1020672209867015
105,273,3baee050c883a811,Pneumonia,on,0.1359004722015116,0.0,0.3134123962958152,0.4772441008491946,1.010798686434385
106,362,530e2b83ccfd49fe,Pneumothorax,off,0.191317144959529,0.0,0.1060908853152237,0.1913534494014195,1.5429583104111897
106,362,530e2b83ccfd49fe,Pneumothorax,on,0.191317144959529,0.0,0.1015072982388565,0.1843051153104238,1.4506412450889257
107,364,179927b58fab7ee0,Pneumothorax,off,0.2295123508228196,0.0,0.0532831595350626,0.1010205615187306,1.0200138144599344
107,364,179927b58fab7ee0,Pneumothorax,on,0.2295123508228196,0.0,0.0579249526625316,0.1095063136861706,0.55926337676185
108,374,8fc340074e3658f5,Pneumonia,off,0.1477664234999439,1.0,0.3507293185333553,0.5180898581284467,1.563059433144831
108,374,8fc340074e3658f5,Pneumonia,on,0.1477664234999439,1.0,0.2941981588642685,0.4546370254888661,1.4591453375347534
109,311,7a80693a8ceb051b,Pneumothorax,off,0.1666349916426667,1.0,0.2978966043533501,0.4588808948225596,1.947993001585102
109,311,7a80693a8ceb051b,Pneumothorax,on,0.1666349916426667,1.0,0.2720395097809151,0.4277176949097461,1.949094195634528
110,235,6209aa50dc0a8a4a,Pneumonia,off,0.2035437042234989,1.0,0.4107509080613921,0.5785078583929175,1.69792447567254
110,235,6209aa50dc0a8a4a,Pneumonia,on,0.2035437042234989,1.0,0.4172003393669534,0.5887581804790407,1.34293333769461
111,272,2588627431774c44,Pneumothorax,off,0.1595105477829919,0.0,0.0656285016942408,0.1226665058230073,1.3206446911825147
111,272,2588627431774c44,Pneumothorax,on,0.1595105477829919,0.0,0.0661095915683321,0.1240196537153738,1.211711743967893
112,313,8e5a6f1a03e3ba73,Pneumothorax,off,0.2093572893976385,0.0,0.2772158194312368,0.4328922409377534,1.8928430434898655
112,313,8e5a6f1a03e3ba73,Pneumothorax,on,0.2093572893976385,0.0,0.2804452473773571,0.438038813780485,2.026195805252699
113,106,54bd710f5acd0e34,Pneumonia,off,0.1191322018040144,1.0,0.4590125107648708,0.6252496270690724,1.7421823109165335
113,106,54bd710f5acd0e34,Pneumonia,on,0.1191322018040144,1.0,0.4187621730874896,0.5903070052905648,1.56972883296386
114,136,b7a475c159e17b96,Pneumothorax,off,0.1634626161620591,0.0,0.1269975914500226,0.225141184319538,1.612214297119562
114,136,b7a475c159e17b96,Pneumothorax,on,0.1634626161620591,0.0,0.1113353456053234,0.20036206539229,1.518439374792289
115,129,025d0c502d76dbd1,Pneumothorax,off,0.184909043950314,1.0,0.1185484513551979,0.2111993420056959,1.3214328162483662
115,129,025d0c502d76dbd1,Pneumothorax,on,0.184909043950314,1.0,0.1185037516512501,0.2118952553318902,1.1357081384872665
116,171,de0f216f69af3aa4,Pneumonia,off,0.1037235208982062,1.0,0.2592504859086492,0.4065021208315892,1.33196853869016
116,171,de0f216f69af3aa4,Pneumonia,on,0.1037235208982062,1.0,0.585797916969423,0.7387949119268316,1.2793809406622203
117,49,b2b99029ccdf9b1a,Pneumothorax,off,0.1418992344390353,0.0,0.1876149149418725,0.3151194258100138,1.0689708235721709
117,49,b2b99029ccdf9b1a,Pneumothorax,on,0.1418992344390353,0.0,0.1879020994267045,0.3163416748802276,1.2264704558372306
118,117,0f16ab8a0a186e36,Pneumonia,off,0.115569979874177,1.0,0.5721081150390123,0.7198685550868228,2.299527244579781
118,117,0f16ab8a0a186e36,Pneumonia,on,0.115569979874177,1.0,0.5309419560327238,0.6935964260582911,2.731688852334712
119,193,db5f9901a838ad41,Pneumonia,off,0.1268073037732263,1.0,0.2328238530512698,0.3745505984085127,1.3481345201173158
119,193,db5f9901a838ad41,Pneumonia,on,0.1268073037732263,1.0,0.393699994703095,0.5649696816640482,1.1529487399512723
120,19,89a55b0c6e16ccee,Pneumothorax,off,0.1879206077706143,1.0,0.2982668526602929,0.453951258593918,1.3042900272105933
120,19,89a55b0c6e16ccee,Pneumothorax,on,0.1879206077706143,1.0,0.3881750357084037,0.5592534085572449,1.046337703601914
121,18,68d594554781daaf,Pneumothorax,off,0.1500860098728613,1.0,0.4271901945778016,0.5984807134371251,1.679044308158128
121,18,68d594554781daaf,Pneumothorax,on,0.1500860098728613,1.0,0.4173731792329419,0.5889377500871799,1.4677457486886087
122,363,bf3a47063dba61d7,Pneumothorax,off,0.1999766092130462,0.0,0.2374995467506476,0.3728327979039996,1.5744047152205527
122,363,bf3a47063dba61d7,Pneumothorax,on,0.1999766092130462,0.0,0.3585653944139449,0.5278547704002916,1.79808350425921
123,31,03100f6839353a88,Pneumonia,off,0.1029487010803619,1.0,0.614886239200833,0.7577462031076836,2.14135055047742
123,31,03100f6839353a88,Pneumonia,on,0.1029487010803619,1.0,0.4387960509127087,0.6098789038861286,2.8021606064899034
124,30,d3484e6204746059,Pneumonia,off,0.1395065518568873,1.0,0.3800427305680354,0.5481057352701474,1.6849614165842577
124,30,d3484e6204746059,Pneumonia,on,0.1395065518568873,1.0,0.3580862954469319,0.5273040703835683,1.7905149386249153
125,397,f65b542b3dc69a6a,Pneumothorax,off,0.1517867150076263,1.0,0.4603269426964744,0.6261524337525622,2.510619691838067
125,397,f65b542b3dc69a6a,Pneumothorax,on,0.1517867150076263,1.0,0.2348713427272233,0.3803623479928212,2.774454095350291
126,338,d4643b9bd661e0f1,Pneumonia,off,0.1106627876944968,1.0,0.6011599442122005,0.7433809118870367,2.549958615015987
126,338,d4643b9bd661e0f1,Pneumonia,on,0.1106627876944968,1.0,0.33015889897083,0.4962386984149254,3.7146210295163984
127,255,90debafa186291f2,Pneumothorax,off,0.2108094674210195,1.0,0.3193317214149144,0.4769095985363512,2.2370389767524923
127,255,90debafa186291f2,Pneumothorax,on,0.2108094674210195,1.0,0.2713260494865706,0.4268248827879818,2.3400628802957293
128,256,d500d2d19615d254,Pneumothorax,off,0.2086653119502556,0.0,0.0306612513225836,0.059449670188612,1.1983433619050663
128,256,d500d2d19615d254,Pneumothorax,on,0.2086653119502556,0.0,0.0403705292893131,0.0776071616458707,1.0173856552530185
129,284,ad5c2e4baa04ebef,Pneumonia,off,0.1401497984981165,1.0,0.5266487384538168,0.6846153615785903,2.195515974013284
129,284,ad5c2e4baa04ebef,Pneumonia,on,0.1401497984981165,1.0,0.6167548884204338,0.7629495172395648,2.6156073623490865
130,329,a13a3c52d890e41c,Pneumonia,off,0.1600855712956059,1.0,0.2387558972510245,0.3674244709897086,1.8943369006096995
130,329,a13a3c52d890e41c,Pneumonia,on,0.1600855712956059,1.0,0.6002812921703946,0.7502193631640083,1.7964286962227507
131,98,56da5643e7a2b4a6,Pneumothorax,off,0.2030271576782694,0.0,0.0351255376282402,0.0677887429368335,1.0840209530432097
131,98,56da5643e7a2b4a6,Pneumothorax,on,0.2030271576782694,0.0,0.0387177774932511,0.0745491717852427,0.7523876062725526
132,208,6ecfeeee8a984695,Pneumonia,off,0.1501396137596304,1.0,0.5109415182717344,0.67279112587479,1.8549757539078415
132,208,6ecfeeee8a984695,Pneumonia,on,0.1501396137596304,1.0,0.5140233071052998,0.6790103126680022,1.7248830476953068
133,292,439f83b97f776b7e,Pneumonia,off,0.1150680525707936,1.0,0.3908691550449328,0.5516840006646911,1.7786781777129173
133,292,439f83b97f776b7e,Pneumonia,on,0.1150680525707936,1.0,0.3874863140615002,0.5583708306683248,2.44801110743609
134,233,99dd658ed527a4a3,Pneumonia,off,0.1580486235983801,1.0,0.1693630051450272,0.286295967216417,0.8153364728924046
134,233,99dd658ed527a4a3,Pneumonia,on,0.1580486235983801,1.0,0.3072955056866985,0.470122151338504,0.5807376728100935
135,178,67064801bb33c533,Pneumothorax,off,0.1935197773976774,0.0,0.0178973860120362,0.0347131194190605,0.9194433449309798
135,178,67064801bb33c533,Pneumothorax,on,0.1935197773976774,0.0,0.0312317885057904,0.0605699588262962,0.4566929470841597
136,90,b39ee401f01fc11c,Pneumothorax,off,0.185235540351544,0.0,0.0757554144521533,0.140518714051202,1.9005264531655248
136,90,b39ee401f01fc11c,Pneumothorax,on,0.185235540351544,0.0,0.0683193838866674,0.1278993654057348,2.174385685097312
137,423,0b407bb0207960fa,Pneumothorax,off,0.2063505986579536,0.0,0.1260602510952382,0.2237898851989674,1.319842278606974
137,423,0b407bb0207960fa,Pneumothorax,on,0.2063505986579536,0.0,0.1313099869600475,0.2321375546685883,1.0853333816888528
138,268,b1a4805d5709bd1f,Pneumothorax,off,0.1853378750444668,0.0,0.1761526114663757,0.2992591440929401,1.6245977834361571
138,268,b1a4805d5709bd1f,Pneumothorax,on,0.1853378750444668,0.0,0.1655736831975033,0.2841051324652352,1.4545794494670563
139,444,c97c679d5ab523d8,Pneumothorax,off,0.1619763265743705,0.0,0.2480788798922353,0.3958665306673808,1.012968974211411
139,444,c97c679d5ab523d8,Pneumothorax,on,0.1619763265743705,0.0,0.3025093694408372,0.4645010515553336,0.7461859785780705
140,414,8b08482972e09a3c,Pneumonia,off,0.1044496099098967,1.0,0.5154390837683658,0.6726373868924144,1.8905451578217112
140,414,8b08482972e09a3c,Pneumonia,on,0.1044496099098967,1.0,0.6065535537186688,0.754168715322133,2.548420187433368
141,415,75725f616cc29fbf,Pneumonia,off,0.1474935309854831,1.0,0.180760557421798,0.2870631902102928,1.8997160122996597
141,415,75725f616cc29fbf,Pneumonia,on,0.1474935309854831,1.0,0.1812453106311611,0.3068218541970486,2.823184451825269
142,372,afe0b97320465cbb,Pneumonia,off,0.0829836897991803,1.0,0.5379768308669985,0.6988403814797105,2.6406522439969256
142,372,afe0b97320465cbb,Pneumonia,on,0.0829836897991803,1.0,0.4556876701402986,0.626069132009191,4.003135888905644
143,78,30032890ee6eaef2,Pneumothorax,off,0.2093475432364077,1.0,0.2699214969456739,0.4249035995937554,1.5823694682981428
143,78,30032890ee6eaef2,Pneumothorax,on,0.2093475432364077,1.0,0.2815690730664647,0.4394122671773209,1.2747888896290742
144,46,40849f8f4588d1e3,Pneumonia,off,0.1766296799847959,1.0,0.6390209979207297,0.7772661945779825,2.6277026416719167
144,46,40849f8f4588d1e3,Pneumonia,on,0.1766296799847959,1.0,0.4380766196515299,0.6092220734755595,2.9920154825441694
145,96,857b3bc9b7ac72d7,Pneumothorax,off,0.1856887368487736,0.0,0.1305592991345423,0.2308172356967817,1.3875983624073238
145,96,857b3bc9b7ac72d7,Pneumothorax,on,0.1856887368487736,0.0,0.1349210115181407,0.2377622210268759,1.244309371819861
146,454,358aad16166fb6c3,Pneumothorax,off,0.2259842404572898,0.0,0.0966053969541571,0.176178394364198,0.7992457528370998
146,454,358aad16166fb6c3,Pneumothorax,on,0.2259842404572898,0.0,0.0952658626107299,0.1739592654650916,0.540991392160638
147,274,3ca26b9b28c3dc4d,Pneumonia,off,0.1349502214815139,1.0,0.5887344888890229,0.7404225900446081,2.0192717949706163
147,274,3ca26b9b28c3dc4d,Pneumonia,on,0.1349502214815139,1.0,0.516989930727337,0.6815706273507554,1.9393542654856093
148,324,1a2e21229d1c588a,Pneumothorax,off,0.1973890034062833,0.0,0.0701675975306996,0.1309088803043008,1.261353238637349
148,324,1a2e21229d1c588a,Pneumothorax,on,0.1973890034062833,0.0,0.0758839305101328,0.1410626613624172,1.0480404702785553
149,184,b41834be3e29c44f,Pneumothorax,off,0.1902986711109162,0.0,0.1380006056898821,0.2423025765129426,1.3010192720836475
149,184,b41834be3e29c44f,Pneumothorax,on,0.1902986711109162,0.0,0.1491585244916676,0.259596052214772,1.1107578102680216
150,20,366f1766916dfa75,Pneumothorax,off,0.2246246509656009,0.0,0.0924413250770094,0.1689148967432028,1.4322332344963018
150,20,366f1766916dfa75,Pneumothorax,on,0.2246246509656009,0.0,0.1051387174033173,0.1902709369847374,1.2834345442826562
151,361,b1c8137ad484eac1,Pneumonia,off,0.1209596070347791,1.0,0.3646990455610213,0.5316880747373166,1.4905053819415903
151,361,b1c8137ad484eac1,Pneumonia,on,0.1209596070347791,1.0,0.4686188206945633,0.6381748204048943,1.219296659773922
152,401,c46bd3cf28d24372,Pneumothorax,off,0.2010681792708896,0.0,0.1823458105736901,0.3081308005364876,1.1231502661341195
152,401,c46bd3cf28d24372,Pneumothorax,on,0.2010681792708896,0.0,0.1967797767986837,0.3288483625923761,0.8269704075116131
153,400,c4ab7b3220d45f3d,Pneumonia,off,0.1330643392833647,1.0,0.5081084325253704,0.6715967914663825,1.5579043952609235
153,400,c4ab7b3220d45f3d,Pneumonia,on,0.1330643392833647,1.0,0.4340635816008628,0.6053427119351925,1.4646144736446405
154,351,cee781693007010c,Pneumonia,off,0.1428397389978022,1.0,0.5302573469186509,0.6913618691209635,1.876024813188196
154,351,cee781693007010c,Pneumonia,on,0.1428397389978022,1.0,0.4028967293425435,0.574330208309145,1.8830109551119336
155,332,8c9146cd6f056c49,Pneumonia,off,0.0968963349560691,1.0,0.5778098192376703,0.7303579517407999,2.631334055269145
155,332,8c9146cd6f056c49,Pneumonia,on,0.0968963349560691,1.0,0.426569414257859,0.5980172515078601,3.933465496967846
156,418,16feb1569a29f5a0,Pneumothorax,off,0.1950791631945967,0.0,0.1904270740444461,0.3193652479311467,1.3980491737130167
156,418,16feb1569a29f5a0,Pneumothorax,on,0.1950791631945967,0.0,0.1967026134958868,0.3287401417341126,1.139182331029731
157,103,a640eeb65f3ac9d2,Pneumothorax,off,0.2081390192437953,0.0,0.0031485844646915,0.0062116218379395,0.4106203726467538
157,103,a640eeb65f3ac9d2,Pneumothorax,on,0.2081390192437953,0.0,0.0,0.0,-0.5232356036817037
158,139,1a868aa2c2a7ab1b,Pneumonia,off,0.1267390806446111,1.0,0.6388912484900398,0.7709671457133275,2.801186760133658
158,139,1a868aa2c2a7ab1b,Pneumonia,on,0.1267390806446111,1.0,0.3687009223378517,0.5387149606864055,3.441969829752768
159,42,6a382312bfef556a,Pneumothorax,off,0.2136894580647047,1.0,0.261744521693644,0.4145237616463373,1.040424321385444
159,42,6a382312bfef556a,Pneumothorax,on,0.2136894580647047,1.0,0.2746664079352457,0.4309614022559946,0.7107797788944519
160,246,ac9879b3bcc1d5b9,Pneumothorax,off,0.1537505664956215,1.0,0.4662175201697672,0.6278973461236792,1.85974091452782
160,246,ac9879b3bcc1d5b9,Pneumothorax,on,0.1537505664956215,1.0,0.6118031514183796,0.7591536718106745,1.5647034666189965
161,166,07f6d43ff7442163,Pneumonia,off,0.142600958047649,1.0,0.5752490599400971,0.7273938998271655,2.7006892697841067
161,166,07f6d43ff7442163,Pneumonia,on,0.142600958047649,1.0,0.5764959372844733,0.7313592665345532,3.5656703122502056
162,195,94310590493db21b,Pneumothorax,off,0.1615231300771408,0.0,0.0654772467075155,0.1227908796648249,1.089619843575688
162,195,94310590493db21b,Pneumothorax,on,0.1615231300771408,0.0,0.0749406565960715,0.1394321180847735,0.936396936423128
163,262,421b40d76dc65ae9,Pneumothorax,off,0.2206725825865337,1.0,0.7595739147540066,0.8631092578006649,2.645639257684342
163,262,421b40d76dc65ae9,Pneumothorax,on,0.2206725825865337,1.0,0.7795853037614208,0.876142418344967,2.2103409401886167
164,342,9981e0f0e8d3ad3b,Pneumonia,off,0.1704993445706572,1.0,0.1192594815142347,0.2096901902791366,1.9312887105542784
164,342,9981e0f0e8d3ad3b,Pneumonia,on,0.1704993445706572,1.0,0.1588631351850477,0.2741575716165366,2.495586330303152
165,199,5db9065ecfba6f94,Pneumonia,off,0.1483511931737886,1.0,0.3301195333985945,0.4899892398640419,1.5250017924923398
165,199,5db9065ecfba6f94,Pneumonia,on,0.1483511931737886,1.0,0.4958768065552029,0.6629901627371521,1.2556342124134252
166,177,c1d43e09d7d9bec7,Pneumonia,off,0.1213445804033936,1.0,0.4797625592475009,0.6445149475263944,1.4187002056401792
166,177,c1d43e09d7d9bec7,Pneumonia,on,0.1213445804033936,1.0,0.5979301245362282,0.7483742208752776,1.3199298745419252
167,74,a95e5c78f29d3c6f,Pneumothorax,off,0.1876866999010764,0.0,0.030315313331187,0.0580742253376179,1.1172071238663115
167,74,a95e5c78f29d3c6f,Pneumothorax,on,0.1876866999010764,0.0,0.0528942487077966,0.1004738792402652,1.0483492097643343
168,73,6376c511055a284e,Pneumonia,off,0.1154530259394081,1.0,0.425268153108021,0.5948403824662295,1.944163359329596
168,73,6376c511055a284e,Pneumonia,on,0.1154530259394081,1.0,0.5305453790515625,0.6932279211976902,2.2882456222375755
169,72,b94add6384c3c56b,Pneumonia,off,0.1548177711503881,1.0,0.5490966666186428,0.6984579082561403,2.0716956864879816
169,72,b94add6384c3c56b,Pneumonia,on,0.1548177711503881,1.0,0.4372695641866867,0.608240219375078,2.9273001721287097
170,240,04541ecb15f3ec4a,Pneumonia,off,0.1195269213338596,1.0,0.5498507596508316,0.7062691752043879,1.7482357274665008
170,240,04541ecb15f3ec4a,Pneumonia,on,0.1195269213338596,1.0,0.6076574398017472,0.7559506674179342,1.8155719381735251
171,254,36e588acb178eced,Pneumothorax,off,0.2268906334517492,1.0,0.174586568657639,0.2971966985547592,1.3747275868968958
171,254,36e588acb178eced,Pneumothorax,on,0.2268906334517492,1.0,0.1705490040239807,0.2913999705530131,1.0392935396439091
172,320,75bba632288ce1d3,Pneumonia,off,0.1365827034876638,1.0,0.2344987034169128,0.3751910537878613,1.428108475814558
172,320,75bba632288ce1d3,Pneumonia,on,0.1365827034876638,1.0,0.3618640823184792,0.5314244097295757,1.1830585811465046
173,128,48d3207f19c2ee8f,Pneumonia,off,0.1458659220599486,1.0,0.4105519661088074,0.5815336918083502,1.761046772495941
173,128,48d3207f19c2ee8f,Pneumonia,on,0.1458659220599486,1.0,0.3910136663498208,0.5621960920995279,1.6948989779304016
174,93,8bfe346954ca2a54,Pneumothorax,off,0.1730138541681895,1.0,0.1486569189979008,0.2581341326405371,1.3164224047295638
174,93,8bfe346954ca2a54,Pneumothorax,on,0.1730138541681895,1.0,0.1484443391160327,0.2585119848658991,1.0727694331447517
175,190,18ade169c0e38f1b,Pneumonia,off,0.1183914935504778,1.0,0.4064894885614171,0.5732692203022933,1.6165125320091789
175,190,18ade169c0e38f1b,Pneumonia,on,0.1183914935504778,1.0,0.4992748102710905,0.6660212419345412,1.6295280462502462
176,191,b6743168ef9bbb93,Pneumonia,off,0.1436584165411848,0.0,0.133999893134723,0.2361530826850764,1.4718865500066762
176,191,b6743168ef9bbb93,Pneumonia,on,0.1436584165411848,0.0,0.1409688506157833,0.2471032928581803,1.5353030668067589
177,435,8065b42d7d8e8e46,Pneumothorax,off,0.1792611435170972,0.0,0.090978871576762,0.1665781067476721,1.357451266623984
177,435,8065b42d7d8e8e46,Pneumothorax,on,0.1792611435170972,0.0,0.0979937413258809,0.1784953177998599,1.345258241111857
178,132,b3b7784bd1c963b0,Pneumonia,off,0.1540965552193129,1.0,0.6041659975429847,0.7501720945455973,2.09347742732128
178,132,b3b7784bd1c963b0,Pneumonia,on,0.1540965552193129,1.0,0.6430065790369784,0.7827129211168536,2.010576401611654
179,442,ba6337453bd8fbe2,Pneumothorax,off,0.1820046879035519,1.0,0.1774815785814676,0.296727200882638,2.1033124978282816
179,442,ba6337453bd8fbe2,Pneumothorax,on,0.1820046879035519,1.0,0.1579369614945672,0.2727812804328815,2.017036267425759
180,198,2cf513fbcdcd7d1d,Pneumonia,off,0.1355252449941279,0.0,0.3275960617270682,0.4930816956127044,1.7160271046501383
180,198,2cf513fbcdcd7d1d,Pneumonia,on,0.1355252449941279,0.0,0.3125087060460777,0.4761828224887491,1.7958375736473056
181,107,c5ba0875d8eeea25,Pneumonia,off,0.1384003625571978,1.0,0.3093681831668592,0.4698387026920598,1.3656396273616358
181,107,c5ba0875d8eeea25,Pneumonia,on,0.1384003625571978,1.0,0.4550403471209044,0.6254670063197121,1.1749365928876376
182,108,61aef6e6626a971f,Pneumonia,off,0.1645054554137489,1.0,0.1487428414907002,0.2585351828089174,0.992933506342116
182,108,61aef6e6626a971f,Pneumonia,on,0.1645054554137489,1.0,0.1640785218432862,0.2819014474110906,0.7810072874695383
183,416,a9e2cbe7c06e2ec5,Pneumothorax,off,0.1610455681768343,1.0,0.1304861319162229,0.2292774126580767,0.7960162968401654
183,416,a9e2cbe7c06e2ec5,Pneumothorax,on,0.1610455681768343,1.0,0.1264507146998375,0.2245060260928035,0.6573550498077714
184,404,52ccf86e7ccceedc,Pneumothorax,off,0.1847287399675453,1.0,0.6661472497854045,0.7987455356578268,2.178088571922644
184,404,52ccf86e7ccceedc,Pneumothorax,on,0.1847287399675453,1.0,0.6998625774201701,0.8234339794375902,1.6942981906961772
185,278,edde383473e98087,Pneumothorax,off,0.252376845070148,1.0,0.4000181684490815,0.5669128654423078,1.6817014238812924
185,278,edde383473e98087,Pneumothorax,on,0.252376845070148,1.0,0.3251392558858352,0.4906972522119714,1.2604406920879
186,263,7c7dd650c6019dc0,Pneumothorax,off,0.1810398179417082,1.0,0.4409266675046896,0.6118496159187959,1.9420511475619
186,263,7c7dd650c6019dc0,Pneumothorax,on,0.1810398179417082,1.0,0.4364313317307358,0.6076592164188006,1.7503833603729235
187,223,d48d2e3b0dc01ccf,Pneumonia,off,0.1195074290113981,1.0,0.346236812596116,0.5096785333789782,1.4344519950364047
187,223,d48d2e3b0dc01ccf,Pneumonia,on,0.1195074290113981,1.0,0.494059293957881,0.6613627852942014,1.272193088494469
188,344,3b0617fc4bf3f405,Pneumonia,off,0.1479174889990205,1.0,0.4421126172603968,0.5931855027011721,1.9238827265672729
188,344,3b0617fc4bf3f405,Pneumonia,on,0.1479174889990205,1.0,0.4449200698592054,0.6157600828583114,2.8838470410231016
189,343,f74f3a36930f15e4,Pneumonia,off,0.1585797893854558,1.0,0.4263563478142412,0.5971433321250145,1.6734539791039058
189,343,f74f3a36930f15e4,Pneumonia,on,0.1585797893854558,1.0,0.4511989730733531,0.6218269478257402,1.404158789259357
190,334,121f00b6460da473,Pneumonia,off,0.1616839417374481,0.0,0.1643872293746062,0.2819045929297581,1.1472759484714137
190,334,121f00b6460da473,Pneumonia,on,0.1616839417374481,0.0,0.1732452538695764,0.2953238065115967,0.8691514762172917
191,289,c47ec9ec3990eaf3,Pneumonia,off,0.1322115501756745,1.0,0.5717354124337153,0.7242345200937216,1.8598551413600268
191,289,c47ec9ec3990eaf3,Pneumonia,on,0.1322115501756745,1.0,0.6523659533756285,0.7895733969304446,2.1319069351858926
192,288,d7bb30eed043ee33,Pneumonia,off,0.1720099995614227,1.0,0.5863445166699108,0.7314757632167983,2.437013227089631
192,288,d7bb30eed043ee33,Pneumonia,on,0.1720099995614227,1.0,0.4276958454339422,0.5991208252656548,2.4179955634492605
193,431,9f93ab8d1df09a76,Pneumothorax,off,0.2049520245213416,0.0,0.1298637050080871,0.2298232068643778,0.8758668499826782
193,431,9f93ab8d1df09a76,Pneumothorax,on,0.2049520245213416,0.0,0.1334137126779687,0.2354188352416655,0.5646563532227857
194,430,14db6ee01e29879b,Pneumothorax,off,0.2221442529323762,1.0,0.1046122694258466,0.1883390922236824,1.821979586563552
194,430,14db6ee01e29879b,Pneumothorax,on,0.2221442529323762,1.0,0.0991050384315726,0.1803332151412164,2.042854947769116
195,45,d81040617f1c56b9,Pneumothorax,off,0.1285128819886067,0.0,0.2084458110488767,0.3436700048705904,1.0806471401279787
195,45,d81040617f1c56b9,Pneumothorax,on,0.1285128819886067,0.0,0.2176183252102412,0.3574466800238645,0.8769470008189038
196,206,1cf185c35f8ce322,Pneumothorax,off,0.2243127738062171,0.0,0.1687856268922483,0.2877267296068466,2.172421775906016
196,206,1cf185c35f8ce322,Pneumothorax,on,0.2243127738062171,0.0,0.1678504313992297,0.2874495903200335,2.0760629760832967
197,207,fe64161a616d5561,Pneumonia,off,0.1799677402063262,1.0,0.5872237513780523,0.7354588844425598,2.0866502500411603
197,207,fe64161a616d5561,Pneumonia,on,0.1799677402063262,1.0,0.6674439971388615,0.8005571219891486,1.549305323705065
198,398,c3a8a9bbdf1983ae,Pneumothorax,off,0.1869264993250783,0.0,0.071551458545017,0.1334960823449154,0.9752332537448108
198,398,c3a8a9bbdf1983ae,Pneumothorax,on,0.1869264993250783,0.0,0.0767952464787612,0.1426366471636531,0.7250615087754992
199,67,8bcac9f76ba883ad,Pneumothorax,off,0.1805378906383248,0.0,0.0996419961678334,0.1753581616629341,1.134330227184306
199,67,8bcac9f76ba883ad,Pneumothorax,on,0.1805378906383248,0.0,0.1519486371314352,0.2638089064994299,1.087056227718625
200,100,5ba3a4ec085622eb,Pneumothorax,off,0.2337032001520401,0.0,0.0280149602923039,0.0543022127801199,0.7330704361312355
200,100,5ba3a4ec085622eb,Pneumothorax,on,0.2337032001520401,0.0,0.0325330788757223,0.0630158693910714,0.281569746782037
201,412,6adfce3be1051462,Pneumothorax,off,0.18093261016817,0.0,0.0436586200633018,0.0824023332573016,0.5145691335329329
201,412,6adfce3be1051462,Pneumothorax,on,0.18093261016817,0.0,0.0354566584811827,0.0684812322122926,0.0305357310842816
202,407,2d2ee9d090034632,Pneumothorax,off,0.2228167380572976,0.0,0.0553442527655498,0.1048658397955756,1.2566904611581216
202,407,2d2ee9d090034632,Pneumothorax,on,0.2228167380572976,0.0,0.0595852162296965,0.1124689258182202,1.0921572845120553
203,138,b6372b688f2df234,Pneumothorax,off,0.1646467747515947,0.0,0.191835236469347,0.3218835553899186,1.7480298174491673
203,138,b6372b688f2df234,Pneumothorax,on,0.1646467747515947,0.0,0.1818575142537541,0.3077483757236772,1.8639443358383567
204,137,b1e72898c89b15bd,Pneumonia,off,0.1758499870863363,1.0,0.5191450702832304,0.6815477051122623,1.969436801779223
204,137,b1e72898c89b15bd,Pneumonia,on,0.1758499870863363,1.0,0.4888525185313359,0.6566633332466196,1.7691320899958327
205,238,b346774a4dbee0ea,Pneumonia,off,0.1127435931172609,1.0,0.622296609161443,0.7656964344800248,2.4458314296348447
205,238,b346774a4dbee0ea,Pneumonia,on,0.1127435931172609,1.0,0.575898875261007,0.7308701642279113,3.046222460903823
206,426,4120f29e59ccdaf6,Pneumothorax,off,0.2185040617126929,0.0,0.0486990700582214,0.0928160520245285,0.7968535613739003
206,426,4120f29e59ccdaf6,Pneumothorax,on,0.2185040617126929,0.0,0.0538168142626785,0.1021368777313117,0.5749180452066853
207,427,db25433da7613cdf,Pneumothorax,off,0.2139331120954734,0.0,0.0374493113437456,0.0714430050449763,1.2241459425792658
207,427,db25433da7613cdf,Pneumothorax,on,0.2139331120954734,0.0,0.0537108220369581,0.1019460367381781,1.1078816531504874
208,280,96d3da5e8964b6d6,Pneumothorax,off,0.2057901943871857,1.0,0.554086458160275,0.7052396657856147,2.1187574959700965
208,280,96d3da5e8964b6d6,Pneumothorax,on,0.2057901943871857,1.0,0.4866382051640389,0.6545908421707846,2.449957305658588
209,378,b4acace0017c25d0,Pneumonia,off,0.100229522096984,1.0,0.4159594639361536,0.5863928906958955,2.173044036211682
209,378,b4acace0017c25d0,Pneumonia,on,0.100229522096984,1.0,0.3180893741982454,0.4826399477460924,2.551260546353228
210,396,7d354e4232c4250f,Pneumonia,off,0.1746999400611084,1.0,0.3120011710136208,0.4745941522329516,0.7608902432377093
210,396,7d354e4232c4250f,Pneumonia,on,0.1746999400611084,1.0,0.340059567784179,0.5075287124931713,0.6458271179766681
211,69,53d456a7677f9d60,Pneumothorax,off,0.1782036850235613,0.0,0.1638473087150592,0.279522593085597,1.4807886517706894
211,69,53d456a7677f9d60,Pneumothorax,on,0.1782036850235613,0.0,0.179892457004564,0.304927071569501,1.3724859825811793
212,125,80eec41176dc56fd,Pneumothorax,off,0.2139331120954734,0.0,0.1083016926464672,0.1951866321185733,1.5449469024266014
212,125,80eec41176dc56fd,Pneumothorax,on,0.2139331120954734,0.0,0.1182997435813706,0.2115693651099073,1.684613873363463
213,16,b193933781c53116,Pneumothorax,off,0.1731844119897275,0.0,0.153760578226537,0.2651426240410861,1.670556115674843
213,16,b193933781c53116,Pneumothorax,on,0.1731844119897275,0.0,0.1221168424322695,0.217650901646717,1.7204844284171013
214,325,a5bdd073b780ec4a,Pneumonia,off,0.1279086199923005,1.0,0.4779568299399167,0.6451693384956432,2.082484894536805
214,325,a5bdd073b780ec4a,Pneumonia,on,0.1279086199923005,1.0,0.3805447121676548,0.5512358123214653,2.44579479223778
215,11,175d85705c27b3df,Pneumonia,off,0.1647149978802099,1.0,0.3573966826463467,0.5130171380747136,1.8567360050237336
215,11,175d85705c27b3df,Pneumonia,on,0.1647149978802099,1.0,0.3365962508945656,0.5036190906010809,1.8718394320634115
216,457,b47768dffffa9beb,Pneumothorax,off,0.2464463059612395,0.0,0.0600949787631555,0.1131598542136601,0.7851331274758498
216,457,b47768dffffa9beb,Pneumothorax,on,0.2464463059612395,0.0,0.0542232120036273,0.1028680808926995,0.3067650168783747
217,413,be051a60e9c8a365,Pneumothorax,off,0.1916290221189129,1.0,0.4318498764186804,0.6030881080267145,1.5738897713540776
217,413,be051a60e9c8a365,Pneumothorax,on,0.1916290221189129,1.0,0.4331864376371628,0.6045078611632402,1.1411647856882978
218,385,7ccf19b06023b219,Pneumothorax,off,0.175806129360798,0.0,0.1840822542399172,0.3092795079980092,1.444305008752396
218,385,7ccf19b06023b219,Pneumothorax,on,0.175806129360798,0.0,0.1623258785404994,0.2793077919046104,1.328510360035275
219,248,b968112f0bbfbd97,Pneumonia,off,0.1453883601596421,1.0,0.408439275993222,0.5697265192153425,1.7761853182001546
219,248,b968112f0bbfbd97,Pneumonia,on,0.1453883601596421,1.0,0.5587893790736733,0.7169530016283584,1.5072401461046605
220,357,e7127915e33fe1cd,Pneumothorax,off,0.1509875297867052,1.0,0.3512185216890836,0.5140312108961007,1.7832753293073882
220,357,e7127915e33fe1cd,Pneumothorax,on,0.1509875297867052,1.0,0.2631390677530468,0.4166251424344446,1.7587840299610682
221,356,04c74a41b993bc82,Pneumothorax,off,0.1926474959675257,1.0,0.1931648614267914,0.322477826336583,1.583389093096806
221,356,04c74a41b993bc82,Pneumothorax,on,0.1926474959675257,1.0,0.1705450736339679,0.2913909264669647,1.4207442101084238
222,260,d73038ab9e48f2c0,Pneumonia,off,0.1162863227246368,1.0,0.5475707774289837,0.7049859770493818,2.198591570465841
222,260,d73038ab9e48f2c0,Pneumonia,on,0.1162863227246368,1.0,0.3899396953630082,0.5610311349942345,3.120846703404456
223,32,62eada75bf2837e8,Pneumonia,off,0.1814150451490919,1.0,0.4726380311475138,0.628879998464704,2.159926840690686
223,32,62eada75bf2837e8,Pneumonia,on,0.1814150451490919,1.0,0.3840425536149145,0.5549165720290951,2.381874579687374
224,70,e3504747c728649b,Pneumothorax,off,0.1916095297964514,0.0,0.1703826965253377,0.2908260270691595,1.4343879601704217
224,70,e3504747c728649b,Pneumothorax,on,0.1916095297964514,0.0,0.1742172971587031,0.2967352885005627,1.2710701266786903
225,79,8a8c5bb34a6b86f0,Pneumothorax,off,0.1675706231208182,1.0,0.285458710672321,0.4440608699673166,1.651509860677416
225,79,8a8c5bb34a6b86f0,Pneumothorax,on,0.1675706231208182,1.0,0.2910804607832894,0.4509095464284499,1.4747179992867274
226,135,8f7cd7675aaf7c8c,Pneumothorax,off,0.1667129609325127,1.0,0.0631563208451414,0.1183351823292322,0.903210114059526
226,135,8f7cd7675aaf7c8c,Pneumothorax,on,0.1667129609325127,1.0,0.0936469350716645,0.1712514748955282,0.7483230603734409
227,144,ef34d81df7c0b493,Pneumonia,off,0.1369140729695091,1.0,0.5824758468217962,0.7329353094223807,2.2398305110629204
227,144,ef34d81df7c0b493,Pneumonia,on,0.1369140729695091,1.0,0.6126790719243463,0.7598226901727397,2.233906271383223
228,145,9d58e7f871787719,Pneumonia,off,0.1588380626580705,0.0,0.2005993552233099,0.3297366050493838,1.2588553939900515
228,145,9d58e7f871787719,Pneumonia,on,0.1588380626580705,0.0,0.2622684695442435,0.415550160596173,1.107093658322026
229,37,f4555291d75fe507,Pneumothorax,off,0.1795047975478658,1.0,0.4103584357865861,0.5816918621171787,1.5744135186695032
229,37,f4555291d75fe507,Pneumothorax,on,0.1795047975478658,1.0,0.418332969978465,0.5898924719975339,1.2578189357657747
230,172,9e8b2f979cd78f75,Pneumonia,off,0.1282399894741458,1.0,0.4477900873084427,0.6054804985634216,1.90571943231362
230,172,9e8b2f979cd78f75,Pneumonia,on,0.1282399894741458,1.0,0.6690076080695112,0.8016713045384598,2.1762230751225085
231,399,2530a1d7ac18389f,Pneumothorax,off,0.1942702318124448,1.0,0.3257260608828756,0.4910221683901264,1.574743279406328
231,399,2530a1d7ac18389f,Pneumothorax,on,0.1942702318124448,1.0,0.30049073172982,0.4621145362410591,1.3608214104585594
232,382,c62c43b5231675b0,Pneumothorax,off,0.1606654678888353,1.0,0.2028269305994759,0.3362876505470333,1.4610454374973003
232,382,c62c43b5231675b0,Pneumothorax,on,0.1606654678888353,1.0,0.1955133566296038,0.3270765670689793,1.1772715798437472
233,394,e1ee24695381078c,Pneumothorax,off,0.2387419655083354,1.0,0.0928667595085458,0.1694926571886278,1.6456756104896897
233,394,e1ee24695381078c,Pneumothorax,on,0.2387419655083354,1.0,0.1329596926410274,0.2347036662355688,1.990030988007325
234,201,885246ee6a0cbe93,Pneumothorax,off,0.1963607833964397,0.0,0.0603290522946746,0.1136790990126902,1.060830888242368
234,201,885246ee6a0cbe93,Pneumothorax,on,0.1963607833964397,0.0,0.0672963715799325,0.1261061213414745,0.9171069502573576
235,116,0534d639197316e3,Pneumonia,off,0.1360417915393574,1.0,0.3029171517025519,0.4565182618921886,1.4089399748646845
235,116,0534d639197316e3,Pneumonia,on,0.1360417915393574,1.0,0.5246074812853561,0.6881868429631062,1.346596575819128
236,118,597abd2b1fb4b28c,Pneumonia,off,0.1440677553128761,1.0,0.6105122347537275,0.7554270379180301,2.742103117498825
236,118,597abd2b1fb4b28c,Pneumonia,on,0.1440677553128761,1.0,0.4456894676849682,0.6165606703614449,3.269307498857525
237,230,e6689043e54e49db,Pneumothorax,off,0.1534484354974684,1.0,0.4517781334013827,0.6164963272228039,1.6349690149123768
237,230,e6689043e54e49db,Pneumothorax,on,0.1534484354974684,1.0,0.474841682377047,0.6439060176476195,1.4144813166917087
238,231,87e1e30b9906f02d,Pneumothorax,off,0.1838418392955474,1.0,0.2999193014908214,0.4595437147416528,1.3166888958703251
238,231,87e1e30b9906f02d,Pneumothorax,on,0.1838418392955474,1.0,0.3384634058154634,0.5057377652134992,1.0716239352013797
239,159,ec1c1b6a957bd691,Pneumonia,off,0.1535312778679297,1.0,0.4854352008578824,0.6487933603740882,1.693475858435125
239,159,ec1c1b6a957bd691,Pneumonia,on,0.1535312778679297,1.0,0.6086154856139078,0.7566922242953861,1.3950377187365677
240,411,d4c0f96bcd7c42a0,Pneumothorax,off,0.2279139803809774,0.0,0.0821911533963316,0.1518004385812078,1.050947128971596
240,411,d4c0f96bcd7c42a0,Pneumothorax,on,0.2279139803809774,0.0,0.0838698033747565,0.154759411237945,0.6462880753138541
241,91,5a5ab9e7fc7ac9c1,Pneumonia,off,0.1906933906407613,1.0,0.4405463712983609,0.6059538968242677,1.925619928494685
241,91,5a5ab9e7fc7ac9c1,Pneumonia,on,0.1906933906407613,1.0,0.3958553688097611,0.5671656733879236,2.050904318037129
242,387,0fc1bd6976bca990,Pneumothorax,off,0.2089479506259472,0.0,0.2036455429614032,0.3378317129163762,1.397849497675228
242,387,0fc1bd6976bca990,Pneumothorax,on,0.2089479506259472,0.0,0.1903733728898598,0.3198517063225852,1.0934341580696008
243,71,ef6749004f2f4cc3,Pneumonia,off,0.187837765400153,0.0,0.0831063661611658,0.1533650770779981,0.9411680717876548
243,71,ef6749004f2f4cc3,Pneumonia,on,0.187837765400153,0.0,0.0747228446885343,0.1390543773325696,0.4441062952246249
244,160,b49bdd3279bc0b27,Pneumonia,off,0.1233571626975425,1.0,0.6698187923660401,0.7971595869642567,2.665936736917755
244,160,b49bdd3279bc0b27,Pneumonia,on,0.1233571626975425,1.0,0.737375548051763,0.8488266706078637,3.676711802472224
245,156,b6bb19f178bd17d9,Pneumonia,off,0.1441993284894912,1.0,0.4034233556707668,0.5685686843308349,1.6009925208350553
245,156,b6bb19f178bd17d9,Pneumonia,on,0.1441993284894912,1.0,0.5652936631927891,0.7222829872749699,1.2390656851130175
246,179,2a8d2dfcfc83516d,Pneumothorax,off,0.1689886895798917,1.0,0.5782953215298917,0.7320834391954928,2.623873780798621
246,179,2a8d2dfcfc83516d,Pneumothorax,on,0.1689886895798917,1.0,0.5276890233482391,0.69083029483041,2.663486017199329
247,314,edc87ee173bd5f41,Pneumonia,off,0.1250676139935383,1.0,0.1874400975137337,0.3128778229600612,0.631168562351141
247,314,edc87ee173bd5f41,Pneumonia,on,0.1250676139935383,1.0,0.2930340317162306,0.4532502359777867,0.5648957718718699
248,237,620d12ad6a1b20b4,Pneumonia,off,0.1094786291049612,1.0,0.6168955750184779,0.7616493612500401,2.3830728088968054
248,237,620d12ad6a1b20b4,Pneumonia,on,0.1094786291049612,1.0,0.5238110188981429,0.6874789494731464,3.0847076886426787
249,3,ffb56bf454825a08,Pneumonia,off,0.1654069753275928,1.0,0.398143293315112,0.5683340350631729,1.7742944862600658
249,3,ffb56bf454825a08,Pneumonia,on,0.1654069753275928,1.0,0.3931487122384062,0.5643998152666961,1.6674930875621148
250,175,6bcddd6d8e8c8a7e,Pneumothorax,off,0.1782572889103304,1.0,0.202874993103082,0.333462395767386,1.7054392019071585
250,175,6bcddd6d8e8c8a7e,Pneumothorax,on,0.1782572889103304,1.0,0.26999056017439,0.4251755589482572,2.068430066972031
251,216,811bd9a2d86b8853,Pneumonia,off,0.1445209518101058,1.0,0.354093239454641,0.5175210109245844,1.4959495937870526
251,216,811bd9a2d86b8853,Pneumonia,on,0.1445209518101058,1.0,0.4782167125301338,0.6470179010228757,1.2423313241638558
252,17,6dd0d0da8c7f6300,Pneumothorax,off,0.1540478244131592,1.0,0.3758457423672192,0.5462031173881354,1.9435331354261751
252,17,6dd0d0da8c7f6300,Pneumothorax,on,0.1540478244131592,1.0,0.3340736299706078,0.500829508430104,1.944289618439044
253,285,598076fbf61dbe60,Pneumonia,off,0.145047244516566,1.0,0.3771887512201567,0.5467154638348914,1.3243119631615654
253,285,598076fbf61dbe60,Pneumonia,on,0.145047244516566,1.0,0.3832837231631346,0.5541572438879153,1.1235443666348923
254,241,a670c2be27314d9a,Pneumothorax,off,0.2049617706825724,0.0,0.0416960106874377,0.0799814747981944,1.529592899794236
254,241,a670c2be27314d9a,Pneumothorax,on,0.2049617706825724,0.0,0.0425218028603107,0.081574759148293,1.5047231898075697
255,384,7bc902cd7893af5d,Pneumothorax,off,0.1739348664044949,0.0,0.1027637128751533,0.1836280755519166,1.2777144057533882
255,384,7bc902cd7893af5d,Pneumothorax,on,0.1739348664044949,0.0,0.1395875172665207,0.2449764623110887,1.278411379338226
256,440,4e0539034217998c,Pneumothorax,off,0.140495787221808,0.0,0.1205444160067339,0.2066265365100819,0.6819637838725214
256,440,4e0539034217998c,Pneumothorax,on,0.140495787221808,0.0,0.1958533415071519,0.3275539988005996,0.6184993019991538
257,203,f78528ae0274616b,Pneumonia,off,0.1262176610187662,1.0,0.5820934119610526,0.7347304949405038,2.185181464430918
257,203,f78528ae0274616b,Pneumonia,on,0.1262176610187662,1.0,0.4918468210192036,0.659359382078232,2.6079694808993272
258,50,0aa92d922a58e312,Pneumothorax,off,0.142196492356573,1.0,0.4042655617466647,0.569243347650257,2.20227344337891
258,50,0aa92d922a58e312,Pneumothorax,on,0.142196492356573,1.0,0.3729777326352645,0.5432862035610526,2.649555706275256
259,375,a94f884b732e3bcd,Pneumothorax,off,0.1895920744216871,1.0,0.3735066731656357,0.5437137922556414,1.678634460033813
259,375,a94f884b732e3bcd,Pneumothorax,on,0.1895920744216871,1.0,0.3823354757253558,0.5531731450474904,1.3701364376035126
260,299,5567de030f328352,Pneumothorax,off,0.1758256216832595,0.0,0.0962394381068948,0.1747367461351399,0.6549232577320706
260,299,5567de030f328352,Pneumothorax,on,0.1758256216832595,0.0,0.1080259416471314,0.1949869060670878,0.3944887899822107
261,300,a9b8cc2d0d94d723,Pneumonia,off,0.1801724095921718,1.0,0.4242974018019981,0.5866658820250558,2.186749205392581
261,300,a9b8cc2d0d94d723,Pneumonia,on,0.1801724095921718,1.0,0.345303021879178,0.5133312166999513,2.60150358828408
262,438,33572e77c0536600,Pneumothorax,off,0.1473424654864065,1.0,0.1938558046803263,0.3177092898393555,1.604532870127498
262,438,33572e77c0536600,Pneumothorax,on,0.1473424654864065,1.0,0.2872683168857005,0.4462991619126026,1.7051411887405203
263,200,c930d55d4bb7581b,Pneumothorax,off,0.1847628515318529,1.0,0.1506513079165817,0.2614993896861287,1.265888958880791
263,200,c930d55d4bb7581b,Pneumothorax,on,0.1847628515318529,1.0,0.1681874192657202,0.2879457864387689,1.2271016968380144
264,360,12e5aab946d1ee7e,Pneumonia,off,0.1073198543923512,1.0,0.6850169775171766,0.8124138161302217,3.2196335470591326
264,360,12e5aab946d1ee7e,Pneumonia,on,0.1073198543923512,1.0,0.5192644520870991,0.6835578871863722,4.030585631744567
265,333,b1769427b211c108,Pneumonia,off,0.1386245242655049,1.0,0.4513638525416913,0.6178870790310974,1.6920525676672595
265,333,b1769427b211c108,Pneumonia,on,0.1386245242655049,1.0,0.6091833855274558,0.7571307259059389,1.371573171608857
266,167,0ff3d1e08ba008d3,Pneumonia,off,0.1303354141387561,1.0,0.3243847844248405,0.4809227841679174,1.2431962771366938
266,167,0ff3d1e08ba008d3,Pneumonia,on,0.1303354141387561,1.0,0.5520026615182253,0.7113422539939437,1.1921361348757615
267,197,35f82d500ee2a3fd,Pneumonia,off,0.1395699019048872,1.0,0.3422513025573824,0.5052548715289568,1.563725757217863
267,197,35f82d500ee2a3fd,Pneumonia,on,0.1395699019048872,1.0,0.3002245574900549,0.4617499882320642,1.5131995077686755
268,266,999591b2d12b3d78,Pneumothorax,off,0.1840562548426238,1.0,0.5670689000573728,0.7208437211868827,1.9921821568356168
268,266,999591b2d12b3d78,Pneumothorax,on,0.1840562548426238,1.0,0.608271552026103,0.7564244984518094,1.4692547105197893
269,54,d6ee87b326190f6d,Pneumothorax,off,0.193592873606908,0.0,0.105288744582079,0.1843806280457162,1.5079349353473457
269,54,d6ee87b326190f6d,Pneumothorax,on,0.193592873606908,0.0,0.1353159843603638,0.2383714460012512,1.6442439290831456
270,102,e750eb553f2a9a6e,Pneumothorax,off,0.206160548513954,0.0,0.1415166939459559,0.2466876752776911,1.6987552247921602
270,102,e750eb553f2a9a6e,Pneumothorax,on,0.206160548513954,0.0,0.1498336938473087,0.2606150762257142,2.0655412194339986
271,55,ba571a0593f57813,Pneumonia,off,0.1749971979786461,1.0,0.4644286059002555,0.6091103462710226,2.267755188075834
271,55,ba571a0593f57813,Pneumonia,on,0.1749971979786461,1.0,0.2340031163829244,0.3792346822581833,2.590208393541286
272,346,c892bb0055c22cd0,Pneumonia,off,0.149101647588556,1.0,0.3209672525601837,0.48534899708642,1.802169230612262
272,346,c892bb0055c22cd0,Pneumonia,on,0.149101647588556,1.0,0.3053128475145344,0.4677916912093513,1.9442093723450489
273,84,5f39db396249a1f2,Pneumonia,off,0.1516941264759343,0.0,0.1683403497139139,0.2875615961854988,1.85523955267993
273,84,5f39db396249a1f2,Pneumonia,on,0.1516941264759343,0.0,0.1748438408702365,0.2976421143984036,2.6401319788073456
274,265,68cb4910636dcabb,Pneumothorax,off,0.1490431706211716,0.0,0.0681663974009581,0.1271438995627358,1.2136812956258236
274,265,68cb4910636dcabb,Pneumothorax,on,0.1490431706211716,0.0,0.0963804629921543,0.1758157231526629,1.1599985857050843
275,306,49a6faf066875f4a,Pneumothorax,off,0.2173442685262342,0.0,0.0901258992177502,0.1650941459815049,0.5712118513237393
275,306,49a6faf066875f4a,Pneumothorax,on,0.2173442685262342,0.0,0.093872215934755,0.1716320759141408,0.2246265558986063
276,305,fa851a693e873d99,Pneumothorax,off,0.1505781910150139,1.0,0.5005571755342638,0.6667954008627677,1.6662835773270883
276,305,fa851a693e873d99,Pneumothorax,on,0.1505781910150139,1.0,0.4865002306256493,0.6545517581441207,1.348201504544114
277,275,1626d35d84c0d1b3,Pneumonia,off,0.1305010988796787,1.0,0.3498168406658046,0.5105286525582107,2.27282203910616
277,275,1626d35d84c0d1b3,Pneumonia,on,0.1305010988796787,1.0,0.2822393457468277,0.440207756970521,3.1423397216331765
278,97,d486789ebff1ab61,Pneumothorax,off,0.205375982534879,1.0,0.3191176509708032,0.4837740353718496,1.2883008141393777
278,97,d486789ebff1ab61,Pneumothorax,on,0.205375982534879,1.0,0.3216059173569799,0.4866894879760671,0.9436723778884716
279,43,40930f98f262039d,Pneumonia,off,0.1614402877066795,1.0,0.5282213612841751,0.685884234863692,1.938634057924192
279,43,40930f98f262039d,Pneumonia,on,0.1614402877066795,1.0,0.6443465006746625,0.783708958806869,1.6373507155685043
280,318,ced43a28077174f6,Pneumothorax,off,0.181390679746015,1.0,0.3322910096798547,0.4881074213731757,2.169815651456076
280,318,ced43a28077174f6,Pneumothorax,on,0.181390679746015,1.0,0.2458800000548337,0.3946892393102326,2.5092562971554524
281,225,9ea7c3106d11cc69,Pneumothorax,off,0.1742613628057249,0.0,0.0188412294257918,0.0366185517803705,0.0575414298216951
281,225,9ea7c3106d11cc69,Pneumothorax,on,0.1742613628057249,0.0,0.0,0.0,-0.461135073405033
282,405,96eed73623de6a68,Pneumothorax,off,0.1930568347392171,1.0,0.3809549938702656,0.548817464861884,1.4991375092371673
282,405,96eed73623de6a68,Pneumothorax,on,0.1930568347392171,1.0,0.2949782478501404,0.4555602157612877,1.1868394882925994
283,40,191a1b3130859e8b,Pneumonia,off,0.1656896140032844,1.0,0.4479870947612486,0.6129534923887474,1.6979576573463528
283,40,191a1b3130859e8b,Pneumonia,on,0.1656896140032844,1.0,0.5395857048309358,0.7009469610148686,1.254314859513872
284,41,329aca38ff02024a,Pneumonia,off,0.1579073042605343,1.0,0.4227232886315011,0.5942118543105461,1.6768565628556846
284,41,329aca38ff02024a,Pneumonia,on,0.1579073042605343,1.0,0.4098021166551831,0.5813608586422119,1.2767794233607048
285,185,73562db6efa6210f,Pneumonia,off,0.1313002841005998,1.0,0.5448612313829245,0.6959810410025082,2.639722797451856
285,185,73562db6efa6210f,Pneumonia,on,0.1313002841005998,1.0,0.3342941810261851,0.5010457132319394,3.2486724226351726
286,77,e288c9756beb2cef,Pneumothorax,off,0.1796412438050962,0.0,0.0363122546034603,0.0699840279224393,1.487909067635932
286,77,e288c9756beb2cef,Pneumothorax,on,0.1796412438050962,0.0,0.0421012183831648,0.0808005300780968,1.9088006203320391
287,337,6688f90e8260bfea,Pneumothorax,off,0.1902353210629163,0.0,0.0427412973070278,0.0819408031458338,1.380045582638105
287,337,6688f90e8260bfea,Pneumothorax,on,0.1902353210629163,0.0,0.0414519441833634,0.0796039599576579,1.2875396702437985
288,253,ae0ac7c7b7034072,Pneumothorax,off,0.2076127265373351,1.0,0.1853381959250619,0.3126589103295454,1.3443833746055491
288,253,ae0ac7c7b7034072,Pneumothorax,on,0.2076127265373351,1.0,0.193128115764543,0.3237340209891354,0.9933179349520348
289,95,1099b54355b5823b,Pneumothorax,off,0.2056098904044169,1.0,0.5201377472923161,0.6701261743888645,1.728689671978041
289,95,1099b54355b5823b,Pneumothorax,on,0.2056098904044169,1.0,0.5288103134869557,0.691758823130555,1.1199876495423438
290,112,1032f70bdb2e9251,Pneumothorax,off,0.1822775804180128,0.0,0.2693382085583892,0.4239251292097633,1.1167966778309724
290,112,1032f70bdb2e9251,Pneumothorax,on,0.1822775804180128,0.0,0.2553211347538862,0.4067759858092371,0.7003255782808433
291,252,423b0dd1b9cc0017,Pneumonia,off,0.1535264047873143,1.0,0.2260755259454897,0.3642267568388221,1.6606742690271443
291,252,423b0dd1b9cc0017,Pneumonia,on,0.1535264047873143,1.0,0.5900125145529305,0.7421246408919414,1.3914675344701548
292,24,e901609118d83284,Pneumonia,off,0.1375524465301229,1.0,0.5324616993168036,0.6849328915779271,2.351551283087704
292,24,e901609118d83284,Pneumonia,on,0.1375524465301229,1.0,0.4952358486959128,0.662376743793081,3.223655336714585
293,48,4ffb5060113e379b,Pneumothorax,off,0.1993918395392015,0.0,0.2399212246655845,0.3839589415074038,1.8271809430438737
293,48,4ffb5060113e379b,Pneumothorax,on,0.1993918395392015,0.0,0.1975941401330668,0.3299731301994004,2.229385103844258
294,331,0ed0789928a2b1d8,Pneumonia,off,0.1419041075196506,1.0,0.216782779610203,0.3491764949853242,1.300950226899035
294,331,0ed0789928a2b1d8,Pneumonia,on,0.1419041075196506,1.0,0.467331441671705,0.6369680541932325,0.9724467403048136
295,276,62ad2c96692ed14a,Pneumonia,off,0.1229673162483127,1.0,0.5873403454585094,0.7388910593455307,3.199671726409341
295,276,62ad2c96692ed14a,Pneumonia,on,0.1229673162483127,1.0,0.2439974908240803,0.3922674496706984,3.156082409961184
296,12,a6abcbfc061442d5,Pneumothorax,off,0.1964582450087471,0.0,0.0719887865220055,0.1341145242387436,0.9576126725513324
296,12,a6abcbfc061442d5,Pneumothorax,on,0.1964582450087471,0.0,0.0794338442683263,0.1471768413602133,0.5447242346159843
297,449,98bf201558bb09ad,Pneumothorax,off,0.1842219395835465,0.0,0.0342360066288683,0.0661925455819681,1.0258406272682168
297,449,98bf201558bb09ad,Pneumothorax,on,0.1842219395835465,0.0,0.0352082230788082,0.0680214777680198,0.7129668899746033
298,83,e2544b85fe79e487,Pneumothorax,off,0.1579706543085342,1.0,0.4464313668010956,0.6113585894973467,1.8861995533718603
298,83,e2544b85fe79e487,Pneumothorax,on,0.1579706543085342,1.0,0.5376982427968738,0.6993516989038082,2.687025863702099
299,82,0c4238b2f5c4388b,Pneumothorax,off,0.1669078841571276,0.0,0.0440673227545156,0.0842572521484872,0.3206770988452938
299,82,0c4238b2f5c4388b,Pneumothorax,on,0.1669078841571276,0.0,0.0299152076633866,0.058088385845606,0.0547614895265562
300,63,246bf9a8cfbb0c68,Pneumonia,off,0.1256621298286137,1.0,0.4884172976121143,0.6453622082678315,2.2374551500011104
300,63,246bf9a8cfbb0c68,Pneumonia,on,0.1256621298286137,1.0,0.8249781783493214,0.9040961989959962,2.733153397745516
301,62,ba0d34c73de98ddb,Pneumonia,off,0.1294387673055275,1.0,0.3308725557124956,0.4953830908946371,1.1331071637860688
301,62,ba0d34c73de98ddb,Pneumonia,on,0.1294387673055275,1.0,0.3568226556564092,0.5258779873221656,1.0563649582744048
302,271,2e657ea72ea7deff,Pneumothorax,off,0.1906933906407613,0.0,0.104684953595874,0.1894361896062027,1.4166819650964844
302,271,2e657ea72ea7deff,Pneumothorax,on,0.1906933906407613,0.0,0.105133185983792,0.1902629416520244,1.2333575820283935
303,227,9e1bcaf497d1a364,Pneumonia,off,0.1053121451788176,1.0,0.3822739646255851,0.5491306463285108,1.8387482241733304
303,227,9e1bcaf497d1a364,Pneumonia,on,0.1053121451788176,1.0,0.5829079918127116,0.7365026649407758,2.0132306657901955
304,111,9a9f1ec1bf6c1e2a,Pneumothorax,off,0.1815173798420147,0.0,0.2678894605805113,0.4024063358506298,0.7640951903217421
304,111,9a9f1ec1bf6c1e2a,Pneumothorax,on,0.1815173798420147,0.0,0.2069575953728527,0.333927439164802,0.3613552492541516
305,369,8dbb7830188b30a1,Pneumothorax,off,0.1815368721644762,0.0,0.0721118541442659,0.1325629512305538,1.7305243427203176
305,369,8dbb7830188b30a1,Pneumothorax,on,0.1815368721644762,0.0,0.0679213116824509,0.1271985949966284,2.2955177725426243
306,368,88b21b07728d1294,Pneumonia,off,0.1182063164870936,1.0,0.5952809180101136,0.7437225149144777,2.755708193382314
306,368,88b21b07728d1294,Pneumonia,on,0.1182063164870936,1.0,0.3437320940962215,0.511542514879257,3.5166080142124283
307,295,81e0c859cc208433,Pneumonia,off,0.1197657022840128,1.0,0.3654152209500332,0.5284533875104955,1.3912473470109885
307,295,81e0c859cc208433,Pneumonia,on,0.1197657022840128,1.0,0.5677539917597204,0.7242856429821474,1.264662498471774
308,130,7320038e0603d2e2,Pneumothorax,off,0.2076078534567197,0.0,0.0136507136517982,0.0266631931350058,1.0023982235492748
308,130,7320038e0603d2e2,Pneumothorax,on,0.2076078534567197,0.0,0.0266703031648925,0.0519545613507921,0.7078239054840445
309,6,d2d092a91fc0eca9,Pneumothorax,off,0.2223976531243756,0.0,0.0474891021427579,0.0905117447389399,1.483979384930525
309,6,d2d092a91fc0eca9,Pneumothorax,on,0.2223976531243756,0.0,0.0540587123093152,0.1025718202792314,1.441948103982472
310,113,3a3bfb40eb6e865c,Pneumothorax,off,0.1887733968783045,0.0,0.2575038752530957,0.4092889690893607,1.382496190463459
310,113,3a3bfb40eb6e865c,Pneumothorax,on,0.1887733968783045,0.0,0.2729671788470999,0.4288672935984199,1.2904217835725025
311,115,e059a2b12b2f8a9d,Pneumothorax,off,0.1945138858432135,0.0,0.0968784065699606,0.1761621800422839,1.394092042230176
311,115,e059a2b12b2f8a9d,Pneumothorax,on,0.1945138858432135,0.0,0.1106822444083327,0.1993036117270119,1.6470860536901986
312,114,02d1b5cb5d840174,Pneumothorax,off,0.1856789906875429,0.0,0.067146538299098,0.124720455884859,0.343332798343914
312,114,02d1b5cb5d840174,Pneumothorax,on,0.1856789906875429,0.0,0.0921546781667182,0.1687552759318096,0.186510086468881
313,85,af1c5742d0805ffb,Pneumothorax,off,0.2224122723662217,0.0,0.2298094814885761,0.3731818309214964,1.649141997728442
313,85,af1c5742d0805ffb,Pneumothorax,on,0.2224122723662217,0.0,0.2391929874140843,0.3860444805311622,1.5528076441281569
314,76,2117e37867972f29,Pneumonia,off,0.1654069753275928,1.0,0.2862482139798855,0.4347397936498713,0.9745893223418848
314,76,2117e37867972f29,Pneumonia,on,0.1654069753275928,1.0,0.4401039375008199,0.611203525051659,0.8778441661590836
315,105,03309e7059c9e1aa,Pneumothorax,off,0.2138356504831659,0.0,0.0,0.0,-0.4844467923009982
315,105,03309e7059c9e1aa,Pneumothorax,on,0.2138356504831659,0.0,0.0,0.0,-0.5390933969047578
316,425,2a5f54f58033adc0,Pneumothorax,off,0.1831985926543183,1.0,0.2848379148175144,0.440852797884812,1.6504956961027168
316,425,2a5f54f58033adc0,Pneumothorax,on,0.1831985926543183,1.0,0.2460418752047591,0.3949104698643259,1.487545634070797
317,242,adefe62649625a81,Pneumothorax,off,0.1831206233644723,1.0,0.3332317068454535,0.4997733483617426,1.6592194648263932
317,242,adefe62649625a81,Pneumothorax,on,0.1831206233644723,1.0,0.3425726829808787,0.5103226703709277,1.484500467447884
318,243,cb9183bb73f82ec1,Pneumonia,off,0.2182262961176166,1.0,0.3646506882091871,0.5319519199984298,1.68670796670823
318,243,cb9183bb73f82ec1,Pneumonia,on,0.2182262961176166,1.0,0.3561619908392617,0.5252434153588152,1.3761257308540815
319,92,751bb22cbcb548d1,Pneumothorax,off,0.1605338947122202,0.0,0.0891154288931487,0.1635188475778448,1.1910220118712045
319,92,751bb22cbcb548d1,Pneumothorax,on,0.1605338947122202,0.0,0.0937277330348932,0.1713903076399796,0.9857680098980544
320,56,58c0774016deff7f,Pneumothorax,off,0.1930373424167556,1.0,0.2134337850198852,0.3479158812119214,1.4959419107834504
320,56,58c0774016deff7f,Pneumothorax,on,0.1930373424167556,1.0,0.2175577814403127,0.3573590391653029,1.299669749035351
321,244,e2372b2d3608f078,Pneumothorax,off,0.2009902099810437,0.0,0.112260422841039,0.2006404788563532,1.7246020377037414
321,244,e2372b2d3608f078,Pneumothorax,on,0.2009902099810437,0.0,0.1297697697565776,0.2297236376608564,2.180530067414654
322,298,4870c4448aaec7b1,Pneumonia,off,0.1361831108772032,1.0,0.480744871502811,0.6429789537288639,2.868865035497597
322,298,4870c4448aaec7b1,Pneumonia,on,0.1361831108772032,1.0,0.1811702017942253,0.3067549019256763,2.863235049679362
323,376,5b02f529850ec43a,Pneumonia,off,0.1270071000784566,1.0,0.452454702793213,0.6165092909542567,1.8378727571183429
323,376,5b02f529850ec43a,Pneumonia,on,0.1270071000784566,1.0,0.606350251247775,0.7549271968131779,1.7032242215163536
324,22,c471fb69beaa4fad,Pneumothorax,off,0.1908005984142995,0.0,0.1890659102812383,0.3157734449590479,1.399466163456669
324,22,c471fb69beaa4fad,Pneumothorax,on,0.1908005984142995,0.0,0.1924161680482679,0.3227317032473484,1.1973024736179665
325,21,6756182e25db6216,Pneumothorax,off,0.2117499719797864,0.0,0.1105675548645535,0.1989011310374329,1.426976407024202
325,21,6756182e25db6216,Pneumothorax,on,0.2117499719797864,0.0,0.1286104427163871,0.2279093260349666,1.6181939524976023
326,88,b717e0e9f48ec793,Pneumonia,off,0.0917503618262357,1.0,0.4358646994407559,0.6001499023086401,1.870620975987106
326,88,b717e0e9f48ec793,Pneumonia,on,0.0917503618262357,1.0,0.5173135197707397,0.6816878773284438,2.3185675233257963
327,249,089ce8d3c9aa17ec,Pneumothorax,off,0.1909565369939914,0.0,0.0488026198444632,0.093022191046986,1.297259041618621
327,249,089ce8d3c9aa17ec,Pneumothorax,on,0.1909565369939914,0.0,0.054020912487579,0.1025043773238634,1.2204107287584527
328,8,b845911f4dc57432,Pneumonia,off,0.1461534338162556,1.0,0.5388516059534065,0.6932051722372428,1.9482721717542903
328,8,b845911f4dc57432,Pneumonia,on,0.1461534338162556,1.0,0.493487376857281,0.6607236963620648,2.104451251721596
329,403,779d0f06242503f4,Pneumothorax,off,0.2060923253853388,0.0,0.0650352008500012,0.1214387760174127,1.2145782740427686
329,403,779d0f06242503f4,Pneumothorax,on,0.2060923253853388,0.0,0.0827615205718505,0.1528709453444728,0.990581305112932
330,402,4bb674f158c41a32,Pneumonia,off,0.1211399110175479,1.0,0.6985943501418,0.8183618845441576,3.5266302376267324
330,402,4bb674f158c41a32,Pneumonia,on,0.1211399110175479,1.0,0.3834889551848018,0.5543643988329952,3.5124455615539167
331,141,ca20960c58c911d2,Pneumonia,off,0.1522106730211637,1.0,0.4814613736045431,0.6468412996826391,1.9252941057678972
331,141,ca20960c58c911d2,Pneumonia,on,0.1522106730211637,1.0,0.5440801342159968,0.7047281978174482,1.8486285099090167
332,174,bd6813023681f3ff,Pneumothorax,off,0.2315687908425069,0.0,0.1000225067419616,0.1818474314143578,1.428077819568767
332,174,bd6813023681f3ff,Pneumothorax,on,0.2315687908425069,0.0,0.0999440364717271,0.181725639847478,1.1070983925928326
333,239,1d11168139d68001,Pneumonia,off,0.1120028848637243,1.0,0.6212078003197912,0.7635968527149949,2.245954043475129
333,239,1d11168139d68001,Pneumonia,on,0.1120028848637243,1.0,0.568610044335099,0.7249579166124362,2.809457063561276
334,282,654c34f32a0119be,Pneumonia,off,0.1904253712069158,1.0,0.2688366098407532,0.4220576603796299,1.522055802134575
334,282,654c34f32a0119be,Pneumonia,on,0.1904253712069158,1.0,0.3180196103108201,0.4825716732164766,1.6689661323010894
335,335,fa2be29d6e38c9f5,Pneumonia,off,0.1631799774863675,1.0,0.520851197634006,0.6843646453920671,1.815499143656416
335,335,fa2be29d6e38c9f5,Pneumonia,on,0.1631799774863675,1.0,0.5357866307299695,0.6977348052050747,1.356426086347117
336,304,bf2ac14fa2df62e6,Pneumothorax,off,0.1824773767232431,1.0,0.4479641722393768,0.6139126675823215,2.0956001818779395
336,304,bf2ac14fa2df62e6,Pneumothorax,on,0.1824773767232431,1.0,0.3836859680838282,0.5545667222050193,1.9749917023665304
337,224,adbb1682ee33ffa6,Pneumothorax,off,0.2129779882948603,0.0,0.0042748560567769,0.008507977618049,0.6068216489194701
337,224,adbb1682ee33ffa6,Pneumothorax,on,0.2129779882948603,0.0,0.0034883887940035,0.0069525015976943,0.0997664344461747
338,94,cb50623d468b9c03,Pneumothorax,off,0.1716688839183466,1.0,0.3739458787553545,0.5297396679765127,1.6592961914329436
338,94,cb50623d468b9c03,Pneumothorax,on,0.1716688839183466,1.0,0.4782734555342204,0.6470113072335109,1.058345256652901
339,60,cea6127ed387cbd4,Pneumonia,off,0.117884693166479,1.0,0.4408815009144572,0.6041508968541012,2.147578979263713
339,60,cea6127ed387cbd4,Pneumonia,on,0.117884693166479,1.0,0.6229651683564374,0.7676635165393396,2.982208139017529
340,59,d70d2b1a08b95126,Pneumonia,off,0.1543499554113123,1.0,0.2507342485371231,0.3995114699989924,1.304339076454104
340,59,d70d2b1a08b95126,Pneumonia,on,0.1543499554113123,1.0,0.1484704139028838,0.2585493833484094,1.014604397175499
341,51,73425dc64d11db07,Pneumothorax,off,0.160558260115297,0.0,0.1182771636086058,0.2087859476145063,1.4092770852454723
341,51,73425dc64d11db07,Pneumothorax,on,0.160558260115297,0.0,0.1234699702500932,0.2197911630793448,1.3512472817783503
342,81,9a547d8892dea3a6,Pneumothorax,off,0.1460949568488711,0.0,0.0238021604075518,0.0459635459687818,0.0316262074576397
342,81,9a547d8892dea3a6,Pneumothorax,on,0.1460949568488711,0.0,0.0,0.0,-0.4596653908693953
343,161,47cb5b42f2159764,Pneumonia,off,0.1400279714827322,1.0,0.1733197510075332,0.2910714469610287,0.9863632395440868
343,161,47cb5b42f2159764,Pneumonia,on,0.1400279714827322,1.0,0.4114531960561224,0.5830128362540334,0.8291304902930131
344,456,4663d942b5ea9757,Pneumothorax,off,0.1645688054617487,1.0,0.3524378925984628,0.5195700386284079,1.474805202805486
344,456,4663d942b5ea9757,Pneumothorax,on,0.1645688054617487,1.0,0.3900304586965207,0.56117648665912,1.378205745729994
345,149,9a3f950f149d0f37,Pneumonia,off,0.1535653894322373,1.0,0.2717403778473791,0.4234922881614918,0.9374041362201032
345,149,9a3f950f149d0f37,Pneumonia,on,0.1535653894322373,1.0,0.3619802030768227,0.5315356396178845,0.7090103351693271
346,123,72b342a7bd6092eb,Pneumothorax,off,0.2012387370924277,0.0,0.0622619986365099,0.1171194367126025,0.9838038143900372
346,123,72b342a7bd6092eb,Pneumothorax,on,0.2012387370924277,0.0,0.0638105175219671,0.1199656505937056,0.5449189025522061
347,257,be37ee4fa4a100ff,Pneumothorax,off,0.1821070225964748,0.0,0.2069570373766724,0.3412011689242838,1.2705021201900513
347,257,be37ee4fa4a100ff,Pneumothorax,on,0.1821070225964748,0.0,0.2263884799069181,0.3691950463221514,0.8836461944419668
348,312,b5505e5ca319f34d,Pneumothorax,off,0.1625269846839076,0.0,0.2482103460836612,0.3954587335077264,1.1960362741615251
348,312,b5505e5ca319f34d,Pneumothorax,on,0.1625269846839076,0.0,0.3032709073066462,0.4653996149275089,0.8836523886501577
349,131,053e5b78358a568a,Pneumothorax,off,0.2195030432388443,0.0,0.0755345928411493,0.1404467038613084,1.0557627911511882
349,131,053e5b78358a568a,Pneumothorax,on,0.2195030432388443,0.0,0.0762005834773302,0.1416103008733261,0.7121346383895591
350,164,be278530fe2c952e,Pneumonia,off,0.1285080089079913,1.0,0.3729896781320883,0.5430319306927769,1.1586138295891562
350,164,be278530fe2c952e,Pneumonia,on,0.1285080089079913,1.0,0.3027596099831443,0.4647612543529013,1.07324007154079
351,189,36a4c529abcad2c7,Pneumothorax,off,0.1610699335799112,0.0,0.0789444308583413,0.1461496135903333,1.3135017482754898
351,189,36a4c529abcad2c7,Pneumothorax,on,0.1610699335799112,0.0,0.0855319399080866,0.1575852470463283,1.1986581577990842
352,317,e9899fb1ecd89dfc,Pneumonia,off,0.1820631648709364,1.0,0.2497160827199699,0.3958952068220649,1.1147268844406208
352,317,e9899fb1ecd89dfc,Pneumonia,on,0.1820631648709364,1.0,0.1919167329317856,0.3220259016025815,0.7942002176173083
353,316,375552a7cb5dab94,Pneumonia,off,0.1767125223552573,1.0,0.4484072142506098,0.6181155897720024,1.6140995660911317
353,316,375552a7cb5dab94,Pneumonia,on,0.1767125223552573,1.0,0.4062618949365473,0.5777823921611771,1.2211155585966669
354,395,efd7cf52bf8c2702,Pneumothorax,off,0.1883884235096901,0.0,0.165994574382025,0.2842477426891036,1.4873964833671294
354,395,efd7cf52bf8c2702,Pneumothorax,on,0.1883884235096901,0.0,0.1819558807918626,0.3078889250609345,1.5568384261429171
355,182,1fdb91e38cc9a33d,Pneumonia,off,0.1788323124229444,1.0,0.362425178133085,0.5206811229053527,2.012966506169286
355,182,1fdb91e38cc9a33d,Pneumonia,on,0.1788323124229444,1.0,0.2544552831488545,0.4056613524838567,2.098727544268216
356,432,5ecd815629cef624,Pneumothorax,off,0.2054003479379559,1.0,0.2431208809464733,0.3911077623477252,1.3742410441200177
356,432,5ecd815629cef624,Pneumothorax,on,0.2054003479379559,1.0,0.2409052305949372,0.3882725544679234,1.0089307413509545
357,86,22ff98b072fd30e7,Pneumonia,off,0.175270090493107,1.0,0.3846504810220008,0.555185832363664,1.594694040047237
357,86,22ff98b072fd30e7,Pneumonia,on,0.175270090493107,1.0,0.3624391433304372,0.5320434603887507,1.2958121702062664
358,80,65fa96e941804d66,Pneumonia,off,0.1401546715787319,0.0,0.1115739644592713,0.1871174367504037,1.5177593395088609
358,80,65fa96e941804d66,Pneumonia,on,0.1401546715787319,0.0,0.2028492111071945,0.3372780692724175,1.436412403084983
359,348,8c844aa281c46dd8,Pneumonia,off,0.1462752608316399,1.0,0.6538101680612639,0.7890235620305762,2.55645780283297
359,348,8c844aa281c46dd8,Pneumonia,on,0.1462752608316399,1.0,0.4354171202056492,0.6066418917336349,3.011890136636388
360,437,1d9fab51249e7082,Pneumothorax,off,0.1572689306999205,0.0,0.2195309313433377,0.3582810888175746,1.856221496357193
360,437,1d9fab51249e7082,Pneumothorax,on,0.1572689306999205,0.0,0.2345729637518453,0.3800014102041064,2.4709050061821536
361,436,b60a8fdd4ab9eda7,Pneumothorax,off,0.1999327514875078,0.0,0.035921456229818,0.0691274478728338,0.9757040726002414
361,436,b60a8fdd4ab9eda7,Pneumothorax,on,0.1999327514875078,0.0,0.0431920028259264,0.0828069819930565,0.7756281927487845
362,5,b6854428fb77d4cc,Pneumothorax,off,0.2414660175723287,0.0,0.0655831140841381,0.1230395097803663,1.224837259932225
362,5,b6854428fb77d4cc,Pneumothorax,on,0.2414660175723287,0.0,0.0707210066450728,0.1320994342426515,1.0657801667244984
363,441,9dfd111947ef84b1,Pneumothorax,off,0.1668786456734353,1.0,0.2590929355003803,0.4112658583743217,1.105950772861472
363,441,9dfd111947ef84b1,Pneumothorax,on,0.1668786456734353,1.0,0.2461454305132456,0.3950494844977797,0.7755951864336904
364,87,34a2adb99ed3a090,Pneumothorax,off,0.1774775960118708,1.0,0.1427451000776254,0.2468325525763844,1.791672204109686
364,87,34a2adb99ed3a090,Pneumothorax,on,0.1774775960118708,1.0,0.2173559828573004,0.3570698357868768,1.849917969913392
365,321,35bd34fcc0fac2f4,Pneumonia,off,0.1332495163467489,1.0,0.2614086599853961,0.413995793683827,1.0480279369263634
365,321,35bd34fcc0fac2f4,Pneumonia,on,0.1332495163467489,1.0,0.2942579140260609,0.4547127754711031,0.7144217129289476
366,188,962712d312f31d26,Pneumonia,off,0.1227723930236977,1.0,0.4370503519104901,0.6077928449388034,1.7696994014579752
366,188,962712d312f31d26,Pneumonia,on,0.1227723930236977,1.0,0.3956087496046048,0.5669292788482478,1.7295015527920952
367,39,392da982c2571312,Pneumothorax,off,0.1815563644869377,1.0,0.5483452720025292,0.6979243923511104,2.0148755358760253
367,39,392da982c2571312,Pneumothorax,on,0.1815563644869377,1.0,0.6099222691382445,0.7518396435003971,1.8394749772512395
368,38,2528a87ecbcb8e80,Pneumonia,off,0.1971843340204377,1.0,0.531073958234644,0.6886505346789826,2.0292913158257093
368,38,2528a87ecbcb8e80,Pneumonia,on,0.1971843340204377,1.0,0.6142101568019771,0.760997163121235,1.3196772735136029
369,354,24a6a56c28991f2a,Pneumonia,off,0.1324746965289046,1.0,0.3946213074887953,0.5564643015340531,1.588412202843438
369,354,24a6a56c28991f2a,Pneumonia,on,0.1324746965289046,1.0,0.5443336882505923,0.7049309301451195,1.4999788490048298
370,218,d0f2019aff34b8f9,Pneumonia,off,0.1223728004132372,1.0,0.276427698905898,0.4275110779235752,1.086187912592692
370,218,d0f2019aff34b8f9,Pneumonia,on,0.1223728004132372,1.0,0.4338370615239613,0.6051413310080995,1.0144075926385887
371,261,293489b2b3df5a77,Pneumothorax,off,0.1868192915515401,0.0,0.0465271547368755,0.0881540165626029,1.174513882270985
371,261,293489b2b3df5a77,Pneumothorax,on,0.1868192915515401,0.0,0.0638447322915552,0.1200262119098705,1.0141634639967394
372,173,5d44fb526b0dd8f4,Pneumothorax,off,0.224468712385909,0.0,0.0703379948168288,0.1314049527065329,1.1070208334391851
372,173,5d44fb526b0dd8f4,Pneumothorax,on,0.224468712385909,0.0,0.0715304532535718,0.1335107440955613,0.77053141921373
373,439,6f154ecc10690653,Pneumothorax,off,0.149754640391016,1.0,0.2829613134013005,0.4407996091453393,1.0964222563399288
373,439,6f154ecc10690653,Pneumothorax,on,0.149754640391016,1.0,0.2739458547271984,0.4300696274896435,0.8778648307695425
374,339,828eee7606ce796f,Pneumonia,off,0.1486776895750186,1.0,0.2791793608479291,0.4329124976216539,1.2143896390926117
374,339,828eee7606ce796f,Pneumonia,on,0.1486776895750186,1.0,0.3871556389896874,0.5581961800636541,0.796646471235231
375,245,b95212d56694ca87,Pneumothorax,off,0.2050494861336491,1.0,0.1576083821688106,0.2700985840474832,1.9256705651135675
375,245,b95212d56694ca87,Pneumothorax,on,0.2050494861336491,1.0,0.1489238781806928,0.2592369737249352,1.942494910408925
376,210,7118ed64529a1dc7,Pneumonia,off,0.1553538100180791,1.0,0.3081648807693663,0.4616435068850977,1.846963002278715
376,210,7118ed64529a1dc7,Pneumonia,on,0.1553538100180791,1.0,0.2215970308513948,0.3627679047315676,2.2255250763379197
377,209,afc095ddf95dd697,Pneumonia,off,0.1247557368341544,1.0,0.3231739624069635,0.4706428337954199,2.075879405503777
377,209,afc095ddf95dd697,Pneumonia,on,0.1247557368341544,1.0,0.7314720626043106,0.8449116014747908,2.4430513026592364
378,148,cd99854e5dbf77e1,Pneumonia,off,0.1149510986360247,1.0,0.5627043431677025,0.7134297605920443,2.733001438636668
378,148,cd99854e5dbf77e1,Pneumonia,on,0.1149510986360247,1.0,0.514258520969493,0.679195380847988,3.981387085479136
379,365,dfb3222308242762,Pneumothorax,off,0.1644079938014414,0.0,0.0665043697046002,0.1239682071838016,1.4800472734393766
379,365,dfb3222308242762,Pneumothorax,on,0.1644079938014414,0.0,0.0780071167524321,0.1447216917918967,1.5696442655029383
380,23,fdefe57d4a82f518,Pneumothorax,off,0.1892655780204571,0.0,0.210139679051479,0.3452856903295546,1.5174666348235757
380,23,fdefe57d4a82f518,Pneumothorax,on,0.1892655780204571,0.0,0.2175386232286983,0.357332133326641,1.5452976021578182
381,120,f4a30a69ad17c9f1,Pneumothorax,off,0.1947526667933667,0.0,0.0720622608134717,0.1343972851524254,1.2778680362844963
381,120,f4a30a69ad17c9f1,Pneumothorax,on,0.1947526667933667,0.0,0.0776683685666387,0.1441414893182203,1.0846186383495058
382,53,1988dd7e9ecd3c9b,Pneumothorax,off,0.1773850074801787,0.0,0.0766778857396636,0.1422874494449702,1.1994985200289745
382,53,1988dd7e9ecd3c9b,Pneumothorax,on,0.1773850074801787,0.0,0.0786733283324097,0.1458695766181815,1.077502676623502
383,219,aeffa36739cd1fe7,Pneumothorax,off,0.1268024306926109,0.0,0.3319961732234058,0.4979970848706509,2.28502361895332
383,219,aeffa36739cd1fe7,Pneumothorax,on,0.1268024306926109,0.0,0.2495829398531402,0.3994551605179445,3.089129581447477
384,217,6e185d6966366df4,Pneumothorax,off,0.2062287716425692,1.0,0.2716199598311509,0.4266643532431144,1.492974200067718
384,217,6e185d6966366df4,Pneumothorax,on,0.2062287716425692,1.0,0.2843564607275755,0.4427996924470753,1.2117240466398516
385,291,531b825349b69626,Pneumonia,off,0.146903888231023,1.0,0.3053978733101357,0.459987134144595,2.7514578090649024
385,291,531b825349b69626,Pneumonia,on,0.146903888231023,1.0,0.1417063188579857,0.2482313198630063,2.667323623688832
386,0,8da0678acd714b9a,Pneumonia,off,0.1384832049276591,1.0,0.2752843081711447,0.4211648040790012,1.742806527562984
386,0,8da0678acd714b9a,Pneumonia,on,0.1384832049276591,1.0,0.6074492404826216,0.7557783635219019,1.4351416740629312
387,428,4adcc53030271f8d,Pneumothorax,off,0.1759133371343362,1.0,0.2102189318292548,0.3473600012818529,1.4974460144724258
387,428,4adcc53030271f8d,Pneumothorax,on,0.1759133371343362,1.0,0.2103937403557872,0.347644580585827,1.2180473624899912
388,47,d95c4630fe47b10c,Pneumothorax,off,0.1611284105472956,0.0,0.078525588227099,0.1408709619971514,1.0044175491884415
388,47,d95c4630fe47b10c,Pneumothorax,on,0.1611284105472956,0.0,0.1616844183733712,0.2783532393794411,0.5148934453001484
389,386,91d6999fc87d4e27,Pneumothorax,off,0.1860103601693883,0.0,0.0371617750711716,0.0715070960792623,1.2181223282848057
389,386,91d6999fc87d4e27,Pneumothorax,on,0.1860103601693883,0.0,0.0430876953899728,0.082615591961581,0.9931458220345392
390,459,75c72eb210b86249,Pneumothorax,off,0.1615816070445253,1.0,0.2462910927097661,0.3926145725519519,1.698228493502944
390,459,75c72eb210b86249,Pneumothorax,on,0.1615816070445253,1.0,0.2618524598729826,0.4150211309561192,1.8791352523602765
391,480,bd80adc504f70e0c,Pneumothorax,off,0.1777846000906393,0.0,0.1495189592650199,0.2598137877002331,1.2154957914171567
391,480,bd80adc504f70e0c,Pneumothorax,on,0.1777846000906393,0.0,0.1623705779861609,0.2793775233574552,1.1936745891342897
392,505,083150264aaf7e8a,Pneumothorax,off,0.1785594199084835,1.0,0.5770770219167388,0.726039088108086,2.587070788391796
392,505,083150264aaf7e8a,Pneumothorax,on,0.1785594199084835,1.0,0.4241504524855528,0.5956411429702502,2.683768848628737
393,541,4bd35cb23907f01a,Pneumothorax,off,0.1739641048881871,0.0,0.166622113461389,0.2854243602029496,1.5865488379253812
393,541,4bd35cb23907f01a,Pneumothorax,on,0.1739641048881871,0.0,0.1640443690218755,0.2818519793651703,1.510176984230902
394,549,5b9725714acf0d0d,Pneumothorax,off,0.1710889873251173,1.0,0.2016965341466722,0.3356263903579244,1.6741403690772252
394,549,5b9725714acf0d0d,Pneumothorax,on,0.1710889873251173,1.0,0.1990550237057564,0.3320189676332173,1.5431523462207153
395,594,72f534e34c7697a5,Pneumothorax,off,0.2288544849397443,0.0,0.0676774110946279,0.1262544953168387,1.8720089998524847
395,594,72f534e34c7697a5,Pneumothorax,on,0.2288544849397443,0.0,0.0527113389334879,0.1001437287094883,1.9156015537497693
396,604,dbd9a729c36f7908,Pneumothorax,off,0.1919262800364506,0.0,0.0310886297362123,0.06006537198077,1.1421445353718205
396,604,dbd9a729c36f7908,Pneumothorax,on,0.1919262800364506,0.0,0.0400332977928264,0.0769842267843909,0.943495041873538
397,654,3b135865c9bd3209,Pneumothorax,off,0.1990994547022791,0.0,0.152712426172146,0.264877581627876,1.1204090653163747
397,654,3b135865c9bd3209,Pneumothorax,on,0.1990994547022791,0.0,0.1530300301679314,0.2654395503364436,0.752244975039692
398,676,680cec365dfd5521,Pneumothorax,off,0.2155802133434693,0.0,0.0193604087088729,0.0378372111917976,0.922733945880764
398,676,680cec365dfd5521,Pneumothorax,on,0.2155802133434693,0.0,0.0230319145977317,0.0450264396092894,0.5131977731069713
399,681,2b05e8dc83f32556,Pneumothorax,off,0.1746170976906471,0.0,0.1852885698787673,0.3086514110229106,1.607218629824503
399,681,2b05e8dc83f32556,Pneumothorax,on,0.1746170976906471,0.0,0.2311997871383696,0.3755595798154109,1.66036740676803
400,685,54b647e0838ab12b,Pneumothorax,off,0.1694223937546599,0.0,0.0,0.0,0.2800739131638761
400,685,54b647e0838ab12b,Pneumothorax,on,0.1694223937546599,0.0,0.0126775862524794,0.0250339766513883,-0.1303379196860827
401,693,ce907c9fb434e83e,Pneumothorax,off,0.178252415829715,1.0,0.4344595448231132,0.6034781989930422,1.8554624196868093
401,693,ce907c9fb434e83e,Pneumothorax,on,0.178252415829715,1.0,0.3773221412045492,0.5479028121594084,1.5592025237927425
402,694,863b09154d53ef8c,Pneumothorax,off,0.1546959441350038,1.0,0.6238619856599855,0.7680377262851453,2.6045475556068216
402,694,863b09154d53ef8c,Pneumothorax,on,0.1546959441350038,1.0,0.5509808318892889,0.7104612490064394,2.6996278885811598
403,696,dca7b95062e41fc2,Pneumothorax,off,0.1885979659761511,1.0,0.3896468822153208,0.5424234718204102,1.7349211767450117
403,696,dca7b95062e41fc2,Pneumothorax,on,0.1885979659761511,1.0,0.4019996076680173,0.555486159899191,1.4524942414066475
404,785,cd055a12d0f444bd,Pneumothorax,off,0.2146202164622409,0.0,0.0779411431436417,0.1440938082509502,1.9873303253538648
404,785,cd055a12d0f444bd,Pneumothorax,on,0.2146202164622409,0.0,0.0780171856818734,0.1447403624076077,2.0424428258263614
405,819,486450c9693f6c41,Pneumothorax,off,0.1980078846444356,1.0,0.3464701966683032,0.514058804257185,1.485467446911103
405,819,486450c9693f6c41,Pneumothorax,on,0.1980078846444356,1.0,0.3657028770012093,0.5355512666585169,1.2058830026643268
406,822,787ac5e42fd1ee38,Pneumothorax,off,0.155470763952848,0.0,0.0261577091888654,0.0499178103289456,0.7733421049474362
406,822,787ac5e42fd1ee38,Pneumothorax,on,0.155470763952848,0.0,0.0097561793044912,0.0192702567223033,0.0077930792702844
407,850,515b071541fd8afb,Pneumothorax,off,0.2005321404031987,1.0,0.1559189322471725,0.2662042852554406,1.804788625031748
407,850,515b071541fd8afb,Pneumothorax,on,0.2005321404031987,1.0,0.1792221836572698,0.3039565917379599,1.941604302971084
408,866,7f7981c486c13785,Pneumothorax,off,0.1777748539294085,1.0,0.2868776576156848,0.443328698830583,1.7441776826600497
408,866,7f7981c486c13785,Pneumothorax,on,0.1777748539294085,1.0,0.2742525649035733,0.430448418031082,1.6006259173346122
409,884,c12602e668a07ed2,Pneumothorax,off,0.1914243527330672,0.0,0.0433577874734131,0.0823527707613812,0.8679969182291078
409,884,c12602e668a07ed2,Pneumothorax,on,0.1914243527330672,0.0,0.0566192763227746,0.1071703998580809,0.4907304799690229
410,889,debf8fe52669bd1f,Pneumothorax,off,0.1929008961595251,0.0,0.0940425213516848,0.1715618848625088,1.6541485153642006
410,889,debf8fe52669bd1f,Pneumothorax,on,0.1929008961595251,0.0,0.1038389225598677,0.1881408869791499,1.8620503562560335
411,916,481cbda5ec11e46c,Pneumothorax,off,0.2011948793668893,1.0,0.1051706890842262,0.1884339319331124,2.507828392292712
411,916,481cbda5ec11e46c,Pneumothorax,on,0.2011948793668893,1.0,0.0674181702882674,0.1263192587821419,2.109062725181124
412,925,39c315cbbe298bb1,Pneumothorax,off,0.1912196833472216,0.0,0.0698076862086798,0.1305006757958688,1.2883083382376603
412,925,39c315cbbe298bb1,Pneumothorax,on,0.1912196833472216,0.0,0.0692081924278602,0.1294568519956692,1.0535047996870548
413,940,193ba2b929433519,Pneumothorax,off,0.1575710616980736,0.0,0.2759537959087706,0.4324859123125516,2.028327596263364
413,940,193ba2b929433519,Pneumothorax,on,0.1575710616980736,0.0,0.2719600654916933,0.4276227126487848,2.544774213611068
414,981,f15cb57b356991a4,Pneumothorax,off,0.1909906485582991,0.0,0.1123709449345469,0.2019889850540703,1.2679100457810952
414,981,f15cb57b356991a4,Pneumothorax,on,0.1909906485582991,0.0,0.1163663765994281,0.2084734472618862,1.0579696896708066
415,988,009742263c8e7733,Pneumothorax,off,0.1822873265792436,0.0,0.3179669923100124,0.4795724249594477,1.960947816785909
415,988,009742263c8e7733,Pneumothorax,on,0.1822873265792436,0.0,0.2940493401838431,0.4544549487314615,1.8140383129983984
416,991,555d178e00bc7c1e,Pneumothorax,off,0.2078856190517959,0.0,0.0307629165322172,0.057995581810453,1.1534135601743103
416,991,555d178e00bc7c1e,Pneumothorax,on,0.2078856190517959,0.0,0.0767434785668474,0.1425457236208037,1.804058500941686
417,1036,ca6f95a119b85590,Pneumothorax,off,0.2026373112290396,0.0,0.0635216997752913,0.1191944120411979,1.9515266818137356
417,1036,ca6f95a119b85590,Pneumothorax,on,0.2026373112290396,0.0,0.0705830131291593,0.1318583060368601,2.0965960119899125
418,1046,aad8f99bada1cb5d,Pneumothorax,off,0.1947331744709052,1.0,0.2751884411112263,0.4315716624146305,1.1143495727664048
418,1046,aad8f99bada1cb5d,Pneumothorax,on,0.1947331744709052,1.0,0.2799835147209127,0.4374798695524159,0.8366419180721747
419,1047,4d393cd50c54b936,Pneumothorax,off,0.203139238532423,0.0,0.0472284538097484,0.0900170838807148,1.12404690550371
419,1047,4d393cd50c54b936,Pneumothorax,on,0.203139238532423,0.0,0.0555587426283511,0.1052685495368291,0.8388656800354333
420,1049,6634689c6ead98e8,Pneumothorax,off,0.1955518520142878,1.0,0.4815254094024607,0.6451045424263107,1.7908882623517386
420,1049,6634689c6ead98e8,Pneumothorax,on,0.1955518520142878,1.0,0.4065064175108229,0.5780236442468034,1.3613639238235418
421,1055,0748d125d669cd46,Pneumothorax,off,0.1908103445755303,0.0,0.0195025671566723,0.0382021489067672,1.5848921433652765
421,1055,0748d125d669cd46,Pneumothorax,on,0.1908103445755303,0.0,0.0191224234277846,0.037526995604363,2.0258339065378843
422,1104,2f16e873dc93d803,Pneumothorax,off,0.1811860103601693,0.0,0.043446187069249,0.0831602606134445,1.2999559977567277
422,1104,2f16e873dc93d803,Pneumothorax,on,0.1811860103601693,0.0,0.0511096621772326,0.0972488821457396,1.3154882893274653
423,1127,d907b10e78a3c460,Pneumothorax,off,0.2375383145963383,0.0,0.0089542137500555,0.0176881237957697,1.0417036225761016
423,1127,d907b10e78a3c460,Pneumothorax,on,0.2375383145963383,0.0,0.0104011585127569,0.0205877950200383,0.677671097394082
424,1135,3485119c4592cd19,Pneumothorax,off,0.2051128361816489,1.0,0.217141335677216,0.3526413388150374,1.8087827008182464
424,1135,3485119c4592cd19,Pneumothorax,on,0.2051128361816489,1.0,0.2524565709639859,0.4031278928412719,2.0242391044145456
425,1152,15731a6cde76fdc2,Pneumothorax,off,0.1907859791724534,0.0,0.3646524605398016,0.5337370900667938,1.5980612319663343
425,1152,15731a6cde76fdc2,Pneumothorax,on,0.1907859791724534,0.0,0.3898356567761326,0.56098079799025,1.3290923690712082
426,1158,794c32900dac02b8,Pneumothorax,off,0.1986365120438187,1.0,0.3421065070295641,0.5096269939801166,1.6497778220757666
426,1158,794c32900dac02b8,Pneumothorax,on,0.1986365120438187,1.0,0.3475279813669174,0.5157930172125978,1.3737713398212978
427,28,a570482c949ce5cf,Consolidation,off,0.1611186643860649,1.0,0.2230682713759986,0.3560236695277446,1.3148356140859587
427,28,a570482c949ce5cf,Consolidation,on,0.1611186643860649,1.0,0.4680531706288277,0.6376374686062759,0.9661397630316754
428,155,ba67098ed4462110,Consolidation,off,0.157156849845767,1.0,0.3703328310276322,0.5196147409854381,2.0106069976406427
428,155,ba67098ed4462110,Consolidation,on,0.157156849845767,1.0,0.6774872272659143,0.8077402027985642,1.807682904371788
429,264,0c2af963db3db5b3,Consolidation,off,0.1320263731122904,1.0,0.3523156691692976,0.5070195799927335,3.020153023425704
429,264,0c2af963db3db5b3,Consolidation,on,0.1320263731122904,1.0,0.1630181055147637,0.2803209529288635,2.902768155500887
430,290,cc44c54a66347671,Consolidation,off,0.1139862286741809,1.0,0.5548964196396281,0.707479326552999,2.3593928199367613
430,290,cc44c54a66347671,Consolidation,on,0.1139862286741809,1.0,0.7567593849473175,0.861539911394415,3.460198228295845
431,390,7d3c20f80e870ec2,Consolidation,off,0.1354472757042819,1.0,0.2572778856580436,0.4086130362805568,1.4868674498571437
431,390,7d3c20f80e870ec2,Consolidation,on,0.1354472757042819,1.0,0.2788505499487307,0.4360954730524146,1.3665681242375267
432,391,9958d21d8d9fe67b,Consolidation,off,0.1497351480685545,1.0,0.303040246631064,0.4620355547261735,0.9306306885725312
432,391,9958d21d8d9fe67b,Consolidation,on,0.1497351480685545,1.0,0.3806104247822032,0.5513609990841534,0.7461026324002151
433,462,eaf68dbfa68ef84c,Consolidation,off,0.1975303227441291,0.0,0.1783790049733415,0.295191382049346,1.2939540507457326
433,462,eaf68dbfa68ef84c,Consolidation,on,0.1975303227441291,0.0,0.2769912087051899,0.4338168969019486,0.9658157878336548
434,467,9204afd0723591d5,Consolidation,off,0.1507536219171673,1.0,0.6244478180726316,0.7662237869335382,2.524448873295364
434,467,9204afd0723591d5,Consolidation,on,0.1507536219171673,1.0,0.5660253944998603,0.7228616485235413,2.879540281628485
435,481,8c96285409af9413,Consolidation,off,0.1360953954261265,1.0,0.2675626847522467,0.4134003508484095,1.6910857790380345
435,481,8c96285409af9413,Consolidation,on,0.1360953954261265,1.0,0.6082625741645303,0.7564142681439759,1.3892264630079576
436,493,9c731e6925e3a373,Consolidation,off,0.2067794297521064,1.0,0.3687810198414802,0.5190239072883974,1.411342112096173
436,493,9c731e6925e3a373,Consolidation,on,0.2067794297521064,1.0,0.4413756465796461,0.5998361804515262,0.8995879475543372
437,515,566905aac57a9887,Consolidation,off,0.1067253385572757,1.0,0.4020735334477395,0.56442186349286,3.355237699107454
437,515,566905aac57a9887,Consolidation,on,0.1067253385572757,1.0,0.145207732071613,0.2535401624921943,3.3322966308642825
438,517,6ec825316e840dc6,Consolidation,off,0.1363926533436642,1.0,0.1529189110496433,0.2610293181814943,1.213659368483037
438,517,6ec825316e840dc6,Consolidation,on,0.1363926533436642,1.0,0.3935420002911632,0.5647724669368377,0.8708844986786521
439,522,e2775a9e9b9b05d3,Consolidation,off,0.1234058935036962,1.0,0.6827757169674908,0.8111819069711999,2.8417707063609057
439,522,e2775a9e9b9b05d3,Consolidation,on,0.1234058935036962,1.0,0.6070300527569874,0.7554553134111983,4.177768144084864
440,535,6a0296c529692b25,Consolidation,off,0.1681456466334322,1.0,0.3069486592328997,0.469017448647714,1.9055482876738192
440,535,6a0296c529692b25,Consolidation,on,0.1681456466334322,1.0,0.2546416123530366,0.4059112202096748,1.9752552263650471
441,560,5d2d21a971eb5670,Consolidation,off,0.1616936878986789,1.0,0.3161984921863596,0.4747491939524935,1.3697197008676238
441,560,5d2d21a971eb5670,Consolidation,on,0.1616936878986789,1.0,0.4453176081446824,0.6162079156986282,0.9233715351592134
442,561,fbc80b00ea93a76d,Consolidation,off,0.1336880936021324,1.0,0.3784859136251239,0.5467000529478987,2.319766287451721
442,561,fbc80b00ea93a76d,Consolidation,on,0.1336880936021324,1.0,0.3116760912496084,0.4752268585452786,2.8109113486650936
443,569,0bfd45dece853b5b,Consolidation,off,0.1349502214815139,1.0,0.690631492073271,0.8140250451338279,2.6165412435765045
443,569,0bfd45dece853b5b,Consolidation,on,0.1349502214815139,1.0,0.73360129680539,0.8462994695872073,4.919899619722437
444,570,fd4f48c668b17706,Consolidation,off,0.111515576802187,0.0,0.2064002800586428,0.338786153325942,1.8007564399993363
444,570,fd4f48c668b17706,Consolidation,on,0.111515576802187,0.0,0.2638076935746056,0.4174569716567011,2.679612827490461
445,574,a8e3c4f43e541154,Consolidation,off,0.1393603594384262,1.0,0.3619899278164064,0.5284783116266846,1.030358121877376
445,574,a8e3c4f43e541154,Consolidation,on,0.1393603594384262,1.0,0.4496036381391816,0.6203117270847127,0.927451434438466
446,584,b2c46c4046f49e51,Consolidation,off,0.1432247123664166,1.0,0.3643166070158649,0.5185670795224923,1.8557771590218577
446,584,b2c46c4046f49e51,Consolidation,on,0.1432247123664166,1.0,0.6858850180920347,0.8136743290050952,1.7079195164751204
447,608,225e15fe6310d743,Consolidation,off,0.103211847433592,1.0,0.277940085735598,0.4284179797028145,3.384044840410468
447,608,225e15fe6310d743,Consolidation,on,0.103211847433592,1.0,0.1673185810481457,0.2866614040811687,3.3213534956776494
448,615,366cb9cb3bb951f1,Consolidation,off,0.1292730825646048,1.0,0.5855002252060449,0.7382337000785031,2.256473635571968
448,615,366cb9cb3bb951f1,Consolidation,on,0.1292730825646048,1.0,0.5652290192216427,0.7222186487094031,2.430272442060795
449,616,e22c3e000c4e88fe,Consolidation,off,0.1548470096340803,1.0,0.3436160726569109,0.5076098805502154,1.4607345019785931
449,616,e22c3e000c4e88fe,Consolidation,on,0.1548470096340803,1.0,0.4772498981507434,0.6461274038455878,0.9661781504458682
450,633,b9ced1f944e75887,Consolidation,off,0.1622151075245237,1.0,0.3049485540257205,0.4599998262529555,2.807462656012323
450,633,b9ced1f944e75887,Consolidation,on,0.1622151075245237,1.0,0.2151272335379,0.3540726322185678,2.633824789331214
451,636,b01b91f217819dee,Consolidation,off,0.1338878899073627,1.0,0.4351264766441191,0.6056791593091451,2.497945190503909
451,636,b01b91f217819dee,Consolidation,on,0.1338878899073627,1.0,0.2496034219160309,0.399480981003286,2.6932542672111297
452,643,6afdc26213cbad6c,Consolidation,off,0.1673562075737419,1.0,0.5619577347148434,0.7161095378227881,2.143245389908337
452,643,6afdc26213cbad6c,Consolidation,on,0.1673562075737419,1.0,0.6563543748730754,0.7925288861387367,1.7432151522656911
453,645,3b0cd1a00fe5ab83,Consolidation,off,0.1476445964845596,1.0,0.4725704508218739,0.6405597772199636,2.5715560011088225
453,645,3b0cd1a00fe5ab83,Consolidation,on,0.1476445964845596,1.0,0.2838336453287999,0.4421471379564298,2.9163153303022504
454,646,9523a52edd5e2cb2,Consolidation,off,0.1352815909633593,0.0,0.3561400890028461,0.5206090793782768,2.121599400263995
454,646,9523a52edd5e2cb2,Consolidation,on,0.1352815909633593,0.0,0.4740628043226179,0.6432026662120818,2.716954349237153
455,655,57cc42476bc58a45,Consolidation,off,0.1254672066039988,1.0,0.4209555733670946,0.5877163644185348,3.142639319084168
455,655,57cc42476bc58a45,Consolidation,on,0.1254672066039988,1.0,0.190514761151625,0.3200250586577748,3.082579944425713
456,663,318d6d46d9b1cbfe,Consolidation,off,0.1499349443737847,1.0,0.1781242624904399,0.2985135624328055,1.0361579497719655
456,663,318d6d46d9b1cbfe,Consolidation,on,0.1499349443737847,1.0,0.3660634843370405,0.5359196674295259,0.7519668477677028
457,664,a77657cf1d66efeb,Consolidation,off,0.1624197769103694,1.0,0.3960317411700979,0.567286920542976,2.0062692099009936
457,664,a77657cf1d66efeb,Consolidation,on,0.1624197769103694,1.0,0.3721528492807674,0.5424340488557591,1.9137096578736867
458,665,f882c58f4f53f944,Consolidation,off,0.1551735060353103,1.0,0.4730027307638464,0.6358005593159841,1.7497992084947158
458,665,f882c58f4f53f944,Consolidation,on,0.1551735060353103,1.0,0.6285012764181322,0.771875482548586,1.483604283394514
459,666,3a2942da2da9a581,Consolidation,off,0.1703092944266577,1.0,0.5804396974444728,0.733648050470096,2.078531378183224
459,666,3a2942da2da9a581,Consolidation,on,0.1703092944266577,1.0,0.6246406038674159,0.768958495316866,1.68479605034715
460,672,b981be74894de22a,Consolidation,off,0.1236836590987724,1.0,0.3814609102457203,0.5445732453079849,1.0198417002545843
460,672,b981be74894de22a,Consolidation,on,0.1236836590987724,1.0,0.5034051127925083,0.6696689340249352,1.1731194229373805
461,697,6c78ef6d944d3f83,Consolidation,off,0.1351695101092057,1.0,0.4812754256706062,0.648813290445023,1.886728427141542
461,697,6c78ef6d944d3f83,Consolidation,on,0.1351695101092057,1.0,0.5267123085110684,0.6899951211783956,1.4929655538805322
462,700,e54914530f4e5858,Consolidation,off,0.1160134302101759,0.0,0.174079720600126,0.2957901798648537,1.7216509894493517
462,700,e54914530f4e5858,Consolidation,on,0.1160134302101759,0.0,0.1933337636451438,0.3240205704962264,2.111077064072824
463,702,25a61b8420e7fe65,Consolidation,off,0.1494183978285553,1.0,0.220375502987024,0.3595581994566034,1.1845549701818594
463,702,25a61b8420e7fe65,Consolidation,on,0.1494183978285553,1.0,0.2681669371986215,0.4229205130308314,0.8713113142072972
464,708,96f41434652764ac,Consolidation,off,0.1724095921718832,1.0,0.3593794598018071,0.5228393141180764,2.0349303527937272
464,708,96f41434652764ac,Consolidation,on,0.1724095921718832,1.0,0.3349868943824058,0.5018502939179508,2.0383691655580525
465,713,9febde28b37da9ca,Consolidation,off,0.1241807133215404,1.0,0.2239768102513995,0.360083990160396,0.9368310901250344
465,713,9febde28b37da9ca,Consolidation,on,0.1241807133215404,1.0,0.3452440313044134,0.513272421330546,0.7053759609028417
466,723,16b3c75128d0e2b7,Consolidation,off,0.1774775960118708,1.0,0.2943972697414753,0.4498369497410135,1.3278955136106434
466,723,16b3c75128d0e2b7,Consolidation,on,0.1774775960118708,1.0,0.3050238374290989,0.4627889150096362,1.0851913412785683
467,726,34b6451794687173,Consolidation,off,0.1504953486445526,1.0,0.7528534329041398,0.8575131086739652,3.071896848705864
467,726,34b6451794687173,Consolidation,on,0.1504953486445526,1.0,0.6411735651031139,0.7813373418551378,4.020282157145979
468,746,1858786fb0104114,Consolidation,off,0.1186643860649386,1.0,0.5626020172976909,0.7128185078926299,2.357376917269216
468,746,1858786fb0104114,Consolidation,on,0.1186643860649386,1.0,0.64038309306232,0.7807542748133888,3.3526925139448425
469,747,9edfec1897db1848,Consolidation,off,0.1156040914384846,1.0,0.5669146644617697,0.7182025915611294,2.3795601115786
469,747,9edfec1897db1848,Consolidation,on,0.1156040914384846,1.0,0.3866039829829174,0.5575103770514328,3.4557157050535707
470,753,4234a6fc45a40e5f,Consolidation,off,0.1140544518027961,1.0,0.2603355128394674,0.4079923461962432,2.2369527998427072
470,753,4234a6fc45a40e5f,Consolidation,on,0.1140544518027961,1.0,0.1748953865676627,0.29764256299665,3.2325517572016333
471,767,8d02fb4e96fdfef7,Consolidation,off,0.1347650444181298,1.0,0.2883604473122844,0.4403571975156614,3.3371448436528426
471,767,8d02fb4e96fdfef7,Consolidation,on,0.1347650444181298,1.0,0.1529335932582073,0.2652844429469677,2.8577760377242707
472,771,62f1a81c8f18443c,Consolidation,off,0.1569521804599213,1.0,0.357987075157557,0.5208819833954248,1.3437807325740103
472,771,62f1a81c8f18443c,Consolidation,on,0.1569521804599213,1.0,0.4744442025233549,0.6435480871151189,0.9790322766323908
473,781,401672585661dd1d,Consolidation,off,0.169568586173121,1.0,0.434155446756426,0.6016040639951056,1.7608719486647757
473,781,401672585661dd1d,Consolidation,on,0.169568586173121,1.0,0.5248990208078336,0.6884296263718468,1.0946895882671202
474,795,5029aee0e9c572fa,Consolidation,off,0.1179919009400172,1.0,0.4995979042708637,0.6647360984781938,1.2806875848586874
474,795,5029aee0e9c572fa,Consolidation,on,0.1179919009400172,1.0,0.4303833433582948,0.6017616055678655,1.321725592608069
475,805,2e8aac35ec38a7ab,Consolidation,off,0.1436974011861078,1.0,0.4197599418662105,0.586665640242426,1.5957068912889432
475,805,2e8aac35ec38a7ab,Consolidation,on,0.1436974011861078,1.0,0.5490564873556419,0.7088858021819169,1.2252118155875598
476,809,a261584c8fbb576f,Consolidation,off,0.1617034340599096,1.0,0.3122758425775453,0.468749077135893,1.3255840721610934
476,809,a261584c8fbb576f,Consolidation,on,0.1617034340599096,1.0,0.4594757295273087,0.6296309456660951,0.9706015929529428
477,828,412bc3003e46d430,Consolidation,off,0.1796753553694038,0.0,0.1330839970930767,0.2329165024532121,1.872463914475346
477,828,412bc3003e46d430,Consolidation,on,0.1796753553694038,0.0,0.1082139106871785,0.1952920788028525,2.1969398246343106
478,831,d9f965aa6ea5cf7f,Consolidation,off,0.1379081814150451,1.0,0.3225543478260869,0.4815132249678616,1.6847621279500138
478,831,d9f965aa6ea5cf7f,Consolidation,on,0.1379081814150451,1.0,0.5931368566926737,0.7445927929481848,1.307148807957098
479,834,0883fbcd6ee1ea30,Consolidation,off,0.1498715943257849,1.0,0.1678023079682649,0.2846349261126523,0.8717769877098268
479,834,0883fbcd6ee1ea30,Consolidation,on,0.1498715943257849,1.0,0.4194263469041771,0.5909642303975143,0.8680977961257598
480,839,faa9569ebbe0f9c1,Consolidation,off,0.1634528700008284,1.0,0.4030079636646259,0.5723929160079347,1.230966967517375
480,839,faa9569ebbe0f9c1,Consolidation,on,0.1634528700008284,1.0,0.3550855331684189,0.5240597232137089,1.114031448206459
481,845,4342545b77359fb5,Consolidation,off,0.1346675828058223,1.0,0.3175822065212014,0.4649002064542592,2.419578936193316
481,845,4342545b77359fb5,Consolidation,on,0.1346675828058223,1.0,0.1968884331437494,0.328973250384348,2.9572313139079425
482,859,d8cc11c0d6fc40a9,Consolidation,off,0.1653777368439006,1.0,0.4533627894773203,0.6234714170382987,1.6995821955566337
482,859,d8cc11c0d6fc40a9,Consolidation,on,0.1653777368439006,1.0,0.4701605155461088,0.6396042381403307,1.280625079976316
483,862,5c3c4c028b21c939,Consolidation,off,0.1483706854962501,1.0,0.4783695274312107,0.6459834410291034,2.138079047396083
483,862,5c3c4c028b21c939,Consolidation,on,0.1483706854962501,1.0,0.4918768013958482,0.6594004676908183,2.273061339476321
484,864,bdacdcb26faebfe0,Consolidation,off,0.0944939062126904,1.0,0.6590455294766566,0.7929297187277797,3.165275107229179
484,864,bdacdcb26faebfe0,Consolidation,on,0.0944939062126904,1.0,0.3580544675602024,0.5272559982471202,3.99038810731656
485,873,fcc6cf25e734d353,Consolidation,off,0.1349502214815139,1.0,0.3056492690348614,0.4645759939874537,1.4334906811673862
485,873,fcc6cf25e734d353,Consolidation,on,0.1349502214815139,1.0,0.4481973936627638,0.6189596988290924,0.9649956798011162
486,874,2f8c1ad1a08b33f0,Consolidation,off,0.1384978241695052,1.0,0.3793503239815644,0.543651067199906,2.0631466131632705
486,874,2f8c1ad1a08b33f0,Consolidation,on,0.1384978241695052,1.0,0.463252844832966,0.6331794068631197,2.240785827557866
487,875,13914e356156cdbc,Consolidation,off,0.1116179114951098,1.0,0.3949346039134013,0.5606731879203187,1.887233995824432
487,875,13914e356156cdbc,Consolidation,on,0.1116179114951098,1.0,0.5875061557339532,0.7401622280026317,2.024947816352074
488,876,8f6bc0764cb909a2,Consolidation,off,0.1493355554580939,1.0,0.3144901663250478,0.4730191686361203,1.995812224826562
488,876,8f6bc0764cb909a2,Consolidation,on,0.1493355554580939,1.0,0.2193308695364635,0.3597454905766185,2.25115500124504
489,883,2a297ecb96cbdf5e,Consolidation,off,0.1544620362654659,1.0,0.4834717198336159,0.6484746361677873,2.127180908551187
489,883,2a297ecb96cbdf5e,Consolidation,on,0.1544620362654659,1.0,0.4886011988922752,0.6564501144494737,2.2523676375074038
490,885,ecc8fa1a45887b14,Consolidation,off,0.1709476679872715,1.0,0.5139507867335276,0.677649977978863,1.6603822952253775
490,885,ecc8fa1a45887b14,Consolidation,on,0.1709476679872715,1.0,0.5686448246652188,0.7250141114904098,1.5312044861359644
491,886,0e6c4727d672f341,Consolidation,off,0.1645541862199026,1.0,0.4525816926263146,0.6220414426212915,1.7271369027014825
491,886,0e6c4727d672f341,Consolidation,on,0.1645541862199026,1.0,0.4812625648473403,0.6498004424582383,1.4152608308967791
492,899,1e0761e8352e8e7a,Consolidation,off,0.1226749314113903,1.0,0.6443709887698172,0.7806550274243869,2.1605383221522905
492,899,1e0761e8352e8e7a,Consolidation,on,0.1226749314113903,1.0,0.7123637048347685,0.8320195946760742,2.258182404186597
493,923,9e0f921c7684ff3a,Consolidation,off,0.1305839412501401,1.0,0.3715747628762639,0.536714201583355,1.7742092853649656
493,923,9e0f921c7684ff3a,Consolidation,on,0.1305839412501401,1.0,0.2556995771630688,0.4072465382507716,1.6741264561612388
494,931,51a3708674a10295,Consolidation,off,0.1285518666335297,1.0,0.6167212067710579,0.7623486473417335,2.8983197472030864
494,931,51a3708674a10295,Consolidation,on,0.1285518666335297,1.0,0.4280911817553092,0.599496575351651,3.5300874582287065
495,935,ba3866d683193aa0,Consolidation,off,0.1378984352538144,1.0,0.3912089987019015,0.5568277953086744,2.7137084164997285
495,935,ba3866d683193aa0,Consolidation,on,0.1378984352538144,1.0,0.2024307884786468,0.3366913313979263,2.8283275110946504
496,942,82c85fc4dd874b40,Consolidation,off,0.1342241324698234,1.0,0.4561066167721589,0.6175869425709717,2.043857325954591
496,942,82c85fc4dd874b40,Consolidation,on,0.1342241324698234,1.0,0.6220240797568513,0.7669439637948747,2.951033602205999
497,946,a677aa1f5b36b700,Consolidation,off,0.1497741327134774,1.0,0.2267703557384069,0.3611300363817854,1.3945833202018694
497,946,a677aa1f5b36b700,Consolidation,on,0.1497741327134774,1.0,0.5015106872455374,0.6679935689947063,1.0557528455763543
498,948,86e3166f932d743b,Consolidation,off,0.1271630386581485,1.0,0.2004034363578634,0.331226456506842,0.9188501773836678
498,948,86e3166f932d743b,Consolidation,on,0.1271630386581485,1.0,0.3691571107860757,0.53924223989609,0.748995931989054
499,958,18a81f0eb7e51290,Consolidation,off,0.1764932337275655,1.0,0.1632292750893108,0.2776572104442536,0.4591660488712465
499,958,18a81f0eb7e51290,Consolidation,on,0.1764932337275655,1.0,0.1587057429996504,0.2739283487557334,0.5478391766158993
500,964,8397370f06feee51,Consolidation,off,0.1312320609719846,1.0,0.2815712586613751,0.4372222998049839,1.1435044176461109
500,964,8397370f06feee51,Consolidation,on,0.1312320609719846,1.0,0.4756378579568683,0.6446468976513863,1.025758750073572
501,965,8377ec046dff9195,Consolidation,off,0.1736522277288033,1.0,0.4751392160424245,0.6264645558580026,2.962308022147692
501,965,8377ec046dff9195,Consolidation,on,0.1736522277288033,1.0,0.1655409538585104,0.2840192256100112,2.546087527625608
502,968,82dc03895b02069c,Consolidation,off,0.1387999551676583,1.0,0.5726810875364301,0.7217926841005935,3.140791161823218
502,968,82dc03895b02069c,Consolidation,on,0.1387999551676583,1.0,0.3065350929272601,0.4692218890691021,3.0783309996287818
503,986,704c28a31e97e69f,Consolidation,off,0.1504417447577835,1.0,0.5053437088369754,0.6685048513610827,1.92276672563004
503,986,704c28a31e97e69f,Consolidation,on,0.1504417447577835,1.0,0.5691922256042293,0.7254579871438039,1.704530947110516
504,990,5d20a85044d09721,Consolidation,off,0.1642276898186726,1.0,0.3128550437066435,0.456466790647084,2.775606433848957
504,990,5d20a85044d09721,Consolidation,on,0.1642276898186726,1.0,0.1466858235358923,0.2558265120632509,2.558169859050901
505,993,80ce437091158308,Consolidation,off,0.1872091380007699,1.0,0.3896247172237008,0.5506461211629968,1.478319789937618
505,993,80ce437091158308,Consolidation,on,0.1872091380007699,1.0,0.5210189627658844,0.6850779110978023,1.0859284821833908
506,1009,433b8e95e8312da9,Consolidation,off,0.1358322490728964,1.0,0.550560208624044,0.7101073132146436,2.5388528559491625
506,1009,433b8e95e8312da9,Consolidation,on,0.1358322490728964,1.0,0.5235296714271966,0.6872366209593161,3.7324165790361463
507,1015,3c0096e17cc2688d,Consolidation,off,0.1661428105005141,1.0,0.2687569178373776,0.4202798304276605,1.202401213221143
507,1015,3c0096e17cc2688d,Consolidation,on,0.1661428105005141,1.0,0.3564495530012771,0.5255547641155711,0.7721981855594527
508,1030,838d7b8777c24cdc,Consolidation,off,0.1175192121203261,1.0,0.4451237632670899,0.6134895724192716,1.8947416649766144
508,1030,838d7b8777c24cdc,Consolidation,on,0.1175192121203261,1.0,0.4434331323178339,0.6143971080585021,1.9817540952642227
509,1033,cdc87877c8b61123,Consolidation,off,0.1419187267614968,1.0,0.5067590321916874,0.653686554804821,3.3130929544047643
509,1033,cdc87877c8b61123,Consolidation,on,0.1419187267614968,1.0,0.2136626336483703,0.3520709489058847,2.906289270534453
510,1037,4843d8df6c691692,Consolidation,off,0.1462265300254862,1.0,0.4398793457325,0.6010778976059822,2.062355150043328
510,1037,4843d8df6c691692,Consolidation,on,0.1462265300254862,1.0,0.7041492232566696,0.8263878714561566,1.8732524789941725
511,1063,4e355df0db0e824f,Consolidation,off,0.1095419791529611,1.0,0.565941579499398,0.7222064753828497,2.942418951976419
511,1063,4e355df0db0e824f,Consolidation,on,0.1095419791529611,1.0,0.424978909408258,0.5964637181682475,3.3441011442591035
512,1072,2b4752466d7dbab3,Consolidation,off,0.1285128819886067,1.0,0.6121511533960353,0.7549977200155673,2.1034894489855427
512,1072,2b4752466d7dbab3,Consolidation,on,0.1285128819886067,1.0,0.7176270646153976,0.8356022459906022,2.186592513092012
513,1073,77a9f576918dc347,Consolidation,off,0.1255890336193831,1.0,0.5790483714854819,0.7297354924898569,2.078363627183998
513,1073,77a9f576918dc347,Consolidation,on,0.1255890336193831,1.0,0.6869179900923476,0.8144054388849543,2.058471480277124
514,1074,6499d2e766d3c4db,Consolidation,off,0.1624977462002154,1.0,0.2681154640908932,0.415716287199258,1.4964849175704185
514,1074,6499d2e766d3c4db,Consolidation,on,0.1624977462002154,1.0,0.4892873228218526,0.6570605352233762,1.024777314205864
515,1076,8807b14d7d5f1828,Consolidation,off,0.152907523549162,1.0,0.7039993954953224,0.8215328405041051,2.6790232418232613
515,1076,8807b14d7d5f1828,Consolidation,on,0.152907523549162,1.0,0.6466041376802477,0.7853591673456035,4.044338739052205
516,1098,d1599ddf61852654,Consolidation,off,0.1865512721176946,1.0,0.3175890645831277,0.4754295199758445,1.324708448026788
516,1098,d1599ddf61852654,Consolidation,on,0.1865512721176946,1.0,0.4273087431693989,0.5987491070773497,0.903214515536689
517,1121,3802c59c7fb1822d,Consolidation,off,0.1090108133658855,1.0,0.3119362338669097,0.4752042242495031,2.352061722058265
517,1121,3802c59c7fb1822d,Consolidation,on,0.1090108133658855,1.0,0.2248478841723157,0.367134860709512,3.2695425032828944
518,1123,c32e7ffef11280ca,Consolidation,off,0.1533363546433148,1.0,0.2613622100452343,0.3986291273276115,1.9733433534884333
518,1123,c32e7ffef11280ca,Consolidation,on,0.1533363546433148,1.0,0.2020134782094983,0.3360656929960848,2.7439650228483408
519,1131,252929b7917291e3,Consolidation,off,0.1514455993645503,1.0,0.4922569885475933,0.6587980774033394,2.49787884703074
519,1131,252929b7917291e3,Consolidation,on,0.1514455993645503,1.0,0.3935952325713172,0.5648535862988722,2.8091893793820075
520,1137,48f46950c6af780a,Consolidation,off,0.1484778932697883,1.0,0.5041845620902086,0.6607626964537412,1.9853682866419515
520,1137,48f46950c6af780a,Consolidation,on,0.1484778932697883,1.0,0.6907965193673778,0.8171253487364993,1.7565520357412103
521,1156,41875f28d1a6bb51,Consolidation,off,0.1831547349287799,1.0,0.2425402722139074,0.3820221078455217,1.1289928335691812
521,1156,41875f28d1a6bb51,Consolidation,on,0.1831547349287799,1.0,0.4007543323837991,0.5721738943913971,0.8448039821813751
522,4,b4cdf6d04b4a2062,Atelectasis,off,0.1103801490188052,1.0,0.3294762632270972,0.4941952734164728,1.83223008358057
522,4,b4cdf6d04b4a2062,Atelectasis,on,0.1103801490188052,1.0,0.5261644491759174,0.6895206460304121,2.845410788321997
523,186,377c879691fc477e,Atelectasis,off,0.1314269841965995,1.0,0.4562239204654524,0.618741962897494,1.6394408212370557
523,186,377c879691fc477e,Atelectasis,on,0.1314269841965995,1.0,0.5536423009809851,0.7127001786347033,1.6282401440762433
524,205,defa3fe8fbd3bc01,Atelectasis,off,0.1321140885633671,1.0,0.3522397438884954,0.5176961841285134,1.4927198281154637
524,205,defa3fe8fbd3bc01,Atelectasis,on,0.1321140885633671,1.0,0.5078597974962541,0.6736000384916039,1.161426240142906
525,286,b1c55e29c4405de2,Atelectasis,off,0.1332690086692104,1.0,0.4297503641910635,0.5963799105804581,2.102306480565169
525,286,b1c55e29c4405de2,Atelectasis,on,0.1332690086692104,1.0,0.6810731188119077,0.8102831983723593,2.4028929796530933
526,347,0d910e15cf3df18e,Atelectasis,off,0.1577708580033039,1.0,0.3652684468964541,0.5302967387986619,1.2692171810054158
526,347,0d910e15cf3df18e,Atelectasis,on,0.1577708580033039,1.0,0.4932839465213401,0.6606669984146861,0.998408806656678
527,434,08de60a4a7687ffe,Atelectasis,off,0.126110453245228,1.0,0.6468974130712399,0.7800754598172754,2.576056011642584
527,434,08de60a4a7687ffe,Atelectasis,on,0.126110453245228,1.0,0.6953657271272822,0.8203012956602798,4.604613337174746
528,445,06ba8137b7b55507,Atelectasis,off,0.2269734758222105,0.0,0.1342691060279219,0.2367407443451844,0.8861935711008603
528,445,06ba8137b7b55507,Atelectasis,on,0.2269734758222105,0.0,0.1319389399660112,0.2331202315003204,0.4665809084290681
529,451,3f66ef83bae0f84d,Atelectasis,off,0.14091487215473,1.0,0.3853530023563443,0.5560608447852976,2.00761812380562
529,451,3f66ef83bae0f84d,Atelectasis,on,0.14091487215473,1.0,0.3182303922339512,0.4827923983521415,2.396378424804756
530,460,0d8a5ccd0a4db0f8,Atelectasis,off,0.164520074655595,1.0,0.3596217507535565,0.5273943339442335,1.3170336615901934
530,460,0d8a5ccd0a4db0f8,Atelectasis,on,0.164520074655595,1.0,0.3460012964643437,0.5141092407740547,0.9847650238700134
531,470,92fcdf6ded710162,Atelectasis,off,0.1364706226335102,1.0,0.3061643999635989,0.4668084604945582,1.536045470819959
531,470,92fcdf6ded710162,Atelectasis,on,0.1364706226335102,1.0,0.2909154198532821,0.4507032657286344,1.516403421941679
532,478,51426c9cde48119b,Atelectasis,off,0.1572396922162283,1.0,0.3315959060127849,0.4915470539385621,1.1266314757272151
532,478,51426c9cde48119b,Atelectasis,on,0.1572396922162283,1.0,0.4703516950175999,0.6397708087582067,0.966732782131177
533,494,1db4456ab63d12f3,Atelectasis,off,0.1169783001720197,1.0,0.6989392327601895,0.8216321382404306,2.960735310413026
533,494,1db4456ab63d12f3,Atelectasis,on,0.1169783001720197,1.0,0.5485756658058698,0.7084771610532312,3.560428601505468
534,499,c8db963e82f7c785,Atelectasis,off,0.1426886734987257,1.0,0.4704624757614272,0.6300286764704586,1.9794273934237896
534,499,c8db963e82f7c785,Atelectasis,on,0.1426886734987257,1.0,0.6618151702492734,0.7964965096409794,1.827663882403056
535,508,b6cd6a1cabc0249f,Atelectasis,off,0.1552855868894639,1.0,0.3664429155227732,0.5266494793620946,1.611257309427926
535,508,b6cd6a1cabc0249f,Atelectasis,on,0.1552855868894639,1.0,0.6167130555983983,0.7629121656919622,1.3571322564314032
536,512,ecc77d5112e864b4,Atelectasis,off,0.1747243054641853,1.0,0.4743467338069174,0.6393864896198862,1.5732076286133332
536,512,ecc77d5112e864b4,Atelectasis,on,0.1747243054641853,1.0,0.546503440761041,0.7067577987528743,1.1568924683554729
537,518,1c10dc1ba26ea979,Atelectasis,off,0.113752320804643,1.0,0.5308630203203151,0.684814669846171,2.034744853150249
537,518,1c10dc1ba26ea979,Atelectasis,on,0.113752320804643,1.0,0.6004506105282514,0.7503258248703701,2.387473085825329
538,565,86181433d554299d,Atelectasis,off,0.1561871068033078,1.0,0.6009319312636369,0.7473727163712038,1.682297591141668
538,565,86181433d554299d,Atelectasis,on,0.1561871068033078,1.0,0.6210798873713262,0.7662276764075078,1.7031882141583334
539,587,167f02788875e917,Atelectasis,off,0.1485997202851726,1.0,0.4169054707346012,0.5881963639109398,2.2501816840889437
539,587,167f02788875e917,Atelectasis,on,0.1485997202851726,1.0,0.3507764329134922,0.5193623341863693,2.7126377088679265
540,588,c0e12f25e6c003f9,Atelectasis,off,0.1254769527652296,1.0,0.3198291666121522,0.4772825565681808,1.432535236330182
540,588,c0e12f25e6c003f9,Atelectasis,on,0.1254769527652296,1.0,0.5835883992607276,0.7370415229521533,1.2931351688260904
541,592,e7b6ae7af6d75ad6,Atelectasis,off,0.1306570374593706,1.0,0.4420065014233836,0.6090516693757011,1.770292011455643
541,592,e7b6ae7af6d75ad6,Atelectasis,on,0.1306570374593706,1.0,0.5352341858468368,0.6972570314007249,1.872514368449192
542,597,11d809a52453db0a,Atelectasis,off,0.1476056118396366,1.0,0.2856055611138397,0.442936528257252,0.718928742067459
542,597,11d809a52453db0a,Atelectasis,on,0.1476056118396366,1.0,0.355296358753327,0.5243068609632938,0.741601248203881
543,603,1f38204277c319ea,Atelectasis,off,0.1112134458040339,1.0,0.5040502766987792,0.6702240098242299,2.4119532938751616
543,603,1f38204277c319ea,Atelectasis,on,0.1112134458040339,1.0,0.3769499145456791,0.5474968688441844,3.2275949431201347
544,606,869cfbde90c5be3f,Atelectasis,off,0.098528816962219,1.0,0.4300579510892145,0.598368116483806,3.572814491736046
544,606,869cfbde90c5be3f,Atelectasis,on,0.098528816962219,1.0,0.1484623556927976,0.2585034161098006,3.469495163259578
545,612,0a51eadd62ea7d37,Atelectasis,off,0.1281035432169154,1.0,0.5422846346939766,0.6996097480938595,2.0217759432574915
545,612,0a51eadd62ea7d37,Atelectasis,on,0.1281035432169154,1.0,0.6484559833237891,0.7867426872625247,1.9808882068825784
546,621,9a42d6a21dfeba0c,Atelectasis,off,0.1502711869362455,1.0,0.2895816945323356,0.439145195427544,3.3130019376434983
546,621,9a42d6a21dfeba0c,Atelectasis,on,0.1502711869362455,1.0,0.0958654067605669,0.1749425723622501,2.624984896536372
547,634,5b3115c94b2fd4f5,Atelectasis,off,0.1164617536267902,1.0,0.4966546418408225,0.6619155091398028,2.333259266456801
547,634,5b3115c94b2fd4f5,Atelectasis,on,0.1164617536267902,1.0,0.4215375042994524,0.5930490999807465,2.588117974084911
548,678,8839052d4b213766,Atelectasis,off,0.1593351168808385,1.0,0.4476619158402587,0.6135067556101228,1.7782801409843243
548,678,8839052d4b213766,Atelectasis,on,0.1593351168808385,1.0,0.5798393168772857,0.7340480682136309,1.430938184715991
549,683,f0f9f475b6f58c7a,Atelectasis,off,0.109907460199114,1.0,0.1879913383054215,0.3129525352835558,0.5041248679694856
549,683,f0f9f475b6f58c7a,Atelectasis,on,0.109907460199114,1.0,0.3509103157447789,0.5195139389859632,0.7292538805622333
550,695,3ea211b9320b58ab,Atelectasis,off,0.1746073515294163,1.0,0.3603662516181802,0.5263417070834048,2.556326629293052
550,695,3ea211b9320b58ab,Atelectasis,on,0.1746073515294163,1.0,0.2770392177579706,0.4338734908422259,2.4737295725510267
551,748,a541f9ed0bf11bb3,Atelectasis,off,0.1510947375602434,1.0,0.207728465891672,0.3436737496646693,1.4176484074858482
551,748,a541f9ed0bf11bb3,Atelectasis,on,0.1510947375602434,1.0,0.2808681783685503,0.438557709772047,1.4688218690518884
552,752,f0176f93c5b15c7a,Atelectasis,off,0.1195366674950903,1.0,0.5646971388363753,0.7197757437160036,2.597219693021904
552,752,f0176f93c5b15c7a,Atelectasis,on,0.1195366674950903,1.0,0.4969244005238344,0.6639060053088064,3.524696161036304
553,762,9ccf55673ed4000d,Atelectasis,off,0.1000102334692922,1.0,0.675259232493449,0.8034097055266496,3.105445284941356
553,762,9ccf55673ed4000d,Atelectasis,on,0.1000102334692922,1.0,0.4499796536990348,0.6206316281467114,4.17754420114877
554,787,ae3f08592ef8ad5e,Atelectasis,off,0.1600173481669907,1.0,0.147505035375839,0.2570537771464513,1.074808646346442
554,787,ae3f08592ef8ad5e,Atelectasis,on,0.1600173481669907,1.0,0.1427677325825306,0.2498623728095026,0.7085579681140888
555,789,318d8e445e8ecf5e,Atelectasis,off,0.1252625372181532,1.0,0.1432363470627503,0.2499097048556768,0.4401891352149676
555,789,318d8e445e8ecf5e,Atelectasis,on,0.1252625372181532,1.0,0.2319243376079444,0.3765231751400665,0.4746757286151948
556,797,a9dfbf9d846f90fd,Atelectasis,off,0.1380592469141217,1.0,0.2509136745122386,0.3972262814785791,1.0372158645794356
556,797,a9dfbf9d846f90fd,Atelectasis,on,0.1380592469141217,1.0,0.342236209272357,0.5099475757863868,0.8619194551277727
557,803,984b40c082cd3573,Atelectasis,off,0.1259350223430746,1.0,0.4227679976109892,0.5919977287347467,1.5169545005798666
557,803,984b40c082cd3573,Atelectasis,on,0.1259350223430746,1.0,0.5515693190527956,0.7109788042261809,1.35263167358571
558,824,385b8a59b4f6e451,Atelectasis,off,0.1795047975478658,1.0,0.5099338563297954,0.6711711809366039,1.9286727544614084
558,824,385b8a59b4f6e451,Atelectasis,on,0.1795047975478658,1.0,0.5581695123827103,0.7164337100356482,1.1763308887386272
559,837,0e7903057b618889,Atelectasis,off,0.1473668308894834,1.0,0.5674411477198918,0.7228643713496613,2.152889692462413
559,837,0e7903057b618889,Atelectasis,on,0.1473668308894834,1.0,0.4704488221567021,0.639853065130646,2.19003035972281
560,841,77941632e67bb3a4,Atelectasis,off,0.1086014745941942,1.0,0.394240901972893,0.5642555778337253,2.042113704601992
560,841,77941632e67bb3a4,Atelectasis,on,0.1086014745941942,1.0,0.3514158608683739,0.5200425764507374,2.590136834655977
561,847,ca5639aa02e0db66,Atelectasis,off,0.1192637749806295,1.0,0.2811078687912986,0.4383383801787414,1.7521168281446275
561,847,ca5639aa02e0db66,Atelectasis,on,0.1192637749806295,1.0,0.17647963866788,0.3000040573387078,1.806733660738594
562,852,dac1670e41cf55a3,Atelectasis,off,0.1677265617005102,1.0,0.3754996329160228,0.5380556891408522,1.3669572264876286
562,852,dac1670e41cf55a3,Atelectasis,on,0.1677265617005102,1.0,0.5065413357242983,0.6724508347575822,1.0507855087228892
563,869,09c4bd6ce78609be,Atelectasis,off,0.1298334868353727,1.0,0.4176810206418596,0.5850266525957059,1.687966936593927
563,869,09c4bd6ce78609be,Atelectasis,on,0.1298334868353727,1.0,0.5923684287547457,0.7440091628405414,1.6927844342712053
564,897,02cb75ca53972049,Atelectasis,off,0.1264856804526117,1.0,0.4583074605337288,0.624350284158291,1.687406745436287
564,897,02cb75ca53972049,Atelectasis,on,0.1264856804526117,1.0,0.5453293554379307,0.7057773656787882,1.5980697512713753
565,920,5d253bd0d0de6db4,Atelectasis,off,0.1506025564180908,1.0,0.3281455311419577,0.4811272951665909,1.795935053727283
565,920,5d253bd0d0de6db4,Atelectasis,on,0.1506025564180908,1.0,0.6272057991219349,0.7708972445369269,1.5024884969642645
566,927,2d5108c8eff2ee69,Atelectasis,off,0.1358078836698195,1.0,0.4417215057956206,0.6105080527971365,1.4966073656855252
566,927,2d5108c8eff2ee69,Atelectasis,on,0.1358078836698195,1.0,0.4434339468763415,0.6144139719171491,1.239745671220065
567,960,531cd21c479c115f,Atelectasis,off,0.1166469306901744,1.0,0.2524834566889866,0.4012089890872468,1.2668875078869757
567,960,531cd21c479c115f,Atelectasis,on,0.1166469306901744,1.0,0.4160689154208588,0.5876314352558036,0.9572593408699412
568,961,4eaaeffa43a63aa2,Atelectasis,off,0.1302184602039871,1.0,0.4639170549941114,0.6325456772647287,2.0953942896787
568,961,4eaaeffa43a63aa2,Atelectasis,on,0.1302184602039871,1.0,0.3283360859310389,0.4943333753574018,2.3110313665193143
569,1006,aa5d7467210b16f2,Atelectasis,off,0.1466212495553314,1.0,0.3789994795750794,0.5468742894660167,1.2374778975759568
569,1006,aa5d7467210b16f2,Atelectasis,on,0.1466212495553314,1.0,0.4887349109468917,0.656575823655215,1.0789795542573626
570,1011,25a9407a69b30806,Atelectasis,off,0.1299845523344492,1.0,0.3704495998208179,0.5347946028343097,2.1573477874496927
570,1011,25a9407a69b30806,Atelectasis,on,0.1299845523344492,1.0,0.248426352714051,0.3979724731564694,2.5337092071560967
571,1021,a177681245ed41a8,Atelectasis,off,0.1279963354433772,1.0,0.3011595167400241,0.4618054208694689,1.6566097304549792
571,1021,a177681245ed41a8,Atelectasis,on,0.1279963354433772,1.0,0.3149583500140321,0.479024337346984,1.7702950884107067
572,1057,1939319edcfe6817,Atelectasis,off,0.1193709827541677,1.0,0.3450524321369038,0.5126867310591905,1.359631510366597
572,1057,1939319edcfe6817,Atelectasis,on,0.1193709827541677,1.0,0.3453750283450595,0.5134158435684324,0.9314986678993528
573,1068,6a9cebc92a2e4ea8,Atelectasis,off,0.158150958291303,1.0,0.3785156069229988,0.5366869207233409,1.776217419635937
573,1068,6a9cebc92a2e4ea8,Atelectasis,on,0.158150958291303,1.0,0.6028479836366629,0.7522191512812682,1.5407771884542358
574,1077,2252811e46d42f53,Atelectasis,off,0.1305888143307554,1.0,0.575570109521832,0.7256542645158524,2.229819403002974
574,1077,2252811e46d42f53,Atelectasis,on,0.1305888143307554,1.0,0.5688779869661872,0.7251845665317476,2.7200058453654097
575,1084,c0dd49da98159e6d,Atelectasis,off,0.1181819510840167,0.0,0.0,0.0,0.3319492944942034
575,1084,c0dd49da98159e6d,Atelectasis,on,0.1181819510840167,0.0,0.0002856571458144,0.0005708108654206,-0.2838941108574349
576,1088,7dbf2987649f260e,Atelectasis,off,0.1283715626507609,1.0,0.3591548455960345,0.5273946526610711,1.9135111981895208
576,1088,7dbf2987649f260e,Atelectasis,on,0.1283715626507609,1.0,0.4920108804107347,0.659525621549641,2.6166035890853925
577,1091,6562e982e1ab1185,Atelectasis,off,0.159067097446993,1.0,0.3959089474358466,0.5524199888334687,1.9256618638212677
577,1091,6562e982e1ab1185,Atelectasis,on,0.159067097446993,1.0,0.5795769074757082,0.7338095830639892,2.116265701466127
578,1124,190bb860bd0fd26b,Atelectasis,off,0.1250627409129229,1.0,0.3961374418556493,0.5664836221249763,2.3036348957148585
578,1124,190bb860bd0fd26b,Atelectasis,on,0.1250627409129229,1.0,0.397660315868867,0.5690324753538851,3.077028293108543
579,1147,b0c764398f5f135b,Atelectasis,off,0.1275041543012246,1.0,0.5903529347578412,0.7381473014965277,2.5742830396900573
579,1147,b0c764398f5f135b,Atelectasis,on,0.1275041543012246,1.0,0.4039785261034317,0.5754258570216986,3.0211436099612694
580,1150,56305bd94b986e35,Atelectasis,off,0.1554902562753095,1.0,0.4156715557018765,0.5727918854322531,2.052722710608528
580,1150,56305bd94b986e35,Atelectasis,on,0.1554902562753095,1.0,0.2991722913341185,0.4605073170165535,2.7504821747361703
581,1151,8eb936b0cfda32f5,Atelectasis,off,0.1312954110199845,1.0,0.4341482663528747,0.6027709923377274,1.5978359404786089
581,1151,8eb936b0cfda32f5,Atelectasis,on,0.1312954110199845,1.0,0.4957241824618624,0.6628550425460448,1.217988427938721
582,1154,3fb3afa6fbb4c602,Atelectasis,off,0.1514845840094732,1.0,0.6571607732765702,0.7918656154125551,2.110288967074189
582,1154,3fb3afa6fbb4c602,Atelectasis,on,0.1514845840094732,1.0,0.6813046447669466,0.810437944753919,2.2775766656610044
583,122,b2fad14eebc04be1,Edema,off,0.1286005974396834,0.0,0.2129435703975246,0.3506628026563793,1.0915357864298445
583,122,b2fad14eebc04be1,Edema,on,0.1286005974396834,0.0,0.2287122987225351,0.3722789008983461,0.9355460408215096
584,393,f0c5cd1dcaab0e47,Edema,off,0.1668250417866662,1.0,0.4528865631742512,0.6201597440661122,1.2372832859885083
584,393,f0c5cd1dcaab0e47,Edema,on,0.1668250417866662,1.0,0.4963346547322748,0.6633949236065435,1.1522338468853468
585,406,a12aaef70490156c,Edema,off,0.1110769995468035,1.0,0.3619702706944353,0.5310554791634308,1.5670565764530229
585,406,a12aaef70490156c,Edema,on,0.1110769995468035,1.0,0.396017299754886,0.5673529641586456,1.602571007669268
586,409,2eed693b117c2db9,Edema,off,0.1710207641965021,1.0,0.2781977254225806,0.4305536769987101,0.6524730024831902
586,409,2eed693b117c2db9,Edema,on,0.1710207641965021,1.0,0.3356046025224585,0.5025446925467971,0.6506774964239996
587,452,a986d76c581c681b,Edema,off,0.1447256211959514,1.0,0.5132469460449454,0.6774918713514421,1.7834329561168023
587,452,a986d76c581c681b,Edema,on,0.1447256211959514,1.0,0.5510914155538751,0.7105843379161343,1.4967796847943302
588,473,f15dea1ce3c9b5b4,Edema,off,0.1435658280094927,1.0,0.234953261244018,0.3779777180448135,1.4252538444578715
588,473,f15dea1ce3c9b5b4,Edema,on,0.1435658280094927,1.0,0.3221900630786158,0.4873574587179711,1.265853846677101
589,474,2b578ad2daf4f07c,Edema,off,0.1464701840562548,1.0,0.2872589917065425,0.4456503315376672,1.8923114189556676
589,474,2b578ad2daf4f07c,Edema,on,0.1464701840562548,1.0,0.1693396754634361,0.2896274318546167,1.815034516913398
590,487,89c88b8ef9f0c6e4,Edema,off,0.1593253707196078,1.0,0.2705609112405269,0.4193816464342765,1.045787191605273
590,487,89c88b8ef9f0c6e4,Edema,on,0.1593253707196078,1.0,0.3605807901800689,0.5300297072057918,0.7229392358054694
591,491,2a30653355f7fc52,Edema,off,0.1504758563220911,1.0,0.2356812540311867,0.376197530222742,1.2714235430448333
591,491,2a30653355f7fc52,Edema,on,0.1504758563220911,1.0,0.4364048125523626,0.6076166579658984,0.9076286951124202
592,523,80c6b3a0a74e5b10,Edema,off,0.1415093879898055,1.0,0.1463984495567598,0.2402298722573686,0.6312734046968461
592,523,80c6b3a0a74e5b10,Edema,on,0.1415093879898055,1.0,0.2521274538565241,0.3872734654663173,0.6222883922452423
593,618,19480804a2bf56f8,Edema,off,0.1690276742248147,1.0,0.1973503036306086,0.3231235204284229,0.9383675644844988
593,618,19480804a2bf56f8,Edema,on,0.1690276742248147,1.0,0.2828757176629516,0.4409757168507575,0.6662434226047413
594,644,700255422ab49a1f,Edema,off,0.1502224561300917,1.0,0.3771511511866566,0.5464702479085548,1.3324441218533585
594,644,700255422ab49a1f,Edema,on,0.1502224561300917,1.0,0.420661845308426,0.5922054192247292,1.1021584270321003
595,656,a9646397048bc84c,Edema,off,0.1438728320882612,1.0,0.217364870719884,0.3472717236992254,1.2353008840348705
595,656,a9646397048bc84c,Edema,on,0.1438728320882612,1.0,0.4480789363664799,0.6188546397315691,0.918347692742794
596,657,e9184860388b2b47,Edema,off,0.187340711177385,1.0,0.1723856311801882,0.2901079191445642,0.8732166237811446
596,657,e9184860388b2b47,Edema,on,0.187340711177385,1.0,0.2356883488924349,0.3814600315736799,0.579014269437107
597,675,66af19b43d8acd4c,Edema,off,0.1584823277731483,1.0,0.204329995090459,0.3321713317338004,1.1188226442157796
597,675,66af19b43d8acd4c,Edema,on,0.1584823277731483,1.0,0.4154538453732277,0.5870078473793564,0.875400702548233
598,692,c44da25c2b6e6e92,Edema,off,0.1838320931343167,1.0,0.2798019673443136,0.4371029689452678,0.8477760561350771
598,692,c44da25c2b6e6e92,Edema,on,0.1838320931343167,1.0,0.2894191089317923,0.4489138423688937,0.6503286600097826
599,721,fabe5ef3695a5461,Edema,off,0.1781110964918692,0.0,0.1533108220096431,0.2657469540809108,0.9379102082452452
599,721,fabe5ef3695a5461,Edema,on,0.1781110964918692,0.0,0.1626161535554325,0.2797417673137835,0.7761577300047581
600,725,921acbdad507f01a,Edema,off,0.1744952706752627,0.0,0.1471174502667758,0.25601456586981,1.409559556258355
600,725,921acbdad507f01a,Edema,on,0.1744952706752627,0.0,0.1667398480546566,0.2858216339031857,1.469499931930806
601,737,eccfc478085c5c04,Edema,off,0.1621517574765239,0.0,0.2683320501346397,0.4229653100231825,1.7971441656839096
601,737,eccfc478085c5c04,Edema,on,0.1621517574765239,0.0,0.2273963321301664,0.3705275829796833,1.8251742669719249
602,741,3d480d0e3bc6eeda,Edema,off,0.173949485646341,1.0,0.3734901935236939,0.5436957296913909,1.752674543030595
602,741,3d480d0e3bc6eeda,Edema,on,0.173949485646341,1.0,0.3631065961272496,0.5327612850552681,1.578190867384994
603,744,ec4e5ae6851c1dd7,Edema,off,0.1568206072833063,0.0,0.184846165598942,0.3119549304257008,1.6649219573022005
603,744,ec4e5ae6851c1dd7,Edema,on,0.1568206072833063,0.0,0.1709753291844177,0.2920217254035925,1.5217249855806936
604,763,b816afc73b5ccdf4,Edema,off,0.1657432178900535,1.0,0.2662178586349652,0.4156935326175287,1.1033443712854525
604,763,b816afc73b5ccdf4,Edema,on,0.1657432178900535,1.0,0.3158931216529302,0.4801088338397508,0.7099722895968943
605,774,46215ce72bf546e2,Edema,off,0.1505830640956293,0.0,0.1696249713264344,0.2892494726902017,1.601675197584862
605,774,46215ce72bf546e2,Edema,on,0.1505830640956293,0.0,0.1293793014690159,0.229114050619429,1.5652368108610066
606,775,34a1605c846fa6ff,Edema,off,0.1653582445214391,0.0,0.3667666070505834,0.5353011812319715,1.6975429763081311
606,775,34a1605c846fa6ff,Edema,on,0.1653582445214391,0.0,0.403970882225123,0.575468975492017,1.774803816491716
607,791,7275c8b6f51b35b8,Edema,off,0.1783644966838686,0.0,0.3971530778405821,0.5680881833300458,2.328087216802379
607,791,7275c8b6f51b35b8,Edema,on,0.1783644966838686,0.0,0.3327751775320551,0.4993666706892268,2.531277058554952
608,846,86976ce0ce8ac118,Edema,off,0.1512311838174738,1.0,0.5458903712531293,0.7054275338350283,2.4225590390268383
608,846,86976ce0ce8ac118,Edema,on,0.1512311838174738,1.0,0.506678028579765,0.672561370891698,3.227976218141165
609,860,01ec6fd2ecc2f08d,Edema,off,0.1816635722604759,0.0,0.1260727024010973,0.2227659865064082,0.6272342471678971
609,860,01ec6fd2ecc2f08d,Edema,on,0.1816635722604759,0.0,0.1302491805193412,0.2304683352877199,0.3617413271372571
610,871,34630c8127633573,Edema,off,0.1964972296536701,1.0,0.3852008588890004,0.5505945369448944,1.1661646132497945
610,871,34630c8127633573,Edema,on,0.1964972296536701,1.0,0.4486222472718807,0.6193745866610565,0.8627946075139997
611,888,b50198f49cbff008,Edema,off,0.1821606264832439,1.0,0.3228135269059851,0.485968585513138,1.1905853834427438
611,888,b50198f49cbff008,Edema,on,0.1821606264832439,1.0,0.3704492469168011,0.5406235210603466,0.8317237976397824
612,919,ec44a683d57116d1,Edema,off,0.1873504573386157,0.0,0.0079437508281835,0.0155460819764881,0.3203081100548823
612,919,ec44a683d57116d1,Edema,on,0.1873504573386157,0.0,0.0262176272166162,0.051093173431131,-0.1076231281101224
613,930,1d5d7295d9c4a3f1,Edema,off,0.1738763894371104,1.0,0.2707943380351794,0.4188452738087738,1.0828889413697405
613,930,1d5d7295d9c4a3f1,Edema,on,0.1738763894371104,1.0,0.3729059077665791,0.5432223341032739,0.8044187751275423
614,938,4cb2f80f7e9a2742,Edema,off,0.1672879844451267,1.0,0.2567544476412098,0.3990983398972082,1.3694715319196549
614,938,4cb2f80f7e9a2742,Edema,on,0.1672879844451267,1.0,0.4637734554344525,0.6336558924733275,0.9700478974741727
615,967,56d7a4445236725d,Edema,off,0.151455345525781,1.0,0.3258520393070387,0.4846675695517934,1.176760183207199
615,967,56d7a4445236725d,Edema,on,0.151455345525781,1.0,0.4794898307383291,0.6481735383913166,0.9938182391623428
616,1004,50ab3732ce0f912e,Edema,off,0.1806012406863247,0.0,0.4435951010678257,0.6105985816219843,1.5611998417357913
616,1004,50ab3732ce0f912e,Edema,on,0.1806012406863247,0.0,0.5136354231278257,0.6786755340086452,1.2129828062890295
617,1013,3d2a1cae5d20b5b0,Edema,off,0.1689253395318918,1.0,0.2621244510664141,0.4056884816167662,1.0573516821405866
617,1013,3d2a1cae5d20b5b0,Edema,on,0.1689253395318918,1.0,0.3269199405301479,0.4927286150678765,0.7278160398003215
618,1015,3c0096e17cc2688d,Edema,off,0.1661428105005141,1.0,0.2687569178373776,0.4202798304276605,1.202401213221143
618,1015,3c0096e17cc2688d,Edema,on,0.1661428105005141,1.0,0.3564495530012771,0.5255547641155711,0.7721981855594527
619,1040,20d2e0e9014e2b3c,Edema,off,0.1474301809374832,0.0,0.3281892746280974,0.4911054054591949,1.223299138051445
619,1040,20d2e0e9014e2b3c,Edema,on,0.1474301809374832,0.0,0.3882328012852509,0.5593147894424781,1.1403498813428568
620,1045,0977ae2cf34d956a,Edema,off,0.1459243990273331,0.0,0.2509727727561622,0.4004851447211054,1.929444799086702
620,1045,0977ae2cf34d956a,Edema,on,0.1459243990273331,0.0,0.1815119572025285,0.3072512136878711,1.9367596231306297
621,1083,53c1d93705bec81b,Edema,off,0.1819559570973982,1.0,0.3167730864458412,0.4758852717819034,1.321871877642431
621,1083,53c1d93705bec81b,Edema,on,0.1819559570973982,1.0,0.3761403129948868,0.5466514458606351,0.7880150807899875
622,1086,b460e9f1059f3ac3,Edema,off,0.1654898176980541,1.0,0.3783568898557187,0.5441810232609782,1.4097074920506003
622,1086,b460e9f1059f3ac3,Edema,on,0.1654898176980541,1.0,0.5105674665459101,0.6759912836883407,1.0748035619742466
623,1090,f5f0abf5e33c563a,Edema,off,0.1685062545989698,1.0,0.4739536516385166,0.6380849651753921,1.572755086480831
623,1090,f5f0abf5e33c563a,Edema,on,0.1685062545989698,1.0,0.5759320901684488,0.7309046186849009,1.2435573679733722
624,1093,3c166be90502b65a,Edema,off,0.1500860098728613,1.0,0.2363532468263365,0.3761953872536077,1.076800315067413
624,1093,3c166be90502b65a,Edema,on,0.1500860098728613,1.0,0.4153201162410601,0.5868812383424307,0.8620556440969545
625,1116,3b432a10b30bb91a,Edema,off,0.1498569750839388,1.0,0.3488745093693786,0.5097256585298127,1.8455262484455843
625,1116,3b432a10b30bb91a,Edema,on,0.1498569750839388,1.0,0.2434032993006976,0.391482425841278,1.7486094737305575
626,1122,b4af76bb65a3b727,Edema,off,0.155012694375003,0.0,0.2097459986521284,0.3456998295217138,0.9736245204781724
626,1122,b4af76bb65a3b727,Edema,on,0.155012694375003,0.0,0.2569440879958298,0.4088384821211829,0.7284727549310523
627,1139,f716986d2b4594bf,Edema,off,0.1495061132796319,1.0,0.1516684422145091,0.2594377027501008,1.100381922942825
627,1139,f716986d2b4594bf,Edema,on,0.1495061132796319,1.0,0.3286166440387276,0.4945986587002756,0.7554277138534143
628,1156,41875f28d1a6bb51,Edema,off,0.1831547349287799,1.0,0.2425402722139074,0.3820221078455217,1.1289928335691812
628,1156,41875f28d1a6bb51,Edema,on,0.1831547349287799,1.0,0.4007543323837991,0.5721738943913971,0.8448039821813751
629,2,7fdc846bf5c6595f,Cardiomegaly,off,0.1650268750395938,1.0,0.3887817604346005,0.5539375970001293,1.7961096625353077
629,2,7fdc846bf5c6595f,Cardiomegaly,on,0.1650268750395938,1.0,0.5157943785686275,0.6805596862917395,1.6273555560117383
630,10,6facf74a81a28169,Cardiomegaly,off,0.1560555336266927,1.0,0.2603105620846145,0.4065816732291599,1.3096263900828862
630,10,6facf74a81a28169,Cardiomegaly,on,0.1560555336266927,1.0,0.5020657618622473,0.6684989015403999,1.1125520424765851
631,34,ecc14faa47ae7453,Cardiomegaly,off,0.18904141631215,0.0,0.2375040096082228,0.3768557822847709,1.295500853134424
631,34,ecc14faa47ae7453,Cardiomegaly,on,0.18904141631215,0.0,0.3289038071752178,0.4949975110654822,0.8896857171000785
632,58,9602f43496ca35c1,Cardiomegaly,off,0.1464896763787163,1.0,0.3652000990947112,0.5273253216285034,1.5255351645975377
632,58,9602f43496ca35c1,Cardiomegaly,on,0.1464896763787163,1.0,0.5310130328690773,0.6936741180687945,1.192404425351967
633,121,283cfccc2232dcf2,Cardiomegaly,off,0.135997933813819,1.0,0.3142850736386605,0.4699656006318024,1.283992965625239
633,121,283cfccc2232dcf2,Cardiomegaly,on,0.135997933813819,1.0,0.4852423317464274,0.653403214688544,1.0396359299049542
634,140,c733667e05c1cd2d,Cardiomegaly,off,0.1886028390567665,1.0,0.1892966894406724,0.3106419217371718,0.7733619669830073
634,140,c733667e05c1cd2d,Cardiomegaly,on,0.1886028390567665,1.0,0.3154823521948418,0.4796388873896789,0.5880528774972789
635,154,71b3c95f452d8a44,Cardiomegaly,off,0.1718199494174232,1.0,0.2588061089016063,0.4067411078173631,1.0613650812138855
635,154,71b3c95f452d8a44,Cardiomegaly,on,0.1718199494174232,1.0,0.4008383619661017,0.5722621461691334,0.8256165385334666
636,157,79fce779b6f1da93,Cardiomegaly,off,0.146002368317179,1.0,0.2624744314267321,0.4081300216409108,1.3006995585171095
636,157,79fce779b6f1da93,Cardiomegaly,on,0.146002368317179,1.0,0.4430420432214009,0.6140319260163827,0.966935252132683
637,168,2ac3080c1a1a1970,Cardiomegaly,off,0.1889926855059963,1.0,0.3219897451702798,0.4852130954248665,0.9561078478113708
637,168,2ac3080c1a1a1970,Cardiomegaly,on,0.1889926855059963,1.0,0.3446405273665873,0.512609576031203,0.6918498493906725
638,183,90db5c1b12d21d6d,Cardiomegaly,off,0.1658747910666686,1.0,0.2361545513638258,0.3724604283245177,1.3029822511217832
638,183,90db5c1b12d21d6d,Cardiomegaly,on,0.1658747910666686,1.0,0.4264549041279786,0.5979207261587025,0.9025773268309092
639,211,1223e669033e37be,Cardiomegaly,off,0.1577123810359194,1.0,0.3789436550758854,0.5488254607399499,1.293102961233236
639,211,1223e669033e37be,Cardiomegaly,on,0.1577123810359194,1.0,0.413199080769847,0.5847711797574604,1.0327667088433812
640,213,e1ceb68cb23d7857,Cardiomegaly,off,0.146250895428563,1.0,0.2307338826550363,0.3644302964762818,0.8826734240380246
640,213,e1ceb68cb23d7857,Cardiomegaly,on,0.146250895428563,1.0,0.4585847852063885,0.6288068736379862,1.0174602103240584
641,220,ef96461e46f8d094,Cardiomegaly,off,0.2020622877164257,1.0,0.3168015208436613,0.4796307100001897,1.3236700790715554
641,220,ef96461e46f8d094,Cardiomegaly,on,0.2020622877164257,1.0,0.3438296086671296,0.5117148796432482,0.8420061378900973
642,234,e5f4624cd98d6640,Cardiomegaly,off,0.1442919170211832,1.0,0.3258562767010665,0.4839548122939884,1.023573917575738
642,234,e5f4624cd98d6640,Cardiomegaly,on,0.1442919170211832,1.0,0.4339130529331022,0.6052152225109648,0.88877331838685
643,283,7a77793683be9602,Cardiomegaly,off,0.1524543270519324,1.0,0.4438793936749999,0.6126380968210688,1.4310043654076536
643,283,7a77793683be9602,Cardiomegaly,on,0.1524543270519324,1.0,0.5002410801671917,0.6668807536512765,1.2210965073023303
644,309,6c8f5f81c8357205,Cardiomegaly,off,0.1584335969669946,1.0,0.3600161552725857,0.5225008904678068,1.2945534805366574
644,309,6c8f5f81c8357205,Cardiomegaly,on,0.1584335969669946,1.0,0.5144864444563134,0.6794191733065591,1.0875341269113308
645,373,1f924d5148e24902,Cardiomegaly,off,0.1628388618432914,1.0,0.370551984953707,0.5337267751520541,1.6763403211425023
645,373,1f924d5148e24902,Cardiomegaly,on,0.1628388618432914,1.0,0.5892622581310725,0.7415321157779459,1.6454548753713856
646,381,df722b3c373914e1,Cardiomegaly,off,0.1691056435146606,1.0,0.2577060810903812,0.3943050051006954,1.393349234182598
646,381,df722b3c373914e1,Cardiomegaly,on,0.1691056435146606,1.0,0.5005307259778731,0.6671380259340541,1.138280597876297
647,392,affb1addb7bb42ed,Cardiomegaly,off,0.1532632584340842,1.0,0.2463972799858423,0.3912542231436046,1.4934614983239105
647,392,affb1addb7bb42ed,Cardiomegaly,on,0.1532632584340842,1.0,0.4871038771052206,0.6550994365779623,1.5197190073244236
648,410,5ba1bc09602544c8,Cardiomegaly,off,0.1603243522457592,1.0,0.3046070119463716,0.4614384933553171,1.3142898664385247
648,410,5ba1bc09602544c8,Cardiomegaly,on,0.1603243522457592,1.0,0.4126971338647031,0.5842651946119851,1.053304476330253
649,419,eb5032a8b3f8052a,Cardiomegaly,off,0.1634236315171361,1.0,0.3351036215380484,0.4994179067600132,1.25198306665239
649,419,eb5032a8b3f8052a,Cardiomegaly,on,0.1634236315171361,1.0,0.4237015750204156,0.5952107369210563,0.9059572655125616
650,420,5940198741acd68e,Cardiomegaly,off,0.1842365588253926,1.0,0.2658372518885086,0.4132772616932492,0.9946645944062362
650,420,5940198741acd68e,Cardiomegaly,on,0.1842365588253926,1.0,0.349008270775077,0.5174293875081603,0.7404837658473985
651,421,404e5dadeda8d710,Cardiomegaly,off,0.1539893474457748,1.0,0.3021043008921463,0.4624286395261038,0.971812946131623
651,421,404e5dadeda8d710,Cardiomegaly,on,0.1539893474457748,1.0,0.3623061937584951,0.5319001280928788,0.7472623095320555
652,424,5fbe41e547784e0c,Cardiomegaly,off,0.1577270002777656,1.0,0.3719654136332128,0.5332734360477202,1.5905102287844624
652,424,5fbe41e547784e0c,Cardiomegaly,on,0.1577270002777656,1.0,0.4985403129617453,0.6653678429820815,1.2823125992135
653,447,570ab29238338c71,Cardiomegaly,off,0.1378838160119682,1.0,0.2846376906624289,0.437547476464376,1.0139361436552294
653,447,570ab29238338c71,Cardiomegaly,on,0.1378838160119682,1.0,0.4456593132423632,0.6165428621791218,0.9663953418020228
654,448,30e47bf53ecb4626,Cardiomegaly,off,0.1688035125165075,1.0,0.3250621822539249,0.4850362465011459,1.491249571739972
654,448,30e47bf53ecb4626,Cardiomegaly,on,0.1688035125165075,1.0,0.5062806317862489,0.6722164728101802,1.0936257217855128
655,461,f58f795f86d14ebd,Cardiomegaly,off,0.1520206228771642,1.0,0.2405587806026921,0.383691009872923,0.9907844344090706
655,461,f58f795f86d14ebd,Cardiomegaly,on,0.1520206228771642,1.0,0.3615365555915707,0.5310627843825502,0.7328890986314662
656,464,57bcef4f82bf8195,Cardiomegaly,off,0.1485071317534806,1.0,0.327313319069084,0.4835849481514521,1.29872079268796
656,464,57bcef4f82bf8195,Cardiomegaly,on,0.1485071317534806,1.0,0.4829839718621395,0.6513669876095072,1.1138204609454123
657,465,996f10d9aa33dbb7,Cardiomegaly,off,0.1465871379910238,1.0,0.2368835564864478,0.3804460896999357,0.5945905073875127
657,465,996f10d9aa33dbb7,Cardiomegaly,on,0.1465871379910238,1.0,0.3373839216633637,0.5045409766864145,0.6851552216190712
658,466,efc98b588af63774,Cardiomegaly,off,0.1778918078641775,1.0,0.3539600842415983,0.5221040799601434,1.1179164749313475
658,466,efc98b588af63774,Cardiomegaly,on,0.1778918078641775,1.0,0.3712561692840194,0.5414801213970258,0.8604595792092035
659,468,62f30234391874f1,Cardiomegaly,off,0.152371484681471,1.0,0.4242239124893895,0.5900105140005436,2.16288853274995
659,468,62f30234391874f1,Cardiomegaly,on,0.152371484681471,1.0,0.525784653650585,0.6891975250400867,2.520788491277436
660,469,701deb57a48ea40e,Cardiomegaly,off,0.1791003318567899,1.0,0.2878419081829104,0.4441340612560138,1.014953403895044
660,469,701deb57a48ea40e,Cardiomegaly,on,0.1791003318567899,1.0,0.3496088505086098,0.5180859986114077,0.6414554198298918
661,471,2cbf5e21fd5120c6,Cardiomegaly,off,0.1595495324279149,1.0,0.2976614154186623,0.4527532113633239,1.5707551761463576
661,471,2cbf5e21fd5120c6,Cardiomegaly,on,0.1595495324279149,1.0,0.4720167418475488,0.6412974686145054,1.2918736652387584
662,472,ecf3e07abdbb2152,Cardiomegaly,off,0.1880278155441525,1.0,0.3595059332224909,0.5247871906803325,1.2340639866084278
662,472,ecf3e07abdbb2152,Cardiomegaly,on,0.1880278155441525,1.0,0.4544321617972862,0.6248890887975296,0.891073514209835
663,475,79a1d67e9168770a,Cardiomegaly,off,0.1563284261411536,1.0,0.4284905954486048,0.5918004903324727,1.5780821587980558
663,475,79a1d67e9168770a,Cardiomegaly,on,0.1563284261411536,1.0,0.556803043367192,0.7153158582949339,1.263694484324189
664,476,2004e3665e3f10dc,Cardiomegaly,off,0.1719320302715767,1.0,0.3173490452026363,0.4713287852556138,1.0754235610533125
664,476,2004e3665e3f10dc,Cardiomegaly,on,0.1719320302715767,1.0,0.4552611826478608,0.6256746970588022,0.8922906594274591
665,477,47f95af5fe0a0150,Cardiomegaly,off,0.1794268282580198,1.0,0.306719714521947,0.4602586479555164,0.9124258344995876
665,477,47f95af5fe0a0150,Cardiomegaly,on,0.1794268282580198,1.0,0.4205448099226144,0.5920892612621331,0.844123074370013
666,479,3291160dec18f107,Cardiomegaly,off,0.1657968217768226,1.0,0.2785018093323732,0.431221921205019,0.9900717381168486
666,479,3291160dec18f107,Cardiomegaly,on,0.1657968217768226,1.0,0.3757108513299961,0.5462008200729043,0.7111392532024344
667,483,5c68c7c5bcf114db,Cardiomegaly,off,0.1649294134272863,1.0,0.3345724118038112,0.4999296516394098,1.11280664324475
667,483,5c68c7c5bcf114db,Cardiomegaly,on,0.1649294134272863,1.0,0.3563403804025657,0.5254412061316464,0.7602744859627886
668,486,2e12dfdc50b6087d,Cardiomegaly,off,0.1640425127552885,1.0,0.215179725937904,0.3520392612835207,0.9234553926053716
668,486,2e12dfdc50b6087d,Cardiomegaly,on,0.1640425127552885,1.0,0.2955747928587425,0.4562809730919765,0.6041056413260276
669,488,abb7ad451d66b842,Cardiomegaly,off,0.1882081195269213,1.0,0.321820828094749,0.4790816527254871,0.9461488722503542
669,488,abb7ad451d66b842,Cardiomegaly,on,0.1882081195269213,1.0,0.4574901019026197,0.627776454398854,0.8708353034756836
670,489,bd7d26f21807cd30,Cardiomegaly,off,0.1549834558913108,1.0,0.2093508685543839,0.3373074101082131,1.152471336616791
670,489,bd7d26f21807cd30,Cardiomegaly,on,0.1549834558913108,1.0,0.4893137159662262,0.6570814862721672,1.0340401037411098
671,492,08ed699a1c98210c,Cardiomegaly,off,0.1683015852131242,1.0,0.2394522227685335,0.3787760889757195,1.5187892521670214
671,492,08ed699a1c98210c,Cardiomegaly,on,0.1683015852131242,1.0,0.5393527697374579,0.7007233651684979,1.224399705363151
672,497,9c100e752176fe88,Cardiomegaly,off,0.1254866989264603,1.0,0.2645620762165094,0.4135244090393318,1.197389034998419
672,497,9c100e752176fe88,Cardiomegaly,on,0.1254866989264603,1.0,0.5431807362716577,0.7039682848288041,1.2538405317718904
673,498,7cc075c5945a979b,Cardiomegaly,off,0.141489895667344,1.0,0.2600833641301366,0.4066287682324813,1.0796143461856735
673,498,7cc075c5945a979b,Cardiomegaly,on,0.141489895667344,1.0,0.4459077778024,0.6167849958109037,1.09753831722234
674,503,2183bc0d130fce0a,Cardiomegaly,off,0.1460316068008713,1.0,0.3154020943524651,0.4721678707592741,1.425456799698729
674,503,2183bc0d130fce0a,Cardiomegaly,on,0.1460316068008713,1.0,0.4783653877492693,0.6471519893258559,1.145621379567794
675,504,4376708f8d89c7cd,Cardiomegaly,off,0.13594432992705,1.0,0.4500973210968682,0.6180455345628211,1.3224300973224763
675,504,4376708f8d89c7cd,Cardiomegaly,on,0.13594432992705,1.0,0.5159912059130057,0.6807303290924122,1.2615030403387062
676,506,cbcdda51d2f214f6,Cardiomegaly,off,0.1489944398150178,1.0,0.3926760440515069,0.5578975294182424,1.5036815138127968
676,506,cbcdda51d2f214f6,Cardiomegaly,on,0.1489944398150178,1.0,0.4820561236295284,0.6505173689006101,1.1094642288015053
677,507,0c4b5afba7f6553d,Cardiomegaly,off,0.1474545463405601,0.0,0.3807355364404649,0.5333429075232134,1.3761613716919812
677,507,0c4b5afba7f6553d,Cardiomegaly,on,0.1474545463405601,0.0,0.5201726737003215,0.6843589086225397,1.4148026182466156
678,510,0360f2df64ba5ada,Cardiomegaly,off,0.1645346938974411,1.0,0.2637444212363907,0.4119437147464793,1.1638021499094562
678,510,0360f2df64ba5ada,Cardiomegaly,on,0.1645346938974411,1.0,0.3705838381644182,0.540757322772536,0.7530652559044599
679,511,680f7b75961eb8f4,Cardiomegaly,off,0.1605192754703741,1.0,0.1801099107186847,0.2997114263302692,0.7276555224687742
679,511,680f7b75961eb8f4,Cardiomegaly,on,0.1605192754703741,1.0,0.3605251396446901,0.529971203264154,0.6981642705855808
680,514,6b159bebb304e63d,Cardiomegaly,off,0.1740469472586485,1.0,0.2852068180117393,0.4430350425203516,0.9088068379796236
680,514,6b159bebb304e63d,Cardiomegaly,on,0.1740469472586485,1.0,0.3143354480029266,0.4783179776521027,0.7488395864833541
681,526,a8847f04ce4b65e8,Cardiomegaly,off,0.1392580247455033,1.0,0.1602173605612384,0.2733001442592053,1.1981542439279629
681,526,a8847f04ce4b65e8,Cardiomegaly,on,0.1392580247455033,1.0,0.3983817566361163,0.5697499656635944,0.8399770645863422
682,530,71e5e13c90e27554,Cardiomegaly,off,0.1730625849743432,1.0,0.3749094998195525,0.5429002545879101,1.515809790795586
682,530,71e5e13c90e27554,Cardiomegaly,on,0.1730625849743432,1.0,0.4741005992551578,0.6432379250612751,1.1183573362720396
683,531,608d260223d49da3,Cardiomegaly,off,0.1627219079085225,1.0,0.2888060259526985,0.4359147501704172,1.3084372830733115
683,531,608d260223d49da3,Cardiomegaly,on,0.1627219079085225,1.0,0.4563784970365042,0.6267124556159505,1.040347421577153
684,532,ee2e70dd281aedf8,Cardiomegaly,off,0.1881447694789215,1.0,0.2996789512709986,0.4603958063775064,0.875343021196289
684,532,ee2e70dd281aedf8,Cardiomegaly,on,0.1881447694789215,1.0,0.3094616661838492,0.4726537952454196,0.5650989751306204
685,533,95d1ebe0176d42c5,Cardiomegaly,off,0.1853378750444668,1.0,0.2654710542791741,0.4173637706205529,0.8640184858028243
685,533,95d1ebe0176d42c5,Cardiomegaly,on,0.1853378750444668,1.0,0.3069998815881503,0.4697692254566462,0.6427650197518411
686,534,c33c367dac2cf404,Cardiomegaly,off,0.1559093412082316,1.0,0.1892166272764734,0.3169310907461738,0.9466676717727588
686,534,c33c367dac2cf404,Cardiomegaly,on,0.1559093412082316,1.0,0.3514123167872628,0.5200589157239379,0.8203782882248732
687,536,241d1f811631bde9,Cardiomegaly,off,0.1777894731712546,1.0,0.3559349931218791,0.5182317209796083,1.62398644331673
687,536,241d1f811631bde9,Cardiomegaly,on,0.1777894731712546,1.0,0.5220457975540531,0.685979024899929,1.1947328903779824
688,538,9949a1b3294f1d69,Cardiomegaly,off,0.1623369345399081,1.0,0.4327322058599254,0.5906784484838952,2.297888296062224
688,538,9949a1b3294f1d69,Cardiomegaly,on,0.1623369345399081,1.0,0.7393957749859423,0.8501714732191846,1.939306613155092
689,539,35e33ad272c6a698,Cardiomegaly,off,0.1662256528709754,1.0,0.2235919232665288,0.3594467019501889,0.654949016805873
689,539,35e33ad272c6a698,Cardiomegaly,on,0.1662256528709754,1.0,0.3130138037958904,0.4767836089239957,0.5594211123691173
690,540,2547cf6ac257f1fb,Cardiomegaly,off,0.1682187428426628,1.0,0.2145757747315103,0.3472659782616331,0.7636858966547525
690,540,2547cf6ac257f1fb,Cardiomegaly,on,0.1682187428426628,1.0,0.3231316775576716,0.4884310950629887,0.5791624559028903
691,542,11b5f13c4f987989,Cardiomegaly,off,0.1615377493189869,1.0,0.3435304698151831,0.5033355081514584,1.4614034160746558
691,542,11b5f13c4f987989,Cardiomegaly,on,0.1615377493189869,1.0,0.491631102085216,0.6591672715117678,1.0477818238567689
692,543,f6ca28625cd3db34,Cardiomegaly,off,0.1565720801719222,1.0,0.3622311512025521,0.5185369952696484,1.763965725871433
692,543,f6ca28625cd3db34,Cardiomegaly,on,0.1565720801719222,1.0,0.6488267437767935,0.7870161210734776,1.577202532917089
693,544,06cef2e1a825b8c0,Cardiomegaly,off,0.1801675365115565,1.0,0.3222106006481725,0.477454680044653,1.6111047349465368
693,544,06cef2e1a825b8c0,Cardiomegaly,on,0.1801675365115565,1.0,0.6026555739208401,0.7520491203952815,1.3436901725796833
694,548,2ec66809201014ac,Cardiomegaly,off,0.1823360573853973,1.0,0.4240313789499642,0.5905597266235101,1.5904229457414545
694,548,2ec66809201014ac,Cardiomegaly,on,0.1823360573853973,1.0,0.4958079259899402,0.6629269425684823,1.3719529848682652
695,550,4b73dc561cd967c1,Cardiomegaly,off,0.1675998616045105,1.0,0.2009785175584598,0.3335855778905673,1.0174079148221622
695,550,4b73dc561cd967c1,Cardiomegaly,on,0.1675998616045105,1.0,0.2575441791808809,0.4095902763898161,0.5984141590736468
696,551,972349289dd76549,Cardiomegaly,off,0.1885979659761511,1.0,0.2738104504006474,0.4257080632021001,1.380788185601437
696,551,972349289dd76549,Cardiomegaly,on,0.1885979659761511,1.0,0.3438533827729015,0.5117373705672776,1.045739641866043
697,556,7544b8fd9fae86bb,Cardiomegaly,off,0.1467235842482542,1.0,0.4141441869112784,0.5763142522456414,1.6721443504296187
697,556,7544b8fd9fae86bb,Cardiomegaly,on,0.1467235842482542,1.0,0.5900229130422504,0.7421533553770251,1.442297698928564
698,563,1c8da14e96dece38,Cardiomegaly,off,0.1593204976389924,1.0,0.3614188039474534,0.5281569150729143,1.3765097261346009
698,563,1c8da14e96dece38,Cardiomegaly,on,0.1593204976389924,1.0,0.4155699183154239,0.587138474651794,0.918592207570124
699,564,5f920ed6737c40a1,Cardiomegaly,off,0.1274895350593785,1.0,0.2495470073093798,0.3972645634082749,1.1086971882608367
699,564,5f920ed6737c40a1,Cardiomegaly,on,0.1274895350593785,1.0,0.4166192570334676,0.5881833277865909,0.913574144860042
700,575,214a8fe9f196e531,Cardiomegaly,off,0.1702313251368117,1.0,0.3946031437479841,0.5602279212124257,1.4427178462385404
700,575,214a8fe9f196e531,Cardiomegaly,on,0.1702313251368117,1.0,0.5016074968233176,0.6680930097769597,1.0993715409575442
701,576,2f0b25b0451b7721,Cardiomegaly,off,0.1753042020574146,1.0,0.4640766376390536,0.6312483893371261,2.023429108570612
701,576,2f0b25b0451b7721,Cardiomegaly,on,0.1753042020574146,1.0,0.5174494065376793,0.6819987451502001,1.923955221062713
702,577,a3ec37f62a93ffbf,Cardiomegaly,off,0.1468649035861,1.0,0.3682490518880205,0.5307072086599438,1.2390763650817005
702,577,a3ec37f62a93ffbf,Cardiomegaly,on,0.1468649035861,1.0,0.4838612009225693,0.6521644103407647,1.1389360866006688
703,580,797c2f40115e9520,Cardiomegaly,off,0.1599101403934525,1.0,0.3771917520997229,0.5423080940360255,1.479162314733563
703,580,797c2f40115e9520,Cardiomegaly,on,0.1599101403934525,1.0,0.4729884762017803,0.6422152610794896,1.1091872676074668
704,581,1dd35bdc701058b8,Cardiomegaly,off,0.1452811523861039,1.0,0.3581271071896816,0.5141170215565899,1.6566263878379808
704,581,1dd35bdc701058b8,Cardiomegaly,on,0.1452811523861039,1.0,0.5948647829624722,0.7459751564391934,1.4593196388585514
705,582,1721365ffc626d65,Cardiomegaly,off,0.1764055182764888,1.0,0.3159783188086844,0.4754955655545984,1.112791380582293
705,582,1721365ffc626d65,Cardiomegaly,on,0.1764055182764888,1.0,0.4371182622834055,0.6083087564058003,0.8886002139597579
706,583,8e7589220df31a0d,Cardiomegaly,off,0.1339122553104396,1.0,0.2043906167723485,0.3367644715628062,1.0873007305742914
706,583,8e7589220df31a0d,Cardiomegaly,on,0.1339122553104396,1.0,0.4262043663388273,0.5976733086813282,0.8957609368078223
707,585,af0c034956436e0a,Cardiomegaly,off,0.1776432807527934,1.0,0.2938070845324352,0.4509037832134783,0.9079257352745568
707,585,af0c034956436e0a,Cardiomegaly,on,0.1776432807527934,1.0,0.3728782644403224,0.5432058167271251,0.7007286405421529
708,586,9b93318ddb7cd62b,Cardiomegaly,off,0.1737107046961878,1.0,0.2594467150915398,0.4015297553030755,1.163636838716487
708,586,9b93318ddb7cd62b,Cardiomegaly,on,0.1737107046961878,1.0,0.4371174235137518,0.6083048943499013,0.9219755858519596
709,590,89f9b7849e46caa9,Cardiomegaly,off,0.1667860571417433,1.0,0.3416215530667378,0.5029903193184526,1.328555214527404
709,590,89f9b7849e46caa9,Cardiomegaly,on,0.1667860571417433,1.0,0.4648215299057716,0.6346417549009893,0.9278910803013491
710,591,9386dc7a34a1e7dd,Cardiomegaly,off,0.172877407910959,1.0,0.3389354778209583,0.501618650236009,1.2686842017290054
710,591,9386dc7a34a1e7dd,Cardiomegaly,on,0.172877407910959,1.0,0.4473461421354733,0.6181555770969974,0.8788220495230632
711,593,126026090474fbb9,Cardiomegaly,off,0.1528393004205468,1.0,0.2704363591812631,0.4200952876812293,1.2665471063588611
711,593,126026090474fbb9,Cardiomegaly,on,0.1528393004205468,1.0,0.3672072284965755,0.5371600757159174,0.9132861848080628
712,595,dcd8247a468ccb75,Cardiomegaly,off,0.1684721430346622,1.0,0.308398868484781,0.4692496019094454,1.1235422550562226
712,595,dcd8247a468ccb75,Cardiomegaly,on,0.1684721430346622,1.0,0.3446528971291906,0.5126161618566714,0.7640966701897078
713,596,7dbc96c71e7336c3,Cardiomegaly,off,0.1552466022445409,1.0,0.1773675392723303,0.2996485820264427,0.5190941925788296
713,596,7dbc96c71e7336c3,Cardiomegaly,on,0.1552466022445409,1.0,0.233506584896401,0.3786023313703195,0.391229304726507
714,598,b38df7a297c10dd5,Cardiomegaly,off,0.139633251952887,1.0,0.2874305226446064,0.4426796922281749,1.2751924856241563
714,598,b38df7a297c10dd5,Cardiomegaly,on,0.139633251952887,1.0,0.4635777923443452,0.6334786049488803,0.996678599290242
715,599,07c65ac7e61ec610,Cardiomegaly,off,0.156006802820539,1.0,0.3114229475876598,0.4688872554618883,1.3042174518086178
715,599,07c65ac7e61ec610,Cardiomegaly,on,0.156006802820539,1.0,0.4527054149854115,0.623258356483704,1.042557409099644
716,600,79f54cb01230a30e,Cardiomegaly,off,0.1615280031577562,1.0,0.355989342211247,0.5192259448304894,1.5561445804980687
716,600,79f54cb01230a30e,Cardiomegaly,on,0.1615280031577562,1.0,0.4745445062504164,0.6436451818587825,1.0727283691994978
717,601,cc33d850a281e99f,Cardiomegaly,off,0.1849236631921602,1.0,0.313165331600373,0.4719292379790473,0.9907502346135952
717,601,cc33d850a281e99f,Cardiomegaly,on,0.1849236631921602,1.0,0.3978954389323664,0.5692583459839753,0.7607758161123929
718,602,bedf19097d27d0ba,Cardiomegaly,off,0.1713034028721937,1.0,0.3153250876164892,0.4682840112319235,1.4003257106642182
718,602,bedf19097d27d0ba,Cardiomegaly,on,0.1713034028721937,1.0,0.5232467384048135,0.6870142582960276,1.1290993596117531
719,605,0b84b77a60ffbb36,Cardiomegaly,off,0.1463386108796397,1.0,0.229300896000766,0.3663665089896901,1.135325242342038
719,605,0b84b77a60ffbb36,Cardiomegaly,on,0.1463386108796397,1.0,0.4241154182189383,0.5956179703891334,0.9289842721343328
720,607,cd9b8a1ed4c43573,Cardiomegaly,off,0.1637208894346739,1.0,0.2643148462630869,0.4177789438267527,1.0649610834600824
720,607,cd9b8a1ed4c43573,Cardiomegaly,on,0.1637208894346739,1.0,0.2843070462348859,0.4427379541692757,0.7323232858610228
721,609,0f372aae9c5752a3,Cardiomegaly,off,0.1765663299367961,1.0,0.3791512618700069,0.5361663821829488,1.6261891730857363
721,609,0f372aae9c5752a3,Cardiomegaly,on,0.1765663299367961,1.0,0.5547820072591313,0.713642960114659,1.251808042720549
722,617,0bb24a56c2670768,Cardiomegaly,off,0.1799092632389417,1.0,0.3095371873057003,0.4709412872692213,1.1109522468396789
722,617,0bb24a56c2670768,Cardiomegaly,on,0.1799092632389417,1.0,0.3491327919702352,0.5175537530010519,0.8242673304605983
723,619,f6ce4753c7645ea2,Cardiomegaly,off,0.1591304474949929,1.0,0.2466266585188052,0.3858212852516576,1.381582844794758
723,619,f6ce4753c7645ea2,Cardiomegaly,on,0.1591304474949929,1.0,0.4947668522017789,0.6619812986678916,1.0488636035317636
724,620,bf9fef80db09bc13,Cardiomegaly,off,0.1774629767700247,1.0,0.3369516240177439,0.4984349029757894,1.532565735548596
724,620,bf9fef80db09bc13,Cardiomegaly,on,0.1774629767700247,1.0,0.4859200196743917,0.6540287251171282,1.078885821104395
725,625,54b1d80e19cdd92e,Cardiomegaly,off,0.1654995638592849,1.0,0.348071194093475,0.5137948961843233,1.210700073031944
725,625,54b1d80e19cdd92e,Cardiomegaly,on,0.1654995638592849,1.0,0.4232643551162107,0.5947769381310586,0.9160390213109766
726,626,61dae602d0b69f43,Cardiomegaly,off,0.1512019453337816,1.0,0.1980757771784378,0.3244061776117475,1.4118354302197964
726,626,61dae602d0b69f43,Cardiomegaly,on,0.1512019453337816,1.0,0.4178719553756383,0.5894176258812889,0.880254020737985
727,627,9d878e929646cca4,Cardiomegaly,off,0.1691202627565067,1.0,0.3076421996076375,0.4680587131780066,1.2094194939315035
727,627,9d878e929646cca4,Cardiomegaly,on,0.1691202627565067,1.0,0.4281353864009812,0.5995644617196982,0.9583344646783072
728,628,79d33f7627032c13,Cardiomegaly,off,0.1656896140032844,1.0,0.3386879530838405,0.4994430588509981,1.376722677317174
728,628,79d33f7627032c13,Cardiomegaly,on,0.1656896140032844,1.0,0.5225508484265875,0.6864067124869997,1.0805328832297152
729,629,ab728b61f30384c1,Cardiomegaly,off,0.1379958968661218,1.0,0.3271853183152295,0.4867374565298422,1.3407277815891296
729,629,ab728b61f30384c1,Cardiomegaly,on,0.1379958968661218,1.0,0.4518157181447857,0.6224142536519135,1.0828548828547169
730,630,905c8db3c75a119a,Cardiomegaly,off,0.1634382507589823,1.0,0.3663391384210447,0.5230163045581333,1.9403241219293743
730,630,905c8db3c75a119a,Cardiomegaly,on,0.1634382507589823,1.0,0.6254591857907443,0.7695736434775033,1.441165930727308
731,631,e2845c008a174e95,Cardiomegaly,off,0.1460121144784098,1.0,0.2992496611929159,0.4567105799208105,1.0344644461278574
731,631,e2845c008a174e95,Cardiomegaly,on,0.1460121144784098,1.0,0.3802799728196054,0.5510181657780826,0.8818213548799538
732,632,ee1610fae5db6897,Cardiomegaly,off,0.1426301965313412,1.0,0.4358797288438145,0.6041681348567083,1.5210760472996834
732,632,ee1610fae5db6897,Cardiomegaly,on,0.1426301965313412,1.0,0.5165629653262623,0.6812283727299653,1.4232286928113778
733,635,61884254369ca7b6,Cardiomegaly,off,0.1785448006666374,1.0,0.2774871058786975,0.4236903104363939,1.2345880082555365
733,635,61884254369ca7b6,Cardiomegaly,on,0.1785448006666374,1.0,0.4314193203216172,0.6027815431012522,0.9508541036686884
734,638,e36010bbb7371368,Cardiomegaly,off,0.1593546092033,1.0,0.3171961897574464,0.4778183004063046,1.0734806508006511
734,638,e36010bbb7371368,Cardiomegaly,on,0.1593546092033,1.0,0.4207170902097644,0.5922581126234325,0.8434125421085756
735,639,6edd6abbc9ad1532,Cardiomegaly,off,0.1688132586777383,1.0,0.3383669371754882,0.5037305603605614,0.877258687187428
735,639,6edd6abbc9ad1532,Cardiomegaly,on,0.1688132586777383,1.0,0.3736155285189978,0.5439866466391122,0.6986751004467067
736,640,d1e93953200c1186,Cardiomegaly,off,0.164690632477133,1.0,0.3188063728430459,0.4707421258706276,1.2459478507674444
736,640,d1e93953200c1186,Cardiomegaly,on,0.164690632477133,1.0,0.4813178566390537,0.6498297065297006,1.0129243357547038
737,641,294947320c2cca4a,Cardiomegaly,off,0.144433236359029,1.0,0.295065221902879,0.4470922116377025,1.3606080101221851
737,641,294947320c2cca4a,Cardiomegaly,on,0.144433236359029,1.0,0.4861309597498865,0.6542077934351676,1.0290532046712892
738,649,163c8088c230cf46,Cardiomegaly,off,0.1545107670716196,1.0,0.3923747627663746,0.5576129884532851,1.445616064013917
738,649,163c8088c230cf46,Cardiomegaly,on,0.1545107670716196,1.0,0.548373349136518,0.7083198991583595,1.2025617541284592
739,652,8178baafc2b7ba5b,Cardiomegaly,off,0.1428592313202637,1.0,0.3476563492984709,0.5029304409184586,1.6628033069841814
739,652,8178baafc2b7ba5b,Cardiomegaly,on,0.1428592313202637,1.0,0.5747482268535677,0.7299554315617472,1.4308917007761728
740,658,02bb8bdaddf67809,Cardiomegaly,off,0.1845191975010842,1.0,0.2760639339362249,0.4287131577255396,1.0042099141430496
740,658,02bb8bdaddf67809,Cardiomegaly,on,0.1845191975010842,1.0,0.3439816290296688,0.5118796673503494,0.6358592919096209
741,659,3f4eb9d75742b598,Cardiomegaly,off,0.1556218294519246,1.0,0.2276862533693847,0.3674953868050779,0.8506105693765736
741,659,3f4eb9d75742b598,Cardiomegaly,on,0.1556218294519246,1.0,0.2950572026642065,0.4556579367145937,0.5485955028930821
742,660,ad0a56ab2e391d06,Cardiomegaly,off,0.1283082126027611,1.0,0.2296912017993678,0.369818396419667,1.0509815110406728
742,660,ad0a56ab2e391d06,Cardiomegaly,on,0.1283082126027611,1.0,0.3891819252761511,0.5602970894221818,0.7953118311799545
743,661,2c70900c590d74ad,Cardiomegaly,off,0.1453932332402575,1.0,0.2470514240194855,0.3919673216021795,1.0523233177792937
743,661,2c70900c590d74ad,Cardiomegaly,on,0.1453932332402575,1.0,0.379105100533751,0.5497758887209527,0.7535849578840468
744,668,a207cabae49761bc,Cardiomegaly,off,0.1747096862223391,1.0,0.3756809274342927,0.5340209627406634,1.7388979984763948
744,668,a207cabae49761bc,Cardiomegaly,on,0.1747096862223391,1.0,0.5946239463107913,0.7457853294887046,1.512653313149983
745,670,31a5332679fdc782,Cardiomegaly,off,0.1615133839159101,1.0,0.3002497507438418,0.4588071359742123,0.8439710321313197
745,670,31a5332679fdc782,Cardiomegaly,on,0.1615133839159101,1.0,0.3130400233043205,0.4768119776890543,0.5663416164655125
746,671,ca6773a837562f0d,Cardiomegaly,off,0.1874625381927693,1.0,0.2682313990847382,0.4216831789029866,0.5964315021684966
746,671,ca6773a837562f0d,Cardiomegaly,on,0.1874625381927693,1.0,0.265294475058349,0.419338110241224,0.4179176496377749
747,673,a0d4ee8de8d31823,Cardiomegaly,off,0.1375378272882768,1.0,0.1881164779545892,0.3119439676461355,0.7213383024775134
747,673,a0d4ee8de8d31823,Cardiomegaly,on,0.1375378272882768,1.0,0.3198212123844319,0.4846407669394332,0.6153687329844757
748,674,d00e08c821daddb2,Cardiomegaly,off,0.1759669410211053,1.0,0.3444286218839653,0.5082417530097314,1.424950271585285
748,674,d00e08c821daddb2,Cardiomegaly,on,0.1759669410211053,1.0,0.4792111665953632,0.647922536229332,1.0355037247963532
749,677,d31e90e1677b0e8a,Cardiomegaly,off,0.1368653421633554,1.0,0.2819187547579511,0.4342405198445093,1.241208352908754
749,677,d31e90e1677b0e8a,Cardiomegaly,on,0.1368653421633554,1.0,0.4737176998815625,0.6428869126485907,1.0940023065957052
750,679,dc533c92faa848e7,Cardiomegaly,off,0.1642812937054417,1.0,0.3729223922964997,0.5402875878498674,1.5830465114735968
750,679,dc533c92faa848e7,Cardiomegaly,on,0.1642812937054417,1.0,0.4704649181940509,0.6398796085541207,1.1596793363161926
751,684,4d19a321fce81a88,Cardiomegaly,off,0.153102446773777,1.0,0.2040067437562772,0.3338368995949797,1.0687349685627594
751,684,4d19a321fce81a88,Cardiomegaly,on,0.153102446773777,1.0,0.3092438579840396,0.4723970791957994,0.7548820821645763
752,688,c5e74a9e6d9866c6,Cardiomegaly,off,0.1593984669288384,1.0,0.2951499494237057,0.4510598648643025,1.0444385314209328
752,688,c5e74a9e6d9866c6,Cardiomegaly,on,0.1593984669288384,1.0,0.4483221147876745,0.6190742839992686,0.91266624652578
753,689,ed4399b895f782c8,Cardiomegaly,off,0.1516941264759343,1.0,0.3894323596752832,0.553410447652016,0.9911643828880338
753,689,ed4399b895f782c8,Cardiomegaly,on,0.1516941264759343,1.0,0.4704478173629849,0.6398346775962015,0.967494740860876
754,691,52e293f3160d0ffe,Cardiomegaly,off,0.1586967433202247,1.0,0.2977252795648609,0.4567864522723343,1.1710937937200294
754,691,52e293f3160d0ffe,Cardiomegaly,on,0.1586967433202247,1.0,0.3983083258206628,0.5696918863295772,1.1952366407609385
755,699,2269b34cd39dc1cb,Cardiomegaly,off,0.1814930144389378,1.0,0.3297032157989847,0.4914616386488909,1.0513934427288238
755,699,2269b34cd39dc1cb,Cardiomegaly,on,0.1814930144389378,1.0,0.4377617823451517,0.6089466512890108,0.867406676828426
756,705,4eabc937d96b0ffd,Cardiomegaly,off,0.1722292881891145,1.0,0.4864371020781354,0.647690761496815,1.7503752740276544
756,705,4eabc937d96b0ffd,Cardiomegaly,on,0.1722292881891145,1.0,0.6105221512742605,0.7581634685841397,1.4254121953823118
757,706,b96969823d73a7bc,Cardiomegaly,off,0.1641740859319035,1.0,0.4429070043205259,0.6072843598119955,1.4130353461583638
757,706,b96969823d73a7bc,Cardiomegaly,on,0.1641740859319035,1.0,0.5529642296750773,0.7121387687399798,1.1698988761071678
758,710,af5dde2eb6b9742a,Cardiomegaly,off,0.1457294758027182,1.0,0.1869205374363398,0.3126200323797448,0.6730270321166861
758,710,af5dde2eb6b9742a,Cardiomegaly,on,0.1457294758027182,1.0,0.2617194237631695,0.4148543747178787,0.4782690849154778
759,711,b3da9d0303cf2c8f,Cardiomegaly,off,0.1460900837682557,1.0,0.384456778546586,0.5492671701848528,1.82889451954121
759,711,b3da9d0303cf2c8f,Cardiomegaly,on,0.1460900837682557,1.0,0.5116132885420135,0.6768925532630845,2.5990521066981698
760,712,48aff0553b673b8b,Cardiomegaly,off,0.173203904312189,1.0,0.3690167088971023,0.5367556187006972,1.2715346393277642
760,712,48aff0553b673b8b,Cardiomegaly,on,0.173203904312189,1.0,0.3805433663531919,0.5512919055634736,1.0178042849895963
761,714,b2fdc492ae0123c6,Cardiomegaly,off,0.1301989678815256,1.0,0.4140595563170215,0.5846893404103097,1.3795228355785252
761,714,b2fdc492ae0123c6,Cardiomegaly,on,0.1301989678815256,1.0,0.3605052252977491,0.5299216407799255,1.0577909616907328
762,715,af6cd7b956adeb19,Cardiomegaly,off,0.1394773133731951,1.0,0.230554867056606,0.3701507132118,1.1990474602220134
762,715,af6cd7b956adeb19,Cardiomegaly,on,0.1394773133731951,1.0,0.4453953914026732,0.6162889990002125,1.0647630640303754
763,716,d71ce8514eaeb2a3,Cardiomegaly,off,0.1392677709067341,1.0,0.2031790361682806,0.3373028575714353,1.0627612765335734
763,716,d71ce8514eaeb2a3,Cardiomegaly,on,0.1392677709067341,1.0,0.3079097427740032,0.4708284552687446,0.7810885453049423
764,717,202e12d7ebba3624,Cardiomegaly,off,0.1772875458678713,1.0,0.2733119674407808,0.4243775130663859,0.7387074103030379
764,717,202e12d7ebba3624,Cardiomegaly,on,0.1772875458678713,1.0,0.3386337335154578,0.5059288631606298,0.6114641714504943
765,718,1d2fbbe6e22826c5,Cardiomegaly,off,0.1749338479306463,1.0,0.283275240531083,0.4328763290385611,1.17363520227573
765,718,1d2fbbe6e22826c5,Cardiomegaly,on,0.1749338479306463,1.0,0.4269777041349628,0.5984341416537317,0.8254462599278001
766,719,409ee47d21baa5db,Cardiomegaly,off,0.179612005321404,1.0,0.4133732726360081,0.5842011666282644,1.585998222484588
766,719,409ee47d21baa5db,Cardiomegaly,on,0.179612005321404,1.0,0.4413247355278594,0.612387531554335,1.253394359557272
767,720,5f71da4bbf80cb20,Cardiomegaly,off,0.1733939544561885,1.0,0.3901572640755466,0.5584443892497392,1.3870249275192144
767,720,5f71da4bbf80cb20,Cardiomegaly,on,0.1733939544561885,1.0,0.4705798337693066,0.6399921722780653,1.0774524444633746
768,722,ad9c9cb07f6f78c8,Cardiomegaly,off,0.1800457094961721,1.0,0.3919989413167662,0.5582326922373626,1.226800296684181
768,722,ad9c9cb07f6f78c8,Cardiomegaly,on,0.1800457094961721,1.0,0.5079140675823012,0.6736638297201649,1.0549738909590094
769,724,59fa68de64ffaa7d,Cardiomegaly,off,0.1722633997534221,1.0,0.2958461002138192,0.4546629447705383,1.0598094374440163
769,724,59fa68de64ffaa7d,Cardiomegaly,on,0.1722633997534221,1.0,0.3454753523906135,0.5135351189216352,0.6771072224407347
770,727,73b7a98fb207af59,Cardiomegaly,off,0.1331520547344414,1.0,0.2295338343552555,0.3660079271055401,1.3186891160438448
770,727,73b7a98fb207af59,Cardiomegaly,on,0.1331520547344414,1.0,0.5351926846723396,0.69723121106468,1.2041763332703554
771,728,e0858f869fb1d358,Cardiomegaly,off,0.1450423714359506,1.0,0.2475272096665045,0.3894898443280734,1.219739404133554
771,728,e0858f869fb1d358,Cardiomegaly,on,0.1450423714359506,1.0,0.4551074484647714,0.6255309937966292,1.059171604552112
772,729,3502d707ba4a3a3f,Cardiomegaly,off,0.1110867457080342,1.0,0.2712820012783275,0.4238026993879713,1.1323195998808615
772,729,3502d707ba4a3a3f,Cardiomegaly,on,0.1110867457080342,1.0,0.3934811373860405,0.5647434424402465,0.8408476807728152
773,733,f6fbdade42ecdb95,Cardiomegaly,off,0.1512263107368585,1.0,0.2829224783581867,0.4300735877441825,1.6695804846340554
773,733,f6fbdade42ecdb95,Cardiomegaly,on,0.1512263107368585,1.0,0.5743305577188602,0.729609062888864,1.4876293081234369
774,734,4e8cc590986cc131,Cardiomegaly,off,0.1662305259515908,1.0,0.2235980297105298,0.3637614409161329,0.8935575400054255
774,734,4e8cc590986cc131,Cardiomegaly,on,0.1662305259515908,1.0,0.34025217056778,0.5077423290791139,0.6993105408904361
775,735,1fd96564896ac64e,Cardiomegaly,off,0.1550614251811567,1.0,0.3417857374485579,0.5015775127806189,1.7952990793288783
775,735,1fd96564896ac64e,Cardiomegaly,on,0.1550614251811567,1.0,0.615558653355279,0.7620357774985814,1.4299173834940475
776,736,9132311b5a5760bd,Cardiomegaly,off,0.1767027761940265,1.0,0.2466613017275757,0.3938410185747689,0.9331659595303018
776,736,9132311b5a5760bd,Cardiomegaly,on,0.1767027761940265,1.0,0.2948740157049324,0.4554457388049505,0.554175975450613
777,739,f282b543a98a6adf,Cardiomegaly,off,0.1565330955269993,1.0,0.4455004934829792,0.6151575172742085,1.401333125901243
777,739,f282b543a98a6adf,Cardiomegaly,on,0.1565330955269993,1.0,0.4706952153384708,0.6400924206637292,1.161499465492321
778,740,6a0cf8217cd19547,Cardiomegaly,off,0.1879547193349219,1.0,0.2188657422371439,0.3568858795078455,0.6120330231070762
778,740,6a0cf8217cd19547,Cardiomegaly,on,0.1879547193349219,1.0,0.2611523034967352,0.4141461337330579,0.3853605631015602
779,742,a6f2173b3167c667,Cardiomegaly,off,0.1798020554654035,1.0,0.2564218388912477,0.4072973651714558,0.9485455387047108
779,742,a6f2173b3167c667,Cardiomegaly,on,0.1798020554654035,1.0,0.2788964009703408,0.4361494642538416,0.5538856393031986
780,743,77833736695e8699,Cardiomegaly,off,0.1432831893338011,1.0,0.4408722057532236,0.6078559839896551,1.4322561790024857
780,743,77833736695e8699,Cardiomegaly,on,0.1432831893338011,1.0,0.5090762053611878,0.6746803957700467,1.1019095348551602
781,745,ea67363fc3eed456,Cardiomegaly,off,0.1809472294100161,1.0,0.3172424467996805,0.4758771160589609,1.1620158674178886
781,745,ea67363fc3eed456,Cardiomegaly,on,0.1809472294100161,1.0,0.4403112978355721,0.6114053913336417,0.8702329655004971
782,749,11663b0653bdfaec,Cardiomegaly,off,0.1276503467196857,1.0,0.2009061966999007,0.3329848313030509,0.6129045636102113
782,749,11663b0653bdfaec,Cardiomegaly,on,0.1276503467196857,1.0,0.2606284435750744,0.4134881960545765,0.5828448821475001
783,750,bb5184c8cffa9ed9,Cardiomegaly,off,0.1691202627565067,1.0,0.3236559761326768,0.4863166278463847,1.2169987067588857
783,750,bb5184c8cffa9ed9,Cardiomegaly,on,0.1691202627565067,1.0,0.3939956978944481,0.5652725535859201,0.7630039145023099
784,751,543a5528c87b2f5d,Cardiomegaly,off,0.1748851171244926,1.0,0.4557593832284439,0.6212910234605761,1.4811929136304829
784,751,543a5528c87b2f5d,Cardiomegaly,on,0.1748851171244926,1.0,0.4771961390612667,0.6460747496014593,1.001462321501729
785,755,691b6a598d35f408,Cardiomegaly,off,0.1837395046026246,1.0,0.2715247767350071,0.4184485767902613,1.0970947494127306
785,755,691b6a598d35f408,Cardiomegaly,on,0.1837395046026246,1.0,0.4056872441715903,0.5771962644237945,0.8369257347500682
786,756,3cb452eb0c7eb696,Cardiomegaly,off,0.1352962102052054,1.0,0.1792332721794327,0.3019172466004947,0.9481915462638328
786,756,3cb452eb0c7eb696,Cardiomegaly,on,0.1352962102052054,1.0,0.2846206880373108,0.4431047584731462,0.6028449030459923
787,758,5655c391e89d0398,Cardiomegaly,off,0.1709184295035792,1.0,0.2661475295540896,0.4122482538777007,1.132046367113954
787,758,5655c391e89d0398,Cardiomegaly,on,0.1709184295035792,1.0,0.4385168738617672,0.609676944044275,0.898601274630126
788,760,3e070b1789cb8517,Cardiomegaly,off,0.1232791934076965,1.0,0.316816288904589,0.4727771524877749,1.3886291757740352
788,760,3e070b1789cb8517,Cardiomegaly,on,0.1232791934076965,1.0,0.5160825311539328,0.6806986040814504,1.384664792262289
789,761,df171907ed8ead8a,Cardiomegaly,off,0.1898357284524557,0.0,0.1142374870014795,0.2027049084741146,0.247721708773606
789,761,df171907ed8ead8a,Cardiomegaly,on,0.1898357284524557,0.0,0.0965304867088552,0.1760504330548124,0.006439054413501
790,764,b734b7047b19bcde,Cardiomegaly,off,0.1770731303207948,1.0,0.2356042324284114,0.3737506609129302,0.9532021694775192
790,764,b734b7047b19bcde,Cardiomegaly,on,0.1770731303207948,1.0,0.4071265151304117,0.5786563860022846,0.7903587620776623
791,765,2354bf39abc9bf7e,Cardiomegaly,off,0.1458513028181025,1.0,0.2831441411174149,0.4375403573745298,1.5444123850717448
791,765,2354bf39abc9bf7e,Cardiomegaly,on,0.1458513028181025,1.0,0.5412839313738897,0.7023788005791299,1.6599527261401947
792,766,1a3deff1a73dec78,Cardiomegaly,off,0.1856205137201584,1.0,0.4601533834007575,0.6279392674681608,1.7100092758616656
792,766,1a3deff1a73dec78,Cardiomegaly,on,0.1856205137201584,1.0,0.5004946480666157,0.6670986839179557,1.2959768075386977
793,768,afce7d9041b66379,Cardiomegaly,off,0.1683844275835855,1.0,0.3582795688992531,0.5232009530886407,1.5667006600326034
793,768,afce7d9041b66379,Cardiomegaly,on,0.1683844275835855,1.0,0.472781609290381,0.6420247279106136,1.2353185456369509
794,770,8f741cc6579b8f35,Cardiomegaly,off,0.1398963983061171,1.0,0.1805426936232776,0.3018131298080335,0.6868110172032031
794,770,8f741cc6579b8f35,Cardiomegaly,on,0.1398963983061171,1.0,0.3332693344297809,0.4999253315820781,0.6594215942666847
795,777,be62e3e05fdebc7e,Cardiomegaly,off,0.1579657812279188,1.0,0.3492720983295386,0.5112879634134531,1.570667940923695
795,777,be62e3e05fdebc7e,Cardiomegaly,on,0.1579657812279188,1.0,0.5291405541848608,0.6920756173577753,1.324196836338738
796,778,d03e8bd32d72f609,Cardiomegaly,off,0.1572445652968437,1.0,0.3136894734950244,0.4740350054566524,0.912504951723568
796,778,d03e8bd32d72f609,Cardiomegaly,on,0.1572445652968437,1.0,0.390910513601,0.562091113190812,0.7635361402111643
797,779,3fa3bb780ed1fbf1,Cardiomegaly,off,0.1551004098260797,1.0,0.2747262331422268,0.4231672135155723,1.5776985334584026
797,779,3fa3bb780ed1fbf1,Cardiomegaly,on,0.1551004098260797,1.0,0.5025342789560237,0.6688972536658698,1.3994483034141527
798,780,0b9c82f78ec906ae,Cardiomegaly,off,0.126032483955382,1.0,0.2389664768321363,0.3827007961463035,1.0751265921838968
798,780,0b9c82f78ec906ae,Cardiomegaly,on,0.126032483955382,1.0,0.3645169732330088,0.5342643007192173,0.7629445020136473
799,782,c5e022e3bbb4d365,Cardiomegaly,off,0.1550614251811567,1.0,0.2723176416458371,0.4267044236256653,1.3320156332727044
799,782,c5e022e3bbb4d365,Cardiomegaly,on,0.1550614251811567,1.0,0.3533310334716449,0.522150114505465,1.041369227736756
800,783,78d867a67581bec6,Cardiomegaly,off,0.1486143395270188,1.0,0.2265264132519723,0.3675899642867019,1.044045032412121
800,783,78d867a67581bec6,Cardiomegaly,on,0.1486143395270188,1.0,0.3228310551716343,0.488091033670076,0.8715422933436855
801,788,02cd8956d2df2ded,Cardiomegaly,off,0.1666642301263589,1.0,0.214804232045434,0.349413612546376,0.9988982393982349
801,788,02cd8956d2df2ded,Cardiomegaly,on,0.1666642301263589,1.0,0.3224120727790142,0.487590608618264,0.6449400317765859
802,790,9f3e1706f653df37,Cardiomegaly,off,0.1709086833423485,1.0,0.3371839473450991,0.5019037104972972,1.2468849127824506
802,790,9f3e1706f653df37,Cardiomegaly,on,0.1709086833423485,1.0,0.4342612570866085,0.6055506017101641,0.9068739207480188
803,792,9a54c509e24476a8,Cardiomegaly,off,0.1733403505694194,1.0,0.3114604455317383,0.4737826815419914,0.8994248525010555
803,792,9a54c509e24476a8,Cardiomegaly,on,0.1733403505694194,1.0,0.3260525353099187,0.4917606651279895,0.603528369306569
804,793,b9598d90ce357368,Cardiomegaly,off,0.1382687893805827,1.0,0.2566082349929633,0.4028837317824654,1.012009988070488
804,793,b9598d90ce357368,Cardiomegaly,on,0.1382687893805827,1.0,0.373604541716864,0.5439762115271314,0.7905457966523459
805,796,4ae0fac5d7de98ea,Cardiomegaly,off,0.148356066254404,1.0,0.402197568175116,0.5722274715513352,1.0173869465410674
805,796,4ae0fac5d7de98ea,Cardiomegaly,on,0.148356066254404,1.0,0.4437974379536251,0.6147626578128635,1.0035249082704636
806,800,a547abae9d91e112,Cardiomegaly,off,0.1789151547934057,1.0,0.2718895709672822,0.4206788056646178,1.0928402377040105
806,800,a547abae9d91e112,Cardiomegaly,on,0.1789151547934057,1.0,0.4308454177379476,0.6022179035709228,0.8514568883366839
807,804,fa6ff87391ab6d7e,Cardiomegaly,off,0.1445306979713365,1.0,0.2413807696520575,0.3876144142573327,0.7828659115692375
807,804,fa6ff87391ab6d7e,Cardiomegaly,on,0.1445306979713365,1.0,0.2571940843456928,0.4091534480736453,0.5211903436209989
808,807,a2535a6d389ba3d8,Cardiomegaly,off,0.151128849124551,1.0,0.1945026539242995,0.3216948475115414,0.7467269559936556
808,807,a2535a6d389ba3d8,Cardiomegaly,on,0.151128849124551,1.0,0.3366702485062987,0.5037266558844724,0.6541111125555793
809,810,8336bd50aae30562,Cardiomegaly,off,0.1700997519601966,1.0,0.2086773228324433,0.3419885086165252,0.6539312302867137
809,810,8336bd50aae30562,Cardiomegaly,on,0.1700997519601966,1.0,0.2575839303323327,0.409643129762121,0.4328624045537655
810,811,83929c209e10fe91,Cardiomegaly,off,0.1769951610309489,1.0,0.2657648128033678,0.4161979131167223,0.8918553952460753
810,811,83929c209e10fe91,Cardiomegaly,on,0.1769951610309489,1.0,0.363993602082267,0.53371422138377,0.6765748522378981
811,812,382d4e4bdf4cf814,Cardiomegaly,off,0.1598955211516064,1.0,0.3274436188956005,0.4875846337907679,1.6811564199411224
811,812,382d4e4bdf4cf814,Cardiomegaly,on,0.1598955211516064,1.0,0.5880153634480296,0.7405611036557669,1.3463354702155377
812,814,7e9eb887c924271c,Cardiomegaly,off,0.1652461636672855,1.0,0.1607521742584094,0.275338048637911,0.5046803017984414
812,814,7e9eb887c924271c,Cardiomegaly,on,0.1652461636672855,1.0,0.1903822610586303,0.3198653351940713,0.3223357490713266
813,816,c58d55daf5dba616,Cardiomegaly,off,0.1608701372746809,1.0,0.2785185588357395,0.4309310633086787,1.0917982249405889
813,816,c58d55daf5dba616,Cardiomegaly,on,0.1608701372746809,1.0,0.3828548747858661,0.5537126422156354,0.8274309741525993
814,820,70be5c0926d117d0,Cardiomegaly,off,0.1589598896734548,1.0,0.3035147597472643,0.455824631452206,1.3438855769579776
814,820,70be5c0926d117d0,Cardiomegaly,on,0.1589598896734548,1.0,0.4837743549966589,0.6520847901001354,1.0885724210654186
815,823,89dc7150e980b6c2,Cardiomegaly,off,0.1630581504709832,1.0,0.3342081365712089,0.4980030531922456,1.0895537970217393
815,823,89dc7150e980b6c2,Cardiomegaly,on,0.1630581504709832,1.0,0.4298562393735812,0.6012561487760284,0.9394227501351428
816,826,0d8c82ab3e34e6da,Cardiomegaly,off,0.1578731926962267,1.0,0.3329137697933068,0.4949948840580075,1.652419875297718
816,826,0d8c82ab3e34e6da,Cardiomegaly,on,0.1578731926962267,1.0,0.473643049594456,0.6428179425905683,1.403829131324316
817,827,01596ecd36248645,Cardiomegaly,off,0.1607678025817581,0.0,0.2136210112867901,0.3473434672280163,1.155068401022248
817,827,01596ecd36248645,Cardiomegaly,on,0.1607678025817581,0.0,0.3410337774673621,0.5085982881798669,0.7745569916486457
818,830,96f1e5974eaababc,Cardiomegaly,off,0.170679648553426,1.0,0.2839610727077691,0.4376234680313692,1.0010981646377886
818,830,96f1e5974eaababc,Cardiomegaly,on,0.170679648553426,1.0,0.3920753905541557,0.5632956581171444,0.8841415127261006
819,832,feec175e3b538d67,Cardiomegaly,off,0.1574784731663815,1.0,0.3751318991865299,0.5413908736707753,1.5823642040084005
819,832,feec175e3b538d67,Cardiomegaly,on,0.1574784731663815,1.0,0.4796093672730709,0.6482886267990065,1.304479272356169
820,840,46c43c8bc8c1789b,Cardiomegaly,off,0.1329084007036728,1.0,0.3288396985540239,0.4911059180671805,1.1694724620472288
820,840,46c43c8bc8c1789b,Cardiomegaly,on,0.1329084007036728,1.0,0.4259336299339648,0.5974093205275061,0.9935043423096388
821,842,4a4dcb2d177bc16c,Cardiomegaly,off,0.1681505197140476,1.0,0.2078436162436498,0.3432874860506014,0.6686052741509926
821,842,4a4dcb2d177bc16c,Cardiomegaly,on,0.1681505197140476,1.0,0.168171975712754,0.2879134545605774,0.3623632517938101
822,844,8d4712d393305819,Cardiomegaly,off,0.2003420902591991,1.0,0.3358910653388354,0.5022174408386822,1.2447796793356387
822,844,8d4712d393305819,Cardiomegaly,on,0.2003420902591991,1.0,0.3552627038900621,0.5242713178408787,0.9954064106086596
823,848,b3ed864778631c15,Cardiomegaly,off,0.1334688049744407,1.0,0.4187914737437674,0.5876132490232479,1.5583087886396196
823,848,b3ed864778631c15,Cardiomegaly,on,0.1334688049744407,1.0,0.4934883335951553,0.6608532239782404,1.4312746034781931
824,853,7d49e3c835f3dce2,Cardiomegaly,off,0.1445843018581056,1.0,0.2495960577995323,0.3964306942185068,1.0492245110889324
824,853,7d49e3c835f3dce2,Cardiomegaly,on,0.1445843018581056,1.0,0.33328394251176,0.4999442342892255,0.7981957405098894
825,854,be1d74fe78ab76db,Cardiomegaly,off,0.1925110497102953,1.0,0.2811866320301494,0.4345495636310501,0.6972982661719982
825,854,be1d74fe78ab76db,Cardiomegaly,on,0.1925110497102953,1.0,0.3144484796979307,0.4784316196067648,0.5619736590624416
826,855,fc0ea0e1d633a70d,Cardiomegaly,off,0.1503394100648607,1.0,0.2194879141897686,0.3579146965369906,0.5570713838742241
826,855,fc0ea0e1d633a70d,Cardiomegaly,on,0.1503394100648607,1.0,0.2982717418835188,0.459487763684234,0.5456465754841192
827,856,af41dee539933b93,Cardiomegaly,off,0.1655775331491308,1.0,0.3527544010374729,0.5193130769404796,1.3868824103954267
827,856,af41dee539933b93,Cardiomegaly,on,0.1655775331491308,1.0,0.4075933388454535,0.5791344561618883,1.0509629978948334
828,857,15a4cc8a11450d48,Cardiomegaly,off,0.1571032459589979,1.0,0.18356264234149,0.3100076262862717,0.6689835408477328
828,857,15a4cc8a11450d48,Cardiomegaly,on,0.1571032459589979,1.0,0.1870798462781664,0.315191868317845,0.3630237000945038
829,861,ae403474c3ce1cca,Cardiomegaly,off,0.1794560667417121,1.0,0.2512965734306714,0.3915167842006194,1.1119316020045618
829,861,ae403474c3ce1cca,Cardiomegaly,on,0.1794560667417121,1.0,0.4150569135996537,0.5866202928340438,0.7999037362091025
830,863,9c6a1811fb76fa29,Cardiomegaly,off,0.1663669722088212,1.0,0.3385370854714952,0.5030123493989003,1.1596048767187732
830,863,9c6a1811fb76fa29,Cardiomegaly,on,0.1663669722088212,1.0,0.4015236187878833,0.5729759629755796,0.8580091217397675
831,878,4e3b0c42eb0f4304,Cardiomegaly,off,0.1725411653484983,1.0,0.2728477683266742,0.4246884394122082,1.0427664109643549
831,878,4e3b0c42eb0f4304,Cardiomegaly,on,0.1725411653484983,1.0,0.3643603531605161,0.5341063625828774,0.7162391172472458
832,879,a0aa3991a0bb3e5b,Cardiomegaly,off,0.15216194221501,1.0,0.2851800610679448,0.4417473226826394,0.7265937614174727
832,879,a0aa3991a0bb3e5b,Cardiomegaly,on,0.15216194221501,1.0,0.3262269825914005,0.4919596641794592,0.6053909862796124
833,880,96a6632d91702e06,Cardiomegaly,off,0.172916392555882,1.0,0.2550490657980452,0.4043017788632925,0.7204970337379213
833,880,96a6632d91702e06,Cardiomegaly,on,0.172916392555882,1.0,0.2330111245732978,0.3779465962021345,0.4019178440512283
834,887,7eb0d17af8e0d642,Cardiomegaly,off,0.1491601245559405,1.0,0.3013965636798964,0.4609139482372921,1.0517187655925675
834,887,7eb0d17af8e0d642,Cardiomegaly,on,0.1491601245559405,1.0,0.3598859955573554,0.5292862662439932,0.8130175685677086
835,891,2c387b7497386f40,Cardiomegaly,off,0.1514261070420888,1.0,0.1950899227327977,0.3201324832424204,0.8442876922800622
835,891,2c387b7497386f40,Cardiomegaly,on,0.1514261070420888,1.0,0.3198063639690984,0.4846254410195902,0.7516154329889378
836,895,c9e268450f694cd3,Cardiomegaly,off,0.1687401624685077,1.0,0.3712827613597064,0.5374011078479896,1.2177344782439248
836,895,c9e268450f694cd3,Cardiomegaly,on,0.1687401624685077,1.0,0.4496154242427239,0.6203227015814733,0.9818238910068636
837,898,b26ce08f494a7db4,Cardiomegaly,off,0.1493014438937863,1.0,0.2613631579782355,0.4072315374327434,1.1703927744178777
837,898,b26ce08f494a7db4,Cardiomegaly,on,0.1493014438937863,1.0,0.4508333598227104,0.6214785021631581,0.9876311568084724
838,900,03be9ab047de4600,Cardiomegaly,off,0.1743003474506478,1.0,0.3105322845810433,0.4620683653383504,1.4521113665457537
838,900,03be9ab047de4600,Cardiomegaly,on,0.1743003474506478,1.0,0.5055039037976513,0.6715404652723265,1.1438145125120098
839,901,e9ae29bae8122a11,Cardiomegaly,off,0.1656213908746692,1.0,0.3802032705404436,0.5463531355859161,1.468538353902456
839,901,e9ae29bae8122a11,Cardiomegaly,on,0.1656213908746692,1.0,0.5225715158393618,0.6864298996679326,1.0965428337440746
840,903,0c0401fd4708849d,Cardiomegaly,off,0.1202091526200117,1.0,0.1964817777682586,0.3264738235070709,0.9369864067469372
840,903,0c0401fd4708849d,Cardiomegaly,on,0.1202091526200117,1.0,0.3240192636594052,0.4894271421540713,0.6887386074164925
841,904,f2a99ba2c22ec977,Cardiomegaly,off,0.1321725655307515,1.0,0.2095986827344993,0.3421113536167955,1.1782937458932856
841,904,f2a99ba2c22ec977,Cardiomegaly,on,0.1321725655307515,1.0,0.3625531149361231,0.5321627152817052,0.9025586661713336
842,905,55870c2feee34d55,Cardiomegaly,off,0.1571081190396132,1.0,0.3813346054076207,0.5370414424794887,2.05873731003139
842,905,55870c2feee34d55,Cardiomegaly,on,0.1571081190396132,1.0,0.6929856341051276,0.8186549843641686,2.0287382401148992
843,906,ac9a2bb3a0548caf,Cardiomegaly,off,0.159223036026685,1.0,0.348718348580035,0.5093373409437708,1.3433433849606218
843,906,ac9a2bb3a0548caf,Cardiomegaly,on,0.159223036026685,1.0,0.5179203831858467,0.6824000898466482,1.0706901260239994
844,907,2ba90af17885feff,Cardiomegaly,off,0.1509680374642437,1.0,0.2029670987274647,0.332170589852009,1.1312459967932664
844,907,2ba90af17885feff,Cardiomegaly,on,0.1509680374642437,1.0,0.4213505396845923,0.5928845748804324,0.944733497838108
845,909,cf2cf8f35b3e26b7,Cardiomegaly,off,0.1582971507097642,1.0,0.4077211123011156,0.5700874483216478,1.5492297647944002
845,909,cf2cf8f35b3e26b7,Cardiomegaly,on,0.1582971507097642,1.0,0.524864305463369,0.6884078656220197,1.4549918674355076
846,910,1561ef7f47ec3c6f,Cardiomegaly,off,0.1606069909214508,1.0,0.2893799548698214,0.445550880137335,1.2812405957018569
846,910,1561ef7f47ec3c6f,Cardiomegaly,on,0.1606069909214508,1.0,0.4064934564377157,0.5780122481713208,1.0568541084439569
847,911,cc1a9a6c9210568f,Cardiomegaly,off,0.1326696197535195,1.0,0.3343439318596428,0.4956607498476559,1.2196723550529658
847,911,cc1a9a6c9210568f,Cardiomegaly,on,0.1326696197535195,1.0,0.3544504328462066,0.5233855834148107,1.056050891751525
848,913,c3f4bdc9c10e98cc,Cardiomegaly,off,0.1639109395786734,1.0,0.3440137664940774,0.5040733107473663,1.0961350326593742
848,913,c3f4bdc9c10e98cc,Cardiomegaly,on,0.1639109395786734,1.0,0.4582489381638185,0.6284802237283211,0.9420258053034845
849,915,3cd1f43abf66d336,Cardiomegaly,off,0.1450131329522584,1.0,0.2331822178699895,0.3725260568880593,0.821597973292428
849,915,3cd1f43abf66d336,Cardiomegaly,on,0.1450131329522584,1.0,0.406107941717562,0.577628434273661,0.81502730418699
850,918,c4d577be099a01a4,Cardiomegaly,off,0.1543986862174661,1.0,0.2678200230666575,0.4131689856998221,1.1906346288368632
850,918,c4d577be099a01a4,Cardiomegaly,on,0.1543986862174661,1.0,0.4545216209797085,0.6249769660118984,1.0244968845578244
851,921,457fe3957e7b56af,Cardiomegaly,off,0.1686037162112773,1.0,0.3733940927683098,0.5420884627100236,1.296155480550696
851,921,457fe3957e7b56af,Cardiomegaly,on,0.1686037162112773,1.0,0.4223968554573451,0.5939224933126069,0.998346886775483
852,922,0b67d668040438d9,Cardiomegaly,off,0.1811762641989386,1.0,0.3819230382083552,0.5518040728820138,1.2289106884465986
852,922,0b67d668040438d9,Cardiomegaly,on,0.1811762641989386,1.0,0.4095754016680059,0.5811327556884835,0.8425483981875029
853,928,d4d998e70eb02d4a,Cardiomegaly,off,0.1476543426457904,1.0,0.2532306427636572,0.3952774707942852,1.2273273608518485
853,928,d4d998e70eb02d4a,Cardiomegaly,on,0.1476543426457904,1.0,0.4042142498710243,0.5757098650727309,0.8676046527776312
854,929,2a32d271c904b3d5,Cardiomegaly,off,0.1757866370383365,1.0,0.2968704349852968,0.4573024114527001,1.007868900775087
854,929,2a32d271c904b3d5,Cardiomegaly,on,0.1757866370383365,1.0,0.286993042587517,0.4459899509143843,0.6210309866960854
855,933,0edc5e0c0eba3ced,Cardiomegaly,off,0.1487897704291722,1.0,0.4604203394398718,0.6220329692939889,1.6653990473361917
855,933,0edc5e0c0eba3ced,Cardiomegaly,on,0.1487897704291722,1.0,0.5649536970535758,0.721991249284627,1.259436611835209
856,934,74fc264d95280b44,Cardiomegaly,off,0.1544474170236198,1.0,0.273260180153819,0.4209764579219244,1.0994684793679372
856,934,74fc264d95280b44,Cardiomegaly,on,0.1544474170236198,1.0,0.4320554997708391,0.603400408247952,0.8717007589421388
857,936,783e7db10dce15e4,Cardiomegaly,off,0.1653972291663621,1.0,0.2368054781571556,0.3813492197379302,0.9503152336463464
857,936,783e7db10dce15e4,Cardiomegaly,on,0.1653972291663621,1.0,0.2711049928571207,0.4265655245720419,0.5804065608692337
858,937,b93a498274316f1d,Cardiomegaly,off,0.1784619582961761,1.0,0.3041325405906739,0.4586835652175414,1.2591494968701935
858,937,b93a498274316f1d,Cardiomegaly,on,0.1784619582961761,1.0,0.4637857512424396,0.633674591713615,0.9509348696352816
859,939,44676a6c22bbc733,Cardiomegaly,off,0.1705724407798878,1.0,0.2174241175048255,0.3509982241064122,0.8766903510137918
859,939,44676a6c22bbc733,Cardiomegaly,on,0.1705724407798878,1.0,0.3759995962298233,0.5465055098874745,0.7145736219327756
860,943,ca57dc7d2c579615,Cardiomegaly,off,0.1342533709535157,1.0,0.251137700364484,0.3942192518977621,1.338425032372765
860,943,ca57dc7d2c579615,Cardiomegaly,on,0.1342533709535157,1.0,0.5878867224953687,0.7404612108477105,1.2882663183258294
861,944,681a904a771384c1,Cardiomegaly,off,0.1218854923516999,1.0,0.315143230510097,0.476520218106874,1.1344124962000202
861,944,681a904a771384c1,Cardiomegaly,on,0.1218854923516999,1.0,0.395736318269216,0.5670560558056822,0.849101919303488
862,945,d65412eb0caf13b6,Cardiomegaly,off,0.1573079153448435,1.0,0.2224674934534075,0.3585274097087798,0.9739899730084792
862,945,d65412eb0caf13b6,Cardiomegaly,on,0.1573079153448435,1.0,0.3582964881501733,0.527565067278478,0.8347221847711236
863,950,bb719db62ff21541,Cardiomegaly,off,0.1607726756623735,1.0,0.4193993527090898,0.5845000296426048,1.4894153412249675
863,950,bb719db62ff21541,Cardiomegaly,on,0.1607726756623735,1.0,0.5508669390028575,0.7103967102286557,1.2415911561466626
864,951,4fe76432fdb173d5,Cardiomegaly,off,0.1591937975429927,1.0,0.2751276582185132,0.4289780611462565,0.5976368311517702
864,951,4fe76432fdb173d5,Cardiomegaly,on,0.1591937975429927,1.0,0.3125208119848147,0.4762129231029601,0.5678404432150054
865,952,89ef9383e71e14ac,Cardiomegaly,off,0.1743198397731093,1.0,0.4729629367318716,0.6345808369919486,1.929265485378868
865,952,89ef9383e71e14ac,Cardiomegaly,on,0.1743198397731093,1.0,0.5410390498059963,0.7021704492769217,1.689466399941981
866,955,befc0c99b4dd6e6c,Cardiomegaly,off,0.1509826567060899,1.0,0.3231148321185663,0.4870324553735045,0.9157123237288248
866,955,befc0c99b4dd6e6c,Cardiomegaly,on,0.1509826567060899,1.0,0.3529628498085773,0.5217619053785904,0.780635137044688
867,956,72f7954fb0161c5d,Cardiomegaly,off,0.1979981384832049,0.0,0.2150790856452723,0.3505596424526224,0.6579748310337359
867,956,72f7954fb0161c5d,Cardiomegaly,on,0.1979981384832049,0.0,0.241947159338034,0.3896189796835709,0.3813291877079775
868,957,8ed57312da57662c,Cardiomegaly,off,0.1462655146704091,1.0,0.308410651664699,0.4680607462202386,1.0429203511381273
868,957,8ed57312da57662c,Cardiomegaly,on,0.1462655146704091,1.0,0.3675102736597976,0.5374830977599587,0.7403209384521364
869,959,18fa7ed3a4c38830,Cardiomegaly,off,0.1184353512760161,1.0,0.2107606742912196,0.3470057819970418,0.815072963855619
869,959,18fa7ed3a4c38830,Cardiomegaly,on,0.1184353512760161,1.0,0.2708063143341876,0.4261918042379189,0.5858932144282978
870,962,00f3d968b485ab18,Cardiomegaly,off,0.1607093256143736,1.0,0.315348931402339,0.4747803405076995,0.9993377517139728
870,962,00f3d968b485ab18,Cardiomegaly,on,0.1607093256143736,1.0,0.416135431633935,0.5877031090043775,0.8090935043956333
871,963,270f597c3ae829e3,Cardiomegaly,off,0.1548665019565418,1.0,0.2805879086821994,0.4316728823309474,1.0341858242936737
871,963,270f597c3ae829e3,Cardiomegaly,on,0.1548665019565418,1.0,0.3081726402144417,0.4711304376740168,0.6836672277454697
872,966,b06d5b89bfe7e4f9,Cardiomegaly,off,0.1733793352143424,1.0,0.2642199364637415,0.4078829380296348,1.0850605642478093
872,966,b06d5b89bfe7e4f9,Cardiomegaly,on,0.1733793352143424,1.0,0.4549137105309172,0.6253461246156695,0.9154220572223604
873,969,d26b663717915394,Cardiomegaly,off,0.1469916036820997,1.0,0.3229386953795842,0.482593683413309,1.238300651981629
873,969,d26b663717915394,Cardiomegaly,on,0.1469916036820997,1.0,0.46095422102962,0.6310298263931573,1.022589649525511
874,970,c496622f0d34bcdd,Cardiomegaly,off,0.1792221588721742,1.0,0.2202183069275606,0.3594536566596812,0.8638120594679181
874,970,c496622f0d34bcdd,Cardiomegaly,on,0.1792221588721742,1.0,0.2431547898322346,0.3911878150439306,0.5364230144762366
875,971,88c90e9bcd88233b,Cardiomegaly,off,0.1650025096365169,1.0,0.1698373554131917,0.2873819729561712,0.7852481763191403
875,971,88c90e9bcd88233b,Cardiomegaly,on,0.1650025096365169,1.0,0.286487804883783,0.4453747757566788,0.5724130998726973
876,974,0fd3a51f7c7139b9,Cardiomegaly,off,0.1445209518101058,1.0,0.279739281992373,0.436921116174243,1.1003160022598708
876,974,0fd3a51f7c7139b9,Cardiomegaly,on,0.1445209518101058,1.0,0.3017443112152421,0.4635987445842672,0.8305626519367544
877,975,ed4fefd6128d9cd5,Cardiomegaly,off,0.1663523529669751,1.0,0.2650726175795467,0.412687171221012,1.1999897457122568
877,975,ed4fefd6128d9cd5,Cardiomegaly,on,0.1663523529669751,1.0,0.4194885164585685,0.5910309128497149,0.8488149788441228
878,976,c29166e493d19f2e,Cardiomegaly,off,0.1629996735035987,1.0,0.3137660430111251,0.4702343131328041,1.0234009169894671
878,976,c29166e493d19f2e,Cardiomegaly,on,0.1629996735035987,1.0,0.4373891727629928,0.6085830161266315,0.8649875387402292
879,977,7f94daf6c078208b,Cardiomegaly,off,0.1756112061361831,0.0,0.1465179701229483,0.2539301674813672,0.5015714472050851
879,977,7f94daf6c078208b,Cardiomegaly,on,0.1756112061361831,0.0,0.1498157798079134,0.2605871960208998,0.2257648156102991
880,979,b50c310ab039d823,Cardiomegaly,off,0.1754016636697221,1.0,0.3320018715908999,0.4929774368759521,1.158669819861625
880,979,b50c310ab039d823,Cardiomegaly,on,0.1754016636697221,1.0,0.3981842688932785,0.5695627703189585,0.8073147339964971
881,980,add9d47c8799e3e3,Cardiomegaly,off,0.1942604856512141,1.0,0.238288192384866,0.3813076110074568,0.9521376918939412
881,980,add9d47c8799e3e3,Cardiomegaly,on,0.1942604856512141,1.0,0.3215589701181463,0.4866312285474022,0.6822854922608604
882,982,8cebd91da402e33d,Cardiomegaly,off,0.1597298364106837,1.0,0.4317534629617751,0.5898956381112548,1.830184363278988
882,982,8cebd91da402e33d,Cardiomegaly,on,0.1597298364106837,1.0,0.6535760999572097,0.7904982726841252,1.6824906095595076
883,983,d1d4e9bef6643e23,Cardiomegaly,off,0.187262741887539,1.0,0.309188303354505,0.4704354132437612,0.8615527550873142
883,983,d1d4e9bef6643e23,Cardiomegaly,on,0.187262741887539,1.0,0.3309769967351402,0.4973418163440777,0.5833776230187772
884,984,4da0332e60bf86b8,Cardiomegaly,off,0.1657968217768226,1.0,0.2285303252234449,0.3665053521825631,0.7761533157644972
884,984,4da0332e60bf86b8,Cardiomegaly,on,0.1657968217768226,1.0,0.3703858791537934,0.5405548735184696,0.7032596451571403
885,992,8ef6d0a1def1cf1b,Cardiomegaly,off,0.159773694136222,1.0,0.3008158874157504,0.4581327877289446,1.3288248238084948
885,992,8ef6d0a1def1cf1b,Cardiomegaly,on,0.159773694136222,1.0,0.4217212993182596,0.593251992508511,0.8665729847002662
886,995,12686c36026b3031,Cardiomegaly,off,0.1781305888143307,1.0,0.3440518429266423,0.5068702421636934,1.380782712792472
886,995,12686c36026b3031,Cardiomegaly,on,0.1781305888143307,1.0,0.4900218838236928,0.657733660690309,1.1132614429878391
887,1000,824eacc60bf5aceb,Cardiomegaly,off,0.1383954894765824,1.0,0.3557956603791073,0.5151956315873719,1.477963007654021
887,1000,824eacc60bf5aceb,Cardiomegaly,on,0.1383954894765824,1.0,0.4736234577694562,0.6428004649395128,1.4814782497483032
888,1001,fdcff99e7265a8de,Cardiomegaly,off,0.1815807298900145,1.0,0.4152427023318257,0.5839042875501945,1.50898178924591
888,1001,fdcff99e7265a8de,Cardiomegaly,on,0.1815807298900145,1.0,0.4858342418750764,0.6539536085964149,1.0924273645770552
889,1002,52b72ff5f88f0a37,Cardiomegaly,off,0.1619032303651399,1.0,0.3842977805977267,0.5493470887883835,1.8431717172699127
889,1002,52b72ff5f88f0a37,Cardiomegaly,on,0.1619032303651399,1.0,0.4975712859979316,0.6645042896039438,1.7251856830012238
890,1005,f1f07bedc325e82e,Cardiomegaly,off,0.1786276430370987,1.0,0.2511903513771752,0.3998338091994416,0.4378712943396798
890,1005,f1f07bedc325e82e,Cardiomegaly,on,0.1786276430370987,1.0,0.2561553057706707,0.4078369165933125,0.3938710422030963
891,1007,6fc6a60d0335fbd6,Cardiomegaly,off,0.1612404914014492,1.0,0.1911587170056211,0.3198359358738135,0.3566750496236235
891,1007,6fc6a60d0335fbd6,Cardiomegaly,on,0.1612404914014492,1.0,0.2127549870774766,0.3508604784038443,0.3606940321142575
892,1008,5e88f0f16c7e6a47,Cardiomegaly,off,0.1613330799331413,1.0,0.3025971991100264,0.4607122738787244,1.3444358084572772
892,1008,5e88f0f16c7e6a47,Cardiomegaly,on,0.1613330799331413,1.0,0.3859813126330748,0.5569777337885562,1.00762401170015
893,1012,74605b9a2e60db04,Cardiomegaly,off,0.1946016012942902,1.0,0.2581891576546867,0.4079982024682726,0.7313503340886923
893,1012,74605b9a2e60db04,Cardiomegaly,on,0.1946016012942902,1.0,0.2583735132636668,0.41064194287459,0.3916873192173218
894,1014,a75c3f979a938d95,Cardiomegaly,off,0.1624197769103694,1.0,0.342511493972486,0.5039788727383903,1.595987003154674
894,1014,a75c3f979a938d95,Cardiomegaly,on,0.1624197769103694,1.0,0.5004916684639762,0.6670968463683875,1.1132706105391794
895,1016,cd4a1485e9f93a94,Cardiomegaly,off,0.1756745561841829,0.0,0.2309645969362381,0.3743207861139767,0.7781547384066131
895,1016,cd4a1485e9f93a94,Cardiomegaly,on,0.1756745561841829,0.0,0.2581447960813021,0.410356553320838,0.4972913221589178
896,1017,7d078f83e9932755,Cardiomegaly,off,0.1729310117977281,1.0,0.5879754071866587,0.7376315235085884,2.023641303064938
896,1017,7d078f83e9932755,Cardiomegaly,on,0.1729310117977281,1.0,0.6269992644979288,0.7707389253222257,1.727176988745267
897,1019,094881505a8ff1b3,Cardiomegaly,off,0.1656018985522077,1.0,0.131238330871419,0.2302780761971262,0.3994334926710434
897,1019,094881505a8ff1b3,Cardiomegaly,on,0.1656018985522077,1.0,0.1981230673701368,0.3307128691515074,0.3128722546450931
898,1022,1d83329f432409d6,Cardiomegaly,off,0.1684331583897392,1.0,0.389793392312706,0.5557551422725914,1.920382931252304
898,1022,1d83329f432409d6,Cardiomegaly,on,0.1684331583897392,1.0,0.4997293144996571,0.6664171971272485,1.833154549663272
899,1024,8dfa509238d5a956,Cardiomegaly,off,0.177336276674025,1.0,0.3951445959898899,0.558296821865663,1.5855710811720605
899,1024,8dfa509238d5a956,Cardiomegaly,on,0.177336276674025,1.0,0.5379970258215772,0.6995974563930683,1.131095759213648
900,1025,2864099e6d54ee2c,Cardiomegaly,off,0.1524835655356246,1.0,0.3354845729349926,0.4941349593376121,1.508975256933776
900,1025,2864099e6d54ee2c,Cardiomegaly,on,0.1524835655356246,1.0,0.5479757127724709,0.7079900027001332,1.293525142523211
901,1027,273ac948181f7eea,Cardiomegaly,off,0.1367337689867403,1.0,0.2612895284382374,0.4047051727308364,1.1914210186207177
901,1027,273ac948181f7eea,Cardiomegaly,on,0.1367337689867403,1.0,0.4967521972481383,0.6637544945584299,1.0553708949913296
902,1028,382871315310f9db,Cardiomegaly,off,0.1715811684672699,1.0,0.3605389870900544,0.526292635110394,1.123632026461044
902,1028,382871315310f9db,Cardiomegaly,on,0.1715811684672699,1.0,0.4358952304373261,0.6071353439634778,0.8600964552902244
903,1029,2e80f309fb870991,Cardiomegaly,off,0.1660940796943603,1.0,0.3938229057757876,0.5509927984110241,1.7481357537705855
903,1029,2e80f309fb870991,Cardiomegaly,on,0.1660940796943603,1.0,0.5961361369376428,0.7469737425321277,1.5893821161201012
904,1031,21972a3282017c95,Cardiomegaly,off,0.1255256835713833,1.0,0.1996175705622659,0.329396025018382,1.0367336862142758
904,1031,21972a3282017c95,Cardiomegaly,on,0.1255256835713833,1.0,0.4412383674556324,0.6122565983136787,0.9507949275471178
905,1034,2014a5fe5fbf1d92,Cardiomegaly,off,0.1695344746088134,1.0,0.2675845199355434,0.4108221075712784,1.185654903569627
905,1034,2014a5fe5fbf1d92,Cardiomegaly,on,0.1695344746088134,1.0,0.4466236448707326,0.617470274976776,0.941662027846936
906,1035,a3835dd57513682a,Cardiomegaly,off,0.16778991174851,1.0,0.3504845319286596,0.5159011115501222,1.0999299516001977
906,1035,a3835dd57513682a,Cardiomegaly,on,0.16778991174851,1.0,0.4480839885224362,0.6188633354088967,0.9402149892869835
907,1039,d0e09902a8cf7f55,Cardiomegaly,off,0.1870190878567704,1.0,0.2489512334122672,0.3948109811551285,0.566923047122201
907,1039,d0e09902a8cf7f55,Cardiomegaly,on,0.1870190878567704,1.0,0.267812680887516,0.4224729164286199,0.4038894741274063
908,1042,a1edbe156ffe4a43,Cardiomegaly,off,0.1746170976906471,1.0,0.4369973339641733,0.6074066913081279,1.3057447961299082
908,1042,a1edbe156ffe4a43,Cardiomegaly,on,0.1746170976906471,1.0,0.4580092913421139,0.6282660594688302,1.0337265989841742
909,1043,840606d79ea0bbc6,Cardiomegaly,off,0.1552173637608487,1.0,0.3228173452146225,0.4805864428514335,1.0166919477897356
909,1043,840606d79ea0bbc6,Cardiomegaly,on,0.1552173637608487,1.0,0.4433142384172798,0.6142984991935827,1.02749980145089
910,1044,f6413aef8fe70758,Cardiomegaly,off,0.1744026821435707,1.0,0.3244105526952361,0.4862223211551441,1.370851481623486
910,1044,f6413aef8fe70758,Cardiomegaly,on,0.1744026821435707,1.0,0.4146691718873189,0.5862369937487732,0.8660061958009068
911,1048,1605ba691cedb4e6,Cardiomegaly,off,0.1683795545029701,1.0,0.3149961358160741,0.4745813996237071,1.308115158887191
911,1048,1605ba691cedb4e6,Cardiomegaly,on,0.1683795545029701,1.0,0.4168563677563217,0.5884187791396845,0.8833720530900282
912,1050,437d8e6db071e050,Cardiomegaly,off,0.1481903815134813,1.0,0.4099915697335337,0.5753167362141371,1.6995972568737845
912,1050,437d8e6db071e050,Cardiomegaly,on,0.1481903815134813,1.0,0.5328290494576324,0.6952219015132035,1.4724707530758878
913,1052,84cf2a960de27285,Cardiomegaly,off,0.1531706699023922,1.0,0.2329423472084674,0.3706874556445498,0.9786198516843632
913,1052,84cf2a960de27285,Cardiomegaly,on,0.1531706699023922,1.0,0.3874212238777629,0.5584697545896342,0.7651805171633652
914,1053,42aaaec43b390010,Cardiomegaly,off,0.1281815125067614,1.0,0.1834343148156732,0.3071303801260937,0.999534421314686
914,1053,42aaaec43b390010,Cardiomegaly,on,0.1281815125067614,1.0,0.3409319589649655,0.508493266494034,0.6870738840377824
915,1054,c1ebe3497131f467,Cardiomegaly,off,0.206121563869031,1.0,0.3766307112526999,0.544495778729699,1.3703063803822395
915,1054,c1ebe3497131f467,Cardiomegaly,on,0.206121563869031,1.0,0.4339716188814239,0.6052657893780352,0.969989724477059
916,1056,1439214a04d8402b,Cardiomegaly,off,0.1763616605509504,1.0,0.2029246620965814,0.3321314380345687,0.8365621989359999
916,1056,1439214a04d8402b,Cardiomegaly,on,0.1763616605509504,1.0,0.2648470709710745,0.418773629229699,0.4567986568063159
917,1058,7fde84c083851f22,Cardiomegaly,off,0.1381956931713521,1.0,0.2888016518878106,0.4425367855054463,1.2055144772609967
917,1058,7fde84c083851f22,Cardiomegaly,on,0.1381956931713521,1.0,0.42127985876168,0.5928163441454136,0.9716475038014304
918,1062,02b51014a85c1663,Cardiomegaly,off,0.1562504568513077,1.0,0.3220335583342597,0.4808113259449039,1.2847180462554788
918,1062,02b51014a85c1663,Cardiomegaly,on,0.1562504568513077,1.0,0.4782616891849011,0.6470548985666748,0.9750385382440836
919,1065,d7aa4e4a46f520bb,Cardiomegaly,off,0.178369369764484,1.0,0.4226976372039031,0.5930652594414384,1.201537077293678
919,1065,d7aa4e4a46f520bb,Cardiomegaly,on,0.178369369764484,1.0,0.4532863551025706,0.6238083543152098,0.9639020192086334
920,1066,fe801ee1c7637098,Cardiomegaly,off,0.1647734748475944,1.0,0.3500736989199447,0.5105444280634603,1.3462130042199787
920,1066,fe801ee1c7637098,Cardiomegaly,on,0.1647734748475944,1.0,0.5072127293437058,0.6730462073054695,1.110814487753153
921,1069,9d0c66651c1b5ba9,Cardiomegaly,off,0.1722195420278837,1.0,0.4029512625167148,0.5731733444676697,1.753147799408484
921,1069,9d0c66651c1b5ba9,Cardiomegaly,on,0.1722195420278837,1.0,0.445005840703118,0.6159224723240992,1.5138380166034282
922,1070,94c7afec0324dd4b,Cardiomegaly,off,0.1865658913595407,1.0,0.3266758921978833,0.490257873592684,1.075287668186593
922,1070,94c7afec0324dd4b,Cardiomegaly,on,0.1865658913595407,1.0,0.3788845759283995,0.5495466778420937,0.7777401571343375
923,1075,44d14d61561b1386,Cardiomegaly,off,0.1542573668796203,1.0,0.2915617308883928,0.4442657520754637,1.2712336388834538
923,1075,44d14d61561b1386,Cardiomegaly,on,0.1542573668796203,1.0,0.564811406240855,0.7218895697783004,1.205420046268944
924,1078,ea650221b3a462e6,Cardiomegaly,off,0.1283569434089148,1.0,0.1694317354657519,0.2881133645180103,1.1406364156341793
924,1078,ea650221b3a462e6,Cardiomegaly,on,0.1283569434089148,1.0,0.3762749893083631,0.5467164741337847,0.9470915215733778
925,1079,fc74f46e0ae69b4e,Cardiomegaly,off,0.1644372322851336,1.0,0.3545441739496772,0.5114906630920901,1.859007492017547
925,1079,fc74f46e0ae69b4e,Cardiomegaly,on,0.1644372322851336,1.0,0.6038297940682311,0.7529845992799385,1.6282226161112443
926,1080,3f71a3f804aa8c4c,Cardiomegaly,off,0.163813477966366,1.0,0.3173704696910228,0.4697662930041532,1.366300529565265
926,1080,3f71a3f804aa8c4c,Cardiomegaly,on,0.163813477966366,1.0,0.5025845549679822,0.6689436605185498,1.11017376772293
927,1081,638f2e9bd1fd7468,Cardiomegaly,off,0.1263151226310737,1.0,0.2071797254590937,0.3404960237037524,1.2197043419057017
927,1081,638f2e9bd1fd7468,Cardiomegaly,on,0.1263151226310737,1.0,0.4646136606209553,0.6344453399701294,1.0384493744988768
928,1082,cd430ecde71ab7a4,Cardiomegaly,off,0.1804111905423251,1.0,0.3434726547189391,0.5092563936751616,1.1471459410454816
928,1082,cd430ecde71ab7a4,Cardiomegaly,on,0.1804111905423251,1.0,0.3419315400366315,0.5096058640392016,0.7904071171757845
929,1085,c40b17d3b9e8d8f3,Cardiomegaly,off,0.1429615660131865,1.0,0.2677635070193779,0.4199153459740171,1.0134262810262509
929,1085,c40b17d3b9e8d8f3,Cardiomegaly,on,0.1429615660131865,1.0,0.3395908973718087,0.5070050903063584,0.7446920780750788
930,1089,ccc6e3953f9c8e69,Cardiomegaly,off,0.1785106891023298,1.0,0.344464683256927,0.5115990747102411,1.534836480339662
930,1089,ccc6e3953f9c8e69,Cardiomegaly,on,0.1785106891023298,1.0,0.3896036976000909,0.5607390124402694,1.1519879549347056
931,1092,1596b54de7535b16,Cardiomegaly,off,0.1650707327651321,0.0,0.3127224426970502,0.4728135467491617,1.3639330860548302
931,1092,1596b54de7535b16,Cardiomegaly,on,0.1650707327651321,0.0,0.3709876996489731,0.5411976133062464,1.280288513388631
932,1094,ffcdb2676970c5db,Cardiomegaly,off,0.1549493443270032,1.0,0.291730345740426,0.4379542137494986,1.8503984085564904
932,1094,ffcdb2676970c5db,Cardiomegaly,on,0.1549493443270032,1.0,0.6598433066510399,0.7950636762909367,1.6261193662303577
933,1095,f451fc4d2a9f67e0,Cardiomegaly,off,0.1797971823847882,1.0,0.3471342706750553,0.5095353253654356,1.1482552748783823
933,1095,f451fc4d2a9f67e0,Cardiomegaly,on,0.1797971823847882,1.0,0.4665934492272363,0.6362935052619907,0.9555584564481916
934,1096,2037bdd82ce632fa,Cardiomegaly,off,0.1567133995097681,1.0,0.4378934653562084,0.5965334767061213,1.6932972501354782
934,1096,2037bdd82ce632fa,Cardiomegaly,on,0.1567133995097681,1.0,0.5879680441735318,0.7405287979495485,1.5302169168745146
935,1097,b67fd708ddd4c9d6,Cardiomegaly,off,0.1444624748427213,1.0,0.3705512374391904,0.5291277406037295,1.6117058996548776
935,1097,b67fd708ddd4c9d6,Cardiomegaly,on,0.1444624748427213,1.0,0.5148322975477747,0.6797217079505662,1.417895551259602
936,1100,d6b828df6bd6c5f9,Cardiomegaly,off,0.1514261070420888,1.0,0.3027994469592102,0.4611939026712382,0.976085111092456
936,1100,d6b828df6bd6c5f9,Cardiomegaly,on,0.1514261070420888,1.0,0.3545761371664287,0.523521767914944,0.7869344744709874
937,1101,9417a465b90295db,Cardiomegaly,off,0.1148390177818711,1.0,0.206685210773585,0.340371430908181,1.0994903587065077
937,1101,9417a465b90295db,Cardiomegaly,on,0.1148390177818711,1.0,0.3661299365868906,0.5359990068546802,0.815050428191083
938,1102,d3473ad26d4bd2b2,Cardiomegaly,off,0.142732531224264,1.0,0.3834363394208874,0.5475535549848094,1.513906538465269
938,1102,d3473ad26d4bd2b2,Cardiomegaly,on,0.142732531224264,1.0,0.4903249215980416,0.658010451512866,1.235335027485827
939,1103,668cf5db5fe96307,Cardiomegaly,off,0.1506853987885521,1.0,0.2014098786364508,0.3304973480669509,1.0305068354594902
939,1103,668cf5db5fe96307,Cardiomegaly,on,0.1506853987885521,1.0,0.4382800637355808,0.6094326421942043,0.905312225907514
940,1105,ae14d9858d0bac9d,Cardiomegaly,off,0.1511093568020896,1.0,0.3587711097309518,0.5174185192883781,1.457474402942117
940,1105,ae14d9858d0bac9d,Cardiomegaly,on,0.1511093568020896,1.0,0.5152108174944274,0.6800515308560807,1.2043387123968194
941,1107,d7e55c1dd35bc46a,Cardiomegaly,off,0.1315098265670609,1.0,0.226778706859527,0.3599053582706787,1.1945798108657344
941,1107,d7e55c1dd35bc46a,Cardiomegaly,on,0.1315098265670609,1.0,0.4482756508739451,0.6190414780511911,0.9413783150512016
942,1109,43be89cc652a0ec2,Cardiomegaly,off,0.1674000652992802,1.0,0.2791275408938937,0.4343693899640436,0.95560952155526
942,1109,43be89cc652a0ec2,Cardiomegaly,on,0.1674000652992802,1.0,0.3505549810965476,0.5191185685894734,0.7095091086182975
943,1111,4d6947f7b7d2fe3d,Cardiomegaly,off,0.1590524782051469,1.0,0.2953861453485377,0.4553803059508972,0.9465545086198704
943,1111,4d6947f7b7d2fe3d,Cardiomegaly,on,0.1590524782051469,1.0,0.3226304196351029,0.4878616710516728,0.7102352474020945
944,1112,35697eceff38abd1,Cardiomegaly,off,0.1397843174519636,1.0,0.3404131899637262,0.5035062609714799,1.3004692985208777
944,1112,35697eceff38abd1,Cardiomegaly,on,0.1397843174519636,1.0,0.4891229837608953,0.6569240236073111,1.151757192350014
945,1113,28704d3df7d54ff7,Cardiomegaly,off,0.1574394885214586,1.0,0.5052104587619312,0.6632843120198669,2.1075286972571505
945,1113,28704d3df7d54ff7,Cardiomegaly,on,0.1574394885214586,1.0,0.6342452433568063,0.7761896622388661,2.6367979702703708
946,1118,a3686ee3ea5706e2,Cardiomegaly,off,0.1509144335774746,1.0,0.313060661172805,0.4677125484753697,1.5357143769622077
946,1118,a3686ee3ea5706e2,Cardiomegaly,on,0.1509144335774746,1.0,0.5091166271248095,0.6747169744454105,1.1997046660309345
947,1119,bc569f7bbbe48ed0,Cardiomegaly,off,0.2025593419391937,1.0,0.3570345948311662,0.5234337479703258,1.4960139609288043
947,1119,bc569f7bbbe48ed0,Cardiomegaly,on,0.2025593419391937,1.0,0.4037374513263345,0.5752261491944525,1.0846780409103771
948,1125,2a0edca9a07017a6,Cardiomegaly,off,0.1558995950470008,1.0,0.3332128590864784,0.4949415294940832,1.3777214177179196
948,1125,2a0edca9a07017a6,Cardiomegaly,on,0.1558995950470008,1.0,0.5212777394916113,0.6853113106581324,1.0917905034300976
949,1126,ddd31eb5a4ee3e1a,Cardiomegaly,off,0.1778235847355622,1.0,0.5055230585787794,0.6645737423012236,1.9224856641990613
949,1126,ddd31eb5a4ee3e1a,Cardiomegaly,on,0.1778235847355622,1.0,0.6127081243513585,0.7598499705946204,1.828266028992085
950,1133,122bb6e0ed2718f9,Cardiomegaly,off,0.187969338576768,1.0,0.3231060612673076,0.4832894964940585,1.2056277695096755
950,1133,122bb6e0ed2718f9,Cardiomegaly,on,0.187969338576768,1.0,0.4413812289748197,0.612440637661364,0.9515975032940478
951,1134,af9e54641c07f285,Cardiomegaly,off,0.1745586207232626,1.0,0.2741192561984814,0.4270933006794394,0.7609265947029498
951,1134,af9e54641c07f285,Cardiomegaly,on,0.1745586207232626,1.0,0.3477741882694323,0.5160569587711411,0.7200422897121382
952,1136,736a8b9e30f13908,Cardiomegaly,off,0.1656506293583614,1.0,0.321021461111888,0.4809133473141646,1.2872784008530154
952,1136,736a8b9e30f13908,Cardiomegaly,on,0.1656506293583614,1.0,0.3911136819257463,0.5623029539435834,1.023356562713329
953,1138,73bc7952bfff8707,Cardiomegaly,off,0.1367532613092018,1.0,0.2377829254506878,0.3794859038493713,1.3960828536997625
953,1138,73bc7952bfff8707,Cardiomegaly,on,0.1367532613092018,1.0,0.4772501212049976,0.646108028763416,1.06140797590914
954,1140,6a71d0d1f69700bd,Cardiomegaly,off,0.1446086672611825,1.0,0.2257632230710154,0.3601302061594708,1.565563120505524
954,1140,6a71d0d1f69700bd,Cardiomegaly,on,0.1446086672611825,1.0,0.5592834648789632,0.7173379348458008,1.3790199305969326
955,1141,b90eb647d582b7e9,Cardiomegaly,off,0.1514017416390119,1.0,0.2297857404010571,0.3674692053992106,1.461809635336305
955,1141,b90eb647d582b7e9,Cardiomegaly,on,0.1514017416390119,1.0,0.5259619443517687,0.6893481887934626,1.1338977131054384
956,1142,fd33d40594fe12ba,Cardiomegaly,off,0.1447889712439513,1.0,0.2219028456453003,0.3588525901228139,1.5556877145496029
956,1142,fd33d40594fe12ba,Cardiomegaly,on,0.1447889712439513,1.0,0.5630886408545147,0.7204675536185793,1.2502961303279396
957,1146,37bf2d617731ffdf,Cardiomegaly,off,0.1747876555121851,0.0,0.1829351398452873,0.3073563765956408,0.9756510681075048
957,1146,37bf2d617731ffdf,Cardiomegaly,on,0.1747876555121851,0.0,0.2236148022857495,0.3654940038066971,0.6136940084296607
958,1148,8949e949e58919ed,Cardiomegaly,off,0.1794560667417121,1.0,0.3761534023814175,0.5400598000043327,1.6501470436530854
958,1148,8949e949e58919ed,Cardiomegaly,on,0.1794560667417121,1.0,0.5162068170987647,0.6809083810498147,1.070599644904546
959,1149,8a491f78b4efd39e,Cardiomegaly,off,0.1791588088241743,1.0,0.3171979085744333,0.4763780410446899,1.1802728798156816
959,1149,8a491f78b4efd39e,Cardiomegaly,on,0.1791588088241743,1.0,0.4217727206374342,0.5932945079545481,0.8346807467470722
960,1155,dd45016fdfaa6388,Cardiomegaly,off,0.1587698395294553,1.0,0.3190287406223029,0.4823247647138373,1.3511458583345708
960,1155,dd45016fdfaa6388,Cardiomegaly,on,0.1587698395294553,1.0,0.3675815103240804,0.5375642365049198,0.9334662962397124
961,1159,7026b654149c2a17,Cardiomegaly,off,0.1619275957682168,1.0,0.2978400624040035,0.4448970904149845,1.527365423775661
961,1159,7026b654149c2a17,Cardiomegaly,on,0.1619275957682168,1.0,0.5533585222469448,0.7124562556418887,1.2047797651768284
962,143,50a78104f389d4c5,Lung Opacity,off,0.1481026660624046,1.0,0.5045307033871694,0.6695117687759946,2.51607514087683
962,143,50a78104f389d4c5,Lung Opacity,on,0.1481026660624046,1.0,0.3422237588714273,0.5099185326831039,3.0403158112175364
963,151,e2c9e2770f83c49c,Lung Opacity,off,0.1279232392341466,0.0,0.1286833631255491,0.2276595281500437,0.9465696573416116
963,151,e2c9e2770f83c49c,Lung Opacity,on,0.1279232392341466,0.0,0.1586859108438538,0.273905774506304,0.6742042403781324
964,158,c99d34d384583ad4,Lung Opacity,off,0.1648758095405172,1.0,0.5596093184818074,0.7165198854969221,1.752236697249699
964,158,c99d34d384583ad4,Lung Opacity,on,0.1648758095405172,1.0,0.5855726456828975,0.7386225485344255,1.424154169041938
965,212,12ed86139ce1a5fc,Lung Opacity,off,0.1567621303159218,1.0,0.2404146282752508,0.3791240532233177,1.2213220253506356
965,212,12ed86139ce1a5fc,Lung Opacity,on,0.1567621303159218,1.0,0.4561328505794187,0.6264769716384746,0.966197936786096
966,228,63dd77962bfc8ea6,Lung Opacity,off,0.1902012094986087,1.0,0.1354431807337618,0.2299338021259853,1.1219637161202742
966,228,63dd77962bfc8ea6,Lung Opacity,on,0.1902012094986087,1.0,0.3290035774858098,0.4950943559818224,0.7395941353557556
967,303,d58d7cf71038f221,Lung Opacity,off,0.1750508018654152,1.0,0.2420162958673953,0.3857317545161648,1.5673137451664598
967,303,d58d7cf71038f221,Lung Opacity,on,0.1750508018654152,1.0,0.1743742503533947,0.296954998768407,1.4164001718309096
968,341,35d739886f487191,Lung Opacity,off,0.2011217831576587,1.0,0.2805416713605385,0.4107246166478586,2.4197748981025247
968,341,35d739886f487191,Lung Opacity,on,0.2011217831576587,1.0,0.1149193143934846,0.2061229873139619,2.261697125625515
969,408,2a3bfc4860febc31,Lung Opacity,off,0.1070128503135827,1.0,0.3917178509048581,0.5600947081030652,3.4889530933913866
969,408,2a3bfc4860febc31,Lung Opacity,on,0.1070128503135827,1.0,0.117395985308702,0.2101116587540401,3.207977619848554
970,463,b2bfd15dcfd7db56,Lung Opacity,off,0.1618447533977554,1.0,0.3262470267892133,0.4858301090870817,1.3255332653695493
970,463,b2bfd15dcfd7db56,Lung Opacity,on,0.1618447533977554,1.0,0.4618540285367324,0.6318638027074176,0.9614115456514352
971,484,64f6247382eddc70,Lung Opacity,off,0.1404714218187311,1.0,0.280233696285375,0.4261018508515111,2.626931635499556
971,484,64f6247382eddc70,Lung Opacity,on,0.1404714218187311,1.0,0.1228987217493821,0.2188506394696635,2.8465704834889243
972,513,182d40fcb761e39f,Lung Opacity,off,0.1543207169276201,1.0,0.1854712215627905,0.3015682677061935,2.484584763888517
972,513,182d40fcb761e39f,Lung Opacity,on,0.1543207169276201,1.0,0.1290034933434726,0.228468411844709,2.706153261973598
973,516,c252c9f0e3946a5b,Lung Opacity,off,0.1375183349658153,1.0,0.4497402026346671,0.6153230072615743,1.8868621412594668
973,516,c252c9f0e3946a5b,Lung Opacity,on,0.1375183349658153,1.0,0.6476164827277904,0.7861242394357054,1.6274282131892934
974,524,d96d19a010e9b5ec,Lung Opacity,off,0.1348186483048989,1.0,0.3855523338304014,0.5392844658878732,1.556745097109424
974,524,d96d19a010e9b5ec,Lung Opacity,on,0.1348186483048989,1.0,0.5966008115338717,0.7473376915254581,1.6855518832790546
975,525,a2e340bc6f6d2fe6,Lung Opacity,off,0.1331228162507492,1.0,0.4662080888079796,0.6251548453267732,1.89424828087576
975,525,a2e340bc6f6d2fe6,Lung Opacity,on,0.1331228162507492,1.0,0.652323168252144,0.7895822612515909,1.841004736391828
976,527,0dadd1025949721e,Lung Opacity,off,0.1305205912021402,1.0,0.5710577384062977,0.7081935838367862,3.3275582988175314
976,527,0dadd1025949721e,Lung Opacity,on,0.1305205912021402,1.0,0.2421715713645084,0.3898881685609007,3.088191256823962
977,537,69854d4fd80a2c6a,Lung Opacity,off,0.1554269062273097,1.0,0.3439390781826609,0.5110113443758308,2.038051028171473
977,537,69854d4fd80a2c6a,Lung Opacity,on,0.1554269062273097,1.0,0.2636431799694326,0.4172703070348108,1.9406309746283736
978,557,855d0b6a55e9d1b2,Lung Opacity,off,0.1454517102076419,1.0,0.3557266189009903,0.509855855861236,1.8263452814322825
978,557,855d0b6a55e9d1b2,Lung Opacity,on,0.1454517102076419,1.0,0.6290225612106293,0.7722554042294186,1.4301195132593283
979,567,02a86431f9853461,Lung Opacity,off,0.1661135720168218,1.0,0.3068260309371567,0.4585386734584101,2.0174713362798244
979,567,02a86431f9853461,Lung Opacity,on,0.1661135720168218,1.0,0.1672106880048202,0.2864956948617871,2.30622446128959
980,571,dd8625df6eb2922e,Lung Opacity,off,0.1558264988377702,1.0,0.3400273181423148,0.4905144524000849,3.2231804024817188
980,571,dd8625df6eb2922e,Lung Opacity,on,0.1558264988377702,1.0,0.0874891850391559,0.1608965922634572,2.529411246223586
981,610,c16642274f26f0b5,Lung Opacity,off,0.1239906631775409,0.0,0.188893084187524,0.3099167126360619,1.2666418421691072
981,610,c16642274f26f0b5,Lung Opacity,on,0.1239906631775409,0.0,0.3306694156932369,0.4969970205127742,1.223936410329301
982,613,b01d229a4ee33bdf,Lung Opacity,off,0.1404470564156542,1.0,0.2345986099914704,0.3740316626247796,1.4573297023630394
982,613,b01d229a4ee33bdf,Lung Opacity,on,0.1404470564156542,1.0,0.4848087495719723,0.652989925076993,1.048096095927899
983,647,b77f5518c6ea21c5,Lung Opacity,off,0.1193173788673986,1.0,0.3245625652022364,0.486494973452341,2.759620189017896
983,647,b77f5518c6ea21c5,Lung Opacity,on,0.1193173788673986,1.0,0.1789176017027369,0.3035042467773803,3.1237196331309613
984,650,709345d40ed87430,Lung Opacity,off,0.1589306511897626,1.0,0.421403238158654,0.5885407431701448,1.8755315140561224
984,650,709345d40ed87430,Lung Opacity,on,0.1589306511897626,1.0,0.3513659236457501,0.5199894577102773,1.9340034793939604
985,667,10e6d128b671bab0,Lung Opacity,off,0.1750556749460306,1.0,0.199181654004931,0.3306814461370679,0.4428155210933849
985,667,10e6d128b671bab0,Lung Opacity,on,0.1750556749460306,1.0,0.2350409298351989,0.3806200421114635,0.5020458349168911
986,701,31a354fdbc7b6e02,Lung Opacity,off,0.140953856799653,1.0,0.3953021090068286,0.5639193845835878,1.6324223742337485
986,701,31a354fdbc7b6e02,Lung Opacity,on,0.140953856799653,1.0,0.5261417224361263,0.6895052165505688,1.448810249985047
987,704,77b2f5c6347ade66,Lung Opacity,off,0.1627462733115993,1.0,0.4169372306483668,0.5875607605267638,1.7933219687849131
987,704,77b2f5c6347ade66,Lung Opacity,on,0.1627462733115993,1.0,0.3001886998894428,0.46174653999515,1.895673788322319
988,732,a70b2bd05171ee4d,Lung Opacity,off,0.1881398963983061,1.0,0.3546337915613266,0.5230715882584492,1.0002632024723477
988,732,a70b2bd05171ee4d,Lung Opacity,on,0.1881398963983061,1.0,0.3347245752798856,0.5015633946727841,0.8511387646472858
989,738,58d11e3c99f8ae62,Lung Opacity,off,0.1197315907197052,1.0,0.4126336297103027,0.5841765573991051,1.9951627815360948
989,738,58d11e3c99f8ae62,Lung Opacity,on,0.1197315907197052,1.0,0.3883290854185555,0.5594135998152064,2.3024663407376784
990,754,4cdac0e50b3d5fd9,Lung Opacity,off,0.1475227694691753,1.0,0.3746894240116242,0.5421252141975261,1.3263816546231888
990,754,4cdac0e50b3d5fd9,Lung Opacity,on,0.1475227694691753,1.0,0.478494848794335,0.6472689628540347,1.1014223002461505
991,776,76217cc90ae0671a,Lung Opacity,off,0.1681115350691246,1.0,0.5332258988440628,0.6787938785711042,2.4982815766736324
991,776,76217cc90ae0671a,Lung Opacity,on,0.1681115350691246,1.0,0.4017622339514212,0.5730609947370127,2.9155735153491014
992,798,0c5fba7cf760b0e4,Lung Opacity,off,0.1373526502248926,1.0,0.61494376516372,0.7563407259249357,2.440094855308955
992,798,0c5fba7cf760b0e4,Lung Opacity,on,0.1373526502248926,1.0,0.3514973834634701,0.5200344704414541,3.312905414392945
993,801,a6fa296cf657deb0,Lung Opacity,off,0.1362805724895107,1.0,0.3669992910907814,0.5338078072470495,2.476020034920914
993,801,a6fa296cf657deb0,Lung Opacity,on,0.1362805724895107,1.0,0.1273015216563433,0.2258318186267748,2.840934672117993
994,808,867eceaf4a60dbcf,Lung Opacity,off,0.167711942458664,1.0,0.3879783615743244,0.5523886937985688,1.3133821069527942
994,808,867eceaf4a60dbcf,Lung Opacity,on,0.167711942458664,1.0,0.4712345452395413,0.6405862269839886,0.9848489180346988
995,813,da64c724c1148a3a,Lung Opacity,off,0.1595446593472995,1.0,0.1003608932536385,0.1770053583405038,2.19772902153898
995,813,da64c724c1148a3a,Lung Opacity,on,0.1595446593472995,1.0,0.0928498336215043,0.169911254486119,2.5445096938902747
996,817,c68b1cd7fdf50a21,Lung Opacity,off,0.1750069441398769,1.0,0.0829089372369605,0.1525640561237026,1.3660335285755425
996,817,c68b1cd7fdf50a21,Lung Opacity,on,0.1750069441398769,1.0,0.0973804087364044,0.1774774965476779,1.220189242441578
997,829,41e2dbdd46e05066,Lung Opacity,off,0.1481757622716352,1.0,0.2854385728840276,0.4369735649411111,1.6043140266238756
997,829,41e2dbdd46e05066,Lung Opacity,on,0.1481757622716352,1.0,0.5688474524219644,0.7251657511848204,1.2134237236694625
998,838,baf23ac2df4ae881,Lung Opacity,off,0.1126217661018766,1.0,0.2072003050373112,0.337611473380189,2.971920473107106
998,838,baf23ac2df4ae881,Lung Opacity,on,0.1126217661018766,1.0,0.1405261187098327,0.2464092463109843,3.1378480014584818
999,843,4bd52de750502d8a,Lung Opacity,off,0.1810885487478619,1.0,0.319682227732244,0.4797301138893045,0.9380581903808836
999,843,4bd52de750502d8a,Lung Opacity,on,0.1810885487478619,1.0,0.3357397114383113,0.5026932024193097,0.6558590829356621
1000,865,f5e97290ecc2f7f1,Lung Opacity,off,0.203309796353961,1.0,0.118419698550515,0.2078091079586899,1.9469930223592256
1000,865,f5e97290ecc2f7f1,Lung Opacity,on,0.203309796353961,1.0,0.1285773756754772,0.2278410242979577,2.241400774870648
1001,870,0c97e3818d27ed1a,Lung Opacity,off,0.118498701324016,1.0,0.580384382546953,0.7320575982444893,2.456855707901821
1001,870,0c97e3818d27ed1a,Lung Opacity,on,0.118498701324016,1.0,0.3760934182125476,0.5465565318657716,3.3168004924793646
1002,881,cc807973eae70749,Lung Opacity,off,0.1138497824169505,1.0,0.2866238566235197,0.4416990302450579,3.34954363323911
1002,881,cc807973eae70749,Lung Opacity,on,0.1138497824169505,1.0,0.1622794538593572,0.279235475096467,3.113547009354252
1003,882,ec62b90d012a7f36,Lung Opacity,off,0.1523325000365481,1.0,0.2591403060235115,0.4061283520180062,2.1748881154400364
1003,882,ec62b90d012a7f36,Lung Opacity,on,0.1523325000365481,1.0,0.1682060878322672,0.2879429270816954,2.720728189855816
1004,894,3353c04b904316c9,Lung Opacity,off,0.1769220648217183,1.0,0.2367181353955547,0.3628110968175917,2.3410839992611883
1004,894,3353c04b904316c9,Lung Opacity,on,0.1769220648217183,1.0,0.1349981968530684,0.2378583275983116,2.458112157173897
1005,914,f780b938a0599c9d,Lung Opacity,off,0.1753383136217222,1.0,0.086022429430071,0.1565329792724513,2.235525663544209
1005,914,f780b938a0599c9d,Lung Opacity,on,0.1753383136217222,1.0,0.0855912377718093,0.1576768331966206,2.3703959820194296
1006,989,ad9ff444d7023459,Lung Opacity,off,0.1437802435565691,1.0,0.5067985138279824,0.6724179805163263,2.103742296463649
1006,989,ad9ff444d7023459,Lung Opacity,on,0.1437802435565691,1.0,0.4489563039473466,0.6196643958074801,2.405561514958631
1007,1010,da98b885287c0f5e,Lung Opacity,off,0.1439020705719534,1.0,0.4905173555060138,0.6486631593415578,2.037183744930236
1007,1010,da98b885287c0f5e,Lung Opacity,on,0.1439020705719534,1.0,0.7262201000711798,0.8413800242119731,1.8019498342138112
1008,1018,163cee564a6cfc12,Lung Opacity,off,0.1552417291639255,1.0,0.0846552297530644,0.154833106141809,2.7350197113023267
1008,1018,163cee564a6cfc12,Lung Opacity,on,0.1552417291639255,1.0,0.0601774504660482,0.1135217161500718,2.478443856242986
1009,1023,561ab0f3de7db10c,Lung Opacity,off,0.1263687265178427,0.0,0.3240432748250753,0.4851065039033495,1.6984209351746464
1009,1023,561ab0f3de7db10c,Lung Opacity,on,0.1263687265178427,0.0,0.3706268945189362,0.5408079011118505,1.7233863128291969
1010,1032,3648bbc08abfe9fb,Lung Opacity,off,0.1233474165363117,1.0,0.4858292699650681,0.650951341341783,2.706752049591179
1010,1032,3648bbc08abfe9fb,Lung Opacity,on,0.1233474165363117,1.0,0.2988905590225219,0.4601709597329869,3.3217153032404463
1011,1059,4e6b02da4dcc915f,Lung Opacity,off,0.2328552841249652,0.0,0.0687037086484648,0.1282801700009133,1.4014013613253893
1011,1059,4e6b02da4dcc915f,Lung Opacity,on,0.2328552841249652,0.0,0.0836711360931683,0.1544205814323608,1.59771128549739
1012,1071,d2d1c6634af7be5d,Lung Opacity,off,0.1961999717361324,1.0,0.2760014185647915,0.4283234071846601,1.2617016056676609
1012,1071,d2d1c6634af7be5d,Lung Opacity,on,0.1961999717361324,1.0,0.3116293952895632,0.4751665271710567,1.032891400358124
1013,1087,b2249a0431083ac3,Lung Opacity,off,0.1749630864143385,1.0,0.4237097309486811,0.5897721587744624,1.6824059222563936
1013,1087,b2249a0431083ac3,Lung Opacity,on,0.1749630864143385,1.0,0.5346954667757609,0.6968085377485018,1.267037958151187
1014,1099,7bc2cc696d4337d2,Lung Opacity,off,0.1396819827590407,1.0,0.4143440942234532,0.5806512637441467,2.716171691510518
1014,1099,7bc2cc696d4337d2,Lung Opacity,on,0.1396819827590407,1.0,0.1760374039158795,0.2993623297290707,2.8255956170986463
1015,1117,e1d459756f1b3518,Lung Opacity,off,0.1584141046445331,1.0,0.3296218469012031,0.4735088596748881,2.135223681370668
1015,1117,e1d459756f1b3518,Lung Opacity,on,0.1584141046445331,1.0,0.3042215729746725,0.4664448500520645,2.9309421552521715
1016,1132,a7f9e47fecee141b,Lung Opacity,off,0.1595544055085303,1.0,0.3183527085595785,0.4823666229326552,1.1446195195141975
1016,1132,a7f9e47fecee141b,Lung Opacity,on,0.1595544055085303,1.0,0.3484163606432874,0.5167785509023345,0.970200788259624
1017,953,e85aa1af55a864a7,Consolidation,off,0.155967818175616,1.0,0.4284815021627811,0.5951063231761411,2.214482589483728
1017,953,e85aa1af55a864a7,Consolidation,on,0.155967818175616,1.0,0.3540244469216712,0.5229112804235772,2.615436824683925
1018,490,59455916e32ce344,Lung Opacity,off,0.213889254369935,1.0,0.1150314851300667,0.2016968297079096,2.074735874595684
1018,490,59455916e32ce344,Lung Opacity,on,0.213889254369935,1.0,0.0655527914895582,0.1230344466151336,2.1019889850281306
1019,680,af3ebc6f5b2639d8,Consolidation,off,0.1620250573805242,1.0,0.4646807945629107,0.634384050301707,1.7350595226715853
1019,680,af3ebc6f5b2639d8,Consolidation,on,0.1620250573805242,1.0,0.4759082834427728,0.6449013657070326,1.497504284389519
1020,892,9b7143602c54f938,Consolidation,off,0.1508900681743978,1.0,0.5629122719965702,0.7188137984960533,2.0981085159033985
1020,892,9b7143602c54f938,Consolidation,on,0.1508900681743978,1.0,0.5211344794436493,0.6851772545786112,2.150178384393684
1021,1114,5287b5a18fe396fa,Consolidation,off,0.1551929983577718,1.0,0.5569266951819538,0.7150373820590771,2.2546953546798054
1021,1114,5287b5a18fe396fa,Consolidation,on,0.1551929983577718,1.0,0.5170460329241071,0.6816452252250917,1.9419112445227935
1022,458,8210c0794bf934d5,Consolidation,off,0.1242684287726171,1.0,0.269464939355855,0.4220829510937378,1.9971698136578184
1022,458,8210c0794bf934d5,Consolidation,on,0.1242684287726171,1.0,0.2070385724401173,0.3430465303625185,2.578273238750496
1023,867,4ee7651e8cc5fac7,Lung Opacity,off,0.1851673172229288,1.0,0.1563053136771814,0.2652131065988361,1.8723862386624912
1023,867,4ee7651e8cc5fac7,Lung Opacity,on,0.1851673172229288,1.0,0.1424794417004522,0.24940773529375,2.3391707799349377
1024,27,0963775551c15d7a,Consolidation,off,0.1389607668279656,1.0,0.407587664043941,0.5783333130259982,2.690233865074572
1024,27,0963775551c15d7a,Consolidation,on,0.1389607668279656,1.0,0.255990202277535,0.4076197792113575,2.927735817771842
1025,443,47bc38c2af99e042,Lung Opacity,off,0.165343625279593,1.0,0.4709243430410922,0.6192699717260405,2.7976791153707987
1025,443,47bc38c2af99e042,Lung Opacity,on,0.165343625279593,1.0,0.1291419240104207,0.228732737505974,2.5099346476670354
1026,1067,e84b241dfd2370bb,Consolidation,off,0.1681115350691246,1.0,0.5330663630522061,0.6947798870979319,1.9884411215463704
1026,1067,e84b241dfd2370bb,Consolidation,on,0.1681115350691246,1.0,0.5084176174622138,0.6741024291844342,1.8756481607912523
1027,572,2a154d96440d534f,Lung Opacity,off,0.1544669093460813,1.0,0.5760219972523436,0.730110689621889,2.255976231593832
1027,572,2a154d96440d534f,Lung Opacity,on,0.1544669093460813,1.0,0.5997737611789482,0.7498224173007815,2.25153558924835
1028,1143,10c2f530cb8f51fd,Consolidation,off,0.1515528071380885,1.0,0.5240743469916015,0.6777682236486295,2.199039261905465
1028,1143,10c2f530cb8f51fd,Consolidation,on,0.1515528071380885,1.0,0.6934344219547066,0.8189679924603632,2.052632840356842
1029,379,5a7d7262a11a2c20,Consolidation,off,0.1729261387171128,0.0,0.1381555161680159,0.2424127008908848,1.2623051735805242
1029,379,5a7d7262a11a2c20,Consolidation,on,0.1729261387171128,0.0,0.1376866790478609,0.2420461234365443,0.9306327059378324
1030,709,2de53fac8a1b349f,Consolidation,off,0.1327719544464424,1.0,0.4010939176036179,0.5716230607912598,1.3234028374405702
1030,709,2de53fac8a1b349f,Consolidation,on,0.1327719544464424,1.0,0.3110483814048261,0.4744992251486069,1.052490057199612
1031,547,3b2b31b61fa0372a,Lung Opacity,off,0.1711864489374247,1.0,0.5954654902706358,0.7370691951778798,2.4980890664483684
1031,547,3b2b31b61fa0372a,Lung Opacity,on,0.1711864489374247,1.0,0.7727074833259115,0.8717816735618074,2.4346935474944127
1032,786,05002b2b0885808c,Lung Opacity,off,0.1601586675048365,1.0,0.5913256150198538,0.7400833958247558,2.34551453844902
1032,786,05002b2b0885808c,Lung Opacity,on,0.1601586675048365,1.0,0.707777976963273,0.828886253650499,2.005254162493997
1033,759,99e540e33016898d,Consolidation,off,0.1332300240242874,1.0,0.2361129283597813,0.3788191090728018,2.584603308444159
1033,759,99e540e33016898d,Consolidation,on,0.1332300240242874,1.0,0.1201562476920311,0.2145229352199089,2.827602317995473
1034,589,ec7f48cbd6ef8211,Lung Opacity,off,0.1155553606323309,0.0,0.2613667202414064,0.4122974393744375,2.601278287997419
1034,589,ec7f48cbd6ef8211,Lung Opacity,on,0.1155553606323309,0.0,0.1575255526498751,0.2720996588892218,3.193183392152108
1035,1129,6febfbb83df0148b,Lung Opacity,off,0.1329668776710573,1.0,0.4120153098608086,0.5810621968396308,3.192036974548002
1035,1129,6febfbb83df0148b,Lung Opacity,on,0.1329668776710573,1.0,0.2106679997891294,0.3480136762241493,2.9354242688454915
1036,806,3f86260cf64dcb05,Lung Opacity,off,0.1506464141436291,0.0,0.4250959778348388,0.5954165172439229,1.9302213858221264
1036,806,3f86260cf64dcb05,Lung Opacity,on,0.1506464141436291,0.0,0.4475104232803623,0.6183151546969105,2.093981738114278
1037,44,1468a545136dd5ba,Consolidation,off,0.1300673947049106,1.0,0.4458121497906247,0.612054092754392,2.610623596801997
1037,44,1468a545136dd5ba,Consolidation,on,0.1300673947049106,1.0,0.328568382836737,0.4946024517829997,3.241779616984222
1038,485,be773e0028215e81,Consolidation,off,0.1171196195098655,1.0,0.4756096877125247,0.6443557912718753,1.3022983738218028
1038,485,be773e0028215e81,Consolidation,on,0.1171196195098655,1.0,0.4107911938693408,0.582348215041621,1.0671959191874882
1039,949,9728ddeca70a3995,Lung Opacity,off,0.1777212500426394,1.0,0.5877375586121619,0.7394118894014351,2.343388300460902
1039,949,9728ddeca70a3995,Lung Opacity,on,0.1777212500426394,1.0,0.5117855425334834,0.6770585513754488,2.019187907778208
1040,690,1ebc12624450b252,Lung Opacity,off,0.1775019614149477,1.0,0.2030356285193824,0.3211589690767714,2.451719310369853
1040,690,1ebc12624450b252,Lung Opacity,on,0.1775019614149477,1.0,0.1027549308735539,0.1863527636289155,2.3738611615274805
1041,662,4cc1fcdeed43b68a,Consolidation,off,0.1487605319454799,1.0,0.3910721581943764,0.5558689190170202,1.7127882357761468
1041,662,4cc1fcdeed43b68a,Consolidation,on,0.1487605319454799,1.0,0.5647130428986853,0.7218073293249582,1.3552234164245938
1042,773,d18833095a890c5d,Consolidation,off,0.1621225189928317,1.0,0.4232957201585695,0.5933068870686512,1.8280837925254
1042,773,d18833095a890c5d,Consolidation,on,0.1621225189928317,1.0,0.4486980773018459,0.6194442313337599,2.171824609128419
1043,868,bb593e75db4ae1f1,Lung Opacity,off,0.1694418860771213,1.0,0.4893982504924822,0.655569840015216,2.2420706007367213
1043,868,bb593e75db4ae1f1,Lung Opacity,on,0.1694418860771213,1.0,0.2127984643748129,0.3508778413205534,2.2384191189150395
1044,703,42af86817a1fc686,Lung Opacity,off,0.1356665643319737,1.0,0.3120121958942254,0.4755038222789113,1.3434354446571086
1044,703,42af86817a1fc686,Lung Opacity,on,0.1356665643319737,1.0,0.318086776808865,0.4826488381087332,1.139462253008271
1045,890,2e8a1d279ded7080,Consolidation,off,0.1013162190742121,1.0,0.6057416163350103,0.7503041883206722,2.5624609702961543
1045,890,2e8a1d279ded7080,Consolidation,on,0.1013162190742121,1.0,0.5703641147750815,0.7263734053062862,4.107421160072588
1046,259,f635afc2d61f85db,Lung Opacity,off,0.1256621298286137,1.0,0.6784881969903924,0.8020048971507417,3.2487357968769977
1046,259,f635afc2d61f85db,Lung Opacity,on,0.1256621298286137,1.0,0.3366507667825122,0.5036925668851294,3.347897599137385
1047,637,529ec12b23c96a2e,Lung Opacity,off,0.1593789746063769,1.0,0.3894301223079673,0.5604460553981208,1.6874764376681035
1047,637,529ec12b23c96a2e,Lung Opacity,on,0.1593789746063769,1.0,0.3877191191906193,0.5587857246973137,1.4699763332808389
1048,926,0fec6a529bcfd2f9,Lung Opacity,off,0.154554624797158,1.0,0.1639841081944467,0.275724132101434,3.243846698882172
1048,926,0fec6a529bcfd2f9,Lung Opacity,on,0.154554624797158,1.0,0.0698445178570668,0.1305677265533235,2.493611537512272
1049,554,d11f8f5efb8b1d40,Consolidation,off,0.1554853831946941,1.0,0.5332567468669513,0.6955129295339744,1.837095913143317
1049,554,d11f8f5efb8b1d40,Consolidation,on,0.1554853831946941,1.0,0.5382041455480879,0.6997822757486732,1.413019427844603
1050,323,4c1c2fa84ef6dde3,Lung Opacity,off,0.1439605475393379,1.0,0.3991200779003668,0.5662941036023902,1.0406504946352009
1050,323,4c1c2fa84ef6dde3,Lung Opacity,on,0.1439605475393379,1.0,0.2506680644903165,0.4008441201145746,0.9210791912657504
1051,624,840a379583bc3556,Consolidation,off,0.1345555019516688,1.0,0.2976386727408616,0.4548278189517266,3.389435283424552
1051,624,840a379583bc3556,Consolidation,on,0.1345555019516688,1.0,0.0899766175739479,0.1650927099213085,2.7542132941144994
1052,1115,3b7a9cf6b7b5b5ce,Lung Opacity,off,0.1309396761350623,0.0,0.0771122404782976,0.1360120451625212,1.479555106345403
1052,1115,3b7a9cf6b7b5b5ce,Lung Opacity,on,0.1309396761350623,0.0,0.1369363641282201,0.2408710690725499,1.745356441071734
1053,794,f351439061d5ad61,Lung Opacity,off,0.1296726751750654,0.0,0.2341398500355646,0.3750515916958211,2.306231863259663
1053,794,f351439061d5ad61,Lung Opacity,on,0.1296726751750654,0.0,0.1050644081328846,0.1901375831684922,2.880264056645414
1054,772,f4985731f315e372,Lung Opacity,off,0.1377278774322763,1.0,0.2446688682776048,0.3858987349423832,2.5251071307116737
1054,772,f4985731f315e372,Lung Opacity,on,0.1377278774322763,1.0,0.1468493527884815,0.2560769248091751,2.829418769343288
1055,1003,5e887ff332cd84e0,Consolidation,off,0.1412657339590368,1.0,0.5223135981992552,0.6851141900930126,2.7121009831323004
1055,1003,5e887ff332cd84e0,Consolidation,on,0.1412657339590368,1.0,0.3858051451793645,0.5567810060761047,2.969933768167821
1056,562,dc0a4d5aa64453b1,Lung Opacity,off,0.1357835182667426,1.0,0.0372631791624071,0.0712129232696242,2.6555903477369607
1056,562,dc0a4d5aa64453b1,Lung Opacity,on,0.1357835182667426,1.0,0.0303699954447235,0.0589483539286986,2.6870901901872557
1057,1153,54499e14c7ac5da4,Lung Opacity,off,0.1449838944685662,1.0,0.2924887268922694,0.4505451276253838,1.5754140661052711
1057,1153,54499e14c7ac5da4,Lung Opacity,on,0.1449838944685662,1.0,0.3435476601421548,0.5114009384762697,1.6176205992408217
1058,872,f7153e69885c5835,Lung Opacity,off,0.1625610962482152,0.0,0.2348923521560245,0.3797780244930614,1.526946782736994
1058,872,f7153e69885c5835,Lung Opacity,on,0.1625610962482152,0.0,0.2100898068536233,0.3472288440172958,1.3271955907072586
1059,947,e82691ac1caaca89,Lung Opacity,off,0.1376888927873533,1.0,0.3687049173318421,0.5302031831861945,1.6229847429509765
1059,947,e82691ac1caaca89,Lung Opacity,on,0.1376888927873533,1.0,0.5987963422848173,0.7490522146285385,1.3928920529768047
1060,623,6fc49d603a768803,Consolidation,off,0.1035042322705144,1.0,0.4518302169651389,0.6212205605272721,2.3224217242118987
1060,623,6fc49d603a768803,Consolidation,on,0.1035042322705144,1.0,0.4116191888807687,0.5831652601080112,3.116086422782283
1061,687,a08261c925ff8d87,Consolidation,off,0.1868728954383092,0.0,0.1436611627528332,0.2477568711569421,1.4388566344026814
1061,687,a08261c925ff8d87,Consolidation,on,0.1868728954383092,0.0,0.1448762309498606,0.2530483115074551,2.0394693399682566
1062,849,e657132d289a3d51,Lung Opacity,off,0.1516502687503959,0.0,0.1676433777221522,0.284192998486294,2.647159665799528
1062,849,e657132d289a3d51,Lung Opacity,on,0.1516502687503959,0.0,0.0794343954796049,0.1471749063856459,2.5496739087806466
1063,495,15f6bb902a2c959a,Consolidation,off,0.1270607039652257,1.0,0.6647392493798756,0.7952698632706374,2.9098702668690475
1063,495,15f6bb902a2c959a,Consolidation,on,0.1270607039652257,1.0,0.3767726537460427,0.5472944975131301,3.3970870746273367
1064,1108,1ae4a6386bc83344,Lung Opacity,off,0.1296385636107578,1.0,0.5043909218186486,0.6656128017077615,2.676549473600094
1064,1108,1ae4a6386bc83344,Lung Opacity,on,0.1296385636107578,1.0,0.4022396003171594,0.5736921261812458,3.371329357365581
1065,835,63a0f8e87901b112,Lung Opacity,off,0.1459390182691792,1.0,0.5520815264523546,0.7088217317025398,2.3017193461631043
1065,835,63a0f8e87901b112,Lung Opacity,on,0.1459390182691792,1.0,0.339565789654181,0.5069566912884664,2.346360796540563
1066,1120,770bcfbe59f7a3db,Pleural Effusion,off,0.1755917138137216,1.0,0.4210529875236778,0.5914140398939718,1.7291457405067965
1066,1120,770bcfbe59f7a3db,Pleural Effusion,on,0.1755917138137216,1.0,0.3962668626581052,0.5676035538567126,1.520061679155596
1067,682,9e9dc881dce1f80f,Pleural Effusion,off,0.1784522121349453,1.0,0.5434474709213776,0.699310520132373,2.1652529728237995
1067,682,9e9dc881dce1f80f,Pleural Effusion,on,0.1784522121349453,1.0,0.4430388297026895,0.6140237424124356,2.471082209283128
1068,501,afef2a64487ccc52,Pleural Effusion,off,0.1649245403466709,1.0,0.4364495118481779,0.5998214331724369,2.6251107766878072
1068,501,afef2a64487ccc52,Pleural Effusion,on,0.1649245403466709,1.0,0.2318486778323195,0.3764035742516533,2.662341867394804
1069,978,d4a24d57809210d6,Pleural Effusion,off,0.1427130389018025,1.0,0.2972263572373401,0.457795899456517,1.557150420591997
1069,978,d4a24d57809210d6,Pleural Effusion,on,0.1427130389018025,1.0,0.2676162421664221,0.4222321141532571,1.567833754295742
1070,902,ce6cc922e4733aa7,Pleural Effusion,off,0.1518987958617799,1.0,0.4710079682510303,0.6399424105379391,1.9650075005407843
1070,902,ce6cc922e4733aa7,Pleural Effusion,on,0.1518987958617799,1.0,0.4165690262936176,0.5881280433260068,2.0073943650712955
1071,552,c8e12d7b589b5f7a,Pleural Effusion,off,0.1314416034384457,1.0,0.207636049242288,0.3433037287667284,1.472613676770795
1071,552,c8e12d7b589b5f7a,Pleural Effusion,on,0.1314416034384457,1.0,0.2396367321600941,0.3866240119483647,1.4142802294487735
1072,987,32858eb95ff67333,Pleural Effusion,off,0.1333274856365948,0.0,0.2563780023658154,0.4059897772806226,2.4489713685935404
1072,987,32858eb95ff67333,Pleural Effusion,on,0.1333274856365948,0.0,0.1700791777373627,0.2907055507949529,2.8359497546870647
1073,1038,5e8fe2fa834e1c32,Pleural Effusion,off,0.1660209834851298,0.0,0.2616142655850481,0.4125611876510107,2.274844108374543
1073,1038,5e8fe2fa834e1c32,Pleural Effusion,on,0.1660209834851298,0.0,0.1517476397262316,0.2635035813729177,2.497528527107852
1074,555,f7c5f09b2030a7d8,Pleural Effusion,off,0.1981686963047429,1.0,0.5980329485581329,0.7452498223360868,2.152207711512316
1074,555,f7c5f09b2030a7d8,Pleural Effusion,on,0.1981686963047429,1.0,0.6238820497036788,0.7683781003388532,1.341446061334318
1075,446,fe58ac10abaf8090,Pleural Effusion,off,0.1542573668796203,1.0,0.4560276296714955,0.6242855829575512,2.432889057882627
1075,446,fe58ac10abaf8090,Pleural Effusion,on,0.1542573668796203,1.0,0.2994290489710959,0.4608423489176859,2.8044147337868064
1076,912,8aaec40bc7225327,Pleural Effusion,off,0.1596469940402224,1.0,0.4238419121425599,0.585630838805719,1.9558800291731224
1076,912,8aaec40bc7225327,Pleural Effusion,on,0.1596469940402224,1.0,0.5889782855984185,0.7413283667245724,1.724738392384101
1077,686,d8cae75ce335777c,Pleural Effusion,off,0.1099659371664985,1.0,0.2569232162790898,0.3991148274121713,1.571839525123737
1077,686,d8cae75ce335777c,Pleural Effusion,on,0.1099659371664985,1.0,0.5555121915342728,0.7142075556546594,1.8716107627897576
1078,825,58646d9099d568d0,Pleural Effusion,off,0.1559142142888469,1.0,0.4757103775748659,0.6439781823592504,1.915662031774436
1078,825,58646d9099d568d0,Pleural Effusion,on,0.1559142142888469,1.0,0.3224639561451823,0.4876493121279315,1.801977423299557
1079,502,e067b5a011b6f780,Pleural Effusion,off,0.1261835494544586,1.0,0.6133404087108627,0.755652909773919,3.048298134064141
1079,502,e067b5a011b6f780,Pleural Effusion,on,0.1261835494544586,1.0,0.2537780248200397,0.4047829265052341,3.1734634385542964
1080,932,9e90087f741b0a4b,Pleural Effusion,off,0.157692888713458,1.0,0.2647476568009645,0.4184524014282454,1.4994944204333054
1080,932,9e90087f741b0a4b,Pleural Effusion,on,0.157692888713458,1.0,0.2441486710569388,0.39247452153192,1.3873062502613511
1081,1060,81bfaed24e14a36d,Pleural Effusion,off,0.1516112841054729,1.0,0.4899273251259185,0.654452410381888,2.878200179148825
1081,1060,81bfaed24e14a36d,Pleural Effusion,on,0.1516112841054729,1.0,0.2341803145804503,0.3794440821487362,2.848936489906211
1082,818,c9073232c6d4b940,Pleural Effusion,off,0.1451057214839505,0.0,0.1154235583613889,0.2064838734585278,0.6978961469320158
1082,818,c9073232c6d4b940,Pleural Effusion,on,0.1451057214839505,0.0,0.1376149069323063,0.2419357397842661,0.4837999421827711
1083,941,ac76e72ff49a04d1,Pleural Effusion,off,0.1385221895725821,1.0,0.5223948185827836,0.6853934628000209,2.617314431965019
1083,941,ac76e72ff49a04d1,Pleural Effusion,on,0.1385221895725821,1.0,0.4130695355548601,0.5846325882318025,2.966388133218351
1084,1128,43610d4623a4466c,Pleural Effusion,off,0.1379958968661218,1.0,0.4580309312654617,0.6212116556927809,2.7210967550536656
1084,1128,43610d4623a4466c,Pleural Effusion,on,0.1379958968661218,1.0,0.1686910099745494,0.2886589180835653,2.862009139924207
1085,450,84aca73e6943a78c,Pleural Effusion,off,0.1487069280587108,0.0,0.2952743268446861,0.4551892961638002,1.1145480676729715
1085,450,84aca73e6943a78c,Pleural Effusion,on,0.1487069280587108,0.0,0.3168432948516452,0.4812157327979818,0.8794971932808442
1086,815,feaa3ea4b1fbccfb,Pleural Effusion,off,0.1226408198470827,1.0,0.3147042137828367,0.4783115766657433,1.0868094982659398
1086,815,feaa3ea4b1fbccfb,Pleural Effusion,on,0.1226408198470827,1.0,0.3531950247543646,0.5220163413153988,0.928224689247702
1087,836,23122b420d5fe60e,Pleural Effusion,off,0.1408320297842687,1.0,0.507804587027004,0.6728210496675432,2.224205967099832
1087,836,23122b420d5fe60e,Pleural Effusion,on,0.1408320297842687,1.0,0.4714684017723037,0.6408082230782356,2.365409421175253
1088,730,d67867fe0018946f,Pleural Effusion,off,0.1528782850654698,1.0,0.405229942293993,0.5764903761097712,2.140860930052135
1088,730,d67867fe0018946f,Pleural Effusion,on,0.1528782850654698,1.0,0.3200288789300489,0.4848750615783522,2.256758984787564
1089,908,df4705a92b5db9bf,Pleural Effusion,off,0.1657822025349765,0.0,0.3331031023285569,0.4978087246030342,1.692230812281884
1089,908,df4705a92b5db9bf,Pleural Effusion,on,0.1657822025349765,0.0,0.2886514997205342,0.4479818338834596,1.5462588586044672
1090,784,c10bc1f45238c893,Pleural Effusion,off,0.1492039822814788,1.0,0.5256234907000426,0.6880545339750073,2.5218839285791934
1090,784,c10bc1f45238c893,Pleural Effusion,on,0.1492039822814788,1.0,0.4407626212649839,0.6118389862010934,2.650183976877593
1091,997,67a2a858716143a1,Pleural Effusion,off,0.1353498140919745,1.0,0.4331225077341424,0.5972096733183259,2.185697770195907
1091,997,67a2a858716143a1,Pleural Effusion,on,0.1353498140919745,1.0,0.3856162890662276,0.556549770041994,3.2037624887562512
1092,482,eb24fa44f568ccfa,Pleural Effusion,off,0.1321579462889054,1.0,0.569694475965935,0.7208812282031296,2.398286483692372
1092,482,eb24fa44f568ccfa,Pleural Effusion,on,0.1321579462889054,1.0,0.5726119947786821,0.7282180814241712,2.559201645542454
1093,757,10ca37bd9be150be,Pleural Effusion,off,0.1527613311307009,1.0,0.3749611669477936,0.5434816560610243,1.4594156758052677
1093,757,10ca37bd9be150be,Pleural Effusion,on,0.1527613311307009,1.0,0.4648430237953554,0.6346644545053322,1.0860062800497798
1094,707,e3a24951af784f22,Pleural Effusion,off,0.1404860410605772,1.0,0.3200819642204704,0.4828568000119883,1.5743278045641698
1094,707,e3a24951af784f22,Pleural Effusion,on,0.1404860410605772,1.0,0.4395827239497783,0.6107061386453632,1.6890548725832195
1095,566,47b9c4202e77cc1c,Pleural Effusion,off,0.1705968061829647,1.0,0.5812457509004865,0.7174050827881666,2.6626435931174783
1095,566,47b9c4202e77cc1c,Pleural Effusion,on,0.1705968061829647,1.0,0.1613037846333698,0.277767672236789,2.5441132274967586
1096,994,a018d2ec2056ba13,Pleural Effusion,off,0.149311190055017,1.0,0.3973803801247004,0.5670535450544942,1.2308096248765474
1096,994,a018d2ec2056ba13,Pleural Effusion,on,0.149311190055017,1.0,0.4455310297110166,0.6164236877224948,0.9383450841055913
1097,578,8250971e15436201,Pleural Effusion,off,0.1272605002704559,1.0,0.5099780819714779,0.6733990742517617,1.9172861497802824
1097,578,8250971e15436201,Pleural Effusion,on,0.1272605002704559,1.0,0.6161483610179823,0.7624897395286612,1.8247554475213152
1098,104,ec0760fc67ee339f,Pleural Effusion,off,0.145125213806412,1.0,0.4896126533800037,0.6554140906867504,1.986154717877487
1098,104,ec0760fc67ee339f,Pleural Effusion,on,0.145125213806412,1.0,0.5117707437828637,0.6770459233663358,1.9924161962766456
1099,821,31454ced59f57f9b,Pleural Effusion,off,0.1397599520488867,1.0,0.2493127243120992,0.3981774959669108,1.3957818284467949
1099,821,31454ced59f57f9b,Pleural Effusion,on,0.1397599520488867,1.0,0.3099332418432458,0.4732024193968175,1.2360919285765957
1100,1026,afd85468199ad4ac,Pleural Effusion,off,0.157327407667305,1.0,0.6250695969454292,0.761835395423914,2.8743656520198755
1100,1026,afd85468199ad4ac,Pleural Effusion,on,0.157327407667305,1.0,0.3238620423800766,0.4891948572808003,2.936937795113706
1101,877,3cf6f3a36e63c3d7,Pleural Effusion,off,0.1367678805510479,1.0,0.4151932692586438,0.5865334041502017,2.1208606266687275
1101,877,3cf6f3a36e63c3d7,Pleural Effusion,on,0.1367678805510479,1.0,0.3592943125498851,0.528645310425949,2.139167049802089
1102,802,f642a9532e776fba,Pleural Effusion,off,0.147688454210098,1.0,0.3248517028326055,0.4835382160210855,1.0182583745999785
1102,802,f642a9532e776fba,Pleural Effusion,on,0.147688454210098,1.0,0.4487541794535013,0.6194975899924923,0.9670254268532674
1103,573,10fee9feaffc9d67,Pleural Effusion,off,0.1783596236032532,1.0,0.3372562217098559,0.4998899366067323,2.096806209542043
1103,573,10fee9feaffc9d67,Pleural Effusion,on,0.1783596236032532,1.0,0.2636755717481878,0.41730079334277,2.328988668590672
1104,1064,1b4b246fc1934132,Pleural Effusion,off,0.1250335024292307,1.0,0.3770522624876383,0.5474529876343401,1.7109487294554904
1104,1064,1b4b246fc1934132,Pleural Effusion,on,0.1250335024292307,1.0,0.400957522227699,0.5724048970657118,1.6303314669004123
1105,917,8544f40e972ffb8b,Pleural Effusion,off,0.1749484671724924,1.0,0.2917071823380112,0.4497426119240645,0.8639320029687
1105,917,8544f40e972ffb8b,Pleural Effusion,on,0.1749484671724924,1.0,0.3388810339932925,0.5062134272432633,0.6863340000240052
1106,1110,cbfeb2200c7693e3,Pleural Effusion,off,0.1142201365437188,0.0,0.1993884328353288,0.3307971079032081,1.1808490256781432
1106,1110,cbfeb2200c7693e3,Pleural Effusion,on,0.1142201365437188,0.0,0.2692749055395844,0.4242639326175249,0.9624084988350018
1107,611,90ba30781590a8c3,Pleural Effusion,off,0.1601489213436057,1.0,0.3848517071789671,0.5519223921153406,2.3674694064039024
1107,611,90ba30781590a8c3,Pleural Effusion,on,0.1601489213436057,1.0,0.2663557154682832,0.4206439594048879,2.7643736055132786
1108,349,6b56d0dbc96e87a3,Pleural Effusion,off,0.1596372478789916,1.0,0.4789298493471776,0.6465622930208046,1.9418521307020784
1108,349,6b56d0dbc96e87a3,Pleural Effusion,on,0.1596372478789916,1.0,0.4357220108281837,0.6069669891370474,1.865843395923588
1109,896,71c224d9e56d6796,Pleural Effusion,off,0.1420697922605733,1.0,0.4364059140273786,0.6072286695757511,1.7901645042939498
1109,896,71c224d9e56d6796,Pleural Effusion,on,0.1420697922605733,1.0,0.4677894654698464,0.6374067293211741,1.49753728463673
1110,973,87f24fde5f11ea3e,Pleural Effusion,off,0.1561724875614617,1.0,0.4782779789499188,0.6464377196554015,2.184301900754308
1110,973,87f24fde5f11ea3e,Pleural Effusion,on,0.1561724875614617,1.0,0.3405595226891579,0.5080689147740914,2.1614653101662467
1111,1130,c447627e22128f05,Pleural Effusion,off,0.1298968368833725,1.0,0.5517328000946019,0.7072171670961568,2.118526132455892
1111,1130,c447627e22128f05,Pleural Effusion,on,0.1298968368833725,1.0,0.6231845149607582,0.7678364408418787,2.819092217646574
1112,519,cb23f15188ae0ac0,Pleural Effusion,off,0.157536950133766,1.0,0.3727561415353502,0.53927433389852,1.5106663117117656
1112,519,cb23f15188ae0ac0,Pleural Effusion,on,0.157536950133766,1.0,0.2658382994449385,0.4199971091527203,1.370068833774884
1113,500,962c6a113118443b,Pleural Effusion,off,0.2035875619490373,1.0,0.211275185368,0.3479665853843564,1.6452743069788152
1113,500,962c6a113118443b,Pleural Effusion,on,0.2035875619490373,1.0,0.2203138233647659,0.3610754143769724,1.9163816328176209
1114,529,4881147b3065f434,Pleural Effusion,off,0.1499349443737847,1.0,0.1964200104785685,0.3275150173186215,0.667005944599257
1114,529,4881147b3065f434,Pleural Effusion,on,0.1499349443737847,1.0,0.2497523665798137,0.3996816515738557,0.5703618080574104
1115,545,f2c7ecc55cd16fef,Pleural Effusion,off,0.1510265144316282,1.0,0.3083484254868466,0.4704266352644879,1.2597136616884943
1115,545,f2c7ecc55cd16fef,Pleural Effusion,on,0.1510265144316282,1.0,0.3326955968878512,0.4992820685903384,1.0122709697842172
1116,669,740b1c37f34a8265,Pleural Effusion,off,0.1602220175528363,1.0,0.3491942968893206,0.5132002697017457,1.764315755805894
1116,669,740b1c37f34a8265,Pleural Effusion,on,0.1602220175528363,1.0,0.437036156408912,0.6082454022433547,1.7084506421472283
1117,509,8c310bf79d9599ea,Pleural Effusion,off,0.159812678781145,1.0,0.2811473072697703,0.4386741620060041,1.7377665633452568
1117,509,8c310bf79d9599ea,Pleural Effusion,on,0.159812678781145,1.0,0.1960564611233264,0.327834478152713,1.526745784777298
1118,614,3ff4d9de646f6970,Pleural Effusion,off,0.1599442519577601,1.0,0.4659738979700445,0.6285620238001809,2.453801824944014
1118,614,3ff4d9de646f6970,Pleural Effusion,on,0.1599442519577601,1.0,0.2672432451684952,0.4217056642290737,2.7441085703272066
1119,893,52aac5703e299bfb,Pleural Effusion,off,0.1072029004575822,1.0,0.3159447906746248,0.479345307130466,1.4526946248964627
1119,893,52aac5703e299bfb,Pleural Effusion,on,0.1072029004575822,1.0,0.3494232402195892,0.5178851483179298,1.2955905722077956
1120,648,190a822f1a70e22b,Pleural Effusion,off,0.1341607824218236,0.0,0.2697660127158896,0.4233130685118159,1.453944439279195
1120,648,190a822f1a70e22b,Pleural Effusion,on,0.1341607824218236,0.0,0.3153231940093049,0.4794609053672897,1.371756370334508
1121,622,7e26ed073019eeec,Pleural Effusion,off,0.1958442368512102,0.0,0.1695648791069623,0.2893237128449643,1.517800201255899
1121,622,7e26ed073019eeec,Pleural Effusion,on,0.1958442368512102,0.0,0.1379314931375844,0.2424242838521086,1.2307052198260513
1122,985,69b9494d1f0e2086,Pleural Effusion,off,0.1382834086224288,1.0,0.6100156656461276,0.7533788659855192,2.379643027538755
1122,985,69b9494d1f0e2086,Pleural Effusion,on,0.1382834086224288,1.0,0.3976844415114297,0.5689164219127558,3.3205118342551847
1123,698,9cbffc87224139e9,Pleural Effusion,off,0.1676485924106642,1.0,0.4278359803320343,0.5968874879442339,1.9860419287624245
1123,698,9cbffc87224139e9,Pleural Effusion,on,0.1676485924106642,1.0,0.2903984380831955,0.4500626434488614,1.8912086808436552
1124,553,e1f7ee22e5418faf,Pleural Effusion,off,0.1151801334249472,1.0,0.5947525511909919,0.7442126572127563,2.8237618036996124
1124,553,e1f7ee22e5418faf,Pleural Effusion,on,0.1151801334249472,1.0,0.4385508028602013,0.6096976443496972,3.522501192627139
1125,1051,7c1be6b3516ee49b,Pleural Effusion,off,0.1390679746015038,1.0,0.1961874887283134,0.322768381153512,1.2639425311377357
1125,1051,7c1be6b3516ee49b,Pleural Effusion,on,0.1390679746015038,1.0,0.3462951059091662,0.5144380545141687,1.044173244269757
1126,422,9edec8e40744cdcb,Pleural Effusion,off,0.1853330019638515,1.0,0.3460941409462544,0.5124111642807494,1.6194032013646746
1126,422,9edec8e40744cdcb,Pleural Effusion,on,0.1853330019638515,1.0,0.3843759026827683,0.5553043595228568,1.497242388122405
1127,1106,ae35c1b279e0edab,Pleural Effusion,off,0.1569570535405367,1.0,0.5290545946367875,0.6917515968746463,2.3903561881424418
1127,1106,ae35c1b279e0edab,Pleural Effusion,on,0.1569570535405367,1.0,0.4421061372049092,0.6130938475572433,2.811726782761268
1128,1061,2609a1069f715dcf,Pleural Effusion,off,0.1503735216291683,1.0,0.5266603765098757,0.689259279174375,2.182582415491249
1128,1061,2609a1069f715dcf,Pleural Effusion,on,0.1503735216291683,1.0,0.4955059090937724,0.6626558726400288,2.047376751029613
1129,996,405493f18077e437,Pleural Effusion,off,0.1455881564648724,1.0,0.4025399931261771,0.5684680616878186,2.307656191836976
1129,996,405493f18077e437,Pleural Effusion,on,0.1455881564648724,1.0,0.2535442079666042,0.4044720389757058,2.5273702302328256
1130,455,d8cb15c8f3e169c6,Pleural Effusion,off,0.1224653889449293,1.0,0.3538731857046718,0.5225341172489651,1.55271448988735
1130,455,d8cb15c8f3e169c6,Pleural Effusion,on,0.1224653889449293,1.0,0.4724407251599155,0.6417092462913864,1.5670041865436524
1131,359,71e064315174ab07,Pleural Effusion,off,0.1592181629460696,1.0,0.2778764927422277,0.4287061241980019,2.7472278405276023
1131,359,71e064315174ab07,Pleural Effusion,on,0.1592181629460696,1.0,0.1085744916605573,0.1958691026220838,2.555615332106921
1132,799,568cdb13a6f3f611,Pleural Effusion,off,0.1370846307910471,1.0,0.3624266991621242,0.5286784775798542,2.111339183411732
1132,799,568cdb13a6f3f611,Pleural Effusion,on,0.1370846307910471,1.0,0.311707874725293,0.4752555765066686,2.211855386843263
1133,851,dcfa47fe26c138af,Pleural Effusion,off,0.167711942458664,1.0,0.3445340809900896,0.5017142216387194,1.4596542207832803
1133,851,dcfa47fe26c138af,Pleural Effusion,on,0.167711942458664,1.0,0.5274453104202421,0.6906075193663177,1.1148898738634183
1134,642,20fb7eeeb458748f,Pleural Effusion,off,0.1615864801251407,0.0,0.322193869236937,0.484574563842507,1.2240050309752135
1134,642,20fb7eeeb458748f,Pleural Effusion,on,0.1615864801251407,0.0,0.386782068640803,0.5578102601080687,0.8678352995455192
1135,858,8c78043e308ff768,Pleural Effusion,off,0.1527126003245471,0.0,0.2789781951184683,0.4359147440136953,2.0683917785833
1135,858,8c78043e308ff768,Pleural Effusion,on,0.1527126003245471,0.0,0.2286658334811681,0.372192637392737,2.776863900916533
1136,999,889e47cdf0777897,Pleural Effusion,off,0.1620786612672933,1.0,0.4495063502285829,0.6200358705177933,1.5550973161242612
1136,999,889e47cdf0777897,Pleural Effusion,on,0.1620786612672933,1.0,0.4571650502971504,0.6274711664269615,1.2708947360947995
1137,496,0a5891e034f34c59,Pleural Effusion,off,0.1548665019565418,1.0,0.2549784812273683,0.4054196217751571,0.8855353957280359
1137,496,0a5891e034f34c59,Pleural Effusion,on,0.1548665019565418,1.0,0.2960425422027321,0.4568381300302681,0.6025388148519016
1138,279,c4fc45e536c113f2,Pleural Effusion,off,0.1583848661608409,0.0,0.310410083528439,0.4735606717858022,1.3215979073536186
1138,279,c4fc45e536c113f2,Pleural Effusion,on,0.1583848661608409,0.0,0.3145697116237246,0.478588232029198,1.1319046505178385
1139,833,ee687f9972a73784,Pleural Effusion,off,0.1316219074212144,1.0,0.6054325472345342,0.7539119211159886,2.3418043812236364
1139,833,ee687f9972a73784,Pleural Effusion,on,0.1316219074212144,1.0,0.6131210312327269,0.760162813094224,2.55386886041651
1140,1020,8632d4f4de11af44,Pleural Effusion,off,0.1415532457153438,1.0,0.2330809358878259,0.3774743752425955,0.5864184362716862
1140,1020,8632d4f4de11af44,Pleural Effusion,on,0.1415532457153438,1.0,0.2574729761211879,0.4095079856454556,0.4857593873243883
1141,731,20f77398fe1a3218,Pleural Effusion,off,0.1474984040660984,1.0,0.4007013297999142,0.5691530392844311,1.6182422794335756
1141,731,20f77398fe1a3218,Pleural Effusion,on,0.1474984040660984,1.0,0.4592714033235714,0.6294425178838522,1.566900795201888
1142,520,260c63daecc7305f,Pleural Effusion,off,0.1544474170236198,1.0,0.2843147268186044,0.4415145740415188,0.9272332890956616
1142,520,260c63daecc7305f,Pleural Effusion,on,0.1544474170236198,1.0,0.3154007288108221,0.4795483975114458,0.8550748127674577
1143,7,0d5f21fb4df88954,Pleural Effusion,off,0.1478785043540975,1.0,0.3839445281047489,0.5518953855892471,1.5307727372967797
1143,7,0d5f21fb4df88954,Pleural Effusion,on,0.1478785043540975,1.0,0.4678560144820716,0.637468086965536,1.1782166292842788
1144,521,565ebecef494a902,Pleural Effusion,off,0.1637842394826737,1.0,0.4582238021102979,0.627596111072897,2.078771776775803
1144,521,565ebecef494a902,Pleural Effusion,on,0.1637842394826737,1.0,0.4378935031155772,0.6090720519980557,2.2484012834377243
1145,558,3fb94454930d19a5,Pleural Effusion,off,0.1196974791553976,1.0,0.3664670169653136,0.5353089711556375,1.151130127467917
1145,558,3fb94454930d19a5,Pleural Effusion,on,0.1196974791553976,1.0,0.4082332692163984,0.5797806650473467,0.9657948446403084
1146,651,1a5351e70d0cbdd0,Pleural Effusion,off,0.1591353205756082,1.0,0.3404312176510052,0.5072921980987947,1.583491470569671
1146,651,1a5351e70d0cbdd0,Pleural Effusion,on,0.1591353205756082,1.0,0.363926510969865,0.533643955119346,1.4923275868272077
1147,1144,febea89507fcdc45,Pleural Effusion,off,0.1307350067492166,1.0,0.5122059280307056,0.6765398069788776,2.1168940479408307
1147,1144,febea89507fcdc45,Pleural Effusion,on,0.1307350067492166,1.0,0.5382462633381512,0.6998173643333765,2.1599502523121985
1148,1145,2b70b76440ded8f1,Pleural Effusion,off,0.1342241324698234,1.0,0.4089420711626042,0.5781400685785372,2.110913935676991
1148,1145,2b70b76440ded8f1,Pleural Effusion,on,0.1342241324698234,1.0,0.3708640543110714,0.5410131177413671,2.89547949003706
1149,568,52b20aee5d4f76ee,Pleural Effusion,off,0.1455150602556418,0.0,0.1717439007566964,0.2931291968903385,1.72805144844891
1149,568,52b20aee5d4f76ee,Pleural Effusion,on,0.1455150602556418,0.0,0.1614822853128451,0.2780580897921865,1.89398140115741
1150,559,5a33ba2940830d6f,Pleural Effusion,off,0.1525420425030091,1.0,0.3478090259108849,0.5159700513743675,1.3270284324177368
1150,559,5a33ba2940830d6f,Pleural Effusion,on,0.1525420425030091,1.0,0.3367074038938761,0.5037821826728125,1.0861238442403351
1151,954,e2f669c274470f5c,Pleural Effusion,off,0.112626639182492,0.0,0.112220161608137,0.2009483431519291,1.0826259081063805
1151,954,e2f669c274470f5c,Pleural Effusion,on,0.112626639182492,0.0,0.1582515039281976,0.2732591307531152,0.9068902085197426
1152,972,4898d16d1d823a18,Pleural Effusion,off,0.1444624748427213,0.0,0.2643643380597088,0.4154062934962014,1.3616784289446389
1152,972,4898d16d1d823a18,Pleural Effusion,on,0.1444624748427213,0.0,0.263068107850804,0.4164772472793124,1.2899738888366212
1153,1157,209063cca1683265,Pleural Effusion,off,0.1946454590198285,1.0,0.2991653157454264,0.4602323477149429,1.3964170845927968
1153,1157,209063cca1683265,Pleural Effusion,on,0.1946454590198285,1.0,0.3075478748569142,0.4704187118534658,1.001272268144463
1154,924,d906968e0193010d,Pleural Effusion,off,0.2055026826308787,0.0,0.1006844029180706,0.1826126711334961,1.61718833179974
1154,924,d906968e0193010d,Pleural Effusion,on,0.2055026826308787,0.0,0.0969333269189778,0.1767333320628831,2.098140991754533
1155,528,713d2a70401f9f91,Pleural Effusion,off,0.1548470096340803,1.0,0.2836527608791185,0.4416186436618187,1.1773244100430882
1155,528,713d2a70401f9f91,Pleural Effusion,on,0.1548470096340803,1.0,0.3085126871818763,0.4715467843489275,0.8932431449452664
1156,1041,17fc39be1f836acc,Pleural Effusion,off,0.1195610328981672,1.0,0.5287299073770706,0.6902046438743781,2.2496391069350894
1156,1041,17fc39be1f836acc,Pleural Effusion,on,0.1195610328981672,1.0,0.4144302417063857,0.5859737661699789,2.4809618826682085
1157,546,e28ff1f3ca2eb126,Pleural Effusion,off,0.1514358532033195,1.0,0.4799522467321181,0.645373846114801,1.527607132019967
1157,546,e28ff1f3ca2eb126,Pleural Effusion,on,0.1514358532033195,1.0,0.5585936487807941,0.716788508105216,1.2542315595781788
1158,998,34e1b7bee389a237,Pleural Effusion,off,0.1407491874138073,1.0,0.3479541228131891,0.5104090720814808,1.4758925371663396
1158,998,34e1b7bee389a237,Pleural Effusion,on,0.1407491874138073,1.0,0.5033250667329514,0.6696119698304026,1.1106606792119362
1159,769,7c0407d951784c3b,Pleural Effusion,off,0.1478151543060976,1.0,0.2347767848998454,0.3718580286530452,1.3278480108563562
1159,769,7c0407d951784c3b,Pleural Effusion,on,0.1478151543060976,1.0,0.4921284510332239,0.6596217186909806,1.022473072660805
1160,579,e0a3a3936bbceed3,Pleural Effusion,off,0.1783742428450994,1.0,0.367379637901482,0.5291032775375291,1.3282133255084174
1160,579,e0a3a3936bbceed3,Pleural Effusion,on,0.1783742428450994,1.0,0.4801206145442291,0.648749910867452,0.9726859683799052
1161,653,4137599a9ebd2c1b,Pleural Effusion,off,0.1568595919282292,0.0,0.1064752665614753,0.191444589046242,0.6721966764111657
1161,653,4137599a9ebd2c1b,Pleural Effusion,on,0.1568595919282292,0.0,0.1604561482457088,0.2765265641030877,0.3645673653034143
