idx,rank,pair_id,category,dhs,q,point,iou,dice,cnr
0,133,a69b6f1a4d61d8b1,Pneumonia,off,0.1668445341091277,1.0,0.6229451937189483,0.7651019664094576,2.529141208962999
0,133,a69b6f1a4d61d8b1,Pneumonia,on,0.1668445341091277,1.0,0.5887444308952465,0.741133487503,2.559726312819454
1,64,3dfe8fee5bd1ceed,Pneumonia,off,0.1372551886125852,1.0,0.2103616230771069,0.3394214931278417,1.3708573801407429
1,64,3dfe8fee5bd1ceed,Pneumonia,on,0.1372551886125852,1.0,0.471209511969468,0.6405734736941925,1.1504253506555393
2,287,d736b1fc6877512b,Pneumothorax,off,0.2274559108031324,1.0,0.4361945686172683,0.6051757333587615,1.2760854188504829
2,287,d736b1fc6877512b,Pneumothorax,on,0.2274559108031324,1.0,0.4637323624927604,0.6336282394246201,0.8731405357251965
3,221,4b1efc03403cd73c,Pneumonia,off,0.1372503155319698,1.0,0.551497550930594,0.7097577517945615,3.0729080946533887
3,221,4b1efc03403cd73c,Pneumonia,on,0.1372503155319698,1.0,0.263553502662467,0.4171407535212867,3.024315273672163
4,99,930f9bd2d8c63458,Pneumothorax,off,0.1614500338679102,1.0,0.3792854225698219,0.5438665459679172,1.4867811074690531
4,99,930f9bd2d8c63458,Pneumothorax,on,0.1614500338679102,1.0,0.4295166947359153,0.6009160797996835,0.8645225286384445
5,258,185d65aeccbfa70b,Pneumonia,off,0.1481903815134813,1.0,0.3689996572378954,0.523980859593501,2.0356372971820886
5,258,185d65aeccbfa70b,Pneumonia,on,0.1481903815134813,1.0,0.2650547588698221,0.4189962086172983,2.279341879788088
6,232,dde31d4452de3e39,Pneumonia,off,0.1035578361572835,1.0,0.5892028434079976,0.740024867391919,2.778877675856599
6,232,dde31d4452de3e39,Pneumonia,on,0.1035578361572835,1.0,0.3836479175288931,0.5545160483144287,3.731557698208945
7,267,96238c9f05e3b238,Pneumothorax,off,0.1804891598321711,0.0,0.1675016051156635,0.2866079102979017,1.3366152763759964
7,267,96238c9f05e3b238,Pneumothorax,on,0.1804891598321711,0.0,0.1614156756995732,0.2779617252435651,1.1379821774215937
8,366,adfa39118b9e3489,Pneumothorax,off,0.2134652963563976,0.0,0.181012528988447,0.3025704226434443,1.8834944460229768
8,366,adfa39118b9e3489,Pneumothorax,on,0.2134652963563976,0.0,0.205518252040342,0.3409411839587883,2.186652787522549
9,134,e09c63979aec3355,Pneumothorax,off,0.2053613632930329,0.0,0.0977081828428974,0.1777048808582723,1.0784410768602346
9,134,e09c63979aec3355,Pneumothorax,on,0.2053613632930329,0.0,0.1068961346873636,0.1931445729131664,0.8573846962995775
10,89,944a3ee8201c0f57,Pneumothorax,off,0.1706650293115799,0.0,0.0938202904639122,0.1691945479728566,1.354374275364622
10,89,944a3ee8201c0f57,Pneumothorax,on,0.1706650293115799,0.0,0.1096572810084667,0.1976403511622659,1.2924381968438692
11,352,f927f7fc0016cedd,Pneumonia,off,0.1205356490212417,1.0,0.4207077296222807,0.5886085626634331,1.5987111549450177
11,352,f927f7fc0016cedd,Pneumonia,on,0.1205356490212417,1.0,0.4703262378483001,0.639753274849131,1.5625370866643986
12,371,7e6b1ef08113cdd8,Pneumothorax,off,0.1735401468746497,0.0,0.1441086235000542,0.2513625018052423,1.746583605595936
12,371,7e6b1ef08113cdd8,Pneumothorax,on,0.1735401468746497,0.0,0.1239663660455087,0.2205850244505232,2.1307296399683224
13,277,9e284dd7868db308,Pneumothorax,off,0.1470939383750225,1.0,0.3366753506739098,0.5027602872336511,1.6335578989684325
13,277,9e284dd7868db308,Pneumothorax,on,0.1470939383750225,1.0,0.3329633206877164,0.4995799277297566,1.6092302307330433
14,358,ffe388efa401e2c7,Pneumonia,off,0.1219147308353922,1.0,0.3189640889542423,0.4714251908291177,1.8524653047452584
14,358,ffe388efa401e2c7,Pneumonia,on,0.1219147308353922,1.0,0.5641976675676059,0.7213887556552117,1.903600814377019
15,336,a2552a9bae4a584f,Pneumonia,off,0.1598029326199143,1.0,0.3865049874183316,0.556493235255828,2.0118549037157423
15,336,a2552a9bae4a584f,Pneumonia,on,0.1598029326199143,1.0,0.4098831818959298,0.5814370754754254,2.6993292579331647
16,388,5e0eb35c22d224fb,Pneumothorax,off,0.1755088714432602,1.0,0.3805065808141011,0.5491019545710165,1.390410542076154
16,388,5e0eb35c22d224fb,Pneumothorax,on,0.1755088714432602,1.0,0.4279427102928758,0.5993835320157925,1.1492065365128985
17,383,ce476f54355d544d,Pneumonia,off,0.1284300396181454,1.0,0.1943316605839415,0.3174401668254112,1.4812503953243643
17,383,ce476f54355d544d,Pneumonia,on,0.1284300396181454,1.0,0.6014576135730529,0.7511362651480941,1.3585833130597165
18,1,f464ffe0f4bdeed5,Pneumothorax,off,0.1846117860327763,0.0,0.0419507960191998,0.0800040353215828,1.034936134017192
18,1,f464ffe0f4bdeed5,Pneumothorax,on,0.1846117860327763,0.0,0.0595315009757053,0.1123731201680693,0.7867029952882996
19,52,c6b1ec5d0007bcc8,Pneumothorax,off,0.1712692913078861,1.0,0.4362773792442185,0.6066966538820725,1.4399797592411951
19,52,c6b1ec5d0007bcc8,Pneumothorax,on,0.1712692913078861,1.0,0.4668893268519085,0.6365663972914894,1.2205420747217188
20,66,4a3abb70e8c0334e,Pneumonia,off,0.1302330794458332,1.0,0.4418559913913255,0.6070180405177251,2.061290747101577
20,66,4a3abb70e8c0334e,Pneumonia,on,0.1302330794458332,1.0,0.6140708711262997,0.7608968587553034,2.3512031041682446
21,310,8adf4fbea2355342,Pneumothorax,off,0.1664351953374364,1.0,0.4369145121812376,0.6074350982585407,1.3006946557767465
21,310,8adf4fbea2355342,Pneumothorax,on,0.1664351953374364,1.0,0.4597341748026761,0.62988730684314,0.9911211801515764
22,57,2f30a42db1b214d2,Pneumothorax,off,0.1638524626112889,1.0,0.1991097557734808,0.3285733927603479,0.917376570793336
22,57,2f30a42db1b214d2,Pneumothorax,on,0.1638524626112889,1.0,0.2103687508010328,0.3475955668313804,0.6996683764695599
23,75,9d40b4647d175c1d,Pneumothorax,off,0.1812493604081692,0.0,0.0549601420147451,0.1041756869457255,0.5206785980783228
23,75,9d40b4647d175c1d,Pneumothorax,on,0.1812493604081692,0.0,0.0572840819745736,0.1083608084749576,0.3928221694950571
24,294,796252c659a6d63b,Pneumothorax,off,0.1727409616537286,0.0,0.0461137988009035,0.0862234985157701,0.760007749422727
24,294,796252c659a6d63b,Pneumothorax,on,0.1727409616537286,0.0,0.0695571828394505,0.1300653314468799,0.4240917377105789
25,236,308f2b9dd5d34af9,Pneumothorax,off,0.2075688688117967,0.0,0.038174566157709,0.0733244380975175,1.0407183774559912
25,236,308f2b9dd5d34af9,Pneumothorax,on,0.2075688688117967,0.0,0.0298399614370447,0.0579504785662223,0.7175587032844434
26,13,b43760d8864b67dc,Pneumothorax,off,0.2015798527355038,0.0,0.0967811771456616,0.1755349690630996,1.4843366474587014
26,13,b43760d8864b67dc,Pneumothorax,on,0.2015798527355038,0.0,0.099918439059876,0.1816815485402575,1.489290635745922
27,215,61d50fd13c3afc43,Pneumothorax,off,0.179821547787865,0.0,0.078907964562377,0.1460921109291383,1.1962321421725637
27,215,61d50fd13c3afc43,Pneumothorax,on,0.179821547787865,0.0,0.0907153619911178,0.1663409379612971,1.1183459213057478
28,147,6b63c94e8cfd8324,Pneumothorax,off,0.1895725820992256,1.0,0.2037307040807263,0.3329270307584716,1.4713069820674778
28,147,6b63c94e8cfd8324,Pneumothorax,on,0.1895725820992256,1.0,0.2895179573805744,0.4489663754473806,1.6752126408611632
29,301,8392c5876fbbed46,Pneumothorax,off,0.2257746979908288,0.0,0.0468959184037584,0.0895889099606609,0.9435807827731614
29,301,8392c5876fbbed46,Pneumothorax,on,0.2257746979908288,0.0,0.0480425875663164,0.0916805951276705,0.6830081208648651
30,153,8374c5eceb0bdd93,Pneumonia,off,0.1560409143848466,1.0,0.3257612536595145,0.4720273231738122,2.5663011736613384
30,153,8374c5eceb0bdd93,Pneumonia,on,0.1560409143848466,1.0,0.1803139129020439,0.3055161405712872,2.6880748183193424
31,152,d854ccc3473ae1c9,Pneumonia,off,0.1507341295947059,1.0,0.2424307713093715,0.3895628691978385,1.3386452612539663
31,152,d854ccc3473ae1c9,Pneumonia,on,0.1507341295947059,1.0,0.2204580567206427,0.3612641757356382,1.1726512512713132
32,429,2d400ff20632a25f,Pneumothorax,off,0.1847531053706221,0.0,0.134337925816692,0.2364740109204267,1.48661048195961
32,429,2d400ff20632a25f,Pneumothorax,on,0.1847531053706221,0.0,0.1473800488539172,0.2568980896694938,1.6476134100957511
33,204,e96c049804f0df2f,Pneumothorax,off,0.2003225979367376,0.0,0.0675902701112326,0.1257728874974367,1.9108560679532491
33,204,e96c049804f0df2f,Pneumothorax,on,0.2003225979367376,0.0,0.0660239002784502,0.12386761356099,2.128634984655091
34,124,767135fe43de9223,Pneumonia,off,0.1573371538285357,1.0,0.1680090533252844,0.2802875610414167,2.1089056460658204
34,124,767135fe43de9223,Pneumonia,on,0.1573371538285357,1.0,0.1766816937453334,0.3002668506601486,2.676252952032937
35,169,1cff8384b9f1223b,Pneumonia,off,0.1249798985424615,1.0,0.5102633811191628,0.6711529605306572,2.0775551479851155
35,169,1cff8384b9f1223b,Pneumonia,on,0.1249798985424615,1.0,0.6181528952404609,0.7640216661534351,2.510937614706019
36,170,a6a7caa06b6c0b26,Pneumonia,off,0.1258424338113825,0.0,0.0146714886273933,0.0273375634951854,0.3251153462029144
36,170,a6a7caa06b6c0b26,Pneumonia,on,0.1258424338113825,0.0,0.0129162212151456,0.0254612508453635,-0.2243329580603967
37,326,de9f6d015fd908b7,Pneumonia,off,0.1437704973953384,1.0,0.457791912485076,0.6183945843143909,2.01441508910299
37,326,de9f6d015fd908b7,Pneumonia,on,0.1437704973953384,1.0,0.6992079115625854,0.8229804660252575,2.0541106578503463
38,33,7bc33684e2eedab2,Pneumonia,off,0.1236300552120033,1.0,0.5699333293827233,0.7243854831401066,2.2939278379148527
38,33,7bc33684e2eedab2,Pneumonia,on,0.1236300552120033,1.0,0.5902576738575986,0.7423337920598284,2.767388282269512
39,345,f7e574ed970b6fa4,Pneumonia,off,0.1639937819491347,1.0,0.1396854546491115,0.2450951306734224,0.7546637058248542
39,345,f7e574ed970b6fa4,Pneumonia,on,0.1639937819491347,1.0,0.1447407660192154,0.2528794254852705,0.5878738356040973
40,307,5b973b2a2b5d74e1,Pneumothorax,off,0.1364072725855104,1.0,0.6327071997416454,0.7655161719981054,2.799794618659758
40,307,5b973b2a2b5d74e1,Pneumothorax,on,0.1364072725855104,1.0,0.5224724958590073,0.686175672024872,3.5584564090015904
41,162,aef22881da576d57,Pneumonia,off,0.1147707946532559,1.0,0.1957782288564003,0.3243397984549752,0.9873177968185034
41,162,aef22881da576d57,Pneumonia,on,0.1147707946532559,1.0,0.3966898464813501,0.5680307025120191,0.8307230987528167
42,165,781f704802f75a3c,Pneumonia,off,0.1428787236427252,1.0,0.3319498621900911,0.4918103580165394,1.42981140353349
42,165,781f704802f75a3c,Pneumonia,on,0.1428787236427252,1.0,0.3123169358571461,0.4759282427740072,1.4756738176492612
43,250,d8d641a44a6f4ff4,Pneumonia,off,0.1501639791627073,1.0,0.4239862609796554,0.5937211477755857,1.495772802639953
43,250,d8d641a44a6f4ff4,Pneumonia,on,0.1501639791627073,1.0,0.471305581291505,0.6406625146718099,1.2893305835602826
44,251,7145c5e140005d8c,Pneumothorax,off,0.2133385962603979,0.0,0.0411260570958024,0.0789917140136551,0.9751043460778896
44,251,7145c5e140005d8c,Pneumothorax,on,0.2133385962603979,0.0,0.0443399762633198,0.084914807428523,0.6409007001257025
45,353,d44232b5d5172511,Pneumonia,off,0.1841293510518544,1.0,0.4386344169356512,0.6092317724954691,1.4465602766437478
45,353,d44232b5d5172511,Pneumonia,on,0.1841293510518544,1.0,0.4614308325478596,0.631475348129275,1.1295417975717206
46,293,4f55b0639e04180f,Pneumonia,off,0.1524835655356246,1.0,0.3260622901724852,0.4912413411515239,1.7176853262394156
46,293,4f55b0639e04180f,Pneumonia,on,0.1524835655356246,1.0,0.2798409258487006,0.4372822449225463,1.7141532448845904
47,247,ac0638d531d07d35,Pneumonia,off,0.1404275640931928,1.0,0.293532905918683,0.4408802192264291,2.0960316363786675
47,247,ac0638d531d07d35,Pneumonia,on,0.1404275640931928,1.0,0.6551567160114267,0.791652958529179,2.239829330796752
48,380,1840d844a60aab1f,Pneumothorax,off,0.2067696835908756,0.0,0.0249652159690987,0.0485387444001464,0.5736555022352219
48,380,1840d844a60aab1f,Pneumothorax,on,0.2067696835908756,0.0,0.0169976189095041,0.0334253976142954,0.0760075438036618
49,214,d70bd304d57bf5ad,Pneumothorax,off,0.1592863860746848,0.0,0.0728032877503001,0.1356359018201827,0.7821926458981057
49,214,d70bd304d57bf5ad,Pneumothorax,on,0.1592863860746848,0.0,0.0712111491810349,0.1329543488250317,0.5917842154188367
50,101,005caf71e328e791,Pneumothorax,off,0.207520138005643,0.0,0.0264603011440396,0.0508886648569772,0.7109692954594391
50,101,005caf71e328e791,Pneumothorax,on,0.207520138005643,0.0,0.0243224254567759,0.047487488669021,0.1441033926038792
51,370,1be3d80fc96adf0b,Pneumothorax,off,0.1937195737029077,0.0,0.0700225569564478,0.1305368815312986,0.9925043507364484
51,370,1be3d80fc96adf0b,Pneumothorax,on,0.1937195737029077,0.0,0.0844163544707516,0.1556893686122494,0.8659484403591858
52,315,c33da9bc26f0918b,Pneumothorax,off,0.1517526034433187,0.0,0.1594006827833084,0.2748419111392385,1.7465346595755238
52,315,c33da9bc26f0918b,Pneumothorax,on,0.1517526034433187,0.0,0.1512130921366486,0.2627005102871104,1.913162104823917
53,119,fce19ecb366cd804,Pneumothorax,off,0.1842657973090848,0.0,0.0148246506757316,0.0291590107274211,1.179351556965993
53,119,fce19ecb366cd804,Pneumothorax,on,0.1842657973090848,0.0,0.0195871049227374,0.0384216277353289,1.0642856006999977
54,180,e9021db9e47370af,Pneumothorax,off,0.2131729115194752,1.0,0.4733736341741844,0.6422128538927897,1.7850565341338906
54,180,e9021db9e47370af,Pneumothorax,on,0.2131729115194752,1.0,0.4904379986930572,0.6581086214250847,1.4907207965747695
55,29,0561f662526d7d95,Pneumonia,off,0.1891778625693805,1.0,0.2341625049155194,0.3765570667220513,1.5132868961023715
55,29,0561f662526d7d95,Pneumonia,on,0.1891778625693805,1.0,0.3432427731413114,0.5110458283616738,1.4777668295824915
56,25,ec993e4f0023f70c,Pneumonia,off,0.1516210302667037,1.0,0.3725407649860174,0.5384297210542752,1.652017408589037
56,25,ec993e4f0023f70c,Pneumonia,on,0.1516210302667037,1.0,0.4285959573493804,0.6000127362488679,1.6556349421922305
57,26,e4f5c835b82b6a0a,Pneumonia,off,0.2095765780253302,0.0,0.1457658737577822,0.2538518609948892,1.396041289328913
57,26,e4f5c835b82b6a0a,Pneumonia,on,0.2095765780253302,0.0,0.1659108279317349,0.284601958322966,1.3003559807294236
58,302,8d4f655ab28f5771,Pneumothorax,off,0.1967262644425926,0.0,0.1643553524020359,0.2820777411144357,1.1640872993176268
58,302,8d4f655ab28f5771,Pneumothorax,on,0.1967262644425926,0.0,0.1681762972309128,0.2879290959941133,0.8185256627961159
59,9,97992e6c1c70eb7a,Pneumonia,off,0.1724875614617292,0.0,0.0135579669392522,0.0265823807933643,-0.0353349406890491
59,9,97992e6c1c70eb7a,Pneumonia,on,0.1724875614617292,0.0,0.0119799243429576,0.0236756543645133,-0.2553913714854032
60,433,538b8f9490cbc12f,Pneumothorax,off,0.2299119434332802,0.0,0.3389570771246769,0.5047673963172306,1.4915057671737582
60,433,538b8f9490cbc12f,Pneumothorax,on,0.2299119434332802,0.0,0.3689007911282537,0.5389715872101902,1.265462916374489
61,61,e8b3fb4529ac1ed6,Pneumonia,off,0.1307983567972165,1.0,0.5217610854923025,0.6731796356978004,2.3320725020911217
61,61,e8b3fb4529ac1ed6,Pneumonia,on,0.1307983567972165,1.0,0.3756233034877146,0.5460233866847032,3.446221039135747
62,127,731d6cd9a8a29ce2,Pneumonia,off,0.1834081351207793,1.0,0.2527700319390359,0.3879642879922151,1.6660721459004468
62,127,731d6cd9a8a29ce2,Pneumonia,on,0.1834081351207793,1.0,0.569190352694195,0.7254489382398355,1.2503184448560758
63,126,bc970cf63214290c,Pneumothorax,off,0.2004834095970449,1.0,0.4366008539141705,0.5872768611605137,2.6497693089334846
63,126,bc970cf63214290c,Pneumothorax,on,0.2004834095970449,1.0,0.130228415604077,0.2304381949534836,2.2289931956615976
64,328,2d6e3f681ea5bbaf,Pneumonia,off,0.0975249623554522,1.0,0.6242800001941918,0.7657468930329316,2.8408233965638483
64,328,2d6e3f681ea5bbaf,Pneumonia,on,0.0975249623554522,1.0,0.5128102694028669,0.6779392742530197,4.086096226503919
65,355,724402cd96172832,Pneumonia,off,0.1319532769030598,1.0,0.3707765641974881,0.5373330664575754,1.0688558147335012
65,355,724402cd96172832,Pneumonia,on,0.1319532769030598,1.0,0.4682942693102389,0.6378748442124854,0.9675902461062492
66,176,2866eb95dd89335c,Pneumothorax,off,0.2003567095010452,1.0,0.4373001309129769,0.6084901208644437,1.639629054103375
66,176,2866eb95dd89335c,Pneumothorax,on,0.2003567095010452,1.0,0.4416054403961825,0.6126578437661853,1.2563510957406572
67,281,235e3976089eb09b,Pneumonia,off,0.1486874357362493,1.0,0.2930926166396476,0.4408575721967306,1.4284243131518377
67,281,235e3976089eb09b,Pneumonia,on,0.1486874357362493,1.0,0.551199262378716,0.7106749426305699,1.2939374220877566
68,194,22d968a4cf24a2ef,Pneumonia,off,0.1541988899122358,1.0,0.4718042854392946,0.6245405981937618,2.057642249753504
68,194,22d968a4cf24a2ef,Pneumonia,on,0.1541988899122358,1.0,0.4074642768417743,0.57890011850233,2.970592301037247
69,377,b3cf935ab991f9c3,Pneumothorax,off,0.187628222933692,0.0,0.0387044947138505,0.0743870986510027,0.7800262068104736
69,377,b3cf935ab991f9c3,Pneumothorax,on,0.187628222933692,0.0,0.0424415186848484,0.08142576830061,0.6965586298207875
70,330,2869d91524dd1960,Pneumonia,off,0.1309250568932161,1.0,0.2954192275059952,0.4468097459306296,1.6024229477161558
70,330,2869d91524dd1960,Pneumonia,on,0.1309250568932161,1.0,0.54186086390531,0.7028649972086024,1.3622467438793706
71,270,78f06abe92b60498,Pneumothorax,off,0.1823994074333971,0.0,0.0399780100402611,0.0764680040575517,1.1036889439989277
71,270,78f06abe92b60498,Pneumothorax,on,0.1823994074333971,0.0,0.0475689650247561,0.0908176665602303,0.952297567604674
72,109,b20274fc29ca9b68,Pneumonia,off,0.1409441106384223,1.0,0.4890403231820204,0.6514627066322415,2.104122847082666
72,109,b20274fc29ca9b68,Pneumonia,on,0.1409441106384223,1.0,0.5961307402543177,0.7469667867718564,2.3952407911696487
73,110,c987ef8a69ec7d0c,Pneumonia,off,0.1526102656316243,1.0,0.3269973150890194,0.4918350280100101,1.6631126664554017
73,110,c987ef8a69ec7d0c,Pneumonia,on,0.1526102656316243,1.0,0.2631346358939878,0.4166345592797286,1.5290890672365027
74,181,b2cd57f216938986,Pneumonia,off,0.1291122709042975,1.0,0.5380133153833322,0.6928782252387193,2.147184983965776
74,181,b2cd57f216938986,Pneumonia,on,0.1291122709042975,1.0,0.5883209154068196,0.7408004606173277,2.371443643585432
75,297,8293af30dcb2b692,Pneumothorax,off,0.1859567562826191,1.0,0.149731755074088,0.2604367929673717,1.1084152413977697
75,297,8293af30dcb2b692,Pneumothorax,on,0.1859567562826191,1.0,0.1528524790367256,0.2651726508625814,0.7830771464729258
76,296,159c7db7f927dc98,Pneumonia,off,0.1315000804058301,1.0,0.5088746745389127,0.6693131598828316,2.151888409449426
76,296,159c7db7f927dc98,Pneumonia,on,0.1315000804058301,1.0,0.4742956915311768,0.6433788592482308,2.5136495164299264
77,229,9412b8e65f6f6840,Pneumonia,off,0.1442480592956449,1.0,0.4111760194212818,0.5719042843963271,1.6178390664653954
77,229,9412b8e65f6f6840,Pneumonia,on,0.1442480592956449,1.0,0.6538598556031695,0.7906907857278596,1.494462936237458
78,327,fbc302de04f21e52,Pneumonia,off,0.1742418704832634,1.0,0.5469367539442185,0.7001372791233889,2.179623684054269
78,327,fbc302de04f21e52,Pneumonia,on,0.1742418704832634,1.0,0.3891574780267314,0.5602260987926962,2.846612697462172
79,319,790472400a863083,Pneumonia,off,0.1537895511405445,1.0,0.5223595807708808,0.6819547967984582,2.070126184052972
79,319,790472400a863083,Pneumonia,on,0.1537895511405445,1.0,0.4065248388457365,0.5780171664376639,2.283853207781983
80,68,818b471b2f6a5f3e,Pneumothorax,off,0.2037191351256523,0.0,0.0751315590545409,0.1394844091657044,0.8296447138405803
80,68,818b471b2f6a5f3e,Pneumothorax,on,0.2037191351256523,0.0,0.0790446410835483,0.1465081787714009,0.6702313581863468
81,308,dfaedb6f55819466,Pneumonia,off,0.1469136343922537,1.0,0.3970877782177988,0.5676041616064454,1.557435736120072
81,308,dfaedb6f55819466,Pneumonia,on,0.1469136343922537,1.0,0.3673385219486512,0.5372879265605709,1.5665605861947265
82,389,022cf70a01eb4a97,Pneumothorax,off,0.243615046123708,0.0,0.3949447322992802,0.5658505652826162,1.4258665583647685
82,389,022cf70a01eb4a97,Pneumothorax,on,0.243615046123708,0.0,0.3652909972222676,0.5351002695440066,1.0119162217427156
83,202,95ba87c7792a6caa,Pneumonia,off,0.1200970717658582,1.0,0.4787607290602193,0.6428453856857743,2.0153206210192334
83,202,95ba87c7792a6caa,Pneumonia,on,0.1200970717658582,1.0,0.6336244762835873,0.7757282851916127,1.9069488801163532
84,65,1a59056f0e47b4b4,Pneumothorax,off,0.1964290065250549,0.0,0.1431154815104622,0.2476936059159521,2.2218655718739977
84,65,1a59056f0e47b4b4,Pneumothorax,on,0.1964290065250549,0.0,0.1110392062276663,0.1998808793646447,2.197673107873604
85,15,b63a0f6302a22e69,Pneumothorax,off,0.2189231466456149,1.0,0.1142502185979489,0.2049464120306495,1.4565340687351274
85,15,b63a0f6302a22e69,Pneumothorax,on,0.2189231466456149,1.0,0.1160067541190467,0.2078960423671483,1.2417135509078956
86,187,99c15493b7dcd579,Pneumonia,off,0.1144491713326413,1.0,0.5035397978745976,0.6577028906786168,2.056535585792161
86,187,99c15493b7dcd579,Pneumonia,on,0.1144491713326413,1.0,0.7186907458677367,0.8363059619531793,2.5612665541220148
87,142,3a1726fd39c92115,Pneumonia,off,0.149062662943633,1.0,0.4244614934094797,0.5935828738051143,1.728594756527809
87,142,3a1726fd39c92115,Pneumonia,on,0.149062662943633,1.0,0.4503290892701249,0.6209969023828675,1.5539720350277588
88,350,868b49c7c091d006,Pneumonia,off,0.1509631643836284,1.0,0.3521867411545041,0.5145552964465114,1.2563339711750898
88,350,868b49c7c091d006,Pneumonia,on,0.1509631643836284,1.0,0.5116758928573375,0.6769616987742643,1.0671153809003413
89,417,2cae18047a4fd0de,Pneumothorax,off,0.169778128639582,1.0,0.3343536264641121,0.4974337079897306,1.065270482805179
89,417,2cae18047a4fd0de,Pneumothorax,on,0.169778128639582,1.0,0.374607528921525,0.5432513461892977,0.8546390058477704
90,192,d3b1c0df71d64c6e,Pneumothorax,off,0.1811372795540156,0.0,0.0465701889294975,0.0888642596809335,1.0872619513828254
90,192,d3b1c0df71d64c6e,Pneumothorax,on,0.1811372795540156,0.0,0.0511499300434475,0.097321842095013,0.8668404255848754
91,163,ff6c0b345508b50e,Pneumonia,off,0.148395050899327,1.0,0.2145891477113864,0.3464411849587085,1.1174386265964609
91,163,ff6c0b345508b50e,Pneumonia,on,0.148395050899327,1.0,0.4476115032998775,0.6184067380128591,0.913456553766944
92,35,9ef65ccd2ea2538e,Pneumothorax,off,0.1774824690924862,1.0,0.522920771833208,0.6826836790534672,1.6214511458130405
92,35,9ef65ccd2ea2538e,Pneumothorax,on,0.1774824690924862,1.0,0.6087371740806772,0.7567862582824728,1.2907636047149589
93,36,25e07c942bb51e7b,Pneumonia,off,0.1382834086224288,1.0,0.5958636993255416,0.7404922534671404,2.206410532645048
93,36,25e07c942bb51e7b,Pneumonia,on,0.1382834086224288,1.0,0.780246069299825,0.876559591936289,2.10740119340536
94,226,0abf7661fc925447,Pneumonia,off,0.098699374783757,1.0,0.5111551655300783,0.6700970460485103,1.979106074068602
94,226,0abf7661fc925447,Pneumonia,on,0.098699374783757,1.0,0.5575206618028515,0.7158522121835093,2.4298784735890493
95,150,791e671c4f33e5f0,Pneumothorax,off,0.1265636497424576,0.0,0.0761644884135277,0.1408568073966928,1.288974982660564
95,150,791e671c4f33e5f0,Pneumothorax,on,0.1265636497424576,0.0,0.0593004367368492,0.1119593126070733,1.2604471917220066
96,222,077ba979b42b2e06,Pneumonia,off,0.1541940168316204,1.0,0.3097430634539488,0.4638400812758135,1.4104355033558469
96,222,077ba979b42b2e06,Pneumonia,on,0.1541940168316204,1.0,0.452456899540044,0.6230228154383834,1.0902819178870449
97,367,e392c9fcacb26e80,Pneumonia,off,0.1327768275270577,1.0,0.4688293131207121,0.6279749887538424,2.4392675694526216
97,367,e392c9fcacb26e80,Pneumonia,on,0.1327768275270577,1.0,0.5340765969468501,0.6962691821960164,2.8584327515235515
98,14,dc0b7cc379d0fccd,Pneumonia,off,0.1279524777178388,1.0,0.6143737286687305,0.7591080590883028,2.610710634186402
98,14,dc0b7cc379d0fccd,Pneumonia,on,0.1279524777178388,1.0,0.5193152068096654,0.6835555044681921,3.6356297330307688
99,453,6a7ae10cef5405cd,Pneumothorax,off,0.1628583541657529,0.0,0.0299592645617246,0.0580991778165772,0.9817124336652836
99,453,6a7ae10cef5405cd,Pneumothorax,on,0.1628583541657529,0.0,0.0383953770638168,0.073951101397128,0.7336125018507262
100,340,df9d2cb9cfb59860,Pneumothorax,off,0.2184114731810008,0.0,0.1808568661789231,0.305992026574817,1.1928834921250016
100,340,df9d2cb9cfb59860,Pneumothorax,on,0.2184114731810008,0.0,0.1843822992217213,0.3113542252042037,0.7855242483245337
101,322,892a1f178fe73ab6,Pneumonia,off,0.1558654834826932,1.0,0.2586670982336378,0.4001285746996756,1.2569918134709417
101,322,892a1f178fe73ab6,Pneumonia,on,0.1558654834826932,1.0,0.5044006289388967,0.6705641460300823,1.0653456835641293
102,146,0abcdb1524aed62c,Pneumonia,off,0.1406760912045768,1.0,0.251382827894048,0.3977979212780263,1.328459123644271
102,146,0abcdb1524aed62c,Pneumonia,on,0.1406760912045768,1.0,0.4045268979269572,0.5760325791946527,1.1506691051065403
103,196,9cd672e6f6df4fad,Pneumothorax,off,0.2254871862345218,0.0,0.0592220039985253,0.1117597428802887,1.1740739331601255
103,196,9cd672e6f6df4fad,Pneumothorax,on,0.2254871862345218,0.0,0.0593261687371027,0.1120069163611043,0.9340725241711036
104,269,8f693755259e29e4,Pneumothorax,off,0.1975741804696675,1.0,0.51531068241985,0.6617737863228437,2.544029715815545
104,269,8f693755259e29e4,Pneumothorax,on,0.1975741804696675,1.0,0.7485617322439515,0.856196772550663,2.040756765918945
105,273,3baee050c883a811,Pneumonia,off,0.1623174422174466,0.0,0.0489716183103896,0.0869383632499966,0.7859562223063573
105,273,3baee050c883a811,Pneumonia,on,0.1623174422174466,0.0,0.170516938336896,0.2913525498405256,0.5477921995931071
106,362,530e2b83ccfd49fe,Pneumothorax,off,0.1851673172229288,0.0,0.1103256156170908,0.1979859474915982,1.5880200523443675
106,362,530e2b83ccfd49fe,Pneumothorax,on,0.1851673172229288,0.0,0.1103800180547597,0.1988112478101928,1.6460359662449957
107,364,179927b58fab7ee0,Pneumothorax,off,0.2323094990960435,0.0,0.0519129195321892,0.0984449740868395,1.020398984779142
107,364,179927b58fab7ee0,Pneumothorax,on,0.2323094990960435,0.0,0.0577916303185186,0.1092681636701888,0.5660761071129535
108,374,8fc340074e3658f5,Pneumonia,off,0.1470695729719456,1.0,0.3554789108254926,0.5235928323943579,1.568503243365776
108,374,8fc340074e3658f5,Pneumonia,on,0.1470695729719456,1.0,0.2984750537509334,0.4597241165327143,1.4756157362882256
109,311,7a80693a8ceb051b,Pneumothorax,off,0.1703044213460423,1.0,0.3124874485529071,0.4760310401549695,2.001450087652289
109,311,7a80693a8ceb051b,Pneumothorax,on,0.1703044213460423,1.0,0.2694473911893799,0.4245056928519693,1.979378750775158
110,235,6209aa50dc0a8a4a,Pneumonia,off,0.1845874206296995,1.0,0.5520098639399266,0.7076189146151075,1.911238503546343
110,235,6209aa50dc0a8a4a,Pneumonia,on,0.1845874206296995,1.0,0.5208641615220139,0.6848024891371572,1.7665066767528377
111,272,2588627431774c44,Pneumothorax,off,0.154267113040851,0.0,0.0632007844895076,0.1183124654893515,1.2481073961587417
111,272,2588627431774c44,Pneumothorax,on,0.154267113040851,0.0,0.0662237432682704,0.1242205385971933,1.1591666674824272
112,313,8e5a6f1a03e3ba73,Pneumothorax,off,0.2095424664610226,0.0,0.2857685412925384,0.4430695842011825,1.9129499908033387
112,313,8e5a6f1a03e3ba73,Pneumothorax,on,0.2095424664610226,0.0,0.2812116234460431,0.438971972282807,2.036175178631159
113,106,54bd710f5acd0e34,Pneumonia,off,0.1086940631258863,1.0,0.4466774960412986,0.6131838632158187,1.7165662271201885
113,106,54bd710f5acd0e34,Pneumonia,on,0.1086940631258863,1.0,0.4524058930233354,0.6229594948076829,1.6163428117661232
114,136,b7a475c159e17b96,Pneumothorax,off,0.1597395825719144,0.0,0.1319811667366814,0.2329809195926125,1.6722162426520937
114,136,b7a475c159e17b96,Pneumothorax,on,0.1597395825719144,0.0,0.115700681710758,0.2074035404583352,1.597795767118847
115,129,025d0c502d76dbd1,Pneumothorax,off,0.1775555653017168,1.0,0.1342252624017073,0.2353047173593792,1.442656334351849
115,129,025d0c502d76dbd1,Pneumothorax,on,0.1775555653017168,1.0,0.1295698977484884,0.2294108709855005,1.26748714878411
116,171,de0f216f69af3aa4,Pneumonia,off,0.1167882500280202,1.0,0.2274781341107871,0.3664641828867615,1.2370924063308364
116,171,de0f216f69af3aa4,Pneumonia,on,0.1167882500280202,1.0,0.5217978528151603,0.6857648672275736,1.1482954235176943
117,49,b2b99029ccdf9b1a,Pneumothorax,off,0.139920763709194,0.0,0.1898090341313097,0.3180087454753829,1.093776461943622
117,49,b2b99029ccdf9b1a,Pneumothorax,on,0.139920763709194,0.0,0.1895401762126406,0.3186676451786544,1.2419531068657843
118,117,0f16ab8a0a186e36,Pneumonia,off,0.1154725182618696,1.0,0.5894755046704254,0.7352143841276397,2.329671662611811
118,117,0f16ab8a0a186e36,Pneumonia,on,0.1154725182618696,1.0,0.5350603618896503,0.6971016268893078,2.799052490012635
119,193,db5f9901a838ad41,Pneumonia,off,0.1146830792021792,1.0,0.2020185071432823,0.3342665527871683,1.2303093795587066
119,193,db5f9901a838ad41,Pneumonia,on,0.1146830792021792,1.0,0.4157659219279345,0.5873364212663285,1.1560283100053743
120,19,89a55b0c6e16ccee,Pneumothorax,off,0.1863855873767719,1.0,0.2795113383689557,0.4310152309568434,1.2461059216488088
120,19,89a55b0c6e16ccee,Pneumothorax,on,0.1863855873767719,1.0,0.3791761077435421,0.5498493861996284,1.01355806439143
121,18,68d594554781daaf,Pneumothorax,off,0.1510313875122436,1.0,0.4344922216618888,0.6052691126734545,1.5886918186402117
121,18,68d594554781daaf,Pneumothorax,on,0.1510313875122436,1.0,0.3975820217625753,0.5689496512802931,1.3551798184648085
122,363,bf3a47063dba61d7,Pneumothorax,off,0.2023059417471943,0.0,0.2348433694713715,0.3661898099066977,1.544297078329043
122,363,bf3a47063dba61d7,Pneumothorax,on,0.2023059417471943,0.0,0.3660183546587156,0.5358906221629697,1.828621080201231
123,31,03100f6839353a88,Pneumonia,off,0.1160719071775604,1.0,0.5923001494641653,0.7404376444157247,2.027175127807284
123,31,03100f6839353a88,Pneumonia,on,0.1160719071775604,1.0,0.4072737593403427,0.5782911402430387,2.438274174939452
124,30,d3484e6204746059,Pneumonia,off,0.1387317320390431,1.0,0.3695499469447877,0.537751905280982,1.6579657924219184
124,30,d3484e6204746059,Pneumonia,on,0.1387317320390431,1.0,0.3574109553130568,0.5265550718085255,1.7467052906780711
125,397,f65b542b3dc69a6a,Pneumothorax,off,0.1692810744168141,1.0,0.4966280018507204,0.6569248521470865,2.320820811884027
125,397,f65b542b3dc69a6a,Pneumothorax,on,0.1692810744168141,1.0,0.2050570457251349,0.3403071338387397,2.3634250586555043
126,338,d4643b9bd661e0f1,Pneumonia,off,0.11155456144711,1.0,0.5711640801616955,0.7132736487647314,2.3776423875069783
126,338,d4643b9bd661e0f1,Pneumonia,on,0.11155456144711,1.0,0.3306945691525079,0.4967933095583475,3.767107627072508
127,255,90debafa186291f2,Pneumothorax,off,0.2096740396376377,1.0,0.3188059996168625,0.4771858262329032,2.193571550769723
127,255,90debafa186291f2,Pneumothorax,on,0.2096740396376377,1.0,0.2724176593644048,0.4281751071381111,2.345753164334594
128,256,d500d2d19615d254,Pneumothorax,off,0.1844802128561612,0.0,0.0339544897258923,0.0656260855254884,1.1290982001170116
128,256,d500d2d19615d254,Pneumothorax,on,0.1844802128561612,0.0,0.0403026849560687,0.07748256519672,0.909090043705322
129,284,ad5c2e4baa04ebef,Pneumonia,off,0.1411049222987296,1.0,0.5260582992279335,0.6847800186928777,2.167506568034244
129,284,ad5c2e4baa04ebef,Pneumonia,on,0.1411049222987296,1.0,0.6009171389687051,0.7507112033693559,2.4364597542221085
130,329,a13a3c52d890e41c,Pneumonia,off,0.1484925125116344,1.0,0.2437368909366812,0.3730104967141187,1.915970911227399
130,329,a13a3c52d890e41c,Pneumonia,on,0.1484925125116344,1.0,0.6438168740572863,0.7833168557748507,1.9032500060188264
131,98,56da5643e7a2b4a6,Pneumothorax,off,0.205624509646263,0.0,0.0417877949053183,0.0801966987866754,1.1417396789935903
131,98,56da5643e7a2b4a6,Pneumothorax,on,0.205624509646263,0.0,0.0419229887717314,0.0804723279263505,0.8650694296870777
132,208,6ecfeeee8a984695,Pneumonia,off,0.1488726127996335,1.0,0.5156289492293181,0.678135607704495,1.7711572991526408
132,208,6ecfeeee8a984695,Pneumonia,on,0.1488726127996335,1.0,0.5083193738085134,0.6740150836098387,1.673183958763657
133,292,439f83b97f776b7e,Pneumonia,off,0.1137182092403354,1.0,0.4074936288597399,0.568973420625462,1.8253675501959643
133,292,439f83b97f776b7e,Pneumonia,on,0.1137182092403354,1.0,0.4006792321612109,0.5719339723197764,2.638859676745313
134,233,99dd658ed527a4a3,Pneumonia,off,0.1609822181288345,1.0,0.1705305482530915,0.2879457619473945,0.814656794860162
134,233,99dd658ed527a4a3,Pneumonia,on,0.1609822181288345,1.0,0.3038760750120662,0.4661076423977863,0.5716218473502573
135,178,67064801bb33c533,Pneumothorax,off,0.1944212973115214,0.0,0.019470963518551,0.0377113998433158,0.91920066393693
135,178,67064801bb33c533,Pneumothorax,on,0.1944212973115214,0.0,0.0315574303470822,0.0611823514767395,0.4639744914639059
136,90,b39ee401f01fc11c,Pneumothorax,off,0.186595129843233,0.0,0.0734057842917198,0.1364818750614602,1.863267317915945
136,90,b39ee401f01fc11c,Pneumothorax,on,0.186595129843233,0.0,0.0680585534919881,0.1274417646438496,2.1512393247969963
137,423,0b407bb0207960fa,Pneumothorax,off,0.1999230053262771,0.0,0.1266574608192279,0.2247357308151139,1.3172300276007722
137,423,0b407bb0207960fa,Pneumothorax,on,0.1999230053262771,0.0,0.131886818173134,0.2330384823288723,1.0510306176558513
138,268,b1a4805d5709bd1f,Pneumothorax,off,0.1873650765804618,0.0,0.1709046047072161,0.2916607950998119,1.5853669643493578
138,268,b1a4805d5709bd1f,Pneumothorax,on,0.1873650765804618,0.0,0.1610300366099552,0.2773901784695664,1.3948854361874286
139,444,c97c679d5ab523d8,Pneumothorax,off,0.1592620206716079,1.0,0.2702756520277623,0.4243396163022922,1.03012303854652
139,444,c97c679d5ab523d8,Pneumothorax,on,0.1592620206716079,1.0,0.3138265880849412,0.477728460716302,0.7743818836292703
140,414,8b08482972e09a3c,Pneumonia,off,0.1254672066039988,1.0,0.5331010723735579,0.6863418788932261,1.846396092643106
140,414,8b08482972e09a3c,Pneumonia,on,0.1254672066039988,1.0,0.4724528510862363,0.6408032570625458,2.2747908861841912
141,415,75725f616cc29fbf,Pneumonia,off,0.1262322802606123,0.0,0.137314263291186,0.2361024227266686,1.550963322896762
141,415,75725f616cc29fbf,Pneumonia,on,0.1262322802606123,0.0,0.1836104536324451,0.3102475400415317,2.1852813729646927
142,372,afe0b97320465cbb,Pneumonia,off,0.0969158272785306,1.0,0.5604823210600989,0.7173308874206393,2.975278208598626
142,372,afe0b97320465cbb,Pneumonia,on,0.0969158272785306,1.0,0.4033391647683751,0.5748053687314091,4.056727961837523
143,78,30032890ee6eaef2,Pneumothorax,off,0.2367245101335711,1.0,0.2453106640935617,0.3939059098409042,1.4950604907399565
143,78,30032890ee6eaef2,Pneumothorax,on,0.2367245101335711,1.0,0.2450606695093851,0.3936524525973431,1.1659290546824184
144,46,40849f8f4588d1e3,Pneumonia,off,0.1731210619417277,1.0,0.6228546815737911,0.765734035078399,2.604291030070612
144,46,40849f8f4588d1e3,Pneumonia,on,0.1731210619417277,1.0,0.4460557186660344,0.6168994758952625,3.0281771615145328
145,96,857b3bc9b7ac72d7,Pneumothorax,off,0.1770974957238717,0.0,0.1430783127858684,0.250229172899909,1.4179138529749769
145,96,857b3bc9b7ac72d7,Pneumothorax,on,0.1770974957238717,0.0,0.143145847527044,0.2504414136765923,1.3097762364496413
146,454,358aad16166fb6c3,Pneumothorax,off,0.224181200629602,0.0,0.0887669169548138,0.1630580504821461,0.7030160302876733
146,454,358aad16166fb6c3,Pneumothorax,on,0.224181200629602,0.0,0.088164775585774,0.1620430552560786,0.4755774979697797
147,274,3ca26b9b28c3dc4d,Pneumonia,off,0.1383759971541209,1.0,0.5821457581737103,0.7349286679328191,2.1093529955294037
147,274,3ca26b9b28c3dc4d,Pneumonia,on,0.1383759971541209,1.0,0.5226597972167294,0.6864960308655313,2.0991969102815418
148,324,1a2e21229d1c588a,Pneumothorax,off,0.223396634650527,0.0,0.0619600033813114,0.1165300613377171,1.2263069562506654
148,324,1a2e21229d1c588a,Pneumothorax,on,0.223396634650527,0.0,0.0651701542252528,0.1223648649233262,0.9264101351123716
149,184,b41834be3e29c44f,Pneumothorax,off,0.2001764055182764,0.0,0.118310449146041,0.2111878871075596,1.2070898840265447
149,184,b41834be3e29c44f,Pneumothorax,on,0.2001764055182764,0.0,0.1305253022797777,0.2309108623410609,0.9351000149227232
150,20,366f1766916dfa75,Pneumothorax,off,0.2170567567699272,0.0,0.102013464134925,0.1844787572215203,1.4672575125599856
150,20,366f1766916dfa75,Pneumothorax,on,0.2170567567699272,0.0,0.112148549067476,0.2016764941939924,1.3887597349134086
151,361,b1c8137ad484eac1,Pneumonia,off,0.1205453951824725,1.0,0.3559089489106101,0.5223756899935366,1.420925934700786
151,361,b1c8137ad484eac1,Pneumonia,on,0.1205453951824725,1.0,0.45019874911806,0.6208773331710071,1.1570892941868098
152,401,c46bd3cf28d24372,Pneumothorax,off,0.200039959261046,0.0,0.1454310760692913,0.2521033328918191,1.0072527416970882
152,401,c46bd3cf28d24372,Pneumothorax,on,0.200039959261046,0.0,0.1794112569531876,0.3042351987069342,0.7394942374944079
153,400,c4ab7b3220d45f3d,Pneumonia,off,0.1455881564648724,1.0,0.2311053039052343,0.3751269703187386,1.1265121814713417
153,400,c4ab7b3220d45f3d,Pneumonia,on,0.1455881564648724,1.0,0.2536798571019367,0.4046935381498127,0.8127817557283422
154,351,cee781693007010c,Pneumonia,off,0.1428299928365715,1.0,0.5283221199312675,0.6902037605248768,1.9181909028218167
154,351,cee781693007010c,Pneumonia,on,0.1428299928365715,1.0,0.406459168795537,0.5779334209049231,1.9143092749109492
155,332,8c9146cd6f056c49,Pneumonia,off,0.0945718755025364,1.0,0.5761207543896153,0.72837982831121,2.5617540627190967
155,332,8c9146cd6f056c49,Pneumonia,on,0.0945718755025364,1.0,0.4297157412049666,0.6011054329890368,3.691426339458219
156,418,16feb1569a29f5a0,Pneumothorax,off,0.1884712658801514,0.0,0.1978685629263832,0.3297007305504583,1.4030681662527105
156,418,16feb1569a29f5a0,Pneumothorax,on,0.1884712658801514,0.0,0.2031610581582919,0.3377114280858115,1.1618046177764212
157,103,a640eeb65f3ac9d2,Pneumothorax,off,0.2053516171318022,0.0,0.0015256588072122,0.0030282174810736,0.3475880722255492
157,103,a640eeb65f3ac9d2,Pneumothorax,on,0.2053516171318022,0.0,0.0,0.0,-0.5218663237400339
158,139,1a868aa2c2a7ab1b,Pneumonia,off,0.1197559561227821,1.0,0.6275218420869645,0.761117875109239,2.847835004415636
158,139,1a868aa2c2a7ab1b,Pneumonia,on,0.1197559561227821,1.0,0.3906446091531602,0.5617683445192749,3.6055256763092327
159,42,6a382312bfef556a,Pneumothorax,off,0.2101418553767135,1.0,0.2572592818470254,0.4088257700837645,0.9844687938616896
159,42,6a382312bfef556a,Pneumothorax,on,0.2101418553767135,1.0,0.2708368354424414,0.4262332205809388,0.6943324200199837
160,246,ac9879b3bcc1d5b9,Pneumothorax,off,0.1579852735503803,1.0,0.4651010160426981,0.6278897252713316,1.8405995719224768
160,246,ac9879b3bcc1d5b9,Pneumothorax,on,0.1579852735503803,1.0,0.595164674159572,0.7462107750272053,1.5145772761721346
161,166,07f6d43ff7442163,Pneumonia,off,0.1440190245067224,1.0,0.5944644197916616,0.7434503569082707,2.7925085929576845
161,166,07f6d43ff7442163,Pneumonia,on,0.1440190245067224,1.0,0.5753005426988362,0.7303968636440574,3.637587967795959
162,195,94310590493db21b,Pneumothorax,off,0.1745001437558781,0.0,0.0569552875735839,0.1077025167685411,1.0254751300611418
162,195,94310590493db21b,Pneumothorax,on,0.1745001437558781,0.0,0.0651975077151769,0.1224133818591907,0.8145807449715807
163,262,421b40d76dc65ae9,Pneumothorax,off,0.2073252147810281,1.0,0.7275174614701697,0.8392740255101339,2.603716479329606
163,262,421b40d76dc65ae9,Pneumothorax,on,0.2073252147810281,1.0,0.7889647763314969,0.8820342400252388,2.171796228407429
164,342,9981e0f0e8d3ad3b,Pneumonia,off,0.1711328450506556,0.0,0.1028925511980305,0.183710289070246,1.7147623404059038
164,342,9981e0f0e8d3ad3b,Pneumonia,on,0.1711328450506556,0.0,0.1593138537207371,0.2748235334105784,2.498742533917124
165,199,5db9065ecfba6f94,Pneumonia,off,0.1492429669264018,1.0,0.3368026540996685,0.4980277761103272,1.5290752749077112
165,199,5db9065ecfba6f94,Pneumonia,on,0.1492429669264018,1.0,0.4921807617207392,0.659679195998956,1.2432928966675592
166,177,c1d43e09d7d9bec7,Pneumonia,off,0.1218318884649308,1.0,0.470254460759626,0.6359757542769205,1.3492359129616782
166,177,c1d43e09d7d9bec7,Pneumonia,on,0.1218318884649308,1.0,0.5866753683786662,0.7395005537848313,1.2795682719151804
167,74,a95e5c78f29d3c6f,Pneumothorax,off,0.1901329863699935,0.0,0.0187012198854431,0.0360253107573516,0.9982458373184858
167,74,a95e5c78f29d3c6f,Pneumothorax,on,0.1901329863699935,0.0,0.0448241831093919,0.0858014246728355,0.8353638821547549
168,73,6376c511055a284e,Pneumonia,off,0.1141421672538728,1.0,0.4250595711167934,0.5945284951076697,1.9290233539736967
168,73,6376c511055a284e,Pneumonia,on,0.1141421672538728,1.0,0.5356162853021923,0.6975027763592292,2.2595721822594954
169,72,b94add6384c3c56b,Pneumonia,off,0.1676047346851259,1.0,0.5300335941744923,0.6787835508165231,2.066051575295986
169,72,b94add6384c3c56b,Pneumonia,on,0.1676047346851259,1.0,0.4094188896017351,0.5807359965048479,2.820651055285074
170,240,04541ecb15f3ec4a,Pneumonia,off,0.1209108762286254,1.0,0.5500474788916244,0.7063300771136265,1.7227661334225592
170,240,04541ecb15f3ec4a,Pneumonia,on,0.1209108762286254,1.0,0.6013437427518384,0.7510425715339965,1.7902965773890602
171,254,36e588acb178eced,Pneumothorax,off,0.2264276907932887,1.0,0.1721878893275597,0.2937494229050358,1.360889123257153
171,254,36e588acb178eced,Pneumothorax,on,0.2264276907932887,1.0,0.1702776726019979,0.2910038420873637,1.0337257083620308
172,320,75bba632288ce1d3,Pneumonia,off,0.1398281751775019,1.0,0.2392915738913258,0.3815613504669781,1.4329978568988169
172,320,75bba632288ce1d3,Pneumonia,on,0.1398281751775019,1.0,0.3583483365849193,0.5276234863448035,1.1904073385834104
173,128,48d3207f19c2ee8f,Pneumonia,off,0.1479467274827127,1.0,0.3984621960200779,0.5690762502845513,1.7087842122338963
173,128,48d3207f19c2ee8f,Pneumonia,on,0.1479467274827127,1.0,0.3757238605010921,0.5462150352628388,1.5895712053357949
174,93,8bfe346954ca2a54,Pneumothorax,off,0.19185318382722,0.0,0.1409282669647536,0.2465016219753174,1.3068529945537584
174,93,8bfe346954ca2a54,Pneumothorax,on,0.19185318382722,0.0,0.1366895821918785,0.2405007614776767,1.0371785957016988
175,190,18ade169c0e38f1b,Pneumonia,off,0.116067034096945,1.0,0.3904916656568347,0.5561182930213765,1.6049251006422358
175,190,18ade169c0e38f1b,Pneumonia,on,0.116067034096945,1.0,0.5035427503266645,0.6698070203962636,1.608699834186204
176,191,b6743168ef9bbb93,Pneumonia,off,0.117636166055095,0.0,0.0843917740685375,0.1540963193366562,1.1203495759200957
176,191,b6743168ef9bbb93,Pneumonia,on,0.117636166055095,0.0,0.1202699298887095,0.2147152146268752,0.9653392525793216
177,435,8065b42d7d8e8e46,Pneumothorax,off,0.1785106891023298,0.0,0.058802478119997,0.1105348329272224,1.063751615470942
177,435,8065b42d7d8e8e46,Pneumothorax,on,0.1785106891023298,0.0,0.0659406653315049,0.1237220972011643,0.7450552687564782
178,132,b3b7784bd1c963b0,Pneumonia,off,0.1565964455749991,1.0,0.5878300909748216,0.734942805024606,2.077413065912198
178,132,b3b7784bd1c963b0,Pneumonia,on,0.1565964455749991,1.0,0.6443056912787041,0.7836760794140454,2.0663153506002323
179,442,ba6337453bd8fbe2,Pneumothorax,off,0.192140695583527,1.0,0.1545791819143044,0.2649020529154663,1.9846842876615791
179,442,ba6337453bd8fbe2,Pneumothorax,on,0.192140695583527,1.0,0.14736840794093,0.2568753231501123,1.8819100146000305
180,198,2cf513fbcdcd7d1d,Pneumonia,off,0.1321140885633671,0.0,0.3138980203300484,0.4770857317799342,1.648180175602528
180,198,2cf513fbcdcd7d1d,Pneumonia,on,0.1321140885633671,0.0,0.3121150934834015,0.4757198581625513,1.708515805488204
181,107,c5ba0875d8eeea25,Pneumonia,off,0.139881779064271,1.0,0.3251599893470187,0.487876526043442,1.4362089730237628
181,107,c5ba0875d8eeea25,Pneumonia,on,0.139881779064271,1.0,0.4781313480731571,0.6469401507918994,1.243259430737785
182,108,61aef6e6626a971f,Pneumonia,off,0.1436243049768772,0.0,0.1362472621214056,0.2397347082663209,0.7780212587506654
182,108,61aef6e6626a971f,Pneumonia,on,0.1436243049768772,0.0,0.1482236088513482,0.2581788883700445,0.6494902600590627
183,416,a9e2cbe7c06e2ec5,Pneumothorax,off,0.1569619266211521,1.0,0.1236216472127849,0.2188794992620085,0.7200338712515332
183,416,a9e2cbe7c06e2ec5,Pneumothorax,on,0.1569619266211521,1.0,0.125110705974624,0.2223943835889326,0.6328539426233931
184,404,52ccf86e7ccceedc,Pneumothorax,off,0.1784619582961761,1.0,0.6474246170788381,0.7846245782869316,2.036497772264955
184,404,52ccf86e7ccceedc,Pneumothorax,on,0.1784619582961761,1.0,0.6943908153317784,0.8196344331895048,1.6433836691217305
185,278,edde383473e98087,Pneumothorax,off,0.2530200917113772,1.0,0.3526770433535151,0.5185683490809538,1.5564146993045604
185,278,edde383473e98087,Pneumothorax,on,0.2530200917113772,1.0,0.3019298452316551,0.4638165885102808,1.1129386124372396
186,263,7c7dd650c6019dc0,Pneumothorax,off,0.1811080410703234,1.0,0.4404382484879626,0.6113691901887603,1.9352834212249352
186,263,7c7dd650c6019dc0,Pneumothorax,on,0.1811080410703234,1.0,0.4364245915021475,0.6076522408486376,1.7442503180508435
187,223,d48d2e3b0dc01ccf,Pneumonia,off,0.116720026899405,1.0,0.3278755778985681,0.4896821648499013,1.3788690008889497
187,223,d48d2e3b0dc01ccf,Pneumonia,on,0.116720026899405,1.0,0.4803677441068871,0.6489833723628164,1.2146411787381004
188,344,3b0617fc4bf3f405,Pneumonia,off,0.1538139165436214,1.0,0.4552078238356804,0.600986132728423,1.9405999784134875
188,344,3b0617fc4bf3f405,Pneumonia,on,0.1538139165436214,1.0,0.4280424583962389,0.5994225303907487,2.8410150875421603
189,343,f74f3a36930f15e4,Pneumonia,off,0.1527126003245471,1.0,0.4684885305226444,0.6374614425488779,1.733013581384046
189,343,f74f3a36930f15e4,Pneumonia,on,0.1527126003245471,1.0,0.4810672390849745,0.6496203064962186,1.511137867045438
190,334,121f00b6460da473,Pneumonia,off,0.1697488901558898,1.0,0.1635024961798636,0.2805855811992624,1.21002869343036
190,334,121f00b6460da473,Pneumonia,on,0.1697488901558898,1.0,0.1767694659997496,0.3004311224175982,0.9498162458297476
191,289,c47ec9ec3990eaf3,Pneumonia,off,0.1314123649547534,1.0,0.537873920034786,0.6945408189984865,1.7899923899023702
191,289,c47ec9ec3990eaf3,Pneumonia,on,0.1314123649547534,1.0,0.6344393094646245,0.7763074845986315,1.9733973886804197
192,288,d7bb30eed043ee33,Pneumonia,off,0.1709720333903484,1.0,0.57721490557636,0.7232617550821949,2.403833585899433
192,288,d7bb30eed043ee33,Pneumonia,on,0.1709720333903484,1.0,0.4263404051770644,0.5977866659099486,2.352883069078967
193,431,9f93ab8d1df09a76,Pneumothorax,off,0.1963510372352089,0.0,0.129370436414943,0.2290511998644034,0.8534163443351056
193,431,9f93ab8d1df09a76,Pneumothorax,on,0.1963510372352089,0.0,0.1341334932297713,0.2365389823687686,0.5580161361482042
194,430,14db6ee01e29879b,Pneumothorax,off,0.2130218460203987,1.0,0.1187408743423231,0.2102119823206218,1.905690419985926
194,430,14db6ee01e29879b,Pneumothorax,on,0.2130218460203987,1.0,0.1032678055238216,0.1871989306387667,2.103799716401848
195,45,d81040617f1c56b9,Pneumothorax,off,0.1303061756550638,0.0,0.1887095779301174,0.3166908952332697,0.9733045717279574
195,45,d81040617f1c56b9,Pneumothorax,on,0.1303061756550638,0.0,0.2116696907600595,0.3493782041005039,0.8441139996408704
196,206,1cf185c35f8ce322,Pneumothorax,off,0.2231139959748354,1.0,0.1731262077136816,0.2938377309480242,2.198211563832062
196,206,1cf185c35f8ce322,Pneumothorax,on,0.2231139959748354,1.0,0.1686294059436058,0.2885912871136832,2.0829176020443008
197,207,fe64161a616d5561,Pneumonia,off,0.1804599213484788,1.0,0.5928562642194009,0.7403424835469871,2.1019207379929563
197,207,fe64161a616d5561,Pneumonia,on,0.1804599213484788,1.0,0.6689525105109795,0.8016410824008803,1.554753569333905
198,398,c3a8a9bbdf1983ae,Pneumothorax,off,0.1867510684229249,0.0,0.0632774365880498,0.1189722241923018,0.8647437826239759
198,398,c3a8a9bbdf1983ae,Pneumothorax,on,0.1867510684229249,0.0,0.0707186174531117,0.1320954687795021,0.655793399721622
199,67,8bcac9f76ba883ad,Pneumothorax,off,0.1609724719676037,0.0,0.0023489932885906,0.0046434494195688,0.6390162270248647
199,67,8bcac9f76ba883ad,Pneumothorax,on,0.1609724719676037,0.0,0.1031102073943333,0.186941668654488,0.6062888107825137
200,100,5ba3a4ec085622eb,Pneumothorax,off,0.2328893956892729,0.0,0.0196085983720957,0.0381621681751477,0.616967033037944
200,100,5ba3a4ec085622eb,Pneumothorax,on,0.2328893956892729,0.0,0.0235226436539504,0.0459635784895705,0.1168691013246898
201,412,6adfce3be1051462,Pneumothorax,off,0.1798312939490958,0.0,0.0434982043232814,0.0827357701075665,0.4370309046859918
201,412,6adfce3be1051462,Pneumothorax,on,0.1798312939490958,0.0,0.0350523893204917,0.0677289490937521,0.010186528918132
202,407,2d2ee9d090034632,Pneumothorax,off,0.2275436262542091,0.0,0.0494636660002899,0.0942358833517957,1.1338770237708116
202,407,2d2ee9d090034632,Pneumothorax,on,0.2275436262542091,0.0,0.0515501238044014,0.0980453896265618,0.8869559429345645
203,138,b6372b688f2df234,Pneumothorax,off,0.1650707327651321,0.0,0.2001536087396896,0.3334578841473942,1.7970030209302434
203,138,b6372b688f2df234,Pneumothorax,on,0.1650707327651321,0.0,0.186149269931398,0.3138707231100285,1.9571238626669347
204,137,b1e72898c89b15bd,Pneumonia,off,0.1662890029189752,1.0,0.5235418341597908,0.6859096169533365,1.9903217580564168
204,137,b1e72898c89b15bd,Pneumonia,on,0.1662890029189752,1.0,0.5278995543256141,0.6909870665847381,1.8682332437327864
205,238,b346774a4dbee0ea,Pneumonia,off,0.1149267332329478,1.0,0.6162308777325876,0.7610612862145519,2.4033264096245985
205,238,b346774a4dbee0ea,Pneumonia,on,0.1149267332329478,1.0,0.5603230104028586,0.7181986007458072,2.88449204614757
206,426,4120f29e59ccdaf6,Pneumothorax,off,0.2306916363317398,0.0,0.0345455930076252,0.066413848942118,0.7053035393821996
206,426,4120f29e59ccdaf6,Pneumothorax,on,0.2306916363317398,0.0,0.0433004596009,0.0830057220802074,0.4364057423648498
207,427,db25433da7613cdf,Pneumothorax,off,0.2193860893040753,0.0,0.0378563572145738,0.0724575214404269,1.2083498125932952
207,427,db25433da7613cdf,Pneumothorax,on,0.2193860893040753,0.0,0.0511533486699597,0.0973279688959379,1.018673495280736
208,280,96d3da5e8964b6d6,Pneumothorax,off,0.2023839110370403,1.0,0.5529100069189504,0.7070569608256625,2.080005392686704
208,280,96d3da5e8964b6d6,Pneumothorax,on,0.2023839110370403,1.0,0.4779953602111432,0.6467604821813773,2.265199363877627
209,378,b4acace0017c25d0,Pneumonia,off,0.1600563328119137,1.0,0.3855005841114414,0.551799623749873,2.065371987945809
209,378,b4acace0017c25d0,Pneumonia,on,0.1600563328119137,1.0,0.2024750634364261,0.3367514925016629,1.990622536617985
210,396,7d354e4232c4250f,Pneumonia,off,0.172745834734344,1.0,0.3074478402021102,0.4699411716855238,0.7164647307188454
210,396,7d354e4232c4250f,Pneumonia,on,0.172745834734344,1.0,0.3227693454378396,0.4880202807698143,0.6037149808417824
211,69,53d456a7677f9d60,Pneumothorax,off,0.1709379218260407,0.0,0.1805333907665475,0.304760982089886,1.5534805693094544
211,69,53d456a7677f9d60,Pneumothorax,on,0.1709379218260407,0.0,0.189351828618327,0.3184111641767796,1.4603310087011034
212,125,80eec41176dc56fd,Pneumothorax,off,0.2170323913668503,0.0,0.0955792884600387,0.174395889219268,1.3760190493810454
212,125,80eec41176dc56fd,Pneumothorax,on,0.2170323913668503,0.0,0.1050483460435478,0.190124423711614,1.3318521593230497
213,16,b193933781c53116,Pneumothorax,off,0.1855815290752354,0.0,0.1168598964723091,0.208707420555651,1.5328265547458464
213,16,b193933781c53116,Pneumothorax,on,0.1855815290752354,0.0,0.1090122980794142,0.1965915784958617,1.4858213995351492
214,325,a5bdd073b780ec4a,Pneumonia,off,0.1239078208070796,1.0,0.4436902595848167,0.6127935838709038,1.9205955398465369
214,325,a5bdd073b780ec4a,Pneumonia,on,0.1239078208070796,1.0,0.3736261788961337,0.543940500827796,2.1319781491297785
215,11,175d85705c27b3df,Pneumonia,off,0.185235540351544,1.0,0.2483043933680357,0.389643724502346,1.681033597131987
215,11,175d85705c27b3df,Pneumonia,on,0.185235540351544,1.0,0.3297339243076141,0.495906767616343,2.269427376313814
216,457,b47768dffffa9beb,Pneumothorax,off,0.2441315926689375,0.0,0.0603021983641205,0.1135784467423412,0.8056235861723701
216,457,b47768dffffa9beb,Pneumothorax,on,0.2441315926689375,0.0,0.0566807632362658,0.1072804387748513,0.3320877232564
217,413,be051a60e9c8a365,Pneumothorax,off,0.1873358380967696,1.0,0.4547199514440375,0.624922937299203,1.647358821559597
217,413,be051a60e9c8a365,Pneumothorax,on,0.1873358380967696,1.0,0.4592971049158248,0.6294769212476372,1.2302756889710706
218,385,7ccf19b06023b219,Pneumothorax,off,0.1705188368931187,0.0,0.174547188901972,0.2962292923873238,1.369873020917003
218,385,7ccf19b06023b219,Pneumothorax,on,0.1705188368931187,0.0,0.162363840048884,0.2793641890632937,1.275606495761035
219,248,b968112f0bbfbd97,Pneumonia,off,0.14653840718487,1.0,0.4144564381199551,0.5797883874214687,1.6433408333984685
219,248,b968112f0bbfbd97,Pneumonia,on,0.14653840718487,1.0,0.5241240252765482,0.6877707184345241,1.363075961531896
220,357,e7127915e33fe1cd,Pneumothorax,off,0.1441749630864143,1.0,0.3711198527550725,0.5371026480597775,1.804519043623976
220,357,e7127915e33fe1cd,Pneumothorax,on,0.1441749630864143,1.0,0.2777039032226007,0.434666494563335,1.818998265498361
221,356,04c74a41b993bc82,Pneumothorax,off,0.1841390972130852,1.0,0.2013904149905307,0.333304779202917,1.6112468343031845
221,356,04c74a41b993bc82,Pneumothorax,on,0.1841390972130852,1.0,0.1780141329132871,0.3022244936572585,1.4590534249335658
222,260,d73038ab9e48f2c0,Pneumonia,off,0.1148438908624865,1.0,0.549993068043267,0.7073005875928233,2.2764298159141294
222,260,d73038ab9e48f2c0,Pneumonia,on,0.1148438908624865,1.0,0.4108160006146356,0.5822968439430344,3.503792703412125
223,32,62eada75bf2837e8,Pneumonia,off,0.1759571948598745,1.0,0.4540438021034658,0.6101780093877442,2.1939973957792893
223,32,62eada75bf2837e8,Pneumonia,on,0.1759571948598745,1.0,0.4000768365486252,0.5714629723329051,2.5539162879778106
224,70,e3504747c728649b,Pneumothorax,off,0.1957419021582874,0.0,0.1576500592555862,0.2713848898063872,1.3672896305604234
224,70,e3504747c728649b,Pneumothorax,on,0.1957419021582874,0.0,0.1680136696462149,0.2876899374103326,1.21700809225967
225,79,8a8c5bb34a6b86f0,Pneumothorax,off,0.1588331895774551,1.0,0.3121563541679772,0.4757120608145381,1.7088333225506525
225,79,8a8c5bb34a6b86f0,Pneumothorax,on,0.1588331895774551,1.0,0.3146432096869487,0.478673443960893,1.591851932599143
226,135,8f7cd7675aaf7c8c,Pneumothorax,off,0.1712546720660399,0.0,0.0475226609259191,0.0906420506221507,0.6847219608660001
226,135,8f7cd7675aaf7c8c,Pneumothorax,on,0.1712546720660399,0.0,0.0724306378333108,0.1350757763710069,0.5380648757181841
227,144,ef34d81df7c0b493,Pneumonia,off,0.1343849441301307,1.0,0.5902005884028451,0.7390319375323965,2.2202607644738763
227,144,ef34d81df7c0b493,Pneumonia,on,0.1343849441301307,1.0,0.6186824411166179,0.7644208704526013,2.2104945183226383
228,145,9d58e7f871787719,Pneumonia,off,0.1450716099196429,0.0,0.005586286963054,0.0108689875099654,0.6478568476802475
228,145,9d58e7f871787719,Pneumonia,on,0.1450716099196429,0.0,0.1202081320360763,0.2146121319975991,0.4077519879660347
229,37,f4555291d75fe507,Pneumothorax,off,0.1817756531146294,1.0,0.4038670462120943,0.575182851472205,1.5310040427983038
229,37,f4555291d75fe507,Pneumothorax,on,0.1817756531146294,1.0,0.4103978580352927,0.5819584773394557,1.2274078752042266
230,172,9e8b2f979cd78f75,Pneumonia,off,0.1288052668255291,1.0,0.4637333361385819,0.620738563458282,1.9764793657762865
230,172,9e8b2f979cd78f75,Pneumonia,on,0.1288052668255291,1.0,0.6785706704168941,0.8085078204512293,2.313628282983333
231,399,2530a1d7ac18389f,Pneumothorax,off,0.190245067224147,1.0,0.3355035242361233,0.5019173411325706,1.5771800347205267
231,399,2530a1d7ac18389f,Pneumothorax,on,0.190245067224147,1.0,0.3065822318723549,0.469288742533652,1.3938059032892451
232,382,c62c43b5231675b0,Pneumothorax,off,0.1545838632808502,1.0,0.2083620047651656,0.3439690687255288,1.4272779501107256
232,382,c62c43b5231675b0,Pneumothorax,on,0.1545838632808502,1.0,0.2009748739048156,0.3346806646419099,1.1693052782823716
233,394,e1ee24695381078c,Pneumothorax,off,0.2497843661827697,0.0,0.0933262521164977,0.170259420533344,1.5311424337972197
233,394,e1ee24695381078c,Pneumothorax,on,0.2497843661827697,0.0,0.1270447410382638,0.22543897404168,1.9364138168838143
234,201,885246ee6a0cbe93,Pneumothorax,off,0.184124477971239,0.0,0.0632430079130542,0.1187507402834953,1.0828764958800394
234,201,885246ee6a0cbe93,Pneumothorax,on,0.184124477971239,0.0,0.0726274460813618,0.135419502530437,0.9667749755495376
235,116,0534d639197316e3,Pneumonia,off,0.1386147781042741,1.0,0.2774723670402038,0.4252920357105108,1.369987801893808
235,116,0534d639197316e3,Pneumonia,on,0.1386147781042741,1.0,0.5069972972850759,0.6728574845294131,1.298779644784844
236,118,597abd2b1fb4b28c,Pneumonia,off,0.1428494851590329,1.0,0.6223577490724115,0.764442370853185,2.810000555664826
236,118,597abd2b1fb4b28c,Pneumonia,on,0.1428494851590329,1.0,0.450441209610986,0.6210915400242134,3.3286425957347925
237,230,e6689043e54e49db,Pneumothorax,off,0.1569180688956137,1.0,0.4362635904079363,0.6034108024582365,1.6228042634988329
237,230,e6689043e54e49db,Pneumothorax,on,0.1569180688956137,1.0,0.4558195492543423,0.6261959538197057,1.358118544795191
238,231,87e1e30b9906f02d,Pneumothorax,off,0.1756306984586446,1.0,0.3036488573682644,0.4636598783336099,1.311181301920238
238,231,87e1e30b9906f02d,Pneumothorax,on,0.1756306984586446,1.0,0.3486722979711292,0.5170516699051186,1.0861454785408278
239,159,ec1c1b6a957bd691,Pneumonia,off,0.1555000024365403,1.0,0.4788520212366296,0.6422430278656405,1.713809173145744
239,159,ec1c1b6a957bd691,Pneumonia,on,0.1555000024365403,1.0,0.6060100542418192,0.7546754075859446,1.3959732112524794
240,411,d4c0f96bcd7c42a0,Pneumothorax,off,0.2292638237114356,0.0,0.0829582248724915,0.1530951340045609,1.04497986779942
240,411,d4c0f96bcd7c42a0,Pneumothorax,on,0.2292638237114356,0.0,0.0829287341464563,0.1531558784503124,0.6408020158236751
241,91,5a5ab9e7fc7ac9c1,Pneumonia,off,0.1912781603146061,1.0,0.4041228623949652,0.5716731200227947,1.8365524322434128
241,91,5a5ab9e7fc7ac9c1,Pneumonia,on,0.1912781603146061,1.0,0.3778372265631555,0.5484354478518786,1.8613834380000087
242,387,0fc1bd6976bca990,Pneumothorax,off,0.214844378170548,1.0,0.1950140637741597,0.3252283668929932,1.3982935948974655
242,387,0fc1bd6976bca990,Pneumothorax,on,0.214844378170548,1.0,0.187065548608958,0.3151704480171546,1.0894003864547883
243,71,ef6749004f2f4cc3,Pneumonia,off,0.2102246977471748,0.0,0.086026596850155,0.1580168433211914,0.9322434195752984
243,71,ef6749004f2f4cc3,Pneumonia,on,0.2102246977471748,0.0,0.0656404564260203,0.123194082349079,0.3999597549838807
244,160,b49bdd3279bc0b27,Pneumonia,off,0.1239029477264642,1.0,0.6771167505174842,0.8025876268106094,2.657352625016307
244,160,b49bdd3279bc0b27,Pneumonia,on,0.1239029477264642,1.0,0.7373656231653132,0.8488193477099323,3.736201975788871
245,156,b6bb19f178bd17d9,Pneumonia,off,0.1458854143824101,1.0,0.4346059042306257,0.599709768729164,1.6448470132525734
245,156,b6bb19f178bd17d9,Pneumonia,on,0.1458854143824101,1.0,0.5848143963448946,0.7380213968495752,1.2957398656137535
246,179,2a8d2dfcfc83516d,Pneumothorax,off,0.1586431394334556,1.0,0.5828508599272509,0.7360152229398338,2.524596124893724
246,179,2a8d2dfcfc83516d,Pneumothorax,on,0.1586431394334556,1.0,0.529130191586483,0.6920652951502395,2.327573365000835
247,314,edc87ee173bd5f41,Pneumonia,off,0.1240004093387717,1.0,0.1896241379886122,0.3158846665810896,0.630813085467339
247,314,edc87ee173bd5f41,Pneumonia,on,0.1240004093387717,1.0,0.2925591969925366,0.4526820607946346,0.5667786573622468
248,237,620d12ad6a1b20b4,Pneumonia,off,0.1045275791997427,1.0,0.555240474232923,0.7109993781344291,2.1574195143885384
248,237,620d12ad6a1b20b4,Pneumonia,on,0.1045275791997427,1.0,0.5365651201423505,0.6983700926697979,2.9193214026616543
249,3,ffb56bf454825a08,Pneumonia,off,0.1662695105965138,1.0,0.3842819873080798,0.5535135550583641,1.7575533982600131
249,3,ffb56bf454825a08,Pneumonia,on,0.1662695105965138,1.0,0.387105980607111,0.5581458835854402,1.6334068906773127
250,175,6bcddd6d8e8c8a7e,Pneumothorax,off,0.1843145281152386,0.0,0.1894363953332414,0.3151728527054768,1.6160974673749633
250,175,6bcddd6d8e8c8a7e,Pneumothorax,on,0.1843145281152386,0.0,0.2594211212460756,0.4119589917910195,1.9719940563883196
251,216,811bd9a2d86b8853,Pneumonia,off,0.1490821552660945,1.0,0.3743865670330702,0.5337874734247153,1.7280814112930103
251,216,811bd9a2d86b8853,Pneumonia,on,0.1490821552660945,1.0,0.559484068310503,0.7175243964992465,1.5531304406730395
252,17,6dd0d0da8c7f6300,Pneumothorax,off,0.1635210931294436,1.0,0.3456332726172365,0.5135838463836475,1.8774349552924008
252,17,6dd0d0da8c7f6300,Pneumothorax,on,0.1635210931294436,1.0,0.3150442542826626,0.4791348346398758,1.873602929234476
253,285,598076fbf61dbe60,Pneumonia,off,0.1495889556500933,1.0,0.4064322679097397,0.575899663734568,1.439735609323585
253,285,598076fbf61dbe60,Pneumonia,on,0.1495889556500933,1.0,0.416314746734369,0.5878567738969662,1.2483733965489483
254,241,a670c2be27314d9a,Pneumothorax,off,0.2111846946284032,0.0,0.0369827587239575,0.0713095217489462,1.3308186533404598
254,241,a670c2be27314d9a,Pneumothorax,on,0.2111846946284032,0.0,0.0375921701265473,0.072460333519369,1.1837045750417698
255,384,7bc902cd7893af5d,Pneumothorax,off,0.1595202939442227,0.0,0.0629271258245182,0.1172203381412653,0.9350393891755956
255,384,7bc902cd7893af5d,Pneumothorax,on,0.1595202939442227,0.0,0.0998240994159724,0.1815184150371154,0.7515852869966545
256,440,4e0539034217998c,Pneumothorax,off,0.1407102027688844,0.0,0.1056760720407681,0.1797856208074715,0.7182401720752957
256,440,4e0539034217998c,Pneumothorax,on,0.1407102027688844,0.0,0.2005730352774765,0.3341275001679419,0.6328461101267412
257,203,f78528ae0274616b,Pneumonia,off,0.1305400835246017,1.0,0.5690164259525232,0.7244342703203921,2.1901127325850926
257,203,f78528ae0274616b,Pneumonia,on,0.1305400835246017,1.0,0.4786670681217477,0.6474093996776289,2.583135349795622
258,50,0aa92d922a58e312,Pneumothorax,off,0.1418748690359584,1.0,0.4229606832027247,0.5882943715052703,2.1976469976130937
258,50,0aa92d922a58e312,Pneumothorax,on,0.1418748690359584,1.0,0.3802486395489707,0.5509445725008193,2.6933630302177547
259,375,a94f884b732e3bcd,Pneumothorax,off,0.2005857442899677,1.0,0.349555612355622,0.5175454012807618,1.5551405276680312
259,375,a94f884b732e3bcd,Pneumothorax,on,0.2005857442899677,1.0,0.3697614547033485,0.5398856904546839,1.3872575889425451
260,299,5567de030f328352,Pneumothorax,off,0.1728432963466514,0.0,0.096889984868756,0.1759465978324007,0.636149560017419
260,299,5567de030f328352,Pneumothorax,on,0.1728432963466514,0.0,0.1087650350611779,0.1961901987890501,0.3946845788230005
261,300,a9b8cc2d0d94d723,Pneumonia,off,0.1721269534961917,1.0,0.4599700780667698,0.6219377977916827,2.173082312003274
261,300,a9b8cc2d0d94d723,Pneumonia,on,0.1721269534961917,1.0,0.3578647295957225,0.5270845911101024,2.637661449837691
262,438,33572e77c0536600,Pneumothorax,off,0.1473717039700987,1.0,0.1606463655156872,0.2719835030693927,1.394774243107489
262,438,33572e77c0536600,Pneumothorax,on,0.1473717039700987,1.0,0.2577369761076245,0.4098303751526325,1.4016264784569037
263,200,c930d55d4bb7581b,Pneumothorax,off,0.1822873265792436,0.0,0.1464460243248047,0.2551948027622479,1.190744775337872
263,200,c930d55d4bb7581b,Pneumothorax,on,0.1822873265792436,0.0,0.165111999675465,0.2834268127250294,1.1683171781125803
264,360,12e5aab946d1ee7e,Pneumonia,off,0.1162229726766369,1.0,0.6809675455815958,0.8097438188905695,3.215563995486156
264,360,12e5aab946d1ee7e,Pneumonia,on,0.1162229726766369,1.0,0.4842352524403209,0.6524793718449379,3.792730549751677
265,333,b1769427b211c108,Pneumonia,off,0.1393116286322724,1.0,0.4352157690935912,0.6028094779152668,1.543347950421543
265,333,b1769427b211c108,Pneumonia,on,0.1393116286322724,1.0,0.5724527341866076,0.7280978635106303,1.2758528657877906
266,167,0ff3d1e08ba008d3,Pneumonia,off,0.1234789897129268,1.0,0.3676985653157669,0.529873206970928,1.4481040132952576
266,167,0ff3d1e08ba008d3,Pneumonia,on,0.1234789897129268,1.0,0.6080113296826434,0.7562241653363074,1.3344028760519695
267,197,35f82d500ee2a3fd,Pneumonia,off,0.1469916036820997,1.0,0.390007498624115,0.5586110394324859,1.619209999453168
267,197,35f82d500ee2a3fd,Pneumonia,on,0.1469916036820997,1.0,0.2855247431197111,0.4442008130370216,1.5199436661761363
268,266,999591b2d12b3d78,Pneumothorax,off,0.1894312627613798,1.0,0.5445056791193416,0.70020829751219,2.0208795277033267
268,266,999591b2d12b3d78,Pneumothorax,on,0.1894312627613798,1.0,0.6123526243885439,0.7595712831786181,1.525222972518835
269,54,d6ee87b326190f6d,Pneumothorax,off,0.1905569443835309,0.0,0.0954508509583116,0.1671328363715082,1.5163913083752558
269,54,d6ee87b326190f6d,Pneumothorax,on,0.1905569443835309,0.0,0.1383490038988271,0.2430671427791757,1.711739592827506
270,102,e750eb553f2a9a6e,Pneumothorax,off,0.2105755595514816,0.0,0.1384254494773214,0.2421619456027547,1.6155474794656748
270,102,e750eb553f2a9a6e,Pneumothorax,on,0.2105755595514816,0.0,0.1471666562163948,0.2565712631478339,2.058168171747325
271,55,ba571a0593f57813,Pneumonia,off,0.1757184139097213,1.0,0.4399485298789106,0.5885696910917024,2.243269120692964
271,55,ba571a0593f57813,Pneumonia,on,0.1757184139097213,1.0,0.2338958496212319,0.3790867463287957,2.594625345489262
272,346,c892bb0055c22cd0,Pneumonia,off,0.1466504880390236,1.0,0.2958197013065277,0.4561662601549893,1.708607299613682
272,346,c892bb0055c22cd0,Pneumonia,on,0.1466504880390236,1.0,0.2927673582673492,0.4529279299096723,1.7605465928786077
273,84,5f39db396249a1f2,Pneumonia,off,0.149715655746093,0.0,0.1646913600374601,0.2823853796904149,1.8042228767745283
273,84,5f39db396249a1f2,Pneumonia,on,0.149715655746093,0.0,0.1748081490658934,0.2975927951423006,2.588807179062149
274,265,68cb4910636dcabb,Pneumothorax,off,0.1460218606396405,0.0,0.0606839539218582,0.1141483460757448,1.0495186087776456
274,265,68cb4910636dcabb,Pneumothorax,on,0.1460218606396405,0.0,0.0822609682385578,0.1520164980410125,0.9015426288866648
275,306,49a6faf066875f4a,Pneumothorax,off,0.2101174899736366,0.0,0.0867729937108283,0.1593675559848279,0.5166435952897507
275,306,49a6faf066875f4a,Pneumothorax,on,0.2101174899736366,0.0,0.0936567669644594,0.171272049798115,0.2233158410620179
276,305,fa851a693e873d99,Pneumothorax,off,0.1407784258974996,1.0,0.4992399401654308,0.6654754095024981,1.6241009832797326
276,305,fa851a693e873d99,Pneumothorax,on,0.1407784258974996,1.0,0.5016451006223116,0.6681210948804936,1.3426246025489814
277,275,1626d35d84c0d1b3,Pneumonia,off,0.1366996574224327,1.0,0.3377688638315627,0.4962846307017622,2.260343215130925
277,275,1626d35d84c0d1b3,Pneumonia,on,0.1366996574224327,1.0,0.2711162199090134,0.4265520825416105,3.0441459637232264
278,97,d486789ebff1ab61,Pneumothorax,off,0.2029248229853466,0.0,0.303812740940802,0.4659397967304375,1.2166786897559996
278,97,d486789ebff1ab61,Pneumothorax,on,0.2029248229853466,0.0,0.3066039487576075,0.4693141149840152,0.8751901840915214
279,43,40930f98f262039d,Pneumonia,off,0.1687060509042001,1.0,0.5090669283518209,0.6690795370200993,1.922832771785709
279,43,40930f98f262039d,Pneumonia,on,0.1687060509042001,1.0,0.6269259617058764,0.7706875600783123,1.5874077852014603
280,318,ced43a28077174f6,Pneumothorax,off,0.1857033560906198,1.0,0.3213343447901125,0.4751320552039952,2.1637133691764
280,318,ced43a28077174f6,Pneumothorax,on,0.1857033560906198,1.0,0.2392242712739115,0.3860696745208403,2.451785343741484
281,225,9ea7c3106d11cc69,Pneumothorax,off,0.1687109239848155,0.0,0.0167390542063894,0.0326501839880369,-0.0165190427167369
281,225,9ea7c3106d11cc69,Pneumothorax,on,0.1687109239848155,0.0,0.0,0.0,-0.4776650884271104
282,405,96eed73623de6a68,Pneumothorax,off,0.190191463337378,1.0,0.3820990330976258,0.5502650221547623,1.4788694430813347
282,405,96eed73623de6a68,Pneumothorax,on,0.190191463337378,1.0,0.2965943166909645,0.4574822520733785,1.1796645926488056
283,40,191a1b3130859e8b,Pneumonia,off,0.1668201687060509,1.0,0.4553220009568944,0.620863101640083,1.7166487793025855
283,40,191a1b3130859e8b,Pneumonia,on,0.1668201687060509,1.0,0.5401838852603459,0.7014514225510935,1.2579250794635428
284,41,329aca38ff02024a,Pneumonia,off,0.1604120676968359,1.0,0.4323117410511822,0.60362240466147,1.7436652907182175
284,41,329aca38ff02024a,Pneumonia,on,0.1604120676968359,1.0,0.4169419733152673,0.588509366870075,1.3264366553106923
285,185,73562db6efa6210f,Pneumonia,off,0.1398574136611942,1.0,0.5029839623466705,0.6554189666293511,2.5643507676519146
285,185,73562db6efa6210f,Pneumonia,on,0.1398574136611942,1.0,0.3127646555552449,0.4764730095156037,3.0605424802201737
286,77,e288c9756beb2cef,Pneumothorax,off,0.1834617390075484,0.0,0.0329810349944376,0.0636872002613922,1.4466230823532984
286,77,e288c9756beb2cef,Pneumothorax,on,0.1834617390075484,0.0,0.0407321804849087,0.0782755697220471,1.7453194905993068
287,337,6688f90e8260bfea,Pneumothorax,off,0.1871896456783084,0.0,0.0254661236238936,0.0493374392550417,1.1132907255987916
287,337,6688f90e8260bfea,Pneumothorax,on,0.1871896456783084,0.0,0.0346470511051207,0.0669736362522011,0.8967396726775987
288,253,ae0ac7c7b7034072,Pneumothorax,off,0.2026519304708857,0.0,0.1727400472706421,0.2945356277148746,1.2269051688452772
288,253,ae0ac7c7b7034072,Pneumothorax,on,0.2026519304708857,0.0,0.1780125637559755,0.302225044991257,0.8601805042822933
289,95,1099b54355b5823b,Pneumothorax,off,0.1943725665053677,1.0,0.4497415710808661,0.6021444750804437,1.5855909116638078
289,95,1099b54355b5823b,Pneumothorax,on,0.1943725665053677,1.0,0.4759956272951952,0.6449357683643837,0.9921997406521122
290,112,1032f70bdb2e9251,Pneumothorax,off,0.1813419489398613,0.0,0.2668554602159959,0.4208569836428709,1.092058428034247
290,112,1032f70bdb2e9251,Pneumothorax,on,0.1813419489398613,0.0,0.2379718761556292,0.3844434747138029,0.6453825661166969
291,252,423b0dd1b9cc0017,Pneumonia,off,0.1577659849226885,1.0,0.275304100869236,0.422354418326751,1.7427467860261847
291,252,423b0dd1b9cc0017,Pneumonia,on,0.1577659849226885,1.0,0.6162375885507334,0.7625475913426093,1.4547646924341264
292,24,e901609118d83284,Pneumonia,off,0.1406371065596538,1.0,0.5326721302416295,0.6858274384771593,2.325711878242317
292,24,e901609118d83284,Pneumonia,on,0.1406371065596538,1.0,0.4841567626076341,0.6523792600625764,3.0949331166328915
293,48,4ffb5060113e379b,Pneumothorax,off,0.2026324381484243,0.0,0.2364204016620907,0.3791666126047089,1.8216680876246931
293,48,4ffb5060113e379b,Pneumothorax,on,0.2026324381484243,0.0,0.1935569951112659,0.3243254064602072,2.172478869420428
294,331,0ed0789928a2b1d8,Pneumonia,off,0.1413826878938058,1.0,0.2135793215141027,0.3452286397678891,1.2630762668289357
294,331,0ed0789928a2b1d8,Pneumonia,on,0.1413826878938058,1.0,0.4484412025885401,0.6191918022106723,0.9298639166382444
295,276,62ad2c96692ed14a,Pneumonia,off,0.1207110799233951,1.0,0.5870201422238932,0.7386642364476022,3.2295498167090777
295,276,62ad2c96692ed14a,Pneumonia,on,0.1207110799233951,1.0,0.2487339410515248,0.3983641999140964,3.201882019479702
296,12,a6abcbfc061442d5,Pneumothorax,off,0.2023692917951941,0.0,0.0488496835660282,0.0923621960944355,0.8493937154419576
296,12,a6abcbfc061442d5,Pneumothorax,on,0.2023692917951941,0.0,0.0609786758721564,0.1149465295150941,0.381307064503445
297,449,98bf201558bb09ad,Pneumothorax,off,0.1832814350247796,0.0,0.0344901386443751,0.066669367880615,1.020060743934694
297,449,98bf201558bb09ad,Pneumothorax,on,0.1832814350247796,0.0,0.0355973725874275,0.068747447231815,0.7206516860193242
298,83,e2544b85fe79e487,Pneumothorax,off,0.1634041391946747,1.0,0.431985107825877,0.5954896541148397,1.9295790371168453
298,83,e2544b85fe79e487,Pneumothorax,on,0.1634041391946747,1.0,0.5352502442663045,0.6972764225956947,2.773130988498379
299,82,0c4238b2f5c4388b,Pneumothorax,off,0.171006144954656,0.0,0.0556845953574704,0.1053679049058987,0.4838096148112918
299,82,0c4238b2f5c4388b,Pneumothorax,on,0.171006144954656,0.0,0.0472322693484252,0.0902004100556397,0.2356553664848408
300,63,246bf9a8cfbb0c68,Pneumonia,off,0.1299748061732185,1.0,0.4771913220733838,0.6360873682394642,2.3207114231898687
300,63,246bf9a8cfbb0c68,Pneumonia,on,0.1299748061732185,1.0,0.8142102782133265,0.8975918671105056,2.751541200151962
301,62,ba0d34c73de98ddb,Pneumonia,off,0.1257790837633827,1.0,0.3179695570892503,0.4813064047231769,1.0034447083147586
301,62,ba0d34c73de98ddb,Pneumonia,on,0.1257790837633827,1.0,0.3269494843478263,0.4927469002478056,0.9677697159675874
302,271,2e657ea72ea7deff,Pneumothorax,off,0.1909711562358376,0.0,0.1042614252761776,0.1887476447919215,1.412824787902442
302,271,2e657ea72ea7deff,Pneumothorax,on,0.1909711562358376,0.0,0.1052262360346441,0.1904153333746619,1.237647004878667
303,227,9e1bcaf497d1a364,Pneumonia,off,0.0999127718569848,1.0,0.3574416879369302,0.523051596483942,1.7344879787116751
303,227,9e1bcaf497d1a364,Pneumonia,on,0.0999127718569848,1.0,0.5769626147949906,0.7317390036111475,1.8594378149427029
304,111,9a9f1ec1bf6c1e2a,Pneumothorax,off,0.1800603287380183,0.0,0.252519783452083,0.3821294705212607,0.761870749868811
304,111,9a9f1ec1bf6c1e2a,Pneumothorax,on,0.1800603287380183,0.0,0.2019367660723022,0.3271475174981927,0.3520076138576749
305,369,8dbb7830188b30a1,Pneumothorax,off,0.1757963831995672,0.0,0.0849129077997686,0.1556012796510575,1.7819157477661047
305,369,8dbb7830188b30a1,Pneumothorax,on,0.1757963831995672,0.0,0.0703375136214725,0.131425864050291,2.3416433656044817
306,368,88b21b07728d1294,Pneumonia,off,0.1257157337153828,1.0,0.5852967476860563,0.7365764765987951,2.6357902248728404
306,368,88b21b07728d1294,Pneumonia,on,0.1257157337153828,1.0,0.333863096966849,0.5004012291881795,3.461637837942917
307,295,81e0c859cc208433,Pneumonia,off,0.1163399266114059,1.0,0.3477380812997088,0.5091855721781273,1.3672949375720873
307,295,81e0c859cc208433,Pneumonia,on,0.1163399266114059,1.0,0.5709000332038576,0.7268340092913868,1.2783584339296925
308,130,7320038e0603d2e2,Pneumothorax,off,0.188753904555843,0.0,0.0157615459751694,0.0306994208045231,1.033225524127797
308,130,7320038e0603d2e2,Pneumothorax,on,0.188753904555843,0.0,0.0310534199569753,0.0602359656485306,0.8085503618967566
309,6,d2d092a91fc0eca9,Pneumothorax,off,0.2283817961200532,0.0,0.0427318709438577,0.0818960585105081,1.3415673486411437
309,6,d2d092a91fc0eca9,Pneumothorax,on,0.2283817961200532,0.0,0.048980688747793,0.0933870357031688,1.220670215781641
310,113,3a3bfb40eb6e865c,Pneumothorax,off,0.182462757481397,0.0,0.2789026055232884,0.4357794907953328,1.4883854656084912
310,113,3a3bfb40eb6e865c,Pneumothorax,on,0.182462757481397,0.0,0.2965445914415771,0.4574365988397001,1.4451895044524068
311,115,e059a2b12b2f8a9d,Pneumothorax,off,0.1800505825767875,0.0,0.1156865754678603,0.206897053619274,1.4481562925551847
311,115,e059a2b12b2f8a9d,Pneumothorax,on,0.1800505825767875,0.0,0.1166864170425155,0.2089830355117226,1.5913539456945316
312,114,02d1b5cb5d840174,Pneumothorax,off,0.1809813409743237,0.0,0.0481664095008381,0.0910346247188892,0.270176169347359
312,114,02d1b5cb5d840174,Pneumothorax,on,0.1809813409743237,0.0,0.0604568840452363,0.1140138850402007,0.0422035570999668
313,85,af1c5742d0805ffb,Pneumothorax,off,0.2238644503896028,0.0,0.2330516396380106,0.3774196757299803,1.661301466195254
313,85,af1c5742d0805ffb,Pneumothorax,on,0.2238644503896028,0.0,0.2402626315938403,0.3874365146845483,1.5895585670551933
314,76,2117e37867972f29,Pneumonia,off,0.160845771871604,1.0,0.2025374645424914,0.3300412566555094,0.8386718407692553
314,76,2117e37867972f29,Pneumonia,on,0.160845771871604,1.0,0.3971052950389518,0.5684477269375297,0.803209976744395
315,105,03309e7059c9e1aa,Pneumothorax,off,0.2177779727010023,0.0,0.0,0.0,-0.5948532777930406
315,105,03309e7059c9e1aa,Pneumothorax,on,0.2177779727010023,0.0,0.0,0.0,-0.5453109688778439
316,425,2a5f54f58033adc0,Pneumothorax,off,0.1799628671257108,1.0,0.2854656250606096,0.4420331073304481,1.6194583302531622
316,425,2a5f54f58033adc0,Pneumothorax,on,0.1799628671257108,1.0,0.2471559663629378,0.3963445473635104,1.4614867284316435
317,242,adefe62649625a81,Pneumothorax,off,0.1697488901558898,1.0,0.3339102061991675,0.5003243929019068,1.668987304545701
317,242,adefe62649625a81,Pneumothorax,on,0.1697488901558898,1.0,0.3514314494822294,0.5200876929035008,1.4318402979413645
318,243,cb9183bb73f82ec1,Pneumonia,off,0.2098592167010219,1.0,0.4309891813808324,0.597634710851384,1.842393148124628
318,243,cb9183bb73f82ec1,Pneumonia,on,0.2098592167010219,1.0,0.3922593935003723,0.5634730102673287,1.585802367902291
319,92,751bb22cbcb548d1,Pneumothorax,off,0.1678727541189714,0.0,0.0763403163689112,0.1417878144467157,1.102934889206977
319,92,751bb22cbcb548d1,Pneumothorax,on,0.1678727541189714,0.0,0.0802698055860645,0.1486101923325215,0.8205758479607597
320,56,58c0774016deff7f,Pneumothorax,off,0.1990409777348946,1.0,0.1735496186480151,0.2941159287998473,1.3760999460059806
320,56,58c0774016deff7f,Pneumothorax,on,0.1990409777348946,1.0,0.201720233552525,0.3357152362195784,1.1879653772822978
321,244,e2372b2d3608f078,Pneumothorax,off,0.2008586368044286,0.0,0.1121654009696057,0.2004514351511399,1.7586683792499014
321,244,e2372b2d3608f078,Pneumothorax,on,0.2008586368044286,0.0,0.1297201241159623,0.2296461715542375,2.179160792613457
322,298,4870c4448aaec7b1,Pneumonia,off,0.1349550945621293,1.0,0.5096205104556344,0.6709159872688994,2.9108859519896035
322,298,4870c4448aaec7b1,Pneumonia,on,0.1349550945621293,1.0,0.182901509688223,0.3092327016304617,2.8833468440086136
323,376,5b02f529850ec43a,Pneumonia,off,0.1338294129399782,1.0,0.4590878303524794,0.6225793071117114,1.8100951602436568
323,376,5b02f529850ec43a,Pneumonia,on,0.1338294129399782,1.0,0.5736108492997865,0.7290251685493183,1.6370356966701125
324,22,c471fb69beaa4fad,Pneumothorax,off,0.189250958778611,0.0,0.1883974359703825,0.3158844472230959,1.3806204480952051
324,22,c471fb69beaa4fad,Pneumothorax,on,0.189250958778611,0.0,0.1940855017047388,0.3250768523610453,1.206802736921918
325,21,6756182e25db6216,Pneumothorax,off,0.2032951771121149,0.0,0.1186776812329575,0.2117824150272262,1.5045207640816622
325,21,6756182e25db6216,Pneumothorax,on,0.2032951771121149,0.0,0.131050912640195,0.2317329606290425,1.659549871958233
326,88,b717e0e9f48ec793,Pneumonia,off,0.095717049447149,1.0,0.4453821239744491,0.609368481201361,1.852345455814244
326,88,b717e0e9f48ec793,Pneumonia,on,0.095717049447149,1.0,0.4729566487618019,0.6421398926543406,2.222946958973165
327,249,089ce8d3c9aa17ec,Pneumothorax,off,0.1780136348795618,0.0,0.0556015406599499,0.1053023314388792,1.3829021955959069
327,249,089ce8d3c9aa17ec,Pneumothorax,on,0.1780136348795618,0.0,0.0605175098317733,0.1141281960000966,1.389403070090888
328,8,b845911f4dc57432,Pneumonia,off,0.1458659220599486,1.0,0.5353812746775001,0.6914479153437274,1.9171910466719115
328,8,b845911f4dc57432,Pneumonia,on,0.1458659220599486,1.0,0.480317820966886,0.6488673020372719,2.0277347508667622
329,403,779d0f06242503f4,Pneumothorax,off,0.2036655312388832,0.0,0.0463556353995863,0.0872279574417053,1.0923064177458708
329,403,779d0f06242503f4,Pneumothorax,on,0.2036655312388832,0.0,0.0710752756166626,0.1327169625413752,0.7788649119802241
330,402,4bb674f158c41a32,Pneumonia,off,0.1200385947984737,1.0,0.6691608223806818,0.7993859089722283,3.441120130071224
330,402,4bb674f158c41a32,Pneumonia,on,0.1200385947984737,1.0,0.3870312271692155,0.5580569439402443,3.538560996312652
331,141,ca20960c58c911d2,Pneumonia,off,0.150134740679015,1.0,0.4827406657347964,0.6482582065931831,1.91957422551541
331,141,ca20960c58c911d2,Pneumonia,on,0.150134740679015,1.0,0.5467086106576682,0.706929407796982,1.8372952840182128
332,174,bd6813023681f3ff,Pneumothorax,off,0.2342246197778849,0.0,0.1066115010626802,0.1924517000840714,1.446516420464965
332,174,bd6813023681f3ff,Pneumothorax,on,0.2342246197778849,0.0,0.1009752483110756,0.1834285464736534,1.1307774573759006
333,239,1d11168139d68001,Pneumonia,off,0.1123196351037235,1.0,0.6181444772402808,0.761207168278637,2.233744596132704
333,239,1d11168139d68001,Pneumonia,on,0.1123196351037235,1.0,0.5665912456977638,0.7233148429117383,2.792524418865738
334,282,654c34f32a0119be,Pneumonia,off,0.2027493920831932,1.0,0.2927492515952965,0.4499662052323747,1.6098078665783957
334,282,654c34f32a0119be,Pneumonia,on,0.2027493920831932,1.0,0.3228967780422977,0.4881530513415993,1.806825005153783
335,335,fa2be29d6e38c9f5,Pneumonia,off,0.1615474954802177,1.0,0.5234308889921131,0.6866797199564506,1.814443892699183
335,335,fa2be29d6e38c9f5,Pneumonia,on,0.1615474954802177,1.0,0.5389792150439765,0.7004362635552545,1.3637312795515188
336,304,bf2ac14fa2df62e6,Pneumothorax,off,0.1854207174149282,1.0,0.4298773050824573,0.5957591342829379,2.0754443188315808
336,304,bf2ac14fa2df62e6,Pneumothorax,on,0.1854207174149282,1.0,0.3707616306546031,0.5409388667674684,1.8693391981401664
337,224,adbb1682ee33ffa6,Pneumothorax,off,0.2163696524031597,0.0,0.0038471690046117,0.0076595587702039,0.5298702032329375
337,224,adbb1682ee33ffa6,Pneumothorax,on,0.2163696524031597,0.0,0.0021526522475107,0.004296033078016,-0.077183979377193
338,94,cb50623d468b9c03,Pneumothorax,off,0.1727799462986516,1.0,0.3320773131972547,0.487790552280218,1.5823914278118631
338,94,cb50623d468b9c03,Pneumothorax,on,0.1727799462986516,1.0,0.4712069705423183,0.6404635046206326,1.040035023369013
339,60,cea6127ed387cbd4,Pneumonia,off,0.1180308855849402,1.0,0.440060997851997,0.6032416132788713,2.158139113338289
339,60,cea6127ed387cbd4,Pneumonia,on,0.1180308855849402,1.0,0.6228674778028979,0.767590575624969,3.0108232112359485
340,59,d70d2b1a08b95126,Pneumonia,off,0.1522447845854714,1.0,0.2694450007068646,0.42360320016882,1.2951562430983627
340,59,d70d2b1a08b95126,Pneumonia,on,0.1522447845854714,1.0,0.1503677860934801,0.2614186362804561,1.0129499406132212
341,51,73425dc64d11db07,Pneumothorax,off,0.1414606571836517,0.0,0.1373271685319693,0.2387762891128177,1.5084800714842892
341,51,73425dc64d11db07,Pneumothorax,on,0.1414606571836517,0.0,0.1431365423229191,0.2504186592404573,1.5184663776645786
342,81,9a547d8892dea3a6,Pneumothorax,off,0.1475178963885599,0.0,0.0124466178746125,0.0241327677079295,-0.1653290209944033
342,81,9a547d8892dea3a6,Pneumothorax,on,0.1475178963885599,0.0,0.0,0.0,-0.4592619316831214
343,161,47cb5b42f2159764,Pneumonia,off,0.1413047186039598,1.0,0.1766000678250718,0.2951313424028005,1.113921090951482
343,161,47cb5b42f2159764,Pneumonia,on,0.1413047186039598,1.0,0.4247012409377851,0.5961876485741382,0.8613714277885911
344,456,4663d942b5ea9757,Pneumothorax,off,0.1625367308451383,1.0,0.3526801729742893,0.5197711543826412,1.4748832357278772
344,456,4663d942b5ea9757,Pneumothorax,on,0.1625367308451383,1.0,0.3916071549659842,0.5628014593815733,1.3655328034508625
345,149,9a3f950f149d0f37,Pneumonia,off,0.1506951449497829,1.0,0.260748473865022,0.4101203123624636,1.0138761201605937
345,149,9a3f950f149d0f37,Pneumonia,on,0.1506951449497829,1.0,0.3812283850714379,0.5519983788978363,0.7608448427635218
346,123,72b342a7bd6092eb,Pneumothorax,off,0.2043185240413432,0.0,0.0513820537131037,0.0974489735611798,0.8873002680373021
346,123,72b342a7bd6092eb,Pneumothorax,on,0.2043185240413432,0.0,0.0554764847242969,0.1051205090873426,0.4461822025934102
347,257,be37ee4fa4a100ff,Pneumothorax,off,0.1792172857915588,0.0,0.1777631324143417,0.3008067871138398,1.1481135898850272
347,257,be37ee4fa4a100ff,Pneumothorax,on,0.1792172857915588,0.0,0.1970612354380776,0.3292415730253964,0.7112260092722055
348,312,b5505e5ca319f34d,Pneumothorax,off,0.1627608925534455,0.0,0.2482584663539798,0.3955066590109751,1.1947052336125883
348,312,b5505e5ca319f34d,Pneumothorax,on,0.1627608925534455,0.0,0.3033464429279879,0.4654885607405065,0.8846162817341852
349,131,053e5b78358a568a,Pneumothorax,off,0.2136699657422432,0.0,0.0753312672273316,0.1400581398368329,1.0699780999912236
349,131,053e5b78358a568a,Pneumothorax,on,0.2136699657422432,0.0,0.0781629347858413,0.1449927580263558,0.7260845650323601
350,164,be278530fe2c952e,Pneumonia,off,0.1274261850113786,1.0,0.3566914396973072,0.5255223121811861,1.11071673166198
350,164,be278530fe2c952e,Pneumonia,on,0.1274261850113786,1.0,0.2916471469001981,0.4515713928420159,1.0253373704701552
351,189,36a4c529abcad2c7,Pneumothorax,off,0.1559531989337699,0.0,0.0710841454678189,0.1321992038693401,1.2837862953884007
351,189,36a4c529abcad2c7,Pneumothorax,on,0.1559531989337699,0.0,0.0863365266589143,0.1589498159140888,1.167602200152151
352,317,e9899fb1ecd89dfc,Pneumonia,off,0.1824140266752432,1.0,0.2740132478659526,0.42609162951153,1.1706044585250628
352,317,e9899fb1ecd89dfc,Pneumonia,on,0.1824140266752432,1.0,0.195348279007806,0.3268435931293053,0.8180151713042356
353,316,375552a7cb5dab94,Pneumonia,off,0.1813565681817074,1.0,0.4098566438172734,0.5803579431462749,1.470942702269216
353,316,375552a7cb5dab94,Pneumonia,on,0.1813565681817074,1.0,0.3728405981099264,0.543162797946313,1.0993430065020673
354,395,efd7cf52bf8c2702,Pneumothorax,off,0.1894897397287643,0.0,0.1549746938596367,0.2677540838536677,1.408843070650193
354,395,efd7cf52bf8c2702,Pneumothorax,on,0.1894897397287643,0.0,0.1733105211659706,0.2954213410857671,1.4183452708924005
355,182,1fdb91e38cc9a33d,Pneumonia,off,0.164349516834057,1.0,0.4600225345097063,0.6210756577067891,2.1022325814042944
355,182,1fdb91e38cc9a33d,Pneumonia,on,0.164349516834057,1.0,0.2855049019040152,0.4441548448034854,2.370332997288387
356,432,5ecd815629cef624,Pneumothorax,off,0.2074275494739509,1.0,0.2407268814751379,0.3880064453913359,1.3569950867147322
356,432,5ecd815629cef624,Pneumothorax,on,0.2074275494739509,1.0,0.2380528668986342,0.384559599985974,1.003994748770984
357,86,22ff98b072fd30e7,Pneumonia,off,0.1710743680832712,1.0,0.3714907366738467,0.5415495161278374,1.5572806404550288
357,86,22ff98b072fd30e7,Pneumonia,on,0.1710743680832712,1.0,0.3757243194929038,0.5462199339390734,1.3525470029058433
358,80,65fa96e941804d66,Pneumonia,off,0.1508169719651672,0.0,0.0674013700442179,0.116729584062008,1.204834057380617
358,80,65fa96e941804d66,Pneumonia,on,0.1508169719651672,0.0,0.162315730595965,0.2792954989685101,1.0697390848964683
359,348,8c844aa281c46dd8,Pneumonia,off,0.1391898016168881,1.0,0.6530027515670722,0.78784300201317,2.530856236444148
359,348,8c844aa281c46dd8,Pneumonia,on,0.1391898016168881,1.0,0.4541446337008374,0.6245851400185196,3.0494037979931914
360,437,1d9fab51249e7082,Pneumothorax,off,0.1606605948082199,0.0,0.2023990549748638,0.3356684415807742,1.716235359892138
360,437,1d9fab51249e7082,Pneumothorax,on,0.1606605948082199,0.0,0.222582115660506,0.3641160631529311,2.2149345372737432
361,436,b60a8fdd4ab9eda7,Pneumothorax,off,0.2090746507219469,0.0,0.0266470923508491,0.0514943735892575,0.8595247150369142
361,436,b60a8fdd4ab9eda7,Pneumothorax,on,0.2090746507219469,0.0,0.0304439086218363,0.0590873401970979,0.490843143817973
362,5,b6854428fb77d4cc,Pneumothorax,off,0.2425332222270953,0.0,0.0604537847758419,0.1139904545197542,1.124903584431188
362,5,b6854428fb77d4cc,Pneumothorax,on,0.2425332222270953,0.0,0.0662228775687328,0.124219461835475,0.9421969751568896
363,441,9dfd111947ef84b1,Pneumothorax,off,0.1803234750912484,1.0,0.2494491279204205,0.3989657509583943,1.1260336012644905
363,441,9dfd111947ef84b1,Pneumothorax,on,0.1803234750912484,1.0,0.2390422719618755,0.3858476257137401,0.7734581620752995
364,87,34a2adb99ed3a090,Pneumothorax,off,0.1414947687479594,1.0,0.1749383963180152,0.2887414150123119,1.8993299127000904
364,87,34a2adb99ed3a090,Pneumothorax,on,0.1414947687479594,1.0,0.282019787896169,0.4398775182370378,2.2347757304600124
365,321,35bd34fcc0fac2f4,Pneumonia,off,0.1456271411097953,0.0,0.0859550143272506,0.148999047326128,0.8258140993191453
365,321,35bd34fcc0fac2f4,Pneumonia,on,0.1456271411097953,0.0,0.232625110904514,0.3774429774867381,0.5687474673605795
366,188,962712d312f31d26,Pneumonia,off,0.1326257620279812,1.0,0.4071381897638549,0.5781297470990021,1.6679661913462795
366,188,962712d312f31d26,Pneumonia,on,0.1326257620279812,1.0,0.3613176733615715,0.5308269108627914,1.5983398049568431
367,39,392da982c2571312,Pneumothorax,off,0.178866423987252,1.0,0.5253016492839018,0.6790824876979183,1.9193704382563757
367,39,392da982c2571312,Pneumothorax,on,0.178866423987252,1.0,0.5935659248088649,0.7391550768047619,1.7360428204966447
368,38,2528a87ecbcb8e80,Pneumonia,off,0.1949329707761355,1.0,0.5429887347332867,0.6991136866785359,1.9697105365257848
368,38,2528a87ecbcb8e80,Pneumonia,on,0.1949329707761355,1.0,0.604876228437406,0.753790508986935,1.2923720476063116
369,354,24a6a56c28991f2a,Pneumonia,off,0.1275480120267629,1.0,0.3694317446276471,0.5308701073505065,1.5714364250370358
369,354,24a6a56c28991f2a,Pneumonia,on,0.1275480120267629,1.0,0.5659845508960027,0.7228326478311251,1.5475123176210304
370,218,d0f2019aff34b8f9,Pneumonia,off,0.1238103591947721,1.0,0.2668903376682448,0.4169200749870734,1.1530460018110136
370,218,d0f2019aff34b8f9,Pneumonia,on,0.1238103591947721,1.0,0.4377386756584139,0.6089266002950822,1.024891714144028
371,261,293489b2b3df5a77,Pneumothorax,off,0.1894702474063028,0.0,0.0307780190890306,0.0589606542618922,0.9045715891241032
371,261,293489b2b3df5a77,Pneumothorax,on,0.1894702474063028,0.0,0.0415038366518373,0.0796988536703164,0.5409756931790967
372,173,5d44fb526b0dd8f4,Pneumothorax,off,0.2180264998123864,0.0,0.0749791954193297,0.1394458639771922,1.1801252060162506
372,173,5d44fb526b0dd8f4,Pneumothorax,on,0.2180264998123864,0.0,0.077091794906735,0.1431479549648434,0.8485576775246629
373,439,6f154ecc10690653,Pneumothorax,off,0.1236934052600032,1.0,0.2992631784080708,0.460194929853201,1.1413200220074498
373,439,6f154ecc10690653,Pneumothorax,on,0.1236934052600032,1.0,0.3238472514850956,0.4892505069132954,0.9737152160184582
374,339,828eee7606ce796f,Pneumonia,off,0.1566500494617682,1.0,0.2598327427103493,0.4065899803244088,1.18164721883493
374,339,828eee7606ce796f,Pneumonia,on,0.1566500494617682,1.0,0.3965132147904602,0.5678570912743041,0.7994207745797202
375,245,b95212d56694ca87,Pneumothorax,off,0.1978811845484359,1.0,0.1680490593431628,0.2847563912959364,1.986525490565424
375,245,b95212d56694ca87,Pneumothorax,on,0.1978811845484359,1.0,0.1565083430175463,0.2706506628342134,2.060758894860176
376,210,7118ed64529a1dc7,Pneumonia,off,0.1638963203368273,1.0,0.2750766221081998,0.4167602919151969,1.6798887680964496
376,210,7118ed64529a1dc7,Pneumonia,on,0.1638963203368273,1.0,0.2050762178255519,0.3403089840305465,1.922481170054236
377,209,afc095ddf95dd697,Pneumonia,off,0.1269437500304567,1.0,0.3527039441133542,0.5017589403935176,2.106857308397056
377,209,afc095ddf95dd697,Pneumonia,on,0.1269437500304567,1.0,0.7351566215697269,0.8473630488495754,2.5358930990973243
378,148,cd99854e5dbf77e1,Pneumonia,off,0.1128264354877222,1.0,0.5559315723741133,0.7079963011680336,2.7246340152370814
378,148,cd99854e5dbf77e1,Pneumonia,on,0.1128264354877222,1.0,0.5235593836587121,0.6872587821609777,4.050885727375976
379,365,dfb3222308242762,Pneumothorax,off,0.1725509115097291,0.0,0.05947084999129,0.1115999985101562,1.4989182506905658
379,365,dfb3222308242762,Pneumothorax,on,0.1725509115097291,0.0,0.0757233458077701,0.1407821190197354,1.5964676278768817
380,23,fdefe57d4a82f518,Pneumothorax,off,0.1734670506654191,0.0,0.2187904230276879,0.3579316306356505,1.5442430361771884
380,23,fdefe57d4a82f518,Pneumothorax,on,0.1734670506654191,0.0,0.2308812144100739,0.3751445864020262,1.5877706776874048
381,120,f4a30a69ad17c9f1,Pneumothorax,off,0.2043575086862662,0.0,0.073349997181114,0.1366278948240488,1.30293784769122
381,120,f4a30a69ad17c9f1,Pneumothorax,on,0.2043575086862662,0.0,0.0781918506746,0.1450425391707794,1.1579057835466608
382,53,1988dd7e9ecd3c9b,Pneumothorax,off,0.1960489062370558,0.0,0.0350019727987865,0.0674428929164799,0.8179481546353572
382,53,1988dd7e9ecd3c9b,Pneumothorax,on,0.1960489062370558,0.0,0.0386156283084805,0.0743593982826746,0.4199481968232714
383,219,aeffa36739cd1fe7,Pneumothorax,off,0.1268998923049184,0.0,0.3223648089140277,0.486990305614239,2.264091320826367
383,219,aeffa36739cd1fe7,Pneumothorax,on,0.1268998923049184,0.0,0.2486472862493847,0.3982574586244491,3.074999636067607
384,217,6e185d6966366df4,Pneumothorax,off,0.2050933438591874,0.0,0.2707067560471875,0.4256441667733547,1.4549069526126714
384,217,6e185d6966366df4,Pneumothorax,on,0.2050933438591874,0.0,0.2806879253894004,0.4383391652600294,1.1792326827949338
385,291,531b825349b69626,Pneumonia,off,0.146289880073486,1.0,0.3076378727242677,0.4630868327826157,2.761039228538261
385,291,531b825349b69626,Pneumonia,on,0.146289880073486,1.0,0.1423757732430622,0.24925760951679,2.6776128447817538
386,0,8da0678acd714b9a,Pneumonia,off,0.1446768903897977,1.0,0.2843509108728743,0.4291375660244267,1.8159609948158244
386,0,8da0678acd714b9a,Pneumonia,on,0.1446768903897977,1.0,0.6394443235706175,0.7800543437544002,1.582178587385484
387,428,4adcc53030271f8d,Pneumothorax,off,0.1770731303207948,1.0,0.2112532120785371,0.3487758839229068,1.518665522706795
387,428,4adcc53030271f8d,Pneumothorax,on,0.1770731303207948,1.0,0.2109854679942532,0.348452070422437,1.2350865116870609
388,47,d95c4630fe47b10c,Pneumothorax,off,0.1587844587713014,0.0,0.0724613486802086,0.1304197130909735,0.9962481196198486
388,47,d95c4630fe47b10c,Pneumothorax,on,0.1587844587713014,0.0,0.1598866005307636,0.2756815992884568,0.5137332984642762
389,386,91d6999fc87d4e27,Pneumothorax,off,0.187628222933692,0.0,0.0205245234449905,0.0398571004327153,0.9911051065214264
389,386,91d6999fc87d4e27,Pneumothorax,on,0.187628222933692,0.0,0.0306226325080498,0.0594250160843369,0.6025952155088848
390,459,75c72eb210b86249,Pneumothorax,off,0.1625562231675998,1.0,0.2360970927747541,0.3797567505712804,1.6702874531918246
390,459,75c72eb210b86249,Pneumothorax,on,0.1625562231675998,1.0,0.2575546925832118,0.4096046603306929,1.8172911230717423
391,480,bd80adc504f70e0c,Pneumothorax,off,0.1823019458210897,0.0,0.1249849448664333,0.2206411305131531,1.1016599986625697
391,480,bd80adc504f70e0c,Pneumothorax,on,0.1823019458210897,0.0,0.1510606153340942,0.2624715494218234,1.0844246073399273
392,505,083150264aaf7e8a,Pneumothorax,off,0.1776384076721781,1.0,0.5703313104517296,0.7205204572594661,2.596207303760109
392,505,083150264aaf7e8a,Pneumothorax,on,0.1776384076721781,1.0,0.42506455232066,0.5965428747294754,2.674561948428078
393,541,4bd35cb23907f01a,Pneumothorax,off,0.1786032776340219,0.0,0.1437859797527433,0.2513309341912732,1.3994358482095075
393,541,4bd35cb23907f01a,Pneumothorax,on,0.1786032776340219,0.0,0.1501615951706349,0.2611136059873991,1.2922195230278974
394,549,5b9725714acf0d0d,Pneumothorax,off,0.1706893947146567,1.0,0.2025323890652537,0.3367776727097268,1.6726621110084066
394,549,5b9725714acf0d0d,Pneumothorax,on,0.1706893947146567,1.0,0.1984266555167783,0.3311443905523122,1.5260366263864886
395,594,72f534e34c7697a5,Pneumothorax,off,0.2312910252474306,0.0,0.0647545797765485,0.1211492251676856,1.8641394188085776
395,594,72f534e34c7697a5,Pneumothorax,on,0.2312910252474306,0.0,0.0521092372895595,0.0990565152974796,1.8989827163519477
396,604,dbd9a729c36f7908,Pneumothorax,off,0.1847579784512375,0.0,0.0065025891497464,0.0127587450863312,0.8081526415953588
396,604,dbd9a729c36f7908,Pneumothorax,on,0.1847579784512375,0.0,0.0191626362868116,0.0376031355390528,0.317386941733682
397,654,3b135865c9bd3209,Pneumothorax,off,0.2000448323416614,0.0,0.1487424248848858,0.258761970715456,1.051542645393245
397,654,3b135865c9bd3209,Pneumothorax,on,0.2000448323416614,0.0,0.150366700449454,0.2614232807073536,0.7422354921904244
398,676,680cec365dfd5521,Pneumothorax,off,0.2217592795637618,0.0,0.0176988715807286,0.0346388080205587,0.845984426237504
398,676,680cec365dfd5521,Pneumothorax,on,0.2217592795637618,0.0,0.0175981960278279,0.0345872891444727,0.3342829625984024
399,681,2b05e8dc83f32556,Pneumothorax,off,0.1758012562801826,0.0,0.1759197796729858,0.2957727923075214,1.590871353383432
399,681,2b05e8dc83f32556,Pneumothorax,on,0.1758012562801826,0.0,0.226321783465179,0.3690984786949944,1.5946157431045331
400,685,54b647e0838ab12b,Pneumothorax,off,0.1693395513841985,0.0,0.0,0.0,0.2865487577736183
400,685,54b647e0838ab12b,Pneumothorax,on,0.1693395513841985,0.0,0.0066823326262439,0.0132701925012423,-0.2206721887297112
401,693,ce907c9fb434e83e,Pneumothorax,off,0.1724388306555755,1.0,0.5142561923963992,0.6776865652623878,2.066391841942969
401,693,ce907c9fb434e83e,Pneumothorax,on,0.1724388306555755,1.0,0.4132479539045085,0.5848075608267079,1.7832291614520168
402,694,863b09154d53ef8c,Pneumothorax,off,0.1616888148180635,1.0,0.6168857822439227,0.7628168569389437,2.5641003705214382
402,694,863b09154d53ef8c,Pneumothorax,on,0.1616888148180635,1.0,0.5255859726023913,0.688977962772033,2.546280083879874
403,696,dca7b95062e41fc2,Pneumothorax,off,0.1865805106013869,0.0,0.3860767601144242,0.5382289712011019,1.7131335671597931
403,696,dca7b95062e41fc2,Pneumothorax,on,0.1865805106013869,0.0,0.402626329953116,0.5559824611831082,1.4410923479014588
404,785,cd055a12d0f444bd,Pneumothorax,off,0.2080513037927186,0.0,0.082259716940448,0.1513922406756093,2.002636461085128
404,785,cd055a12d0f444bd,Pneumothorax,on,0.2080513037927186,0.0,0.0801661260451317,0.1484315627602996,2.080061343868128
405,819,486450c9693f6c41,Pneumothorax,off,0.1974133688093602,1.0,0.3417239404107994,0.5089331559916987,1.4582963654077892
405,819,486450c9693f6c41,Pneumothorax,on,0.1974133688093602,1.0,0.361363659225162,0.5308838009472551,1.1754592940329378
406,822,787ac5e42fd1ee38,Pneumothorax,off,0.1474837848242523,0.0,0.0081467607261014,0.0156558011235577,0.6192294821690818
406,822,787ac5e42fd1ee38,Pneumothorax,on,0.1474837848242523,0.0,0.0,0.0,-0.4336614231838571
407,850,515b071541fd8afb,Pneumothorax,off,0.2112236792733262,0.0,0.1174945765736487,0.2092670144167743,1.5675127438212524
407,850,515b071541fd8afb,Pneumothorax,on,0.2112236792733262,0.0,0.1621638465673138,0.2790662589476054,1.658981588238067
408,866,7f7981c486c13785,Pneumothorax,off,0.1792026665497127,0.0,0.2938821619935915,0.4521518427500001,1.7482325789923416
408,866,7f7981c486c13785,Pneumothorax,on,0.1792026665497127,0.0,0.2743046910582282,0.4305120364677027,1.6221888135648732
409,884,c12602e668a07ed2,Pneumothorax,off,0.1936952082998309,0.0,0.0319863608270767,0.0612994306559669,0.7463278981949051
409,884,c12602e668a07ed2,Pneumothorax,on,0.1936952082998309,0.0,0.0424093021478691,0.08136712462079,0.3113785385336008
410,889,debf8fe52669bd1f,Pneumothorax,off,0.2012143716893508,0.0,0.0736111934301217,0.1368293564277711,1.341895163957464
410,889,debf8fe52669bd1f,Pneumothorax,on,0.2012143716893508,0.0,0.0909739183830784,0.166775462049028,1.4297684266401944
411,916,481cbda5ec11e46c,Pneumothorax,off,0.1993918395392015,1.0,0.109551794677915,0.1955377941707446,2.516552699917588
411,916,481cbda5ec11e46c,Pneumothorax,on,0.1993918395392015,1.0,0.0680465269880438,0.1274214949178637,2.1247133494739394
412,925,39c315cbbe298bb1,Pneumothorax,off,0.202603199664732,0.0,0.0574878459119993,0.1087219826781492,1.1511075534406414
412,925,39c315cbbe298bb1,Pneumothorax,on,0.202603199664732,0.0,0.0571766777748882,0.1081686213630434,0.8174839430677111
413,940,193ba2b929433519,Pneumothorax,off,0.1571812152488438,0.0,0.2761239413374453,0.4326795256683647,2.0128860211676254
413,940,193ba2b929433519,Pneumothorax,on,0.1571812152488438,0.0,0.2707213691600572,0.4260900803172295,2.506865019698053
414,981,f15cb57b356991a4,Pneumothorax,off,0.2028760921791929,0.0,0.1059727067375568,0.1914939102263923,1.2472514538927293
414,981,f15cb57b356991a4,Pneumothorax,on,0.2028760921791929,0.0,0.1131308660869152,0.2032657892950585,1.1065054150261946
415,988,009742263c8e7733,Pneumothorax,off,0.1872529957263083,0.0,0.3115444064292005,0.4721667822697405,1.9382322619157533
415,988,009742263c8e7733,Pneumothorax,on,0.1872529957263083,0.0,0.2867202031565518,0.445652267584215,1.8012317978893488
416,991,555d178e00bc7c1e,Pneumothorax,off,0.1788712970678674,0.0,0.0226892301829114,0.0433600900109465,1.0302475602708183
416,991,555d178e00bc7c1e,Pneumothorax,on,0.1788712970678674,0.0,0.0364131223485952,0.0702334263556104,0.6943525623244057
417,1036,ca6f95a119b85590,Pneumothorax,off,0.2054442056634942,0.0,0.0624347035162551,0.117251230071072,1.9514807690845253
417,1036,ca6f95a119b85590,Pneumothorax,on,0.2054442056634942,0.0,0.0696601662066424,0.1302464728042763,2.0799074530708093
418,1046,aad8f99bada1cb5d,Pneumothorax,off,0.1929496269656788,1.0,0.27812531711053,0.435120165857502,1.118647497334232
418,1046,aad8f99bada1cb5d,Pneumothorax,on,0.1929496269656788,1.0,0.2847472531947932,0.4432734856755383,0.8553032918975162
419,1047,4d393cd50c54b936,Pneumothorax,off,0.2084508964031792,0.0,0.0406408051348556,0.077712897061057,1.0962600383115535
419,1047,4d393cd50c54b936,Pneumothorax,on,0.2084508964031792,0.0,0.0519380700756959,0.0987469064042018,0.7899170231038398
420,1049,6634689c6ead98e8,Pneumothorax,off,0.1826771730284734,1.0,0.5224077961327536,0.6821380537141132,1.8255750796492256
420,1049,6634689c6ead98e8,Pneumothorax,on,0.1826771730284734,1.0,0.4338742818599361,0.6051695838335717,1.447762411585282
421,1055,0748d125d669cd46,Pneumothorax,off,0.1911124755736834,0.0,0.0189180481445222,0.0371144469051545,1.4944532937649009
421,1055,0748d125d669cd46,Pneumothorax,on,0.1911124755736834,0.0,0.0186334183883882,0.0365849643998335,1.9048555222809649
422,1104,2f16e873dc93d803,Pneumothorax,off,0.1941825163613681,0.0,0.0379486889963152,0.0730396255855742,1.1889781482638395
422,1104,2f16e873dc93d803,Pneumothorax,on,0.1941825163613681,0.0,0.042256974201961,0.0810874277157299,1.0091330368698734
423,1127,d907b10e78a3c460,Pneumothorax,off,0.2378014609495685,0.0,0.0080421184013888,0.0158934274993866,0.9732238356892292
423,1127,d907b10e78a3c460,Pneumothorax,on,0.2378014609495685,0.0,0.007063562936825,0.0140274735985173,0.3883185143219266
424,1135,3485119c4592cd19,Pneumothorax,off,0.2037922313348829,1.0,0.1936733916730597,0.3213100687774403,1.6887157685405494
424,1135,3485119c4592cd19,Pneumothorax,on,0.2037922313348829,1.0,0.2505105316384219,0.4006442280908314,1.9526804300603764
425,1152,15731a6cde76fdc2,Pneumothorax,off,0.1779892694764849,0.0,0.3176574284790252,0.4780830778458373,1.5611998188088083
425,1152,15731a6cde76fdc2,Pneumothorax,on,0.1779892694764849,0.0,0.4023783271678752,0.5738507147736229,1.3435153593755813
426,1158,794c32900dac02b8,Pneumothorax,off,0.2073739455871818,1.0,0.3419033688422088,0.5094232504140337,1.65450708378292
426,1158,794c32900dac02b8,Pneumothorax,on,0.2073739455871818,1.0,0.3312906121261562,0.4976964390968936,1.3445696038448876
427,28,a570482c949ce5cf,Consolidation,off,0.1570837536365364,1.0,0.2199372361619038,0.351814926553007,1.3059751946400442
427,28,a570482c949ce5cf,Consolidation,on,0.1570837536365364,1.0,0.4578784700874981,0.6281270301318828,0.9456287187408896
428,155,ba67098ed4462110,Consolidation,off,0.1471329230199455,1.0,0.3964308912296911,0.5460234055261497,1.9551038566715624
428,155,ba67098ed4462110,Consolidation,on,0.1471329230199455,1.0,0.6853085084521633,0.8132723963748927,1.781854211758964
429,264,0c2af963db3db5b3,Consolidation,off,0.1234351319873884,1.0,0.3463211490322226,0.5006555199941498,2.908422972217559
429,264,0c2af963db3db5b3,Consolidation,on,0.1234351319873884,1.0,0.1743280994119742,0.296881050166714,3.042297912889301
430,290,cc44c54a66347671,Consolidation,off,0.1128654201326452,1.0,0.544414445619528,0.6992099520487081,2.2988707450520223
430,290,cc44c54a66347671,Consolidation,on,0.1128654201326452,1.0,0.7387170859875568,0.8497260974429859,3.0873952628420094
431,390,7d3c20f80e870ec2,Consolidation,off,0.1368799614052015,0.0,0.2367886702555563,0.3818408110681062,1.4399058477101965
431,390,7d3c20f80e870ec2,Consolidation,on,0.1368799614052015,0.0,0.2695228026306308,0.4246047596783587,1.3029994582830828
432,391,9958d21d8d9fe67b,Consolidation,off,0.137723004351661,1.0,0.2585950266602994,0.4060773567692335,0.9674431415064196
432,391,9958d21d8d9fe67b,Consolidation,on,0.137723004351661,1.0,0.3816616630410594,0.5524639835357779,0.7731705119184917
433,462,eaf68dbfa68ef84c,Consolidation,off,0.1803234750912484,0.0,0.2066174610584034,0.3320649656150162,1.3531990287644042
433,462,eaf68dbfa68ef84c,Consolidation,on,0.1803234750912484,0.0,0.3188929601471328,0.4835749665449492,1.0934542545728527
434,467,9204afd0723591d5,Consolidation,off,0.1499885482605538,1.0,0.6314954961716586,0.7688392744576275,2.5549363013009128
434,467,9204afd0723591d5,Consolidation,on,0.1499885482605538,1.0,0.5733827322533598,0.7288226519144584,2.973616527659059
435,481,8c96285409af9413,Consolidation,off,0.1374988426433538,1.0,0.2825539207130688,0.4323808574100029,1.7916396990349506
435,481,8c96285409af9413,Consolidation,on,0.1374988426433538,1.0,0.6355819710501999,0.7771849423216146,1.4747963955962735
436,493,9c731e6925e3a373,Consolidation,off,0.2076517111822581,1.0,0.4251042809448135,0.5796244615767476,1.487762975319993
436,493,9c731e6925e3a373,Consolidation,on,0.2076517111822581,1.0,0.4383416643853629,0.5969951758005319,0.8741958817459298
437,515,566905aac57a9887,Consolidation,off,0.1039135710422057,1.0,0.43297791066402,0.5961744998472784,3.3387019739598958
437,515,566905aac57a9887,Consolidation,on,0.1039135710422057,1.0,0.1521606336025306,0.2640527476941131,3.428009029604699
438,517,6ec825316e840dc6,Consolidation,off,0.139384724841503,1.0,0.1600873489590915,0.2716126124174899,1.1856260868856563
438,517,6ec825316e840dc6,Consolidation,on,0.139384724841503,1.0,0.4041985733003349,0.5756736203291765,0.8805629420313461
439,522,e2775a9e9b9b05d3,Consolidation,off,0.1239370592907718,1.0,0.6817337479608205,0.810290905697548,2.796455322532953
439,522,e2775a9e9b9b05d3,Consolidation,on,0.1239370592907718,1.0,0.6047066201513556,0.7536514979825568,4.094714466806567
440,535,6a0296c529692b25,Consolidation,off,0.1610748066605266,1.0,0.2864728324044793,0.4440429930242756,1.8678160233995644
440,535,6a0296c529692b25,Consolidation,on,0.1610748066605266,1.0,0.2626978153961687,0.4160844951826881,1.9773147302048768
441,560,5d2d21a971eb5670,Consolidation,off,0.1564599993177687,1.0,0.2820634644214465,0.4349391175500659,1.3384246871792878
441,560,5d2d21a971eb5670,Consolidation,on,0.1564599993177687,1.0,0.422181056013046,0.5936988078697396,0.8681265593628816
442,561,fbc80b00ea93a76d,Consolidation,off,0.1311540916821387,1.0,0.4117079187250397,0.5789847762313128,2.3124529356515966
442,561,fbc80b00ea93a76d,Consolidation,on,0.1311540916821387,1.0,0.326946344372244,0.4927579911201811,3.0853103623195417
443,569,0bfd45dece853b5b,Consolidation,off,0.1338976360685934,1.0,0.689893433789716,0.8133419722641859,2.6160382444190797
443,569,0bfd45dece853b5b,Consolidation,on,0.1338976360685934,1.0,0.7376475164416545,0.8489907116625941,4.944615535704888
444,570,fd4f48c668b17706,Consolidation,off,0.1116520230594174,0.0,0.2077462540556371,0.3403349399170043,1.7797131728559945
444,570,fd4f48c668b17706,Consolidation,on,0.1116520230594174,0.0,0.2560636527943437,0.4077138231551618,2.5968657289463843
445,574,a8e3c4f43e541154,Consolidation,off,0.1315975420181376,1.0,0.3891909393343536,0.5569213401113358,1.0669427946445214
445,574,a8e3c4f43e541154,Consolidation,on,0.1315975420181376,1.0,0.475464919959557,0.6444943376936778,0.983064886169498
446,584,b2c46c4046f49e51,Consolidation,off,0.1441457246027221,1.0,0.3839131685286173,0.5409552279083749,1.8352538880699056
446,584,b2c46c4046f49e51,Consolidation,on,0.1441457246027221,1.0,0.6786968837522689,0.8085965023509492,1.6766491350856354
447,608,225e15fe6310d743,Consolidation,off,0.1000394719529845,1.0,0.3184910354865281,0.4756111656942556,3.253410840058175
447,608,225e15fe6310d743,Consolidation,on,0.1000394719529845,1.0,0.1721462143528702,0.2937182705286892,3.392704668471073
448,615,366cb9cb3bb951f1,Consolidation,off,0.1190249940304762,1.0,0.5427870717286392,0.7032082925317613,2.046755454182394
448,615,366cb9cb3bb951f1,Consolidation,on,0.1190249940304762,1.0,0.5677877632814294,0.7243159409589011,2.280914510318499
449,616,e22c3e000c4e88fe,Consolidation,off,0.1510606259959358,1.0,0.3174014956300061,0.4775481451139911,1.4206464866775068
449,616,e22c3e000c4e88fe,Consolidation,on,0.1510606259959358,1.0,0.4665426160151843,0.6362432040031931,0.9418274330630826
450,633,b9ced1f944e75887,Consolidation,off,0.1584189777251485,1.0,0.3000595416467119,0.4550333073538411,2.755371610313185
450,633,b9ced1f944e75887,Consolidation,on,0.1584189777251485,1.0,0.2202914048662174,0.3610375957441371,2.680467378018298
451,636,b01b91f217819dee,Consolidation,off,0.130491352718448,1.0,0.414411596311011,0.585585929624383,2.2225205747055616
451,636,b01b91f217819dee,Consolidation,on,0.130491352718448,1.0,0.2457531722246679,0.3945323890742129,2.313436132857636
452,643,6afdc26213cbad6c,Consolidation,off,0.1640814974002115,1.0,0.5425044717618881,0.6993862710182751,2.111065235862919
452,643,6afdc26213cbad6c,Consolidation,on,0.1640814974002115,1.0,0.6592876453739471,0.7946632387581603,1.738213038213007
453,645,3b0cd1a00fe5ab83,Consolidation,off,0.1459049067048716,1.0,0.466612335814191,0.6351038257903099,2.5277942051003603
453,645,3b0cd1a00fe5ab83,Consolidation,on,0.1459049067048716,1.0,0.2861547822971211,0.4449583126481921,2.905480292599093
454,646,9523a52edd5e2cb2,Consolidation,off,0.1356080873645892,0.0,0.3431275407534827,0.5055476873476472,2.0888628906972246
454,646,9523a52edd5e2cb2,Consolidation,on,0.1356080873645892,0.0,0.4727913060687803,0.6420298638434876,2.7065285869591045
455,655,57cc42476bc58a45,Consolidation,off,0.1275431389461475,1.0,0.4253642195172337,0.5922802358814786,3.126112989527398
455,655,57cc42476bc58a45,Consolidation,on,0.1275431389461475,1.0,0.1915474921014064,0.3214511166922716,3.101210821555818
456,663,318d6d46d9b1cbfe,Consolidation,off,0.1461290684131787,1.0,0.1773297266682169,0.2975426858308784,1.0152153041541228
456,663,318d6d46d9b1cbfe,Consolidation,on,0.1461290684131787,1.0,0.3523237204094652,0.5210393906284082,0.7302546210692069
457,664,a77657cf1d66efeb,Consolidation,off,0.1569034496537676,1.0,0.3101870935420151,0.4693647407122796,1.7673434791610525
457,664,a77657cf1d66efeb,Consolidation,on,0.1569034496537676,1.0,0.3617564846793931,0.5313074173474897,1.7206186521365625
458,665,f882c58f4f53f944,Consolidation,off,0.1553538100180791,1.0,0.495569844239523,0.6577150839406463,1.7264821328993616
458,665,f882c58f4f53f944,Consolidation,on,0.1553538100180791,1.0,0.623881647803975,0.768381909152551,1.4670436055990033
459,666,3a2942da2da9a581,Consolidation,off,0.1709184295035792,1.0,0.4497003810110181,0.6148882127271001,1.836357579193837
459,666,3a2942da2da9a581,Consolidation,on,0.1709184295035792,1.0,0.5786189251347533,0.733069603000861,1.498764557858527
460,672,b981be74894de22a,Consolidation,off,0.1187569745966307,1.0,0.411057541538905,0.5746600392365754,0.984931521619442
460,672,b981be74894de22a,Consolidation,on,0.1187569745966307,1.0,0.5137861274815296,0.6787958653813312,1.1919425240464332
461,697,6c78ef6d944d3f83,Consolidation,off,0.1455540449005647,1.0,0.5090374335862687,0.6741900402344703,1.7009361316534417
461,697,6c78ef6d944d3f83,Consolidation,on,0.1455540449005647,1.0,0.5235062961062721,0.6872362872279665,1.4668798259482816
462,700,e54914530f4e5858,Consolidation,off,0.1121295849597239,0.0,0.1442963604037032,0.2515158253605002,1.4649573693479183
462,700,e54914530f4e5858,Consolidation,on,0.1121295849597239,0.0,0.1717642944343998,0.2931697801442908,1.5080998077962169
463,702,25a61b8420e7fe65,Consolidation,off,0.1452372946605655,1.0,0.1917968200922842,0.3203543649030144,1.1037004073325345
463,702,25a61b8420e7fe65,Consolidation,on,0.1452372946605655,1.0,0.2508623605902044,0.4011027659728349,0.7927783674548909
464,708,96f41434652764ac,Consolidation,off,0.1765955684204883,1.0,0.2576610143986578,0.4062869379234782,1.780598588340321
464,708,96f41434652764ac,Consolidation,on,0.1765955684204883,1.0,0.3022634246300862,0.4642080438513429,1.6515467714246126
465,713,9febde28b37da9ca,Consolidation,off,0.1246485290606162,1.0,0.1939708671304823,0.3186978337440583,0.8630735813395856
465,713,9febde28b37da9ca,Consolidation,on,0.1246485290606162,1.0,0.3963182300795498,0.5676518183282899,0.8213928942359431
466,723,16b3c75128d0e2b7,Consolidation,off,0.1778528232192545,1.0,0.2649339781672838,0.4135337500404565,1.2557282906318958
466,723,16b3c75128d0e2b7,Consolidation,on,0.1778528232192545,1.0,0.2744756301479976,0.4264329899497784,0.9392899089442206
467,726,34b6451794687173,Consolidation,off,0.1498715943257849,1.0,0.7060097434681736,0.8252516908251734,2.851247101943203
467,726,34b6451794687173,Consolidation,on,0.1498715943257849,1.0,0.6258523213164573,0.7698558751776159,3.502814855289003
468,746,1858786fb0104114,Consolidation,off,0.1163594189338674,1.0,0.5516087058638588,0.7029726954117484,2.3626841030504013
468,746,1858786fb0104114,Consolidation,on,0.1163594189338674,1.0,0.6457149248546326,0.7847104671579868,3.304534619237923
469,747,9edfec1897db1848,Consolidation,off,0.1327768275270577,1.0,0.5349632284141876,0.6940825644261293,2.1978954204090275
469,747,9edfec1897db1848,Consolidation,on,0.1327768275270577,1.0,0.328882995988293,0.4948757857261464,2.793958680411341
470,753,4234a6fc45a40e5f,Consolidation,off,0.1459877490753329,1.0,0.2482063276903258,0.3868805373329979,2.24577362465591
470,753,4234a6fc45a40e5f,Consolidation,on,0.1459877490753329,1.0,0.131761569081498,0.2328050817586948,2.796353773840999
471,767,8d02fb4e96fdfef7,Consolidation,off,0.1270801962876871,1.0,0.3292240358855575,0.4847095724113003,3.033033448035684
471,767,8d02fb4e96fdfef7,Consolidation,on,0.1270801962876871,1.0,0.1652342255270208,0.2835734751762773,3.01431367053906
472,771,62f1a81c8f18443c,Consolidation,off,0.1593546092033,1.0,0.3624334366799645,0.5269676140789389,1.2978680602871353
472,771,62f1a81c8f18443c,Consolidation,on,0.1593546092033,1.0,0.4553504141913254,0.6257533384471395,0.9278712634037032
473,781,401672585661dd1d,Consolidation,off,0.1705042176512726,1.0,0.4433873929008568,0.6104748760811963,1.7734394815336378
473,781,401672585661dd1d,Consolidation,on,0.1705042176512726,1.0,0.5279436964504284,0.6910427580707236,1.1024470982408527
474,795,5029aee0e9c572fa,Consolidation,off,0.1196000175430902,1.0,0.5014114157004173,0.6668706376160796,1.100226731950836
474,795,5029aee0e9c572fa,Consolidation,on,0.1196000175430902,1.0,0.4191208355051253,0.5906620495660013,1.2866842900677125
475,805,2e8aac35ec38a7ab,Consolidation,off,0.118956770901861,1.0,0.2139038435652056,0.3454677228874321,1.1158264831740046
475,805,2e8aac35ec38a7ab,Consolidation,on,0.118956770901861,1.0,0.4618784429673498,0.6318842953968764,0.9921078930380408
476,809,a261584c8fbb576f,Consolidation,off,0.1629801811811372,1.0,0.3321500741892178,0.4924556603049329,1.412748349953599
476,809,a261584c8fbb576f,Consolidation,on,0.1629801811811372,1.0,0.4636501095174168,0.6335390171540101,0.9773824100196368
477,828,412bc3003e46d430,Consolidation,off,0.1899575554678401,0.0,0.0855663392650624,0.1575090952138239,1.4500212927925695
477,828,412bc3003e46d430,Consolidation,on,0.1899575554678401,0.0,0.0827460705263421,0.1528445423030314,1.243920265461434
478,831,d9f965aa6ea5cf7f,Consolidation,off,0.1377863543996608,1.0,0.3189484126984127,0.4774339437381812,1.66271206809981
478,831,d9f965aa6ea5cf7f,Consolidation,on,0.1377863543996608,1.0,0.5931357829907397,0.7445910038287585,1.3060190401915863
479,834,0883fbcd6ee1ea30,Consolidation,off,0.1425473541608798,1.0,0.1818056951169319,0.3045135200516655,0.7957233601528201
479,834,0883fbcd6ee1ea30,Consolidation,on,0.1425473541608798,1.0,0.3826974932746206,0.5535237154074993,0.8112121909327121
480,839,faa9569ebbe0f9c1,Consolidation,off,0.1414947687479594,1.0,0.363782101188483,0.5229797994050355,1.3503753741462972
480,839,faa9569ebbe0f9c1,Consolidation,on,0.1414947687479594,1.0,0.4280076948438994,0.5994050404370018,1.297674127731583
481,845,4342545b77359fb5,Consolidation,off,0.1312564263750615,1.0,0.3348500866300475,0.4853173395944647,2.417069495224531
481,845,4342545b77359fb5,Consolidation,on,0.1312564263750615,1.0,0.2013837105918989,0.3352261219709838,2.996383751274134
482,859,d8cc11c0d6fc40a9,Consolidation,off,0.1599978558445292,1.0,0.4668079288260508,0.635579081882711,1.729656509260023
482,859,d8cc11c0d6fc40a9,Consolidation,on,0.1599978558445292,1.0,0.4911354941171628,0.6587401675219265,1.3436413010226105
483,862,5c3c4c028b21c939,Consolidation,off,0.1493599208611708,1.0,0.4724239744284338,0.640726189849734,2.1110653559585195
483,862,5c3c4c028b21c939,Consolidation,on,0.1493599208611708,1.0,0.4832207970435856,0.6515783790591178,2.197928274657365
484,864,bdacdcb26faebfe0,Consolidation,off,0.0977734894668362,1.0,0.6325506609170917,0.7716281416590911,3.1027282664041747
484,864,bdacdcb26faebfe0,Consolidation,on,0.0977734894668362,1.0,0.346576142993066,0.5147011897025502,3.8933662221575194
485,873,fcc6cf25e734d353,Consolidation,off,0.1393018824710417,1.0,0.2766256532380763,0.4287906645822464,1.3424221523820308
485,873,fcc6cf25e734d353,Consolidation,on,0.1393018824710417,1.0,0.4551794375693229,0.6255777435136712,0.9745070321787598
486,874,2f8c1ad1a08b33f0,Consolidation,off,0.139594267307964,1.0,0.3410496493601926,0.5045827670577709,1.8076987040061527
486,874,2f8c1ad1a08b33f0,Consolidation,on,0.139594267307964,1.0,0.4189198002183394,0.5904753012616208,1.8059375692052893
487,875,13914e356156cdbc,Consolidation,off,0.1096443138458839,1.0,0.3912044242068237,0.5558728646581748,1.8515079238563457
487,875,13914e356156cdbc,Consolidation,on,0.1096443138458839,1.0,0.5958478861269836,0.7467473979024798,2.0428633290148435
488,876,8f6bc0764cb909a2,Consolidation,off,0.1606898332919121,1.0,0.2663437839262165,0.4130673726735219,1.9544997943511813
488,876,8f6bc0764cb909a2,Consolidation,on,0.1606898332919121,1.0,0.2066913124607622,0.3425618112912207,2.219798843759041
489,883,2a297ecb96cbdf5e,Consolidation,off,0.1492088553620942,1.0,0.4738256378569274,0.6414291574384275,1.9264392633899563
489,883,2a297ecb96cbdf5e,Consolidation,on,0.1492088553620942,1.0,0.4606773175653841,0.6307673304064356,1.8651606474093625
490,885,ecc8fa1a45887b14,Consolidation,off,0.1750751672684921,1.0,0.5122322910206514,0.676344300910898,1.666365095814976
490,885,ecc8fa1a45887b14,Consolidation,on,0.1750751672684921,1.0,0.5631776902221912,0.7205548724834296,1.5295790078754363
491,886,0e6c4727d672f341,Consolidation,off,0.1711572104537325,1.0,0.4640248626852751,0.6338225336820471,1.723889529728436
491,886,0e6c4727d672f341,Consolidation,on,0.1711572104537325,1.0,0.4713963427583302,0.6407469116620016,1.3906887747636436
492,899,1e0761e8352e8e7a,Consolidation,off,0.1291171439849129,1.0,0.608166527541887,0.7536676430722311,2.110679365146257
492,899,1e0761e8352e8e7a,Consolidation,on,0.1291171439849129,1.0,0.6585948850057611,0.7941571294678271,2.040741348991763
493,923,9e0f921c7684ff3a,Consolidation,off,0.1356470720095122,1.0,0.2878658108953179,0.4400101186179387,1.4817160191697891
493,923,9e0f921c7684ff3a,Consolidation,on,0.1356470720095122,1.0,0.2210856349151546,0.3621045909673657,1.3361800459842894
494,931,51a3708674a10295,Consolidation,off,0.1292633364033741,1.0,0.6246908709806389,0.7683293056150684,2.931022351673426
494,931,51a3708674a10295,Consolidation,on,0.1292633364033741,1.0,0.42783305380333,0.59923405045699,3.538412193859379
495,935,ba3866d683193aa0,Consolidation,off,0.1323431233522896,1.0,0.4210446427384893,0.5884223399540769,2.435050654550852
495,935,ba3866d683193aa0,Consolidation,on,0.1323431233522896,1.0,0.2100684044020511,0.3471748793077477,2.7222629123084454
496,942,82c85fc4dd874b40,Consolidation,off,0.1342923555984386,1.0,0.4663782634328412,0.6261627486258935,2.049845699636638
496,942,82c85fc4dd874b40,Consolidation,on,0.1342923555984386,1.0,0.6361531068708829,0.7775534835703736,3.056620636426433
497,946,a677aa1f5b36b700,Consolidation,off,0.1280791778138385,1.0,0.1788236925103108,0.3000132847243769,0.943259158141892
497,946,a677aa1f5b36b700,Consolidation,on,0.1280791778138385,1.0,0.3821236199255825,0.5529372086769256,0.8016810371968403
498,948,86e3166f932d743b,Consolidation,off,0.1253502526692299,1.0,0.200537032585584,0.3314319975189015,0.9508354469904448
498,948,86e3166f932d743b,Consolidation,on,0.1253502526692299,1.0,0.3680562925134054,0.5380660075974926,0.751363616991448
499,958,18a81f0eb7e51290,Consolidation,off,0.1585846624660711,1.0,0.1573084527986759,0.2690607518705995,0.4302094353988432
499,958,18a81f0eb7e51290,Consolidation,on,0.1585846624660711,1.0,0.1721835082972813,0.29377210308328,0.5812926748102017
500,964,8397370f06feee51,Consolidation,off,0.1348478867885911,1.0,0.2842950231554962,0.4401617973918,1.2307918855975142
500,964,8397370f06feee51,Consolidation,on,0.1348478867885911,1.0,0.5053284169944086,0.6713814304770915,1.0993956996733274
501,965,8377ec046dff9195,Consolidation,off,0.177219322739256,1.0,0.4956952194963285,0.6480079263924426,2.8694766735081507
501,965,8377ec046dff9195,Consolidation,on,0.177219322739256,1.0,0.1615973563258936,0.2782073978448193,2.478286336839679
502,968,82dc03895b02069c,Consolidation,off,0.1391898016168881,1.0,0.5877951067604359,0.7330115644420114,3.1023015976166377
502,968,82dc03895b02069c,Consolidation,on,0.1391898016168881,1.0,0.3077663829702756,0.4706599570481164,3.0795757288439702
503,986,704c28a31e97e69f,Consolidation,off,0.142064919179958,1.0,0.4669210263469867,0.6326145248451532,1.7583521159180568
503,986,704c28a31e97e69f,Consolidation,on,0.142064919179958,1.0,0.5652398906478977,0.7222404665458995,1.6103293284032103
504,990,5d20a85044d09721,Consolidation,off,0.137567065771969,1.0,0.391318771938948,0.5559806297971556,2.667820773253701
504,990,5d20a85044d09721,Consolidation,on,0.137567065771969,1.0,0.1764397970718184,0.2999236598674528,2.9006786083109803
505,993,80ce437091158308,Consolidation,off,0.1865415259564639,1.0,0.4018761582178455,0.5625887923498882,1.5322376929984405
505,993,80ce437091158308,Consolidation,on,0.1865415259564639,1.0,0.5268183591504987,0.6900722506771185,1.1042555727192722
506,1009,433b8e95e8312da9,Consolidation,off,0.1245510674483088,1.0,0.5850700479314059,0.7382050969438838,2.6077537820375603
506,1009,433b8e95e8312da9,Consolidation,on,0.1245510674483088,1.0,0.5600969468640187,0.7180212159829635,3.872579125126277
507,1015,3c0096e17cc2688d,Consolidation,off,0.165187686699901,1.0,0.2563303533418476,0.4046223158602746,1.1956832157382828
507,1015,3c0096e17cc2688d,Consolidation,on,0.165187686699901,1.0,0.3545657726692209,0.5235035994841799,0.7691364169724206
508,1030,838d7b8777c24cdc,Consolidation,off,0.1105019760341895,1.0,0.4522316912408856,0.6195325620579357,2.034574553075875
508,1030,838d7b8777c24cdc,Consolidation,on,0.1105019760341895,1.0,0.494008625325925,0.6613037139887685,2.307400614416398
509,1033,cdc87877c8b61123,Consolidation,off,0.1276454736390704,1.0,0.6171091547676113,0.7510384404806277,3.4940242235192067
509,1033,cdc87877c8b61123,Consolidation,on,0.1276454736390704,1.0,0.2391335851772797,0.3859348347806618,3.124774654715716
510,1037,4843d8df6c691692,Consolidation,off,0.1457830796894873,1.0,0.469486725247178,0.6297386602875557,2.053099334011412
510,1037,4843d8df6c691692,Consolidation,on,0.1457830796894873,1.0,0.6963236722344088,0.8209760476302369,1.830692066974423
511,1063,4e355df0db0e824f,Consolidation,off,0.1074075698434279,1.0,0.5733513863678923,0.7282114146695662,2.94708180281104
511,1063,4e355df0db0e824f,Consolidation,on,0.1074075698434279,1.0,0.4328247123574735,0.6041488636389769,3.377709058873613
512,1072,2b4752466d7dbab3,Consolidation,off,0.1300673947049106,1.0,0.6419323293477738,0.7789353606176178,2.10234918644516
512,1072,2b4752466d7dbab3,Consolidation,on,0.1300673947049106,1.0,0.7147800622805545,0.8336689323467675,2.185855579914472
513,1073,77a9f576918dc347,Consolidation,off,0.1253843642335375,1.0,0.5791161101338148,0.7302287795469047,2.029757713922336
513,1073,77a9f576918dc347,Consolidation,on,0.1253843642335375,1.0,0.6782279269457303,0.808266275666926,1.998283876777445
514,1074,6499d2e766d3c4db,Consolidation,off,0.1613087145300644,1.0,0.3148160537280794,0.4722162680152678,1.4510498349442376
514,1074,6499d2e766d3c4db,Consolidation,on,0.1613087145300644,1.0,0.476846910007084,0.6457436984644881,0.9992464606219208
515,1076,8807b14d7d5f1828,Consolidation,off,0.1393018824710417,1.0,0.7382725207265248,0.8483908913461253,2.70921195374372
515,1076,8807b14d7d5f1828,Consolidation,on,0.1393018824710417,1.0,0.6928313867389617,0.8185314247786073,4.082154586588291
516,1098,d1599ddf61852654,Consolidation,off,0.1823360573853973,1.0,0.2794376138433516,0.4290554909018635,1.277119753818529
516,1098,d1599ddf61852654,Consolidation,on,0.1823360573853973,1.0,0.4165319600308975,0.5880879099412677,0.8841607869380608
517,1121,3802c59c7fb1822d,Consolidation,off,0.1046055484895886,1.0,0.3115837174112295,0.4748455274779003,2.2882475282492627
517,1121,3802c59c7fb1822d,Consolidation,on,0.1046055484895886,1.0,0.2299721460682768,0.3739377876418461,3.1184305351007144
518,1123,c32e7ffef11280ca,Consolidation,off,0.151625903347319,1.0,0.332793701054954,0.4799101433085749,2.0793702361748574
518,1123,c32e7ffef11280ca,Consolidation,on,0.151625903347319,1.0,0.2101740768395727,0.3472412194447749,2.8666085882847625
519,1131,252929b7917291e3,Consolidation,off,0.1525322963417784,1.0,0.4945114140324296,0.6608364503194205,2.490452620767008
519,1131,252929b7917291e3,Consolidation,on,0.1525322963417784,1.0,0.3941821145417191,0.5654560320890722,2.8346900849202283
520,1137,48f46950c6af780a,Consolidation,off,0.1477371850162517,1.0,0.5183553207222431,0.6734319321147416,2.002389778238681
520,1137,48f46950c6af780a,Consolidation,on,0.1477371850162517,1.0,0.6978860695040462,0.822064559561918,1.7778886285633395
521,1156,41875f28d1a6bb51,Consolidation,off,0.1861565525878494,1.0,0.2665257704640754,0.4118527343394061,1.1372141428806908
521,1156,41875f28d1a6bb51,Consolidation,on,0.1861565525878494,1.0,0.4075205813915289,0.5790362004224388,0.8569217009938211
522,4,b4cdf6d04b4a2062,Atelectasis,off,0.1016524616366728,1.0,0.3212890622694705,0.4862152696651078,1.5224353390931624
522,4,b4cdf6d04b4a2062,Atelectasis,on,0.1016524616366728,1.0,0.4494914999888539,0.6202057151390268,1.8027134509667009
523,186,377c879691fc477e,Atelectasis,off,0.1329327661067497,1.0,0.5021306469116145,0.6615118890778058,1.7199457750014928
523,186,377c879691fc477e,Atelectasis,on,0.1329327661067497,1.0,0.5780532849092691,0.7326135545596912,1.7748047569048606
524,205,defa3fe8fbd3bc01,Atelectasis,off,0.1341900209055158,1.0,0.3574630058145199,0.5232704291418855,1.494197985621388
524,205,defa3fe8fbd3bc01,Atelectasis,on,0.1341900209055158,1.0,0.4877671807650091,0.655698005565078,1.111495839937377
525,286,b1c55e29c4405de2,Atelectasis,off,0.1313685072292151,1.0,0.4140611486516043,0.5810675490798729,2.0371953485975327
525,286,b1c55e29c4405de2,Atelectasis,on,0.1313685072292151,1.0,0.6728186779162699,0.8044126888550979,2.2978890659045423
526,347,0d910e15cf3df18e,Atelectasis,off,0.1569521804599213,1.0,0.3746624184248331,0.5406470471999125,1.2826359582733584
526,347,0d910e15cf3df18e,Atelectasis,on,0.1569521804599213,1.0,0.4971039566716133,0.6640840810600002,1.0081583155379148
527,434,08de60a4a7687ffe,Atelectasis,off,0.1283618164895301,1.0,0.7043813324882577,0.8209898314015044,2.659221324463203
527,434,08de60a4a7687ffe,Atelectasis,on,0.1283618164895301,1.0,0.6942434622362951,0.8195045318288706,4.821664539452724
528,445,06ba8137b7b55507,Atelectasis,off,0.2246685086911392,0.0,0.1337091897798112,0.2358275942564175,0.8957178971632878
528,445,06ba8137b7b55507,Atelectasis,on,0.2246685086911392,0.0,0.1299308870567347,0.2299801247240916,0.4598616071239992
529,451,3f66ef83bae0f84d,Atelectasis,off,0.1751677558001842,1.0,0.2708283958324544,0.4243757190332144,1.6892945653558644
529,451,3f66ef83bae0f84d,Atelectasis,on,0.1751677558001842,1.0,0.2304764917385659,0.3746074231556288,1.6135040519475845
530,460,0d8a5ccd0a4db0f8,Atelectasis,off,0.1654654522949773,1.0,0.3476192962121873,0.5151916886256107,1.366982280705828
530,460,0d8a5ccd0a4db0f8,Atelectasis,on,0.1654654522949773,1.0,0.3404100173310185,0.5079186329831479,0.9978335071453313
531,470,92fcdf6ded710162,Atelectasis,off,0.132192057853213,1.0,0.3155927520512709,0.4771714560070709,1.5402680122658945
531,470,92fcdf6ded710162,Atelectasis,on,0.132192057853213,1.0,0.2995550627759612,0.4610033947135109,1.5379097917913291
532,478,51426c9cde48119b,Atelectasis,off,0.1605095293091433,1.0,0.335960182447428,0.4961083727341452,1.129770089811617
532,478,51426c9cde48119b,Atelectasis,on,0.1605095293091433,1.0,0.4767416439923339,0.6456562723619191,0.9791284277861174
533,494,1db4456ab63d12f3,Atelectasis,off,0.1199752447504739,1.0,0.6949455484917977,0.8184925797472371,2.9735430970697707
533,494,1db4456ab63d12f3,Atelectasis,on,0.1199752447504739,1.0,0.5350908062030947,0.6971323549523343,3.490063333623263
534,499,c8db963e82f7c785,Atelectasis,off,0.142522988757803,1.0,0.433812126257569,0.5912575158163976,2.039109297038578
534,499,c8db963e82f7c785,Atelectasis,on,0.142522988757803,1.0,0.6834108223969955,0.8119355611413953,1.9341788836430664
535,508,b6cd6a1cabc0249f,Atelectasis,off,0.1458756682211794,1.0,0.2977347092876919,0.4485760220842497,1.5907788943082264
535,508,b6cd6a1cabc0249f,Atelectasis,on,0.1458756682211794,1.0,0.6021499362235018,0.7516597042112972,1.3264087110460467
536,512,ecc77d5112e864b4,Atelectasis,off,0.1718443148205,1.0,0.4860474919617007,0.650278748956332,1.605961322751702
536,512,ecc77d5112e864b4,Atelectasis,on,0.1718443148205,1.0,0.5580308915473999,0.7163264153899369,1.1871849024840233
537,518,1c10dc1ba26ea979,Atelectasis,off,0.1138936401424888,1.0,0.5281292891013626,0.6815839946063249,2.028411234111327
537,518,1c10dc1ba26ea979,Atelectasis,on,0.1138936401424888,1.0,0.6023580883560475,0.7518139087943015,2.3974095422505264
538,565,86181433d554299d,Atelectasis,off,0.1506074294987062,1.0,0.5949556039721284,0.7412795889350283,1.6728941329866789
538,565,86181433d554299d,Atelectasis,on,0.1506074294987062,1.0,0.639468718668017,0.7800632230742158,1.748781431024476
539,587,167f02788875e917,Atelectasis,off,0.146002368317179,1.0,0.4029021140876988,0.574147768821209,2.2152098017356217
539,587,167f02788875e917,Atelectasis,on,0.146002368317179,1.0,0.3578199383968557,0.5270428052168119,2.7679994361086155
540,588,c0e12f25e6c003f9,Atelectasis,off,0.1263784726790735,1.0,0.3380366792729755,0.4978018757283274,1.4264352573806214
540,588,c0e12f25e6c003f9,Atelectasis,on,0.1263784726790735,1.0,0.5871849852323863,0.7399030699202706,1.2950857515460403
541,592,e7b6ae7af6d75ad6,Atelectasis,off,0.1332787548304411,1.0,0.4402018966406787,0.6075515388037576,1.7357076031079794
541,592,e7b6ae7af6d75ad6,Atelectasis,on,0.1332787548304411,1.0,0.5123517044828325,0.677542045277381,1.7780308966735845
542,597,11d809a52453db0a,Atelectasis,off,0.1489018512833257,1.0,0.2819931932133594,0.4387923007221163,0.7237504536765518
542,597,11d809a52453db0a,Atelectasis,on,0.1489018512833257,1.0,0.3462856800570745,0.5144310403230793,0.7236727204005832
543,603,1f38204277c319ea,Atelectasis,off,0.1181137279554015,1.0,0.5177268149518941,0.6819773379100693,2.62062446882062
543,603,1f38204277c319ea,Atelectasis,on,0.1181137279554015,1.0,0.3601083896884704,0.5295096961882726,3.356044031774098
544,606,869cfbde90c5be3f,Atelectasis,off,0.1072906159086589,1.0,0.4274491976631559,0.5955592478156227,3.482852363138764
544,606,869cfbde90c5be3f,Atelectasis,on,0.1072906159086589,1.0,0.1345183978165323,0.2371169213076935,3.2475072902505704
545,612,0a51eadd62ea7d37,Atelectasis,off,0.1283179587639918,1.0,0.5560003654717406,0.7112247950844873,2.0480957142536145
545,612,0a51eadd62ea7d37,Atelectasis,on,0.1283179587639918,1.0,0.6508080699129688,0.7884712686188627,1.997466739749116
546,621,9a42d6a21dfeba0c,Atelectasis,off,0.1555389870814633,1.0,0.2847765026869318,0.4321053077119636,3.2789811923679486
546,621,9a42d6a21dfeba0c,Atelectasis,on,0.1555389870814633,1.0,0.0906910578819757,0.1662926497260383,2.5572790742839486
547,634,5b3115c94b2fd4f5,Atelectasis,off,0.1210570686470866,1.0,0.5426218488643089,0.7030985872180974,2.4302606437780425
547,634,5b3115c94b2fd4f5,Atelectasis,on,0.1210570686470866,1.0,0.409954025389875,0.5814888979338624,2.6005392960972182
548,678,8839052d4b213766,Atelectasis,off,0.1589452704316087,1.0,0.4142656307344864,0.5798494071815512,1.7855489361379406
548,678,8839052d4b213766,Atelectasis,on,0.1589452704316087,1.0,0.5824983451820367,0.7361753130915503,1.4360489368279807
549,683,f0f9f475b6f58c7a,Atelectasis,off,0.1116130384144944,1.0,0.1894895019585825,0.315401879795406,0.486011543127105
549,683,f0f9f475b6f58c7a,Atelectasis,on,0.1116130384144944,1.0,0.341584749173673,0.5092231010673409,0.7081367753281954
550,695,3ea211b9320b58ab,Atelectasis,off,0.1547203095380807,1.0,0.4239829923133112,0.5920839983888089,2.655423682763636
550,695,3ea211b9320b58ab,Atelectasis,on,0.1547203095380807,1.0,0.3124716691329205,0.4761494903054299,2.6767922720114687
551,748,a541f9ed0bf11bb3,Atelectasis,off,0.1511873260919355,1.0,0.2326997482872815,0.3756297618242515,1.5649949745130745
551,748,a541f9ed0bf11bb3,Atelectasis,on,0.1511873260919355,1.0,0.2985108209920719,0.4597721588136149,1.6456597839726048
552,752,f0176f93c5b15c7a,Atelectasis,off,0.1176946430224795,1.0,0.5582161326842829,0.7143965597661803,2.573982591503284
552,752,f0176f93c5b15c7a,Atelectasis,on,0.1176946430224795,1.0,0.5012271262165734,0.6677365635751886,3.472691247933015
553,762,9ccf55673ed4000d,Atelectasis,off,0.0981925743997583,1.0,0.6762660405896036,0.8039937697753249,3.135246109468476
553,762,9ccf55673ed4000d,Atelectasis,on,0.0981925743997583,1.0,0.4592270991780463,0.6293686939837524,4.237885009513349
554,787,ae3f08592ef8ad5e,Atelectasis,off,0.1673220960094343,1.0,0.1372133994205694,0.2412405674776413,1.0227106823723755
554,787,ae3f08592ef8ad5e,Atelectasis,on,0.1673220960094343,1.0,0.1285169345467616,0.2277609417104794,0.6293721035526066
555,789,318d8e445e8ecf5e,Atelectasis,off,0.1248580715270772,1.0,0.1463874803748463,0.2546015430465645,0.313689392621593
555,789,318d8e445e8ecf5e,Atelectasis,on,0.1248580715270772,1.0,0.2065815717547174,0.3424206972343208,0.4153133893858142
556,797,a9dfbf9d846f90fd,Atelectasis,off,0.1427617697079563,1.0,0.2793899086978991,0.4324761353611123,1.1562645565339789
556,797,a9dfbf9d846f90fd,Atelectasis,on,0.1427617697079563,1.0,0.3612702854239588,0.5307827673457245,0.9154119908635986
557,803,984b40c082cd3573,Atelectasis,off,0.1274066926889171,1.0,0.4198682555288508,0.5891034668838319,1.5191642035974469
557,803,984b40c082cd3573,Atelectasis,on,0.1274066926889171,1.0,0.5504401231760288,0.7100397817428903,1.3580721382386136
558,824,385b8a59b4f6e451,Atelectasis,off,0.1782329235072536,1.0,0.4893677895708352,0.6531897385330495,1.874400328128256
558,824,385b8a59b4f6e451,Atelectasis,on,0.1782329235072536,1.0,0.5544593139516998,0.7133706823012946,1.165261279487852
559,837,0e7903057b618889,Atelectasis,off,0.1491503783947098,1.0,0.5526483932945594,0.7102800787212897,2.0623825771703173
559,837,0e7903057b618889,Atelectasis,on,0.1491503783947098,1.0,0.4585360335790825,0.6287482355568,2.1012513805488497
560,841,77941632e67bb3a4,Atelectasis,off,0.1187131168710924,1.0,0.3617115879326967,0.530096972535526,1.8573812696482657
560,841,77941632e67bb3a4,Atelectasis,on,0.1187131168710924,1.0,0.31335964363629,0.4771585042961441,2.253550520102144
561,847,ca5639aa02e0db66,Atelectasis,off,0.1111793342397263,1.0,0.2830051008068556,0.440569812235447,1.764185536713044
561,847,ca5639aa02e0db66,Atelectasis,on,0.1111793342397263,1.0,0.1891893387018016,0.3181730115037836,1.85836294656766
562,852,dac1670e41cf55a3,Atelectasis,off,0.1674877807503569,1.0,0.3438573219565969,0.5001032222985222,1.4616287676429192
562,852,dac1670e41cf55a3,Atelectasis,on,0.1674877807503569,1.0,0.5622595086988053,0.7197991354827015,1.1966047119403544
563,869,09c4bd6ce78609be,Atelectasis,off,0.1286395820846064,1.0,0.3972771824103316,0.5649785485001244,1.5752070691067244
563,869,09c4bd6ce78609be,Atelectasis,on,0.1286395820846064,1.0,0.5512993552074615,0.7107577298787827,1.511738233193083
564,897,02cb75ca53972049,Atelectasis,off,0.1266416190323036,1.0,0.4349478798943755,0.6012815856100893,1.6517048204403937
564,897,02cb75ca53972049,Atelectasis,on,0.1266416190323036,1.0,0.5373193592050548,0.6990340162278408,1.5655214028170352
565,920,5d253bd0d0de6db4,Atelectasis,off,0.1508364642876287,1.0,0.3380423274904264,0.4916938709942574,1.8090138484848683
565,920,5d253bd0d0de6db4,Atelectasis,on,0.1508364642876287,1.0,0.6395671421921566,0.7801627931711709,1.549659141136905
566,927,2d5108c8eff2ee69,Atelectasis,off,0.1401108138531935,1.0,0.4523982166902223,0.6221508588163576,1.322524249226571
566,927,2d5108c8eff2ee69,Atelectasis,on,0.1401108138531935,1.0,0.4281191025549021,0.5995544743279785,1.1966766619470206
567,960,531cd21c479c115f,Atelectasis,off,0.1151801334249472,1.0,0.2542194998915807,0.4038738544426536,1.2154539163707383
567,960,531cd21c479c115f,Atelectasis,on,0.1151801334249472,1.0,0.3989980172218425,0.5703994168005064,0.9094220032356806
568,961,4eaaeffa43a63aa2,Atelectasis,off,0.1289514592439902,1.0,0.4763594308937313,0.6437865124006447,2.068119236466944
568,961,4eaaeffa43a63aa2,Atelectasis,on,0.1289514592439902,1.0,0.3331830329336021,0.4998002455857767,2.303046360241546
569,1006,aa5d7467210b16f2,Atelectasis,off,0.1484681471085576,1.0,0.3152857854201693,0.4716235771610281,1.3311684448394945
569,1006,aa5d7467210b16f2,Atelectasis,on,0.1484681471085576,1.0,0.5063112755994541,0.6722513509535777,1.1354272477809688
570,1011,25a9407a69b30806,Atelectasis,off,0.129628817449527,1.0,0.3852235785147845,0.5512921887729378,2.206144281785112
570,1011,25a9407a69b30806,Atelectasis,on,0.129628817449527,1.0,0.2521966916129183,0.4027957464872856,2.656573982612596
571,1021,a177681245ed41a8,Atelectasis,off,0.1189080400957073,1.0,0.3251633761793935,0.4889948818026127,1.8069399429196968
571,1021,a177681245ed41a8,Atelectasis,on,0.1189080400957073,1.0,0.3843599298427552,0.5552565629852005,2.416175741555445
572,1057,1939319edcfe6817,Atelectasis,off,0.1245169558840011,1.0,0.3293767943325294,0.4954168842522736,1.058550861132347
572,1057,1939319edcfe6817,Atelectasis,on,0.1245169558840011,1.0,0.3174186572203781,0.481878980736944,0.7695085721539103
573,1068,6a9cebc92a2e4ea8,Atelectasis,off,0.1587308548845323,1.0,0.3533758308164346,0.5079357935814648,1.777499362070905
573,1068,6a9cebc92a2e4ea8,Atelectasis,on,0.1587308548845323,1.0,0.6027853951686921,0.7521694942820623,1.5421685048174072
574,1077,2252811e46d42f53,Atelectasis,off,0.1348527598692065,1.0,0.6019435832992815,0.7493988621133783,2.083863697021536
574,1077,2252811e46d42f53,Atelectasis,on,0.1348527598692065,1.0,0.5450867442773295,0.7054842741549727,2.435136073144459
575,1084,c0dd49da98159e6d,Atelectasis,off,0.1204430604895496,0.0,0.0,0.0,0.4349262638887327
575,1084,c0dd49da98159e6d,Atelectasis,on,0.1204430604895496,0.0,0.0171479881696152,0.0337001106163226,-0.0846697221922107
576,1088,7dbf2987649f260e,Atelectasis,off,0.11685160007602,1.0,0.3403888138237369,0.5063833637934632,1.6927385132335575
576,1088,7dbf2987649f260e,Atelectasis,on,0.11685160007602,1.0,0.4467517996156527,0.6175894743518195,1.8513078062664423
577,1091,6562e982e1ab1185,Atelectasis,off,0.1621030266703702,1.0,0.4066890523599479,0.5650913301238604,1.9534894477210036
577,1091,6562e982e1ab1185,Atelectasis,on,0.1621030266703702,1.0,0.5794762672305408,0.7337314968121277,2.1777721595583737
578,1124,190bb860bd0fd26b,Atelectasis,off,0.1243171595787709,1.0,0.3998454269949779,0.5702554548183789,2.3022922639447394
578,1124,190bb860bd0fd26b,Atelectasis,on,0.1243171595787709,1.0,0.4017265538810369,0.5731828529086368,3.1454077544103938
579,1147,b0c764398f5f135b,Atelectasis,off,0.1262225340993816,1.0,0.6061694567136318,0.7512072826843367,2.626334521026872
579,1147,b0c764398f5f135b,Atelectasis,on,0.1262225340993816,1.0,0.4059454060792085,0.5774253827862373,3.047896247216653
580,1150,56305bd94b986e35,Atelectasis,off,0.1559093412082316,1.0,0.3095764071582857,0.463223369985291,1.9130188123333487
580,1150,56305bd94b986e35,Atelectasis,on,0.1559093412082316,1.0,0.2900136960090033,0.449603411283744,2.5355982576339127
581,1151,8eb936b0cfda32f5,Atelectasis,off,0.132557538899366,1.0,0.4317228335306722,0.6005765769996471,1.5417534479098969
581,1151,8eb936b0cfda32f5,Atelectasis,on,0.132557538899366,1.0,0.481421694880351,0.6499451468761533,1.169350700517244
582,1154,3fb3afa6fbb4c602,Atelectasis,off,0.1469136343922537,1.0,0.6395207111589329,0.7777057495452355,2.08542497028604
582,1154,3fb3afa6fbb4c602,Atelectasis,on,0.1469136343922537,1.0,0.6900787792210358,0.8166185265232899,2.2745422258557166
583,122,b2fad14eebc04be1,Edema,off,0.1262810110667661,0.0,0.2284017737282287,0.3715009693162999,1.1397592228240905
583,122,b2fad14eebc04be1,Edema,on,0.1262810110667661,0.0,0.238584794769505,0.3852530500409953,0.978484404480676
584,393,f0c5cd1dcaab0e47,Edema,off,0.1685598584857389,1.0,0.4484514341697286,0.6173078268242922,1.1820646098236105
584,393,f0c5cd1dcaab0e47,Edema,on,0.1685598584857389,1.0,0.4757885476290386,0.6447898274536858,1.099460077543292
585,406,a12aaef70490156c,Edema,off,0.1101218757461904,1.0,0.353585165175503,0.5218650332553971,1.5225585838700608
585,406,a12aaef70490156c,Edema,on,0.1101218757461904,1.0,0.3899066240434474,0.5610543145178907,1.5372599526459343
586,409,2eed693b117c2db9,Edema,off,0.1677363078617409,1.0,0.2356739726762953,0.3758488967585827,0.6140602222423814
586,409,2eed693b117c2db9,Edema,on,0.1677363078617409,1.0,0.3108374460056405,0.4742483030630746,0.5904403275533008
587,452,a986d76c581c681b,Edema,off,0.1566110648168452,1.0,0.5080139332214928,0.672621889567175,1.8501240608164893
587,452,a986d76c581c681b,Edema,on,0.1566110648168452,1.0,0.5437784997187864,0.7044768378811403,1.56729813404257
588,473,f15dea1ce3c9b5b4,Edema,off,0.1411487800242679,1.0,0.2213499177829974,0.3599273843382802,1.388258779040943
588,473,f15dea1ce3c9b5b4,Edema,on,0.1411487800242679,1.0,0.3125942647208852,0.4762968102780423,1.2222483795326955
589,474,2b578ad2daf4f07c,Edema,off,0.1497302749879391,1.0,0.2672986754668546,0.4214903041786019,1.8009676284924785
589,474,2b578ad2daf4f07c,Edema,on,0.1497302749879391,1.0,0.1625325750787728,0.2796121663043633,1.7073997579434963
590,487,89c88b8ef9f0c6e4,Edema,off,0.1586918702396093,1.0,0.3233076354122158,0.48318949846544,1.0488659776019107
590,487,89c88b8ef9f0c6e4,Edema,on,0.1586918702396093,1.0,0.3761631978265703,0.5466752830785012,0.7677314587187481
591,491,2a30653355f7fc52,Edema,off,0.1459390182691792,1.0,0.2401734647827417,0.3822464588255391,1.2143879235605572
591,491,2a30653355f7fc52,Edema,on,0.1459390182691792,1.0,0.4156629105919536,0.5872184964495953,0.8593772573178714
592,523,80c6b3a0a74e5b10,Edema,off,0.1425668464833413,1.0,0.1539299429350752,0.2514222756307346,0.6351516896027517
592,523,80c6b3a0a74e5b10,Edema,on,0.1425668464833413,1.0,0.2550789030505677,0.3909136469038344,0.6275778771905394
593,618,19480804a2bf56f8,Edema,off,0.1643300245115955,1.0,0.2014994065701622,0.3283981619377683,0.9451265688320964
593,618,19480804a2bf56f8,Edema,on,0.1643300245115955,1.0,0.2713644039175954,0.4268444528905554,0.6570835200224426
594,644,700255422ab49a1f,Edema,off,0.1515381878962423,1.0,0.3783609773801019,0.5480013102843857,1.312520933906023
594,644,700255422ab49a1f,Edema,on,0.1515381878962423,1.0,0.416206741804729,0.5877767550804888,1.0913934157119791
595,656,a9646397048bc84c,Edema,off,0.1374501118372001,1.0,0.2468985131857933,0.3890175680559646,1.0612235852823784
595,656,a9646397048bc84c,Edema,on,0.1374501118372001,1.0,0.4278143391124045,0.5992546207346502,0.8735165299114833
596,657,e9184860388b2b47,Edema,off,0.1892265933755342,1.0,0.1576813378733242,0.2683257945852625,0.8204344936575548
596,657,e9184860388b2b47,Edema,on,0.1892265933755342,1.0,0.238292980185704,0.3848650430505798,0.5827984252781127
597,675,66af19b43d8acd4c,Edema,off,0.1575710616980736,1.0,0.1773442635323189,0.292986070955167,0.92342152645378
597,675,66af19b43d8acd4c,Edema,on,0.1575710616980736,1.0,0.3909929625838283,0.5621616333408329,0.8086643758389294
598,692,c44da25c2b6e6e92,Edema,off,0.1840562548426238,1.0,0.2992983654252182,0.4606643670940258,0.9305509710441756
598,692,c44da25c2b6e6e92,Edema,on,0.1840562548426238,1.0,0.3065364305312849,0.4692351564435495,0.6990670585816655
599,721,fabe5ef3695a5461,Edema,off,0.1749679594949539,0.0,0.1518749868525418,0.2634301955408161,0.934207242306635
599,721,fabe5ef3695a5461,Edema,on,0.1749679594949539,0.0,0.1660192565867251,0.284762207195662,0.78578363728978
600,725,921acbdad507f01a,Edema,off,0.1700510211540429,0.0,0.1467257937967191,0.254141083589721,1.4431484006350914
600,725,921acbdad507f01a,Edema,on,0.1700510211540429,0.0,0.1816715612754124,0.3074819919267685,1.6623981098319915
601,737,eccfc478085c5c04,Edema,off,0.1641302282063652,0.0,0.2949694821177947,0.4552729013073086,1.8976426980857024
601,737,eccfc478085c5c04,Edema,on,0.1641302282063652,0.0,0.2331859723598666,0.3781738824181402,1.9788930282228523
602,741,3d480d0e3bc6eeda,Edema,off,0.1795437821927888,1.0,0.345792894421847,0.513532014192455,1.6672017156711834
602,741,3d480d0e3bc6eeda,Edema,on,0.1795437821927888,1.0,0.3470847789511157,0.5153073744659907,1.489151019808059
603,744,ec4e5ae6851c1dd7,Edema,off,0.1606459755663738,1.0,0.1695748846519123,0.2899209794562073,1.5758562750714902
603,744,ec4e5ae6851c1dd7,Edema,on,0.1606459755663738,1.0,0.1581542819761559,0.2731141636361188,1.341455029913053
604,763,b816afc73b5ccdf4,Edema,off,0.1663620991282058,1.0,0.2756960006076949,0.427245401552393,1.1005503276308402
604,763,b816afc73b5ccdf4,Edema,on,0.1663620991282058,1.0,0.3170952182004634,0.4814959525295026,0.7120694468634146
605,774,46215ce72bf546e2,Edema,off,0.1460218606396405,0.0,0.1755753508354975,0.2980667987534454,1.6791642727863707
605,774,46215ce72bf546e2,Edema,on,0.1460218606396405,0.0,0.1413740378039834,0.2477222545797507,1.7917703386264472
606,775,34a1605c846fa6ff,Edema,off,0.1623905384266772,1.0,0.3513466024306954,0.5184070401031902,1.6197239968551214
606,775,34a1605c846fa6ff,Edema,on,0.1623905384266772,1.0,0.4005405115637727,0.5719797254985485,1.6980290721295468
607,791,7275c8b6f51b35b8,Edema,off,0.1818146377595524,0.0,0.3833335794660268,0.5537308757263955,2.314625981335226
607,791,7275c8b6f51b35b8,Edema,on,0.1818146377595524,0.0,0.3281197793828837,0.4941068446472169,2.5386662709288608
608,846,86976ce0ce8ac118,Edema,off,0.1527174734051625,1.0,0.5278198004524347,0.6901552855647579,2.346428796515571
608,846,86976ce0ce8ac118,Edema,on,0.1527174734051625,1.0,0.4978917260714058,0.6647775522652266,3.103898586634049
609,860,01ec6fd2ecc2f08d,Edema,off,0.1674098114605109,0.0,0.0732025930002333,0.1355379640473517,0.443003915319721
609,860,01ec6fd2ecc2f08d,Edema,on,0.1674098114605109,0.0,0.0823779632995971,0.1522156924573028,0.1532676120239368
610,871,34630c8127633573,Edema,off,0.1991676778308943,1.0,0.4000353373680177,0.5672665362228965,1.1609420987623889
610,871,34630c8127633573,Edema,on,0.1991676778308943,1.0,0.4455385207002191,0.6164298189815328,0.846917153279732
611,888,b50198f49cbff008,Edema,off,0.1793050012426355,1.0,0.3064699286928251,0.4669189960478913,1.1783199798551147
611,888,b50198f49cbff008,Edema,on,0.1793050012426355,1.0,0.3684595335443892,0.5385010384997199,0.8255723432261615
612,919,ec44a683d57116d1,Edema,off,0.1923746034530649,0.0,0.0083186836861181,0.0162505701209637,0.3053624459955325
612,919,ec44a683d57116d1,Edema,on,0.1923746034530649,0.0,0.0286279576138543,0.0556603480257025,-0.0890030500609434
613,930,1d5d7295d9c4a3f1,Edema,off,0.1729748695232665,1.0,0.2855548960985393,0.4379449166504326,1.0560048893249598
613,930,1d5d7295d9c4a3f1,Edema,on,0.1729748695232665,1.0,0.3695628122930029,0.5396681189690927,0.793828455443465
614,938,4cb2f80f7e9a2742,Edema,off,0.1697683824783513,1.0,0.2630067683078999,0.406907422341997,1.3880822933729624
614,938,4cb2f80f7e9a2742,Edema,on,0.1697683824783513,1.0,0.4689730994381109,0.6384911854447008,0.9793738899370876
615,967,56d7a4445236725d,Edema,off,0.1540429513325439,1.0,0.331685315743794,0.4916886217407044,1.1570286844540183
615,967,56d7a4445236725d,Edema,on,0.1540429513325439,1.0,0.4923870810065454,0.6598595127925021,1.0169163693908851
616,1004,50ab3732ce0f912e,Edema,off,0.1786812469238678,0.0,0.4525963335385293,0.6192500550467298,1.539349619775608
616,1004,50ab3732ce0f912e,Edema,on,0.1786812469238678,0.0,0.5158906941937783,0.6806400366513856,1.2204718439358349
617,1013,3d2a1cae5d20b5b0,Edema,off,0.1610748066605266,1.0,0.2598271898118316,0.4030559411603936,1.1096751763391883
617,1013,3d2a1cae5d20b5b0,Edema,on,0.1610748066605266,1.0,0.314406034362242,0.478373095441596,0.7211044685312847
618,1015,3c0096e17cc2688d,Edema,off,0.165187686699901,1.0,0.2563303533418476,0.4046223158602746,1.1956832157382828
618,1015,3c0096e17cc2688d,Edema,on,0.165187686699901,1.0,0.3545657726692209,0.5235035994841799,0.7691364169724206
619,1040,20d2e0e9014e2b3c,Edema,off,0.1601148097792981,0.0,0.3434665293698926,0.5074428563833857,1.3433733583943113
619,1040,20d2e0e9014e2b3c,Edema,on,0.1601148097792981,0.0,0.3965591992287661,0.567903889542649,1.2360734057654124
620,1045,0977ae2cf34d956a,Edema,off,0.1463824686051781,0.0,0.1963868098966598,0.3280455434493661,1.7021486600993947
620,1045,0977ae2cf34d956a,Edema,on,0.1463824686051781,0.0,0.1657442523834701,0.2843564272259631,1.5700197467195234
621,1083,53c1d93705bec81b,Edema,off,0.1816928107441681,1.0,0.3187988192742145,0.4780922388071131,1.2970044907857283
621,1083,53c1d93705bec81b,Edema,on,0.1816928107441681,1.0,0.3762789752354442,0.5467977199504819,0.7901271059676048
622,1086,b460e9f1059f3ac3,Edema,off,0.1657383448094382,1.0,0.4035891684198963,0.5708480823413511,1.397024248041176
622,1086,b460e9f1059f3ac3,Edema,on,0.1657383448094382,1.0,0.5139476545261109,0.6789475073647986,1.0834751366092925
623,1090,f5f0abf5e33c563a,Edema,off,0.1612746029657568,1.0,0.4784185190169456,0.6435036677514597,1.540318591444952
623,1090,f5f0abf5e33c563a,Edema,on,0.1612746029657568,1.0,0.5614360054236578,0.7191229170374663,1.19767284152479
624,1093,3c166be90502b65a,Edema,off,0.1441554707639528,1.0,0.2337788085976698,0.372748053345966,1.0249667917202356
624,1093,3c166be90502b65a,Edema,on,0.1441554707639528,1.0,0.4030238646581409,0.5744961535329502,0.8445119139210552
625,1116,3b432a10b30bb91a,Edema,off,0.1590817166888392,1.0,0.3191073301873746,0.4741174752040581,1.83213748756685
625,1116,3b432a10b30bb91a,Edema,on,0.1590817166888392,1.0,0.2280203580341959,0.3713409025036852,1.6831518258391014
626,1122,b4af76bb65a3b727,Edema,off,0.1579365427442266,0.0,0.2159870186395526,0.354506602118237,0.9678780780268906
626,1122,b4af76bb65a3b727,Edema,on,0.1579365427442266,0.0,0.2493071554690344,0.3991118831704539,0.7059352512366152
627,1139,f716986d2b4594bf,Edema,off,0.1672148882358961,1.0,0.1952419808879711,0.3195203816157873,1.104408028554762
627,1139,f716986d2b4594bf,Edema,on,0.1672148882358961,1.0,0.3504039500025545,0.5189360578797979,0.7364988667332542
628,1156,41875f28d1a6bb51,Edema,off,0.1861565525878494,1.0,0.2665257704640754,0.4118527343394061,1.1372141428806908
628,1156,41875f28d1a6bb51,Edema,on,0.1861565525878494,1.0,0.4075205813915289,0.5790362004224388,0.8569217009938211
629,2,7fdc846bf5c6595f,Cardiomegaly,off,0.1656116447134385,1.0,0.4214930426928732,0.5870269090853967,1.8822082733857797
629,2,7fdc846bf5c6595f,Cardiomegaly,on,0.1656116447134385,1.0,0.5330744386104016,0.6954315811861195,1.730463079819211
630,10,6facf74a81a28169,Cardiomegaly,off,0.1613574453362182,1.0,0.3587171875638124,0.5180742826311809,1.4294841901900006
630,10,6facf74a81a28169,Cardiomegaly,on,0.1613574453362182,1.0,0.5344674082785672,0.6966149337146336,1.2189607352938918
631,34,ecc14faa47ae7453,Cardiomegaly,off,0.1858641677509271,0.0,0.2637149810826215,0.4074360450710605,1.3714769313323196
631,34,ecc14faa47ae7453,Cardiomegaly,on,0.1858641677509271,0.0,0.3710799061779176,0.5412951445729369,1.0338513288705502
632,58,9602f43496ca35c1,Cardiomegaly,off,0.1406371065596538,1.0,0.4680245131322773,0.6327202152378344,1.543647659617893
632,58,9602f43496ca35c1,Cardiomegaly,on,0.1406371065596538,1.0,0.5579372784447001,0.7162477582050079,1.263628214705482
633,121,283cfccc2232dcf2,Cardiomegaly,off,0.1494183978285553,1.0,0.3640371291026142,0.5232628699682738,1.3208594420823188
633,121,283cfccc2232dcf2,Cardiomegaly,on,0.1494183978285553,1.0,0.5055388225750679,0.6715481775907095,1.1010287440818554
634,140,c733667e05c1cd2d,Cardiomegaly,off,0.1899575554678401,1.0,0.2143628532750735,0.3447274308860964,0.825119473876359
634,140,c733667e05c1cd2d,Cardiomegaly,on,0.1899575554678401,1.0,0.3380175504681019,0.505248591675893,0.6407341800983767
635,154,71b3c95f452d8a44,Cardiomegaly,off,0.1658358064217456,1.0,0.2800851032355626,0.4313332224579623,1.082123232475676
635,154,71b3c95f452d8a44,Cardiomegaly,on,0.1658358064217456,1.0,0.4406891428439226,0.6117641663831236,0.9222566184350174
636,157,79fce779b6f1da93,Cardiomegaly,off,0.1446427788254901,1.0,0.2877250481211345,0.4393368622177028,1.349572625361506
636,157,79fce779b6f1da93,Cardiomegaly,on,0.1446427788254901,1.0,0.457447594060997,0.6277270225276096,1.0113364004998262
637,168,2ac3080c1a1a1970,Cardiomegaly,off,0.1991140739441252,1.0,0.3440734521665309,0.5104793799128224,1.0035969713583686
637,168,2ac3080c1a1a1970,Cardiomegaly,on,0.1991140739441252,1.0,0.3645878896196367,0.5343531336523808,0.7399022652905217
638,183,90db5c1b12d21d6d,Cardiomegaly,off,0.1641594666900574,1.0,0.2471822236354482,0.38759705020028,1.3680747094542014
638,183,90db5c1b12d21d6d,Cardiomegaly,on,0.1641594666900574,1.0,0.4645903693818026,0.6344275097774387,1.0137133417496558
639,211,1223e669033e37be,Cardiomegaly,off,0.1564210146728457,1.0,0.3787049081842374,0.5482833175599449,1.2983071180625378
639,211,1223e669033e37be,Cardiomegaly,on,0.1564210146728457,1.0,0.4185126206007793,0.590072273230183,1.0513452481210583
640,213,e1ceb68cb23d7857,Cardiomegaly,off,0.144511205648875,1.0,0.2333388375924756,0.3674356930936418,0.7775557877574193
640,213,e1ceb68cb23d7857,Cardiomegaly,on,0.144511205648875,1.0,0.4519782953852525,0.6225683772120285,1.0002349549342464
641,220,ef96461e46f8d094,Cardiomegaly,off,0.1921163301804501,1.0,0.3003936900766005,0.458027278034517,1.371030190831096
641,220,ef96461e46f8d094,Cardiomegaly,on,0.1921163301804501,1.0,0.3874329797566807,0.5584865777957002,0.9764354422739994
642,234,e5f4624cd98d6640,Cardiomegaly,off,0.1494427632316321,1.0,0.3517248478958258,0.5150913233582466,0.9914834369468196
642,234,e5f4624cd98d6640,Cardiomegaly,on,0.1494427632316321,1.0,0.4360290348439244,0.607267104916598,0.8962480456031322
643,283,7a77793683be9602,Cardiomegaly,off,0.1570837536365364,1.0,0.4248217631612783,0.5941294088346218,1.3676743199285997
643,283,7a77793683be9602,Cardiomegaly,on,0.1570837536365364,1.0,0.4824912809443087,0.6509187405659166,1.1794486694485604
644,309,6c8f5f81c8357205,Cardiomegaly,off,0.1554756370334634,1.0,0.379773271295071,0.5425372783134453,1.2995794165828305
644,309,6c8f5f81c8357205,Cardiomegaly,on,0.1554756370334634,1.0,0.523379659592277,0.6871286058745062,1.1083574349655343
645,373,1f924d5148e24902,Cardiomegaly,off,0.1747048131417238,1.0,0.420963136590451,0.5833323656057788,1.7801551165459029
645,373,1f924d5148e24902,Cardiomegaly,on,0.1747048131417238,1.0,0.5875020505144295,0.7401585788343112,1.67632991201494
646,381,df722b3c373914e1,Cardiomegaly,off,0.1618496264783708,1.0,0.3561698592205498,0.5093090305554385,1.532729349913187
646,381,df722b3c373914e1,Cardiomegaly,on,0.1618496264783708,1.0,0.5288662624392348,0.6918399823658852,1.2140078340710645
647,392,affb1addb7bb42ed,Cardiomegaly,off,0.1578585734543806,1.0,0.2747627866096967,0.4248973195601106,1.53727073373325
647,392,affb1addb7bb42ed,Cardiomegaly,on,0.1578585734543806,1.0,0.502403835029461,0.6687963383024327,1.5827554623960258
648,410,5ba1bc09602544c8,Cardiomegaly,off,0.1414070532968827,1.0,0.2798607225017075,0.4329008369859713,1.2663068994368172
648,410,5ba1bc09602544c8,Cardiomegaly,on,0.1414070532968827,1.0,0.4249908951935862,0.5964777879983885,1.0679280425289177
649,419,eb5032a8b3f8052a,Cardiomegaly,off,0.1653095137152854,1.0,0.3429151605239287,0.5080703492109914,1.2533272966101006
649,419,eb5032a8b3f8052a,Cardiomegaly,on,0.1653095137152854,1.0,0.4306834874604677,0.6020663614359372,0.9266918106695244
650,420,5940198741acd68e,Cardiomegaly,off,0.1772144496586407,1.0,0.302849068393012,0.4591332642037712,0.939064467521698
650,420,5940198741acd68e,Cardiomegaly,on,0.1772144496586407,1.0,0.3608383960350881,0.5303176979569251,0.764858444671544
651,421,404e5dadeda8d710,Cardiomegaly,off,0.1610358220156036,1.0,0.3107084556604317,0.47329791309267,0.7995964828831914
651,421,404e5dadeda8d710,Cardiomegaly,on,0.1610358220156036,1.0,0.341270559320656,0.5088765159476702,0.6872036714899714
652,424,5fbe41e547784e0c,Cardiomegaly,off,0.1629217042137528,1.0,0.4700662566431529,0.6366851763119812,1.716069189245085
652,424,5fbe41e547784e0c,Cardiomegaly,on,0.1629217042137528,1.0,0.5154574772717005,0.6802663711123931,1.388777010070733
653,447,570ab29238338c71,Cardiomegaly,off,0.1508364642876287,1.0,0.2902241744759298,0.4437860157080021,1.039767509188089
653,447,570ab29238338c71,Cardiomegaly,on,0.1508364642876287,1.0,0.5023639796548349,0.6687613641663306,1.0857554158283778
654,448,30e47bf53ecb4626,Cardiomegaly,off,0.1767417608389495,1.0,0.3741532634452514,0.5367737873166959,1.5377419230777818
654,448,30e47bf53ecb4626,Cardiomegaly,on,0.1767417608389495,1.0,0.5325006870381342,0.6949338605937284,1.1854346901492372
655,461,f58f795f86d14ebd,Cardiomegaly,off,0.1506951449497829,1.0,0.2527877947071503,0.3991738663707325,0.9467463771932751
655,461,f58f795f86d14ebd,Cardiomegaly,on,0.1506951449497829,1.0,0.3633195606308161,0.5329830423534676,0.742214838520032
656,464,57bcef4f82bf8195,Cardiomegaly,off,0.1474350540180986,1.0,0.3698553029902052,0.5319175664695951,1.3647777850063536
656,464,57bcef4f82bf8195,Cardiomegaly,on,0.1474350540180986,1.0,0.4967394085083617,0.6637619307082896,1.1706882908519138
657,465,996f10d9aa33dbb7,Cardiomegaly,off,0.1426496888538027,1.0,0.2488157372364499,0.3956568454071553,0.5102141975157132
657,465,996f10d9aa33dbb7,Cardiomegaly,on,0.1426496888538027,1.0,0.3310722582365958,0.4974500063178059,0.6697546628756467
658,466,efc98b588af63774,Cardiomegaly,off,0.1696709208660438,1.0,0.3505133523408839,0.5181028042159459,1.0311117371872744
658,466,efc98b588af63774,Cardiomegaly,on,0.1696709208660438,1.0,0.369021815228321,0.5390994808700943,0.8531922656969434
659,468,62f30234391874f1,Cardiomegaly,off,0.1534922932230067,1.0,0.3913290658433707,0.5573086794499884,2.0052373960053966
659,468,62f30234391874f1,Cardiomegaly,on,0.1534922932230067,1.0,0.5007267138378715,0.6673117893172267,2.2729186606773157
660,469,701deb57a48ea40e,Cardiomegaly,off,0.1899429362259939,1.0,0.3013554915486034,0.4607139702005846,0.967519361025556
660,469,701deb57a48ea40e,Cardiomegaly,on,0.1899429362259939,1.0,0.34053416685296,0.5080542477784054,0.6158763751442626
661,471,2cbf5e21fd5120c6,Cardiomegaly,off,0.1663231144832829,1.0,0.3902303010091167,0.5508741282621563,1.7965469669815883
661,471,2cbf5e21fd5120c6,Cardiomegaly,on,0.1663231144832829,1.0,0.5893515173135688,0.7415815557036131,1.9047099383516948
662,472,ecf3e07abdbb2152,Cardiomegaly,off,0.183783362328163,1.0,0.3439791890608657,0.5066875129961343,1.1484164834392898
662,472,ecf3e07abdbb2152,Cardiomegaly,on,0.183783362328163,1.0,0.4651587343611774,0.6349551872060427,0.9265837039523422
663,475,79a1d67e9168770a,Cardiomegaly,off,0.1542183822346973,1.0,0.4728719772033433,0.6380722992020562,1.539804022836026
663,475,79a1d67e9168770a,Cardiomegaly,on,0.1542183822346973,1.0,0.5626229815759738,0.7201003203365189,1.2826565183322325
664,476,2004e3665e3f10dc,Cardiomegaly,off,0.168364935261124,1.0,0.425711381829047,0.5943754362049102,1.218785015556936
664,476,2004e3665e3f10dc,Cardiomegaly,on,0.168364935261124,1.0,0.4745977035159543,0.6436963550936949,0.9440493025783744
665,477,47f95af5fe0a0150,Cardiomegaly,off,0.1729602502814204,1.0,0.355286022434033,0.5176567025526273,0.9252607520339016
665,477,47f95af5fe0a0150,Cardiomegaly,on,0.1729602502814204,1.0,0.4305019841200904,0.6018888331470251,0.874209818855666
666,479,3291160dec18f107,Cardiomegaly,off,0.1514699647676271,1.0,0.3002180789839203,0.453638154523001,0.9654136099332278
666,479,3291160dec18f107,Cardiomegaly,on,0.1514699647676271,1.0,0.3616789513063115,0.5312120794657604,0.7157165262560552
667,483,5c68c7c5bcf114db,Cardiomegaly,off,0.171634772354039,1.0,0.3487354331355669,0.5158913964143799,1.138950510521889
667,483,5c68c7c5bcf114db,Cardiomegaly,on,0.171634772354039,1.0,0.3670639983840297,0.5370086773435123,0.7874879713506193
668,486,2e12dfdc50b6087d,Cardiomegaly,off,0.1603974484549898,1.0,0.1892448555172351,0.3163395394520328,0.8241185726093616
668,486,2e12dfdc50b6087d,Cardiomegaly,on,0.1603974484549898,1.0,0.2724451683304,0.4282202866673273,0.5468020032557211
669,488,abb7ad451d66b842,Cardiomegaly,off,0.1838418392955474,1.0,0.3710333645092264,0.534698372914695,0.9677230433572592
669,488,abb7ad451d66b842,Cardiomegaly,on,0.1838418392955474,1.0,0.4725329234111496,0.641795095770511,0.910988385043114
670,489,bd7d26f21807cd30,Cardiomegaly,off,0.1611771413534494,1.0,0.2232208431749568,0.3550224356908671,1.1966676344687706
670,489,bd7d26f21807cd30,Cardiomegaly,on,0.1611771413534494,1.0,0.5336598905222296,0.6959172844761158,1.122753943731963
671,492,08ed699a1c98210c,Cardiomegaly,off,0.1742028858383404,1.0,0.2702264672035076,0.4152898279060272,1.5982107998054402
671,492,08ed699a1c98210c,Cardiomegaly,on,0.1742028858383404,1.0,0.5819580360931613,0.7357429444296686,1.3371308423961925
672,497,9c100e752176fe88,Cardiomegaly,off,0.1398622867418095,1.0,0.3545080334653049,0.5107931729344866,1.2862067500599978
672,497,9c100e752176fe88,Cardiomegaly,on,0.1398622867418095,1.0,0.5583846249825972,0.7166197800451243,1.309596539741335
673,498,7cc075c5945a979b,Cardiomegaly,off,0.1406419796402692,1.0,0.2480513585505132,0.3916160075406035,0.9633112725995068
673,498,7cc075c5945a979b,Cardiomegaly,on,0.1406419796402692,1.0,0.3834824399735807,0.5543713296995563,0.9145299101671582
674,503,2183bc0d130fce0a,Cardiomegaly,off,0.1536336125608526,1.0,0.4368301583957579,0.603490384954031,1.5400338918285792
674,503,2183bc0d130fce0a,Cardiomegaly,on,0.1536336125608526,1.0,0.5228712460633622,0.6866879356078502,1.3180669316985445
675,504,4376708f8d89c7cd,Cardiomegaly,off,0.1338732706655166,1.0,0.4523354812698121,0.6212811100921406,1.2787995821017673
675,504,4376708f8d89c7cd,Cardiomegaly,on,0.1338732706655166,1.0,0.5121355694288765,0.6773659643674174,1.2450522926760736
676,506,cbcdda51d2f214f6,Cardiomegaly,off,0.1563430453829997,1.0,0.4354722997216348,0.6005759789085905,1.5289183401055295
676,506,cbcdda51d2f214f6,Cardiomegaly,on,0.1563430453829997,1.0,0.5062865757187405,0.672198726852095,1.1773692995987666
677,507,0c4b5afba7f6553d,Cardiomegaly,off,0.1537603126568522,0.0,0.3895234134214163,0.5463213544156977,1.4017079013919689
677,507,0c4b5afba7f6553d,Cardiomegaly,on,0.1537603126568522,0.0,0.5232200253738111,0.6869890516327358,1.4556633961757608
678,510,0360f2df64ba5ada,Cardiomegaly,off,0.1595787709116072,1.0,0.2234493820501905,0.3606260791624123,1.1192083066134475
678,510,0360f2df64ba5ada,Cardiomegaly,on,0.1595787709116072,1.0,0.3506173356793457,0.5191868019321031,0.7060936186456582
679,511,680f7b75961eb8f4,Cardiomegaly,off,0.1665911339171284,1.0,0.1957008296105919,0.3212906018992573,0.7577586478335122
679,511,680f7b75961eb8f4,Cardiomegaly,on,0.1665911339171284,1.0,0.3835447880804634,0.5544239359935612,0.7346024454404843
680,514,6b159bebb304e63d,Cardiomegaly,off,0.1675170192340491,1.0,0.336345622427309,0.5022678529670027,1.0419960608689418
680,514,6b159bebb304e63d,Cardiomegaly,on,0.1675170192340491,1.0,0.374827537288425,0.5452716717869655,0.9102183405531388
681,526,a8847f04ce4b65e8,Cardiomegaly,off,0.1513286454297813,1.0,0.2400204710009433,0.3799414416826305,1.388816119726143
681,526,a8847f04ce4b65e8,Cardiomegaly,on,0.1513286454297813,1.0,0.4473313769093242,0.6181313207360222,0.9564051766512764
682,530,71e5e13c90e27554,Cardiomegaly,off,0.1760741487946435,1.0,0.4328134850564916,0.5995570320410157,1.686867836948008
682,530,71e5e13c90e27554,Cardiomegaly,on,0.1760741487946435,1.0,0.5279854414546936,0.6910861060216728,1.3034255283039642
683,531,608d260223d49da3,Cardiomegaly,off,0.1740956780648022,1.0,0.3447478620749408,0.4974120040107766,1.3588721291130152
683,531,608d260223d49da3,Cardiomegaly,on,0.1740956780648022,1.0,0.5081299210704977,0.6738496745296358,1.1525795029496977
684,532,ee2e70dd281aedf8,Cardiomegaly,off,0.1953861672733652,1.0,0.3281755173508788,0.4934194653792368,0.8902245564447453
684,532,ee2e70dd281aedf8,Cardiomegaly,on,0.1953861672733652,1.0,0.3264859282111793,0.4922561604120926,0.6108327851964406
685,533,95d1ebe0176d42c5,Cardiomegaly,off,0.1828915885755498,1.0,0.2792094863425284,0.4343712981792539,0.9146552297059778
685,533,95d1ebe0176d42c5,Cardiomegaly,on,0.1828915885755498,1.0,0.3294407484762952,0.4956042458463708,0.6969309821616804
686,534,c33c367dac2cf404,Cardiomegaly,off,0.1439946591036455,1.0,0.1978162530632342,0.3288343453873651,1.0283098957469
686,534,c33c367dac2cf404,Cardiomegaly,on,0.1439946591036455,1.0,0.369258088313577,0.5393421685643602,0.8661401910975738
687,536,241d1f811631bde9,Cardiomegaly,off,0.1878085269164607,1.0,0.4035929147110312,0.5586642020008458,1.6150182079089277
687,536,241d1f811631bde9,Cardiomegaly,on,0.1878085269164607,1.0,0.5842242694671125,0.73755233217249,1.3672682781986294
688,538,9949a1b3294f1d69,Cardiomegaly,off,0.1649001749435941,1.0,0.4960681523222088,0.6491033288192755,2.3050032476694358
688,538,9949a1b3294f1d69,Cardiomegaly,on,0.1649001749435941,1.0,0.7543973189660731,0.860001408198832,2.03877863962308
689,539,35e33ad272c6a698,Cardiomegaly,off,0.1741054242260329,1.0,0.2722778148103709,0.4248873964926686,0.6368582883023264
689,539,35e33ad272c6a698,Cardiomegaly,on,0.1741054242260329,1.0,0.3249734031847033,0.4905307623224632,0.5850139124574507
690,540,2547cf6ac257f1fb,Cardiomegaly,off,0.1656213908746692,1.0,0.1962226871430513,0.3230669470067132,0.7358335990817356
690,540,2547cf6ac257f1fb,Cardiomegaly,on,0.1656213908746692,1.0,0.3263547171818232,0.4921029188025206,0.5958855252944227
691,542,11b5f13c4f987989,Cardiomegaly,off,0.1718491879011154,1.0,0.3700872639179987,0.5298058994216193,1.5201634151631058
691,542,11b5f13c4f987989,Cardiomegaly,on,0.1718491879011154,1.0,0.5141989094082566,0.6791415396781175,1.1043591382569204
692,543,f6ca28625cd3db34,Cardiomegaly,off,0.1465676456685622,1.0,0.3308092244476296,0.4809376303113805,1.8059326892290748
692,543,f6ca28625cd3db34,Cardiomegaly,on,0.1465676456685622,1.0,0.6743776723659952,0.8055164295623551,1.7207866614906762
693,544,06cef2e1a825b8c0,Cardiomegaly,off,0.1852988903995439,1.0,0.3633546918201289,0.5212757016039062,1.6120054257570786
693,544,06cef2e1a825b8c0,Cardiomegaly,on,0.1852988903995439,1.0,0.6133318879680202,0.7603280072601273,1.3497049339659222
694,548,2ec66809201014ac,Cardiomegaly,off,0.1859275177989269,1.0,0.4373661561480934,0.6043506820065268,1.6723939358934738
694,548,2ec66809201014ac,Cardiomegaly,on,0.1859275177989269,1.0,0.497420864914888,0.6643682298743268,1.3978504436514774
695,550,4b73dc561cd967c1,Cardiomegaly,off,0.1705773138605032,1.0,0.2239568327215379,0.3639297065698753,0.9882668211512404
695,550,4b73dc561cd967c1,Cardiomegaly,on,0.1705773138605032,1.0,0.269791831534525,0.4249326683199085,0.621466562645291
696,551,972349289dd76549,Cardiomegaly,off,0.1951961171293656,1.0,0.2959699812461641,0.4537476621149197,1.3382464034798702
696,551,972349289dd76549,Cardiomegaly,on,0.1951961171293656,1.0,0.3462081771521092,0.514342798364358,1.0385550104776078
697,556,7544b8fd9fae86bb,Cardiomegaly,off,0.1418407574716508,1.0,0.4008927515559389,0.5621060065680671,1.6460680355954047
697,556,7544b8fd9fae86bb,Cardiomegaly,on,0.1418407574716508,1.0,0.5904257752611516,0.7424702901089779,1.425542060762523
698,563,1c8da14e96dece38,Cardiomegaly,off,0.166469306901744,1.0,0.3897585221188201,0.5592180453109139,1.448257513318584
698,563,1c8da14e96dece38,Cardiomegaly,on,0.166469306901744,1.0,0.4212338550197715,0.59276978756837,0.942100949838402
699,564,5f920ed6737c40a1,Cardiomegaly,off,0.1326160158667504,1.0,0.2546693903373412,0.4034349876230678,1.142661460251595
699,564,5f920ed6737c40a1,Cardiomegaly,on,0.1326160158667504,1.0,0.4591697106508764,0.6293433356896383,1.0158847332523142
700,575,214a8fe9f196e531,Cardiomegaly,off,0.1741492819515713,1.0,0.4289124185732116,0.5962275075113107,1.451949041330086
700,575,214a8fe9f196e531,Cardiomegaly,on,0.1741492819515713,1.0,0.5019256948631547,0.6683754665312985,1.1051051554733569
701,576,2f0b25b0451b7721,Cardiomegaly,off,0.1799092632389417,1.0,0.4974729907032823,0.6631388825978477,2.123315559292847
701,576,2f0b25b0451b7721,Cardiomegaly,on,0.1799092632389417,1.0,0.5261189231017964,0.6894860389992662,2.08691279062007
702,577,a3ec37f62a93ffbf,Cardiomegaly,off,0.1434537471553391,1.0,0.3881234898057246,0.5551748427978064,1.1746096902441172
702,577,a3ec37f62a93ffbf,Cardiomegaly,on,0.1434537471553391,1.0,0.4682079905690496,0.6377951689910909,1.089590635873059
703,580,797c2f40115e9520,Cardiomegaly,off,0.1533802123688532,1.0,0.3564091991073199,0.5217950705397641,1.3292969708485454
703,580,797c2f40115e9520,Cardiomegaly,on,0.1533802123688532,1.0,0.4361758417248745,0.607412102383209,0.9962351742114296
704,581,1dd35bdc701058b8,Cardiomegaly,off,0.1429274544488789,1.0,0.3292364415610264,0.4802986327989889,1.7746064103895376
704,581,1dd35bdc701058b8,Cardiomegaly,on,0.1429274544488789,1.0,0.6910273372106766,0.8172791641260846,1.7672224594918404
705,582,1721365ffc626d65,Cardiomegaly,off,0.1840952394875468,1.0,0.3422143889664383,0.5026563730945793,1.2150042869899982
705,582,1721365ffc626d65,Cardiomegaly,on,0.1840952394875468,1.0,0.4712687722965423,0.6406280299479945,0.9514576759361344
706,583,8e7589220df31a0d,Cardiomegaly,off,0.1406029949953462,1.0,0.2152068465978807,0.3501744599575596,1.0709302521707444
706,583,8e7589220df31a0d,Cardiomegaly,on,0.1406029949953462,1.0,0.4204448672636695,0.591989956396921,0.8784727471489834
707,585,af0c034956436e0a,Cardiomegaly,off,0.1672441267195883,1.0,0.3514277606936326,0.5147654176162652,1.157189899124873
707,585,af0c034956436e0a,Cardiomegaly,on,0.1672441267195883,1.0,0.4627308514527704,0.6326939476261221,0.9178300940411152
708,586,9b93318ddb7cd62b,Cardiomegaly,off,0.1772534343035637,1.0,0.2783817158178948,0.4252875488078439,1.191512751816364
708,586,9b93318ddb7cd62b,Cardiomegaly,on,0.1772534343035637,1.0,0.4441453811583803,0.6150792961902856,0.9286216909419576
709,590,89f9b7849e46caa9,Cardiomegaly,off,0.1601294290211443,1.0,0.3484994396293494,0.5090779140063516,1.4033970090753096
709,590,89f9b7849e46caa9,Cardiomegaly,on,0.1601294290211443,1.0,0.4750360595100554,0.6440962367582959,0.9632255562594896
710,591,9386dc7a34a1e7dd,Cardiomegaly,off,0.1743588244180323,1.0,0.3332253377884269,0.4934564493810366,1.2535191812090865
710,591,9386dc7a34a1e7dd,Cardiomegaly,on,0.1743588244180323,1.0,0.4623774402998309,0.6323569118677235,0.919762228004458
711,593,126026090474fbb9,Cardiomegaly,off,0.152317880794702,1.0,0.2881868286829134,0.4423411873819011,1.2556149941178645
711,593,126026090474fbb9,Cardiomegaly,on,0.152317880794702,1.0,0.3619032305996464,0.5314613937297492,0.9048101445926214
712,595,dcd8247a468ccb75,Cardiomegaly,off,0.1748217670764927,1.0,0.3006979334299026,0.4610293314227592,1.1531242364234988
712,595,dcd8247a468ccb75,Cardiomegaly,on,0.1748217670764927,1.0,0.3319636238501685,0.498455574297813,0.7268923937236771
713,596,7dbc96c71e7336c3,Cardiomegaly,off,0.1592084167848388,1.0,0.1681123590961922,0.2861648237148901,0.4038165115997165
713,596,7dbc96c71e7336c3,Cardiomegaly,on,0.1592084167848388,1.0,0.2256328257366583,0.3681854135549039,0.3649007135026116
714,598,b38df7a297c10dd5,Cardiomegaly,off,0.1479857121276357,1.0,0.3195993303649347,0.4771508092546003,1.353808924493232
714,598,b38df7a297c10dd5,Cardiomegaly,on,0.1479857121276357,1.0,0.4937161127464106,0.6610546758464956,1.0905110159189575
715,599,07c65ac7e61ec610,Cardiomegaly,off,0.1591109551725314,1.0,0.3239351947159522,0.4844492402790785,1.1726272742042438
715,599,07c65ac7e61ec610,Cardiomegaly,on,0.1591109551725314,1.0,0.4251226963030888,0.5966120534333711,0.9661862912402324
716,600,79f54cb01230a30e,Cardiomegaly,off,0.1618739918814477,1.0,0.3515759240096544,0.5111433680219142,1.5676841022174
716,600,79f54cb01230a30e,Cardiomegaly,on,0.1618739918814477,1.0,0.491346716530625,0.6589256042146203,1.1267026196879866
717,601,cc33d850a281e99f,Cardiomegaly,off,0.1919457723589121,1.0,0.3529947824195855,0.5175282954683919,1.04126430069638
717,601,cc33d850a281e99f,Cardiomegaly,on,0.1919457723589121,1.0,0.41338488881748,0.5849549356497495,0.7841838189031041
718,602,bedf19097d27d0ba,Cardiomegaly,off,0.1790710933730976,1.0,0.3596483778847409,0.5211656314553467,1.4168331118503676
718,602,bedf19097d27d0ba,Cardiomegaly,on,0.1790710933730976,1.0,0.5134113902906126,0.6784814468437266,1.104597480357847
719,605,0b84b77a60ffbb36,Cardiomegaly,off,0.1506220487405523,1.0,0.2590733565291703,0.4036656331670413,1.2204741331480569
719,605,0b84b77a60ffbb36,Cardiomegaly,on,0.1506220487405523,1.0,0.4538027601269531,0.62429578655588,1.0102187481849991
720,607,cd9b8a1ed4c43573,Cardiomegaly,off,0.1583068968709949,0.0,0.2628252597545976,0.4116874943826574,1.1462714821305573
720,607,cd9b8a1ed4c43573,Cardiomegaly,on,0.1583068968709949,0.0,0.3176551868791982,0.4821485440871377,0.8465861242408977
721,609,0f372aae9c5752a3,Cardiomegaly,off,0.1812249950050923,1.0,0.3815176827617427,0.5368938436318382,1.6631207984720118
721,609,0f372aae9c5752a3,Cardiomegaly,on,0.1812249950050923,1.0,0.574793004703278,0.7299869404803638,1.3179496577905292
722,617,0bb24a56c2670768,Cardiomegaly,off,0.1793439858875585,1.0,0.368834055486629,0.5343776752348272,1.2375350508793397
722,617,0bb24a56c2670768,Cardiomegaly,on,0.1793439858875585,1.0,0.4560010280779493,0.6263740372042772,1.1142023402115342
723,619,f6ce4753c7645ea2,Cardiomegaly,off,0.1573322807479204,1.0,0.2221259821440211,0.3550728978272436,1.295761200537258
723,619,f6ce4753c7645ea2,Cardiomegaly,on,0.1573322807479204,1.0,0.4872891133069526,0.655261531310153,1.0261863220758976
724,620,bf9fef80db09bc13,Cardiomegaly,off,0.1856205137201584,1.0,0.4688069194259269,0.6336917742065877,1.6742506396351344
724,620,bf9fef80db09bc13,Cardiomegaly,on,0.1856205137201584,1.0,0.5521061373288789,0.7114208025334251,1.2896190155434435
725,625,54b1d80e19cdd92e,Cardiomegaly,off,0.1644128668820568,1.0,0.4049049641442532,0.5741765078209646,1.2487636011597016
725,625,54b1d80e19cdd92e,Cardiomegaly,on,0.1644128668820568,1.0,0.4567651346584327,0.6270935678697482,0.9966022140355428
726,626,61dae602d0b69f43,Cardiomegaly,off,0.1566841610260758,1.0,0.1856550466471426,0.3063431372146982,1.447988495268092
726,626,61dae602d0b69f43,Cardiomegaly,on,0.1566841610260758,1.0,0.4419216153605668,0.6129378966542294,0.9374267105321714
727,627,9d878e929646cca4,Cardiomegaly,off,0.169817113284505,1.0,0.3205645329538226,0.4825047456391395,1.1482782663571438
727,627,9d878e929646cca4,Cardiomegaly,on,0.169817113284505,1.0,0.453962832029156,0.6244305607186392,1.013914585337336
728,628,79d33f7627032c13,Cardiomegaly,off,0.1694613783995828,1.0,0.3617958856897109,0.5234507019088422,1.4039729465852415
728,628,79d33f7627032c13,Cardiomegaly,on,0.1694613783995828,1.0,0.5413474319157948,0.7024291062204003,1.1199003225846376
729,629,ab728b61f30384c1,Cardiomegaly,off,0.1310712493116773,1.0,0.3497182556111915,0.5125761620432561,1.3196509365685225
729,629,ab728b61f30384c1,Cardiomegaly,on,0.1310712493116773,1.0,0.4547980953668125,0.6252372924933421,1.071199492935009
730,630,905c8db3c75a119a,Cardiomegaly,off,0.1632092159700598,1.0,0.3719236334811671,0.5291660471903098,1.9893009417119087
730,630,905c8db3c75a119a,Cardiomegaly,on,0.1632092159700598,1.0,0.6357117863222779,0.7772860192263854,1.4739143292822965
731,631,e2845c008a174e95,Cardiomegaly,off,0.1473668308894834,1.0,0.3092289551828854,0.4683440210785831,0.9881120383833666
731,631,e2845c008a174e95,Cardiomegaly,on,0.1473668308894834,1.0,0.3783824103305387,0.5490237245233571,0.8706565952910189
732,632,ee1610fae5db6897,Cardiomegaly,off,0.1409977145251914,1.0,0.4699162003122715,0.6370023481112733,1.5236067317599948
732,632,ee1610fae5db6897,Cardiomegaly,on,0.1409977145251914,1.0,0.5312144516821287,0.6938471997601029,1.4676862429712791
733,635,61884254369ca7b6,Cardiomegaly,off,0.1799677402063262,1.0,0.302371410885791,0.4525338024876856,1.2629850882671383
733,635,61884254369ca7b6,Cardiomegaly,on,0.1799677402063262,1.0,0.4398247427303485,0.6109381615943275,0.9759488718412996
734,638,e36010bbb7371368,Cardiomegaly,off,0.1416409611664205,1.0,0.2594084435820716,0.4044589652702778,1.128059864297303
734,638,e36010bbb7371368,Cardiomegaly,on,0.1416409611664205,1.0,0.440716696091011,0.6117942832053053,0.9093705743393156
735,639,6edd6abbc9ad1532,Cardiomegaly,off,0.1738325317115721,1.0,0.3450653051767132,0.5118324669363145,0.782238114145922
735,639,6edd6abbc9ad1532,Cardiomegaly,on,0.1738325317115721,1.0,0.3649999367154838,0.5347965438680803,0.6709638743187243
736,640,d1e93953200c1186,Cardiomegaly,off,0.1772144496586407,1.0,0.3454233327425006,0.5021258111886681,1.2015407330370107
736,640,d1e93953200c1186,Cardiomegaly,on,0.1772144496586407,1.0,0.4909544326356783,0.6585459593007335,1.0180726839073675
737,641,294947320c2cca4a,Cardiomegaly,off,0.130491352718448,1.0,0.284784926285063,0.4336809541697058,1.3071183668959458
737,641,294947320c2cca4a,Cardiomegaly,on,0.130491352718448,1.0,0.4477389026898513,0.6185100547301007,0.9622069352023502
738,649,163c8088c230cf46,Cardiomegaly,off,0.1526784887602395,1.0,0.3973538831913609,0.5624553319800893,1.4520944198818146
738,649,163c8088c230cf46,Cardiomegaly,on,0.1526784887602395,1.0,0.5613374546671905,0.7190443567701799,1.2368339964438495
739,652,8178baafc2b7ba5b,Cardiomegaly,off,0.1493306823774785,1.0,0.3732553474322593,0.5282331777325215,1.744367084781121
739,652,8178baafc2b7ba5b,Cardiomegaly,on,0.1493306823774785,1.0,0.5923983379059702,0.7440326687880443,1.5294896868970254
740,658,02bb8bdaddf67809,Cardiomegaly,off,0.2032123347416536,1.0,0.2939908895883608,0.4494142549439807,1.025969452222156
740,658,02bb8bdaddf67809,Cardiomegaly,on,0.2032123347416536,1.0,0.3697209128159656,0.5398438186764569,0.686662172473245
741,659,3f4eb9d75742b598,Cardiomegaly,off,0.1631653582445214,1.0,0.2963637791759587,0.4519794848536563,0.8698849087241238
741,659,3f4eb9d75742b598,Cardiomegaly,on,0.1631653582445214,1.0,0.3351630397199286,0.5020354535958114,0.6562613307939948
742,660,ad0a56ab2e391d06,Cardiomegaly,off,0.1351841293510518,1.0,0.2532796531701352,0.3992883483245812,1.1668141079299548
742,660,ad0a56ab2e391d06,Cardiomegaly,on,0.1351841293510518,1.0,0.4230033060453307,0.5945133814043411,0.8705351129256232
743,661,2c70900c590d74ad,Cardiomegaly,off,0.1460121144784098,1.0,0.251668722234164,0.3980026060936056,1.027263098299697
743,661,2c70900c590d74ad,Cardiomegaly,on,0.1460121144784098,1.0,0.3679451901891066,0.5379500155574892,0.7324670029461965
744,668,a207cabae49761bc,Cardiomegaly,off,0.1769610494666413,1.0,0.4096645707271177,0.5699762044165638,1.7340626553998664
744,668,a207cabae49761bc,Cardiomegaly,on,0.1769610494666413,1.0,0.592332452181301,0.743980621755206,1.514948251737744
745,670,31a5332679fdc782,Cardiomegaly,off,0.1690033088217378,1.0,0.2890373277784291,0.4460033880951844,0.7602732279401538
745,670,31a5332679fdc782,Cardiomegaly,on,0.1690033088217378,1.0,0.3109460990908279,0.4743798292205369,0.5452572041383136
746,671,ca6773a837562f0d,Cardiomegaly,off,0.1902304479823009,1.0,0.2715948458207006,0.4255153276406892,0.5313391808471355
746,671,ca6773a837562f0d,Cardiomegaly,on,0.1902304479823009,1.0,0.2665684588383487,0.4209273280989012,0.4192270234354454
747,673,a0d4ee8de8d31823,Cardiomegaly,off,0.1407004566076536,1.0,0.190886299615689,0.3159281580116519,0.6921750676783227
747,673,a0d4ee8de8d31823,Cardiomegaly,on,0.1407004566076536,1.0,0.3201280284280605,0.484992028004086,0.6147519328000788
748,674,d00e08c821daddb2,Cardiomegaly,off,0.1654557061337465,1.0,0.3759673250317211,0.5394272457327118,1.5107528188000772
748,674,d00e08c821daddb2,Cardiomegaly,on,0.1654557061337465,1.0,0.518049213977952,0.6825174913088013,1.133832603496795
749,677,d31e90e1677b0e8a,Cardiomegaly,off,0.1335808858285942,1.0,0.3286927435639991,0.4892039863394039,1.2916827237984128
749,677,d31e90e1677b0e8a,Cardiomegaly,on,0.1335808858285942,1.0,0.4869887519065233,0.654998592351731,1.1218775508268828
750,679,dc533c92faa848e7,Cardiomegaly,off,0.1702459443786578,1.0,0.366654015295558,0.533857387953244,1.5678691222396934
750,679,dc533c92faa848e7,Cardiomegaly,on,0.1702459443786578,1.0,0.4615099186877972,0.6315500143319073,1.1341345522799926
751,684,4d19a321fce81a88,Cardiomegaly,off,0.1449107982593356,1.0,0.2293338871942666,0.3657431746179888,1.0622591050957015
751,684,4d19a321fce81a88,Cardiomegaly,on,0.1449107982593356,1.0,0.3516198941241105,0.5202907604423063,0.88060023770101
752,688,c5e74a9e6d9866c6,Cardiomegaly,off,0.1639986550297501,1.0,0.311537479660843,0.4698639917408184,1.0692713489087535
752,688,c5e74a9e6d9866c6,Cardiomegaly,on,0.1639986550297501,1.0,0.4605950764927223,0.6306837712136012,0.9486083579097168
753,689,ed4399b895f782c8,Cardiomegaly,off,0.1398963983061171,1.0,0.3585459698976393,0.5219088489533567,0.831582656152236
753,689,ed4399b895f782c8,Cardiomegaly,on,0.1398963983061171,1.0,0.4228269838077674,0.5943419189224843,0.8624972373055718
754,691,52e293f3160d0ffe,Cardiomegaly,off,0.1453445024341037,1.0,0.3173537431011023,0.4793390168517285,1.214826185398589
754,691,52e293f3160d0ffe,Cardiomegaly,on,0.1453445024341037,1.0,0.4398278150285261,0.6109395351728149,1.2843143739779088
755,699,2269b34cd39dc1cb,Cardiomegaly,off,0.1790126164057132,1.0,0.3582571467623622,0.5233545142843082,1.0372692869194455
755,699,2269b34cd39dc1cb,Cardiomegaly,on,0.1790126164057132,1.0,0.4192478452616138,0.5907974319040381,0.8326521647556631
756,705,4eabc937d96b0ffd,Cardiomegaly,off,0.1644128668820568,1.0,0.4698212544510013,0.6295825740338471,1.6330911698223032
756,705,4eabc937d96b0ffd,Cardiomegaly,on,0.1644128668820568,1.0,0.6045479763636987,0.7535385455255966,1.3911279419585094
757,706,b96969823d73a7bc,Cardiomegaly,off,0.1666593570457436,1.0,0.4658958830473357,0.6301608803345663,1.1945909486782793
757,706,b96969823d73a7bc,Cardiomegaly,on,0.1666593570457436,1.0,0.5551326234719862,0.7139358683265047,1.1660895521002337
758,710,af5dde2eb6b9742a,Cardiomegaly,off,0.1578537003737652,1.0,0.1924898121367861,0.3192876583588871,0.7006597179148004
758,710,af5dde2eb6b9742a,Cardiomegaly,on,0.1578537003737652,1.0,0.2775574160132629,0.4345061709847836,0.5043674207603621
759,711,b3da9d0303cf2c8f,Cardiomegaly,off,0.1481660161104045,1.0,0.5017253738480638,0.6622281645192462,2.0398328631847567
759,711,b3da9d0303cf2c8f,Cardiomegaly,on,0.1481660161104045,1.0,0.5101706601230245,0.6756353635750625,2.659020191558828
760,712,48aff0553b673b8b,Cardiomegaly,off,0.1795925129989425,1.0,0.3279045155215032,0.4936390273246103,1.156670885500961
760,712,48aff0553b673b8b,Cardiomegaly,on,0.1795925129989425,1.0,0.3313073989098423,0.497717273387891,0.8729710833947385
761,714,b2fdc492ae0123c6,Cardiomegaly,off,0.1111257303529572,1.0,0.406156982777363,0.5768349127419483,1.2970915139563866
761,714,b2fdc492ae0123c6,Cardiomegaly,on,0.1111257303529572,1.0,0.3757833380608441,0.5462377586337464,1.0255313161413286
762,715,af6cd7b956adeb19,Cardiomegaly,off,0.1394480748895029,1.0,0.2228622806276602,0.3606711511304307,1.182328830944528
762,715,af6cd7b956adeb19,Cardiomegaly,on,0.1394480748895029,1.0,0.451190753174884,0.6218106063211593,1.0866611410937024
763,716,d71ce8514eaeb2a3,Cardiomegaly,off,0.1283325780058379,1.0,0.1983280750242905,0.3305291342793844,0.9513800186367
763,716,d71ce8514eaeb2a3,Cardiomegaly,on,0.1283325780058379,1.0,0.2575492779516223,0.4095788015774199,0.6593201381945019
764,717,202e12d7ebba3624,Cardiomegaly,off,0.1831498618481645,1.0,0.2733229333959092,0.4243048625815729,0.6985403024086606
764,717,202e12d7ebba3624,Cardiomegaly,on,0.1831498618481645,1.0,0.3408202745121209,0.5083665279772761,0.6044419036926628
765,718,1d2fbbe6e22826c5,Cardiomegaly,off,0.1776920115589472,1.0,0.2892402817908549,0.4395318623910406,1.1783934985748796
765,718,1d2fbbe6e22826c5,Cardiomegaly,on,0.1776920115589472,1.0,0.4255111453156959,0.5969914611129088,0.825218220923369
766,719,409ee47d21baa5db,Cardiomegaly,off,0.1723657344463449,1.0,0.4783690776749353,0.6467781160972214,1.7295591209524357
766,719,409ee47d21baa5db,Cardiomegaly,on,0.1723657344463449,1.0,0.489273422531529,0.6570630474738672,1.4144666690856151
767,720,5f71da4bbf80cb20,Cardiomegaly,off,0.1884127889127669,1.0,0.3874058824705954,0.556034834549459,1.3099166897275685
767,720,5f71da4bbf80cb20,Cardiomegaly,on,0.1884127889127669,1.0,0.4363944389552395,0.6076247755353293,0.9971957736712526
768,722,ad9c9cb07f6f78c8,Cardiomegaly,off,0.1771413534494101,1.0,0.3950420537002296,0.5608133677549667,1.155234325646558
768,722,ad9c9cb07f6f78c8,Cardiomegaly,on,0.1771413534494101,1.0,0.5100744269799995,0.6755613817727484,1.0593643957751522
769,724,59fa68de64ffaa7d,Cardiomegaly,off,0.1863417296512336,1.0,0.316572426219555,0.4787492820778253,1.086170776261386
769,724,59fa68de64ffaa7d,Cardiomegaly,on,0.1863417296512336,1.0,0.3597908116648519,0.5291808477203844,0.7242302006909959
770,727,73b7a98fb207af59,Cardiomegaly,off,0.1300479023824491,1.0,0.2502801533444623,0.3917634650112978,1.2388960349564644
770,727,73b7a98fb207af59,Cardiomegaly,on,0.1300479023824491,1.0,0.5264757235601879,0.689788927314012,1.1777353728400175
771,728,e0858f869fb1d358,Cardiomegaly,off,0.1517623496045495,1.0,0.3034916148815354,0.4579342453071733,1.301348341913631
771,728,e0858f869fb1d358,Cardiomegaly,on,0.1517623496045495,1.0,0.4407835811625949,0.611866230079643,1.0361792417105788
772,729,3502d707ba4a3a3f,Cardiomegaly,off,0.1283618164895301,1.0,0.2780371982068833,0.4322268961317747,1.2242513620546374
772,729,3502d707ba4a3a3f,Cardiomegaly,on,0.1283618164895301,1.0,0.3964644802982943,0.5678116577424254,0.845535090392823
773,733,f6fbdade42ecdb95,Cardiomegaly,off,0.1714057375651165,1.0,0.3102736588849351,0.4598603936394266,1.7749101210425442
773,733,f6fbdade42ecdb95,Cardiomegaly,on,0.1714057375651165,1.0,0.6393227034616068,0.7799796922603984,1.6928832862099783
774,734,4e8cc590986cc131,Cardiomegaly,off,0.1809277370875546,1.0,0.2456886682120622,0.3925173553076335,0.8669710242641205
774,734,4e8cc590986cc131,Cardiomegaly,on,0.1809277370875546,1.0,0.3276842125064682,0.4936129621203927,0.6664549820476606
775,735,1fd96564896ac64e,Cardiomegaly,off,0.1595300401054534,1.0,0.3748806469562263,0.5360661646356697,1.819774398218334
775,735,1fd96564896ac64e,Cardiomegaly,on,0.1595300401054534,1.0,0.6195409738796162,0.7650801193409871,1.4603678802959617
776,736,9132311b5a5760bd,Cardiomegaly,off,0.1754650137177219,1.0,0.2439321892021626,0.3904333606287939,0.8885814970473751
776,736,9132311b5a5760bd,Cardiomegaly,on,0.1754650137177219,1.0,0.2934403979446174,0.453734386100129,0.5496883338612533
777,739,f282b543a98a6adf,Cardiomegaly,off,0.155587717887617,1.0,0.4145079372953276,0.5853063367887575,1.3222971395283858
777,739,f282b543a98a6adf,Cardiomegaly,on,0.155587717887617,1.0,0.4463120333377552,0.6171696251996552,1.0806965230763312
778,740,6a0cf8217cd19547,Cardiomegaly,off,0.1944018049890599,1.0,0.2229773712803996,0.3629524143899846,0.5389458878682871
778,740,6a0cf8217cd19547,Cardiomegaly,on,0.1944018049890599,1.0,0.2551601768048411,0.4065758059125854,0.3590436777697101
779,742,a6f2173b3167c667,Cardiomegaly,off,0.1835981852647788,1.0,0.2572243502367793,0.4083268045303748,0.9227570118070986
779,742,a6f2173b3167c667,Cardiomegaly,on,0.1835981852647788,1.0,0.2731810440940806,0.4291292154319543,0.5387765544236253
780,743,77833736695e8699,Cardiomegaly,off,0.1377571159159686,1.0,0.4520484875876061,0.6186488465968608,1.3839142719070143
780,743,77833736695e8699,Cardiomegaly,on,0.1377571159159686,1.0,0.5079703418675553,0.6737083862557762,1.092678825465225
781,745,ea67363fc3eed456,Cardiomegaly,off,0.1872383764844621,1.0,0.3574981287553108,0.5230115553901056,1.099151884894998
781,745,ea67363fc3eed456,Cardiomegaly,on,0.1872383764844621,1.0,0.4484299395671144,0.6191904493425446,0.8816115305581066
782,749,11663b0653bdfaec,Cardiomegaly,off,0.1098392370704988,1.0,0.2026013005621781,0.335020592266605,0.598183758886238
782,749,11663b0653bdfaec,Cardiomegaly,on,0.1098392370704988,1.0,0.2912376237147887,0.4510943726904735,0.6546873994696477
783,750,bb5184c8cffa9ed9,Cardiomegaly,off,0.1730625849743432,1.0,0.3435375428108336,0.5089645461632325,1.2575752930180495
783,750,bb5184c8cffa9ed9,Cardiomegaly,on,0.1730625849743432,1.0,0.4033419117960255,0.5748289169613078,0.781555935073252
784,751,543a5528c87b2f5d,Cardiomegaly,off,0.1892168472143034,1.0,0.4904917984036775,0.6539133299987292,1.5393761487518014
784,751,543a5528c87b2f5d,Cardiomegaly,on,0.1892168472143034,1.0,0.5222298159771104,0.6861261019516869,1.1204000514737158
785,755,691b6a598d35f408,Cardiomegaly,off,0.1911758256216832,1.0,0.2510076272936222,0.3927467081032398,0.9472704969647624
785,755,691b6a598d35f408,Cardiomegaly,on,0.1911758256216832,1.0,0.3622194496609022,0.5317983278796581,0.7062785079041175
786,756,3cb452eb0c7eb696,Cardiomegaly,off,0.1343459594852077,1.0,0.1883116457407392,0.3149671674401624,0.957974907138006
786,756,3cb452eb0c7eb696,Cardiomegaly,on,0.1343459594852077,1.0,0.2985247748480964,0.4597814596034941,0.6345757734723448
787,758,5655c391e89d0398,Cardiomegaly,off,0.1779161732672543,1.0,0.3219989857461712,0.4772980799042086,1.19654323825333
787,758,5655c391e89d0398,Cardiomegaly,on,0.1779161732672543,1.0,0.4492393108650271,0.6199650086822985,0.923069765259735
788,760,3e070b1789cb8517,Cardiomegaly,off,0.0954831415776111,1.0,0.298015604138861,0.45177282064661,1.293572143360325
788,760,3e070b1789cb8517,Cardiomegaly,on,0.0954831415776111,1.0,0.5035567497097426,0.6698203354595474,1.2133548601607291
789,761,df171907ed8ead8a,Cardiomegaly,off,0.1987242274948954,0.0,0.1359638141737486,0.2364359074439001,0.3690768177808601
789,761,df171907ed8ead8a,Cardiomegaly,on,0.1987242274948954,0.0,0.1401747304913064,0.2458702245307048,0.1437443950420453
790,764,b734b7047b19bcde,Cardiomegaly,off,0.1821508803220131,1.0,0.2786240558921132,0.4275126259356428,0.972557042820919
790,764,b734b7047b19bcde,Cardiomegaly,on,0.1821508803220131,1.0,0.4131567841026564,0.5847231435211707,0.7986228936494051
791,765,2354bf39abc9bf7e,Cardiomegaly,off,0.1547398018605421,1.0,0.2872733106382686,0.4421720123152493,1.6289363743489635
791,765,2354bf39abc9bf7e,Cardiomegaly,on,0.1547398018605421,1.0,0.5409336620072785,0.7020826357013591,1.7519854092767395
792,766,1a3deff1a73dec78,Cardiomegaly,off,0.1894410089226106,1.0,0.4567809525328682,0.6246109488876154,1.6961187498254036
792,766,1a3deff1a73dec78,Cardiomegaly,on,0.1894410089226106,1.0,0.5031938550936323,0.669493738473154,1.3133665835234267
793,768,afce7d9041b66379,Cardiomegaly,off,0.1735157814715728,1.0,0.3577433340942657,0.5221787831815263,1.593597821299236
793,768,afce7d9041b66379,Cardiomegaly,on,0.1735157814715728,1.0,0.4765685742189658,0.6455073841463974,1.2699227519376086
794,770,8f741cc6579b8f35,Cardiomegaly,off,0.143229585447032,1.0,0.2226695086389792,0.3595544804052804,0.7212974182901647
794,770,8f741cc6579b8f35,Cardiomegaly,on,0.143229585447032,1.0,0.3498445472639784,0.5183455496541184,0.6928019800730626
795,777,be62e3e05fdebc7e,Cardiomegaly,off,0.1696709208660438,1.0,0.3563471665243966,0.5202137633654889,1.3698982919790226
795,777,be62e3e05fdebc7e,Cardiomegaly,on,0.1696709208660438,1.0,0.4619141046515302,0.6319269155908753,1.1242179143804796
796,778,d03e8bd32d72f609,Cardiomegaly,off,0.1631653582445214,1.0,0.317816630418455,0.4786320532183246,0.8514084039212619
796,778,d03e8bd32d72f609,Cardiomegaly,on,0.1631653582445214,1.0,0.3900703792105822,0.5612223083491024,0.7597129885653149
797,779,3fa3bb780ed1fbf1,Cardiomegaly,off,0.1626000808931382,1.0,0.4183222898335328,0.5825353050017008,1.8440490887720515
797,779,3fa3bb780ed1fbf1,Cardiomegaly,on,0.1626000808931382,1.0,0.5524458127232663,0.7117087512935226,1.6115462078882108
798,780,0b9c82f78ec906ae,Cardiomegaly,off,0.1501493599208611,1.0,0.2566900957982603,0.4031790030184042,1.1550703433436482
798,780,0b9c82f78ec906ae,Cardiomegaly,on,0.1501493599208611,1.0,0.4406299544395157,0.6116848193018676,0.9314580514841126
799,782,c5e022e3bbb4d365,Cardiomegaly,off,0.165972252678976,1.0,0.2899772330278553,0.447780090075661,1.3496460355991051
799,782,c5e022e3bbb4d365,Cardiomegaly,on,0.165972252678976,1.0,0.385623158511729,0.556587722894302,1.1445353266128218
800,783,78d867a67581bec6,Cardiomegaly,off,0.1455979026261031,1.0,0.2432199298801646,0.3887419332424233,0.985999756982166
800,783,78d867a67581bec6,Cardiomegaly,on,0.1455979026261031,1.0,0.326020164940288,0.4917270760963346,0.8707887324910959
801,788,02cd8956d2df2ded,Cardiomegaly,off,0.1599539981189909,1.0,0.2493167497308082,0.3960133830945372,1.1617622641081518
801,788,02cd8956d2df2ded,Cardiomegaly,on,0.1599539981189909,1.0,0.3568243176281525,0.5259559166447615,0.7301528582807619
802,790,9f3e1706f653df37,Cardiomegaly,off,0.1680335657792787,1.0,0.3231070932473092,0.4846300679064024,1.2757132462494862
802,790,9f3e1706f653df37,Cardiomegaly,on,0.1680335657792787,1.0,0.4452043039123975,0.6161075348977322,0.9410373533957116
803,792,9a54c509e24476a8,Cardiomegaly,off,0.170104625040812,1.0,0.2946446692141165,0.4538721718952264,0.803164067883634
803,792,9a54c509e24476a8,Cardiomegaly,on,0.170104625040812,1.0,0.3129151468840486,0.476668951756438,0.5752146719145736
804,793,b9598d90ce357368,Cardiomegaly,off,0.1484827663504037,1.0,0.2604868631158207,0.407201155425447,1.002075417090257
804,793,b9598d90ce357368,Cardiomegaly,on,0.1484827663504037,1.0,0.3786764945107752,0.5493212323275934,0.8324558845857303
805,796,4ae0fac5d7de98ea,Cardiomegaly,off,0.1431954738827244,1.0,0.407121781021338,0.5769560298092785,0.9683734607010978
805,796,4ae0fac5d7de98ea,Cardiomegaly,on,0.1431954738827244,1.0,0.4488350123526171,0.6195784486571883,1.0109299122627875
806,800,a547abae9d91e112,Cardiomegaly,off,0.1844997051786227,1.0,0.3121052808467648,0.4693985327147641,1.1047509412093308
806,800,a547abae9d91e112,Cardiomegaly,on,0.1844997051786227,1.0,0.4461724875503587,0.6170381890688135,0.869107991916178
807,804,fa6ff87391ab6d7e,Cardiomegaly,off,0.1493550477805554,1.0,0.2402113180249551,0.3862267725243643,0.7935128802956495
807,804,fa6ff87391ab6d7e,Cardiomegaly,on,0.1493550477805554,1.0,0.2579221275795686,0.4100752607093602,0.5260101916715033
808,807,a2535a6d389ba3d8,Cardiomegaly,off,0.1577757310839193,1.0,0.2014586698900459,0.3299339534520591,0.7130656559193201
808,807,a2535a6d389ba3d8,Cardiomegaly,on,0.1577757310839193,1.0,0.3447245221514722,0.5126888474468714,0.6630514713949918
809,810,8336bd50aae30562,Cardiomegaly,off,0.1787640892943292,1.0,0.2262472188505771,0.3659503334205359,0.6492674295532257
809,810,8336bd50aae30562,Cardiomegaly,on,0.1787640892943292,1.0,0.2686838894812796,0.4235584126985023,0.4505440356545478
810,811,83929c209e10fe91,Cardiomegaly,off,0.1749533402531078,1.0,0.273703156843408,0.4253043101359536,0.8331121491361894
810,811,83929c209e10fe91,Cardiomegaly,on,0.1749533402531078,1.0,0.3717056378507946,0.5419576984639438,0.6982418869382802
811,812,382d4e4bdf4cf814,Cardiomegaly,off,0.160348717648836,1.0,0.3556447507901014,0.5179413644285706,1.6961492775392446
811,812,382d4e4bdf4cf814,Cardiomegaly,on,0.160348717648836,1.0,0.5894080665032175,0.7416612228138957,1.357357794955097
812,814,7e9eb887c924271c,Cardiomegaly,off,0.1570301497497673,1.0,0.1705585579726768,0.2889405150442191,0.5474080520095059
812,814,7e9eb887c924271c,Cardiomegaly,on,0.1570301497497673,1.0,0.2190056426987464,0.359311982932158,0.4030770990282237
813,816,c58d55daf5dba616,Cardiomegaly,off,0.1599832366026831,1.0,0.2822332956120356,0.4361453521388203,1.077850208939746
813,816,c58d55daf5dba616,Cardiomegaly,on,0.1599832366026831,1.0,0.3644342594592403,0.5341874876895802,0.801626211068017
814,820,70be5c0926d117d0,Cardiomegaly,off,0.1560945182716157,1.0,0.2958994137039389,0.4468754873579902,1.301736988057221
814,820,70be5c0926d117d0,Cardiomegaly,on,0.1560945182716157,1.0,0.4785529272254438,0.6473241298847792,1.070608827571686
815,823,89dc7150e980b6c2,Cardiomegaly,off,0.1498423558420926,1.0,0.3585070049894242,0.5195735829953299,1.2006463537634875
815,823,89dc7150e980b6c2,Cardiomegaly,on,0.1498423558420926,1.0,0.5040222428204124,0.6702303183848473,1.1214471001441022
816,826,0d8c82ab3e34e6da,Cardiomegaly,off,0.1573371538285357,1.0,0.3363849715510287,0.4975106423855152,1.68452433975883
816,826,0d8c82ab3e34e6da,Cardiomegaly,on,0.1573371538285357,1.0,0.4855674022004556,0.6537119752346081,1.4570452065315893
817,827,01596ecd36248645,Cardiomegaly,off,0.1720246188032688,0.0,0.2469724031797893,0.3904317254964299,1.2412713144010326
817,827,01596ecd36248645,Cardiomegaly,on,0.1720246188032688,0.0,0.4032442720580299,0.5747216770762579,0.9196180522046628
818,830,96f1e5974eaababc,Cardiomegaly,off,0.1764932337275655,1.0,0.3174654065680367,0.476976127811094,1.1103562816969974
818,830,96f1e5974eaababc,Cardiomegaly,on,0.1764932337275655,1.0,0.4025301337296566,0.5740046495113378,0.9244173691225206
819,832,feec175e3b538d67,Cardiomegaly,off,0.1474594194211755,1.0,0.3911324661423774,0.558993972930135,1.5825318018744587
819,832,feec175e3b538d67,Cardiomegaly,on,0.1474594194211755,1.0,0.5081087591563904,0.6738329685460843,1.3557711838659374
820,840,46c43c8bc8c1789b,Cardiomegaly,off,0.1328694160587498,1.0,0.3340821644472664,0.4973850641384919,1.1859978949693877
820,840,46c43c8bc8c1789b,Cardiomegaly,on,0.1328694160587498,1.0,0.4179487584780095,0.589510220526134,0.970560849948028
821,842,4a4dcb2d177bc16c,Cardiomegaly,off,0.1301453639947565,1.0,0.2221734903615192,0.3620347805343381,0.8000904407185104
821,842,4a4dcb2d177bc16c,Cardiomegaly,on,0.1301453639947565,1.0,0.2285223676759852,0.3720224473462603,0.519838407580081
822,844,8d4712d393305819,Cardiomegaly,off,0.2010194484647359,1.0,0.3829808758245424,0.5534079190304241,1.4239168451341837
822,844,8d4712d393305819,Cardiomegaly,on,0.2010194484647359,1.0,0.4022888838768691,0.5737603064007792,1.1881145228432577
823,848,b3ed864778631c15,Cardiomegaly,off,0.1368117382765863,1.0,0.4146775094725546,0.583962924983555,1.5183006882962249
823,848,b3ed864778631c15,Cardiomegaly,on,0.1368117382765863,1.0,0.4729376656854867,0.6421691926887305,1.3742544413068964
824,853,7d49e3c835f3dce2,Cardiomegaly,off,0.1488969782027104,1.0,0.2563765765032423,0.4046014766492195,1.0022662428190965
824,853,7d49e3c835f3dce2,Cardiomegaly,on,0.1488969782027104,1.0,0.3350776843426261,0.5019578992372191,0.8188740079724084
825,854,be1d74fe78ab76db,Cardiomegaly,off,0.1972866687133605,1.0,0.3002109369233106,0.4575738914106488,0.6651860409260498
825,854,be1d74fe78ab76db,Cardiomegaly,on,0.1972866687133605,1.0,0.3183247405777562,0.4829065356409532,0.5658721687404011
826,855,fc0ea0e1d633a70d,Cardiomegaly,off,0.144589174938721,1.0,0.2354742801294742,0.377027969205867,0.6719582794086615
826,855,fc0ea0e1d633a70d,Cardiomegaly,on,0.144589174938721,1.0,0.3353444147006703,0.5022568803109835,0.6383736552542001
827,856,af41dee539933b93,Cardiomegaly,off,0.1611040451442188,1.0,0.3881829698642729,0.5544930072948706,1.4752495688666083
827,856,af41dee539933b93,Cardiomegaly,on,0.1611040451442188,1.0,0.4777236285305658,0.6465669403737831,1.259165789277235
828,857,15a4cc8a11450d48,Cardiomegaly,off,0.1474106886150217,1.0,0.2091838886015459,0.3456495149831813,0.8058590347672167
828,857,15a4cc8a11450d48,Cardiomegaly,on,0.1474106886150217,1.0,0.2275856124267246,0.3707849662984112,0.478203947707709
829,861,ae403474c3ce1cca,Cardiomegaly,off,0.1875307613213845,1.0,0.2675244088023181,0.4121008990006659,1.075275932480162
829,861,ae403474c3ce1cca,Cardiomegaly,on,0.1875307613213845,1.0,0.4129241894806818,0.5844859486347835,0.7869538730964789
830,863,9c6a1811fb76fa29,Cardiomegaly,off,0.155719291064232,1.0,0.3322425422608273,0.4965597058399852,1.0848163225158984
830,863,9c6a1811fb76fa29,Cardiomegaly,on,0.155719291064232,1.0,0.3842128731973639,0.5551322365463998,0.7969000390108779
831,878,4e3b0c42eb0f4304,Cardiomegaly,off,0.1781500811367922,1.0,0.3014439382177007,0.4597384074406829,1.0618571709499711
831,878,4e3b0c42eb0f4304,Cardiomegaly,on,0.1781500811367922,1.0,0.3758636173429303,0.5463579026222641,0.7480021218893929
832,879,a0aa3991a0bb3e5b,Cardiomegaly,off,0.1504027601128605,1.0,0.2732240039090758,0.4264589500753176,0.7093438602950192
832,879,a0aa3991a0bb3e5b,Cardiomegaly,on,0.1504027601128605,1.0,0.3249870172858913,0.4905473441454663,0.6084830112430256
833,880,96a6632d91702e06,Cardiomegaly,off,0.1850698556106213,1.0,0.289624736895843,0.4473096314331818,0.6980848018503002
833,880,96a6632d91702e06,Cardiomegaly,on,0.1850698556106213,1.0,0.2459256704532194,0.3947651440249843,0.420282863331976
834,887,7eb0d17af8e0d642,Cardiomegaly,off,0.1465725187491776,1.0,0.3040448085185149,0.4637560206800362,1.0086825969158442
834,887,7eb0d17af8e0d642,Cardiomegaly,on,0.1465725187491776,1.0,0.3621597336456582,0.5317405917849435,0.8190306599766128
835,891,2c387b7497386f40,Cardiomegaly,off,0.1459828759947175,1.0,0.229171267010817,0.3668236281868916,0.7279537992545551
835,891,2c387b7497386f40,Cardiomegaly,on,0.1459828759947175,1.0,0.3180936949194702,0.4826571265442376,0.7446177848714313
836,895,c9e268450f694cd3,Cardiomegaly,off,0.1626049539737535,1.0,0.3825366904866173,0.5484199139626753,1.2483124560939207
836,895,c9e268450f694cd3,Cardiomegaly,on,0.1626049539737535,1.0,0.4674862919590241,0.6371208675488432,1.0363828128593486
837,898,b26ce08f494a7db4,Cardiomegaly,off,0.1441847092476451,1.0,0.3083469585232421,0.4677466041743757,0.9936029163187424
837,898,b26ce08f494a7db4,Cardiomegaly,on,0.1441847092476451,1.0,0.3960937312024469,0.5674307467410282,0.8481696540185168
838,900,03be9ab047de4600,Cardiomegaly,off,0.1679361041669712,1.0,0.4674048084547825,0.6350666796117908,1.3473838136768437
838,900,03be9ab047de4600,Cardiomegaly,on,0.1679361041669712,1.0,0.5258869787232424,0.6892866503699524,1.184278323751769
839,901,e9ae29bae8122a11,Cardiomegaly,off,0.1690569127085069,1.0,0.3741503453853622,0.5394753246770474,1.4637197460186553
839,901,e9ae29bae8122a11,Cardiomegaly,on,0.1690569127085069,1.0,0.5221845426439774,0.6860946127802264,1.1012186761707767
840,903,0c0401fd4708849d,Cardiomegaly,off,0.136441384149818,1.0,0.2123563139565435,0.3481231145042683,0.9235440269718544
840,903,0c0401fd4708849d,Cardiomegaly,on,0.136441384149818,1.0,0.3380039922472138,0.5052359520761217,0.7043562210366391
841,904,f2a99ba2c22ec977,Cardiomegaly,off,0.1314708419221379,1.0,0.2075875106051338,0.3388294047422996,1.1604956292221664
841,904,f2a99ba2c22ec977,Cardiomegaly,on,0.1314708419221379,1.0,0.3664254587726231,0.5363265633852297,0.9075251939751924
842,905,55870c2feee34d55,Cardiomegaly,off,0.1635893162580588,1.0,0.453639140709363,0.6084106123377705,2.0495536404398083
842,905,55870c2feee34d55,Cardiomegaly,on,0.1635893162580588,1.0,0.7068908471438199,0.8282782180358952,2.2389904720248706
843,906,ac9a2bb3a0548caf,Cardiomegaly,off,0.1642959129472878,1.0,0.3897516921111797,0.5535223723506466,1.3020685301434505
843,906,ac9a2bb3a0548caf,Cardiomegaly,on,0.1642959129472878,1.0,0.5283853746175282,0.6914240324669486,1.089490876697813
844,907,2ba90af17885feff,Cardiomegaly,off,0.1792319050334049,1.0,0.2427345691912261,0.3844143911802158,1.070157494329473
844,907,2ba90af17885feff,Cardiomegaly,on,0.1792319050334049,1.0,0.3332585496806918,0.4999157723748929,0.7330182207736923
845,909,cf2cf8f35b3e26b7,Cardiomegaly,off,0.1512360568980892,1.0,0.4930253529486312,0.6561143687532299,1.654215286568853
845,909,cf2cf8f35b3e26b7,Cardiomegaly,on,0.1512360568980892,1.0,0.5680032305364553,0.7244921982324459,1.5902566145919732
846,910,1561ef7f47ec3c6f,Cardiomegaly,off,0.1756160792167984,1.0,0.3111859815764184,0.4710513087170443,1.3751451097927003
846,910,1561ef7f47ec3c6f,Cardiomegaly,on,0.1756160792167984,1.0,0.4673396651293566,0.6369851311042167,1.2408953644193843
847,911,cc1a9a6c9210568f,Cardiomegaly,off,0.1318558152907523,1.0,0.3666594308398124,0.5278894659396023,1.3365626108853494
847,911,cc1a9a6c9210568f,Cardiomegaly,on,0.1318558152907523,1.0,0.4328621383839138,0.6041822536182776,1.3358970912889316
848,913,c3f4bdc9c10e98cc,Cardiomegaly,off,0.1752652174124916,1.0,0.3964845654614032,0.5608274013678144,1.1209066365750282
848,913,c3f4bdc9c10e98cc,Cardiomegaly,on,0.1752652174124916,1.0,0.4761235981899503,0.64509049837819,0.9652610220600244
849,915,3cd1f43abf66d336,Cardiomegaly,off,0.1447840981633359,1.0,0.2472620396903233,0.3905961305276134,0.7852272954327197
849,915,3cd1f43abf66d336,Cardiomegaly,on,0.1447840981633359,1.0,0.4107634627355552,0.582320378438433,0.8309073990248919
850,918,c4d577be099a01a4,Cardiomegaly,off,0.1545984825226963,1.0,0.2876545097768182,0.4345627999423737,1.2422257969541677
850,918,c4d577be099a01a4,Cardiomegaly,on,0.1545984825226963,1.0,0.4741218711651861,0.6432600041016634,1.0771793803464456
851,921,457fe3957e7b56af,Cardiomegaly,off,0.1730723311355739,1.0,0.3680196881533478,0.537039684429211,1.254927712058219
851,921,457fe3957e7b56af,Cardiomegaly,on,0.1730723311355739,1.0,0.4034088607290124,0.5748980367085255,0.950728564986788
852,922,0b67d668040438d9,Cardiomegaly,off,0.1888221276844582,1.0,0.3826855600772172,0.5528007557861361,1.2461737739026233
852,922,0b67d668040438d9,Cardiomegaly,on,0.1888221276844582,1.0,0.4029316658373653,0.5744137581995352,0.8311251416552374
853,928,d4d998e70eb02d4a,Cardiomegaly,off,0.1568206072833063,1.0,0.263849110780704,0.4076504809120014,1.297875248044431
853,928,d4d998e70eb02d4a,Cardiomegaly,on,0.1568206072833063,1.0,0.4249644016239841,0.5964492484420034,0.9374501125693416
854,929,2a32d271c904b3d5,Cardiomegaly,off,0.1796266245632501,1.0,0.30935712460004,0.4719124734353291,0.9865707705281224
854,929,2a32d271c904b3d5,Cardiomegaly,on,0.1796266245632501,1.0,0.2966309216957411,0.4575405373859422,0.6615597976639382
855,933,0edc5e0c0eba3ced,Cardiomegaly,off,0.146041352962102,1.0,0.415905496400588,0.5799787178586147,1.658971208485925
855,933,0edc5e0c0eba3ced,Cardiomegaly,on,0.146041352962102,1.0,0.5684188410823754,0.7248141816259154,1.2523652549203932
856,934,74fc264d95280b44,Cardiomegaly,off,0.1564794916402302,1.0,0.2853557030511843,0.4352836953589495,1.210528391827093
856,934,74fc264d95280b44,Cardiomegaly,on,0.1564794916402302,1.0,0.4488801718386795,0.6196156416891245,0.9192192910680238
857,936,783e7db10dce15e4,Cardiomegaly,off,0.1657285986482074,1.0,0.2445609086837392,0.3912873275013195,0.9886331568296046
857,936,783e7db10dce15e4,Cardiomegaly,on,0.1657285986482074,1.0,0.2781158838306957,0.4351961102991797,0.6034419997130261
858,937,b93a498274316f1d,Cardiomegaly,off,0.1872335034038468,1.0,0.3177860018430697,0.4713550542115087,1.3556124486690966
858,937,b93a498274316f1d,Cardiomegaly,on,0.1872335034038468,1.0,0.5006610705924848,0.6672501032414029,1.0377582369825364
859,939,44676a6c22bbc733,Cardiomegaly,off,0.177506834495563,1.0,0.2437358492144294,0.3855136139132019,0.8539918479415067
859,939,44676a6c22bbc733,Cardiomegaly,on,0.177506834495563,1.0,0.3817457971942314,0.5525487961984064,0.7306750797334673
860,943,ca57dc7d2c579615,Cardiomegaly,off,0.1450277521941045,1.0,0.3649990294875539,0.523970731035715,1.3752160791861412
860,943,ca57dc7d2c579615,Cardiomegaly,on,0.1450277521941045,1.0,0.5562471590165718,0.714853769860746,1.2208932022522592
861,944,681a904a771384c1,Cardiomegaly,off,0.1472547500353298,1.0,0.3264048506960908,0.4904042918901797,1.1029311857854789
861,944,681a904a771384c1,Cardiomegaly,on,0.1472547500353298,1.0,0.3630695925754388,0.5327226021805329,0.8062595726293723
862,945,d65412eb0caf13b6,Cardiomegaly,off,0.1608798834359116,1.0,0.2193404841416143,0.3533228495836704,0.9563246772351174
862,945,d65412eb0caf13b6,Cardiomegaly,on,0.1608798834359116,1.0,0.3722327591232867,0.5425199492134277,0.8733100317946102
863,950,bb719db62ff21541,Cardiomegaly,off,0.1617765302691402,1.0,0.4414505958856783,0.605772023010611,1.5038140981801134
863,950,bb719db62ff21541,Cardiomegaly,on,0.1617765302691402,1.0,0.5664531707667948,0.7232289398811809,1.291453231978742
864,951,4fe76432fdb173d5,Cardiomegaly,off,0.1654167214888235,1.0,0.2701927742013387,0.4222108072666975,0.6339696623129727
864,951,4fe76432fdb173d5,Cardiomegaly,on,0.1654167214888235,1.0,0.3178826207383128,0.4824123113391151,0.571963763984433
865,952,89ef9383e71e14ac,Cardiomegaly,off,0.1839685393915471,1.0,0.5031014981383402,0.667761129308989,1.8516231738669129
865,952,89ef9383e71e14ac,Cardiomegaly,on,0.1839685393915471,1.0,0.5123786541453867,0.6775610499720455,1.5902638350166354
866,955,befc0c99b4dd6e6c,Cardiomegaly,off,0.1490139321374793,1.0,0.3418301895570205,0.5081106505310753,0.9718307845592418
866,955,befc0c99b4dd6e6c,Cardiomegaly,on,0.1490139321374793,1.0,0.3660644489753407,0.5359388253508677,0.816428237774482
867,956,72f7954fb0161c5d,Cardiomegaly,off,0.2004687903551988,0.0,0.2228080640169056,0.3602309934742779,0.7130503955212966
867,956,72f7954fb0161c5d,Cardiomegaly,on,0.2004687903551988,0.0,0.2611415033287143,0.414125939423896,0.4316929617866907
868,957,8ed57312da57662c,Cardiomegaly,off,0.1464165801694857,1.0,0.3203115438745344,0.4805685033174489,1.083637570722029
868,957,8ed57312da57662c,Cardiomegaly,on,0.1464165801694857,1.0,0.3821987880043743,0.553021283884905,0.7906176638344331
869,959,18fa7ed3a4c38830,Cardiomegaly,off,0.1168321077535585,1.0,0.2154858919827261,0.3533626806484797,0.8270863741079171
869,959,18fa7ed3a4c38830,Cardiomegaly,on,0.1168321077535585,1.0,0.2688522595876107,0.4237707631922157,0.5782188397050638
870,962,00f3d968b485ab18,Cardiomegaly,off,0.1569180688956137,1.0,0.3146180764820217,0.4743454111091976,0.9439455519001084
870,962,00f3d968b485ab18,Cardiomegaly,on,0.1569180688956137,1.0,0.4134285782878181,0.5849984713372748,0.8077203844585682
871,963,270f597c3ae829e3,Cardiomegaly,off,0.1541111744611591,1.0,0.2900852696973509,0.4441216066584095,1.074522861152423
871,963,270f597c3ae829e3,Cardiomegaly,on,0.1541111744611591,1.0,0.3247289061971463,0.4902448536750876,0.7208825976675219
872,966,b06d5b89bfe7e4f9,Cardiomegaly,off,0.1677265617005102,1.0,0.2235743932530445,0.3522357615468879,1.0987461769442834
872,966,b06d5b89bfe7e4f9,Cardiomegaly,on,0.1677265617005102,1.0,0.4815094441521729,0.6500229421087308,0.9809377825480632
873,969,d26b663717915394,Cardiomegaly,off,0.1472547500353298,1.0,0.2802752284594973,0.4273533838346312,1.1097162543690926
873,969,d26b663717915394,Cardiomegaly,on,0.1472547500353298,1.0,0.4329212335062466,0.6042491151974536,0.9457178083280232
874,970,c496622f0d34bcdd,Cardiomegaly,off,0.1866438606493867,1.0,0.2262359028218489,0.367195051542254,0.7956712031190991
874,970,c496622f0d34bcdd,Cardiomegaly,on,0.1866438606493867,1.0,0.2331030697948539,0.378072360036066,0.5137531049402438
875,971,88c90e9bcd88233b,Cardiomegaly,off,0.1672148882358961,1.0,0.1840690781130289,0.3074428787490942,0.7085755420302722
875,971,88c90e9bcd88233b,Cardiomegaly,on,0.1672148882358961,1.0,0.2958925901151364,0.456654690203495,0.6016762780492578
876,974,0fd3a51f7c7139b9,Cardiomegaly,off,0.143268570091955,1.0,0.289719329303146,0.4490783028065653,1.0825508206127106
876,974,0fd3a51f7c7139b9,Cardiomegaly,on,0.143268570091955,1.0,0.3056505908098924,0.4681959928401844,0.8349788839706661
877,975,ed4fefd6128d9cd5,Cardiomegaly,off,0.1797143400143268,1.0,0.2786217654229559,0.4278440732327924,1.2462337383183726
877,975,ed4fefd6128d9cd5,Cardiomegaly,on,0.1797143400143268,1.0,0.4499816678994216,0.6206571376702981,0.9203211933606364
878,976,c29166e493d19f2e,Cardiomegaly,off,0.1628924657300605,1.0,0.3427899098346778,0.504084221839682,0.9195506390780817
878,976,c29166e493d19f2e,Cardiomegaly,on,0.1628924657300605,1.0,0.4295868551645838,0.6009897021274253,0.8461923666003305
879,977,7f94daf6c078208b,Cardiomegaly,off,0.185523052107851,0.0,0.136787944914213,0.238884130177987,0.4524959183683568
879,977,7f94daf6c078208b,Cardiomegaly,on,0.185523052107851,0.0,0.1488038597941202,0.2590548806172046,0.2157056396171209
880,979,b50c310ab039d823,Cardiomegaly,off,0.179573020676481,1.0,0.3773828905929529,0.5434385836140981,1.1116658651246845
880,979,b50c310ab039d823,Cardiomegaly,on,0.179573020676481,1.0,0.4114998482563471,0.5830576815257906,0.8412643145045673
881,980,add9d47c8799e3e3,Cardiomegaly,off,0.1981881886272044,1.0,0.2510805845480925,0.3987485378269613,0.9533407406074894
881,980,add9d47c8799e3e3,Cardiomegaly,on,0.1981881886272044,1.0,0.3141376450542962,0.4780733760455102,0.6716931051562341
882,982,8cebd91da402e33d,Cardiomegaly,off,0.1610065835319113,1.0,0.4631398893448609,0.6206192787484285,1.8325144438380063
882,982,8cebd91da402e33d,Cardiomegaly,on,0.1610065835319113,1.0,0.670386296163646,0.8026705608768928,1.7417499798694538
883,983,d1d4e9bef6643e23,Cardiomegaly,off,0.1867072106973865,1.0,0.315583329506805,0.4777615099604224,0.8590499626004764
883,983,d1d4e9bef6643e23,Cardiomegaly,on,0.1867072106973865,1.0,0.3527249268253443,0.5214989722757972,0.6384382909508672
884,984,4da0332e60bf86b8,Cardiomegaly,off,0.1644274861239029,1.0,0.3272144038421755,0.4821900879050993,1.0357424013534804
884,984,4da0332e60bf86b8,Cardiomegaly,on,0.1644274861239029,1.0,0.4523572029906195,0.6229270325695448,0.904410316932072
885,992,8ef6d0a1def1cf1b,Cardiomegaly,off,0.1581363390494569,1.0,0.2952813757667634,0.4508961839382108,1.2654455203735642
885,992,8ef6d0a1def1cf1b,Cardiomegaly,on,0.1581363390494569,1.0,0.4018200328685366,0.5732803713981809,0.8203737330766047
886,995,12686c36026b3031,Cardiomegaly,off,0.1798507862715573,1.0,0.4048914999779729,0.5726809724733358,1.286594688282314
886,995,12686c36026b3031,Cardiomegaly,on,0.1798507862715573,1.0,0.48722671262597,0.6552140274851682,1.100540929651594
887,1000,824eacc60bf5aceb,Cardiomegaly,off,0.1348283944661296,1.0,0.3666406692958813,0.5268113324750602,1.4416293745671187
887,1000,824eacc60bf5aceb,Cardiomegaly,on,0.1348283944661296,1.0,0.467892541883988,0.6375010280871457,1.427371835637991
888,1001,fdcff99e7265a8de,Cardiomegaly,off,0.1839295547466241,1.0,0.457640542429732,0.6245757200387294,1.6354913448035695
888,1001,fdcff99e7265a8de,Cardiomegaly,on,0.1839295547466241,1.0,0.5216845639642281,0.6856650673411211,1.2102970631107752
889,1002,52b72ff5f88f0a37,Cardiomegaly,off,0.1647832210088251,1.0,0.398707614346539,0.5644813021675965,1.869994376976568
889,1002,52b72ff5f88f0a37,Cardiomegaly,on,0.1647832210088251,1.0,0.502328502948774,0.668732509167144,1.7813624915951949
890,1005,f1f07bedc325e82e,Cardiomegaly,off,0.1743247128537247,1.0,0.2437343084135677,0.3895583474149172,0.3987037589443706
890,1005,f1f07bedc325e82e,Cardiomegaly,on,0.1743247128537247,1.0,0.2498860365312567,0.3998498411899692,0.3859179294104891
891,1007,6fc6a60d0335fbd6,Cardiomegaly,off,0.1542476207183895,1.0,0.1691019974914452,0.2884503192318987,0.212545466656454
891,1007,6fc6a60d0335fbd6,Cardiomegaly,on,0.1542476207183895,1.0,0.1909082909611706,0.3206083582319426,0.3052481789745296
892,1008,5e88f0f16c7e6a47,Cardiomegaly,off,0.1590329858826854,1.0,0.2975302488424608,0.4547062384635404,1.2937925907765528
892,1008,5e88f0f16c7e6a47,Cardiomegaly,on,0.1590329858826854,1.0,0.3729245304175683,0.5432552667357952,0.9506593008968524
893,1012,74605b9a2e60db04,Cardiomegaly,off,0.2053467440511868,1.0,0.2677775639376309,0.4202170303386837,0.7150547003221664
893,1012,74605b9a2e60db04,Cardiomegaly,on,0.2053467440511868,1.0,0.2721117899107108,0.4278081963572722,0.4075950865755421
894,1014,a75c3f979a938d95,Cardiomegaly,off,0.1680189465374325,1.0,0.3316588256866852,0.4895515932601374,1.6598717169400057
894,1014,a75c3f979a938d95,Cardiomegaly,on,0.1680189465374325,1.0,0.5211816370034625,0.6852218121128375,1.187258672847631
895,1016,cd4a1485e9f93a94,Cardiomegaly,off,0.178617896875868,0.0,0.2391679807064788,0.3852954196716937,0.7527394970581606
895,1016,cd4a1485e9f93a94,Cardiomegaly,on,0.178617896875868,0.0,0.2584135226168538,0.4106963841064021,0.4968463538268227
896,1017,7d078f83e9932755,Cardiomegaly,off,0.1777699808487931,1.0,0.6125482425870096,0.7574901414348013,2.0009785551821837
896,1017,7d078f83e9932755,Cardiomegaly,on,0.1777699808487931,1.0,0.6807043638777491,0.8100212864897088,1.9732066754088151
897,1019,094881505a8ff1b3,Cardiomegaly,off,0.1702264520561963,1.0,0.1404444943713654,0.2441716549846369,0.4346895948151846
897,1019,094881505a8ff1b3,Cardiomegaly,on,0.1702264520561963,1.0,0.2042623485657119,0.339223430566152,0.3295734790050098
898,1022,1d83329f432409d6,Cardiomegaly,off,0.1722682728340375,1.0,0.4155650886105013,0.5846543763873571,1.876893720074938
898,1022,1d83329f432409d6,Cardiomegaly,on,0.1722682728340375,1.0,0.4737031239021562,0.6428723914850797,1.7088046783015685
899,1024,8dfa509238d5a956,Cardiomegaly,off,0.1709379218260407,1.0,0.308728928067096,0.4641928499168644,1.3711935087164255
899,1024,8dfa509238d5a956,Cardiomegaly,on,0.1709379218260407,1.0,0.4834915424074923,0.6518176707045755,0.9950569087277534
900,1025,2864099e6d54ee2c,Cardiomegaly,off,0.1486630703331725,1.0,0.3725658376825875,0.530291368121529,1.5130958133900043
900,1025,2864099e6d54ee2c,Cardiomegaly,on,0.1486630703331725,1.0,0.564937648172339,0.7219933702421909,1.3455512477170353
901,1027,273ac948181f7eea,Cardiomegaly,off,0.1445940480193364,1.0,0.2783257700270821,0.4256870643205098,1.0984870626827277
901,1027,273ac948181f7eea,Cardiomegaly,on,0.1445940480193364,1.0,0.4885440334162175,0.6564012862001407,1.02306600149829
902,1028,382871315310f9db,Cardiomegaly,off,0.1668981379958968,1.0,0.3644734006872561,0.5305118800062767,1.11836014589084
902,1028,382871315310f9db,Cardiomegaly,on,0.1668981379958968,1.0,0.4388967034464423,0.6100416912152651,0.8693400983257992
903,1029,2e80f309fb870991,Cardiomegaly,off,0.1728335501854207,1.0,0.4590591337598382,0.6163317670234426,1.8760443864299916
903,1029,2e80f309fb870991,Cardiomegaly,on,0.1728335501854207,1.0,0.6093974335814736,0.7572987366004978,1.6773210589388727
904,1031,21972a3282017c95,Cardiomegaly,off,0.1099366986828063,1.0,0.1994919159263463,0.3293355132392707,0.9603569863529796
904,1031,21972a3282017c95,Cardiomegaly,on,0.1099366986828063,1.0,0.3935546144654225,0.5647776341388698,0.864841069708929
905,1034,2014a5fe5fbf1d92,Cardiomegaly,off,0.1721659381411146,1.0,0.3031288840076029,0.4560284858769365,1.0874535862199002
905,1034,2014a5fe5fbf1d92,Cardiomegaly,on,0.1721659381411146,1.0,0.413797819160332,0.5853704402812193,0.8536508793154435
906,1035,a3835dd57513682a,Cardiomegaly,off,0.1703482790715806,1.0,0.3688195389524485,0.5350032065065392,1.1186856638356846
906,1035,a3835dd57513682a,Cardiomegaly,on,0.1703482790715806,1.0,0.4635279733399824,0.6334388398033581,0.9754900606014856
907,1039,d0e09902a8cf7f55,Cardiomegaly,off,0.1914584642973748,1.0,0.2514956702147087,0.3964217774184134,0.6184264132371471
907,1039,d0e09902a8cf7f55,Cardiomegaly,on,0.1914584642973748,1.0,0.2781212497973271,0.4351920531806169,0.4316577986054533
908,1042,a1edbe156ffe4a43,Cardiomegaly,off,0.1757135408291059,1.0,0.4488264886069717,0.6186239278495158,1.3370491667027866
908,1042,a1edbe156ffe4a43,Cardiomegaly,on,0.1757135408291059,1.0,0.4777405368100833,0.6465824146740264,1.0859397970742448
909,1043,840606d79ea0bbc6,Cardiomegaly,off,0.1470208421657919,1.0,0.3482861273743062,0.5089407882016441,0.8759486782865976
909,1043,840606d79ea0bbc6,Cardiomegaly,on,0.1470208421657919,1.0,0.4630226400362402,0.632966122191265,1.0353460597465234
910,1044,f6413aef8fe70758,Cardiomegaly,off,0.1771657188524869,1.0,0.349922213205319,0.5148495458513567,1.372172682489334
910,1044,f6413aef8fe70758,Cardiomegaly,on,0.1771657188524869,1.0,0.4170383091092278,0.5886008954191089,0.8728561834323082
911,1048,1605ba691cedb4e6,Cardiomegaly,off,0.1774727229312554,1.0,0.3703116712070662,0.5370469233160291,1.3772279671503056
911,1048,1605ba691cedb4e6,Cardiomegaly,on,0.1774727229312554,1.0,0.429695835863326,0.6010971571168098,0.9262271324495576
912,1050,437d8e6db071e050,Cardiomegaly,off,0.1450423714359506,1.0,0.3991799510068587,0.563481028289268,1.633331566604825
912,1050,437d8e6db071e050,Cardiomegaly,on,0.1450423714359506,1.0,0.5237926396874767,0.6874845918126795,1.4156699472413468
913,1052,84cf2a960de27285,Cardiomegaly,off,0.1518159534913186,1.0,0.2250452845969403,0.361252701570039,0.9431245252518669
913,1052,84cf2a960de27285,Cardiomegaly,on,0.1518159534913186,1.0,0.379167721921928,0.549843671568193,0.747178508204601
914,1053,42aaaec43b390010,Cardiomegaly,off,0.140992841444576,1.0,0.2788964585946282,0.4290313327157619,1.1540269942529424
914,1053,42aaaec43b390010,Cardiomegaly,on,0.140992841444576,1.0,0.4095980450758499,0.5811184604248474,0.8713279223500355
915,1054,c1ebe3497131f467,Cardiomegaly,off,0.2111115984191726,1.0,0.461961020638261,0.628632355996385,1.4937956930584295
915,1054,c1ebe3497131f467,Cardiomegaly,on,0.2111115984191726,1.0,0.4983496553553833,0.6651979244179375,1.1422642153903375
916,1056,1439214a04d8402b,Cardiomegaly,off,0.1837784892475476,1.0,0.2069430264643451,0.3373299538980465,0.8370782214960036
916,1056,1439214a04d8402b,Cardiomegaly,on,0.1837784892475476,1.0,0.2686100326778467,0.4234658222847103,0.4574209003484116
917,1058,7fde84c083851f22,Cardiomegaly,off,0.1247313714310775,1.0,0.2845134021564021,0.4362332678394917,1.014342642476747
917,1058,7fde84c083851f22,Cardiomegaly,on,0.1247313714310775,1.0,0.4192980626875929,0.5908521286006937,0.944352014439692
918,1062,02b51014a85c1663,Cardiomegaly,off,0.1559434527725392,1.0,0.3422772850459558,0.5038387406312296,1.263364686960946
918,1062,02b51014a85c1663,Cardiomegaly,on,0.1559434527725392,1.0,0.4887530246448735,0.6565880251283194,1.0039519687109393
919,1065,d7aa4e4a46f520bb,Cardiomegaly,off,0.1841975741804696,1.0,0.4080860721761576,0.5781225736896969,1.2153646683446435
919,1065,d7aa4e4a46f520bb,Cardiomegaly,on,0.1841975741804696,1.0,0.4506064532010249,0.6212662029663576,0.9610451902805456
920,1066,fe801ee1c7637098,Cardiomegaly,off,0.1650902250875936,1.0,0.3881941033325418,0.553313367878919,1.2577925399457477
920,1066,fe801ee1c7637098,Cardiomegaly,on,0.1650902250875936,1.0,0.4962710649447659,0.6633428863582344,1.0793223962432286
921,1069,9d0c66651c1b5ba9,Cardiomegaly,off,0.1690228011441993,1.0,0.4303443675859564,0.6011066739649338,1.755496278962392
921,1069,9d0c66651c1b5ba9,Cardiomegaly,on,0.1690228011441993,1.0,0.4595939162363723,0.6297558611094178,1.5721441545329289
922,1070,94c7afec0324dd4b,Cardiomegaly,off,0.1903766404007621,1.0,0.3452197490669031,0.5111264830007155,1.043628116151991
922,1070,94c7afec0324dd4b,Cardiomegaly,on,0.1903766404007621,1.0,0.3861707304003917,0.5571638404434536,0.7929892080274065
923,1075,44d14d61561b1386,Cardiomegaly,off,0.1590573512857623,1.0,0.312566220299899,0.4682342277290288,1.299590310240566
923,1075,44d14d61561b1386,Cardiomegaly,on,0.1590573512857623,1.0,0.5684349436523843,0.7248426502211258,1.220390674201674
924,1078,ea650221b3a462e6,Cardiomegaly,off,0.1367337689867403,1.0,0.1982597501185588,0.3285343226514565,1.200911221162427
924,1078,ea650221b3a462e6,Cardiomegaly,on,0.1367337689867403,1.0,0.4223127273749963,0.5938351826488244,1.0419230005788918
925,1079,fc74f46e0ae69b4e,Cardiomegaly,off,0.1808254023946318,1.0,0.4536057911995802,0.6140698209171325,1.9469131535380813
925,1079,fc74f46e0ae69b4e,Cardiomegaly,on,0.1808254023946318,1.0,0.6241244521526422,0.7685665724036171,1.762085806642823
926,1080,3f71a3f804aa8c4c,Cardiomegaly,off,0.1708843179392716,1.0,0.3329380800212964,0.4871552955790236,1.406840354728415
926,1080,3f71a3f804aa8c4c,Cardiomegaly,on,0.1708843179392716,1.0,0.5141650991929915,0.6791389037150092,1.1340796982811792
927,1081,638f2e9bd1fd7468,Cardiomegaly,off,0.1284933896661452,1.0,0.2802534425982095,0.4257395722935191,1.2444464634916006
927,1081,638f2e9bd1fd7468,Cardiomegaly,on,0.1284933896661452,1.0,0.5250136092730296,0.6885344486765775,1.1523554995934702
928,1082,cd430ecde71ab7a4,Cardiomegaly,off,0.1832521965410873,1.0,0.3521321941804126,0.5190891981129188,1.149121564001078
928,1082,cd430ecde71ab7a4,Cardiomegaly,on,0.1832521965410873,1.0,0.3618338678866954,0.5313821689460032,0.8382119014358174
929,1085,c40b17d3b9e8d8f3,Cardiomegaly,off,0.139136197730119,1.0,0.2904293671100643,0.4468968101549124,1.0576251712243998
929,1085,c40b17d3b9e8d8f3,Cardiomegaly,on,0.139136197730119,1.0,0.3661179137876031,0.5359954356633388,0.8140089251751431
930,1089,ccc6e3953f9c8e69,Cardiomegaly,off,0.1798702785940187,1.0,0.3539894104405695,0.5220855809910177,1.5433357964519598
930,1089,ccc6e3953f9c8e69,Cardiomegaly,on,0.1798702785940187,1.0,0.399089199300742,0.570498328822271,1.186964118990634
931,1092,1596b54de7535b16,Cardiomegaly,off,0.1626829232635995,1.0,0.2955407961532176,0.4534210940854155,1.2108757839920543
931,1092,1596b54de7535b16,Cardiomegaly,on,0.1626829232635995,1.0,0.343077369726973,0.5108824159299319,1.1351270239199711
932,1094,ffcdb2676970c5db,Cardiomegaly,off,0.1392385324230418,1.0,0.3045738531834426,0.4559989596416727,1.702457029972539
932,1094,ffcdb2676970c5db,Cardiomegaly,on,0.1392385324230418,1.0,0.6138430990231051,0.7606955357124463,1.4616500259975933
933,1095,f451fc4d2a9f67e0,Cardiomegaly,off,0.1856205137201584,1.0,0.3826785731543827,0.5466474907352648,1.191548983085664
933,1095,f451fc4d2a9f67e0,Cardiomegaly,on,0.1856205137201584,1.0,0.4913776659506418,0.6589578886937674,1.0107584637308842
934,1096,2037bdd82ce632fa,Cardiomegaly,off,0.161669322495602,1.0,0.494630457991472,0.6577221934032742,1.6337656071571762
934,1096,2037bdd82ce632fa,Cardiomegaly,on,0.161669322495602,1.0,0.5637199419666529,0.7209985650953391,1.458822796693404
935,1097,b67fd708ddd4c9d6,Cardiomegaly,off,0.1468600305054846,1.0,0.4249726449990104,0.5856195267390758,1.7728039092311665
935,1097,b67fd708ddd4c9d6,Cardiomegaly,on,0.1468600305054846,1.0,0.5546143999613131,0.7135069428809561,1.6061783281740063
936,1100,d6b828df6bd6c5f9,Cardiomegaly,off,0.1880619271084601,1.0,0.242517661166819,0.3903249880890641,0.6908523121610293
936,1100,d6b828df6bd6c5f9,Cardiomegaly,on,0.1880619271084601,1.0,0.2489730914165227,0.3986843875979997,0.5094067550603975
937,1101,9417a465b90295db,Cardiomegaly,off,0.1340243361645931,1.0,0.1997855251276315,0.330796906312779,1.1213632390849977
937,1101,9417a465b90295db,Cardiomegaly,on,0.1340243361645931,1.0,0.3832172594077284,0.5540943667810208,0.8645317104310168
938,1102,d3473ad26d4bd2b2,Cardiomegaly,off,0.1421477615504193,1.0,0.387927618222153,0.5523959654129388,1.555592573746129
938,1102,d3473ad26d4bd2b2,Cardiomegaly,on,0.1421477615504193,1.0,0.4937629088546684,0.6610994266950766,1.254246135823733
939,1103,668cf5db5fe96307,Cardiomegaly,off,0.1582435468229951,1.0,0.2543672555032035,0.3979896958522848,1.1963106452056165
939,1103,668cf5db5fe96307,Cardiomegaly,on,0.1582435468229951,1.0,0.4802106029809511,0.6488295240677247,1.0016501003389735
940,1105,ae14d9858d0bac9d,Cardiomegaly,off,0.1473327193251758,1.0,0.3427399952837954,0.4990348509262036,1.442111646044608
940,1105,ae14d9858d0bac9d,Cardiomegaly,on,0.1473327193251758,1.0,0.52062510838717,0.6847513090584636,1.215365049823188
941,1107,d7e55c1dd35bc46a,Cardiomegaly,off,0.1469769844402536,1.0,0.2464629294823594,0.3859313932153124,1.279451736340991
941,1107,d7e55c1dd35bc46a,Cardiomegaly,on,0.1469769844402536,1.0,0.4522814915924894,0.6228382733348604,0.96433291180088
942,1109,43be89cc652a0ec2,Cardiomegaly,off,0.1782475427490997,1.0,0.3138594414265301,0.4734498683688584,0.9701648749081484
942,1109,43be89cc652a0ec2,Cardiomegaly,on,0.1782475427490997,1.0,0.4090965468774844,0.5806441041909668,0.8510391163730154
943,1111,4d6947f7b7d2fe3d,Cardiomegaly,off,0.1424011617424187,1.0,0.2974536846705271,0.4573153451065636,0.8823354196445128
943,1111,4d6947f7b7d2fe3d,Cardiomegaly,on,0.1424011617424187,1.0,0.3381809117872387,0.5054331094833426,0.7418052797858093
944,1112,35697eceff38abd1,Cardiomegaly,off,0.1506951449497829,1.0,0.3790742740235688,0.5451003578738617,1.3403243199263637
944,1112,35697eceff38abd1,Cardiomegaly,on,0.1506951449497829,1.0,0.4818630293050634,0.6503475672377974,1.1548194960734854
945,1113,28704d3df7d54ff7,Cardiomegaly,off,0.1675560038789721,1.0,0.5992585191741476,0.7444919730883086,2.383758421547961
945,1113,28704d3df7d54ff7,Cardiomegaly,on,0.1675560038789721,1.0,0.6597479430317879,0.7949886430027011,3.5501063541235003
946,1118,a3686ee3ea5706e2,Cardiomegaly,off,0.1554610177916173,1.0,0.3244959428428535,0.4807444736306167,1.6224196538024886
946,1118,a3686ee3ea5706e2,Cardiomegaly,on,0.1554610177916173,1.0,0.5548702809435412,0.7136915623276018,1.350877034934366
947,1119,bc569f7bbbe48ed0,Cardiomegaly,off,0.2033146694345764,1.0,0.3685418117667184,0.5346374532292114,1.5971831568015422
947,1119,bc569f7bbbe48ed0,Cardiomegaly,on,0.2033146694345764,1.0,0.4445607890639086,0.6154914932816146,1.2413840888021024
948,1125,2a0edca9a07017a6,Cardiomegaly,off,0.1512506761399353,1.0,0.3297476681891911,0.4917001990873979,1.3561697253380092
948,1125,2a0edca9a07017a6,Cardiomegaly,on,0.1512506761399353,1.0,0.5191412386493568,0.6834630865675863,1.0828620463919063
949,1126,ddd31eb5a4ee3e1a,Cardiomegaly,off,0.16183988031714,1.0,0.4284709436381528,0.5931222039182817,1.6622114840619429
949,1126,ddd31eb5a4ee3e1a,Cardiomegaly,on,0.16183988031714,1.0,0.5481151456482236,0.7081043672725108,1.443264839132885
950,1133,122bb6e0ed2718f9,Cardiomegaly,off,0.188256850333075,1.0,0.3301419627143624,0.4896952232735517,1.286662183095885
950,1133,122bb6e0ed2718f9,Cardiomegaly,on,0.188256850333075,1.0,0.4536820174350292,0.624181723280455,0.9882382470237046
951,1134,af9e54641c07f285,Cardiomegaly,off,0.1869606108893859,1.0,0.3249196182270115,0.487330146838026,0.7762245442742636
951,1134,af9e54641c07f285,Cardiomegaly,on,0.1869606108893859,1.0,0.3820843010286276,0.5528987011440973,0.8047863499885392
952,1136,736a8b9e30f13908,Cardiomegaly,off,0.1614402877066795,1.0,0.3327075235262945,0.4963649683002696,1.1686810323984598
952,1136,736a8b9e30f13908,Cardiomegaly,on,0.1614402877066795,1.0,0.3827087002755305,0.5535637352303958,0.9822706953452612
953,1138,73bc7952bfff8707,Cardiomegaly,off,0.1488092627516337,1.0,0.2678940153913405,0.4158603159224983,1.4288327912414154
953,1138,73bc7952bfff8707,Cardiomegaly,on,0.1488092627516337,1.0,0.5325840673393756,0.6949978370700094,1.1577075901937348
954,1140,6a71d0d1f69700bd,Cardiomegaly,off,0.124502336642155,1.0,0.1995363811878446,0.3284472224554658,1.366880539551122
954,1140,6a71d0d1f69700bd,Cardiomegaly,on,0.124502336642155,1.0,0.4895953454385678,0.6573457074966444,1.0981419298957915
955,1141,b90eb647d582b7e9,Cardiomegaly,off,0.1554122869854636,1.0,0.2448427469266368,0.3870340710333336,1.5004085311467137
955,1141,b90eb647d582b7e9,Cardiomegaly,on,0.1554122869854636,1.0,0.5416357412879218,0.7026739967027119,1.185943034462598
956,1142,fd33d40594fe12ba,Cardiomegaly,off,0.1603146060845284,1.0,0.2760892316762276,0.4266409984138749,1.5997710506770504
956,1142,fd33d40594fe12ba,Cardiomegaly,on,0.1603146060845284,1.0,0.5546224809611581,0.7134897766040715,1.2565531231776736
957,1146,37bf2d617731ffdf,Cardiomegaly,off,0.1784229736512531,0.0,0.1974342414993595,0.328551667216433,0.91564385093238
957,1146,37bf2d617731ffdf,Cardiomegaly,on,0.1784229736512531,0.0,0.2157007662020337,0.3548536091920949,0.585947235332693
958,1148,8949e949e58919ed,Cardiomegaly,off,0.1783206389583302,1.0,0.4005254720793451,0.5649852466039598,1.6471635532315814
958,1148,8949e949e58919ed,Cardiomegaly,on,0.1783206389583302,1.0,0.529174122400668,0.6920919178472624,1.1154920498758276
959,1149,8a491f78b4efd39e,Cardiomegaly,off,0.1888416200069197,1.0,0.3544559681525974,0.517009724268398,1.1764590467296243
959,1149,8a491f78b4efd39e,Cardiomegaly,on,0.1888416200069197,1.0,0.459234014844683,0.6293933397006477,0.9143825576037042
960,1155,dd45016fdfaa6388,Cardiomegaly,off,0.1561627414002309,1.0,0.3041058278844682,0.4646230106550962,1.2763129055665816
960,1155,dd45016fdfaa6388,Cardiomegaly,on,0.1561627414002309,1.0,0.354470093810079,0.5234077541046173,0.8849997222823008
961,1159,7026b654149c2a17,Cardiomegaly,off,0.1717614724500387,1.0,0.3884546892607742,0.5446508549035666,1.5937199484093632
961,1159,7026b654149c2a17,Cardiomegaly,on,0.1717614724500387,1.0,0.5663549915746764,0.7231494592323736,1.2235337497180423
962,143,50a78104f389d4c5,Lung Opacity,off,0.1490090590568639,1.0,0.5109294265094366,0.6739303683888858,2.573469502635393
962,143,50a78104f389d4c5,Lung Opacity,on,0.1490090590568639,1.0,0.3398928151674833,0.5073276274974177,3.021497858666074
963,151,e2c9e2770f83c49c,Lung Opacity,off,0.1353936718175128,0.0,0.1372151652545411,0.2411887069469536,0.8163317329412713
963,151,e2c9e2770f83c49c,Lung Opacity,on,0.1353936718175128,0.0,0.1242800259540777,0.2210833895412226,0.5110860851114871
964,158,c99d34d384583ad4,Lung Opacity,off,0.1657675832931304,1.0,0.5414403779391397,0.7018689210616429,1.6577866236475218
964,158,c99d34d384583ad4,Lung Opacity,on,0.1657675832931304,1.0,0.5747369448744151,0.729946301318751,1.3699788343544543
965,212,12ed86139ce1a5fc,Lung Opacity,off,0.1602756214396054,1.0,0.2710619931618473,0.4149644134139608,1.2709909031120266
965,212,12ed86139ce1a5fc,Lung Opacity,on,0.1602756214396054,1.0,0.4732555155995411,0.6424471146470918,0.9962583011924036
966,228,63dd77962bfc8ea6,Lung Opacity,off,0.1743636974986477,1.0,0.1970833441775325,0.3249252485655907,0.9268114889910268
966,228,63dd77962bfc8ea6,Lung Opacity,on,0.1743636974986477,1.0,0.3025826544864621,0.4645756588862803,0.6906801210937201
967,303,d58d7cf71038f221,Lung Opacity,off,0.1676242270075874,1.0,0.2488781581886093,0.395730296237892,1.6001508519214294
967,303,d58d7cf71038f221,Lung Opacity,on,0.1676242270075874,1.0,0.1873146779052924,0.315523934434188,1.5153569057337015
968,341,35d739886f487191,Lung Opacity,off,0.171215687421117,1.0,0.3625549762518988,0.5081707840819257,2.598982422012806
968,341,35d739886f487191,Lung Opacity,on,0.171215687421117,1.0,0.1322796622079901,0.2336324002452455,2.497738341276307
969,408,2a3bfc4860febc31,Lung Opacity,off,0.1004975415308295,1.0,0.3723849040953977,0.540213892559658,3.293161338641515
969,408,2a3bfc4860febc31,Lung Opacity,on,0.1004975415308295,1.0,0.1258462840689362,0.2235409514053924,3.3421855259174014
970,463,b2bfd15dcfd7db56,Lung Opacity,off,0.162244346008216,1.0,0.3364089901124741,0.4976489174211966,1.2713032438139604
970,463,b2bfd15dcfd7db56,Lung Opacity,on,0.162244346008216,1.0,0.4677751486385674,0.6373810732147505,0.9759255216906874
971,484,64f6247382eddc70,Lung Opacity,off,0.1579901466309957,1.0,0.2535378899701209,0.3935007250881848,2.37633279676996
971,484,64f6247382eddc70,Lung Opacity,on,0.1579901466309957,1.0,0.1062713337412112,0.1921072866468011,2.543880972259584
972,513,182d40fcb761e39f,Lung Opacity,off,0.1625464770063691,1.0,0.1701671423544331,0.2822128518394927,2.494011330706426
972,513,182d40fcb761e39f,Lung Opacity,on,0.1625464770063691,1.0,0.1167655107640669,0.2091018011703281,2.534237851696578
973,516,c252c9f0e3946a5b,Lung Opacity,off,0.1393359940353493,1.0,0.4474689159350425,0.6113723983440861,2.0041666703935643
973,516,c252c9f0e3946a5b,Lung Opacity,on,0.1393359940353493,1.0,0.6816594062716582,0.8106970659296436,1.784237241542337
974,524,d96d19a010e9b5ec,Lung Opacity,off,0.131446476519061,1.0,0.3750177751691559,0.533108447921021,1.3387889379240732
974,524,d96d19a010e9b5ec,Lung Opacity,on,0.131446476519061,1.0,0.5226408128609675,0.6864918179912624,1.3700235993214975
975,525,a2e340bc6f6d2fe6,Lung Opacity,off,0.124906802333231,1.0,0.3998210268703867,0.5601892183860693,1.6901342036618654
975,525,a2e340bc6f6d2fe6,Lung Opacity,on,0.124906802333231,1.0,0.6253722785011491,0.7695126642373109,1.6576023086306744
976,527,0dadd1025949721e,Lung Opacity,off,0.1221340194630839,1.0,0.5768349818052556,0.7150967200272278,3.379779444542864
976,527,0dadd1025949721e,Lung Opacity,on,0.1221340194630839,1.0,0.2591892230524502,0.4116434188823256,3.240922412741002
977,537,69854d4fd80a2c6a,Lung Opacity,off,0.1668055494642047,1.0,0.325487279575336,0.4882560834730109,1.8899113028075252
977,537,69854d4fd80a2c6a,Lung Opacity,on,0.1668055494642047,1.0,0.2444688223579091,0.3928767051644889,1.796276155658656
978,557,855d0b6a55e9d1b2,Lung Opacity,off,0.1460754645264096,1.0,0.2829120277054256,0.4294330623807609,1.3437042749239487
978,557,855d0b6a55e9d1b2,Lung Opacity,on,0.1460754645264096,1.0,0.4711856347874534,0.6405496301054139,0.9917428034749368
979,567,02a86431f9853461,Lung Opacity,off,0.1616595763343713,1.0,0.2730768502086254,0.4202741878759046,1.8896742950597765
979,567,02a86431f9853461,Lung Opacity,on,0.1616595763343713,1.0,0.1628919817073843,0.2801403479779006,2.004361744688448
980,571,dd8625df6eb2922e,Lung Opacity,off,0.1560945182716157,1.0,0.3745104032237825,0.5297183446843882,3.09353942547567
980,571,dd8625df6eb2922e,Lung Opacity,on,0.1560945182716157,1.0,0.0876351262284581,0.1611425003197691,2.5318780481661314
981,610,c16642274f26f0b5,Lung Opacity,off,0.1196731137523208,0.0,0.2555498944452583,0.4023364196550008,1.1912755442711325
981,610,c16642274f26f0b5,Lung Opacity,on,0.1196731137523208,0.0,0.33167252235241,0.4981284297558209,1.161259488583538
982,613,b01d229a4ee33bdf,Lung Opacity,off,0.1408856336710378,1.0,0.2550911358936915,0.4002786504209785,1.4566303582606182
982,613,b01d229a4ee33bdf,Lung Opacity,on,0.1408856336710378,1.0,0.4834089437784893,0.651718230202912,1.0482506009072292
983,647,b77f5518c6ea21c5,Lung Opacity,off,0.1174363697498647,1.0,0.3808344584919689,0.5478776547643716,2.7514741163917904
983,647,b77f5518c6ea21c5,Lung Opacity,on,0.1174363697498647,1.0,0.1837070192426076,0.3103534776239431,3.190742596817392
984,650,709345d40ed87430,Lung Opacity,off,0.1356665643319737,1.0,0.4015500294101238,0.5689025063071714,1.679990244324764
984,650,709345d40ed87430,Lung Opacity,on,0.1356665643319737,1.0,0.3583928523520205,0.5276323357677911,1.5997716909095498
985,667,10e6d128b671bab0,Lung Opacity,off,0.1543158438470047,0.0,0.177583364702283,0.2995930185743766,0.3145271977464752
985,667,10e6d128b671bab0,Lung Opacity,on,0.1543158438470047,0.0,0.2156029498045661,0.3547240399617219,0.4491249653997478
986,701,31a354fdbc7b6e02,Lung Opacity,off,0.1420990307442656,1.0,0.4093445698319556,0.578434772581106,1.6743982490462597
986,701,31a354fdbc7b6e02,Lung Opacity,on,0.1420990307442656,1.0,0.5245529396426848,0.688139461999578,1.4520841554956456
987,704,77b2f5c6347ade66,Lung Opacity,off,0.1565720801719222,1.0,0.3596392242586964,0.528309288763573,1.5038976091965737
987,704,77b2f5c6347ade66,Lung Opacity,on,0.1565720801719222,1.0,0.2582870833875601,0.4105317419677658,1.3261817466385188
988,732,a70b2bd05171ee4d,Lung Opacity,off,0.194416424230906,1.0,0.2685272736090093,0.4231586614656326,0.882345654088967
988,732,a70b2bd05171ee4d,Lung Opacity,on,0.194416424230906,1.0,0.2774134253934717,0.4343343320588904,0.6802880703485071
989,738,58d11e3c99f8ae62,Lung Opacity,off,0.1234838627935421,1.0,0.4006244966957882,0.5720448573007877,1.9478242455080608
989,738,58d11e3c99f8ae62,Lung Opacity,on,0.1234838627935421,1.0,0.3759257568275029,0.5464213508129673,2.225320998057632
990,754,4cdac0e50b3d5fd9,Lung Opacity,off,0.1495061132796319,1.0,0.3956478311933488,0.5643220055054723,1.289289883339602
990,754,4cdac0e50b3d5fd9,Lung Opacity,on,0.1495061132796319,1.0,0.4678178732149572,0.6374304931276764,1.070721242238637
991,776,76217cc90ae0671a,Lung Opacity,off,0.1498715943257849,1.0,0.5689608581462512,0.7137719243216268,2.612214953561325
991,776,76217cc90ae0671a,Lung Opacity,on,0.1498715943257849,1.0,0.4378179777635177,0.6089588828832037,3.1573568344441103
992,798,0c5fba7cf760b0e4,Lung Opacity,off,0.1332787548304411,1.0,0.6067389210403945,0.7509497656593883,2.4290185230328487
992,798,0c5fba7cf760b0e4,Lung Opacity,on,0.1332787548304411,1.0,0.3617234308998183,0.531152209759669,3.3778956350243674
993,801,a6fa296cf657deb0,Lung Opacity,off,0.1291561286298359,1.0,0.363005713598409,0.528402405748013,2.402019055653178
993,801,a6fa296cf657deb0,Lung Opacity,on,0.1291561286298359,1.0,0.1352163806954874,0.2381942614432208,2.933660976962831
994,808,867eceaf4a60dbcf,Lung Opacity,off,0.1666983416906665,1.0,0.3975133345552996,0.5626768645057045,1.3184386716395908
994,808,867eceaf4a60dbcf,Lung Opacity,on,0.1666983416906665,1.0,0.4706814320817988,0.6400748209002011,0.984869866363386
995,813,da64c724c1148a3a,Lung Opacity,off,0.1553684292599252,0.0,0.1264529131540222,0.2170868974331419,2.349303069309048
995,813,da64c724c1148a3a,Lung Opacity,on,0.1553684292599252,0.0,0.0939325018686346,0.1717273131174519,2.554451778147069
996,817,c68b1cd7fdf50a21,Lung Opacity,off,0.1759571948598745,0.0,0.0912746986680355,0.1668390869578213,1.3954260869685269
996,817,c68b1cd7fdf50a21,Lung Opacity,on,0.1759571948598745,0.0,0.1026425124482713,0.1861754759823591,1.3402322777991782
997,829,41e2dbdd46e05066,Lung Opacity,off,0.1411585261854986,1.0,0.2289460025758828,0.3658201002439495,1.5036049616732683
997,829,41e2dbdd46e05066,Lung Opacity,on,0.1411585261854986,1.0,0.5411827403238704,0.7022801869355144,1.1506681638588478
998,838,baf23ac2df4ae881,Lung Opacity,off,0.1422306039208806,1.0,0.1770471441895587,0.291148812353464,2.728043570244351
998,838,baf23ac2df4ae881,Lung Opacity,on,0.1422306039208806,1.0,0.113418113090044,0.2037108244774229,2.755287821273619
999,843,4bd52de750502d8a,Lung Opacity,off,0.1613671914974489,1.0,0.2311463246508762,0.3732979780336755,0.4846923847589133
999,843,4bd52de750502d8a,Lung Opacity,on,0.1613671914974489,1.0,0.2268658038721028,0.3698272968645362,0.3965743239506932
1000,865,f5e97290ecc2f7f1,Lung Opacity,off,0.200995083061659,1.0,0.1202799402199686,0.2100888251326999,2.0420365070880035
1000,865,f5e97290ecc2f7f1,Lung Opacity,on,0.200995083061659,1.0,0.1298039844453018,0.2297629916102958,2.25985189818976
1001,870,0c97e3818d27ed1a,Lung Opacity,off,0.1276211082359935,1.0,0.5439729775356541,0.7014768680882655,2.3126414560625688
1001,870,0c97e3818d27ed1a,Lung Opacity,on,0.1276211082359935,1.0,0.34038087305872,0.5078364008142051,2.736433820656762
1002,881,cc807973eae70749,Lung Opacity,off,0.1137718131271045,1.0,0.2955787825311999,0.4526504996208147,3.3418465638485464
1002,881,cc807973eae70749,Lung Opacity,on,0.1137718131271045,1.0,0.1629506005423055,0.2802284755082757,3.1207774267855
1003,882,ec62b90d012a7f36,Lung Opacity,off,0.1317437344365988,1.0,0.270573104321193,0.4217407603099399,2.148735909236045
1003,882,ec62b90d012a7f36,Lung Opacity,on,0.1317437344365988,1.0,0.1970412414202484,0.3291732745940315,2.9752164217089723
1004,894,3353c04b904316c9,Lung Opacity,off,0.1434196355910315,1.0,0.2538085054634902,0.3869154024467252,2.435576115632583
1004,894,3353c04b904316c9,Lung Opacity,on,0.1434196355910315,1.0,0.1747610946166697,0.2974180850376356,2.9110831747716706
1005,914,f780b938a0599c9d,Lung Opacity,off,0.1700900057989659,1.0,0.0985194268344137,0.1767352504363581,2.21273877159188
1005,914,f780b938a0599c9d,Lung Opacity,on,0.1700900057989659,1.0,0.0872871107352884,0.160554460481723,2.3949210687238387
1006,989,ad9ff444d7023459,Lung Opacity,off,0.1455150602556418,1.0,0.5662736163840153,0.7225658334618801,2.423864425785682
1006,989,ad9ff444d7023459,Lung Opacity,on,0.1455150602556418,1.0,0.4847801403837692,0.6529694401772719,3.270237507253132
1007,1010,da98b885287c0f5e,Lung Opacity,off,0.1297019136587576,1.0,0.4652577871320901,0.6282194021694151,1.7699855136023124
1007,1010,da98b885287c0f5e,Lung Opacity,on,0.1297019136587576,1.0,0.6499617123815762,0.7878386249554024,1.4693985496034168
1008,1018,163cee564a6cfc12,Lung Opacity,off,0.1587454741263784,1.0,0.0940406487374893,0.1700570194268732,2.792041752667382
1008,1018,163cee564a6cfc12,Lung Opacity,on,0.1587454741263784,1.0,0.0586737701231089,0.1108425665105632,2.442499118121501
1009,1023,561ab0f3de7db10c,Lung Opacity,off,0.2070279568634904,0.0,0.1691285040615912,0.2880913973150552,0.9316458082738538
1009,1023,561ab0f3de7db10c,Lung Opacity,on,0.2070279568634904,0.0,0.1306487005117085,0.2311039549642689,0.542317381664126
1010,1032,3648bbc08abfe9fb,Lung Opacity,off,0.1185328128883236,1.0,0.4942715052939276,0.6581166754336797,2.752887672286904
1010,1032,3648bbc08abfe9fb,Lung Opacity,on,0.1185328128883236,1.0,0.3098078386983823,0.4730103599491422,3.4223319072610456
1011,1059,4e6b02da4dcc915f,Lung Opacity,off,0.2190839583059222,0.0,0.0808411641861258,0.1487992871848971,1.457221537788505
1011,1059,4e6b02da4dcc915f,Lung Opacity,on,0.2190839583059222,0.0,0.0874835535080319,0.1608888084825883,1.54700721540493
1012,1071,d2d1c6634af7be5d,Lung Opacity,off,0.2117158604154788,1.0,0.2432280489612829,0.3901777279043626,1.1672971312361933
1012,1071,d2d1c6634af7be5d,Lung Opacity,on,0.2117158604154788,1.0,0.2589687354539077,0.4113937143732068,0.8362447322603755
1013,1087,b2249a0431083ac3,Lung Opacity,off,0.1790662202924823,1.0,0.4170884580967682,0.5869138425077786,1.4944500828339045
1013,1087,b2249a0431083ac3,Lung Opacity,on,0.1790662202924823,1.0,0.4661953932911858,0.6359232125010349,1.0645740377386737
1014,1099,7bc2cc696d4337d2,Lung Opacity,off,0.1336344897153633,1.0,0.4253167258938684,0.5925419158068703,2.7752670985776056
1014,1099,7bc2cc696d4337d2,Lung Opacity,on,0.1336344897153633,1.0,0.1851864789406603,0.3124843129554291,2.930735246101624
1015,1117,e1d459756f1b3518,Lung Opacity,off,0.1358907260402808,1.0,0.3822818586761002,0.5259845998289555,2.2143700681920024
1015,1117,e1d459756f1b3518,Lung Opacity,on,0.1358907260402808,1.0,0.3508528719235503,0.5193799775700777,3.249602125439828
1016,1132,a7f9e47fecee141b,Lung Opacity,off,0.1595154208636073,1.0,0.3339897871868163,0.500013611297848,1.226831446724428
1016,1132,a7f9e47fecee141b,Lung Opacity,on,0.1595154208636073,1.0,0.3623050707601973,0.5319000376225181,1.0194272804463758
1017,953,e85aa1af55a864a7,Consolidation,off,0.1591353205756082,1.0,0.4063581897585168,0.5723042599190036,2.187459120940822
1017,953,e85aa1af55a864a7,Consolidation,on,0.1591353205756082,1.0,0.3465386566013137,0.5146987984564616,2.511173207188728
1018,490,59455916e32ce344,Lung Opacity,off,0.2136358541779356,1.0,0.1115214624261745,0.1960654366011808,2.044011804058798
1018,490,59455916e32ce344,Lung Opacity,on,0.2136358541779356,1.0,0.065359052012875,0.1226947550790125,2.0827645364799685
1019,680,af3ebc6f5b2639d8,Consolidation,off,0.1644323592045183,1.0,0.469692973358871,0.6390710470907994,1.7494770951673184
1019,680,af3ebc6f5b2639d8,Consolidation,on,0.1644323592045183,1.0,0.479597708694383,0.6482795609917378,1.5281719347600644
1020,892,9b7143602c54f938,Consolidation,off,0.1543938131368507,1.0,0.5345509292193276,0.6956393105506692,2.0111608940555072
1020,892,9b7143602c54f938,Consolidation,on,0.1543938131368507,1.0,0.493775825720738,0.6610985333064185,1.9764777806749037
1021,1114,5287b5a18fe396fa,Consolidation,off,0.1563576646248458,1.0,0.5584437646206641,0.7162260369977693,2.267740547944103
1021,1114,5287b5a18fe396fa,Consolidation,on,0.1563576646248458,1.0,0.5156053990090971,0.6803920489052507,1.9463959599095828
1022,458,8210c0794bf934d5,Consolidation,off,0.1300479023824491,1.0,0.2777162783475022,0.4331299659259555,2.1452781684731765
1022,458,8210c0794bf934d5,Consolidation,on,0.1300479023824491,1.0,0.2066732759179343,0.3425393583782954,2.841273315403062
1023,867,4ee7651e8cc5fac7,Lung Opacity,off,0.1842901627121617,1.0,0.1510940212766761,0.2579200614696169,1.8229894555350636
1023,867,4ee7651e8cc5fac7,Lung Opacity,on,0.1842901627121617,1.0,0.1411034368903276,0.2473019354968635,2.261955131555215
1024,27,0963775551c15d7a,Consolidation,off,0.1380300084304294,1.0,0.3971151924558219,0.5678505866885655,2.521975212282955
1024,27,0963775551c15d7a,Consolidation,on,0.1380300084304294,1.0,0.2560866782257099,0.4077411674937052,2.839685474699688
1025,443,47bc38c2af99e042,Lung Opacity,off,0.172706850089421,1.0,0.2052033081788967,0.3330211806991907,2.335710865809028
1025,443,47bc38c2af99e042,Lung Opacity,on,0.172706850089421,1.0,0.121546601067553,0.2167434181116059,2.3632688228238674
1026,1067,e84b241dfd2370bb,Consolidation,off,0.1645785516229795,1.0,0.5306394800803529,0.6926195470951537,1.946836057250386
1026,1067,e84b241dfd2370bb,Consolidation,on,0.1645785516229795,1.0,0.5188196537354737,0.6831820281279051,1.9032273056454012
1027,572,2a154d96440d534f,Lung Opacity,off,0.1499203251319386,1.0,0.5690530946969614,0.7241212506726107,2.164225814345616
1027,572,2a154d96440d534f,Lung Opacity,on,0.1499203251319386,1.0,0.6017716106471452,0.7513814140122049,2.149350307319472
1028,1143,10c2f530cb8f51fd,Consolidation,off,0.1514602186063964,1.0,0.5087119366823238,0.6620970566138978,2.2758163815657317
1028,1143,10c2f530cb8f51fd,Consolidation,on,0.1514602186063964,1.0,0.7488655271968535,0.8564013963930991,2.399106433955806
1029,379,5a7d7262a11a2c20,Consolidation,off,0.1648173325731327,0.0,0.1777781143063662,0.3008301382972089,1.5463546361034717
1029,379,5a7d7262a11a2c20,Consolidation,on,0.1648173325731327,0.0,0.1925399290126106,0.3229048678337014,1.591566229747131
1030,709,2de53fac8a1b349f,Consolidation,off,0.094279490665614,1.0,0.3797795802550815,0.5468784655410711,1.0362686953977671
1030,709,2de53fac8a1b349f,Consolidation,on,0.094279490665614,1.0,0.374481302775541,0.544899803110362,1.0296495599439384
1031,547,3b2b31b61fa0372a,Lung Opacity,off,0.1693298052229678,1.0,0.5624467358337417,0.7109665934837548,2.3825596600925825
1031,547,3b2b31b61fa0372a,Lung Opacity,on,0.1693298052229678,1.0,0.7460529008194102,0.8545582546775824,2.204683897166317
1032,786,05002b2b0885808c,Lung Opacity,off,0.1581948160168413,1.0,0.5783501171032411,0.7296494347635193,2.273811640209633
1032,786,05002b2b0885808c,Lung Opacity,on,0.1581948160168413,1.0,0.6972084229380399,0.8215930008915338,1.9277429864001303
1033,759,99e540e33016898d,Consolidation,off,0.1377424966741224,1.0,0.2301704669998842,0.3707691766265029,2.560024005053272
1033,759,99e540e33016898d,Consolidation,on,0.1377424966741224,1.0,0.1146622123892439,0.2057284132179656,2.742428225667389
1034,589,ec7f48cbd6ef8211,Lung Opacity,off,0.1236398013732341,0.0,0.2438891337708703,0.3897879727816456,2.4474409666690806
1034,589,ec7f48cbd6ef8211,Lung Opacity,on,0.1236398013732341,0.0,0.1404752513627811,0.2463270262790719,2.989763993596407
1035,1129,6febfbb83df0148b,Lung Opacity,off,0.1328547968169037,1.0,0.4125019680458114,0.5811087101569287,3.234886614508365
1035,1129,6febfbb83df0148b,Lung Opacity,on,0.1328547968169037,1.0,0.210579399059799,0.34789284428826,2.933638076791936
1036,806,3f86260cf64dcb05,Lung Opacity,off,0.1481806353522506,0.0,0.4172897069710804,0.5871343094149817,1.9239383999641424
1036,806,3f86260cf64dcb05,Lung Opacity,on,0.1481806353522506,0.0,0.4528392223271491,0.623384154746315,2.1114480074562043
1037,44,1468a545136dd5ba,Consolidation,off,0.1294728788698351,1.0,0.4382549540396604,0.6073728687953744,2.398055948583833
1037,44,1468a545136dd5ba,Consolidation,on,0.1294728788698351,1.0,0.3301666286474461,0.4964110855734345,3.2373168786908333
1038,485,be773e0028215e81,Consolidation,off,0.1145563791061795,1.0,0.4603805703653377,0.6301626403250742,1.3007221031745797
1038,485,be773e0028215e81,Consolidation,on,0.1145563791061795,1.0,0.415242931256832,0.586811308196434,1.1048529501465214
1039,949,9728ddeca70a3995,Lung Opacity,off,0.1778771886223313,1.0,0.5821312295238545,0.73527050827038,2.32154798351257
1039,949,9728ddeca70a3995,Lung Opacity,on,0.1778771886223313,1.0,0.5086562492391852,0.6743145555682679,1.9931660040092407
1040,690,1ebc12624450b252,Lung Opacity,off,0.185942137040773,1.0,0.1525505422649274,0.2545825559961238,2.27486178264374
1040,690,1ebc12624450b252,Lung Opacity,on,0.185942137040773,1.0,0.1003930679544455,0.1824514123444517,2.33751588423389
1041,662,4cc1fcdeed43b68a,Consolidation,off,0.1522106730211637,1.0,0.3993952265097731,0.5655873543694263,1.7369318902119435
1041,662,4cc1fcdeed43b68a,Consolidation,on,0.1522106730211637,1.0,0.5621318095338321,0.7196961037260007,1.3536755750703795
1042,773,d18833095a890c5d,Consolidation,off,0.1554366523885404,1.0,0.4443818650035226,0.614357945039293,1.8688121631165155
1042,773,d18833095a890c5d,Consolidation,on,0.1554366523885404,1.0,0.4676042690490614,0.6372269583711909,2.2390219872828885
1043,868,bb593e75db4ae1f1,Lung Opacity,off,0.1672295074777422,1.0,0.4898144336979376,0.6552683095204135,2.254640281600658
1043,868,bb593e75db4ae1f1,Lung Opacity,on,0.1672295074777422,1.0,0.2131754092648402,0.3514027714713728,2.2375954920510632
1044,703,42af86817a1fc686,Lung Opacity,off,0.1393895979221184,1.0,0.297751768394407,0.4587630402097614,1.3191940299208698
1044,703,42af86817a1fc686,Lung Opacity,on,0.1393895979221184,1.0,0.3035449818659008,0.4657221795444239,1.0919227271591203
1045,890,2e8a1d279ded7080,Consolidation,off,0.0969645580846843,1.0,0.6255410969237201,0.7666326112227185,2.5367138454734497
1045,890,2e8a1d279ded7080,Consolidation,on,0.0969645580846843,1.0,0.5959282191519132,0.7467767613620401,4.194762622638302
1046,259,f635afc2d61f85db,Lung Opacity,off,0.1288978553572211,1.0,0.6623957925394277,0.7877768142630084,3.2643485935228367
1046,259,f635afc2d61f85db,Lung Opacity,on,0.1288978553572211,1.0,0.3287396995740225,0.4947806196360302,3.2843747211853405
1047,637,529ec12b23c96a2e,Lung Opacity,off,0.1594471977349921,1.0,0.389578148596211,0.560627565998887,1.6721118047118453
1047,637,529ec12b23c96a2e,Lung Opacity,on,0.1594471977349921,1.0,0.3862625075628734,0.5572712639645547,1.4600716054488592
1048,926,0fec6a529bcfd2f9,Lung Opacity,off,0.1540380782519285,1.0,0.1605047143093345,0.2706880611319661,3.240352982442328
1048,926,0fec6a529bcfd2f9,Lung Opacity,on,0.1540380782519285,1.0,0.0700009566603795,0.1308411923465563,2.4957155268329148
1049,554,d11f8f5efb8b1d40,Consolidation,off,0.1405006603024234,1.0,0.5346821141563782,0.696648673468955,1.657159428425691
1049,554,d11f8f5efb8b1d40,Consolidation,on,0.1405006603024234,1.0,0.5211611153335642,0.6852132748095745,1.2550136803471743
1050,323,4c1c2fa84ef6dde3,Lung Opacity,off,0.1409441106384223,1.0,0.4031694794887395,0.5698752226479391,0.9690777751169104
1050,323,4c1c2fa84ef6dde3,Lung Opacity,on,0.1409441106384223,1.0,0.2513522055681981,0.401720520644173,0.8709249639756181
1051,624,840a379583bc3556,Consolidation,off,0.122933204684005,1.0,0.3160766081218457,0.4770779420459137,3.3449372806541056
1051,624,840a379583bc3556,Consolidation,on,0.122933204684005,1.0,0.0981016993687271,0.1786692751224369,2.909719702371477
1052,1115,3b7a9cf6b7b5b5ce,Lung Opacity,off,0.1251602025252303,0.0,0.0649838428837585,0.1157943963922037,1.4108362266770724
1052,1115,3b7a9cf6b7b5b5ce,Lung Opacity,on,0.1251602025252303,0.0,0.1372790673085329,0.2414066772553493,1.6487413918491538
1053,794,f351439061d5ad61,Lung Opacity,off,0.151494330170704,0.0,0.1855593783969283,0.297201441949018,2.325053500852843
1053,794,f351439061d5ad61,Lung Opacity,on,0.151494330170704,0.0,0.0903915174417827,0.1657826382915358,2.6124371833283857
1054,772,f4985731f315e372,Lung Opacity,off,0.1350623023356675,1.0,0.2621339985078181,0.4068518856185253,2.6912390707627765
1054,772,f4985731f315e372,Lung Opacity,on,0.1350623023356675,1.0,0.1484935713831549,0.2585795393203584,2.845966377270782
1055,1003,5e887ff332cd84e0,Consolidation,off,0.1446086672611825,1.0,0.4945903046809734,0.6605688352181291,2.580097482356561
1055,1003,5e887ff332cd84e0,Consolidation,on,0.1446086672611825,1.0,0.3676684001740831,0.5376476758105623,2.679810092346022
1056,562,dc0a4d5aa64453b1,Lung Opacity,off,0.1453152639504115,1.0,0.0347705932742392,0.0666530932178816,2.5732168750070783
1056,562,dc0a4d5aa64453b1,Lung Opacity,on,0.1453152639504115,1.0,0.0282546629539032,0.054955585437995,2.57382673299798
1057,1153,54499e14c7ac5da4,Lung Opacity,off,0.1473863232119449,1.0,0.2937996746854588,0.4523285915214384,1.591323714704534
1057,1153,54499e14c7ac5da4,Lung Opacity,on,0.1473863232119449,1.0,0.3364310973974634,0.5034753191686006,1.5928934924305187
1058,872,f7153e69885c5835,Lung Opacity,off,0.1691446281595836,0.0,0.1972029403155417,0.3287758531242671,1.4930022573788837
1058,872,f7153e69885c5835,Lung Opacity,on,0.1691446281595836,0.0,0.2018439175277899,0.3358899276900632,1.3059114534484548
1059,947,e82691ac1caaca89,Lung Opacity,off,0.1451885638544118,1.0,0.3548326120150431,0.5148821301569053,1.5833787885496948
1059,947,e82691ac1caaca89,Lung Opacity,on,0.1451885638544118,1.0,0.5847424634067028,0.7379585568706339,1.3873967521510298
1060,623,6fc49d603a768803,Consolidation,off,0.1079631010335804,1.0,0.4424463588025343,0.6124755093988014,2.2241147460804367
1060,623,6fc49d603a768803,Consolidation,on,0.1079631010335804,1.0,0.3862630605476712,0.5572528238873558,2.78510690796358
1061,687,a08261c925ff8d87,Consolidation,off,0.1559483258531546,0.0,0.1848369016496715,0.306518061244644,1.5907141194835333
1061,687,a08261c925ff8d87,Consolidation,on,0.1559483258531546,0.0,0.1821731882959056,0.3081175067505559,2.491472469129988
1062,849,e657132d289a3d51,Lung Opacity,off,0.1458171912537949,0.0,0.1660725035562785,0.2820044963401499,2.6641841321092548
1062,849,e657132d289a3d51,Lung Opacity,on,0.1458171912537949,0.0,0.0826868401264601,0.1527405802680943,2.6141434552378744
1063,495,15f6bb902a2c959a,Consolidation,off,0.1133673474360286,1.0,0.6703789056654139,0.8003107558827104,2.973490386283057
1063,495,15f6bb902a2c959a,Consolidation,on,0.1133673474360286,1.0,0.4181743544125504,0.5897174029873044,3.730433039274675
1064,1108,1ae4a6386bc83344,Lung Opacity,off,0.1325283004156738,1.0,0.5241907811414055,0.6831528930134927,2.731497770876141
1064,1108,1ae4a6386bc83344,Lung Opacity,on,0.1325283004156738,1.0,0.3926350286235496,0.5638568711523506,3.2701798934634394
1065,835,63a0f8e87901b112,Lung Opacity,off,0.1891973548918419,0.0,0.1899151265508042,0.3184281782550481,1.3693474618436263
1065,835,63a0f8e87901b112,Lung Opacity,on,0.1891973548918419,0.0,0.1997736154064038,0.3330148599234627,1.125330747116292
1066,1120,770bcfbe59f7a3db,Pleural Effusion,off,0.1673415883318957,1.0,0.4311817982793225,0.6013141213371892,1.926948501823412
1066,1120,770bcfbe59f7a3db,Pleural Effusion,on,0.1673415883318957,1.0,0.4537110856270202,0.6242087431184273,1.894868779383528
1067,682,9e9dc881dce1f80f,Pleural Effusion,off,0.1664985453854363,1.0,0.6255526228060471,0.766795656833946,2.4203928020650944
1067,682,9e9dc881dce1f80f,Pleural Effusion,on,0.1664985453854363,1.0,0.4863476017442295,0.6544053187860219,2.8711427495464967
1068,501,afef2a64487ccc52,Pleural Effusion,off,0.1529318889522389,1.0,0.4523392655913766,0.6170702741105139,2.643645146131
1068,501,afef2a64487ccc52,Pleural Effusion,on,0.1529318889522389,1.0,0.2514268729040034,0.4017993007913863,2.815625412242228
1069,978,d4a24d57809210d6,Pleural Effusion,off,0.1582630391454565,1.0,0.3325073542889885,0.49898581803894,1.7819297685526525
1069,978,d4a24d57809210d6,Pleural Effusion,on,0.1582630391454565,1.0,0.2671407795467589,0.4216331420730874,1.8069867853411297
1070,902,ce6cc922e4733aa7,Pleural Effusion,off,0.1554805101140788,1.0,0.5415318782203624,0.7013400190547155,2.0833890321590305
1070,902,ce6cc922e4733aa7,Pleural Effusion,on,0.1554805101140788,1.0,0.4358027709668633,0.6070291235089347,2.327325612424647
1071,552,c8e12d7b589b5f7a,Pleural Effusion,off,0.1333177394753641,1.0,0.2974311834812218,0.4582917342157903,1.848677952439919
1071,552,c8e12d7b589b5f7a,Pleural Effusion,on,0.1333177394753641,1.0,0.2974700400298151,0.4585367696709609,2.289086527503371
1072,987,32858eb95ff67333,Pleural Effusion,off,0.1444137440365676,1.0,0.2363019824194204,0.3782989851444415,2.4718373130379305
1072,987,32858eb95ff67333,Pleural Effusion,on,0.1444137440365676,1.0,0.1564653580253947,0.2705846806756963,2.654243061185125
1073,1038,5e8fe2fa834e1c32,Pleural Effusion,off,0.1618008956722171,0.0,0.2490657489557496,0.3969732379063602,2.2315648775437062
1073,1038,5e8fe2fa834e1c32,Pleural Effusion,on,0.1618008956722171,0.0,0.1557712542992371,0.2695487400495585,2.5412279321741296
1074,555,f7c5f09b2030a7d8,Pleural Effusion,off,0.19093704467153,1.0,0.5192402557463226,0.6795009736398326,1.933605555195639
1074,555,f7c5f09b2030a7d8,Pleural Effusion,on,0.19093704467153,1.0,0.5977391492794272,0.748226097727445,1.26098403099398
1075,446,fe58ac10abaf8090,Pleural Effusion,off,0.1640132742715963,1.0,0.4416109005918465,0.6073233334857611,2.372366910583516
1075,446,fe58ac10abaf8090,Pleural Effusion,on,0.1640132742715963,1.0,0.2811146521876474,0.4388436721510453,2.633861430413909
1076,912,8aaec40bc7225327,Pleural Effusion,off,0.1674390499442032,1.0,0.4752022059722537,0.6357664737253556,2.031673747745541
1076,912,8aaec40bc7225327,Pleural Effusion,on,0.1674390499442032,1.0,0.5855582893972157,0.7386121782338037,1.7653084520857183
1077,686,d8cae75ce335777c,Pleural Effusion,off,0.1397745712907328,1.0,0.2994496084989374,0.4523006860833477,2.07677789199056
1077,686,d8cae75ce335777c,Pleural Effusion,on,0.1397745712907328,1.0,0.5971171798813389,0.7477302303449377,3.4238826567965126
1078,825,58646d9099d568d0,Pleural Effusion,off,0.1561968529645385,1.0,0.4950464637620165,0.6614995153492863,2.0339068852871365
1078,825,58646d9099d568d0,Pleural Effusion,on,0.1561968529645385,1.0,0.3447068734351723,0.5125868747965591,2.0568519589421754
1079,502,e067b5a011b6f780,Pleural Effusion,off,0.1253746180723067,1.0,0.6338823883709948,0.770684537434257,3.183527484063053
1079,502,e067b5a011b6f780,Pleural Effusion,on,0.1253746180723067,1.0,0.252808095007844,0.4035527992542629,3.1821899773003404
1080,932,9e90087f741b0a4b,Pleural Effusion,off,0.1548080249891573,1.0,0.2766729702180389,0.4332853691791253,1.5332178777894652
1080,932,9e90087f741b0a4b,Pleural Effusion,on,0.1548080249891573,1.0,0.2537288504614945,0.4047579377172415,1.4556034976928016
1081,1060,81bfaed24e14a36d,Pleural Effusion,off,0.1186790053067848,1.0,0.5045464212495595,0.6676982321383922,2.943509969476247
1081,1060,81bfaed24e14a36d,Pleural Effusion,on,0.1186790053067848,1.0,0.2916905173175456,0.4516266316034779,3.309545719837946
1082,818,c9073232c6d4b940,Pleural Effusion,off,0.1517282380402419,0.0,0.1204016043205331,0.2146605236380246,0.6576677474870398
1082,818,c9073232c6d4b940,Pleural Effusion,on,0.1517282380402419,0.0,0.1338356557850857,0.2360757650178373,0.4712491478173405
1083,941,ac76e72ff49a04d1,Pleural Effusion,off,0.1319484038224444,1.0,0.5130600133482635,0.6772035388628141,2.499347192381581
1083,941,ac76e72ff49a04d1,Pleural Effusion,on,0.1319484038224444,1.0,0.4306402472559755,0.6020109565489673,2.9501865188398053
1084,1128,43610d4623a4466c,Pleural Effusion,off,0.1236934052600032,1.0,0.4599702799403792,0.6228013550071658,2.954304739207698
1084,1128,43610d4623a4466c,Pleural Effusion,on,0.1236934052600032,1.0,0.187709115630756,0.3160613100375159,3.0849139455554844
1085,450,84aca73e6943a78c,Pleural Effusion,off,0.1549980751331569,0.0,0.2557094059128258,0.406286094361661,1.041618325429165
1085,450,84aca73e6943a78c,Pleural Effusion,on,0.1549980751331569,0.0,0.2906260832220904,0.4503644924195552,0.8160536027583846
1086,815,feaa3ea4b1fbccfb,Pleural Effusion,off,0.1247703560760005,1.0,0.3252781175587039,0.4901424982530088,0.8732931226245844
1086,815,feaa3ea4b1fbccfb,Pleural Effusion,on,0.1247703560760005,1.0,0.3733650347596563,0.5437214098539854,0.9695147329701308
1087,836,23122b420d5fe60e,Pleural Effusion,off,0.1347455520956683,1.0,0.4797737083557339,0.6476446578015975,2.1351455501891947
1087,836,23122b420d5fe60e,Pleural Effusion,on,0.1347455520956683,1.0,0.4718944892802559,0.6412029611627107,2.17761275901524
1088,730,d67867fe0018946f,Pleural Effusion,off,0.1535069124648529,1.0,0.4019177745884158,0.5732099158238785,2.137518331730725
1088,730,d67867fe0018946f,Pleural Effusion,on,0.1535069124648529,1.0,0.3195437630323602,0.4843167457247981,2.274200673000332
1089,908,df4705a92b5db9bf,Pleural Effusion,off,0.1734573045041884,0.0,0.2943713819524506,0.4539037082071971,1.687899554500113
1089,908,df4705a92b5db9bf,Pleural Effusion,on,0.1734573045041884,0.0,0.2791767024708406,0.4364907664541376,1.5485243490252991
1090,784,c10bc1f45238c893,Pleural Effusion,off,0.1503686485485529,1.0,0.5200439572859527,0.6813296970402969,2.5810484660014184
1090,784,c10bc1f45238c893,Pleural Effusion,on,0.1503686485485529,1.0,0.4474374891463591,0.618239284846906,2.8682837259089897
1091,997,67a2a858716143a1,Pleural Effusion,off,0.1335321550224405,1.0,0.3834511295284992,0.5436984263024117,1.9929292384478847
1091,997,67a2a858716143a1,Pleural Effusion,on,0.1335321550224405,1.0,0.3578205853963429,0.5270229859542517,2.438815216183146
1092,482,eb24fa44f568ccfa,Pleural Effusion,off,0.1321384539664439,1.0,0.5634765511364109,0.7148756535832362,2.440815205487849
1092,482,eb24fa44f568ccfa,Pleural Effusion,on,0.1321384539664439,1.0,0.581372167438354,0.735261923042119,2.686797688119309
1093,757,10ca37bd9be150be,Pleural Effusion,off,0.1556754333386937,1.0,0.3739145806711459,0.5414416369680204,1.5557726311789064
1093,757,10ca37bd9be150be,Pleural Effusion,on,0.1556754333386937,1.0,0.4874584454262013,0.6554229085577199,1.1612398077621633
1094,707,e3a24951af784f22,Pleural Effusion,off,0.1659235218728223,1.0,0.3588384276620573,0.5247437541749325,1.7140081681732242
1094,707,e3a24951af784f22,Pleural Effusion,on,0.1659235218728223,1.0,0.4236955309563153,0.5951983135486906,1.834803460455084
1095,566,47b9c4202e77cc1c,Pleural Effusion,off,0.1371236154359701,1.0,0.669576643985202,0.7984766843929487,3.044146463428843
1095,566,47b9c4202e77cc1c,Pleural Effusion,on,0.1371236154359701,1.0,0.1984275158927524,0.3311203397267736,2.9173138900161764
1096,994,a018d2ec2056ba13,Pleural Effusion,off,0.1556754333386937,1.0,0.3697008248948972,0.5385915681037969,1.1238297551305072
1096,994,a018d2ec2056ba13,Pleural Effusion,on,0.1556754333386937,1.0,0.403057066461629,0.5745403876080869,0.8383259749389289
1097,578,8250971e15436201,Pleural Effusion,off,0.1275967428329167,1.0,0.5080297201034989,0.6717938670394723,1.9230272335858567
1097,578,8250971e15436201,Pleural Effusion,on,0.1275967428329167,1.0,0.6129927944641241,0.7600679338104898,1.8251414877875105
1098,104,ec0760fc67ee339f,Pleural Effusion,off,0.1459731298334868,1.0,0.4864792972826632,0.6523254480296127,2.0088949095887627
1098,104,ec0760fc67ee339f,Pleural Effusion,on,0.1459731298334868,1.0,0.5164281774349587,0.681109107938866,2.0607837982182904
1099,821,31454ced59f57f9b,Pleural Effusion,off,0.1532876238371611,1.0,0.3122738587116797,0.4733666068742998,1.6832276864254645
1099,821,31454ced59f57f9b,Pleural Effusion,on,0.1532876238371611,1.0,0.3373861703735285,0.5045432240142335,1.5940656068333194
1100,1026,afd85468199ad4ac,Pleural Effusion,off,0.178944393277098,1.0,0.6012244453702336,0.7401416499354132,2.758556349653261
1100,1026,afd85468199ad4ac,Pleural Effusion,on,0.178944393277098,1.0,0.2787127977552168,0.4359015552940364,2.6208009394112968
1101,877,3cf6f3a36e63c3d7,Pleural Effusion,off,0.1348137752242835,1.0,0.4088680656910332,0.5803453607003234,2.0683972235188786
1101,877,3cf6f3a36e63c3d7,Pleural Effusion,on,0.1348137752242835,1.0,0.3573495022387348,0.5265377577673416,2.0580390934114963
1102,802,f642a9532e776fba,Pleural Effusion,off,0.1458171912537949,1.0,0.3613301313133467,0.5244508406304818,1.0709682985262607
1102,802,f642a9532e776fba,Pleural Effusion,on,0.1458171912537949,1.0,0.4629818287331522,0.6329282533951253,1.014002361233253
1103,573,10fee9feaffc9d67,Pleural Effusion,off,0.1678825002802021,1.0,0.3721620253806118,0.5384800393672956,2.18546701755262
1103,573,10fee9feaffc9d67,Pleural Effusion,on,0.1678825002802021,1.0,0.2770896430764448,0.433920761847398,2.321696489558282
1104,1064,1b4b246fc1934132,Pleural Effusion,off,0.1275723774298398,1.0,0.3467175279109232,0.5147291995991072,1.6717965258651828
1104,1064,1b4b246fc1934132,Pleural Effusion,on,0.1275723774298398,1.0,0.3822325699805419,0.553065482879512,1.536773371844867
1105,917,8544f40e972ffb8b,Pleural Effusion,off,0.1733257313275733,1.0,0.2790204952092546,0.4345365848826897,0.8048542472928367
1105,917,8544f40e972ffb8b,Pleural Effusion,on,0.1733257313275733,1.0,0.3189398184689158,0.4836284342962284,0.6364390518924615
1106,1110,cbfeb2200c7693e3,Pleural Effusion,off,0.1201263102495504,1.0,0.2310975642653951,0.3715286302538207,1.3209513825137946
1106,1110,cbfeb2200c7693e3,Pleural Effusion,on,0.1201263102495504,1.0,0.3372921881465708,0.50443286192596,1.2235215462774545
1107,611,90ba30781590a8c3,Pleural Effusion,off,0.1602999868426823,1.0,0.4247643382983094,0.5932228253366312,2.356616812827798
1107,611,90ba30781590a8c3,Pleural Effusion,on,0.1602999868426823,1.0,0.2667335342171547,0.4211114562080689,2.782037268453152
1108,349,6b56d0dbc96e87a3,Pleural Effusion,off,0.1382639162999673,1.0,0.4208816139955112,0.5911981080032066,1.657035747698622
1108,349,6b56d0dbc96e87a3,Pleural Effusion,on,0.1382639162999673,1.0,0.3903978815062756,0.561555403270531,1.413625050686786
1109,896,71c224d9e56d6796,Pleural Effusion,off,0.1475373887110214,1.0,0.4288068232471922,0.5998806029933968,1.799696723692341
1109,896,71c224d9e56d6796,Pleural Effusion,on,0.1475373887110214,1.0,0.4551581371123642,0.6255788500871147,1.4772413577496402
1110,973,87f24fde5f11ea3e,Pleural Effusion,off,0.1581850698556106,1.0,0.4822889738271901,0.6500708416988525,2.1927158145208403
1110,973,87f24fde5f11ea3e,Pleural Effusion,on,0.1581850698556106,1.0,0.3366407694953056,0.5036961447631159,2.151533947497624
1111,1130,c447627e22128f05,Pleural Effusion,off,0.1265051727750732,1.0,0.5720392556891332,0.7245364197764448,2.1443882005114543
1111,1130,c447627e22128f05,Pleural Effusion,on,0.1265051727750732,1.0,0.6383540878643826,0.7792482751117167,2.935285048244647
1112,519,cb23f15188ae0ac0,Pleural Effusion,off,0.1370407730655088,1.0,0.3388362297644978,0.5028727038414896,1.3354573772193563
1112,519,cb23f15188ae0ac0,Pleural Effusion,on,0.1370407730655088,1.0,0.2833740202721775,0.4415757683375079,1.294013042539264
1113,500,962c6a113118443b,Pleural Effusion,off,0.170850206374964,1.0,0.1256039645669679,0.2226931412857423,1.03738009301531
1113,500,962c6a113118443b,Pleural Effusion,on,0.170850206374964,1.0,0.1364535498310925,0.2401362320592656,0.6733339879594052
1114,529,4881147b3065f434,Pleural Effusion,off,0.1426984196599564,1.0,0.148773871377033,0.2582027843388986,0.4900862717027399
1114,529,4881147b3065f434,Pleural Effusion,on,0.1426984196599564,1.0,0.1962992758687012,0.3281763644142007,0.4187849111204482
1115,545,f2c7ecc55cd16fef,Pleural Effusion,off,0.1683356967774318,1.0,0.2675581028727286,0.4216595857939159,1.1118024066649896
1115,545,f2c7ecc55cd16fef,Pleural Effusion,on,0.1683356967774318,1.0,0.2693273521055156,0.4243618005702652,0.8200002221804561
1116,669,740b1c37f34a8265,Pleural Effusion,off,0.174368570579263,1.0,0.5413735567939612,0.7018492503403081,2.3551829215549214
1116,669,740b1c37f34a8265,Pleural Effusion,on,0.174368570579263,1.0,0.4820230347427225,0.6504823540883405,2.3884881869321166
1117,509,8c310bf79d9599ea,Pleural Effusion,off,0.1524348347294709,1.0,0.2387927432505254,0.3851238338925492,1.3967046277995232
1117,509,8c310bf79d9599ea,Pleural Effusion,on,0.1524348347294709,1.0,0.1768794279072084,0.3005849883382719,1.1751559939928031
1118,614,3ff4d9de646f6970,Pleural Effusion,off,0.1857374676549274,1.0,0.3904791352920727,0.5473620791641127,2.3557461159826514
1118,614,3ff4d9de646f6970,Pleural Effusion,on,0.1857374676549274,1.0,0.2358286047736601,0.3815625820347038,2.567693738862306
1119,893,52aac5703e299bfb,Pleural Effusion,off,0.1191858056907835,1.0,0.273061474216046,0.428947692327413,1.2118950223521523
1119,893,52aac5703e299bfb,Pleural Effusion,on,0.1191858056907835,1.0,0.2612069443654495,0.4142173833261878,0.9304114171355548
1120,648,190a822f1a70e22b,Pleural Effusion,off,0.1359150914433577,1.0,0.1817480407370838,0.3072853192113749,1.0030562309816276
1120,648,190a822f1a70e22b,Pleural Effusion,on,0.1359150914433577,1.0,0.19808485832872,0.330668913700497,0.7465049177874912
1121,622,7e26ed073019eeec,Pleural Effusion,off,0.2027493920831932,1.0,0.1765729383240011,0.298650644653264,1.6717920170316758
1121,622,7e26ed073019eeec,Pleural Effusion,on,0.2027493920831932,1.0,0.1479462480763466,0.2577570789967934,1.4996730879846425
1122,985,69b9494d1f0e2086,Pleural Effusion,off,0.0988553133634489,1.0,0.6858534936376166,0.8110636729290046,2.772180952936304
1122,985,69b9494d1f0e2086,Pleural Effusion,on,0.0988553133634489,1.0,0.5345597559578331,0.6966625904642417,4.523764899542583
1123,698,9cbffc87224139e9,Pleural Effusion,off,0.1634772354039053,1.0,0.3567882765775851,0.5254446722369174,1.840594585540398
1123,698,9cbffc87224139e9,Pleural Effusion,on,0.1634772354039053,1.0,0.2883094406938703,0.4475590932776498,1.7933351493778955
1124,553,e1f7ee22e5418faf,Pleural Effusion,off,0.1161206379837141,1.0,0.5884011411713184,0.7400786033749842,2.964008734094259
1124,553,e1f7ee22e5418faf,Pleural Effusion,on,0.1161206379837141,1.0,0.4332022177076292,0.604513084360087,3.464973399532408
1125,1051,7c1be6b3516ee49b,Pleural Effusion,off,0.1373623963861234,1.0,0.1660178591835175,0.2804912435057053,1.1798303541908577
1125,1051,7c1be6b3516ee49b,Pleural Effusion,on,0.1373623963861234,1.0,0.3186960088353009,0.4833471086912908,0.9336460847808896
1126,422,9edec8e40744cdcb,Pleural Effusion,off,0.1587162356426862,1.0,0.4703730797664027,0.63823013329661,1.9350214769692864
1126,422,9edec8e40744cdcb,Pleural Effusion,on,0.1587162356426862,1.0,0.4847449393057258,0.6529660182723479,1.9740193632947989
1127,1106,ae35c1b279e0edab,Pleural Effusion,off,0.194952463098597,1.0,0.4332907286046359,0.5936133088799547,2.319984362511568
1127,1106,ae35c1b279e0edab,Pleural Effusion,on,0.194952463098597,1.0,0.3594248794482847,0.5287605597842795,2.4886006534712326
1128,1061,2609a1069f715dcf,Pleural Effusion,off,0.15091930665809,1.0,0.5702583177689867,0.7244912095762133,2.488099373766629
1128,1061,2609a1069f715dcf,Pleural Effusion,on,0.15091930665809,1.0,0.5326020406867934,0.6950257902656747,2.4995425543812675
1129,996,405493f18077e437,Pleural Effusion,off,0.144720748115336,1.0,0.4274824671615601,0.5972447465135294,2.1783505994300856
1129,996,405493f18077e437,Pleural Effusion,on,0.144720748115336,1.0,0.2499525020506109,0.3998863269634977,2.3761294500329395
1130,455,d8cb15c8f3e169c6,Pleural Effusion,off,0.1206818414397029,1.0,0.349529525012942,0.5178216128563211,1.4641622284279103
1130,455,d8cb15c8f3e169c6,Pleural Effusion,on,0.1206818414397029,1.0,0.4434326128934043,0.6144134105976942,1.3958894814773752
1131,359,71e064315174ab07,Pleural Effusion,off,0.1402764985941162,1.0,0.2725883207701526,0.4228726373959926,2.806356179660073
1131,359,71e064315174ab07,Pleural Effusion,on,0.1402764985941162,1.0,0.1242820080734482,0.2210645630485559,2.8016550244465885
1132,799,568cdb13a6f3f611,Pleural Effusion,off,0.1689155933706611,1.0,0.3395031292786056,0.506049113689682,2.070117675682948
1132,799,568cdb13a6f3f611,Pleural Effusion,on,0.1689155933706611,1.0,0.2542189105022353,0.405377402037111,2.026943188774737
1133,851,dcfa47fe26c138af,Pleural Effusion,off,0.1721903035441915,1.0,0.3662071645835593,0.5236280421359842,1.4845518441313257
1133,851,dcfa47fe26c138af,Pleural Effusion,on,0.1721903035441915,1.0,0.5411430848449065,0.7022443592941141,1.1439802567210189
1134,642,20fb7eeeb458748f,Pleural Effusion,off,0.1520011305547027,1.0,0.2979223956690081,0.4562209711024487,1.164505832561596
1134,642,20fb7eeeb458748f,Pleural Effusion,on,0.1520011305547027,1.0,0.3749428434357753,0.5453905721669008,0.8281849415105912
1135,858,8c78043e308ff768,Pleural Effusion,off,0.1498374827614773,0.0,0.2544295035553906,0.4052800068751889,1.920301514279956
1135,858,8c78043e308ff768,Pleural Effusion,on,0.1498374827614773,0.0,0.2261983783693946,0.3689237595842236,2.573766891744913
1136,999,889e47cdf0777897,Pleural Effusion,off,0.1344775326618228,1.0,0.3383065206536595,0.5018736128254508,1.4219657155796124
1136,999,889e47cdf0777897,Pleural Effusion,on,0.1344775326618228,1.0,0.4518951630745764,0.6224879384732492,1.1037885359181634
1137,496,0a5891e034f34c59,Pleural Effusion,off,0.1534533085780838,1.0,0.2727511630772066,0.427310129518986,0.923567818053632
1137,496,0a5891e034f34c59,Pleural Effusion,on,0.1534533085780838,1.0,0.3126664062806207,0.4763808021922401,0.6419658781365837
1138,279,c4fc45e536c113f2,Pleural Effusion,off,0.1512750415430122,0.0,0.2834597804367905,0.4415731025653087,1.2324537077512503
1138,279,c4fc45e536c113f2,Pleural Effusion,on,0.1512750415430122,0.0,0.2995265124625392,0.4609776636034858,1.041632384017433
1139,833,ee687f9972a73784,Pleural Effusion,off,0.1481611430297891,1.0,0.6044120596534859,0.7531137273441311,2.304223607686014
1139,833,ee687f9972a73784,Pleural Effusion,on,0.1481611430297891,1.0,0.5672826753192644,0.7238115148573641,2.433178807703272
1140,1020,8632d4f4de11af44,Pleural Effusion,off,0.1423670501781111,1.0,0.2287338165013662,0.3716934566271678,0.5865922009775045
1140,1020,8632d4f4de11af44,Pleural Effusion,on,0.1423670501781111,1.0,0.2507279980649132,0.4009306452994482,0.4690176622043847
1141,731,20f77398fe1a3218,Pleural Effusion,off,0.148068554498097,1.0,0.4054453175148854,0.5738923094940888,1.6463110775689955
1141,731,20f77398fe1a3218,Pleural Effusion,on,0.148068554498097,1.0,0.4717883390487187,0.6411061505816793,1.6596301569742686
1142,520,260c63daecc7305f,Pleural Effusion,off,0.1492819515713248,1.0,0.3254764515585447,0.4900270899824693,0.8348361839412352
1142,520,260c63daecc7305f,Pleural Effusion,on,0.1492819515713248,1.0,0.3308341756398215,0.497178568428431,0.8698784228467243
1143,7,0d5f21fb4df88954,Pleural Effusion,off,0.1483122085288657,1.0,0.4383406825002506,0.6065495149797945,1.7488656698957206
1143,7,0d5f21fb4df88954,Pleural Effusion,on,0.1483122085288657,1.0,0.5425428126855909,0.7034391323830503,1.443208392387804
1144,521,565ebecef494a902,Pleural Effusion,off,0.1577172541165348,1.0,0.3854283077752628,0.5517394420352273,1.9128470288704376
1144,521,565ebecef494a902,Pleural Effusion,on,0.1577172541165348,1.0,0.4471985635550724,0.6180110801658099,2.2001451659374283
1145,558,3fb94454930d19a5,Pleural Effusion,off,0.124580305932001,1.0,0.365337293466813,0.533762387503619,1.1829661265921778
1145,558,3fb94454930d19a5,Pleural Effusion,on,0.124580305932001,1.0,0.3999818661085482,0.5714100112968947,0.9585974458122942
1146,651,1a5351e70d0cbdd0,Pleural Effusion,off,0.1506902718691675,1.0,0.2519813021844025,0.4011939980579542,1.2185875324050246
1146,651,1a5351e70d0cbdd0,Pleural Effusion,on,0.1506902718691675,1.0,0.2897531011601574,0.4493112090318016,0.9830988498499956
1147,1144,febea89507fcdc45,Pleural Effusion,off,0.1280791778138385,1.0,0.5044345579430022,0.6695106883598095,2.072710155161809
1147,1144,febea89507fcdc45,Pleural Effusion,on,0.1280791778138385,1.0,0.5390152201028062,0.7004675167279829,2.109595327529448
1148,1145,2b70b76440ded8f1,Pleural Effusion,off,0.1637647471602122,1.0,0.2835801175744431,0.4411864377296938,1.8219472273118296
1148,1145,2b70b76440ded8f1,Pleural Effusion,on,0.1637647471602122,1.0,0.2749692832497507,0.4313323502938287,2.0016345373119933
1149,568,52b20aee5d4f76ee,Pleural Effusion,off,0.1487459127036338,0.0,0.1483257853377458,0.2583322324420652,1.581663201391685
1149,568,52b20aee5d4f76ee,Pleural Effusion,on,0.1487459127036338,0.0,0.144619821925632,0.2526948383924199,1.5578094774614837
1150,559,5a33ba2940830d6f,Pleural Effusion,off,0.1480052044500972,1.0,0.3848696567331487,0.5556604484962169,1.5361161637851442
1150,559,5a33ba2940830d6f,Pleural Effusion,on,0.1480052044500972,1.0,0.380937505344031,0.5517080810175504,1.2759103756871144
1151,954,e2f669c274470f5c,Pleural Effusion,off,0.1259204031012285,0.0,0.0922681245082032,0.1680077109286239,0.8143148797727534
1151,954,e2f669c274470f5c,Pleural Effusion,on,0.1259204031012285,0.0,0.1172402443283208,0.2098738411080566,0.6672241671503691
1152,972,4898d16d1d823a18,Pleural Effusion,off,0.1635405854519051,0.0,0.1443178359101646,0.2509012386779125,1.0111988548426278
1152,972,4898d16d1d823a18,Pleural Effusion,on,0.1635405854519051,0.0,0.1641835432742289,0.2820549437591287,0.751546638961962
1153,1157,209063cca1683265,Pleural Effusion,off,0.182842857769396,1.0,0.3147185658150233,0.4781196177139063,1.4387230599995977
1153,1157,209063cca1683265,Pleural Effusion,on,0.182842857769396,1.0,0.3384580182181987,0.5057431857278345,1.0923016586497385
1154,924,d906968e0193010d,Pleural Effusion,off,0.2082998309041026,0.0,0.1041493082034156,0.1881726177019663,1.84537008347948
1154,924,d906968e0193010d,Pleural Effusion,on,0.2082998309041026,0.0,0.0955675111210342,0.174460736283334,2.0901937625487337
1155,528,713d2a70401f9f91,Pleural Effusion,off,0.1521034652476255,1.0,0.3109884612585238,0.4739365861088373,1.2648763118642017
1155,528,713d2a70401f9f91,Pleural Effusion,on,0.1521034652476255,1.0,0.3431070333984262,0.5109151457645322,1.0110645217772678
1156,1041,17fc39be1f836acc,Pleural Effusion,off,0.1125145583283384,1.0,0.5339430249566229,0.6948028790687553,2.191370955668773
1156,1041,17fc39be1f836acc,Pleural Effusion,on,0.1125145583283384,1.0,0.4310550603701223,0.6024179183838523,2.466831726763439
1157,546,e28ff1f3ca2eb126,Pleural Effusion,off,0.1610065835319113,1.0,0.4944673068584579,0.6583730645839302,1.6593780190037697
1157,546,e28ff1f3ca2eb126,Pleural Effusion,on,0.1610065835319113,1.0,0.5753238560461391,0.7304172621321594,1.32635216017506
1158,998,34e1b7bee389a237,Pleural Effusion,off,0.1497838788747082,1.0,0.3832707988950284,0.549595519734393,1.5005640794516013
1158,998,34e1b7bee389a237,Pleural Effusion,on,0.1497838788747082,1.0,0.4974459655997914,0.6643924456362071,1.0963193145468846
1159,769,7c0407d951784c3b,Pleural Effusion,off,0.1515674263799346,1.0,0.2798896964670522,0.4284893406055324,1.6925141975110656
1159,769,7c0407d951784c3b,Pleural Effusion,on,0.1515674263799346,1.0,0.572068681300045,0.7277783014115488,1.2332325195118536
1160,579,e0a3a3936bbceed3,Pleural Effusion,off,0.1764591221632579,1.0,0.3536437423277058,0.5121084949300709,1.3351728835950805
1160,579,e0a3a3936bbceed3,Pleural Effusion,on,0.1764591221632579,1.0,0.4906589983366012,0.6583023118781729,1.0051308719358636
1161,653,4137599a9ebd2c1b,Pleural Effusion,off,0.1616790686568328,1.0,0.1517027707570585,0.2620114864024582,0.8702602488540471
1161,653,4137599a9ebd2c1b,Pleural Effusion,on,0.1616790686568328,1.0,0.2236737867085107,0.3655597593959189,0.545784933748316
